o NONE
usemtl MaterialFBXASC032FBXASC03527
v -4.19999999223819e-8 -0.03539999946951866 -0.041999999433755875
v 0.0065045831725001335 -0.034797705709934235 -0.04200000688433647
v -4.800000041882413e-8 -0.03539999946951866 -0.04800000041723251
v -4.800000041882413e-8 -0.03539999946951866 -0.04800000041723251
v 0.0065045831725001335 -0.034797705709934235 -0.04200000688433647
v 0.0065045771189033985 -0.034797705709934235 -0.04800000786781311
v 0.0065045771189033985 -0.034797705709934235 -0.04800000786781311
v 0.0065045831725001335 -0.034797705709934235 -0.04200000688433647
v 0.0127878338098526 -0.03300975263118744 -0.04200001060962677
v 0.0065045771189033985 -0.034797705709934235 -0.04800000786781311
v 0.0127878338098526 -0.03300975263118744 -0.04200001060962677
v 0.012787827290594578 -0.03300975263118744 -0.04800001159310341
v 0.012787827290594578 -0.03300975263118744 -0.04800001159310341
v 0.0127878338098526 -0.03300975263118744 -0.04200001060962677
v 0.01863531395792961 -0.030097978189587593 -0.04200001806020737
v 0.012787827290594578 -0.03300975263118744 -0.04800001159310341
v 0.01863531395792961 -0.030097978189587593 -0.04200001806020737
v 0.018635308369994164 -0.030097978189587593 -0.048000019043684006
v 0.018635308369994164 -0.030097978189587593 -0.048000019043684006
v 0.01863531395792961 -0.030097978189587593 -0.04200001806020737
v 0.02384858764708042 -0.02616109885275364 -0.042000021785497665
v 0.018635308369994164 -0.030097978189587593 -0.048000019043684006
v 0.02384858764708042 -0.02616109885275364 -0.042000021785497665
v 0.023848582059144974 -0.02616109885275364 -0.048000022768974304
v 0.023848582059144974 -0.02616109885275364 -0.048000022768974304
v 0.02384858764708042 -0.02616109885275364 -0.042000021785497665
v 0.028250155970454216 -0.021333735436201096 -0.04200002923607826
v 0.023848582059144974 -0.02616109885275364 -0.048000022768974304
v 0.028250155970454216 -0.021333735436201096 -0.04200002923607826
v 0.02825015038251877 -0.021333735436201096 -0.0480000302195549
v 0.02825015038251877 -0.021333735436201096 -0.0480000302195549
v 0.028250155970454216 -0.021333735436201096 -0.04200002923607826
v 0.031688444316387177 -0.01577942632138729 -0.04200003296136856
v 0.02825015038251877 -0.021333735436201096 -0.0480000302195549
v 0.031688444316387177 -0.01577942632138729 -0.04200003296136856
v 0.03168843686580658 -0.01577942632138729 -0.0480000339448452
v 0.03168843686580658 -0.01577942632138729 -0.0480000339448452
v 0.031688444316387177 -0.01577942632138729 -0.04200003296136856
v 0.03404877707362175 -0.00968763418495655 -0.04200003296136856
v 0.03168843686580658 -0.01577942632138729 -0.0480000339448452
v 0.03404877707362175 -0.00968763418495655 -0.04200003296136856
v 0.03404876962304115 -0.00968763418495655 -0.0480000339448452
v 0.03404876962304115 -0.00968763418495655 -0.0480000339448452
v 0.03404877707362175 -0.00968763418495655 -0.04200003296136856
v 0.035249385982751846 -0.00326677318662405 -0.04200003296136856
v 0.03404876962304115 -0.00968763418495655 -0.0480000339448452
v 0.035249385982751846 -0.00326677318662405 -0.04200003296136856
v 0.03524937853217125 -0.00326677318662405 -0.0480000339448452
v 0.03524937853217125 -0.00326677318662405 -0.0480000339448452
v 0.035249385982751846 -0.00326677318662405 -0.04200003296136856
v 0.035249385982751846 0.00326677318662405 -0.04200003296136856
v 0.03524937853217125 -0.00326677318662405 -0.0480000339448452
v 0.035249385982751846 0.00326677318662405 -0.04200003296136856
v 0.03524937853217125 0.00326677318662405 -0.0480000339448452
v 0.03524937853217125 0.00326677318662405 -0.0480000339448452
v 0.035249385982751846 0.00326677318662405 -0.04200003296136856
v 0.03404877707362175 0.00968763418495655 -0.04200003296136856
v 0.03524937853217125 0.00326677318662405 -0.0480000339448452
v 0.03404877707362175 0.00968763418495655 -0.04200003296136856
v 0.03404876962304115 0.00968763418495655 -0.0480000339448452
v 0.03404876962304115 0.00968763418495655 -0.0480000339448452
v 0.03404877707362175 0.00968763418495655 -0.04200003296136856
v 0.031688444316387177 0.01577942632138729 -0.04200003296136856
v 0.03404876962304115 0.00968763418495655 -0.0480000339448452
v 0.031688444316387177 0.01577942632138729 -0.04200003296136856
v 0.03168843686580658 0.01577942632138729 -0.0480000339448452
v 0.03168843686580658 0.01577942632138729 -0.0480000339448452
v 0.031688444316387177 0.01577942632138729 -0.04200003296136856
v 0.028250155970454216 0.021333735436201096 -0.04200002923607826
v 0.03168843686580658 0.01577942632138729 -0.0480000339448452
v 0.028250155970454216 0.021333735436201096 -0.04200002923607826
v 0.02825015038251877 0.021333735436201096 -0.0480000302195549
v 0.02825015038251877 0.021333735436201096 -0.0480000302195549
v 0.028250155970454216 0.021333735436201096 -0.04200002923607826
v 0.02384858764708042 0.02616109885275364 -0.042000021785497665
v 0.02825015038251877 0.021333735436201096 -0.0480000302195549
v 0.02384858764708042 0.02616109885275364 -0.042000021785497665
v 0.023848582059144974 0.02616109885275364 -0.048000022768974304
v 0.023848582059144974 0.02616109885275364 -0.048000022768974304
v 0.02384858764708042 0.02616109885275364 -0.042000021785497665
v 0.01863531395792961 0.030097978189587593 -0.04200001806020737
v 0.023848582059144974 0.02616109885275364 -0.048000022768974304
v 0.01863531395792961 0.030097978189587593 -0.04200001806020737
v 0.018635308369994164 0.030097978189587593 -0.048000019043684006
v 0.018635308369994164 0.030097978189587593 -0.048000019043684006
v 0.01863531395792961 0.030097978189587593 -0.04200001806020737
v 0.0127878338098526 0.03300975263118744 -0.04200001060962677
v 0.018635308369994164 0.030097978189587593 -0.048000019043684006
v 0.0127878338098526 0.03300975263118744 -0.04200001060962677
v 0.012787827290594578 0.03300975263118744 -0.04800001159310341
v 0.012787827290594578 0.03300975263118744 -0.04800001159310341
v 0.0127878338098526 0.03300975263118744 -0.04200001060962677
v 0.0065045831725001335 0.034797705709934235 -0.04200000688433647
v 0.012787827290594578 0.03300975263118744 -0.04800001159310341
v 0.0065045831725001335 0.034797705709934235 -0.04200000688433647
v 0.0065045771189033985 0.034797705709934235 -0.04800000786781311
v 0.0065045771189033985 0.034797705709934235 -0.04800000786781311
v 0.0065045831725001335 0.034797705709934235 -0.04200000688433647
v -4.800000041882413e-8 0.03539999946951866 -0.04800000041723251
v -4.800000041882413e-8 0.03539999946951866 -0.04800000041723251
v 0.0065045831725001335 0.034797705709934235 -0.04200000688433647
v -4.19999999223819e-8 0.03539999946951866 -0.041999999433755875
v -3.8500001409147444e-8 0.03760000318288803 -0.03849999979138374
v -4.800000041882413e-8 0.03760000318288803 -0.04800000041723251
v -0.004245330113917589 0.0373583622276783 -0.03826599568128586
v -0.004245330113917589 0.0373583622276783 -0.03826599568128586
v -4.800000041882413e-8 0.03760000318288803 -0.04800000041723251
v -0.006909423042088747 0.036959294229745865 -0.047999992966651917
v -0.004245330113917589 0.0373583622276783 -0.03826599568128586
v -0.006909423042088747 0.036959294229745865 -0.047999992966651917
v -0.008439483121037483 0.03664045035839081 -0.037568993866443634
v -0.008439483121037483 0.03664045035839081 -0.037568993866443634
v -0.006909423042088747 0.036959294229745865 -0.047999992966651917
v -0.013583172112703323 0.035061247646808624 -0.04799998551607132
v -0.008439483121037483 0.03664045035839081 -0.037568993866443634
v -0.013583172112703323 0.035061247646808624 -0.04799998551607132
v -0.012488249689340591 0.03546532616019249 -0.036428987979888916
v -0.012488249689340591 0.03546532616019249 -0.036428987979888916
v -0.013583172112703323 0.035061247646808624 -0.04799998551607132
v -0.016309410333633423 0.03387810289859772 -0.03489498421549797
v -0.016309410333633423 0.03387810289859772 -0.03489498421549797
v -0.013583172112703323 0.035061247646808624 -0.04799998551607132
v -0.019793692976236343 0.031968023627996445 -0.04799998179078102
v -0.016309410333633423 0.03387810289859772 -0.03489498421549797
v -0.019793692976236343 0.031968023627996445 -0.04799998179078102
v -0.019839799031615257 0.03193894401192665 -0.03302597999572754
v -0.019839799031615257 0.03193894401192665 -0.03302597999572754
v -0.019793692976236343 0.031968023627996445 -0.04799998179078102
v -0.02302827686071396 0.029723050072789192 -0.03089897707104683
v -0.02302827686071396 0.029723050072789192 -0.03089897707104683
v -0.019793692976236343 0.031968023627996445 -0.04799998179078102
v -0.025331418961286545 0.027786901220679283 -0.047999974340200424
v -0.02302827686071396 0.029723050072789192 -0.03089897707104683
v -0.025331418961286545 0.027786901220679283 -0.047999974340200424
v -0.025834739208221436 0.02731865644454956 -0.028605973348021507
v -0.025834739208221436 0.02731865644454956 -0.028605973348021507
v -0.025331418961286545 0.027786901220679283 -0.047999974340200424
v -0.028277231380343437 0.024780908599495888 -0.026207972317934036
v -0.028277231380343437 0.024780908599495888 -0.026207972317934036
v -0.025331418961286545 0.027786901220679283 -0.047999974340200424
v -0.03000584989786148 0.022659264504909515 -0.047999970614910126
v -0.028277231380343437 0.024780908599495888 -0.026207972317934036
v -0.03000584989786148 0.022659264504909515 -0.047999970614910126
v -0.032329000532627106 0.019199060276150703 -0.02103796787559986
v -0.032329000532627106 0.019199060276150703 -0.02103796787559986
v -0.03000584989786148 0.022659264504909515 -0.047999970614910126
v -0.03365856409072876 0.01675957255065441 -0.04799996688961983
v -0.032329000532627106 0.019199060276150703 -0.02103796787559986
v -0.03365856409072876 0.01675957255065441 -0.04799996688961983
v -0.03520364314317703 0.013208126649260521 -0.015795964747667313
v -0.03520364314317703 0.013208126649260521 -0.015795964747667313
v -0.03365856409072876 0.01675957255065441 -0.04799996688961983
v -0.03616423159837723 0.010289366357028484 -0.04799996316432953
v -0.03520364314317703 0.013208126649260521 -0.015795964747667313
v -0.03616423159837723 0.010289366357028484 -0.04799996316432953
v -0.036201294511556625 0.010159018449485302 -0.013365963473916054
v -0.036201294511556625 0.010159018449485302 -0.013365963473916054
v -0.03616423159837723 0.010289366357028484 -0.04799996316432953
v -0.036932237446308136 0.007053759414702654 -0.01120196282863617
v -0.036932237446308136 0.007053759414702654 -0.01120196282863617
v -0.03616423159837723 0.010289366357028484 -0.04799996316432953
v -0.03743962198495865 0.0034692268818616867 -0.04799996316432953
v -0.036932237446308136 0.007053759414702654 -0.01120196282863617
v -0.03743962198495865 0.0034692268818616867 -0.04799996316432953
v -0.037409503012895584 0.0037820590659976006 -0.009498963132500648
v -0.037409503012895584 0.0037820590659976006 -0.009498963132500648
v -0.03743962198495865 0.0034692268818616867 -0.04799996316432953
v -0.03754686936736107 0.0019902922213077545 -0.008940963074564934
v -0.03754686936736107 0.0019902922213077545 -0.008940963074564934
v -0.03743962198495865 0.0034692268818616867 -0.04799996316432953
v -0.03760001063346863 -8.337775433742606e-18 -0.00871796254068613
v -0.03760001063346863 -8.337775433742606e-18 -0.00871796254068613
v -0.03743962198495865 0.0034692268818616867 -0.04799996316432953
v -0.03743962198495865 -0.0034692268818616867 -0.04799996316432953
v -0.03760001063346863 -8.337775433742606e-18 -0.00871796254068613
v -0.03743962198495865 -0.0034692268818616867 -0.04799996316432953
v -0.03754686936736107 -0.0019902922213077545 -0.008940963074564934
v -0.03754686936736107 -0.0019902922213077545 -0.008940963074564934
v -0.03743962198495865 -0.0034692268818616867 -0.04799996316432953
v -0.037409503012895584 -0.0037820590659976006 -0.009498963132500648
v -0.037409503012895584 -0.0037820590659976006 -0.009498963132500648
v -0.03743962198495865 -0.0034692268818616867 -0.04799996316432953
v -0.036932237446308136 -0.007053759414702654 -0.01120196282863617
v -0.036932237446308136 -0.007053759414702654 -0.01120196282863617
v -0.03743962198495865 -0.0034692268818616867 -0.04799996316432953
v -0.03616423159837723 -0.010289366357028484 -0.04799996316432953
v -0.036932237446308136 -0.007053759414702654 -0.01120196282863617
v -0.03616423159837723 -0.010289366357028484 -0.04799996316432953
v -0.036201294511556625 -0.010159018449485302 -0.013365963473916054
v -0.036201294511556625 -0.010159018449485302 -0.013365963473916054
v -0.03616423159837723 -0.010289366357028484 -0.04799996316432953
v -0.03520364314317703 -0.013208126649260521 -0.015795964747667313
v -0.03520364314317703 -0.013208126649260521 -0.015795964747667313
v -0.03616423159837723 -0.010289366357028484 -0.04799996316432953
v -0.03365856409072876 -0.01675957255065441 -0.04799996688961983
v -0.03520364314317703 -0.013208126649260521 -0.015795964747667313
v -0.03365856409072876 -0.01675957255065441 -0.04799996688961983
v -0.032329000532627106 -0.019199060276150703 -0.02103796787559986
v -0.032329000532627106 -0.019199060276150703 -0.02103796787559986
v -0.03365856409072876 -0.01675957255065441 -0.04799996688961983
v -0.03000584989786148 -0.022659264504909515 -0.047999970614910126
v -0.032329000532627106 -0.019199060276150703 -0.02103796787559986
v -0.03000584989786148 -0.022659264504909515 -0.047999970614910126
v -0.028277231380343437 -0.024780908599495888 -0.026207972317934036
v -0.028277231380343437 -0.024780908599495888 -0.026207972317934036
v -0.03000584989786148 -0.022659264504909515 -0.047999970614910126
v -0.025331418961286545 -0.027786901220679283 -0.047999974340200424
v -0.028277231380343437 -0.024780908599495888 -0.026207972317934036
v -0.025331418961286545 -0.027786901220679283 -0.047999974340200424
v -0.025834739208221436 -0.02731865644454956 -0.028605973348021507
v -0.025834739208221436 -0.02731865644454956 -0.028605973348021507
v -0.025331418961286545 -0.027786901220679283 -0.047999974340200424
v -0.02302827686071396 -0.029723050072789192 -0.03089897707104683
v -0.02302827686071396 -0.029723050072789192 -0.03089897707104683
v -0.025331418961286545 -0.027786901220679283 -0.047999974340200424
v -0.019793692976236343 -0.031968023627996445 -0.04799998179078102
v -0.02302827686071396 -0.029723050072789192 -0.03089897707104683
v -0.019793692976236343 -0.031968023627996445 -0.04799998179078102
v -0.019839799031615257 -0.03193894401192665 -0.03302597999572754
v -0.019839799031615257 -0.03193894401192665 -0.03302597999572754
v -0.019793692976236343 -0.031968023627996445 -0.04799998179078102
v -0.016309410333633423 -0.03387810289859772 -0.03489498421549797
v -0.016309410333633423 -0.03387810289859772 -0.03489498421549797
v -0.019793692976236343 -0.031968023627996445 -0.04799998179078102
v -0.013583172112703323 -0.035061247646808624 -0.04799998551607132
v -0.016309410333633423 -0.03387810289859772 -0.03489498421549797
v -0.013583172112703323 -0.035061247646808624 -0.04799998551607132
v -0.012488249689340591 -0.03546532616019249 -0.036428987979888916
v -0.012488249689340591 -0.03546532616019249 -0.036428987979888916
v -0.013583172112703323 -0.035061247646808624 -0.04799998551607132
v -0.008439483121037483 -0.03664045035839081 -0.037568993866443634
v -0.008439483121037483 -0.03664045035839081 -0.037568993866443634
v -0.013583172112703323 -0.035061247646808624 -0.04799998551607132
v -0.006909423042088747 -0.036959294229745865 -0.047999992966651917
v -0.008439483121037483 -0.03664045035839081 -0.037568993866443634
v -0.006909423042088747 -0.036959294229745865 -0.047999992966651917
v -0.004245330113917589 -0.0373583622276783 -0.03826599568128586
v -0.004245330113917589 -0.0373583622276783 -0.03826599568128586
v -0.006909423042088747 -0.036959294229745865 -0.047999992966651917
v -4.800000041882413e-8 -0.03760000318288803 -0.04800000041723251
v -0.004245330113917589 -0.0373583622276783 -0.03826599568128586
v -4.800000041882413e-8 -0.03760000318288803 -0.04800000041723251
v -3.8500001409147444e-8 -0.03760000318288803 -0.03849999979138374
v 3.859999964106464e-8 0.023601999506354332 0.038600001484155655
v -0.006702326703816652 0.02375900000333786 0.03801348805427551
v 3.859999964106464e-8 -0.049300000071525574 0.038600001484155655
v 3.859999964106464e-8 -0.049300000071525574 0.038600001484155655
v -0.006702326703816652 0.02375900000333786 0.03801348805427551
v -0.0070923371240496635 -0.049300000071525574 0.037942301481962204
v -0.0070923371240496635 -0.049300000071525574 0.037942301481962204
v -0.006702326703816652 0.02375900000333786 0.03801348805427551
v -0.013202165253460407 0.024224000051617622 0.03627198562026024
v -0.0070923371240496635 -0.049300000071525574 0.037942301481962204
v -0.013202165253460407 0.024224000051617622 0.03627198562026024
v -0.01394408755004406 -0.049300000071525574 0.03599326312541962
v -0.01394408755004406 -0.049300000071525574 0.03599326312541962
v -0.013202165253460407 0.024224000051617622 0.03627198562026024
v -0.019299965351819992 0.024984000250697136 0.0334286205470562
v -0.01394408755004406 -0.049300000071525574 0.03599326312541962
v -0.019299965351819992 0.024984000250697136 0.0334286205470562
v -0.02032061107456684 -0.049300000071525574 0.03281804174184799
v -0.02032061107456684 -0.049300000071525574 0.03281804174184799
v -0.019299965351819992 0.024984000250697136 0.0334286205470562
v -0.02481124736368656 0.026016000658273697 0.029569629579782486
v -0.02032061107456684 -0.049300000071525574 0.03281804174184799
v -0.02481124736368656 0.026016000658273697 0.029569629579782486
v -0.02600434236228466 -0.049300000071525574 0.028525926172733307
v -0.02600434236228466 -0.049300000071525574 0.028525926172733307
v -0.02481124736368656 0.026016000658273697 0.029569629579782486
v -0.029569581151008606 0.02728700079023838 0.024811306968331337
v -0.02600434236228466 -0.049300000071525574 0.028525926172733307
v -0.029569581151008606 0.02728700079023838 0.024811306968331337
v -0.030803779140114784 -0.049300000071525574 0.02326129376888275
v -0.030803779140114784 -0.049300000071525574 0.02326129376888275
v -0.029569581151008606 0.02728700079023838 0.024811306968331337
v -0.033428583294153214 0.028759999200701714 0.019300034269690514
v -0.030803779140114784 -0.049300000071525574 0.02326129376888275
v -0.033428583294153214 0.028759999200701714 0.019300034269690514
v -0.03455349802970886 -0.049300000071525574 0.017205609008669853
v -0.03455349802970886 -0.049300000071525574 0.017205609008669853
v -0.033428583294153214 0.028759999200701714 0.019300034269690514
v -0.03627195581793785 0.030389999970793724 0.013202237896621227
v -0.03455349802970886 -0.049300000071525574 0.017205609008669853
v -0.03627195581793785 0.030389999970793724 0.013202237896621227
v -0.037126172333955765 -0.049300000071525574 0.010563403367996216
v -0.037126172333955765 -0.049300000071525574 0.010563403367996216
v -0.03627195581793785 0.030389999970793724 0.013202237896621227
v -0.03801347315311432 0.03212700039148331 0.0067024026066064835
v -0.037126172333955765 -0.049300000071525574 0.010563403367996216
v -0.03801347315311432 0.03212700039148331 0.0067024026066064835
v -0.038435570895671844 -0.049300000071525574 0.0035612653009593487
v -0.038435570895671844 -0.049300000071525574 0.0035612653009593487
v -0.03801347315311432 0.03212700039148331 0.0067024026066064835
v -0.038600001484155655 0.033918000757694244 3.859999964106464e-8
v -0.038435570895671844 -0.049300000071525574 0.0035612653009593487
v -0.038600001484155655 0.033918000757694244 3.859999964106464e-8
v -0.03843557834625244 -0.049300000071525574 -0.003561188466846943
v -0.03843557834625244 -0.049300000071525574 -0.003561188466846943
v -0.038600001484155655 0.033918000757694244 3.859999964106464e-8
v -0.03801348805427551 0.03570900112390518 -0.006702326703816652
v -0.03843557834625244 -0.049300000071525574 -0.003561188466846943
v -0.03801348805427551 0.03570900112390518 -0.006702326703816652
v -0.0375974103808403 -8.337486747708825e-18 -0.008740605786442757
v -0.0375974103808403 -8.337486747708825e-18 -0.008740605786442757
v -0.03801348805427551 0.03570900112390518 -0.006702326703816652
v -0.03754427656531334 0.001984999980777502 -0.00896418560296297
v -0.03754427656531334 0.001984999980777502 -0.00896418560296297
v -0.03801348805427551 0.03570900112390518 -0.006702326703816652
v -0.03740692138671875 0.0037720000836998224 -0.009523635730147362
v -0.03740692138671875 0.0037720000836998224 -0.009523635730147362
v -0.03801348805427551 0.03570900112390518 -0.006702326703816652
v -0.03627198562026024 0.037445999681949615 -0.013202165253460407
v -0.03740692138671875 0.0037720000836998224 -0.009523635730147362
v -0.03627198562026024 0.037445999681949615 -0.013202165253460407
v -0.03692968562245369 0.007034999784082174 -0.011231058277189732
v -0.03692968562245369 0.007034999784082174 -0.011231058277189732
v -0.03627198562026024 0.037445999681949615 -0.013202165253460407
v -0.03619879484176636 0.010131999850273132 -0.013400680385529995
v -0.03619879484176636 0.010131999850273132 -0.013400680385529995
v -0.03627198562026024 0.037445999681949615 -0.013202165253460407
v -0.03520121052861214 0.013172999955713749 -0.015836993232369423
v -0.03520121052861214 0.013172999955713749 -0.015836993232369423
v -0.03627198562026024 0.037445999681949615 -0.013202165253460407
v -0.0334286205470562 0.039076000452041626 -0.019299965351819992
v -0.03520121052861214 0.013172999955713749 -0.015836993232369423
v -0.0334286205470562 0.039076000452041626 -0.019299965351819992
v -0.03232676908373833 0.019147999584674835 -0.021092614158988
v -0.03232676908373833 0.019147999584674835 -0.021092614158988
v -0.0334286205470562 0.039076000452041626 -0.019299965351819992
v -0.029569629579782486 0.04054899886250496 -0.02481124736368656
v -0.03232676908373833 0.019147999584674835 -0.021092614158988
v -0.029569629579782486 0.04054899886250496 -0.02481124736368656
v -0.028275279328227043 0.0247150007635355 -0.02627604454755783
v -0.028275279328227043 0.0247150007635355 -0.02627604454755783
v -0.029569629579782486 0.04054899886250496 -0.02481124736368656
v -0.024811306968331337 0.04182099923491478 -0.029569581151008606
v -0.028275279328227043 0.0247150007635355 -0.02627604454755783
v -0.024811306968331337 0.04182099923491478 -0.029569581151008606
v -0.025832954794168472 0.02724600024521351 -0.02868027612566948
v -0.025832954794168472 0.02724600024521351 -0.02868027612566948
v -0.024811306968331337 0.04182099923491478 -0.029569581151008606
v -0.023026686161756516 0.02964399941265583 -0.030979234725236893
v -0.023026686161756516 0.02964399941265583 -0.030979234725236893
v -0.024811306968331337 0.04182099923491478 -0.029569581151008606
v -0.019300034269690514 0.042851999402046204 -0.033428583294153214
v -0.023026686161756516 0.02964399941265583 -0.030979234725236893
v -0.019300034269690514 0.042851999402046204 -0.033428583294153214
v -0.019838429987430573 0.03185399994254112 -0.03311176225543022
v -0.019838429987430573 0.03185399994254112 -0.03311176225543022
v -0.019300034269690514 0.042851999402046204 -0.033428583294153214
v -0.016308283433318138 0.03378799930214882 -0.03498562052845955
v -0.016308283433318138 0.03378799930214882 -0.03498562052845955
v -0.019300034269690514 0.042851999402046204 -0.033428583294153214
v -0.013202237896621227 0.04361199960112572 -0.03627195581793785
v -0.016308283433318138 0.03378799930214882 -0.03498562052845955
v -0.013202237896621227 0.04361199960112572 -0.03627195581793785
v -0.012487386353313923 0.035371001809835434 -0.03652361035346985
v -0.012487386353313923 0.035371001809835434 -0.03652361035346985
v -0.013202237896621227 0.04361199960112572 -0.03627195581793785
v -0.008438900113105774 0.03654300048947334 -0.037666574120521545
v -0.008438900113105774 0.03654300048947334 -0.037666574120521545
v -0.013202237896621227 0.04361199960112572 -0.03627195581793785
v -0.0067024026066064835 0.04407700151205063 -0.03801347315311432
v -0.008438900113105774 0.03654300048947334 -0.037666574120521545
v -0.0067024026066064835 0.04407700151205063 -0.03801347315311432
v -0.004245037212967873 0.03725900128483772 -0.03836539015173912
v -0.004245037212967873 0.03725900128483772 -0.03836539015173912
v -0.0067024026066064835 0.04407700151205063 -0.03801347315311432
v -3.859999964106464e-8 0.04423400014638901 -0.038600001484155655
v -0.004245037212967873 0.03725900128483772 -0.03836539015173912
v -3.859999964106464e-8 0.04423400014638901 -0.038600001484155655
v -3.859999964106464e-8 0.03750000149011612 -0.038600001484155655
v -0.03843557834625244 -0.049300000071525574 -0.003561188466846943
v -0.0375974103808403 -8.337486747708825e-18 -0.008740605786442757
v -0.037126194685697556 -0.049300000071525574 -0.010563328862190247
v -0.037126194685697556 -0.049300000071525574 -0.010563328862190247
v -0.0375974103808403 -8.337486747708825e-18 -0.008740605786442757
v -0.03754427656531334 -0.001984999980777502 -0.00896418560296297
v -0.037126194685697556 -0.049300000071525574 -0.010563328862190247
v -0.03754427656531334 -0.001984999980777502 -0.00896418560296297
v -0.03740692138671875 -0.0037720000836998224 -0.009523635730147362
v -0.03740692138671875 -0.0037720000836998224 -0.009523635730147362
v -0.03692968562245369 -0.007034999784082174 -0.011231058277189732
v -0.037126194685697556 -0.049300000071525574 -0.010563328862190247
v -0.037126194685697556 -0.049300000071525574 -0.010563328862190247
v -0.03692968562245369 -0.007034999784082174 -0.011231058277189732
v -0.03619879484176636 -0.010131999850273132 -0.013400680385529995
v -0.037126194685697556 -0.049300000071525574 -0.010563328862190247
v -0.03619879484176636 -0.010131999850273132 -0.013400680385529995
v -0.03455353528261185 -0.049300000071525574 -0.017205538228154182
v -0.03455353528261185 -0.049300000071525574 -0.017205538228154182
v -0.03619879484176636 -0.010131999850273132 -0.013400680385529995
v -0.03520121052861214 -0.013172999955713749 -0.015836993232369423
v -0.03455353528261185 -0.049300000071525574 -0.017205538228154182
v -0.03520121052861214 -0.013172999955713749 -0.015836993232369423
v -0.03232676908373833 -0.019147999584674835 -0.021092614158988
v -0.03455353528261185 -0.049300000071525574 -0.017205538228154182
v -0.03232676908373833 -0.019147999584674835 -0.021092614158988
v -0.030803823843598366 -0.049300000071525574 -0.023261234164237976
v -0.030803823843598366 -0.049300000071525574 -0.023261234164237976
v -0.03232676908373833 -0.019147999584674835 -0.021092614158988
v -0.028275279328227043 -0.0247150007635355 -0.02627604454755783
v -0.030803823843598366 -0.049300000071525574 -0.023261234164237976
v -0.028275279328227043 -0.0247150007635355 -0.02627604454755783
v -0.026004398241639137 -0.049300000071525574 -0.02852587401866913
v -0.026004398241639137 -0.049300000071525574 -0.02852587401866913
v -0.028275279328227043 -0.0247150007635355 -0.02627604454755783
v -0.025832954794168472 -0.02724600024521351 -0.02868027612566948
v -0.026004398241639137 -0.049300000071525574 -0.02852587401866913
v -0.025832954794168472 -0.02724600024521351 -0.02868027612566948
v -0.023026686161756516 -0.02964399941265583 -0.030979234725236893
v -0.026004398241639137 -0.049300000071525574 -0.02852587401866913
v -0.023026686161756516 -0.02964399941265583 -0.030979234725236893
v -0.020320678129792213 -0.049300000071525574 -0.03281800448894501
v -0.020320678129792213 -0.049300000071525574 -0.03281800448894501
v -0.023026686161756516 -0.02964399941265583 -0.030979234725236893
v -0.019838429987430573 -0.03185399994254112 -0.03311176225543022
v -0.020320678129792213 -0.049300000071525574 -0.03281800448894501
v -0.019838429987430573 -0.03185399994254112 -0.03311176225543022
v -0.016308283433318138 -0.03378799930214882 -0.03498562052845955
v -0.020320678129792213 -0.049300000071525574 -0.03281800448894501
v -0.016308283433318138 -0.03378799930214882 -0.03498562052845955
v -0.01394416019320488 -0.049300000071525574 -0.03599323332309723
v -0.01394416019320488 -0.049300000071525574 -0.03599323332309723
v -0.016308283433318138 -0.03378799930214882 -0.03498562052845955
v -0.012487386353313923 -0.035371001809835434 -0.03652361035346985
v -0.01394416019320488 -0.049300000071525574 -0.03599323332309723
v -0.012487386353313923 -0.035371001809835434 -0.03652361035346985
v -0.008438900113105774 -0.03654300048947334 -0.037666574120521545
v -0.01394416019320488 -0.049300000071525574 -0.03599323332309723
v -0.008438900113105774 -0.03654300048947334 -0.037666574120521545
v -0.007092412561178207 -0.049300000071525574 -0.03794228658080101
v -0.007092412561178207 -0.049300000071525574 -0.03794228658080101
v -0.008438900113105774 -0.03654300048947334 -0.037666574120521545
v -0.004245037212967873 -0.03725900128483772 -0.03836539015173912
v -0.007092412561178207 -0.049300000071525574 -0.03794228658080101
v -0.004245037212967873 -0.03725900128483772 -0.03836539015173912
v -3.859999964106464e-8 -0.049300000071525574 -0.038600001484155655
v -3.859999964106464e-8 -0.049300000071525574 -0.038600001484155655
v -0.004245037212967873 -0.03725900128483772 -0.03836539015173912
v -3.859999964106464e-8 -0.03750000149011612 -0.038600001484155655
v -3.859999964106464e-8 0.03750000149011612 -0.038600001484155655
v -3.859999964106464e-8 0.04423400014638901 -0.038600001484155655
v 0.004244960378855467 0.03725900128483772 -0.03836539760231972
v 0.004244960378855467 0.03725900128483772 -0.03836539760231972
v -3.859999964106464e-8 0.04423400014638901 -0.038600001484155655
v 0.006702326703816652 0.04407700151205063 -0.03801348805427551
v 0.004244960378855467 0.03725900128483772 -0.03836539760231972
v 0.006702326703816652 0.04407700151205063 -0.03801348805427551
v 0.008438825607299805 0.03654300048947334 -0.03766658902168274
v 0.008438825607299805 0.03654300048947334 -0.03766658902168274
v 0.006702326703816652 0.04407700151205063 -0.03801348805427551
v 0.013202165253460407 0.04361199960112572 -0.03627198562026024
v 0.008438825607299805 0.03654300048947334 -0.03766658902168274
v 0.013202165253460407 0.04361199960112572 -0.03627198562026024
v 0.012487313710153103 0.035371001809835434 -0.03652363270521164
v 0.012487313710153103 0.035371001809835434 -0.03652363270521164
v 0.013202165253460407 0.04361199960112572 -0.03627198562026024
v 0.016308212652802467 0.03378799930214882 -0.03498565033078194
v 0.016308212652802467 0.03378799930214882 -0.03498565033078194
v 0.013202165253460407 0.04361199960112572 -0.03627198562026024
v 0.019299965351819992 0.042851999402046204 -0.0334286205470562
v 0.016308212652802467 0.03378799930214882 -0.03498565033078194
v 0.019299965351819992 0.042851999402046204 -0.0334286205470562
v 0.0198383629322052 0.03185399994254112 -0.033111799508333206
v 0.0198383629322052 0.03185399994254112 -0.033111799508333206
v 0.019299965351819992 0.042851999402046204 -0.0334286205470562
v 0.023026620969176292 0.02964399941265583 -0.030979279428720474
v 0.023026620969176292 0.02964399941265583 -0.030979279428720474
v 0.019299965351819992 0.042851999402046204 -0.0334286205470562
v 0.02481124736368656 0.04182099923491478 -0.029569629579782486
v 0.023026620969176292 0.02964399941265583 -0.030979279428720474
v 0.02481124736368656 0.04182099923491478 -0.029569629579782486
v 0.025832898914813995 0.02724600024521351 -0.028680328279733658
v 0.025832898914813995 0.02724600024521351 -0.028680328279733658
v 0.02481124736368656 0.04182099923491478 -0.029569629579782486
v 0.029569581151008606 0.04054899886250496 -0.024811306968331337
v 0.025832898914813995 0.02724600024521351 -0.028680328279733658
v 0.029569581151008606 0.04054899886250496 -0.024811306968331337
v 0.028275227174162865 0.0247150007635355 -0.026276100426912308
v 0.028275227174162865 0.0247150007635355 -0.026276100426912308
v 0.029569581151008606 0.04054899886250496 -0.024811306968331337
v 0.032326724380254745 0.019147999584674835 -0.021092677488923073
v 0.032326724380254745 0.019147999584674835 -0.021092677488923073
v 0.029569581151008606 0.04054899886250496 -0.024811306968331337
v 0.033428583294153214 0.039076000452041626 -0.019300034269690514
v 0.032326724380254745 0.019147999584674835 -0.021092677488923073
v 0.033428583294153214 0.039076000452041626 -0.019300034269690514
v 0.03520118072628975 0.013172999955713749 -0.015837064012885094
v 0.03520118072628975 0.013172999955713749 -0.015837064012885094
v 0.033428583294153214 0.039076000452041626 -0.019300034269690514
v 0.03627195581793785 0.037445999681949615 -0.013202237896621227
v 0.03520118072628975 0.013172999955713749 -0.015837064012885094
v 0.03627195581793785 0.037445999681949615 -0.013202237896621227
v 0.03619876503944397 0.010131999850273132 -0.013400753028690815
v 0.03619876503944397 0.010131999850273132 -0.013400753028690815
v 0.03627195581793785 0.037445999681949615 -0.013202237896621227
v 0.0369296632707119 0.007034999784082174 -0.0112311327829957
v 0.0369296632707119 0.007034999784082174 -0.0112311327829957
v 0.03627195581793785 0.037445999681949615 -0.013202237896621227
v 0.03801347315311432 0.03570900112390518 -0.0067024026066064835
v 0.0369296632707119 0.007034999784082174 -0.0112311327829957
v 0.03801347315311432 0.03570900112390518 -0.0067024026066064835
v 0.03740689903497696 0.0037720000836998224 -0.009523710235953331
v 0.03740689903497696 0.0037720000836998224 -0.009523710235953331
v 0.03801347315311432 0.03570900112390518 -0.0067024026066064835
v 0.037544261664152145 0.001984999980777502 -0.008964261040091515
v 0.037544261664152145 0.001984999980777502 -0.008964261040091515
v 0.03801347315311432 0.03570900112390518 -0.0067024026066064835
v 0.03759739547967911 8.337486747708825e-18 -0.0087406812235713
v 0.03759739547967911 8.337486747708825e-18 -0.0087406812235713
v 0.03801347315311432 0.03570900112390518 -0.0067024026066064835
v 0.037126172333955765 -0.049300000071525574 -0.010563403367996216
v 0.03759739547967911 8.337486747708825e-18 -0.0087406812235713
v 0.037126172333955765 -0.049300000071525574 -0.010563403367996216
v 0.037544261664152145 -0.001984999980777502 -0.008964261040091515
v 0.037544261664152145 -0.001984999980777502 -0.008964261040091515
v 0.037126172333955765 -0.049300000071525574 -0.010563403367996216
v 0.03740689903497696 -0.0037720000836998224 -0.009523710235953331
v 0.03740689903497696 -0.0037720000836998224 -0.009523710235953331
v 0.037126172333955765 -0.049300000071525574 -0.010563403367996216
v 0.0369296632707119 -0.007034999784082174 -0.0112311327829957
v 0.0369296632707119 -0.007034999784082174 -0.0112311327829957
v 0.037126172333955765 -0.049300000071525574 -0.010563403367996216
v 0.03619876503944397 -0.010131999850273132 -0.013400753028690815
v 0.03619876503944397 -0.010131999850273132 -0.013400753028690815
v 0.037126172333955765 -0.049300000071525574 -0.010563403367996216
v 0.03455349802970886 -0.049300000071525574 -0.017205609008669853
v 0.03619876503944397 -0.010131999850273132 -0.013400753028690815
v 0.03455349802970886 -0.049300000071525574 -0.017205609008669853
v 0.03520118072628975 -0.013172999955713749 -0.015837064012885094
v 0.03520118072628975 -0.013172999955713749 -0.015837064012885094
v 0.03455349802970886 -0.049300000071525574 -0.017205609008669853
v 0.032326724380254745 -0.019147999584674835 -0.021092677488923073
v 0.032326724380254745 -0.019147999584674835 -0.021092677488923073
v 0.03455349802970886 -0.049300000071525574 -0.017205609008669853
v 0.030803779140114784 -0.049300000071525574 -0.02326129376888275
v 0.032326724380254745 -0.019147999584674835 -0.021092677488923073
v 0.030803779140114784 -0.049300000071525574 -0.02326129376888275
v 0.028275227174162865 -0.0247150007635355 -0.026276100426912308
v 0.028275227174162865 -0.0247150007635355 -0.026276100426912308
v 0.030803779140114784 -0.049300000071525574 -0.02326129376888275
v 0.02600434236228466 -0.049300000071525574 -0.028525926172733307
v 0.028275227174162865 -0.0247150007635355 -0.026276100426912308
v 0.02600434236228466 -0.049300000071525574 -0.028525926172733307
v 0.025832898914813995 -0.02724600024521351 -0.028680328279733658
v 0.025832898914813995 -0.02724600024521351 -0.028680328279733658
v 0.02600434236228466 -0.049300000071525574 -0.028525926172733307
v 0.023026620969176292 -0.02964399941265583 -0.030979279428720474
v 0.023026620969176292 -0.02964399941265583 -0.030979279428720474
v 0.02600434236228466 -0.049300000071525574 -0.028525926172733307
v 0.02032061107456684 -0.049300000071525574 -0.03281804174184799
v 0.023026620969176292 -0.02964399941265583 -0.030979279428720474
v 0.02032061107456684 -0.049300000071525574 -0.03281804174184799
v 0.0198383629322052 -0.03185399994254112 -0.033111799508333206
v 0.0198383629322052 -0.03185399994254112 -0.033111799508333206
v 0.02032061107456684 -0.049300000071525574 -0.03281804174184799
v 0.016308212652802467 -0.03378799930214882 -0.03498565033078194
v 0.016308212652802467 -0.03378799930214882 -0.03498565033078194
v 0.02032061107456684 -0.049300000071525574 -0.03281804174184799
v 0.01394408755004406 -0.049300000071525574 -0.03599326312541962
v 0.016308212652802467 -0.03378799930214882 -0.03498565033078194
v 0.01394408755004406 -0.049300000071525574 -0.03599326312541962
v 0.012487313710153103 -0.035371001809835434 -0.03652363270521164
v 0.012487313710153103 -0.035371001809835434 -0.03652363270521164
v 0.01394408755004406 -0.049300000071525574 -0.03599326312541962
v 0.0070923371240496635 -0.049300000071525574 -0.037942301481962204
v 0.012487313710153103 -0.035371001809835434 -0.03652363270521164
v 0.0070923371240496635 -0.049300000071525574 -0.037942301481962204
v 0.008438825607299805 -0.03654300048947334 -0.03766658902168274
v 0.008438825607299805 -0.03654300048947334 -0.03766658902168274
v 0.0070923371240496635 -0.049300000071525574 -0.037942301481962204
v 0.004244960378855467 -0.03725900128483772 -0.03836539760231972
v 0.004244960378855467 -0.03725900128483772 -0.03836539760231972
v 0.0070923371240496635 -0.049300000071525574 -0.037942301481962204
v -3.859999964106464e-8 -0.049300000071525574 -0.038600001484155655
v 0.004244960378855467 -0.03725900128483772 -0.03836539760231972
v -3.859999964106464e-8 -0.049300000071525574 -0.038600001484155655
v -3.859999964106464e-8 -0.03750000149011612 -0.038600001484155655
v 0.037126172333955765 -0.049300000071525574 -0.010563403367996216
v 0.03801347315311432 0.03570900112390518 -0.0067024026066064835
v 0.038435570895671844 -0.049300000071525574 -0.0035612653009593487
v 0.038435570895671844 -0.049300000071525574 -0.0035612653009593487
v 0.03801347315311432 0.03570900112390518 -0.0067024026066064835
v 0.038600001484155655 0.033918000757694244 -3.859999964106464e-8
v 0.038435570895671844 -0.049300000071525574 -0.0035612653009593487
v 0.038600001484155655 0.033918000757694244 -3.859999964106464e-8
v 0.03843557834625244 -0.049300000071525574 0.003561188466846943
v 0.03843557834625244 -0.049300000071525574 0.003561188466846943
v 0.038600001484155655 0.033918000757694244 -3.859999964106464e-8
v 0.03801348805427551 0.03212700039148331 0.006702326703816652
v 0.03843557834625244 -0.049300000071525574 0.003561188466846943
v 0.03801348805427551 0.03212700039148331 0.006702326703816652
v 0.037126194685697556 -0.049300000071525574 0.010563328862190247
v 0.037126194685697556 -0.049300000071525574 0.010563328862190247
v 0.03801348805427551 0.03212700039148331 0.006702326703816652
v 0.03627198562026024 0.030389999970793724 0.013202165253460407
v 0.037126194685697556 -0.049300000071525574 0.010563328862190247
v 0.03627198562026024 0.030389999970793724 0.013202165253460407
v 0.03455353528261185 -0.049300000071525574 0.017205538228154182
v 0.03455353528261185 -0.049300000071525574 0.017205538228154182
v 0.03627198562026024 0.030389999970793724 0.013202165253460407
v 0.0334286205470562 0.028759999200701714 0.019299965351819992
v 0.03455353528261185 -0.049300000071525574 0.017205538228154182
v 0.0334286205470562 0.028759999200701714 0.019299965351819992
v 0.030803823843598366 -0.049300000071525574 0.023261234164237976
v 0.030803823843598366 -0.049300000071525574 0.023261234164237976
v 0.0334286205470562 0.028759999200701714 0.019299965351819992
v 0.029569629579782486 0.02728700079023838 0.02481124736368656
v 0.030803823843598366 -0.049300000071525574 0.023261234164237976
v 0.029569629579782486 0.02728700079023838 0.02481124736368656
v 0.026004398241639137 -0.049300000071525574 0.02852587401866913
v 0.026004398241639137 -0.049300000071525574 0.02852587401866913
v 0.029569629579782486 0.02728700079023838 0.02481124736368656
v 0.024811306968331337 0.026016000658273697 0.029569581151008606
v 0.026004398241639137 -0.049300000071525574 0.02852587401866913
v 0.024811306968331337 0.026016000658273697 0.029569581151008606
v 0.020320678129792213 -0.049300000071525574 0.03281800448894501
v 0.020320678129792213 -0.049300000071525574 0.03281800448894501
v 0.024811306968331337 0.026016000658273697 0.029569581151008606
v 0.019300034269690514 0.024984000250697136 0.033428583294153214
v 0.020320678129792213 -0.049300000071525574 0.03281800448894501
v 0.019300034269690514 0.024984000250697136 0.033428583294153214
v 0.01394416019320488 -0.049300000071525574 0.03599323332309723
v 0.01394416019320488 -0.049300000071525574 0.03599323332309723
v 0.019300034269690514 0.024984000250697136 0.033428583294153214
v 0.013202237896621227 0.024224000051617622 0.03627195581793785
v 0.01394416019320488 -0.049300000071525574 0.03599323332309723
v 0.013202237896621227 0.024224000051617622 0.03627195581793785
v 0.007092412561178207 -0.049300000071525574 0.03794228658080101
v 0.007092412561178207 -0.049300000071525574 0.03794228658080101
v 0.013202237896621227 0.024224000051617622 0.03627195581793785
v 0.0067024026066064835 0.02375900000333786 0.03801347315311432
v 0.007092412561178207 -0.049300000071525574 0.03794228658080101
v 0.0067024026066064835 0.02375900000333786 0.03801347315311432
v 3.859999964106464e-8 -0.049300000071525574 0.038600001484155655
v 3.859999964106464e-8 -0.049300000071525574 0.038600001484155655
v 0.0067024026066064835 0.02375900000333786 0.03801347315311432
v 3.859999964106464e-8 0.023601999506354332 0.038600001484155655
v -3.8500001409147444e-8 -0.03760000318288803 -0.03849999979138374
v -4.800000041882413e-8 -0.03760000318288803 -0.04800000041723251
v 0.004245253745466471 -0.0373583622276783 -0.038266003131866455
v 0.004245253745466471 -0.0373583622276783 -0.038266003131866455
v -4.800000041882413e-8 -0.03760000318288803 -0.04800000041723251
v 0.006909327115863562 -0.036959294229745865 -0.04800000786781311
v 0.004245253745466471 -0.0373583622276783 -0.038266003131866455
v 0.006909327115863562 -0.036959294229745865 -0.04800000786781311
v 0.008439408615231514 -0.03664045035839081 -0.03756900876760483
v 0.008439408615231514 -0.03664045035839081 -0.03756900876760483
v 0.006909327115863562 -0.036959294229745865 -0.04800000786781311
v 0.013583075255155563 -0.035061247646808624 -0.04800001531839371
v 0.008439408615231514 -0.03664045035839081 -0.03756900876760483
v 0.013583075255155563 -0.035061247646808624 -0.04800001531839371
v 0.012488177046179771 -0.03546532616019249 -0.03642901033163071
v 0.012488177046179771 -0.03546532616019249 -0.03642901033163071
v 0.013583075255155563 -0.035061247646808624 -0.04800001531839371
v 0.016309339553117752 -0.03387810289859772 -0.03489501401782036
v 0.016309339553117752 -0.03387810289859772 -0.03489501401782036
v 0.013583075255155563 -0.035061247646808624 -0.04800001531839371
v 0.019793596118688583 -0.031968023627996445 -0.048000019043684006
v 0.016309339553117752 -0.03387810289859772 -0.03489501401782036
v 0.019793596118688583 -0.031968023627996445 -0.048000019043684006
v 0.019839731976389885 -0.03193894401192665 -0.033026017248630524
v 0.019839731976389885 -0.03193894401192665 -0.033026017248630524
v 0.019793596118688583 -0.031968023627996445 -0.048000019043684006
v 0.023028213530778885 -0.029723050072789192 -0.03089902177453041
v 0.023028213530778885 -0.029723050072789192 -0.03089902177453041
v 0.019793596118688583 -0.031968023627996445 -0.048000019043684006
v 0.025331322103738785 -0.027786901220679283 -0.0480000264942646
v 0.023028213530778885 -0.029723050072789192 -0.03089902177453041
v 0.025331322103738785 -0.027786901220679283 -0.0480000264942646
v 0.02583468332886696 -0.02731865644454956 -0.028606025502085686
v 0.02583468332886696 -0.02731865644454956 -0.028606025502085686
v 0.025331322103738785 -0.027786901220679283 -0.0480000264942646
v 0.02827717922627926 -0.024780908599495888 -0.026208028197288513
v 0.02827717922627926 -0.024780908599495888 -0.026208028197288513
v 0.025331322103738785 -0.027786901220679283 -0.0480000264942646
v 0.03000575304031372 -0.022659264504909515 -0.0480000302195549
v 0.02827717922627926 -0.024780908599495888 -0.026208028197288513
v 0.03000575304031372 -0.022659264504909515 -0.0480000302195549
v 0.032328955829143524 -0.019199060276150703 -0.021038031205534935
v 0.032328955829143524 -0.019199060276150703 -0.021038031205534935
v 0.03000575304031372 -0.022659264504909515 -0.0480000302195549
v 0.033658467233181 -0.01675957255065441 -0.0480000339448452
v 0.032328955829143524 -0.019199060276150703 -0.021038031205534935
v 0.033658467233181 -0.01675957255065441 -0.0480000339448452
v 0.035203613340854645 -0.013208126649260521 -0.015796035528182983
v 0.035203613340854645 -0.013208126649260521 -0.015796035528182983
v 0.033658467233181 -0.01675957255065441 -0.0480000339448452
v 0.03616413474082947 -0.010289366357028484 -0.0480000376701355
v 0.035203613340854645 -0.013208126649260521 -0.015796035528182983
v 0.03616413474082947 -0.010289366357028484 -0.0480000376701355
v 0.03620126470923424 -0.010159018449485302 -0.013366036117076874
v 0.03620126470923424 -0.010159018449485302 -0.013366036117076874
v 0.03616413474082947 -0.010289366357028484 -0.0480000376701355
v 0.036932215094566345 -0.007053759414702654 -0.011202037334442139
v 0.036932215094566345 -0.007053759414702654 -0.011202037334442139
v 0.03616413474082947 -0.010289366357028484 -0.0480000376701355
v 0.03743952512741089 -0.0034692268818616867 -0.0480000376701355
v 0.036932215094566345 -0.007053759414702654 -0.011202037334442139
v 0.03743952512741089 -0.0034692268818616867 -0.0480000376701355
v 0.03740948066115379 -0.0037820590659976006 -0.009499037638306618
v 0.03740948066115379 -0.0037820590659976006 -0.009499037638306618
v 0.03743952512741089 -0.0034692268818616867 -0.0480000376701355
v 0.037546854466199875 -0.0019902922213077545 -0.008941037580370903
v 0.037546854466199875 -0.0019902922213077545 -0.008941037580370903
v 0.03743952512741089 -0.0034692268818616867 -0.0480000376701355
v 0.037599995732307434 8.337775433742606e-18 -0.0087180370464921
v 0.037599995732307434 8.337775433742606e-18 -0.0087180370464921
v 0.03743952512741089 -0.0034692268818616867 -0.0480000376701355
v 0.03743952512741089 0.0034692268818616867 -0.0480000376701355
v 0.037599995732307434 8.337775433742606e-18 -0.0087180370464921
v 0.03743952512741089 0.0034692268818616867 -0.0480000376701355
v 0.037546854466199875 0.0019902922213077545 -0.008941037580370903
v 0.037546854466199875 0.0019902922213077545 -0.008941037580370903
v 0.03743952512741089 0.0034692268818616867 -0.0480000376701355
v 0.03740948066115379 0.0037820590659976006 -0.009499037638306618
v 0.03740948066115379 0.0037820590659976006 -0.009499037638306618
v 0.03743952512741089 0.0034692268818616867 -0.0480000376701355
v 0.036932215094566345 0.007053759414702654 -0.011202037334442139
v 0.036932215094566345 0.007053759414702654 -0.011202037334442139
v 0.03743952512741089 0.0034692268818616867 -0.0480000376701355
v 0.03616413474082947 0.010289366357028484 -0.0480000376701355
v 0.036932215094566345 0.007053759414702654 -0.011202037334442139
v 0.03616413474082947 0.010289366357028484 -0.0480000376701355
v 0.03620126470923424 0.010159018449485302 -0.013366036117076874
v 0.03620126470923424 0.010159018449485302 -0.013366036117076874
v 0.03616413474082947 0.010289366357028484 -0.0480000376701355
v 0.035203613340854645 0.013208126649260521 -0.015796035528182983
v 0.035203613340854645 0.013208126649260521 -0.015796035528182983
v 0.03616413474082947 0.010289366357028484 -0.0480000376701355
v 0.033658467233181 0.01675957255065441 -0.0480000339448452
v 0.035203613340854645 0.013208126649260521 -0.015796035528182983
v 0.033658467233181 0.01675957255065441 -0.0480000339448452
v 0.032328955829143524 0.019199060276150703 -0.021038031205534935
v 0.032328955829143524 0.019199060276150703 -0.021038031205534935
v 0.033658467233181 0.01675957255065441 -0.0480000339448452
v 0.03000575304031372 0.022659264504909515 -0.0480000302195549
v 0.032328955829143524 0.019199060276150703 -0.021038031205534935
v 0.03000575304031372 0.022659264504909515 -0.0480000302195549
v 0.02827717922627926 0.024780908599495888 -0.026208028197288513
v 0.02827717922627926 0.024780908599495888 -0.026208028197288513
v 0.03000575304031372 0.022659264504909515 -0.0480000302195549
v 0.025331322103738785 0.027786901220679283 -0.0480000264942646
v 0.02827717922627926 0.024780908599495888 -0.026208028197288513
v 0.025331322103738785 0.027786901220679283 -0.0480000264942646
v 0.02583468332886696 0.02731865644454956 -0.028606025502085686
v 0.02583468332886696 0.02731865644454956 -0.028606025502085686
v 0.025331322103738785 0.027786901220679283 -0.0480000264942646
v 0.023028213530778885 0.029723050072789192 -0.03089902177453041
v 0.023028213530778885 0.029723050072789192 -0.03089902177453041
v 0.025331322103738785 0.027786901220679283 -0.0480000264942646
v 0.019793596118688583 0.031968023627996445 -0.048000019043684006
v 0.023028213530778885 0.029723050072789192 -0.03089902177453041
v 0.019793596118688583 0.031968023627996445 -0.048000019043684006
v 0.019839731976389885 0.03193894401192665 -0.033026017248630524
v 0.019839731976389885 0.03193894401192665 -0.033026017248630524
v 0.019793596118688583 0.031968023627996445 -0.048000019043684006
v 0.016309339553117752 0.03387810289859772 -0.03489501401782036
v 0.016309339553117752 0.03387810289859772 -0.03489501401782036
v 0.019793596118688583 0.031968023627996445 -0.048000019043684006
v 0.013583075255155563 0.035061247646808624 -0.04800001531839371
v 0.016309339553117752 0.03387810289859772 -0.03489501401782036
v 0.013583075255155563 0.035061247646808624 -0.04800001531839371
v 0.012488177046179771 0.03546532616019249 -0.03642901033163071
v 0.012488177046179771 0.03546532616019249 -0.03642901033163071
v 0.013583075255155563 0.035061247646808624 -0.04800001531839371
v 0.008439408615231514 0.03664045035839081 -0.03756900876760483
v 0.008439408615231514 0.03664045035839081 -0.03756900876760483
v 0.013583075255155563 0.035061247646808624 -0.04800001531839371
v 0.006909327115863562 0.036959294229745865 -0.04800000786781311
v 0.008439408615231514 0.03664045035839081 -0.03756900876760483
v 0.006909327115863562 0.036959294229745865 -0.04800000786781311
v 0.004245253745466471 0.0373583622276783 -0.038266003131866455
v 0.004245253745466471 0.0373583622276783 -0.038266003131866455
v 0.006909327115863562 0.036959294229745865 -0.04800000786781311
v -4.800000041882413e-8 0.03760000318288803 -0.04800000041723251
v 0.004245253745466471 0.0373583622276783 -0.038266003131866455
v -4.800000041882413e-8 0.03760000318288803 -0.04800000041723251
v -3.8500001409147444e-8 0.03760000318288803 -0.03849999979138374
v 0.006890952121466398 0.03686099871993065 -0.04810000956058502
v 0.006522952113300562 0.03489600121974945 -0.04810000956058502
v -4.809999865074133e-8 0.03750000149011612 -0.048100002110004425
v -4.809999865074133e-8 0.03750000149011612 -0.048100002110004425
v 0.006522952113300562 0.03489600121974945 -0.04810000956058502
v -4.809999865074133e-8 0.03550000116229057 -0.048100002110004425
v -4.809999865074133e-8 0.03750000149011612 -0.048100002110004425
v -4.809999865074133e-8 0.03550000116229057 -0.048100002110004425
v -0.006523048039525747 0.03489600121974945 -0.04809999465942383
v 0.006522952113300562 0.03489600121974945 -0.04810000956058502
v 0.006890952121466398 0.03686099871993065 -0.04810000956058502
v 0.012823951430618763 0.03310300037264824 -0.04810001328587532
v 0.012823951430618763 0.03310300037264824 -0.04810001328587532
v 0.006890952121466398 0.03686099871993065 -0.04810000956058502
v 0.013546951115131378 0.034967999905347824 -0.04810001701116562
v 0.012823951430618763 0.03310300037264824 -0.04810001328587532
v 0.013546951115131378 0.034967999905347824 -0.04810001701116562
v 0.018687952309846878 0.03018300049006939 -0.04810002073645592
v 0.018687952309846878 0.03018300049006939 -0.04810002073645592
v 0.013546951115131378 0.034967999905347824 -0.04810001701116562
v 0.01974095217883587 0.03188300132751465 -0.04810002073645592
v 0.018687952309846878 0.03018300049006939 -0.04810002073645592
v 0.01974095217883587 0.03188300132751465 -0.04810002073645592
v 0.023915952071547508 0.026234999299049377 -0.048100024461746216
v 0.023915952071547508 0.026234999299049377 -0.048100024461746216
v 0.01974095217883587 0.03188300132751465 -0.04810002073645592
v 0.02526395209133625 0.027713000774383545 -0.048100028187036514
v 0.023915952071547508 0.026234999299049377 -0.048100024461746216
v 0.02526395209133625 0.027713000774383545 -0.048100028187036514
v 0.02832995168864727 0.021393999457359314 -0.04810003191232681
v 0.02832995168864727 0.021393999457359314 -0.04810003191232681
v 0.02526395209133625 0.027713000774383545 -0.048100028187036514
v 0.02992595173418522 0.022599000483751297 -0.04810003191232681
v 0.02832995168864727 0.021393999457359314 -0.04810003191232681
v 0.02992595173418522 0.022599000483751297 -0.04810003191232681
v 0.03177795186638832 0.015823999419808388 -0.04810003563761711
v 0.03177795186638832 0.015823999419808388 -0.04810003563761711
v 0.02992595173418522 0.022599000483751297 -0.04810003191232681
v 0.03356895223259926 0.016714999452233315 -0.04810003563761711
v 0.03177795186638832 0.015823999419808388 -0.04810003563761711
v 0.03356895223259926 0.016714999452233315 -0.04810003563761711
v 0.03414495289325714 0.009715000167489052 -0.04810003563761711
v 0.03414495289325714 0.009715000167489052 -0.04810003563761711
v 0.03356895223259926 0.016714999452233315 -0.04810003563761711
v 0.03606795147061348 0.010262000374495983 -0.04810003936290741
v 0.03414495289325714 0.009715000167489052 -0.04810003563761711
v 0.03606795147061348 0.010262000374495983 -0.04810003936290741
v 0.03534895181655884 0.0032760000322014093 -0.04810003563761711
v 0.03534895181655884 0.0032760000322014093 -0.04810003563761711
v 0.03606795147061348 0.010262000374495983 -0.04810003936290741
v 0.0373399518430233 0.0034600000362843275 -0.04810003936290741
v 0.03534895181655884 0.0032760000322014093 -0.04810003563761711
v 0.0373399518430233 0.0034600000362843275 -0.04810003936290741
v 0.0373399518430233 -0.0034600000362843275 -0.04810003936290741
v 0.03534895181655884 0.0032760000322014093 -0.04810003563761711
v 0.0373399518430233 -0.0034600000362843275 -0.04810003936290741
v 0.03534895181655884 -0.0032760000322014093 -0.04810003563761711
v 0.03534895181655884 -0.0032760000322014093 -0.04810003563761711
v 0.0373399518430233 -0.0034600000362843275 -0.04810003936290741
v 0.03606795147061348 -0.010262000374495983 -0.04810003936290741
v 0.03534895181655884 -0.0032760000322014093 -0.04810003563761711
v 0.03606795147061348 -0.010262000374495983 -0.04810003936290741
v 0.03414495289325714 -0.009715000167489052 -0.04810003563761711
v 0.03414495289325714 -0.009715000167489052 -0.04810003563761711
v 0.03606795147061348 -0.010262000374495983 -0.04810003936290741
v 0.03356895223259926 -0.016714999452233315 -0.04810003563761711
v 0.03414495289325714 -0.009715000167489052 -0.04810003563761711
v 0.03356895223259926 -0.016714999452233315 -0.04810003563761711
v 0.03177795186638832 -0.015823999419808388 -0.04810003563761711
v 0.03177795186638832 -0.015823999419808388 -0.04810003563761711
v 0.03356895223259926 -0.016714999452233315 -0.04810003563761711
v 0.02992595173418522 -0.022599000483751297 -0.04810003191232681
v 0.03177795186638832 -0.015823999419808388 -0.04810003563761711
v 0.02992595173418522 -0.022599000483751297 -0.04810003191232681
v 0.02832995168864727 -0.021393999457359314 -0.04810003191232681
v 0.02832995168864727 -0.021393999457359314 -0.04810003191232681
v 0.02992595173418522 -0.022599000483751297 -0.04810003191232681
v 0.02526395209133625 -0.027713000774383545 -0.048100028187036514
v 0.02832995168864727 -0.021393999457359314 -0.04810003191232681
v 0.02526395209133625 -0.027713000774383545 -0.048100028187036514
v 0.023915952071547508 -0.026234999299049377 -0.048100024461746216
v 0.023915952071547508 -0.026234999299049377 -0.048100024461746216
v 0.02526395209133625 -0.027713000774383545 -0.048100028187036514
v 0.01974095217883587 -0.03188300132751465 -0.04810002073645592
v 0.023915952071547508 -0.026234999299049377 -0.048100024461746216
v 0.01974095217883587 -0.03188300132751465 -0.04810002073645592
v 0.018687952309846878 -0.03018300049006939 -0.04810002073645592
v 0.018687952309846878 -0.03018300049006939 -0.04810002073645592
v 0.01974095217883587 -0.03188300132751465 -0.04810002073645592
v 0.013546951115131378 -0.034967999905347824 -0.04810001701116562
v 0.018687952309846878 -0.03018300049006939 -0.04810002073645592
v 0.013546951115131378 -0.034967999905347824 -0.04810001701116562
v 0.012823951430618763 -0.03310300037264824 -0.04810001328587532
v 0.012823951430618763 -0.03310300037264824 -0.04810001328587532
v 0.013546951115131378 -0.034967999905347824 -0.04810001701116562
v 0.006890952121466398 -0.03686099871993065 -0.04810000956058502
v 0.012823951430618763 -0.03310300037264824 -0.04810001328587532
v 0.006890952121466398 -0.03686099871993065 -0.04810000956058502
v 0.006522952113300562 -0.03489600121974945 -0.04810000956058502
v 0.006522952113300562 -0.03489600121974945 -0.04810000956058502
v 0.006890952121466398 -0.03686099871993065 -0.04810000956058502
v -4.809999865074133e-8 -0.03750000149011612 -0.048100002110004425
v 0.006522952113300562 -0.03489600121974945 -0.04810000956058502
v -4.809999865074133e-8 -0.03750000149011612 -0.048100002110004425
v -4.809999865074133e-8 -0.03550000116229057 -0.048100002110004425
v -4.809999865074133e-8 -0.03550000116229057 -0.048100002110004425
v -4.809999865074133e-8 -0.03750000149011612 -0.048100002110004425
v -0.006523048039525747 -0.03489600121974945 -0.04809999465942383
v -0.006523048039525747 -0.03489600121974945 -0.04809999465942383
v -4.809999865074133e-8 -0.03750000149011612 -0.048100002110004425
v -0.006891048047691584 -0.03686099871993065 -0.04809999465942383
v -0.006523048039525747 -0.03489600121974945 -0.04809999465942383
v -0.006891048047691584 -0.03686099871993065 -0.04809999465942383
v -0.012824048288166523 -0.03310300037264824 -0.04809999093413353
v -0.012824048288166523 -0.03310300037264824 -0.04809999093413353
v -0.006891048047691584 -0.03686099871993065 -0.04809999465942383
v -0.013547047972679138 -0.034967999905347824 -0.04809998720884323
v -0.012824048288166523 -0.03310300037264824 -0.04809999093413353
v -0.013547047972679138 -0.034967999905347824 -0.04809998720884323
v -0.018688049167394638 -0.03018300049006939 -0.04809998348355293
v -0.018688049167394638 -0.03018300049006939 -0.04809998348355293
v -0.013547047972679138 -0.034967999905347824 -0.04809998720884323
v -0.01974104903638363 -0.03188300132751465 -0.04809998348355293
v -0.018688049167394638 -0.03018300049006939 -0.04809998348355293
v -0.01974104903638363 -0.03188300132751465 -0.04809998348355293
v -0.023916048929095268 -0.026234999299049377 -0.048099979758262634
v -0.023916048929095268 -0.026234999299049377 -0.048099979758262634
v -0.01974104903638363 -0.03188300132751465 -0.04809998348355293
v -0.02526404894888401 -0.027713000774383545 -0.048099976032972336
v -0.023916048929095268 -0.026234999299049377 -0.048099979758262634
v -0.02526404894888401 -0.027713000774383545 -0.048099976032972336
v -0.02833004854619503 -0.021393999457359314 -0.04809997230768204
v -0.02833004854619503 -0.021393999457359314 -0.04809997230768204
v -0.02526404894888401 -0.027713000774383545 -0.048099976032972336
v -0.02992604859173298 -0.022599000483751297 -0.04809997230768204
v -0.02833004854619503 -0.021393999457359314 -0.04809997230768204
v -0.02992604859173298 -0.022599000483751297 -0.04809997230768204
v -0.03177804872393608 -0.015823999419808388 -0.04809996858239174
v -0.03177804872393608 -0.015823999419808388 -0.04809996858239174
v -0.02992604859173298 -0.022599000483751297 -0.04809997230768204
v -0.03356904909014702 -0.016714999452233315 -0.04809996858239174
v -0.03177804872393608 -0.015823999419808388 -0.04809996858239174
v -0.03356904909014702 -0.016714999452233315 -0.04809996858239174
v -0.0341450497508049 -0.009715000167489052 -0.04809996858239174
v -0.0341450497508049 -0.009715000167489052 -0.04809996858239174
v -0.03356904909014702 -0.016714999452233315 -0.04809996858239174
v -0.03606804832816124 -0.010262000374495983 -0.04809996485710144
v -0.0341450497508049 -0.009715000167489052 -0.04809996858239174
v -0.03606804832816124 -0.010262000374495983 -0.04809996485710144
v -0.0353490486741066 -0.0032760000322014093 -0.04809996858239174
v -0.0353490486741066 -0.0032760000322014093 -0.04809996858239174
v -0.03606804832816124 -0.010262000374495983 -0.04809996485710144
v -0.03734004870057106 -0.0034600000362843275 -0.04809996485710144
v -0.0353490486741066 -0.0032760000322014093 -0.04809996858239174
v -0.03734004870057106 -0.0034600000362843275 -0.04809996485710144
v -0.03734004870057106 0.0034600000362843275 -0.04809996485710144
v -0.0353490486741066 -0.0032760000322014093 -0.04809996858239174
v -0.03734004870057106 0.0034600000362843275 -0.04809996485710144
v -0.0353490486741066 0.0032760000322014093 -0.04809996858239174
v -0.0353490486741066 0.0032760000322014093 -0.04809996858239174
v -0.03734004870057106 0.0034600000362843275 -0.04809996485710144
v -0.03606804832816124 0.010262000374495983 -0.04809996485710144
v -0.0353490486741066 0.0032760000322014093 -0.04809996858239174
v -0.03606804832816124 0.010262000374495983 -0.04809996485710144
v -0.0341450497508049 0.009715000167489052 -0.04809996858239174
v -0.0341450497508049 0.009715000167489052 -0.04809996858239174
v -0.03606804832816124 0.010262000374495983 -0.04809996485710144
v -0.03356904909014702 0.016714999452233315 -0.04809996858239174
v -0.0341450497508049 0.009715000167489052 -0.04809996858239174
v -0.03356904909014702 0.016714999452233315 -0.04809996858239174
v -0.03177804872393608 0.015823999419808388 -0.04809996858239174
v -0.03177804872393608 0.015823999419808388 -0.04809996858239174
v -0.03356904909014702 0.016714999452233315 -0.04809996858239174
v -0.02992604859173298 0.022599000483751297 -0.04809997230768204
v -0.03177804872393608 0.015823999419808388 -0.04809996858239174
v -0.02992604859173298 0.022599000483751297 -0.04809997230768204
v -0.02833004854619503 0.021393999457359314 -0.04809997230768204
v -0.02833004854619503 0.021393999457359314 -0.04809997230768204
v -0.02992604859173298 0.022599000483751297 -0.04809997230768204
v -0.02526404894888401 0.027713000774383545 -0.048099976032972336
v -0.02833004854619503 0.021393999457359314 -0.04809997230768204
v -0.02526404894888401 0.027713000774383545 -0.048099976032972336
v -0.023916048929095268 0.026234999299049377 -0.048099979758262634
v -0.023916048929095268 0.026234999299049377 -0.048099979758262634
v -0.02526404894888401 0.027713000774383545 -0.048099976032972336
v -0.01974104903638363 0.03188300132751465 -0.04809998348355293
v -0.023916048929095268 0.026234999299049377 -0.048099979758262634
v -0.01974104903638363 0.03188300132751465 -0.04809998348355293
v -0.018688049167394638 0.03018300049006939 -0.04809998348355293
v -0.018688049167394638 0.03018300049006939 -0.04809998348355293
v -0.01974104903638363 0.03188300132751465 -0.04809998348355293
v -0.013547047972679138 0.034967999905347824 -0.04809998720884323
v -0.018688049167394638 0.03018300049006939 -0.04809998348355293
v -0.013547047972679138 0.034967999905347824 -0.04809998720884323
v -0.012824048288166523 0.03310300037264824 -0.04809999093413353
v -0.012824048288166523 0.03310300037264824 -0.04809999093413353
v -0.013547047972679138 0.034967999905347824 -0.04809998720884323
v -0.006891048047691584 0.03686099871993065 -0.04809999465942383
v -0.012824048288166523 0.03310300037264824 -0.04809999093413353
v -0.006891048047691584 0.03686099871993065 -0.04809999465942383
v -0.006523048039525747 0.03489600121974945 -0.04809999465942383
v -0.006523048039525747 0.03489600121974945 -0.04809999465942383
v -0.006891048047691584 0.03686099871993065 -0.04809999465942383
v -4.809999865074133e-8 0.03750000149011612 -0.048100002110004425
v -4.800000041882413e-8 0.03539999946951866 -0.04800000041723251
v -4.19999999223819e-8 0.03539999946951866 -0.041999999433755875
v -0.006504673045128584 0.034797705709934235 -0.047999992966651917
v -0.006504673045128584 0.034797705709934235 -0.047999992966651917
v -4.19999999223819e-8 0.03539999946951866 -0.041999999433755875
v -0.006504666991531849 0.034797705709934235 -0.04199999198317528
v -0.006504673045128584 0.034797705709934235 -0.047999992966651917
v -0.006504666991531849 0.034797705709934235 -0.04199999198317528
v -0.012787917628884315 0.03300975263118744 -0.04199998825788498
v -0.006504673045128584 0.034797705709934235 -0.047999992966651917
v -0.012787917628884315 0.03300975263118744 -0.04199998825788498
v -0.012787924148142338 0.03300975263118744 -0.04799998924136162
v -0.012787924148142338 0.03300975263118744 -0.04799998924136162
v -0.012787917628884315 0.03300975263118744 -0.04199998825788498
v -0.018635399639606476 0.030097978189587593 -0.04199998080730438
v -0.012787924148142338 0.03300975263118744 -0.04799998924136162
v -0.018635399639606476 0.030097978189587593 -0.04199998080730438
v -0.018635405227541924 0.030097978189587593 -0.04799998179078102
v -0.018635405227541924 0.030097978189587593 -0.04799998179078102
v -0.018635399639606476 0.030097978189587593 -0.04199998080730438
v -0.023848673328757286 0.02616109885275364 -0.041999977082014084
v -0.018635405227541924 0.030097978189587593 -0.04799998179078102
v -0.023848673328757286 0.02616109885275364 -0.041999977082014084
v -0.023848678916692734 0.02616109885275364 -0.04799997806549072
v -0.023848678916692734 0.02616109885275364 -0.04799997806549072
v -0.023848673328757286 0.02616109885275364 -0.041999977082014084
v -0.02825024165213108 0.021333735436201096 -0.04199996963143349
v -0.023848678916692734 0.02616109885275364 -0.04799997806549072
v -0.02825024165213108 0.021333735436201096 -0.04199996963143349
v -0.02825024724006653 0.021333735436201096 -0.047999970614910126
v -0.02825024724006653 0.021333735436201096 -0.047999970614910126
v -0.02825024165213108 0.021333735436201096 -0.04199996963143349
v -0.03168852627277374 0.01577942632138729 -0.04199996590614319
v -0.02825024724006653 0.021333735436201096 -0.047999970614910126
v -0.03168852627277374 0.01577942632138729 -0.04199996590614319
v -0.03168853372335434 0.01577942632138729 -0.04799996688961983
v -0.03168853372335434 0.01577942632138729 -0.04799996688961983
v -0.03168852627277374 0.01577942632138729 -0.04199996590614319
v -0.034048859030008316 0.00968763418495655 -0.04199996590614319
v -0.03168853372335434 0.01577942632138729 -0.04799996688961983
v -0.034048859030008316 0.00968763418495655 -0.04199996590614319
v -0.03404886648058891 0.00968763418495655 -0.04799996688961983
v -0.03404886648058891 0.00968763418495655 -0.04799996688961983
v -0.034048859030008316 0.00968763418495655 -0.04199996590614319
v -0.03524946793913841 0.00326677318662405 -0.04199996590614319
v -0.03404886648058891 0.00968763418495655 -0.04799996688961983
v -0.03524946793913841 0.00326677318662405 -0.04199996590614319
v -0.03524947538971901 0.00326677318662405 -0.04799996688961983
v -0.03524947538971901 0.00326677318662405 -0.04799996688961983
v -0.03524946793913841 0.00326677318662405 -0.04199996590614319
v -0.03524946793913841 -0.00326677318662405 -0.04199996590614319
v -0.03524947538971901 0.00326677318662405 -0.04799996688961983
v -0.03524946793913841 -0.00326677318662405 -0.04199996590614319
v -0.03524947538971901 -0.00326677318662405 -0.04799996688961983
v -0.03524947538971901 -0.00326677318662405 -0.04799996688961983
v -0.03524946793913841 -0.00326677318662405 -0.04199996590614319
v -0.034048859030008316 -0.00968763418495655 -0.04199996590614319
v -0.03524947538971901 -0.00326677318662405 -0.04799996688961983
v -0.034048859030008316 -0.00968763418495655 -0.04199996590614319
v -0.03404886648058891 -0.00968763418495655 -0.04799996688961983
v -0.03404886648058891 -0.00968763418495655 -0.04799996688961983
v -0.034048859030008316 -0.00968763418495655 -0.04199996590614319
v -0.03168852627277374 -0.01577942632138729 -0.04199996590614319
v -0.03404886648058891 -0.00968763418495655 -0.04799996688961983
v -0.03168852627277374 -0.01577942632138729 -0.04199996590614319
v -0.03168853372335434 -0.01577942632138729 -0.04799996688961983
v -0.03168853372335434 -0.01577942632138729 -0.04799996688961983
v -0.03168852627277374 -0.01577942632138729 -0.04199996590614319
v -0.02825024165213108 -0.021333735436201096 -0.04199996963143349
v -0.03168853372335434 -0.01577942632138729 -0.04799996688961983
v -0.02825024165213108 -0.021333735436201096 -0.04199996963143349
v -0.02825024724006653 -0.021333735436201096 -0.047999970614910126
v -0.02825024724006653 -0.021333735436201096 -0.047999970614910126
v -0.02825024165213108 -0.021333735436201096 -0.04199996963143349
v -0.023848673328757286 -0.02616109885275364 -0.041999977082014084
v -0.02825024724006653 -0.021333735436201096 -0.047999970614910126
v -0.023848673328757286 -0.02616109885275364 -0.041999977082014084
v -0.023848678916692734 -0.02616109885275364 -0.04799997806549072
v -0.023848678916692734 -0.02616109885275364 -0.04799997806549072
v -0.023848673328757286 -0.02616109885275364 -0.041999977082014084
v -0.018635399639606476 -0.030097978189587593 -0.04199998080730438
v -0.023848678916692734 -0.02616109885275364 -0.04799997806549072
v -0.018635399639606476 -0.030097978189587593 -0.04199998080730438
v -0.018635405227541924 -0.030097978189587593 -0.04799998179078102
v -0.018635405227541924 -0.030097978189587593 -0.04799998179078102
v -0.018635399639606476 -0.030097978189587593 -0.04199998080730438
v -0.012787917628884315 -0.03300975263118744 -0.04199998825788498
v -0.018635405227541924 -0.030097978189587593 -0.04799998179078102
v -0.012787917628884315 -0.03300975263118744 -0.04199998825788498
v -0.012787924148142338 -0.03300975263118744 -0.04799998924136162
v -0.012787924148142338 -0.03300975263118744 -0.04799998924136162
v -0.012787917628884315 -0.03300975263118744 -0.04199998825788498
v -0.006504666991531849 -0.034797705709934235 -0.04199999198317528
v -0.012787924148142338 -0.03300975263118744 -0.04799998924136162
v -0.006504666991531849 -0.034797705709934235 -0.04199999198317528
v -0.006504673045128584 -0.034797705709934235 -0.047999992966651917
v -0.006504673045128584 -0.034797705709934235 -0.047999992966651917
v -0.006504666991531849 -0.034797705709934235 -0.04199999198317528
v -4.19999999223819e-8 -0.03539999946951866 -0.041999999433755875
v -0.006504673045128584 -0.034797705709934235 -0.047999992966651917
v -4.19999999223819e-8 -0.03539999946951866 -0.041999999433755875
v -4.800000041882413e-8 -0.03539999946951866 -0.04800000041723251
v -0.006523041985929012 -0.03489600121974945 -0.04209999367594719
v -0.006523041985929012 0.03489600121974945 -0.04209999367594719
v -4.20999981542991e-8 -0.03550000116229057 -0.042100001126527786
v -4.20999981542991e-8 -0.03550000116229057 -0.042100001126527786
v -0.006523041985929012 0.03489600121974945 -0.04209999367594719
v -4.20999981542991e-8 0.03550000116229057 -0.042100001126527786
v -4.20999981542991e-8 -0.03550000116229057 -0.042100001126527786
v -4.20999981542991e-8 0.03550000116229057 -0.042100001126527786
v 0.006522958166897297 -0.03489600121974945 -0.04210000857710838
v 0.006522958166897297 -0.03489600121974945 -0.04210000857710838
v -4.20999981542991e-8 0.03550000116229057 -0.042100001126527786
v 0.006522958166897297 0.03489600121974945 -0.04210000857710838
v 0.006522958166897297 -0.03489600121974945 -0.04210000857710838
v 0.006522958166897297 0.03489600121974945 -0.04210000857710838
v 0.012823957949876785 -0.03310300037264824 -0.04210001230239868
v 0.012823957949876785 -0.03310300037264824 -0.04210001230239868
v 0.006522958166897297 0.03489600121974945 -0.04210000857710838
v 0.012823957949876785 0.03310300037264824 -0.04210001230239868
v 0.012823957949876785 -0.03310300037264824 -0.04210001230239868
v 0.012823957949876785 0.03310300037264824 -0.04210001230239868
v 0.018687957897782326 -0.03018300049006939 -0.04210001975297928
v 0.018687957897782326 -0.03018300049006939 -0.04210001975297928
v 0.012823957949876785 0.03310300037264824 -0.04210001230239868
v 0.018687957897782326 0.03018300049006939 -0.04210001975297928
v 0.018687957897782326 -0.03018300049006939 -0.04210001975297928
v 0.018687957897782326 0.03018300049006939 -0.04210001975297928
v 0.023915957659482956 -0.026234999299049377 -0.04210002347826958
v 0.023915957659482956 -0.026234999299049377 -0.04210002347826958
v 0.018687957897782326 0.03018300049006939 -0.04210001975297928
v 0.023915957659482956 0.026234999299049377 -0.04210002347826958
v 0.023915957659482956 -0.026234999299049377 -0.04210002347826958
v 0.023915957659482956 0.026234999299049377 -0.04210002347826958
v 0.028329957276582718 -0.021393999457359314 -0.042100030928850174
v 0.028329957276582718 -0.021393999457359314 -0.042100030928850174
v 0.023915957659482956 0.026234999299049377 -0.04210002347826958
v 0.028329957276582718 0.021393999457359314 -0.042100030928850174
v 0.028329957276582718 -0.021393999457359314 -0.042100030928850174
v 0.028329957276582718 0.021393999457359314 -0.042100030928850174
v 0.03177795931696892 -0.015823999419808388 -0.04210003465414047
v 0.03177795931696892 -0.015823999419808388 -0.04210003465414047
v 0.028329957276582718 0.021393999457359314 -0.042100030928850174
v 0.03177795931696892 0.015823999419808388 -0.04210003465414047
v 0.03177795931696892 -0.015823999419808388 -0.04210003465414047
v 0.03177795931696892 0.015823999419808388 -0.04210003465414047
v 0.03414496034383774 -0.009715000167489052 -0.04210003465414047
v 0.03414496034383774 -0.009715000167489052 -0.04210003465414047
v 0.03177795931696892 0.015823999419808388 -0.04210003465414047
v 0.03414496034383774 0.009715000167489052 -0.04210003465414047
v 0.03414496034383774 -0.009715000167489052 -0.04210003465414047
v 0.03414496034383774 0.009715000167489052 -0.04210003465414047
v 0.035348959267139435 -0.0032760000322014093 -0.04210003465414047
v 0.035348959267139435 -0.0032760000322014093 -0.04210003465414047
v 0.03414496034383774 0.009715000167489052 -0.04210003465414047
v 0.035348959267139435 0.0032760000322014093 -0.04210003465414047
v -0.006523041985929012 0.03489600121974945 -0.04209999367594719
v -0.006523041985929012 -0.03489600121974945 -0.04209999367594719
v -0.0128240417689085 0.03310300037264824 -0.04209998995065689
v -0.0128240417689085 0.03310300037264824 -0.04209998995065689
v -0.006523041985929012 -0.03489600121974945 -0.04209999367594719
v -0.0128240417689085 -0.03310300037264824 -0.04209998995065689
v -0.0128240417689085 0.03310300037264824 -0.04209998995065689
v -0.0128240417689085 -0.03310300037264824 -0.04209998995065689
v -0.01868804357945919 0.03018300049006939 -0.042099982500076294
v -0.01868804357945919 0.03018300049006939 -0.042099982500076294
v -0.0128240417689085 -0.03310300037264824 -0.04209998995065689
v -0.01868804357945919 -0.03018300049006939 -0.042099982500076294
v -0.01868804357945919 0.03018300049006939 -0.042099982500076294
v -0.01868804357945919 -0.03018300049006939 -0.042099982500076294
v -0.02391604334115982 0.026234999299049377 -0.042099978774785995
v -0.02391604334115982 0.026234999299049377 -0.042099978774785995
v -0.01868804357945919 -0.03018300049006939 -0.042099982500076294
v -0.02391604334115982 -0.026234999299049377 -0.042099978774785995
v -0.02391604334115982 0.026234999299049377 -0.042099978774785995
v -0.02391604334115982 -0.026234999299049377 -0.042099978774785995
v -0.028330042958259583 0.021393999457359314 -0.0420999713242054
v -0.028330042958259583 0.021393999457359314 -0.0420999713242054
v -0.02391604334115982 -0.026234999299049377 -0.042099978774785995
v -0.028330042958259583 -0.021393999457359314 -0.0420999713242054
v -0.028330042958259583 0.021393999457359314 -0.0420999713242054
v -0.028330042958259583 -0.021393999457359314 -0.0420999713242054
v -0.031778041273355484 0.015823999419808388 -0.0420999675989151
v -0.031778041273355484 0.015823999419808388 -0.0420999675989151
v -0.028330042958259583 -0.021393999457359314 -0.0420999713242054
v -0.031778041273355484 -0.015823999419808388 -0.0420999675989151
v -0.031778041273355484 0.015823999419808388 -0.0420999675989151
v -0.031778041273355484 -0.015823999419808388 -0.0420999675989151
v -0.034145042300224304 0.009715000167489052 -0.0420999675989151
v -0.034145042300224304 0.009715000167489052 -0.0420999675989151
v -0.031778041273355484 -0.015823999419808388 -0.0420999675989151
v -0.034145042300224304 -0.009715000167489052 -0.0420999675989151
v -0.034145042300224304 0.009715000167489052 -0.0420999675989151
v -0.034145042300224304 -0.009715000167489052 -0.0420999675989151
v -0.035349041223526 0.0032760000322014093 -0.0420999675989151
v -0.035349041223526 0.0032760000322014093 -0.0420999675989151
v -0.034145042300224304 -0.009715000167489052 -0.0420999675989151
v -0.035349041223526 -0.0032760000322014093 -0.0420999675989151
v 0.0070739621296525 -0.049400001764297485 -0.03784400597214699
v 0.007037962321192026 -0.049400001764297485 -0.03764800727367401
v -3.8500001409147444e-8 -0.049400001764297485 -0.03849999979138374
v -3.8500001409147444e-8 -0.049400001764297485 -0.03849999979138374
v 0.007037962321192026 -0.049400001764297485 -0.03764800727367401
v -3.830000139259937e-8 -0.049400001764297485 -0.03830000013113022
v -3.8500001409147444e-8 -0.049400001764297485 -0.03849999979138374
v -3.830000139259937e-8 -0.049400001764297485 -0.03830000013113022
v -0.00703803775832057 -0.049400001764297485 -0.03764799237251282
v 0.007037962321192026 -0.049400001764297485 -0.03764800727367401
v 0.0070739621296525 -0.049400001764297485 -0.03784400597214699
v 0.013835964724421501 -0.049400001764297485 -0.03571401536464691
v 0.013835964724421501 -0.049400001764297485 -0.03571401536464691
v 0.0070739621296525 -0.049400001764297485 -0.03784400597214699
v 0.013907963410019875 -0.049400001764297485 -0.035900015383958817
v 0.013835964724421501 -0.049400001764297485 -0.03571401536464691
v 0.013907963410019875 -0.049400001764297485 -0.035900015383958817
v 0.02016196772456169 -0.049400001764297485 -0.032563019543886185
v 0.02016196772456169 -0.049400001764297485 -0.032563019543886185
v 0.013907963410019875 -0.049400001764297485 -0.035900015383958817
v 0.020267967134714127 -0.049400001764297485 -0.032733019441366196
v 0.02016196772456169 -0.049400001764297485 -0.032563019543886185
v 0.020267967134714127 -0.049400001764297485 -0.032733019441366196
v 0.0258029717952013 -0.049400001764297485 -0.028304025530815125
v 0.0258029717952013 -0.049400001764297485 -0.028304025530815125
v 0.020267967134714127 -0.049400001764297485 -0.032733019441366196
v 0.025936972349882126 -0.049400001764297485 -0.02845202572643757
v 0.0258029717952013 -0.049400001764297485 -0.028304025530815125
v 0.025936972349882126 -0.049400001764297485 -0.02845202572643757
v 0.030563978478312492 -0.049400001764297485 -0.023081030696630478
v 0.030563978478312492 -0.049400001764297485 -0.023081030696630478
v 0.025936972349882126 -0.049400001764297485 -0.02845202572643757
v 0.030723977833986282 -0.049400001764297485 -0.023201029747724533
v 0.030563978478312492 -0.049400001764297485 -0.023081030696630478
v 0.030723977833986282 -0.049400001764297485 -0.023201029747724533
v 0.034284982830286026 -0.049400001764297485 -0.017072033137083054
v 0.034284982830286026 -0.049400001764297485 -0.017072033137083054
v 0.030723977833986282 -0.049400001764297485 -0.023201029747724533
v 0.03446398302912712 -0.049400001764297485 -0.017161035910248756
v 0.034284982830286026 -0.049400001764297485 -0.017072033137083054
v 0.03446398302912712 -0.049400001764297485 -0.017161035910248756
v 0.03683798760175705 -0.049400001764297485 -0.010481037199497223
v 0.03683798760175705 -0.049400001764297485 -0.010481037199497223
v 0.03446398302912712 -0.049400001764297485 -0.017161035910248756
v 0.03702998906373978 -0.049400001764297485 -0.010536037385463715
v 0.03683798760175705 -0.049400001764297485 -0.010481037199497223
v 0.03702998906373978 -0.049400001764297485 -0.010536037385463715
v 0.03813699632883072 -0.049400001764297485 -0.003534038085490465
v 0.03813699632883072 -0.049400001764297485 -0.003534038085490465
v 0.03702998906373978 -0.049400001764297485 -0.010536037385463715
v 0.038335997611284256 -0.049400001764297485 -0.0035520384553819895
v 0.03813699632883072 -0.049400001764297485 -0.003534038085490465
v 0.038335997611284256 -0.049400001764297485 -0.0035520384553819895
v 0.03833600506186485 -0.049400001764297485 0.0035519616212695837
v 0.03813699632883072 -0.049400001764297485 -0.003534038085490465
v 0.03833600506186485 -0.049400001764297485 0.0035519616212695837
v 0.038137003779411316 -0.049400001764297485 0.0035339617170393467
v 0.038137003779411316 -0.049400001764297485 0.0035339617170393467
v 0.03833600506186485 -0.049400001764297485 0.0035519616212695837
v 0.03703001141548157 -0.049400001764297485 0.010535962879657745
v 0.038137003779411316 -0.049400001764297485 0.0035339617170393467
v 0.03703001141548157 -0.049400001764297485 0.010535962879657745
v 0.03683800995349884 -0.049400001764297485 0.010480962693691254
v 0.03683800995349884 -0.049400001764297485 0.010480962693691254
v 0.03703001141548157 -0.049400001764297485 0.010535962879657745
v 0.034464020282030106 -0.049400001764297485 0.017160965129733086
v 0.03683800995349884 -0.049400001764297485 0.010480962693691254
v 0.034464020282030106 -0.049400001764297485 0.017160965129733086
v 0.03428502008318901 -0.049400001764297485 0.01707196608185768
v 0.03428502008318901 -0.049400001764297485 0.01707196608185768
v 0.034464020282030106 -0.049400001764297485 0.017160965129733086
v 0.030724022537469864 -0.049400001764297485 0.023200970143079758
v 0.03428502008318901 -0.049400001764297485 0.01707196608185768
v 0.030724022537469864 -0.049400001764297485 0.023200970143079758
v 0.030564023181796074 -0.049400001764297485 0.023080971091985703
v 0.030564023181796074 -0.049400001764297485 0.023080971091985703
v 0.030724022537469864 -0.049400001764297485 0.023200970143079758
v 0.025937028229236603 -0.049400001764297485 0.02845197357237339
v 0.030564023181796074 -0.049400001764297485 0.023080971091985703
v 0.025937028229236603 -0.049400001764297485 0.02845197357237339
v 0.02580302767455578 -0.049400001764297485 0.028303973376750946
v 0.02580302767455578 -0.049400001764297485 0.028303973376750946
v 0.025937028229236603 -0.049400001764297485 0.02845197357237339
v 0.0202680341899395 -0.049400001764297485 0.03273298218846321
v 0.02580302767455578 -0.049400001764297485 0.028303973376750946
v 0.0202680341899395 -0.049400001764297485 0.03273298218846321
v 0.020162031054496765 -0.049400001764297485 0.0325629822909832
v 0.020162031054496765 -0.049400001764297485 0.0325629822909832
v 0.0202680341899395 -0.049400001764297485 0.03273298218846321
v 0.013908036053180695 -0.049400001764297485 0.03589998558163643
v 0.020162031054496765 -0.049400001764297485 0.0325629822909832
v 0.013908036053180695 -0.049400001764297485 0.03589998558163643
v 0.013836035504937172 -0.049400001764297485 0.035713985562324524
v 0.013836035504937172 -0.049400001764297485 0.035713985562324524
v 0.013908036053180695 -0.049400001764297485 0.03589998558163643
v 0.007074037566781044 -0.049400001764297485 0.037843991070985794
v 0.013836035504937172 -0.049400001764297485 0.035713985562324524
v 0.007074037566781044 -0.049400001764297485 0.037843991070985794
v 0.00703803775832057 -0.049400001764297485 0.03764799237251282
v 0.00703803775832057 -0.049400001764297485 0.03764799237251282
v 0.007074037566781044 -0.049400001764297485 0.037843991070985794
v 3.8500001409147444e-8 -0.049400001764297485 0.03849999979138374
v 0.00703803775832057 -0.049400001764297485 0.03764799237251282
v 3.8500001409147444e-8 -0.049400001764297485 0.03849999979138374
v 3.830000139259937e-8 -0.049400001764297485 0.03830000013113022
v 3.830000139259937e-8 -0.049400001764297485 0.03830000013113022
v 3.8500001409147444e-8 -0.049400001764297485 0.03849999979138374
v -0.007037962321192026 -0.049400001764297485 0.03764800727367401
v -0.007037962321192026 -0.049400001764297485 0.03764800727367401
v 3.8500001409147444e-8 -0.049400001764297485 0.03849999979138374
v -0.0070739621296525 -0.049400001764297485 0.03784400597214699
v -0.007037962321192026 -0.049400001764297485 0.03764800727367401
v -0.0070739621296525 -0.049400001764297485 0.03784400597214699
v -0.013835964724421501 -0.049400001764297485 0.03571401536464691
v -0.013835964724421501 -0.049400001764297485 0.03571401536464691
v -0.0070739621296525 -0.049400001764297485 0.03784400597214699
v -0.013907963410019875 -0.049400001764297485 0.035900015383958817
v -0.013835964724421501 -0.049400001764297485 0.03571401536464691
v -0.013907963410019875 -0.049400001764297485 0.035900015383958817
v -0.02016196772456169 -0.049400001764297485 0.032563019543886185
v -0.02016196772456169 -0.049400001764297485 0.032563019543886185
v -0.013907963410019875 -0.049400001764297485 0.035900015383958817
v -0.020267967134714127 -0.049400001764297485 0.032733019441366196
v -0.02016196772456169 -0.049400001764297485 0.032563019543886185
v -0.020267967134714127 -0.049400001764297485 0.032733019441366196
v -0.0258029717952013 -0.049400001764297485 0.028304025530815125
v -0.0258029717952013 -0.049400001764297485 0.028304025530815125
v -0.020267967134714127 -0.049400001764297485 0.032733019441366196
v -0.025936972349882126 -0.049400001764297485 0.02845202572643757
v -0.0258029717952013 -0.049400001764297485 0.028304025530815125
v -0.025936972349882126 -0.049400001764297485 0.02845202572643757
v -0.030563978478312492 -0.049400001764297485 0.023081030696630478
v -0.030563978478312492 -0.049400001764297485 0.023081030696630478
v -0.025936972349882126 -0.049400001764297485 0.02845202572643757
v -0.030723977833986282 -0.049400001764297485 0.023201029747724533
v -0.030563978478312492 -0.049400001764297485 0.023081030696630478
v -0.030723977833986282 -0.049400001764297485 0.023201029747724533
v -0.034284982830286026 -0.049400001764297485 0.017072033137083054
v -0.034284982830286026 -0.049400001764297485 0.017072033137083054
v -0.030723977833986282 -0.049400001764297485 0.023201029747724533
v -0.03446398302912712 -0.049400001764297485 0.017161035910248756
v -0.034284982830286026 -0.049400001764297485 0.017072033137083054
v -0.03446398302912712 -0.049400001764297485 0.017161035910248756
v -0.03683798760175705 -0.049400001764297485 0.010481037199497223
v -0.03683798760175705 -0.049400001764297485 0.010481037199497223
v -0.03446398302912712 -0.049400001764297485 0.017161035910248756
v -0.03702998906373978 -0.049400001764297485 0.010536037385463715
v -0.03683798760175705 -0.049400001764297485 0.010481037199497223
v -0.03702998906373978 -0.049400001764297485 0.010536037385463715
v -0.03813699632883072 -0.049400001764297485 0.003534038085490465
v -0.03813699632883072 -0.049400001764297485 0.003534038085490465
v -0.03702998906373978 -0.049400001764297485 0.010536037385463715
v -0.038335997611284256 -0.049400001764297485 0.0035520384553819895
v -0.03813699632883072 -0.049400001764297485 0.003534038085490465
v -0.038335997611284256 -0.049400001764297485 0.0035520384553819895
v -0.038137003779411316 -0.049400001764297485 -0.0035339617170393467
v -0.038137003779411316 -0.049400001764297485 -0.0035339617170393467
v -0.038335997611284256 -0.049400001764297485 0.0035520384553819895
v -0.03833600506186485 -0.049400001764297485 -0.0035519616212695837
v -0.038137003779411316 -0.049400001764297485 -0.0035339617170393467
v -0.03833600506186485 -0.049400001764297485 -0.0035519616212695837
v -0.03703001141548157 -0.049400001764297485 -0.010535962879657745
v -0.038137003779411316 -0.049400001764297485 -0.0035339617170393467
v -0.03703001141548157 -0.049400001764297485 -0.010535962879657745
v -0.03683800995349884 -0.049400001764297485 -0.010480962693691254
v -0.03683800995349884 -0.049400001764297485 -0.010480962693691254
v -0.03703001141548157 -0.049400001764297485 -0.010535962879657745
v -0.034464020282030106 -0.049400001764297485 -0.017160965129733086
v -0.03683800995349884 -0.049400001764297485 -0.010480962693691254
v -0.034464020282030106 -0.049400001764297485 -0.017160965129733086
v -0.03428502008318901 -0.049400001764297485 -0.01707196608185768
v -0.03428502008318901 -0.049400001764297485 -0.01707196608185768
v -0.034464020282030106 -0.049400001764297485 -0.017160965129733086
v -0.030724022537469864 -0.049400001764297485 -0.023200970143079758
v -0.03428502008318901 -0.049400001764297485 -0.01707196608185768
v -0.030724022537469864 -0.049400001764297485 -0.023200970143079758
v -0.030564023181796074 -0.049400001764297485 -0.023080971091985703
v -0.030564023181796074 -0.049400001764297485 -0.023080971091985703
v -0.030724022537469864 -0.049400001764297485 -0.023200970143079758
v -0.025937028229236603 -0.049400001764297485 -0.02845197357237339
v -0.030564023181796074 -0.049400001764297485 -0.023080971091985703
v -0.025937028229236603 -0.049400001764297485 -0.02845197357237339
v -0.02580302767455578 -0.049400001764297485 -0.028303973376750946
v -0.02580302767455578 -0.049400001764297485 -0.028303973376750946
v -0.025937028229236603 -0.049400001764297485 -0.02845197357237339
v -0.0202680341899395 -0.049400001764297485 -0.03273298218846321
v -0.02580302767455578 -0.049400001764297485 -0.028303973376750946
v -0.0202680341899395 -0.049400001764297485 -0.03273298218846321
v -0.020162031054496765 -0.049400001764297485 -0.0325629822909832
v -0.020162031054496765 -0.049400001764297485 -0.0325629822909832
v -0.0202680341899395 -0.049400001764297485 -0.03273298218846321
v -0.013908036053180695 -0.049400001764297485 -0.03589998558163643
v -0.020162031054496765 -0.049400001764297485 -0.0325629822909832
v -0.013908036053180695 -0.049400001764297485 -0.03589998558163643
v -0.013836035504937172 -0.049400001764297485 -0.035713985562324524
v -0.013836035504937172 -0.049400001764297485 -0.035713985562324524
v -0.013908036053180695 -0.049400001764297485 -0.03589998558163643
v -0.007074037566781044 -0.049400001764297485 -0.037843991070985794
v -0.013836035504937172 -0.049400001764297485 -0.035713985562324524
v -0.007074037566781044 -0.049400001764297485 -0.037843991070985794
v -0.00703803775832057 -0.049400001764297485 -0.03764799237251282
v -0.00703803775832057 -0.049400001764297485 -0.03764799237251282
v -0.007074037566781044 -0.049400001764297485 -0.037843991070985794
v -3.8500001409147444e-8 -0.049400001764297485 -0.03849999979138374
v -0.0066850376315414906 0.04417359456419945 -0.037889108061790466
v -0.006651037838310003 0.04412159323692322 -0.0376921109855175
v -3.847411988999738e-8 0.04433059319853783 -0.03847411647439003
v -3.847411988999738e-8 0.04433059319853783 -0.03847411647439003
v -0.006651037838310003 0.04412159323692322 -0.0376921109855175
v -3.827411987344931e-8 0.04427759349346161 -0.038274116814136505
v -3.847411988999738e-8 0.04433059319853783 -0.03847411647439003
v -3.827411987344931e-8 0.04427759349346161 -0.038274116814136505
v 0.006684962194412947 0.04417359456419945 -0.03788912296295166
v 0.006684962194412947 0.04417359456419945 -0.03788912296295166
v -3.827411987344931e-8 0.04427759349346161 -0.038274116814136505
v 0.006650962401181459 0.04412159323692322 -0.037692125886678696
v 0.006684962194412947 0.04417359456419945 -0.03788912296295166
v 0.006650962401181459 0.04412159323692322 -0.037692125886678696
v 0.013098963536322117 0.04365859180688858 -0.035964131355285645
v -0.006651037838310003 0.04412159323692322 -0.0376921109855175
v -0.0066850376315414906 0.04417359456419945 -0.037889108061790466
v -0.013099036179482937 0.04365859180688858 -0.03596410155296326
v -0.013099036179482937 0.04365859180688858 -0.03596410155296326
v -0.0066850376315414906 0.04417359456419945 -0.037889108061790466
v -0.013168036006391048 0.043708592653274536 -0.036152102053165436
v -0.013099036179482937 0.04365859180688858 -0.03596410155296326
v -0.013168036006391048 0.043708592653274536 -0.036152102053165436
v -0.019150033593177795 0.042902592569589615 -0.03314309939742088
v -0.019150033593177795 0.042902592569589615 -0.03314309939742088
v -0.013168036006391048 0.043708592653274536 -0.036152102053165436
v -0.019250033423304558 0.04294859245419502 -0.033316098153591156
v -0.019150033593177795 0.042902592569589615 -0.03314309939742088
v -0.019250033423304558 0.04294859245419502 -0.033316098153591156
v -0.024619029834866524 0.04187659174203873 -0.02931409515440464
v -0.024619029834866524 0.04187659174203873 -0.02931409515440464
v -0.019250033423304558 0.04294859245419502 -0.033316098153591156
v -0.024747028946876526 0.0419175922870636 -0.02946709468960762
v -0.024619029834866524 0.04187659174203873 -0.02931409515440464
v -0.024747028946876526 0.0419175922870636 -0.02946709468960762
v -0.029339024797081947 0.040611591190099716 -0.024593088775873184
v -0.029339024797081947 0.040611591190099716 -0.024593088775873184
v -0.024747028946876526 0.0419175922870636 -0.02946709468960762
v -0.029493024572730064 0.04064559191465378 -0.024721087887883186
v -0.029339024797081947 0.040611591190099716 -0.024593088775873184
v -0.029493024572730064 0.04064559191465378 -0.024721087887883186
v -0.03316901996731758 0.03914559260010719 -0.01912408508360386
v -0.03316901996731758 0.03914559260010719 -0.01912408508360386
v -0.029493024572730064 0.04064559191465378 -0.024721087887883186
v -0.033342018723487854 0.039172593504190445 -0.01922408491373062
v -0.03316901996731758 0.03914559260010719 -0.01912408508360386
v -0.033342018723487854 0.039172593504190445 -0.01922408491373062
v -0.03599001467227936 0.037524592131376266 -0.013073082081973553
v -0.03599001467227936 0.037524592131376266 -0.013073082081973553
v -0.033342018723487854 0.039172593504190445 -0.01922408491373062
v -0.03617801517248154 0.037542592734098434 -0.013142081908881664
v -0.03599001467227936 0.037524592131376266 -0.013073082081973553
v -0.03617801517248154 0.037542592734098434 -0.013142081908881664
v -0.03771800920367241 0.03579659387469292 -0.006625080481171608
v -0.03771800920367241 0.03579659387469292 -0.006625080481171608
v -0.03617801517248154 0.037542592734098434 -0.013142081908881664
v -0.037915006279945374 0.035805594176054 -0.006659080274403095
v -0.03771800920367241 0.03579659387469292 -0.006625080481171608
v -0.037915006279945374 0.035805594176054 -0.006659080274403095
v -0.03830000013113022 0.03401459380984306 0.000025920204279827885
v -0.03830000013113022 0.03401459380984306 0.000025920204279827885
v -0.037915006279945374 0.035805594176054 -0.006659080274403095
v -0.03849999979138374 0.03401459380984306 0.000025920404368662275
v -0.03830000013113022 0.03401459380984306 0.000025920204279827885
v -0.03849999979138374 0.03401459380984306 0.000025920404368662275
v -0.03791499137878418 0.032223593443632126 0.006710919551551342
v -0.03830000013113022 0.03401459380984306 0.000025920204279827885
v -0.03791499137878418 0.032223593443632126 0.006710919551551342
v -0.037717994302511215 0.03223259374499321 0.006676919758319855
v -0.037717994302511215 0.03223259374499321 0.006676919758319855
v -0.03791499137878418 0.032223593443632126 0.006710919551551342
v -0.03617798537015915 0.030486593022942543 0.013193917460739613
v -0.037717994302511215 0.03223259374499321 0.006676919758319855
v -0.03617798537015915 0.030486593022942543 0.013193917460739613
v -0.03598998486995697 0.03050459362566471 0.013124917633831501
v -0.03598998486995697 0.03050459362566471 0.013124917633831501
v -0.03617798537015915 0.030486593022942543 0.013193917460739613
v -0.03334198147058487 0.028856592252850533 0.019275914877653122
v -0.03598998486995697 0.03050459362566471 0.013124917633831501
v -0.03334198147058487 0.028856592252850533 0.019275914877653122
v -0.0331689827144146 0.028883593156933784 0.01917591504752636
v -0.0331689827144146 0.028883593156933784 0.01917591504752636
v -0.03334198147058487 0.028856592252850533 0.019275914877653122
v -0.029492976143956184 0.0273835938423872 0.02477291040122509
v -0.0331689827144146 0.028883593156933784 0.01917591504752636
v -0.029492976143956184 0.0273835938423872 0.02477291040122509
v -0.029338976368308067 0.02741859294474125 0.024644911289215088
v -0.029338976368308067 0.02741859294474125 0.024644911289215088
v -0.029492976143956184 0.0273835938423872 0.02477291040122509
v -0.02474696934223175 0.026112593710422516 0.02951890602707863
v -0.029338976368308067 0.02741859294474125 0.024644911289215088
v -0.02474696934223175 0.026112593710422516 0.02951890602707863
v -0.02461897023022175 0.02615359239280224 0.02936590649187565
v -0.02461897023022175 0.02615359239280224 0.02936590649187565
v -0.02474696934223175 0.026112593710422516 0.02951890602707863
v -0.019249966368079185 0.025080593302845955 0.03336790204048157
v -0.02461897023022175 0.02615359239280224 0.02936590649187565
v -0.019249966368079185 0.025080593302845955 0.03336790204048157
v -0.019149966537952423 0.0251275934278965 0.033194903284311295
v -0.019149966537952423 0.0251275934278965 0.033194903284311295
v -0.019249966368079185 0.025080593302845955 0.03336790204048157
v -0.013167963363230228 0.02432059310376644 0.03620389848947525
v -0.019149966537952423 0.0251275934278965 0.033194903284311295
v -0.013167963363230228 0.02432059310376644 0.03620389848947525
v -0.013098963536322117 0.024371592327952385 0.03601589798927307
v -0.013098963536322117 0.024371592327952385 0.03601589798927307
v -0.013167963363230228 0.02432059310376644 0.03620389848947525
v -0.006684962194412947 0.02385559305548668 0.03794088959693909
v -0.013098963536322117 0.024371592327952385 0.03601589798927307
v -0.006684962194412947 0.02385559305548668 0.03794088959693909
v -0.006650962401181459 0.023908592760562897 0.03774389252066612
v -0.006650962401181459 0.023908592760562897 0.03774389252066612
v -0.006684962194412947 0.02385559305548668 0.03794088959693909
v 3.8525882928297506e-8 0.02369859255850315 0.03852588310837746
v -0.006650962401181459 0.023908592760562897 0.03774389252066612
v 3.8525882928297506e-8 0.02369859255850315 0.03852588310837746
v 3.832588291174943e-8 0.023752592504024506 0.03832588344812393
v 3.832588291174943e-8 0.023752592504024506 0.03832588344812393
v 3.8525882928297506e-8 0.02369859255850315 0.03852588310837746
v 0.006651037838310003 0.023908592760562897 0.03774387761950493
v 0.006651037838310003 0.023908592760562897 0.03774387761950493
v 3.8525882928297506e-8 0.02369859255850315 0.03852588310837746
v 0.0066850376315414906 0.02385559305548668 0.03794087469577789
v 0.006651037838310003 0.023908592760562897 0.03774387761950493
v 0.0066850376315414906 0.02385559305548668 0.03794087469577789
v 0.013099036179482937 0.024371592327952385 0.036015868186950684
v 0.013099036179482937 0.024371592327952385 0.036015868186950684
v 0.0066850376315414906 0.02385559305548668 0.03794087469577789
v 0.013168036006391048 0.02432059310376644 0.03620386868715286
v 0.013099036179482937 0.024371592327952385 0.036015868186950684
v 0.013168036006391048 0.02432059310376644 0.03620386868715286
v 0.019150033593177795 0.0251275934278965 0.03319486603140831
v 0.019150033593177795 0.0251275934278965 0.03319486603140831
v 0.013168036006391048 0.02432059310376644 0.03620386868715286
v 0.019250033423304558 0.025080593302845955 0.03336786478757858
v 0.019150033593177795 0.0251275934278965 0.03319486603140831
v 0.019250033423304558 0.025080593302845955 0.03336786478757858
v 0.024619029834866524 0.02615359239280224 0.02936585806310177
v 0.024619029834866524 0.02615359239280224 0.02936585806310177
v 0.019250033423304558 0.025080593302845955 0.03336786478757858
v 0.024747028946876526 0.026112593710422516 0.02951885759830475
v 0.024619029834866524 0.02615359239280224 0.02936585806310177
v 0.024747028946876526 0.026112593710422516 0.02951885759830475
v 0.029339024797081947 0.02741859294474125 0.024644851684570312
v 0.029339024797081947 0.02741859294474125 0.024644851684570312
v 0.024747028946876526 0.026112593710422516 0.02951885759830475
v 0.029493024572730064 0.0273835938423872 0.024772850796580315
v 0.029339024797081947 0.02741859294474125 0.024644851684570312
v 0.029493024572730064 0.0273835938423872 0.024772850796580315
v 0.03316901996731758 0.028883593156933784 0.019175847992300987
v 0.03316901996731758 0.028883593156933784 0.019175847992300987
v 0.029493024572730064 0.0273835938423872 0.024772850796580315
v 0.033342018723487854 0.028856592252850533 0.01927584782242775
v 0.03316901996731758 0.028883593156933784 0.019175847992300987
v 0.033342018723487854 0.028856592252850533 0.01927584782242775
v 0.03599001467227936 0.03050459362566471 0.013124844990670681
v 0.03599001467227936 0.03050459362566471 0.013124844990670681
v 0.033342018723487854 0.028856592252850533 0.01927584782242775
v 0.03617801517248154 0.030486593022942543 0.013193844817578793
v 0.03599001467227936 0.03050459362566471 0.013124844990670681
v 0.03617801517248154 0.030486593022942543 0.013193844817578793
v 0.03771800920367241 0.03223259374499321 0.006676844321191311
v 0.03771800920367241 0.03223259374499321 0.006676844321191311
v 0.03617801517248154 0.030486593022942543 0.013193844817578793
v 0.037915006279945374 0.032223593443632126 0.006710844114422798
v 0.03771800920367241 0.03223259374499321 0.006676844321191311
v 0.037915006279945374 0.032223593443632126 0.006710844114422798
v 0.03830000013113022 0.03401459380984306 0.000025843604817055166
v 0.03830000013113022 0.03401459380984306 0.000025843604817055166
v 0.037915006279945374 0.032223593443632126 0.006710844114422798
v 0.03849999979138374 0.03401459380984306 0.000025843404728220776
v 0.03830000013113022 0.03401459380984306 0.000025843604817055166
v 0.03849999979138374 0.03401459380984306 0.000025843404728220776
v 0.03791499137878418 0.035805594176054 -0.006659155711531639
v 0.03830000013113022 0.03401459380984306 0.000025843604817055166
v 0.03791499137878418 0.035805594176054 -0.006659155711531639
v 0.037717994302511215 0.03579659387469292 -0.006625155918300152
v 0.037717994302511215 0.03579659387469292 -0.006625155918300152
v 0.03791499137878418 0.035805594176054 -0.006659155711531639
v 0.03617798537015915 0.037542592734098434 -0.013142154552042484
v 0.037717994302511215 0.03579659387469292 -0.006625155918300152
v 0.03617798537015915 0.037542592734098434 -0.013142154552042484
v 0.03598998486995697 0.037524592131376266 -0.013073154725134373
v 0.03598998486995697 0.037524592131376266 -0.013073154725134373
v 0.03617798537015915 0.037542592734098434 -0.013142154552042484
v 0.03334198147058487 0.039172593504190445 -0.019224151968955994
v 0.03598998486995697 0.037524592131376266 -0.013073154725134373
v 0.03334198147058487 0.039172593504190445 -0.019224151968955994
v 0.0331689827144146 0.03914559260010719 -0.01912415213882923
v 0.0331689827144146 0.03914559260010719 -0.01912415213882923
v 0.03334198147058487 0.039172593504190445 -0.019224151968955994
v 0.029492976143956184 0.04064559191465378 -0.02472114749252796
v 0.0331689827144146 0.03914559260010719 -0.01912415213882923
v 0.029492976143956184 0.04064559191465378 -0.02472114749252796
v 0.029338976368308067 0.040611591190099716 -0.02459314838051796
v 0.029338976368308067 0.040611591190099716 -0.02459314838051796
v 0.029492976143956184 0.04064559191465378 -0.02472114749252796
v 0.02474696934223175 0.0419175922870636 -0.0294671431183815
v 0.029338976368308067 0.040611591190099716 -0.02459314838051796
v 0.02474696934223175 0.0419175922870636 -0.0294671431183815
v 0.02461897023022175 0.04187659174203873 -0.02931414358317852
v 0.02461897023022175 0.04187659174203873 -0.02931414358317852
v 0.02474696934223175 0.0419175922870636 -0.0294671431183815
v 0.019249966368079185 0.04294859245419502 -0.03331613540649414
v 0.02461897023022175 0.04187659174203873 -0.02931414358317852
v 0.019249966368079185 0.04294859245419502 -0.03331613540649414
v 0.019149966537952423 0.042902592569589615 -0.03314313665032387
v 0.019149966537952423 0.042902592569589615 -0.03314313665032387
v 0.019249966368079185 0.04294859245419502 -0.03331613540649414
v 0.013167963363230228 0.043708592653274536 -0.036152131855487823
v 0.019149966537952423 0.042902592569589615 -0.03314313665032387
v 0.013167963363230228 0.043708592653274536 -0.036152131855487823
v 0.013098963536322117 0.04365859180688858 -0.035964131355285645
v 0.013098963536322117 0.04365859180688858 -0.035964131355285645
v 0.013167963363230228 0.043708592653274536 -0.036152131855487823
v 0.006684962194412947 0.04417359456419945 -0.03788912296295166
vt 0 0
vt 0 -0.6560379862785339
vt 0.6000000238418579 0
vt 0.6000000238418579 0
vt 0 -0.6560379862785339
vt 0.6000000238418579 -0.6560379862785339
vt 0.6000000238418579 -0.6560379862785339
vt 0 -0.6560379862785339
vt 0 -1.3120770454406738
vt 0.6000000238418579 -0.6560379862785339
vt 0 -1.3120770454406738
vt 0.6000000238418579 -1.3120770454406738
vt 0.6000000238418579 -1.3120770454406738
vt 0 -1.3120770454406738
vt 0 -1.968114972114563
vt 0.6000000238418579 -1.3120770454406738
vt 0 -1.968114972114563
vt 0.6000000238418579 -1.968114972114563
vt 0.6000000238418579 -1.968114972114563
vt 0 -1.968114972114563
vt 0 -2.6241540908813477
vt 0.6000000238418579 -1.968114972114563
vt 0 -2.6241540908813477
vt 0.6000000238418579 -2.6241540908813477
vt 0.6000000238418579 -2.6241540908813477
vt 0 -2.6241540908813477
vt 0 -3.2801918983459473
vt 0.6000000238418579 -2.6241540908813477
vt 0 -3.2801918983459473
vt 0.6000000238418579 -3.2801918983459473
vt 0.6000000238418579 -3.2801918983459473
vt 0 -3.2801918983459473
vt 0 -3.9362308979034424
vt 0.6000000238418579 -3.2801918983459473
vt 0 -3.9362308979034424
vt 0.6000000238418579 -3.9362308979034424
vt 0.6000000238418579 -3.9362308979034424
vt 0 -3.9362308979034424
vt 0 -4.592268943786621
vt 0.6000000238418579 -3.9362308979034424
vt 0 -4.592268943786621
vt 0.6000000238418579 -4.592268943786621
vt 0.6000000238418579 -4.592268943786621
vt 0 -4.592268943786621
vt 0 -5.248308181762695
vt 0.6000000238418579 -4.592268943786621
vt 0 -5.248308181762695
vt 0.6000000238418579 -5.248308181762695
vt 0.6000000238418579 -5.248308181762695
vt 0 -5.248308181762695
vt 0 -5.904345989227295
vt 0.6000000238418579 -5.248308181762695
vt 0 -5.904345989227295
vt 0.6000000238418579 -5.904345989227295
vt 0.6000000238418579 -5.904345989227295
vt 0 -5.904345989227295
vt 0 -6.560385227203369
vt 0.6000000238418579 -5.904345989227295
vt 0 -6.560385227203369
vt 0.6000000238418579 -6.560385227203369
vt 0.6000000238418579 -6.560385227203369
vt 0 -6.560385227203369
vt 0 -7.216423034667969
vt 0.6000000238418579 -6.560385227203369
vt 0 -7.216423034667969
vt 0.6000000238418579 -7.216423034667969
vt 0.6000000238418579 -7.216423034667969
vt 0 -7.216423034667969
vt 0 -7.872461795806885
vt 0.6000000238418579 -7.216423034667969
vt 0 -7.872461795806885
vt 0.6000000238418579 -7.872461795806885
vt 0.6000000238418579 -7.872461795806885
vt 0 -7.872461795806885
vt 0 -8.528499603271484
vt 0.6000000238418579 -7.872461795806885
vt 0 -8.528499603271484
vt 0.6000000238418579 -8.528499603271484
vt 0.6000000238418579 -8.528499603271484
vt 0 -8.528499603271484
vt 0 -9.184538841247559
vt 0.6000000238418579 -8.528499603271484
vt 0 -9.184538841247559
vt 0.6000000238418579 -9.184538841247559
vt 0.6000000238418579 -9.184538841247559
vt 0 -9.184538841247559
vt 0 -9.840577125549316
vt 0.6000000238418579 -9.184538841247559
vt 0 -9.840577125549316
vt 0.6000000238418579 -9.840577125549316
vt 0.6000000238418579 -9.840577125549316
vt 0 -9.840577125549316
vt 0 -10.496615409851074
vt 0.6000000238418579 -9.840577125549316
vt 0 -10.496615409851074
vt 0.6000000238418579 -10.496615409851074
vt 0.6000000238418579 -10.496615409851074
vt 0 -10.496615409851074
vt 0.6000000238418579 -11.152653694152832
vt 0.6000000238418579 -11.152653694152832
vt 0 -10.496615409851074
vt 0 -11.152653694152832
vt -0.949999988079071 0
vt 0 0
vt -0.9734320044517517 0.4243530035018921
vt -0.9734320044517517 0.4243530035018921
vt 0 0
vt 0 0.6929979920387268
vt -0.9734320044517517 0.4243530035018921
vt 0 0.6929979920387268
vt -1.0431469678878784 0.8489530086517334
vt -1.0431469678878784 0.8489530086517334
vt 0 0.6929979920387268
vt 0 1.3859970569610596
vt -1.0431469678878784 0.8489530086517334
vt 0 1.3859970569610596
vt -1.1570849418640137 1.2696189880371094
vt -1.1570849418640137 1.2696189880371094
vt 0 1.3859970569610596
vt -1.310500979423523 1.6824569702148438
vt -1.310500979423523 1.6824569702148438
vt 0 1.3859970569610596
vt 0 2.0789949893951416
vt -1.310500979423523 1.6824569702148438
vt 0 2.0789949893951416
vt -1.497428059577942 2.0844039916992188
vt -1.497428059577942 2.0844039916992188
vt 0 2.0789949893951416
vt -1.7100830078125 2.471827983856201
vt -1.7100830078125 2.471827983856201
vt 0 2.0789949893951416
vt 0 2.7719929218292236
vt -1.7100830078125 2.471827983856201
vt 0 2.7719929218292236
vt -1.9393600225448608 2.8406360149383545
vt -1.9393600225448608 2.8406360149383545
vt 0 2.7719929218292236
vt -2.1792380809783936 3.1919760704040527
vt -2.1792380809783936 3.1919760704040527
vt 0 2.7719929218292236
vt 0 3.464992046356201
vt -2.1792380809783936 3.1919760704040527
vt 0 3.464992046356201
vt -2.696168899536133 3.880889892578125
vt -2.696168899536133 3.880889892578125
vt 0 3.464992046356201
vt 0 4.157989978790283
vt -2.696168899536133 3.880889892578125
vt 0 4.157989978790283
vt -3.2204020023345947 4.544508934020996
vt -3.2204020023345947 4.544508934020996
vt 0 4.157989978790283
vt 0 4.850988864898682
vt -3.2204020023345947 4.544508934020996
vt 0 4.850988864898682
vt -3.463413953781128 4.8645501136779785
vt -3.463413953781128 4.8645501136779785
vt 0 4.850988864898682
vt -3.679832935333252 5.182806015014648
vt -3.679832935333252 5.182806015014648
vt 0 4.850988864898682
vt 0 5.543986797332764
vt -3.679832935333252 5.182806015014648
vt 0 5.543986797332764
vt -3.850119113922119 5.512635231018066
vt -3.850119113922119 5.512635231018066
vt 0 5.543986797332764
vt -3.9059178829193115 5.691934108734131
vt -3.9059178829193115 5.691934108734131
vt 0 5.543986797332764
vt -3.92822003364563 5.890485763549805
vt -3.92822003364563 5.890485763549805
vt 0 5.543986797332764
vt 0 6.236985206604004
vt -3.92822003364563 5.890485763549805
vt 0 6.236985206604004
vt -3.9059178829193115 6.089037895202637
vt -3.9059178829193115 6.089037895202637
vt 0 6.236985206604004
vt -3.850119113922119 6.268336772918701
vt -3.850119113922119 6.268336772918701
vt 0 6.236985206604004
vt -3.679832935333252 6.598165988922119
vt -3.679832935333252 6.598165988922119
vt 0 6.236985206604004
vt 0 6.929984092712402
vt -3.679832935333252 6.598165988922119
vt 0 6.929984092712402
vt -3.463413953781128 6.916421890258789
vt -3.463413953781128 6.916421890258789
vt 0 6.929984092712402
vt -3.2204020023345947 7.2364630699157715
vt -3.2204020023345947 7.2364630699157715
vt 0 6.929984092712402
vt 0 7.622982025146484
vt -3.2204020023345947 7.2364630699157715
vt 0 7.622982025146484
vt -2.696168899536133 7.900082111358643
vt -2.696168899536133 7.900082111358643
vt 0 7.622982025146484
vt 0 8.315980911254883
vt -2.696168899536133 7.900082111358643
vt 0 8.315980911254883
vt -2.1792380809783936 8.588996887207031
vt -2.1792380809783936 8.588996887207031
vt 0 8.315980911254883
vt 0 9.008978843688965
vt -2.1792380809783936 8.588996887207031
vt 0 9.008978843688965
vt -1.9393600225448608 8.940336227416992
vt -1.9393600225448608 8.940336227416992
vt 0 9.008978843688965
vt -1.7100830078125 9.309144973754883
vt -1.7100830078125 9.309144973754883
vt 0 9.008978843688965
vt 0 9.701977729797363
vt -1.7100830078125 9.309144973754883
vt 0 9.701977729797363
vt -1.497428059577942 9.69656753540039
vt -1.497428059577942 9.69656753540039
vt 0 9.701977729797363
vt -1.310500979423523 10.098516464233398
vt -1.310500979423523 10.098516464233398
vt 0 9.701977729797363
vt 0 10.394975662231445
vt -1.310500979423523 10.098516464233398
vt 0 10.394975662231445
vt -1.1570849418640137 10.5113525390625
vt -1.1570849418640137 10.5113525390625
vt 0 10.394975662231445
vt -1.0431469678878784 10.932019233703613
vt -1.0431469678878784 10.932019233703613
vt 0 10.394975662231445
vt 0 11.087973594665527
vt -1.0431469678878784 10.932019233703613
vt 0 11.087973594665527
vt -0.9734320044517517 11.356619834899902
vt -0.9734320044517517 11.356619834899902
vt 0 11.087973594665527
vt 0 11.78097152709961
vt -0.9734320044517517 11.356619834899902
vt 0 11.78097152709961
vt -0.949999988079071 11.78097152709961
vt -3.619795083999634 0
vt -3.6041219234466553 0.6719520092010498
vt -10.90999984741211 0
vt -10.90999984741211 0
vt -3.6041219234466553 0.6719520092010498
vt -10.90999984741211 0.7114779949188232
vt -10.90999984741211 0.7114779949188232
vt -3.6041219234466553 0.6719520092010498
vt -3.5575809478759766 1.3439040184020996
vt -10.90999984741211 0.7114779949188232
vt -3.5575809478759766 1.3439040184020996
vt -10.90999984741211 1.422956943511963
vt -10.90999984741211 1.422956943511963
vt -3.5575809478759766 1.3439040184020996
vt -3.48158597946167 2.015855073928833
vt -10.90999984741211 1.422956943511963
vt -3.48158597946167 2.015855073928833
vt -10.90999984741211 2.134434938430786
vt -10.90999984741211 2.134434938430786
vt -3.48158597946167 2.015855073928833
vt -3.3784449100494385 2.687807083129883
vt -10.90999984741211 2.134434938430786
vt -3.3784449100494385 2.687807083129883
vt -10.90999984741211 2.8459129333496094
vt -10.90999984741211 2.8459129333496094
vt -3.3784449100494385 2.687807083129883
vt -3.2512929439544678 3.3597590923309326
vt -10.90999984741211 2.8459129333496094
vt -3.2512929439544678 3.3597590923309326
vt -10.90999984741211 3.557391881942749
vt -10.90999984741211 3.557391881942749
vt -3.2512929439544678 3.3597590923309326
vt -3.1039929389953613 4.031711101531982
vt -10.90999984741211 3.557391881942749
vt -3.1039929389953613 4.031711101531982
vt -10.90999984741211 4.268869876861572
vt -10.90999984741211 4.268869876861572
vt -3.1039929389953613 4.031711101531982
vt -2.9410200119018555 4.703661918640137
vt -10.90999984741211 4.268869876861572
vt -2.9410200119018555 4.703661918640137
vt -10.90999984741211 4.980349063873291
vt -10.90999984741211 4.980349063873291
vt -2.9410200119018555 4.703661918640137
vt -2.767327070236206 5.375614166259766
vt -10.90999984741211 4.980349063873291
vt -2.767327070236206 5.375614166259766
vt -10.90999984741211 5.691826820373535
vt -10.90999984741211 5.691826820373535
vt -2.767327070236206 5.375614166259766
vt -2.588191032409668 6.047565937042236
vt -10.90999984741211 5.691826820373535
vt -2.588191032409668 6.047565937042236
vt -10.90999984741211 6.4033050537109375
vt -10.90999984741211 6.4033050537109375
vt -2.588191032409668 6.047565937042236
vt -2.4090540409088135 6.719518184661865
vt -10.90999984741211 6.4033050537109375
vt -2.4090540409088135 6.719518184661865
vt -5.980000019073486 6.92697286605835
vt -5.980000019073486 6.92697286605835
vt -2.4090540409088135 6.719518184661865
vt -5.781540870666504 6.94988489151001
vt -5.781540870666504 6.94988489151001
vt -2.4090540409088135 6.719518184661865
vt -5.602787971496582 7.007358074188232
vt -5.602787971496582 7.007358074188232
vt -2.4090540409088135 6.719518184661865
vt -2.235361099243164 7.3914690017700195
vt -5.602787971496582 7.007358074188232
vt -2.235361099243164 7.3914690017700195
vt -5.276509761810303 7.1841721534729
vt -5.276509761810303 7.1841721534729
vt -2.235361099243164 7.3914690017700195
vt -4.9668121337890625 7.412571907043457
vt -4.9668121337890625 7.412571907043457
vt -2.235361099243164 7.3914690017700195
vt -4.662735939025879 7.6752190589904785
vt -4.662735939025879 7.6752190589904785
vt -2.235361099243164 7.3914690017700195
vt -2.072387933731079 8.063421249389648
vt -4.662735939025879 7.6752190589904785
vt -2.072387933731079 8.063421249389648
vt -4.065226078033447 8.273354530334473
vt -4.065226078033447 8.273354530334473
vt -2.072387933731079 8.063421249389648
vt -1.9250880479812622 8.735372543334961
vt -4.065226078033447 8.273354530334473
vt -1.9250880479812622 8.735372543334961
vt -3.5084550380706787 8.930274963378906
vt -3.5084550380706787 8.930274963378906
vt -1.9250880479812622 8.735372543334961
vt -1.797935962677002 9.40732479095459
vt -3.5084550380706787 8.930274963378906
vt -1.797935962677002 9.40732479095459
vt -3.255434036254883 9.272252082824707
vt -3.255434036254883 9.272252082824707
vt -1.797935962677002 9.40732479095459
vt -3.015613079071045 9.634275436401367
vt -3.015613079071045 9.634275436401367
vt -1.797935962677002 9.40732479095459
vt -1.69479501247406 10.079276084899902
vt -3.015613079071045 9.634275436401367
vt -1.69479501247406 10.079276084899902
vt -2.7945659160614014 10.016955375671387
vt -2.7945659160614014 10.016955375671387
vt -1.69479501247406 10.079276084899902
vt -2.6011528968811035 10.415806770324707
vt -2.6011528968811035 10.415806770324707
vt -1.69479501247406 10.079276084899902
vt -1.6187989711761475 10.751228332519531
vt -2.6011528968811035 10.415806770324707
vt -1.6187989711761475 10.751228332519531
vt -2.4429330825805664 10.826812744140625
vt -2.4429330825805664 10.826812744140625
vt -1.6187989711761475 10.751228332519531
vt -2.3256940841674805 11.24655818939209
vt -2.3256940841674805 11.24655818939209
vt -1.6187989711761475 10.751228332519531
vt -1.5722579956054688 11.423179626464844
vt -2.3256940841674805 11.24655818939209
vt -1.5722579956054688 11.423179626464844
vt -2.2540578842163086 11.670825958251953
vt -2.2540578842163086 11.670825958251953
vt -1.5722579956054688 11.423179626464844
vt -1.5565860271453857 12.095131874084473
vt -2.2540578842163086 11.670825958251953
vt -1.5565860271453857 12.095131874084473
vt -2.2300000190734863 12.095131874084473
vt -10.90999984741211 6.4033050537109375
vt -5.980000019073486 6.92697286605835
vt -10.90999984741211 7.114782810211182
vt -10.90999984741211 7.114782810211182
vt -5.980000019073486 6.92697286605835
vt -6.178459167480469 6.94988489151001
vt -10.90999984741211 7.114782810211182
vt -6.178459167480469 6.94988489151001
vt -6.357212066650391 7.007358074188232
vt -6.357212066650391 7.007358074188232
vt -6.683489799499512 7.1841721534729
vt -10.90999984741211 7.114782810211182
vt -10.90999984741211 7.114782810211182
vt -6.683489799499512 7.1841721534729
vt -6.993186950683594 7.412571907043457
vt -10.90999984741211 7.114782810211182
vt -6.993186950683594 7.412571907043457
vt -10.90999984741211 7.8262619972229
vt -10.90999984741211 7.8262619972229
vt -6.993186950683594 7.412571907043457
vt -7.297264099121094 7.6752190589904785
vt -10.90999984741211 7.8262619972229
vt -7.297264099121094 7.6752190589904785
vt -7.894773960113525 8.273354530334473
vt -10.90999984741211 7.8262619972229
vt -7.894773960113525 8.273354530334473
vt -10.90999984741211 8.537739753723145
vt -10.90999984741211 8.537739753723145
vt -7.894773960113525 8.273354530334473
vt -8.451545715332031 8.930274963378906
vt -10.90999984741211 8.537739753723145
vt -8.451545715332031 8.930274963378906
vt -10.90999984741211 9.249217987060547
vt -10.90999984741211 9.249217987060547
vt -8.451545715332031 8.930274963378906
vt -8.70456600189209 9.272252082824707
vt -10.90999984741211 9.249217987060547
vt -8.70456600189209 9.272252082824707
vt -8.944385528564453 9.634275436401367
vt -10.90999984741211 9.249217987060547
vt -8.944385528564453 9.634275436401367
vt -10.90999984741211 9.960697174072266
vt -10.90999984741211 9.960697174072266
vt -8.944385528564453 9.634275436401367
vt -9.165433883666992 10.016955375671387
vt -10.90999984741211 9.960697174072266
vt -9.165433883666992 10.016955375671387
vt -9.358846664428711 10.415806770324707
vt -10.90999984741211 9.960697174072266
vt -9.358846664428711 10.415806770324707
vt -10.90999984741211 10.672175407409668
vt -10.90999984741211 10.672175407409668
vt -9.358846664428711 10.415806770324707
vt -9.517066955566406 10.826812744140625
vt -10.90999984741211 10.672175407409668
vt -9.517066955566406 10.826812744140625
vt -9.634305953979492 11.24655818939209
vt -10.90999984741211 10.672175407409668
vt -9.634305953979492 11.24655818939209
vt -10.90999984741211 11.38365364074707
vt -10.90999984741211 11.38365364074707
vt -9.634305953979492 11.24655818939209
vt -9.705941200256348 11.670825958251953
vt -10.90999984741211 11.38365364074707
vt -9.705941200256348 11.670825958251953
vt -10.90999984741211 12.095131874084473
vt -10.90999984741211 12.095131874084473
vt -9.705941200256348 11.670825958251953
vt -9.729999542236328 12.095131874084473
vt -2.2300000190734863 -12.095131874084473
vt -1.5565860271453857 -12.095131874084473
vt -2.2540578842163086 -11.670825958251953
vt -2.2540578842163086 -11.670825958251953
vt -1.5565860271453857 -12.095131874084473
vt -1.5722579956054688 -11.423179626464844
vt -2.2540578842163086 -11.670825958251953
vt -1.5722579956054688 -11.423179626464844
vt -2.3256940841674805 -11.24655818939209
vt -2.3256940841674805 -11.24655818939209
vt -1.5722579956054688 -11.423179626464844
vt -1.6187989711761475 -10.751228332519531
vt -2.3256940841674805 -11.24655818939209
vt -1.6187989711761475 -10.751228332519531
vt -2.4429330825805664 -10.826812744140625
vt -2.4429330825805664 -10.826812744140625
vt -1.6187989711761475 -10.751228332519531
vt -2.6011528968811035 -10.415806770324707
vt -2.6011528968811035 -10.415806770324707
vt -1.6187989711761475 -10.751228332519531
vt -1.69479501247406 -10.079276084899902
vt -2.6011528968811035 -10.415806770324707
vt -1.69479501247406 -10.079276084899902
vt -2.7945659160614014 -10.016955375671387
vt -2.7945659160614014 -10.016955375671387
vt -1.69479501247406 -10.079276084899902
vt -3.015613079071045 -9.634275436401367
vt -3.015613079071045 -9.634275436401367
vt -1.69479501247406 -10.079276084899902
vt -1.797935962677002 -9.40732479095459
vt -3.015613079071045 -9.634275436401367
vt -1.797935962677002 -9.40732479095459
vt -3.255434036254883 -9.272252082824707
vt -3.255434036254883 -9.272252082824707
vt -1.797935962677002 -9.40732479095459
vt -1.9250880479812622 -8.735372543334961
vt -3.255434036254883 -9.272252082824707
vt -1.9250880479812622 -8.735372543334961
vt -3.5084550380706787 -8.930274963378906
vt -3.5084550380706787 -8.930274963378906
vt -1.9250880479812622 -8.735372543334961
vt -4.065226078033447 -8.273354530334473
vt -4.065226078033447 -8.273354530334473
vt -1.9250880479812622 -8.735372543334961
vt -2.072387933731079 -8.063421249389648
vt -4.065226078033447 -8.273354530334473
vt -2.072387933731079 -8.063421249389648
vt -4.662735939025879 -7.6752190589904785
vt -4.662735939025879 -7.6752190589904785
vt -2.072387933731079 -8.063421249389648
vt -2.235361099243164 -7.3914690017700195
vt -4.662735939025879 -7.6752190589904785
vt -2.235361099243164 -7.3914690017700195
vt -4.9668121337890625 -7.412571907043457
vt -4.9668121337890625 -7.412571907043457
vt -2.235361099243164 -7.3914690017700195
vt -5.276509761810303 -7.1841721534729
vt -5.276509761810303 -7.1841721534729
vt -2.235361099243164 -7.3914690017700195
vt -2.4090540409088135 -6.719518184661865
vt -5.276509761810303 -7.1841721534729
vt -2.4090540409088135 -6.719518184661865
vt -5.602787971496582 -7.007358074188232
vt -5.602787971496582 -7.007358074188232
vt -2.4090540409088135 -6.719518184661865
vt -5.781540870666504 -6.94988489151001
vt -5.781540870666504 -6.94988489151001
vt -2.4090540409088135 -6.719518184661865
vt -5.980000019073486 -6.92697286605835
vt -5.980000019073486 -6.92697286605835
vt -2.4090540409088135 -6.719518184661865
vt -10.90999984741211 -7.114782810211182
vt -5.980000019073486 -6.92697286605835
vt -10.90999984741211 -7.114782810211182
vt -6.178459167480469 -6.94988489151001
vt -6.178459167480469 -6.94988489151001
vt -10.90999984741211 -7.114782810211182
vt -6.357212066650391 -7.007358074188232
vt -6.357212066650391 -7.007358074188232
vt -10.90999984741211 -7.114782810211182
vt -6.683489799499512 -7.1841721534729
vt -6.683489799499512 -7.1841721534729
vt -10.90999984741211 -7.114782810211182
vt -6.993186950683594 -7.412571907043457
vt -6.993186950683594 -7.412571907043457
vt -10.90999984741211 -7.114782810211182
vt -10.90999984741211 -7.8262619972229
vt -6.993186950683594 -7.412571907043457
vt -10.90999984741211 -7.8262619972229
vt -7.297264099121094 -7.6752190589904785
vt -7.297264099121094 -7.6752190589904785
vt -10.90999984741211 -7.8262619972229
vt -7.894773960113525 -8.273354530334473
vt -7.894773960113525 -8.273354530334473
vt -10.90999984741211 -7.8262619972229
vt -10.90999984741211 -8.537739753723145
vt -7.894773960113525 -8.273354530334473
vt -10.90999984741211 -8.537739753723145
vt -8.451545715332031 -8.930274963378906
vt -8.451545715332031 -8.930274963378906
vt -10.90999984741211 -8.537739753723145
vt -10.90999984741211 -9.249217987060547
vt -8.451545715332031 -8.930274963378906
vt -10.90999984741211 -9.249217987060547
vt -8.70456600189209 -9.272252082824707
vt -8.70456600189209 -9.272252082824707
vt -10.90999984741211 -9.249217987060547
vt -8.944385528564453 -9.634275436401367
vt -8.944385528564453 -9.634275436401367
vt -10.90999984741211 -9.249217987060547
vt -10.90999984741211 -9.960697174072266
vt -8.944385528564453 -9.634275436401367
vt -10.90999984741211 -9.960697174072266
vt -9.165433883666992 -10.016955375671387
vt -9.165433883666992 -10.016955375671387
vt -10.90999984741211 -9.960697174072266
vt -9.358846664428711 -10.415806770324707
vt -9.358846664428711 -10.415806770324707
vt -10.90999984741211 -9.960697174072266
vt -10.90999984741211 -10.672175407409668
vt -9.358846664428711 -10.415806770324707
vt -10.90999984741211 -10.672175407409668
vt -9.517066955566406 -10.826812744140625
vt -9.517066955566406 -10.826812744140625
vt -10.90999984741211 -10.672175407409668
vt -10.90999984741211 -11.38365364074707
vt -9.517066955566406 -10.826812744140625
vt -10.90999984741211 -11.38365364074707
vt -9.634305953979492 -11.24655818939209
vt -9.634305953979492 -11.24655818939209
vt -10.90999984741211 -11.38365364074707
vt -9.705941200256348 -11.670825958251953
vt -9.705941200256348 -11.670825958251953
vt -10.90999984741211 -11.38365364074707
vt -10.90999984741211 -12.095131874084473
vt -9.705941200256348 -11.670825958251953
vt -10.90999984741211 -12.095131874084473
vt -9.729999542236328 -12.095131874084473
vt -10.90999984741211 -7.114782810211182
vt -2.4090540409088135 -6.719518184661865
vt -10.90999984741211 -6.4033050537109375
vt -10.90999984741211 -6.4033050537109375
vt -2.4090540409088135 -6.719518184661865
vt -2.588191032409668 -6.047565937042236
vt -10.90999984741211 -6.4033050537109375
vt -2.588191032409668 -6.047565937042236
vt -10.90999984741211 -5.691826820373535
vt -10.90999984741211 -5.691826820373535
vt -2.588191032409668 -6.047565937042236
vt -2.767327070236206 -5.375614166259766
vt -10.90999984741211 -5.691826820373535
vt -2.767327070236206 -5.375614166259766
vt -10.90999984741211 -4.980349063873291
vt -10.90999984741211 -4.980349063873291
vt -2.767327070236206 -5.375614166259766
vt -2.9410200119018555 -4.703661918640137
vt -10.90999984741211 -4.980349063873291
vt -2.9410200119018555 -4.703661918640137
vt -10.90999984741211 -4.268869876861572
vt -10.90999984741211 -4.268869876861572
vt -2.9410200119018555 -4.703661918640137
vt -3.1039929389953613 -4.031711101531982
vt -10.90999984741211 -4.268869876861572
vt -3.1039929389953613 -4.031711101531982
vt -10.90999984741211 -3.557391881942749
vt -10.90999984741211 -3.557391881942749
vt -3.1039929389953613 -4.031711101531982
vt -3.2512929439544678 -3.3597590923309326
vt -10.90999984741211 -3.557391881942749
vt -3.2512929439544678 -3.3597590923309326
vt -10.90999984741211 -2.8459129333496094
vt -10.90999984741211 -2.8459129333496094
vt -3.2512929439544678 -3.3597590923309326
vt -3.3784449100494385 -2.687807083129883
vt -10.90999984741211 -2.8459129333496094
vt -3.3784449100494385 -2.687807083129883
vt -10.90999984741211 -2.134434938430786
vt -10.90999984741211 -2.134434938430786
vt -3.3784449100494385 -2.687807083129883
vt -3.48158597946167 -2.015855073928833
vt -10.90999984741211 -2.134434938430786
vt -3.48158597946167 -2.015855073928833
vt -10.90999984741211 -1.422956943511963
vt -10.90999984741211 -1.422956943511963
vt -3.48158597946167 -2.015855073928833
vt -3.5575809478759766 -1.3439040184020996
vt -10.90999984741211 -1.422956943511963
vt -3.5575809478759766 -1.3439040184020996
vt -10.90999984741211 -0.7114779949188232
vt -10.90999984741211 -0.7114779949188232
vt -3.5575809478759766 -1.3439040184020996
vt -3.6041219234466553 -0.6719520092010498
vt -10.90999984741211 -0.7114779949188232
vt -3.6041219234466553 -0.6719520092010498
vt -10.90999984741211 0
vt -10.90999984741211 0
vt -3.6041219234466553 -0.6719520092010498
vt -3.619795083999634 0
vt -0.949999988079071 -11.78097152709961
vt 0 -11.78097152709961
vt -0.9734320044517517 -11.356619834899902
vt -0.9734320044517517 -11.356619834899902
vt 0 -11.78097152709961
vt 0 -11.087973594665527
vt -0.9734320044517517 -11.356619834899902
vt 0 -11.087973594665527
vt -1.0431469678878784 -10.932019233703613
vt -1.0431469678878784 -10.932019233703613
vt 0 -11.087973594665527
vt 0 -10.394975662231445
vt -1.0431469678878784 -10.932019233703613
vt 0 -10.394975662231445
vt -1.1570849418640137 -10.5113525390625
vt -1.1570849418640137 -10.5113525390625
vt 0 -10.394975662231445
vt -1.310500979423523 -10.098516464233398
vt -1.310500979423523 -10.098516464233398
vt 0 -10.394975662231445
vt 0 -9.701977729797363
vt -1.310500979423523 -10.098516464233398
vt 0 -9.701977729797363
vt -1.497428059577942 -9.69656753540039
vt -1.497428059577942 -9.69656753540039
vt 0 -9.701977729797363
vt -1.7100830078125 -9.309144973754883
vt -1.7100830078125 -9.309144973754883
vt 0 -9.701977729797363
vt 0 -9.008978843688965
vt -1.7100830078125 -9.309144973754883
vt 0 -9.008978843688965
vt -1.9393600225448608 -8.940336227416992
vt -1.9393600225448608 -8.940336227416992
vt 0 -9.008978843688965
vt -2.1792380809783936 -8.588996887207031
vt -2.1792380809783936 -8.588996887207031
vt 0 -9.008978843688965
vt 0 -8.315980911254883
vt -2.1792380809783936 -8.588996887207031
vt 0 -8.315980911254883
vt -2.696168899536133 -7.900082111358643
vt -2.696168899536133 -7.900082111358643
vt 0 -8.315980911254883
vt 0 -7.622982025146484
vt -2.696168899536133 -7.900082111358643
vt 0 -7.622982025146484
vt -3.2204020023345947 -7.2364630699157715
vt -3.2204020023345947 -7.2364630699157715
vt 0 -7.622982025146484
vt 0 -6.929984092712402
vt -3.2204020023345947 -7.2364630699157715
vt 0 -6.929984092712402
vt -3.463413953781128 -6.916421890258789
vt -3.463413953781128 -6.916421890258789
vt 0 -6.929984092712402
vt -3.679832935333252 -6.598165988922119
vt -3.679832935333252 -6.598165988922119
vt 0 -6.929984092712402
vt 0 -6.236985206604004
vt -3.679832935333252 -6.598165988922119
vt 0 -6.236985206604004
vt -3.850119113922119 -6.268336772918701
vt -3.850119113922119 -6.268336772918701
vt 0 -6.236985206604004
vt -3.9059178829193115 -6.089037895202637
vt -3.9059178829193115 -6.089037895202637
vt 0 -6.236985206604004
vt -3.92822003364563 -5.890485763549805
vt -3.92822003364563 -5.890485763549805
vt 0 -6.236985206604004
vt 0 -5.543986797332764
vt -3.92822003364563 -5.890485763549805
vt 0 -5.543986797332764
vt -3.9059178829193115 -5.691934108734131
vt -3.9059178829193115 -5.691934108734131
vt 0 -5.543986797332764
vt -3.850119113922119 -5.512635231018066
vt -3.850119113922119 -5.512635231018066
vt 0 -5.543986797332764
vt -3.679832935333252 -5.182806015014648
vt -3.679832935333252 -5.182806015014648
vt 0 -5.543986797332764
vt 0 -4.850988864898682
vt -3.679832935333252 -5.182806015014648
vt 0 -4.850988864898682
vt -3.463413953781128 -4.8645501136779785
vt -3.463413953781128 -4.8645501136779785
vt 0 -4.850988864898682
vt -3.2204020023345947 -4.544508934020996
vt -3.2204020023345947 -4.544508934020996
vt 0 -4.850988864898682
vt 0 -4.157989978790283
vt -3.2204020023345947 -4.544508934020996
vt 0 -4.157989978790283
vt -2.696168899536133 -3.880889892578125
vt -2.696168899536133 -3.880889892578125
vt 0 -4.157989978790283
vt 0 -3.464992046356201
vt -2.696168899536133 -3.880889892578125
vt 0 -3.464992046356201
vt -2.1792380809783936 -3.1919760704040527
vt -2.1792380809783936 -3.1919760704040527
vt 0 -3.464992046356201
vt 0 -2.7719929218292236
vt -2.1792380809783936 -3.1919760704040527
vt 0 -2.7719929218292236
vt -1.9393600225448608 -2.8406360149383545
vt -1.9393600225448608 -2.8406360149383545
vt 0 -2.7719929218292236
vt -1.7100830078125 -2.471827983856201
vt -1.7100830078125 -2.471827983856201
vt 0 -2.7719929218292236
vt 0 -2.0789949893951416
vt -1.7100830078125 -2.471827983856201
vt 0 -2.0789949893951416
vt -1.497428059577942 -2.0844039916992188
vt -1.497428059577942 -2.0844039916992188
vt 0 -2.0789949893951416
vt -1.310500979423523 -1.6824569702148438
vt -1.310500979423523 -1.6824569702148438
vt 0 -2.0789949893951416
vt 0 -1.3859970569610596
vt -1.310500979423523 -1.6824569702148438
vt 0 -1.3859970569610596
vt -1.1570849418640137 -1.2696189880371094
vt -1.1570849418640137 -1.2696189880371094
vt 0 -1.3859970569610596
vt -1.0431469678878784 -0.8489530086517334
vt -1.0431469678878784 -0.8489530086517334
vt 0 -1.3859970569610596
vt 0 -0.6929979920387268
vt -1.0431469678878784 -0.8489530086517334
vt 0 -0.6929979920387268
vt -0.9734320044517517 -0.4243530035018921
vt -0.9734320044517517 -0.4243530035018921
vt 0 -0.6929979920387268
vt 0 0
vt -0.9734320044517517 -0.4243530035018921
vt 0 0
vt -0.949999988079071 0
vt -3.6861488819122314 -0.6890609860420227
vt -3.489553928375244 -0.6523110270500183
vt -3.75 0
vt -3.75 0
vt -3.489553928375244 -0.6523110270500183
vt -3.549999952316284 0
vt -3.75 0
vt -3.549999952316284 0
vt -3.489553928375244 0.6523110270500183
vt -3.489553928375244 -0.6523110270500183
vt -3.6861488819122314 -0.6890609860420227
vt -3.310276985168457 -1.2824079990386963
vt -3.310276985168457 -1.2824079990386963
vt -3.6861488819122314 -0.6890609860420227
vt -3.4967710971832275 -1.3546559810638428
vt -3.310276985168457 -1.2824079990386963
vt -3.4967710971832275 -1.3546559810638428
vt -3.018270969390869 -1.8688340187072754
vt -3.018270969390869 -1.8688340187072754
vt -3.4967710971832275 -1.3546559810638428
vt -3.1883139610290527 -1.9741209745407104
vt -3.018270969390869 -1.8688340187072754
vt -3.1883139610290527 -1.9741209745407104
vt -2.6234819889068604 -2.3916189670562744
vt -2.6234819889068604 -2.3916189670562744
vt -3.1883139610290527 -1.9741209745407104
vt -2.771282911300659 -2.5263590812683105
vt -2.6234819889068604 -2.3916189670562744
vt -2.771282911300659 -2.5263590812683105
vt -2.139353036880493 -2.832961082458496
vt -2.139353036880493 -2.832961082458496
vt -2.771282911300659 -2.5263590812683105
vt -2.2598800659179688 -2.9925649166107178
vt -2.139353036880493 -2.832961082458496
vt -2.2598800659179688 -2.9925649166107178
vt -1.5823709964752197 -3.1778299808502197
vt -1.5823709964752197 -3.1778299808502197
vt -2.2598800659179688 -2.9925649166107178
vt -1.6715190410614014 -3.3568620681762695
vt -1.5823709964752197 -3.1778299808502197
vt -1.6715190410614014 -3.3568620681762695
vt -0.9715039730072021 -3.4144809246063232
vt -0.9715039730072021 -3.4144809246063232
vt -1.6715190410614014 -3.3568620681762695
vt -1.0262360572814941 -3.6068460941314697
vt -0.9715039730072021 -3.4144809246063232
vt -1.0262360572814941 -3.6068460941314697
vt -0.32755300402641296 -3.534856081008911
vt -0.32755300402641296 -3.534856081008911
vt -1.0262360572814941 -3.6068460941314697
vt -0.34600600600242615 -3.7340030670166016
vt -0.32755300402641296 -3.534856081008911
vt -0.34600600600242615 -3.7340030670166016
vt 0.34600600600242615 -3.7340030670166016
vt -0.32755300402641296 -3.534856081008911
vt 0.34600600600242615 -3.7340030670166016
vt 0.32755300402641296 -3.534856081008911
vt 0.32755300402641296 -3.534856081008911
vt 0.34600600600242615 -3.7340030670166016
vt 1.0262360572814941 -3.6068460941314697
vt 0.32755300402641296 -3.534856081008911
vt 1.0262360572814941 -3.6068460941314697
vt 0.9715039730072021 -3.4144809246063232
vt 0.9715039730072021 -3.4144809246063232
vt 1.0262360572814941 -3.6068460941314697
vt 1.6715190410614014 -3.3568620681762695
vt 0.9715039730072021 -3.4144809246063232
vt 1.6715190410614014 -3.3568620681762695
vt 1.5823709964752197 -3.1778299808502197
vt 1.5823709964752197 -3.1778299808502197
vt 1.6715190410614014 -3.3568620681762695
vt 2.2598800659179688 -2.9925649166107178
vt 1.5823709964752197 -3.1778299808502197
vt 2.2598800659179688 -2.9925649166107178
vt 2.139353036880493 -2.832961082458496
vt 2.139353036880493 -2.832961082458496
vt 2.2598800659179688 -2.9925649166107178
vt 2.771282911300659 -2.5263590812683105
vt 2.139353036880493 -2.832961082458496
vt 2.771282911300659 -2.5263590812683105
vt 2.6234819889068604 -2.3916189670562744
vt 2.6234819889068604 -2.3916189670562744
vt 2.771282911300659 -2.5263590812683105
vt 3.1883139610290527 -1.9741209745407104
vt 2.6234819889068604 -2.3916189670562744
vt 3.1883139610290527 -1.9741209745407104
vt 3.018270969390869 -1.8688340187072754
vt 3.018270969390869 -1.8688340187072754
vt 3.1883139610290527 -1.9741209745407104
vt 3.4967710971832275 -1.3546559810638428
vt 3.018270969390869 -1.8688340187072754
vt 3.4967710971832275 -1.3546559810638428
vt 3.310276985168457 -1.2824079990386963
vt 3.310276985168457 -1.2824079990386963
vt 3.4967710971832275 -1.3546559810638428
vt 3.6861488819122314 -0.6890609860420227
vt 3.310276985168457 -1.2824079990386963
vt 3.6861488819122314 -0.6890609860420227
vt 3.489553928375244 -0.6523110270500183
vt 3.489553928375244 -0.6523110270500183
vt 3.6861488819122314 -0.6890609860420227
vt 3.75 0
vt 3.489553928375244 -0.6523110270500183
vt 3.75 0
vt 3.549999952316284 0
vt 3.549999952316284 0
vt 3.75 0
vt 3.489553928375244 0.6523110270500183
vt 3.489553928375244 0.6523110270500183
vt 3.75 0
vt 3.6861488819122314 0.6890609860420227
vt 3.489553928375244 0.6523110270500183
vt 3.6861488819122314 0.6890609860420227
vt 3.310276985168457 1.2824079990386963
vt 3.310276985168457 1.2824079990386963
vt 3.6861488819122314 0.6890609860420227
vt 3.4967710971832275 1.3546559810638428
vt 3.310276985168457 1.2824079990386963
vt 3.4967710971832275 1.3546559810638428
vt 3.018270969390869 1.8688340187072754
vt 3.018270969390869 1.8688340187072754
vt 3.4967710971832275 1.3546559810638428
vt 3.1883139610290527 1.9741209745407104
vt 3.018270969390869 1.8688340187072754
vt 3.1883139610290527 1.9741209745407104
vt 2.6234819889068604 2.3916189670562744
vt 2.6234819889068604 2.3916189670562744
vt 3.1883139610290527 1.9741209745407104
vt 2.771282911300659 2.5263590812683105
vt 2.6234819889068604 2.3916189670562744
vt 2.771282911300659 2.5263590812683105
vt 2.139353036880493 2.832961082458496
vt 2.139353036880493 2.832961082458496
vt 2.771282911300659 2.5263590812683105
vt 2.2598800659179688 2.9925649166107178
vt 2.139353036880493 2.832961082458496
vt 2.2598800659179688 2.9925649166107178
vt 1.5823709964752197 3.1778299808502197
vt 1.5823709964752197 3.1778299808502197
vt 2.2598800659179688 2.9925649166107178
vt 1.6715190410614014 3.3568620681762695
vt 1.5823709964752197 3.1778299808502197
vt 1.6715190410614014 3.3568620681762695
vt 0.9715039730072021 3.4144809246063232
vt 0.9715039730072021 3.4144809246063232
vt 1.6715190410614014 3.3568620681762695
vt 1.0262360572814941 3.6068460941314697
vt 0.9715039730072021 3.4144809246063232
vt 1.0262360572814941 3.6068460941314697
vt 0.32755300402641296 3.534856081008911
vt 0.32755300402641296 3.534856081008911
vt 1.0262360572814941 3.6068460941314697
vt 0.34600600600242615 3.7340030670166016
vt 0.32755300402641296 3.534856081008911
vt 0.34600600600242615 3.7340030670166016
vt -0.34600600600242615 3.7340030670166016
vt 0.32755300402641296 3.534856081008911
vt -0.34600600600242615 3.7340030670166016
vt -0.32755300402641296 3.534856081008911
vt -0.32755300402641296 3.534856081008911
vt -0.34600600600242615 3.7340030670166016
vt -1.0262360572814941 3.6068460941314697
vt -0.32755300402641296 3.534856081008911
vt -1.0262360572814941 3.6068460941314697
vt -0.9715039730072021 3.4144809246063232
vt -0.9715039730072021 3.4144809246063232
vt -1.0262360572814941 3.6068460941314697
vt -1.6715190410614014 3.3568620681762695
vt -0.9715039730072021 3.4144809246063232
vt -1.6715190410614014 3.3568620681762695
vt -1.5823709964752197 3.1778299808502197
vt -1.5823709964752197 3.1778299808502197
vt -1.6715190410614014 3.3568620681762695
vt -2.2598800659179688 2.9925649166107178
vt -1.5823709964752197 3.1778299808502197
vt -2.2598800659179688 2.9925649166107178
vt -2.139353036880493 2.832961082458496
vt -2.139353036880493 2.832961082458496
vt -2.2598800659179688 2.9925649166107178
vt -2.771282911300659 2.5263590812683105
vt -2.139353036880493 2.832961082458496
vt -2.771282911300659 2.5263590812683105
vt -2.6234819889068604 2.3916189670562744
vt -2.6234819889068604 2.3916189670562744
vt -2.771282911300659 2.5263590812683105
vt -3.1883139610290527 1.9741209745407104
vt -2.6234819889068604 2.3916189670562744
vt -3.1883139610290527 1.9741209745407104
vt -3.018270969390869 1.8688340187072754
vt -3.018270969390869 1.8688340187072754
vt -3.1883139610290527 1.9741209745407104
vt -3.4967710971832275 1.3546559810638428
vt -3.018270969390869 1.8688340187072754
vt -3.4967710971832275 1.3546559810638428
vt -3.310276985168457 1.2824079990386963
vt -3.310276985168457 1.2824079990386963
vt -3.4967710971832275 1.3546559810638428
vt -3.6861488819122314 0.6890609860420227
vt -3.310276985168457 1.2824079990386963
vt -3.6861488819122314 0.6890609860420227
vt -3.489553928375244 0.6523110270500183
vt -3.489553928375244 0.6523110270500183
vt -3.6861488819122314 0.6890609860420227
vt -3.75 0
vt 0.6000000238418579 11.152653694152832
vt 0 11.152653694152832
vt 0.6000000238418579 10.496615409851074
vt 0.6000000238418579 10.496615409851074
vt 0 11.152653694152832
vt 0 10.496615409851074
vt 0.6000000238418579 10.496615409851074
vt 0 10.496615409851074
vt 0 9.840577125549316
vt 0.6000000238418579 10.496615409851074
vt 0 9.840577125549316
vt 0.6000000238418579 9.840577125549316
vt 0.6000000238418579 9.840577125549316
vt 0 9.840577125549316
vt 0 9.184538841247559
vt 0.6000000238418579 9.840577125549316
vt 0 9.184538841247559
vt 0.6000000238418579 9.184538841247559
vt 0.6000000238418579 9.184538841247559
vt 0 9.184538841247559
vt 0 8.528499603271484
vt 0.6000000238418579 9.184538841247559
vt 0 8.528499603271484
vt 0.6000000238418579 8.528499603271484
vt 0.6000000238418579 8.528499603271484
vt 0 8.528499603271484
vt 0 7.872461795806885
vt 0.6000000238418579 8.528499603271484
vt 0 7.872461795806885
vt 0.6000000238418579 7.872461795806885
vt 0.6000000238418579 7.872461795806885
vt 0 7.872461795806885
vt 0 7.216423034667969
vt 0.6000000238418579 7.872461795806885
vt 0 7.216423034667969
vt 0.6000000238418579 7.216423034667969
vt 0.6000000238418579 7.216423034667969
vt 0 7.216423034667969
vt 0 6.560385227203369
vt 0.6000000238418579 7.216423034667969
vt 0 6.560385227203369
vt 0.6000000238418579 6.560385227203369
vt 0.6000000238418579 6.560385227203369
vt 0 6.560385227203369
vt 0 5.904345989227295
vt 0.6000000238418579 6.560385227203369
vt 0 5.904345989227295
vt 0.6000000238418579 5.904345989227295
vt 0.6000000238418579 5.904345989227295
vt 0 5.904345989227295
vt 0 5.248308181762695
vt 0.6000000238418579 5.904345989227295
vt 0 5.248308181762695
vt 0.6000000238418579 5.248308181762695
vt 0.6000000238418579 5.248308181762695
vt 0 5.248308181762695
vt 0 4.592268943786621
vt 0.6000000238418579 5.248308181762695
vt 0 4.592268943786621
vt 0.6000000238418579 4.592268943786621
vt 0.6000000238418579 4.592268943786621
vt 0 4.592268943786621
vt 0 3.9362308979034424
vt 0.6000000238418579 4.592268943786621
vt 0 3.9362308979034424
vt 0.6000000238418579 3.9362308979034424
vt 0.6000000238418579 3.9362308979034424
vt 0 3.9362308979034424
vt 0 3.2801918983459473
vt 0.6000000238418579 3.9362308979034424
vt 0 3.2801918983459473
vt 0.6000000238418579 3.2801918983459473
vt 0.6000000238418579 3.2801918983459473
vt 0 3.2801918983459473
vt 0 2.6241540908813477
vt 0.6000000238418579 3.2801918983459473
vt 0 2.6241540908813477
vt 0.6000000238418579 2.6241540908813477
vt 0.6000000238418579 2.6241540908813477
vt 0 2.6241540908813477
vt 0 1.968114972114563
vt 0.6000000238418579 2.6241540908813477
vt 0 1.968114972114563
vt 0.6000000238418579 1.968114972114563
vt 0.6000000238418579 1.968114972114563
vt 0 1.968114972114563
vt 0 1.3120770454406738
vt 0.6000000238418579 1.968114972114563
vt 0 1.3120770454406738
vt 0.6000000238418579 1.3120770454406738
vt 0.6000000238418579 1.3120770454406738
vt 0 1.3120770454406738
vt 0 0.6560379862785339
vt 0.6000000238418579 1.3120770454406738
vt 0 0.6560379862785339
vt 0.6000000238418579 0.6560379862785339
vt 0.6000000238418579 0.6560379862785339
vt 0 0.6560379862785339
vt 0 0
vt 0.6000000238418579 0.6560379862785339
vt 0 0
vt 0.6000000238418579 0
vt 3.489553928375244 0.6523110270500183
vt -3.489553928375244 0.6523110270500183
vt 3.549999952316284 0
vt 3.549999952316284 0
vt -3.489553928375244 0.6523110270500183
vt -3.549999952316284 0
vt 3.549999952316284 0
vt -3.549999952316284 0
vt 3.489553928375244 -0.6523110270500183
vt 3.489553928375244 -0.6523110270500183
vt -3.549999952316284 0
vt -3.489553928375244 -0.6523110270500183
vt 3.489553928375244 -0.6523110270500183
vt -3.489553928375244 -0.6523110270500183
vt 3.310276985168457 -1.2824079990386963
vt 3.310276985168457 -1.2824079990386963
vt -3.489553928375244 -0.6523110270500183
vt -3.310276985168457 -1.2824079990386963
vt 3.310276985168457 -1.2824079990386963
vt -3.310276985168457 -1.2824079990386963
vt 3.018270969390869 -1.8688340187072754
vt 3.018270969390869 -1.8688340187072754
vt -3.310276985168457 -1.2824079990386963
vt -3.018270969390869 -1.8688340187072754
vt 3.018270969390869 -1.8688340187072754
vt -3.018270969390869 -1.8688340187072754
vt 2.6234819889068604 -2.3916189670562744
vt 2.6234819889068604 -2.3916189670562744
vt -3.018270969390869 -1.8688340187072754
vt -2.6234819889068604 -2.3916189670562744
vt 2.6234819889068604 -2.3916189670562744
vt -2.6234819889068604 -2.3916189670562744
vt 2.139353036880493 -2.832961082458496
vt 2.139353036880493 -2.832961082458496
vt -2.6234819889068604 -2.3916189670562744
vt -2.139353036880493 -2.832961082458496
vt 2.139353036880493 -2.832961082458496
vt -2.139353036880493 -2.832961082458496
vt 1.5823709964752197 -3.1778299808502197
vt 1.5823709964752197 -3.1778299808502197
vt -2.139353036880493 -2.832961082458496
vt -1.5823709964752197 -3.1778299808502197
vt 1.5823709964752197 -3.1778299808502197
vt -1.5823709964752197 -3.1778299808502197
vt 0.9715039730072021 -3.4144809246063232
vt 0.9715039730072021 -3.4144809246063232
vt -1.5823709964752197 -3.1778299808502197
vt -0.9715039730072021 -3.4144809246063232
vt 0.9715039730072021 -3.4144809246063232
vt -0.9715039730072021 -3.4144809246063232
vt 0.32755300402641296 -3.534856081008911
vt 0.32755300402641296 -3.534856081008911
vt -0.9715039730072021 -3.4144809246063232
vt -0.32755300402641296 -3.534856081008911
vt -3.489553928375244 0.6523110270500183
vt 3.489553928375244 0.6523110270500183
vt -3.310276985168457 1.2824079990386963
vt -3.310276985168457 1.2824079990386963
vt 3.489553928375244 0.6523110270500183
vt 3.310276985168457 1.2824079990386963
vt -3.310276985168457 1.2824079990386963
vt 3.310276985168457 1.2824079990386963
vt -3.018270969390869 1.8688340187072754
vt -3.018270969390869 1.8688340187072754
vt 3.310276985168457 1.2824079990386963
vt 3.018270969390869 1.8688340187072754
vt -3.018270969390869 1.8688340187072754
vt 3.018270969390869 1.8688340187072754
vt -2.6234819889068604 2.3916189670562744
vt -2.6234819889068604 2.3916189670562744
vt 3.018270969390869 1.8688340187072754
vt 2.6234819889068604 2.3916189670562744
vt -2.6234819889068604 2.3916189670562744
vt 2.6234819889068604 2.3916189670562744
vt -2.139353036880493 2.832961082458496
vt -2.139353036880493 2.832961082458496
vt 2.6234819889068604 2.3916189670562744
vt 2.139353036880493 2.832961082458496
vt -2.139353036880493 2.832961082458496
vt 2.139353036880493 2.832961082458496
vt -1.5823709964752197 3.1778299808502197
vt -1.5823709964752197 3.1778299808502197
vt 2.139353036880493 2.832961082458496
vt 1.5823709964752197 3.1778299808502197
vt -1.5823709964752197 3.1778299808502197
vt 1.5823709964752197 3.1778299808502197
vt -0.9715039730072021 3.4144809246063232
vt -0.9715039730072021 3.4144809246063232
vt 1.5823709964752197 3.1778299808502197
vt 0.9715039730072021 3.4144809246063232
vt -0.9715039730072021 3.4144809246063232
vt 0.9715039730072021 3.4144809246063232
vt -0.32755300402641296 3.534856081008911
vt -0.32755300402641296 3.534856081008911
vt 0.9715039730072021 3.4144809246063232
vt 0.32755300402641296 3.534856081008911
vt -0.7074360251426697 3.309446096420288
vt -0.7037609815597534 3.2897870540618896
vt 0 3.375
vt 0 3.375
vt -0.7037609815597534 3.2897870540618896
vt 0 3.3550000190734863
vt 0 3.375
vt 0 3.3550000190734863
vt 0.7037609815597534 3.2897870540618896
vt -0.7037609815597534 3.2897870540618896
vt -0.7074360251426697 3.309446096420288
vt -1.3835560083389282 3.0963690280914307
vt -1.3835560083389282 3.0963690280914307
vt -0.7074360251426697 3.309446096420288
vt -1.390779972076416 3.115017890930176
vt -1.3835560083389282 3.0963690280914307
vt -1.390779972076416 3.115017890930176
vt -2.016235113143921 2.781332015991211
vt -2.016235113143921 2.781332015991211
vt -1.390779972076416 3.115017890930176
vt -2.026763916015625 2.7983360290527344
vt -2.016235113143921 2.781332015991211
vt -2.026763916015625 2.7983360290527344
vt -2.580254077911377 2.3554039001464844
vt -2.580254077911377 2.3554039001464844
vt -2.026763916015625 2.7983360290527344
vt -2.5937280654907227 2.3701839447021484
vt -2.580254077911377 2.3554039001464844
vt -2.5937280654907227 2.3701839447021484
vt -3.056406021118164 1.8330910205841064
vt -3.056406021118164 1.8330910205841064
vt -2.5937280654907227 2.3701839447021484
vt -3.0723659992218018 1.8451429605484009
vt -3.056406021118164 1.8330910205841064
vt -3.0723659992218018 1.8451429605484009
vt -3.4284749031066895 1.232177972793579
vt -3.4284749031066895 1.232177972793579
vt -3.0723659992218018 1.8451429605484009
vt -3.4463789463043213 1.2410930395126343
vt -3.4284749031066895 1.232177972793579
vt -3.4463789463043213 1.2410930395126343
vt -3.6837921142578125 0.5731289982795715
vt -3.6837921142578125 0.5731289982795715
vt -3.4463789463043213 1.2410930395126343
vt -3.703028917312622 0.5786020159721375
vt -3.6837921142578125 0.5731289982795715
vt -3.703028917312622 0.5786020159721375
vt -3.813662052154541 -0.12161199748516083
vt -3.813662052154541 -0.12161199748516083
vt -3.703028917312622 0.5786020159721375
vt -3.8335769176483154 -0.11976700276136398
vt -3.813662052154541 -0.12161199748516083
vt -3.8335769176483154 -0.11976700276136398
vt -3.8335769176483154 -0.8302329778671265
vt -3.813662052154541 -0.12161199748516083
vt -3.8335769176483154 -0.8302329778671265
vt -3.813662052154541 -0.828387975692749
vt -3.813662052154541 -0.828387975692749
vt -3.8335769176483154 -0.8302329778671265
vt -3.703028917312622 -1.5286020040512085
vt -3.813662052154541 -0.828387975692749
vt -3.703028917312622 -1.5286020040512085
vt -3.6837921142578125 -1.5231289863586426
vt -3.6837921142578125 -1.5231289863586426
vt -3.703028917312622 -1.5286020040512085
vt -3.4463789463043213 -2.1910929679870605
vt -3.6837921142578125 -1.5231289863586426
vt -3.4463789463043213 -2.1910929679870605
vt -3.4284749031066895 -2.182178020477295
vt -3.4284749031066895 -2.182178020477295
vt -3.4463789463043213 -2.1910929679870605
vt -3.0723659992218018 -2.795142889022827
vt -3.4284749031066895 -2.182178020477295
vt -3.0723659992218018 -2.795142889022827
vt -3.056406021118164 -2.7830910682678223
vt -3.056406021118164 -2.7830910682678223
vt -3.0723659992218018 -2.795142889022827
vt -2.5937280654907227 -3.3201839923858643
vt -3.056406021118164 -2.7830910682678223
vt -2.5937280654907227 -3.3201839923858643
vt -2.580254077911377 -3.3054039478302
vt -2.580254077911377 -3.3054039478302
vt -2.5937280654907227 -3.3201839923858643
vt -2.026763916015625 -3.74833607673645
vt -2.580254077911377 -3.3054039478302
vt -2.026763916015625 -3.74833607673645
vt -2.016235113143921 -3.7313320636749268
vt -2.016235113143921 -3.7313320636749268
vt -2.026763916015625 -3.74833607673645
vt -1.390779972076416 -4.065018177032471
vt -2.016235113143921 -3.7313320636749268
vt -1.390779972076416 -4.065018177032471
vt -1.3835560083389282 -4.0463690757751465
vt -1.3835560083389282 -4.0463690757751465
vt -1.390779972076416 -4.065018177032471
vt -0.7074360251426697 -4.25944709777832
vt -1.3835560083389282 -4.0463690757751465
vt -0.7074360251426697 -4.25944709777832
vt -0.7037609815597534 -4.2397871017456055
vt -0.7037609815597534 -4.2397871017456055
vt -0.7074360251426697 -4.25944709777832
vt 0 -4.324999809265137
vt -0.7037609815597534 -4.2397871017456055
vt 0 -4.324999809265137
vt 0 -4.304999828338623
vt 0 -4.304999828338623
vt 0 -4.324999809265137
vt 0.7037609815597534 -4.2397871017456055
vt 0.7037609815597534 -4.2397871017456055
vt 0 -4.324999809265137
vt 0.7074360251426697 -4.25944709777832
vt 0.7037609815597534 -4.2397871017456055
vt 0.7074360251426697 -4.25944709777832
vt 1.3835560083389282 -4.0463690757751465
vt 1.3835560083389282 -4.0463690757751465
vt 0.7074360251426697 -4.25944709777832
vt 1.390779972076416 -4.065018177032471
vt 1.3835560083389282 -4.0463690757751465
vt 1.390779972076416 -4.065018177032471
vt 2.016235113143921 -3.7313320636749268
vt 2.016235113143921 -3.7313320636749268
vt 1.390779972076416 -4.065018177032471
vt 2.026763916015625 -3.74833607673645
vt 2.016235113143921 -3.7313320636749268
vt 2.026763916015625 -3.74833607673645
vt 2.580254077911377 -3.3054039478302
vt 2.580254077911377 -3.3054039478302
vt 2.026763916015625 -3.74833607673645
vt 2.5937280654907227 -3.3201839923858643
vt 2.580254077911377 -3.3054039478302
vt 2.5937280654907227 -3.3201839923858643
vt 3.056406021118164 -2.7830910682678223
vt 3.056406021118164 -2.7830910682678223
vt 2.5937280654907227 -3.3201839923858643
vt 3.0723659992218018 -2.795142889022827
vt 3.056406021118164 -2.7830910682678223
vt 3.0723659992218018 -2.795142889022827
vt 3.4284749031066895 -2.182178020477295
vt 3.4284749031066895 -2.182178020477295
vt 3.0723659992218018 -2.795142889022827
vt 3.4463789463043213 -2.1910929679870605
vt 3.4284749031066895 -2.182178020477295
vt 3.4463789463043213 -2.1910929679870605
vt 3.6837921142578125 -1.5231289863586426
vt 3.6837921142578125 -1.5231289863586426
vt 3.4463789463043213 -2.1910929679870605
vt 3.703028917312622 -1.5286020040512085
vt 3.6837921142578125 -1.5231289863586426
vt 3.703028917312622 -1.5286020040512085
vt 3.813662052154541 -0.828387975692749
vt 3.813662052154541 -0.828387975692749
vt 3.703028917312622 -1.5286020040512085
vt 3.8335769176483154 -0.8302329778671265
vt 3.813662052154541 -0.828387975692749
vt 3.8335769176483154 -0.8302329778671265
vt 3.813662052154541 -0.12161199748516083
vt 3.813662052154541 -0.12161199748516083
vt 3.8335769176483154 -0.8302329778671265
vt 3.8335769176483154 -0.11976700276136398
vt 3.813662052154541 -0.12161199748516083
vt 3.8335769176483154 -0.11976700276136398
vt 3.703028917312622 0.5786020159721375
vt 3.813662052154541 -0.12161199748516083
vt 3.703028917312622 0.5786020159721375
vt 3.6837921142578125 0.5731289982795715
vt 3.6837921142578125 0.5731289982795715
vt 3.703028917312622 0.5786020159721375
vt 3.4463789463043213 1.2410930395126343
vt 3.6837921142578125 0.5731289982795715
vt 3.4463789463043213 1.2410930395126343
vt 3.4284749031066895 1.232177972793579
vt 3.4284749031066895 1.232177972793579
vt 3.4463789463043213 1.2410930395126343
vt 3.0723659992218018 1.8451429605484009
vt 3.4284749031066895 1.232177972793579
vt 3.0723659992218018 1.8451429605484009
vt 3.056406021118164 1.8330910205841064
vt 3.056406021118164 1.8330910205841064
vt 3.0723659992218018 1.8451429605484009
vt 2.5937280654907227 2.3701839447021484
vt 3.056406021118164 1.8330910205841064
vt 2.5937280654907227 2.3701839447021484
vt 2.580254077911377 2.3554039001464844
vt 2.580254077911377 2.3554039001464844
vt 2.5937280654907227 2.3701839447021484
vt 2.026763916015625 2.7983360290527344
vt 2.580254077911377 2.3554039001464844
vt 2.026763916015625 2.7983360290527344
vt 2.016235113143921 2.781332015991211
vt 2.016235113143921 2.781332015991211
vt 2.026763916015625 2.7983360290527344
vt 1.390779972076416 3.115017890930176
vt 2.016235113143921 2.781332015991211
vt 1.390779972076416 3.115017890930176
vt 1.3835560083389282 3.0963690280914307
vt 1.3835560083389282 3.0963690280914307
vt 1.390779972076416 3.115017890930176
vt 0.7074360251426697 3.309446096420288
vt 1.3835560083389282 3.0963690280914307
vt 0.7074360251426697 3.309446096420288
vt 0.7037609815597534 3.2897870540618896
vt 0.7037609815597534 3.2897870540618896
vt 0.7074360251426697 3.309446096420288
vt 0 3.375
vt 4.803124904632568 0.6685450077056885
vt 4.782733917236328 0.6650729775428772
vt 4.863677978515625 0
vt 4.863677978515625 0
vt 4.782733917236328 0.6650729775428772
vt 4.842973232269287 0
vt 4.863677978515625 0
vt 4.842973232269287 0
vt 4.803124904632568 -0.6685450077056885
vt 4.803124904632568 -0.6685450077056885
vt 4.842973232269287 0
vt 4.782733917236328 -0.6650729775428772
vt 4.803124904632568 -0.6685450077056885
vt 4.782733917236328 -0.6650729775428772
vt 4.603847980499268 -1.3099370002746582
vt 4.782733917236328 0.6650729775428772
vt 4.803124904632568 0.6685450077056885
vt 4.603847980499268 1.3099370002746582
vt 4.603847980499268 1.3099370002746582
vt 4.803124904632568 0.6685450077056885
vt 4.6233038902282715 1.3167779445648193
vt 4.603847980499268 1.3099370002746582
vt 4.6233038902282715 1.3167779445648193
vt 4.31174898147583 1.9149999618530273
vt 4.31174898147583 1.9149999618530273
vt 4.6233038902282715 1.3167779445648193
vt 4.3296799659729 1.9249999523162842
vt 4.31174898147583 1.9149999618530273
vt 4.3296799659729 1.9249999523162842
vt 3.915313959121704 2.4618771076202393
vt 3.915313959121704 2.4618771076202393
vt 4.3296799659729 1.9249999523162842
vt 3.9311749935150146 2.474731922149658
vt 3.915313959121704 2.4618771076202393
vt 3.9311749935150146 2.474731922149658
vt 3.4265871047973633 2.9339499473571777
vt 3.4265871047973633 2.9339499473571777
vt 3.9311749935150146 2.474731922149658
vt 3.4398961067199707 2.9492709636688232
vt 3.4265871047973633 2.9339499473571777
vt 3.4398961067199707 2.9492709636688232
vt 2.8604190349578857 3.3168768882751465
vt 2.8604190349578857 3.3168768882751465
vt 3.4398961067199707 2.9492709636688232
vt 2.870771884918213 3.334197998046875
vt 2.8604190349578857 3.3168768882751465
vt 2.870771884918213 3.334197998046875
vt 2.2340118885040283 3.5990231037139893
vt 2.2340118885040283 3.5990231037139893
vt 2.870771884918213 3.334197998046875
vt 2.2410929203033447 3.617816925048828
vt 2.2340118885040283 3.5990231037139893
vt 2.2410929203033447 3.617816925048828
vt 1.5663989782333374 3.7718141078948975
vt 1.5663989782333374 3.7718141078948975
vt 2.2410929203033447 3.617816925048828
vt 1.5699939727783203 3.7915101051330566
vt 1.5663989782333374 3.7718141078948975
vt 1.5699939727783203 3.7915101051330566
vt 0.8778650164604187 3.8299999237060547
vt 0.8778650164604187 3.8299999237060547
vt 1.5699939727783203 3.7915101051330566
vt 0.8778650164604187 3.8499999046325684
vt 0.8778650164604187 3.8299999237060547
vt 0.8778650164604187 3.8499999046325684
vt 0.18573600053787231 3.7915101051330566
vt 0.8778650164604187 3.8299999237060547
vt 0.18573600053787231 3.7915101051330566
vt 0.18933099508285522 3.7718141078948975
vt 0.18933099508285522 3.7718141078948975
vt 0.18573600053787231 3.7915101051330566
vt -0.48536399006843567 3.617816925048828
vt 0.18933099508285522 3.7718141078948975
vt -0.48536399006843567 3.617816925048828
vt -0.47828200459480286 3.5990231037139893
vt -0.47828200459480286 3.5990231037139893
vt -0.48536399006843567 3.617816925048828
vt -1.115041971206665 3.334197998046875
vt -0.47828200459480286 3.5990231037139893
vt -1.115041971206665 3.334197998046875
vt -1.1046890020370483 3.3168768882751465
vt -1.1046890020370483 3.3168768882751465
vt -1.115041971206665 3.334197998046875
vt -1.6841670274734497 2.9492709636688232
vt -1.1046890020370483 3.3168768882751465
vt -1.6841670274734497 2.9492709636688232
vt -1.6708569526672363 2.9339499473571777
vt -1.6708569526672363 2.9339499473571777
vt -1.6841670274734497 2.9492709636688232
vt -2.175445079803467 2.474731922149658
vt -1.6708569526672363 2.9339499473571777
vt -2.175445079803467 2.474731922149658
vt -2.1595840454101562 2.4618771076202393
vt -2.1595840454101562 2.4618771076202393
vt -2.175445079803467 2.474731922149658
vt -2.573951005935669 1.9249999523162842
vt -2.1595840454101562 2.4618771076202393
vt -2.573951005935669 1.9249999523162842
vt -2.5560190677642822 1.9149999618530273
vt -2.5560190677642822 1.9149999618530273
vt -2.573951005935669 1.9249999523162842
vt -2.8675739765167236 1.3167779445648193
vt -2.5560190677642822 1.9149999618530273
vt -2.8675739765167236 1.3167779445648193
vt -2.8481180667877197 1.3099370002746582
vt -2.8481180667877197 1.3099370002746582
vt -2.8675739765167236 1.3167779445648193
vt -3.0473949909210205 0.6685450077056885
vt -2.8481180667877197 1.3099370002746582
vt -3.0473949909210205 0.6685450077056885
vt -3.0270040035247803 0.6650729775428772
vt -3.0270040035247803 0.6650729775428772
vt -3.0473949909210205 0.6685450077056885
vt -3.107948064804077 0
vt -3.0270040035247803 0.6650729775428772
vt -3.107948064804077 0
vt -3.08724308013916 0
vt -3.08724308013916 0
vt -3.107948064804077 0
vt -3.0270040035247803 -0.6650729775428772
vt -3.0270040035247803 -0.6650729775428772
vt -3.107948064804077 0
vt -3.0473949909210205 -0.6685450077056885
vt -3.0270040035247803 -0.6650729775428772
vt -3.0473949909210205 -0.6685450077056885
vt -2.8481180667877197 -1.3099370002746582
vt -2.8481180667877197 -1.3099370002746582
vt -3.0473949909210205 -0.6685450077056885
vt -2.8675739765167236 -1.3167779445648193
vt -2.8481180667877197 -1.3099370002746582
vt -2.8675739765167236 -1.3167779445648193
vt -2.5560190677642822 -1.9149999618530273
vt -2.5560190677642822 -1.9149999618530273
vt -2.8675739765167236 -1.3167779445648193
vt -2.573951005935669 -1.9249999523162842
vt -2.5560190677642822 -1.9149999618530273
vt -2.573951005935669 -1.9249999523162842
vt -2.1595840454101562 -2.4618771076202393
vt -2.1595840454101562 -2.4618771076202393
vt -2.573951005935669 -1.9249999523162842
vt -2.175445079803467 -2.474731922149658
vt -2.1595840454101562 -2.4618771076202393
vt -2.175445079803467 -2.474731922149658
vt -1.6708569526672363 -2.9339499473571777
vt -1.6708569526672363 -2.9339499473571777
vt -2.175445079803467 -2.474731922149658
vt -1.6841670274734497 -2.9492709636688232
vt -1.6708569526672363 -2.9339499473571777
vt -1.6841670274734497 -2.9492709636688232
vt -1.1046890020370483 -3.3168768882751465
vt -1.1046890020370483 -3.3168768882751465
vt -1.6841670274734497 -2.9492709636688232
vt -1.115041971206665 -3.334197998046875
vt -1.1046890020370483 -3.3168768882751465
vt -1.115041971206665 -3.334197998046875
vt -0.47828200459480286 -3.5990231037139893
vt -0.47828200459480286 -3.5990231037139893
vt -1.115041971206665 -3.334197998046875
vt -0.48536399006843567 -3.617816925048828
vt -0.47828200459480286 -3.5990231037139893
vt -0.48536399006843567 -3.617816925048828
vt 0.18933099508285522 -3.7718141078948975
vt 0.18933099508285522 -3.7718141078948975
vt -0.48536399006843567 -3.617816925048828
vt 0.18573600053787231 -3.7915101051330566
vt 0.18933099508285522 -3.7718141078948975
vt 0.18573600053787231 -3.7915101051330566
vt 0.8778650164604187 -3.8299999237060547
vt 0.8778650164604187 -3.8299999237060547
vt 0.18573600053787231 -3.7915101051330566
vt 0.8778650164604187 -3.8499999046325684
vt 0.8778650164604187 -3.8299999237060547
vt 0.8778650164604187 -3.8499999046325684
vt 1.5699939727783203 -3.7915101051330566
vt 0.8778650164604187 -3.8299999237060547
vt 1.5699939727783203 -3.7915101051330566
vt 1.5663989782333374 -3.7718141078948975
vt 1.5663989782333374 -3.7718141078948975
vt 1.5699939727783203 -3.7915101051330566
vt 2.2410929203033447 -3.617816925048828
vt 1.5663989782333374 -3.7718141078948975
vt 2.2410929203033447 -3.617816925048828
vt 2.2340118885040283 -3.5990231037139893
vt 2.2340118885040283 -3.5990231037139893
vt 2.2410929203033447 -3.617816925048828
vt 2.870771884918213 -3.334197998046875
vt 2.2340118885040283 -3.5990231037139893
vt 2.870771884918213 -3.334197998046875
vt 2.8604190349578857 -3.3168768882751465
vt 2.8604190349578857 -3.3168768882751465
vt 2.870771884918213 -3.334197998046875
vt 3.4398961067199707 -2.9492709636688232
vt 2.8604190349578857 -3.3168768882751465
vt 3.4398961067199707 -2.9492709636688232
vt 3.4265871047973633 -2.9339499473571777
vt 3.4265871047973633 -2.9339499473571777
vt 3.4398961067199707 -2.9492709636688232
vt 3.9311749935150146 -2.474731922149658
vt 3.4265871047973633 -2.9339499473571777
vt 3.9311749935150146 -2.474731922149658
vt 3.915313959121704 -2.4618771076202393
vt 3.915313959121704 -2.4618771076202393
vt 3.9311749935150146 -2.474731922149658
vt 4.3296799659729 -1.9249999523162842
vt 3.915313959121704 -2.4618771076202393
vt 4.3296799659729 -1.9249999523162842
vt 4.31174898147583 -1.9149999618530273
vt 4.31174898147583 -1.9149999618530273
vt 4.3296799659729 -1.9249999523162842
vt 4.6233038902282715 -1.3167779445648193
vt 4.31174898147583 -1.9149999618530273
vt 4.6233038902282715 -1.3167779445648193
vt 4.603847980499268 -1.3099370002746582
vt 4.603847980499268 -1.3099370002746582
vt 4.6233038902282715 -1.3167779445648193
vt 4.803124904632568 -0.6685450077056885
vn -2.220446049250313e-16 1 2.2204460436442257e-22
vn -0.18374952660565758 0.9829730980409194 1.8374952035470052e-7
vn -2.220446049250313e-16 1 2.2204460436442257e-22
vn -2.220446049250313e-16 1 2.2204460436442257e-22
vn -0.18374952660565758 0.9829730980409194 1.8374952035470052e-7
vn -0.18374952660565758 0.9829730980409194 1.8374952035470052e-7
vn -0.18374952660565758 0.9829730980409194 1.8374952035470052e-7
vn -0.18374952660565758 0.9829730980409194 1.8374952035470052e-7
vn -0.36124166830066456 0.932472228585507 3.6124168884433087e-7
vn -0.18374952660565758 0.9829730980409194 1.8374952035470052e-7
vn -0.36124166830066456 0.932472228585507 3.6124168884433087e-7
vn -0.36124166830066456 0.932472228585507 3.6124168884433087e-7
vn -0.36124166830066456 0.932472228585507 3.6124168884433087e-7
vn -0.36124166830066456 0.932472228585507 3.6124168884433087e-7
vn -0.5264321458550774 0.8502171462691996 5.264321209567509e-7
vn -0.36124166830066456 0.932472228585507 3.6124168884433087e-7
vn -0.5264321458550774 0.8502171462691996 5.264321209567509e-7
vn -0.5264321458550774 0.8502171462691996 5.264321209567509e-7
vn -0.5264321458550774 0.8502171462691996 5.264321209567509e-7
vn -0.5264321458550774 0.8502171462691996 5.264321209567509e-7
vn -0.6736956396776606 0.7390089208384792 6.736956537457249e-7
vn -0.5264321458550774 0.8502171462691996 5.264321209567509e-7
vn -0.6736956396776606 0.7390089208384792 6.736956537457249e-7
vn -0.6736956396776606 0.7390089208384792 6.736956537457249e-7
vn -0.6736956396776606 0.7390089208384792 6.736956537457249e-7
vn -0.6736956396776606 0.7390089208384792 6.736956537457249e-7
vn -0.798017203380299 0.6026346680273627 7.980171967846435e-7
vn -0.6736956396776606 0.7390089208384792 6.736956537457249e-7
vn -0.798017203380299 0.6026346680273627 7.980171967846435e-7
vn -0.798017203380299 0.6026346680273627 7.980171967846435e-7
vn -0.798017203380299 0.6026346680273627 7.980171967846435e-7
vn -0.798017203380299 0.6026346680273627 7.980171967846435e-7
vn -0.8951632848611246 0.4457383688172241 8.951632693742491e-7
vn -0.798017203380299 0.6026346680273627 7.980171967846435e-7
vn -0.8951632848611246 0.4457383688172241 8.951632693742491e-7
vn -0.8951632848611246 0.4457383688172241 8.951632693742491e-7
vn -0.8951632848611246 0.4457383688172241 8.951632693742491e-7
vn -0.8951632848611246 0.4457383688172241 8.951632693742491e-7
vn -0.9618256465930818 0.27366297804941575 9.618256404521738e-7
vn -0.8951632848611246 0.4457383688172241 8.951632693742491e-7
vn -0.9618256465930818 0.27366297804941575 9.618256404521738e-7
vn -0.9618256465930818 0.27366297804941575 9.618256404521738e-7
vn -0.9618256465930818 0.27366297804941575 9.618256404521738e-7
vn -0.9618256465930818 0.27366297804941575 9.618256404521738e-7
vn -0.9957341758227815 0.09226836455434888 9.957341469081252e-7
vn -0.9618256465930818 0.27366297804941575 9.618256404521738e-7
vn -0.9957341758227815 0.09226836455434888 9.957341469081252e-7
vn -0.9957341758227815 0.09226836455434888 9.957341469081252e-7
vn -0.9957341758227815 0.09226836455434888 9.957341469081252e-7
vn -0.9957341758227815 0.09226836455434888 9.957341469081252e-7
vn -0.9957341758227815 -0.09226836455434888 9.957341469081252e-7
vn -0.9957341758227815 0.09226836455434888 9.957341469081252e-7
vn -0.9957341758227815 -0.09226836455434888 9.957341469081252e-7
vn -0.9957341758227815 -0.09226836455434888 9.957341469081252e-7
vn -0.9957341758227815 -0.09226836455434888 9.957341469081252e-7
vn -0.9957341758227815 -0.09226836455434888 9.957341469081252e-7
vn -0.9618256465930818 -0.27366297804941575 9.618256404521738e-7
vn -0.9957341758227815 -0.09226836455434888 9.957341469081252e-7
vn -0.9618256465930818 -0.27366297804941575 9.618256404521738e-7
vn -0.9618256465930818 -0.27366297804941575 9.618256404521738e-7
vn -0.9618256465930818 -0.27366297804941575 9.618256404521738e-7
vn -0.9618256465930818 -0.27366297804941575 9.618256404521738e-7
vn -0.8951632848611246 -0.4457383688172241 8.951632693742491e-7
vn -0.9618256465930818 -0.27366297804941575 9.618256404521738e-7
vn -0.8951632848611246 -0.4457383688172241 8.951632693742491e-7
vn -0.8951632848611246 -0.4457383688172241 8.951632693742491e-7
vn -0.8951632848611246 -0.4457383688172241 8.951632693742491e-7
vn -0.8951632848611246 -0.4457383688172241 8.951632693742491e-7
vn -0.798017203380299 -0.6026346680273627 7.980171967846435e-7
vn -0.8951632848611246 -0.4457383688172241 8.951632693742491e-7
vn -0.798017203380299 -0.6026346680273627 7.980171967846435e-7
vn -0.798017203380299 -0.6026346680273627 7.980171967846435e-7
vn -0.798017203380299 -0.6026346680273627 7.980171967846435e-7
vn -0.798017203380299 -0.6026346680273627 7.980171967846435e-7
vn -0.6736956396776606 -0.7390089208384792 6.736956537457249e-7
vn -0.798017203380299 -0.6026346680273627 7.980171967846435e-7
vn -0.6736956396776606 -0.7390089208384792 6.736956537457249e-7
vn -0.6736956396776606 -0.7390089208384792 6.736956537457249e-7
vn -0.6736956396776606 -0.7390089208384792 6.736956537457249e-7
vn -0.6736956396776606 -0.7390089208384792 6.736956537457249e-7
vn -0.5264321458550774 -0.8502171462691996 5.264321209567509e-7
vn -0.6736956396776606 -0.7390089208384792 6.736956537457249e-7
vn -0.5264321458550774 -0.8502171462691996 5.264321209567509e-7
vn -0.5264321458550774 -0.8502171462691996 5.264321209567509e-7
vn -0.5264321458550774 -0.8502171462691996 5.264321209567509e-7
vn -0.5264321458550774 -0.8502171462691996 5.264321209567509e-7
vn -0.36124166830066456 -0.932472228585507 3.6124168884433087e-7
vn -0.5264321458550774 -0.8502171462691996 5.264321209567509e-7
vn -0.36124166830066456 -0.932472228585507 3.6124168884433087e-7
vn -0.36124166830066456 -0.932472228585507 3.6124168884433087e-7
vn -0.36124166830066456 -0.932472228585507 3.6124168884433087e-7
vn -0.36124166830066456 -0.932472228585507 3.6124168884433087e-7
vn -0.18374952660565758 -0.9829730980409194 1.8374952035470052e-7
vn -0.36124166830066456 -0.932472228585507 3.6124168884433087e-7
vn -0.18374952660565758 -0.9829730980409194 1.8374952035470052e-7
vn -0.18374952660565758 -0.9829730980409194 1.8374952035470052e-7
vn -0.18374952660565758 -0.9829730980409194 1.8374952035470052e-7
vn -0.18374952660565758 -0.9829730980409194 1.8374952035470052e-7
vn 2.220446049250313e-16 -1 -2.2204460436442257e-22
vn 2.220446049250313e-16 -1 -2.2204460436442257e-22
vn -0.18374952660565758 -0.9829730980409194 1.8374952035470052e-7
vn 2.220446049250313e-16 -1 -2.2204460436442257e-22
vn -2.220446049250313e-16 1 2.2204460436442257e-22
vn -2.220446049250313e-16 1 2.2204460436442257e-22
vn -0.11291935730414882 0.9936041559625268 1.1291935610134211e-7
vn -0.11291935730414882 0.9936041559625268 1.1291935610134211e-7
vn -2.220446049250313e-16 1 2.2204460436442257e-22
vn -0.18374952660565758 0.9829730980409194 1.8374952035470052e-7
vn -0.11291935730414882 0.9936041559625268 1.1291935610134211e-7
vn -0.18374952660565758 0.9829730980409194 1.8374952035470052e-7
vn -0.22445863672099176 0.9744836173078044 2.244586331048408e-7
vn -0.22445863672099176 0.9744836173078044 2.244586331048408e-7
vn -0.18374952660565758 0.9829730980409194 1.8374952035470052e-7
vn -0.36124166830066456 0.932472228585507 3.6124168884433087e-7
vn -0.22445863672099176 0.9744836173078044 2.244586331048408e-7
vn -0.36124166830066456 0.932472228585507 3.6124168884433087e-7
vn -0.3321338667175357 0.9432322590852944 3.321338584102109e-7
vn -0.3321338667175357 0.9432322590852944 3.321338584102109e-7
vn -0.36124166830066456 0.932472228585507 3.6124168884433087e-7
vn -0.4337541497759408 0.901031263359914 4.3375417048331633e-7
vn -0.4337541497759408 0.901031263359914 4.3375417048331633e-7
vn -0.36124166830066456 0.932472228585507 3.6124168884433087e-7
vn -0.5264321458550774 0.8502171462691996 5.264321209567509e-7
vn -0.4337541497759408 0.901031263359914 4.3375417048331633e-7
vn -0.5264321458550774 0.8502171462691996 5.264321209567509e-7
vn -0.5276579197734805 0.8494569557664735 5.276579536830806e-7
vn -0.5276579197734805 0.8494569557664735 5.276579536830806e-7
vn -0.5264321458550774 0.8502171462691996 5.264321209567509e-7
vn -0.6124482798485053 0.7905106605923996 6.124482799649206e-7
vn -0.6124482798485053 0.7905106605923996 6.124482799649206e-7
vn -0.5264321458550774 0.8502171462691996 5.264321209567509e-7
vn -0.6736956396776606 0.7390089208384792 6.736956537457249e-7
vn -0.6124482798485053 0.7905106605923996 6.124482799649206e-7
vn -0.6736956396776606 0.7390089208384792 6.736956537457249e-7
vn -0.6871094325554056 0.7265539399748078 6.871094560312836e-7
vn -0.6871094325554056 0.7265539399748078 6.871094560312836e-7
vn -0.6736956396776606 0.7390089208384792 6.736956537457249e-7
vn -0.7520675792294295 0.6590860006641166 7.520676055138269e-7
vn -0.7520675792294295 0.6590860006641166 7.520676055138269e-7
vn -0.6736956396776606 0.7390089208384792 6.736956537457249e-7
vn -0.798017203380299 0.6026346680273627 7.980171967846435e-7
vn -0.7520675792294295 0.6590860006641166 7.520676055138269e-7
vn -0.798017203380299 0.6026346680273627 7.980171967846435e-7
vn -0.8598133737168147 0.5106084237230818 8.598133647128173e-7
vn -0.8598133737168147 0.5106084237230818 8.598133647128173e-7
vn -0.798017203380299 0.6026346680273627 7.980171967846435e-7
vn -0.8951632848611246 0.4457383688172241 8.951632693742491e-7
vn -0.8598133737168147 0.5106084237230818 8.598133647128173e-7
vn -0.8951632848611246 0.4457383688172241 8.951632693742491e-7
vn -0.9362742310388352 0.3512699308107101 9.362742053910847e-7
vn -0.9362742310388352 0.3512699308107101 9.362742053910847e-7
vn -0.8951632848611246 0.4457383688172241 8.951632693742491e-7
vn -0.9618256465930818 0.27366297804941575 9.618256404521738e-7
vn -0.9362742310388352 0.3512699308107101 9.362742053910847e-7
vn -0.9618256465930818 0.27366297804941575 9.618256404521738e-7
vn -0.9628090221697768 0.2701828766364579 9.62809049745656e-7
vn -0.9628090221697768 0.2701828766364579 9.62809049745656e-7
vn -0.9618256465930818 0.27366297804941575 9.618256404521738e-7
vn -0.9822461576832496 0.18759660368868047 9.822462033253317e-7
vn -0.9822461576832496 0.18759660368868047 9.822462033253317e-7
vn -0.9618256465930818 0.27366297804941575 9.618256404521738e-7
vn -0.9957341758227815 0.09226836455434888 9.957341469081252e-7
vn -0.9822461576832496 0.18759660368868047 9.822462033253317e-7
vn -0.9957341758227815 0.09226836455434888 9.957341469081252e-7
vn -0.9949279779281126 0.10058985403551993 9.94927948467761e-7
vn -0.9949279779281126 0.10058985403551993 9.94927948467761e-7
vn -0.9957341758227815 0.09226836455434888 9.957341469081252e-7
vn -0.9985986252444927 0.05292244947857458 9.985985698744557e-7
vn -0.9985986252444927 0.05292244947857458 9.985985698744557e-7
vn -0.9957341758227815 0.09226836455434888 9.957341469081252e-7
vn -0.9999999999995 -1.1102230246246014e-16 9.999999974747427e-7
vn -0.9999999999995 -1.1102230246246014e-16 9.999999974747427e-7
vn -0.9957341758227815 0.09226836455434888 9.957341469081252e-7
vn -0.9957341758227815 -0.09226836455434888 9.957341469081252e-7
vn -0.9999999999995 -1.1102230246246014e-16 9.999999974747427e-7
vn -0.9957341758227815 -0.09226836455434888 9.957341469081252e-7
vn -0.9985986252444927 -0.05292244947857458 9.985985698744557e-7
vn -0.9985986252444927 -0.05292244947857458 9.985985698744557e-7
vn -0.9957341758227815 -0.09226836455434888 9.957341469081252e-7
vn -0.9949279779281126 -0.10058985403551993 9.94927948467761e-7
vn -0.9949279779281126 -0.10058985403551993 9.94927948467761e-7
vn -0.9957341758227815 -0.09226836455434888 9.957341469081252e-7
vn -0.9822461576832496 -0.18759660368868047 9.822462033253317e-7
vn -0.9822461576832496 -0.18759660368868047 9.822462033253317e-7
vn -0.9957341758227815 -0.09226836455434888 9.957341469081252e-7
vn -0.9618256465930818 -0.27366297804941575 9.618256404521738e-7
vn -0.9822461576832496 -0.18759660368868047 9.822462033253317e-7
vn -0.9618256465930818 -0.27366297804941575 9.618256404521738e-7
vn -0.9628090221697768 -0.2701828766364579 9.62809049745656e-7
vn -0.9628090221697768 -0.2701828766364579 9.62809049745656e-7
vn -0.9618256465930818 -0.27366297804941575 9.618256404521738e-7
vn -0.9362742310388352 -0.3512699308107101 9.362742053910847e-7
vn -0.9362742310388352 -0.3512699308107101 9.362742053910847e-7
vn -0.9618256465930818 -0.27366297804941575 9.618256404521738e-7
vn -0.8951632848611246 -0.4457383688172241 8.951632693742491e-7
vn -0.9362742310388352 -0.3512699308107101 9.362742053910847e-7
vn -0.8951632848611246 -0.4457383688172241 8.951632693742491e-7
vn -0.8598133737168147 -0.5106084237230818 8.598133647128173e-7
vn -0.8598133737168147 -0.5106084237230818 8.598133647128173e-7
vn -0.8951632848611246 -0.4457383688172241 8.951632693742491e-7
vn -0.798017203380299 -0.6026346680273627 7.980171967846435e-7
vn -0.8598133737168147 -0.5106084237230818 8.598133647128173e-7
vn -0.798017203380299 -0.6026346680273627 7.980171967846435e-7
vn -0.7520675792294295 -0.6590860006641166 7.520676055138269e-7
vn -0.7520675792294295 -0.6590860006641166 7.520676055138269e-7
vn -0.798017203380299 -0.6026346680273627 7.980171967846435e-7
vn -0.6736956396776606 -0.7390089208384792 6.736956537457249e-7
vn -0.7520675792294295 -0.6590860006641166 7.520676055138269e-7
vn -0.6736956396776606 -0.7390089208384792 6.736956537457249e-7
vn -0.6871094325554056 -0.7265539399748078 6.871094560312836e-7
vn -0.6871094325554056 -0.7265539399748078 6.871094560312836e-7
vn -0.6736956396776606 -0.7390089208384792 6.736956537457249e-7
vn -0.6124482798485053 -0.7905106605923996 6.124482799649206e-7
vn -0.6124482798485053 -0.7905106605923996 6.124482799649206e-7
vn -0.6736956396776606 -0.7390089208384792 6.736956537457249e-7
vn -0.5264321458550774 -0.8502171462691996 5.264321209567509e-7
vn -0.6124482798485053 -0.7905106605923996 6.124482799649206e-7
vn -0.5264321458550774 -0.8502171462691996 5.264321209567509e-7
vn -0.5276579197734805 -0.8494569557664735 5.276579536830806e-7
vn -0.5276579197734805 -0.8494569557664735 5.276579536830806e-7
vn -0.5264321458550774 -0.8502171462691996 5.264321209567509e-7
vn -0.4337541497759408 -0.901031263359914 4.3375417048331633e-7
vn -0.4337541497759408 -0.901031263359914 4.3375417048331633e-7
vn -0.5264321458550774 -0.8502171462691996 5.264321209567509e-7
vn -0.36124166830066456 -0.932472228585507 3.6124168884433087e-7
vn -0.4337541497759408 -0.901031263359914 4.3375417048331633e-7
vn -0.36124166830066456 -0.932472228585507 3.6124168884433087e-7
vn -0.3321338667175357 -0.9432322590852944 3.321338584102109e-7
vn -0.3321338667175357 -0.9432322590852944 3.321338584102109e-7
vn -0.36124166830066456 -0.932472228585507 3.6124168884433087e-7
vn -0.22445863672099176 -0.9744836173078044 2.244586331048408e-7
vn -0.22445863672099176 -0.9744836173078044 2.244586331048408e-7
vn -0.36124166830066456 -0.932472228585507 3.6124168884433087e-7
vn -0.18374952660565758 -0.9829730980409194 1.8374952035470052e-7
vn -0.22445863672099176 -0.9744836173078044 2.244586331048408e-7
vn -0.18374952660565758 -0.9829730980409194 1.8374952035470052e-7
vn -0.11291935730414882 -0.9936041559625268 1.1291935610134211e-7
vn -0.11291935730414882 -0.9936041559625268 1.1291935610134211e-7
vn -0.18374952660565758 -0.9829730980409194 1.8374952035470052e-7
vn 2.220446049250313e-16 -1 -2.2204460436442257e-22
vn -0.11291935730414882 -0.9936041559625268 1.1291935610134211e-7
vn 2.220446049250313e-16 -1 -2.2204460436442257e-22
vn 2.220446049250313e-16 -1 -2.2204460436442257e-22
vn 9.999999974747427e-7 1.1102230218215578e-22 0.9999999999995
vn -0.17364721258455293 -1.927871335733499e-17 0.9848079231817822
vn 9.999999974747427e-7 1.1102230218215578e-22 0.9999999999995
vn 9.999999974747427e-7 1.1102230218215578e-22 0.9999999999995
vn -0.17364721258455293 -1.927871335733499e-17 0.9848079231817822
vn -0.18374854403739826 -2.0400186433166907e-17 0.9829732817142774
vn -0.18374854403739826 -2.0400186433166907e-17 0.9829732817142774
vn -0.17364721258455293 -1.927871335733499e-17 0.9848079231817822
vn -0.3420191970850382 -3.797175874676186e-17 0.9396929651887928
vn -0.18374854403739826 -2.0400186433166907e-17 0.9829732817142774
vn -0.3420191970850382 -3.797175874676186e-17 0.9396929651887928
vn -0.3612407445235253 -4.010577920027517e-17 0.9324725864582235
vn -0.3612407445235253 -4.010577920027517e-17 0.9324725864582235
vn -0.3420191970850382 -3.797175874676186e-17 0.9396929651887928
vn -0.49999912624372245 -5.55110542248241e-17 0.866025908247273
vn -0.3612407445235253 -4.010577920027517e-17 0.9324725864582235
vn -0.49999912624372245 -5.55110542248241e-17 0.866025908247273
vn -0.5264313292222776 -5.844561825865986e-17 0.8502176519064196
vn -0.5264313292222776 -5.844561825865986e-17 0.8502176519064196
vn -0.49999912624372245 -5.55110542248241e-17 0.866025908247273
vn -0.6427868497575289 -7.136367605270798e-17 0.7660450807744882
vn -0.5264313292222776 -5.844561825865986e-17 0.8502176519064196
vn -0.6427868497575289 -7.136367605270798e-17 0.7660450807744882
vn -0.6736949226247723 -7.479516146710855e-17 0.739009574518221
vn -0.6736949226247723 -7.479516146710855e-17 0.739009574518221
vn -0.6427868497575289 -7.136367605270798e-17 0.7660450807744882
vn -0.7660438052370506 -8.504794704456427e-17 0.6427883698838519
vn -0.6736949226247723 -7.479516146710855e-17 0.739009574518221
vn -0.7660438052370506 -8.504794704456427e-17 0.6427883698838519
vn -0.7980166142745458 -8.859764192010132e-17 0.6026354481291244
vn -0.7980166142745458 -8.859764192010132e-17 0.6026354481291244
vn -0.7660438052370506 -8.504794704456427e-17 0.6427883698838519
vn -0.8660248935452785 -9.614807767125182e-17 0.5000008837591082
vn -0.7980166142745458 -8.859764192010132e-17 0.6026354481291244
vn -0.8660248935452785 -9.614807767125182e-17 0.5000008837591082
vn -0.8951628333802187 -9.938303884074115e-17 0.44573927551282555
vn -0.8951628333802187 -9.938303884074115e-17 0.44573927551282555
vn -0.8660248935452785 -9.614807767125182e-17 0.5000008837591082
vn -0.9396922780880141 -1.0432680031957788e-16 0.3420210848789272
vn -0.8951628333802187 -9.938303884074115e-17 0.44573927551282555
vn -0.9396922780880141 -1.0432680031957788e-16 0.3420210848789272
vn -0.9618253732512557 -1.0678406750522293e-16 0.27366393874619765
vn -0.9618253732512557 -1.0678406750522293e-16 0.27366393874619765
vn -0.9396922780880141 -1.0432680031957788e-16 0.3420210848789272
vn -0.9848075760291158 -1.0933560457328138e-16 0.17364918138493252
vn -0.9618253732512557 -1.0678406750522293e-16 0.27366393874619765
vn -0.9848075760291158 -1.0933560457328138e-16 0.17364918138493252
vn -0.9957340835896129 -1.1054869060052185e-16 0.09226935990865863
vn -0.9957340835896129 -1.1054869060052185e-16 0.09226935990865863
vn -0.9848075760291158 -1.0933560457328138e-16 0.17364918138493252
vn -0.9999999999995 -1.1102230246246014e-16 9.999999974747427e-7
vn -0.9957340835896129 -1.1054869060052185e-16 0.09226935990865863
vn -0.9999999999995 -1.1102230246246014e-16 9.999999974747427e-7
vn -0.9957342685633789 -1.1054871113673524e-16 -0.09226736372386912
vn -0.9957342685633789 -1.1054871113673524e-16 -0.09226736372386912
vn -0.9999999999995 -1.1102230246246014e-16 9.999999974747427e-7
vn -0.9848079231817822 -1.0933564311496971e-16 -0.17364721258455293
vn -0.9957342685633789 -1.1054871113673524e-16 -0.09226736372386912
vn -0.9848079231817822 -1.0933564311496971e-16 -0.17364721258455293
vn -0.9740262008731553 -1.0813863147975447e-16 -0.22643533295978283
vn -0.9740262008731553 -1.0813863147975447e-16 -0.22643533295978283
vn -0.9848079231817822 -1.0933564311496971e-16 -0.17364721258455293
vn -0.9726613786823091 -1.0798710577767479e-16 -0.23222799663225335
vn -0.9726613786823091 -1.0798710577767479e-16 -0.23222799663225335
vn -0.9848079231817822 -1.0933564311496971e-16 -0.17364721258455293
vn -0.9690864236630609 -1.0759020604023793e-16 -0.24672150994985956
vn -0.9690864236630609 -1.0759020604023793e-16 -0.24672150994985956
vn -0.9848079231817822 -1.0933564311496971e-16 -0.17364721258455293
vn -0.9396929651887928 -1.0432687660308834e-16 -0.3420191970850382
vn -0.9690864236630609 -1.0759020604023793e-16 -0.24672150994985956
vn -0.9396929651887928 -1.0432687660308834e-16 -0.3420191970850382
vn -0.9567377441418923 -1.0621922720742608e-16 -0.2909516951905987
vn -0.9567377441418923 -1.0621922720742608e-16 -0.2909516951905987
vn -0.9396929651887928 -1.0432687660308834e-16 -0.3420191970850382
vn -0.9378041670856115 -1.0411717788878633e-16 -0.3471647219935551
vn -0.9378041670856115 -1.0411717788878633e-16 -0.3471647219935551
vn -0.9396929651887928 -1.0432687660308834e-16 -0.3420191970850382
vn -0.91195763618174 -1.0124763651716994e-16 -0.4102843767557002
vn -0.91195763618174 -1.0124763651716994e-16 -0.4102843767557002
vn -0.9396929651887928 -1.0432687660308834e-16 -0.3420191970850382
vn -0.866025908247273 -9.614819032580357e-17 -0.49999912624372245
vn -0.91195763618174 -1.0124763651716994e-16 -0.4102843767557002
vn -0.866025908247273 -9.614819032580357e-17 -0.49999912624372245
vn -0.8374881499219217 -9.297986268940424e-17 -0.5464554865131807
vn -0.8374881499219217 -9.297986268940424e-17 -0.5464554865131807
vn -0.866025908247273 -9.614819032580357e-17 -0.49999912624372245
vn -0.7660450807744882 -8.504808865766746e-17 -0.6427868497575289
vn -0.8374881499219217 -9.297986268940424e-17 -0.5464554865131807
vn -0.7660450807744882 -8.504808865766746e-17 -0.6427868497575289
vn -0.7325371455544244 -8.132796053877116e-17 -0.6807270601224663
vn -0.7325371455544244 -8.132796053877116e-17 -0.6807270601224663
vn -0.7660450807744882 -8.504808865766746e-17 -0.6427868497575289
vn -0.6427883698838519 -7.13638448206324e-17 -0.7660438052370506
vn -0.7325371455544244 -8.132796053877116e-17 -0.6807270601224663
vn -0.6427883698838519 -7.13638448206324e-17 -0.7660438052370506
vn -0.6692630006343508 -7.43031192833977e-17 -0.7430255957784393
vn -0.6692630006343508 -7.43031192833977e-17 -0.7430255957784393
vn -0.6427883698838519 -7.13638448206324e-17 -0.7660438052370506
vn -0.5965410501837604 -6.622936090480817e-17 -0.8025825661236707
vn -0.5965410501837604 -6.622936090480817e-17 -0.8025825661236707
vn -0.6427883698838519 -7.13638448206324e-17 -0.7660438052370506
vn -0.5000008837591082 -5.551124934822884e-17 -0.8660248935452785
vn -0.5965410501837604 -6.622936090480817e-17 -0.8025825661236707
vn -0.5000008837591082 -5.551124934822884e-17 -0.8660248935452785
vn -0.5139533116304488 -5.706028001544725e-17 -0.8578181587400062
vn -0.5139533116304488 -5.706028001544725e-17 -0.8578181587400062
vn -0.5000008837591082 -5.551124934822884e-17 -0.8660248935452785
vn -0.42248868954311747 -4.690566707744786e-17 -0.9063681962691207
vn -0.42248868954311747 -4.690566707744786e-17 -0.9063681962691207
vn -0.5000008837591082 -5.551124934822884e-17 -0.8660248935452785
vn -0.3420210848789272 -3.797196833398599e-17 -0.9396922780880141
vn -0.42248868954311747 -4.690566707744786e-17 -0.9063681962691207
vn -0.3420210848789272 -3.797196833398599e-17 -0.9396922780880141
vn -0.32350787929773434 -3.591658962440007e-17 -0.9462254763175014
vn -0.32350787929773434 -3.591658962440007e-17 -0.9462254763175014
vn -0.3420210848789272 -3.797196833398599e-17 -0.9396922780880141
vn -0.21862948994201675 -2.4272749359568108e-17 -0.9758079453087547
vn -0.21862948994201675 -2.4272749359568108e-17 -0.9758079453087547
vn -0.3420210848789272 -3.797196833398599e-17 -0.9396922780880141
vn -0.17364918138493252 -1.927893193808622e-17 -0.9848075760291158
vn -0.21862948994201675 -2.4272749359568108e-17 -0.9758079453087547
vn -0.17364918138493252 -1.927893193808622e-17 -0.9848075760291158
vn -0.10998735103642208 -1.2211048953816537e-17 -0.9939329869825183
vn -0.10998735103642208 -1.2211048953816537e-17 -0.9939329869825183
vn -0.17364918138493252 -1.927893193808622e-17 -0.9848075760291158
vn -9.999999974747427e-7 -1.1102230218215578e-22 -0.9999999999995
vn -0.10998735103642208 -1.2211048953816537e-17 -0.9939329869825183
vn -9.999999974747427e-7 -1.1102230218215578e-22 -0.9999999999995
vn -9.999999974747427e-7 -1.1102230218215578e-22 -0.9999999999995
vn -0.9957342685633789 -1.1054871113673524e-16 -0.09226736372386912
vn -0.9740262008731553 -1.0813863147975447e-16 -0.22643533295978283
vn -0.9618259154709783 -1.0678412770370497e-16 -0.2736620330415132
vn -0.9618259154709783 -1.0678412770370497e-16 -0.2736620330415132
vn -0.9740262008731553 -1.0813863147975447e-16 -0.22643533295978283
vn -0.9726613786823091 -1.0798710577767479e-16 -0.23222799663225335
vn -0.9618259154709783 -1.0678412770370497e-16 -0.2736620330415132
vn -0.9726613786823091 -1.0798710577767479e-16 -0.23222799663225335
vn -0.9690864236630609 -1.0759020604023793e-16 -0.24672150994985956
vn -0.9690864236630609 -1.0759020604023793e-16 -0.24672150994985956
vn -0.9567377441418923 -1.0621922720742608e-16 -0.2909516951905987
vn -0.9618259154709783 -1.0678412770370497e-16 -0.2736620330415132
vn -0.9618259154709783 -1.0678412770370497e-16 -0.2736620330415132
vn -0.9567377441418923 -1.0621922720742608e-16 -0.2909516951905987
vn -0.9378041670856115 -1.0411717788878633e-16 -0.3471647219935551
vn -0.9618259154709783 -1.0678412770370497e-16 -0.2736620330415132
vn -0.9378041670856115 -1.0411717788878633e-16 -0.3471647219935551
vn -0.8951637244994403 -9.938313777484889e-17 -0.4457374859043049
vn -0.8951637244994403 -9.938313777484889e-17 -0.4457374859043049
vn -0.9378041670856115 -1.0411717788878633e-16 -0.3471647219935551
vn -0.91195763618174 -1.0124763651716994e-16 -0.4102843767557002
vn -0.8951637244994403 -9.938313777484889e-17 -0.4457374859043049
vn -0.91195763618174 -1.0124763651716994e-16 -0.4102843767557002
vn -0.8374881499219217 -9.297986268940424e-17 -0.5464554865131807
vn -0.8951637244994403 -9.938313777484889e-17 -0.4457374859043049
vn -0.8374881499219217 -9.297986268940424e-17 -0.5464554865131807
vn -0.7980178211504101 -8.859777591023855e-17 -0.6026338499672519
vn -0.7980178211504101 -8.859777591023855e-17 -0.6026338499672519
vn -0.8374881499219217 -9.297986268940424e-17 -0.5464554865131807
vn -0.7325371455544244 -8.132796053877116e-17 -0.6807270601224663
vn -0.7980178211504101 -8.859777591023855e-17 -0.6026338499672519
vn -0.7325371455544244 -8.132796053877116e-17 -0.6807270601224663
vn -0.6736963892822996 -7.479532429880415e-17 -0.7390082374831772
vn -0.6736963892822996 -7.479532429880415e-17 -0.7390082374831772
vn -0.7325371455544244 -8.132796053877116e-17 -0.6807270601224663
vn -0.6692630006343508 -7.43031192833977e-17 -0.7430255957784393
vn -0.6736963892822996 -7.479532429880415e-17 -0.7390082374831772
vn -0.6692630006343508 -7.43031192833977e-17 -0.7430255957784393
vn -0.5965410501837604 -6.622936090480817e-17 -0.8025825661236707
vn -0.6736963892822996 -7.479532429880415e-17 -0.7390082374831772
vn -0.5965410501837604 -6.622936090480817e-17 -0.8025825661236707
vn -0.5264329891654513 -5.844580254937296e-17 -0.8502166241131301
vn -0.5264329891654513 -5.844580254937296e-17 -0.8502166241131301
vn -0.5965410501837604 -6.622936090480817e-17 -0.8025825661236707
vn -0.5139533116304488 -5.706028001544725e-17 -0.8578181587400062
vn -0.5264329891654513 -5.844580254937296e-17 -0.8502166241131301
vn -0.5139533116304488 -5.706028001544725e-17 -0.8578181587400062
vn -0.42248868954311747 -4.690566707744786e-17 -0.9063681962691207
vn -0.5264329891654513 -5.844580254937296e-17 -0.8502166241131301
vn -0.42248868954311747 -4.690566707744786e-17 -0.9063681962691207
vn -0.36124261799072777 -4.010598719691758e-17 -0.9324718606731277
vn -0.36124261799072777 -4.010598719691758e-17 -0.9324718606731277
vn -0.42248868954311747 -4.690566707744786e-17 -0.9063681962691207
vn -0.32350787929773434 -3.591658962440007e-17 -0.9462254763175014
vn -0.36124261799072777 -4.010598719691758e-17 -0.9324718606731277
vn -0.32350787929773434 -3.591658962440007e-17 -0.9462254763175014
vn -0.21862948994201675 -2.4272749359568108e-17 -0.9758079453087547
vn -0.36124261799072777 -4.010598719691758e-17 -0.9324718606731277
vn -0.21862948994201675 -2.4272749359568108e-17 -0.9758079453087547
vn -0.1837505091737298 -2.0400404607127086e-17 -0.9829729143666142
vn -0.1837505091737298 -2.0400404607127086e-17 -0.9829729143666142
vn -0.21862948994201675 -2.4272749359568108e-17 -0.9758079453087547
vn -0.10998735103642208 -1.2211048953816537e-17 -0.9939329869825183
vn -0.1837505091737298 -2.0400404607127086e-17 -0.9829729143666142
vn -0.10998735103642208 -1.2211048953816537e-17 -0.9939329869825183
vn -9.999999974747427e-7 -1.1102230218215578e-22 -0.9999999999995
vn -9.999999974747427e-7 -1.1102230218215578e-22 -0.9999999999995
vn -0.10998735103642208 -1.2211048953816537e-17 -0.9939329869825183
vn -9.999999974747427e-7 -1.1102230218215578e-22 -0.9999999999995
vn -9.999999974747427e-7 -1.1102230218215578e-22 -0.9999999999995
vn -9.999999974747427e-7 -1.1102230218215578e-22 -0.9999999999995
vn 0.10998535973229172 1.2210827874647081e-17 -0.9939332073356631
vn 0.10998535973229172 1.2210827874647081e-17 -0.9939332073356631
vn -9.999999974747427e-7 -1.1102230218215578e-22 -0.9999999999995
vn 0.17364721258455293 1.927871335733499e-17 -0.9848079231817822
vn 0.10998535973229172 1.2210827874647081e-17 -0.9939332073356631
vn 0.17364721258455293 1.927871335733499e-17 -0.9848079231817822
vn 0.21862754218277083 2.4272533114851983e-17 -0.975808381701613
vn 0.21862754218277083 2.4272533114851983e-17 -0.975808381701613
vn 0.17364721258455293 1.927871335733499e-17 -0.9848079231817822
vn 0.3420191970850382 3.797175874676186e-17 -0.9396929651887928
vn 0.21862754218277083 2.4272533114851983e-17 -0.975808381701613
vn 0.3420191970850382 3.797175874676186e-17 -0.9396929651887928
vn 0.32350597086420335 3.591637774571536e-17 -0.9462261287954423
vn 0.32350597086420335 3.591637774571536e-17 -0.9462261287954423
vn 0.3420191970850382 3.797175874676186e-17 -0.9396929651887928
vn 0.42248687655520717 4.6905465795355724e-17 -0.9063690413615334
vn 0.42248687655520717 4.6905465795355724e-17 -0.9063690413615334
vn 0.3420191970850382 3.797175874676186e-17 -0.9396929651887928
vn 0.49999912624372245 5.55110542248241e-17 -0.866025908247273
vn 0.42248687655520717 4.6905465795355724e-17 -0.9063690413615334
vn 0.49999912624372245 5.55110542248241e-17 -0.866025908247273
vn 0.5139515929508441 5.706008920368035e-17 -0.8578191884676454
vn 0.5139515929508441 5.706008920368035e-17 -0.8578191884676454
vn 0.49999912624372245 5.55110542248241e-17 -0.866025908247273
vn 0.5965394428112276 6.622918245060867e-17 -0.8025837608439819
vn 0.5965394428112276 6.622918245060867e-17 -0.8025837608439819
vn 0.49999912624372245 5.55110542248241e-17 -0.866025908247273
vn 0.6427868497575289 7.136367605270798e-17 -0.7660450807744882
vn 0.5965394428112276 6.622918245060867e-17 -0.8025837608439819
vn 0.6427868497575289 7.136367605270798e-17 -0.7660450807744882
vn 0.6692614962353126 7.430295226155266e-17 -0.7430269508280778
vn 0.6692614962353126 7.430295226155266e-17 -0.7430269508280778
vn 0.6427868497575289 7.136367605270798e-17 -0.7660450807744882
vn 0.7660438052370506 8.504794704456427e-17 -0.6427883698838519
vn 0.6692614962353126 7.430295226155266e-17 -0.7430269508280778
vn 0.7660438052370506 8.504794704456427e-17 -0.6427883698838519
vn 0.7325357672312366 8.132780751415731e-17 -0.6807285433467175
vn 0.7325357672312366 8.132780751415731e-17 -0.6807285433467175
vn 0.7660438052370506 8.504794704456427e-17 -0.6427883698838519
vn 0.837487047957989 9.297974034683121e-17 -0.5464571753601676
vn 0.837487047957989 9.297974034683121e-17 -0.5464571753601676
vn 0.7660438052370506 8.504794704456427e-17 -0.6427883698838519
vn 0.8660248935452785 9.614807767125182e-17 -0.5000008837591082
vn 0.837487047957989 9.297974034683121e-17 -0.5464571753601676
vn 0.8660248935452785 9.614807767125182e-17 -0.5000008837591082
vn 0.9119568043560922 1.0124754416597128e-16 -0.4102862256871714
vn 0.9119568043560922 1.0124754416597128e-16 -0.4102862256871714
vn 0.8660248935452785 9.614807767125182e-17 -0.5000008837591082
vn 0.9396922780880141 1.0432680031957788e-16 -0.3420210848789272
vn 0.9119568043560922 1.0124754416597128e-16 -0.4102862256871714
vn 0.9396922780880141 1.0432680031957788e-16 -0.3420210848789272
vn 0.9378034696011996 1.0411710045246099e-16 -0.3471666061186645
vn 0.9378034696011996 1.0411710045246099e-16 -0.3471666061186645
vn 0.9396922780880141 1.0432680031957788e-16 -0.3420210848789272
vn 0.9567371627448387 1.0621916265938654e-16 -0.2909536069942354
vn 0.9567371627448387 1.0621916265938654e-16 -0.2909536069942354
vn 0.9396922780880141 1.0432680031957788e-16 -0.3420210848789272
vn 0.9848075760291158 1.0933560457328138e-16 -0.17364918138493252
vn 0.9567371627448387 1.0621916265938654e-16 -0.2909536069942354
vn 0.9848075760291158 1.0933560457328138e-16 -0.17364918138493252
vn 0.9690859314732653 1.0759015139619358e-16 -0.24672344319215767
vn 0.9690859314732653 1.0759015139619358e-16 -0.24672344319215767
vn 0.9848075760291158 1.0933560457328138e-16 -0.17364918138493252
vn 0.9726609120366093 1.0798705396959477e-16 -0.23222995111766115
vn 0.9726609120366093 1.0798705396959477e-16 -0.23222995111766115
vn 0.9848075760291158 1.0933560457328138e-16 -0.17364918138493252
vn 0.9740257458895281 1.081385809664246e-16 -0.2264372900923087
vn 0.9740257458895281 1.081385809664246e-16 -0.2264372900923087
vn 0.9848075760291158 1.0933560457328138e-16 -0.17364918138493252
vn 0.9618253732512557 1.0678406750522293e-16 -0.27366393874619765
vn 0.9740257458895281 1.081385809664246e-16 -0.2264372900923087
vn 0.9618253732512557 1.0678406750522293e-16 -0.27366393874619765
vn 0.9726609120366093 1.0798705396959477e-16 -0.23222995111766115
vn 0.9726609120366093 1.0798705396959477e-16 -0.23222995111766115
vn 0.9618253732512557 1.0678406750522293e-16 -0.27366393874619765
vn 0.9690859314732653 1.0759015139619358e-16 -0.24672344319215767
vn 0.9690859314732653 1.0759015139619358e-16 -0.24672344319215767
vn 0.9618253732512557 1.0678406750522293e-16 -0.27366393874619765
vn 0.9567371627448387 1.0621916265938654e-16 -0.2909536069942354
vn 0.9567371627448387 1.0621916265938654e-16 -0.2909536069942354
vn 0.9618253732512557 1.0678406750522293e-16 -0.27366393874619765
vn 0.9378034696011996 1.0411710045246099e-16 -0.3471666061186645
vn 0.9378034696011996 1.0411710045246099e-16 -0.3471666061186645
vn 0.9618253732512557 1.0678406750522293e-16 -0.27366393874619765
vn 0.8951628333802187 9.938303884074115e-17 -0.44573927551282555
vn 0.9378034696011996 1.0411710045246099e-16 -0.3471666061186645
vn 0.8951628333802187 9.938303884074115e-17 -0.44573927551282555
vn 0.9119568043560922 1.0124754416597128e-16 -0.4102862256871714
vn 0.9119568043560922 1.0124754416597128e-16 -0.4102862256871714
vn 0.8951628333802187 9.938303884074115e-17 -0.44573927551282555
vn 0.837487047957989 9.297974034683121e-17 -0.5464571753601676
vn 0.837487047957989 9.297974034683121e-17 -0.5464571753601676
vn 0.8951628333802187 9.938303884074115e-17 -0.44573927551282555
vn 0.7980166142745458 8.859764192010132e-17 -0.6026354481291244
vn 0.837487047957989 9.297974034683121e-17 -0.5464571753601676
vn 0.7980166142745458 8.859764192010132e-17 -0.6026354481291244
vn 0.7325357672312366 8.132780751415731e-17 -0.6807285433467175
vn 0.7325357672312366 8.132780751415731e-17 -0.6807285433467175
vn 0.7980166142745458 8.859764192010132e-17 -0.6026354481291244
vn 0.6736949226247723 7.479516146710855e-17 -0.739009574518221
vn 0.7325357672312366 8.132780751415731e-17 -0.6807285433467175
vn 0.6736949226247723 7.479516146710855e-17 -0.739009574518221
vn 0.6692614962353126 7.430295226155266e-17 -0.7430269508280778
vn 0.6692614962353126 7.430295226155266e-17 -0.7430269508280778
vn 0.6736949226247723 7.479516146710855e-17 -0.739009574518221
vn 0.5965394428112276 6.622918245060867e-17 -0.8025837608439819
vn 0.5965394428112276 6.622918245060867e-17 -0.8025837608439819
vn 0.6736949226247723 7.479516146710855e-17 -0.739009574518221
vn 0.5264313292222776 5.844561825865986e-17 -0.8502176519064196
vn 0.5965394428112276 6.622918245060867e-17 -0.8025837608439819
vn 0.5264313292222776 5.844561825865986e-17 -0.8502176519064196
vn 0.5139515929508441 5.706008920368035e-17 -0.8578191884676454
vn 0.5139515929508441 5.706008920368035e-17 -0.8578191884676454
vn 0.5264313292222776 5.844561825865986e-17 -0.8502176519064196
vn 0.42248687655520717 4.6905465795355724e-17 -0.9063690413615334
vn 0.42248687655520717 4.6905465795355724e-17 -0.9063690413615334
vn 0.5264313292222776 5.844561825865986e-17 -0.8502176519064196
vn 0.3612407445235253 4.010577920027517e-17 -0.9324725864582235
vn 0.42248687655520717 4.6905465795355724e-17 -0.9063690413615334
vn 0.3612407445235253 4.010577920027517e-17 -0.9324725864582235
vn 0.32350597086420335 3.591637774571536e-17 -0.9462261287954423
vn 0.32350597086420335 3.591637774571536e-17 -0.9462261287954423
vn 0.3612407445235253 4.010577920027517e-17 -0.9324725864582235
vn 0.18374854403739826 2.0400186433166907e-17 -0.9829732817142774
vn 0.32350597086420335 3.591637774571536e-17 -0.9462261287954423
vn 0.18374854403739826 2.0400186433166907e-17 -0.9829732817142774
vn 0.21862754218277083 2.4272533114851983e-17 -0.975808381701613
vn 0.21862754218277083 2.4272533114851983e-17 -0.975808381701613
vn 0.18374854403739826 2.0400186433166907e-17 -0.9829732817142774
vn 0.10998535973229172 1.2210827874647081e-17 -0.9939332073356631
vn 0.10998535973229172 1.2210827874647081e-17 -0.9939332073356631
vn 0.18374854403739826 2.0400186433166907e-17 -0.9829732817142774
vn -9.999999974747427e-7 -1.1102230218215578e-22 -0.9999999999995
vn 0.10998535973229172 1.2210827874647081e-17 -0.9939332073356631
vn -9.999999974747427e-7 -1.1102230218215578e-22 -0.9999999999995
vn -9.999999974747427e-7 -1.1102230218215578e-22 -0.9999999999995
vn 0.9618253732512557 1.0678406750522293e-16 -0.27366393874619765
vn 0.9848075760291158 1.0933560457328138e-16 -0.17364918138493252
vn 0.9957340835896129 1.1054869060052185e-16 -0.09226935990865863
vn 0.9957340835896129 1.1054869060052185e-16 -0.09226935990865863
vn 0.9848075760291158 1.0933560457328138e-16 -0.17364918138493252
vn 0.9999999999995 1.1102230246246014e-16 -9.999999974747427e-7
vn 0.9957340835896129 1.1054869060052185e-16 -0.09226935990865863
vn 0.9999999999995 1.1102230246246014e-16 -9.999999974747427e-7
vn 0.9957342685633789 1.1054871113673524e-16 0.09226736372386912
vn 0.9957342685633789 1.1054871113673524e-16 0.09226736372386912
vn 0.9999999999995 1.1102230246246014e-16 -9.999999974747427e-7
vn 0.9848079231817822 1.0933564311496971e-16 0.17364721258455293
vn 0.9957342685633789 1.1054871113673524e-16 0.09226736372386912
vn 0.9848079231817822 1.0933564311496971e-16 0.17364721258455293
vn 0.9618259154709783 1.0678412770370497e-16 0.2736620330415132
vn 0.9618259154709783 1.0678412770370497e-16 0.2736620330415132
vn 0.9848079231817822 1.0933564311496971e-16 0.17364721258455293
vn 0.9396929651887928 1.0432687660308834e-16 0.3420191970850382
vn 0.9618259154709783 1.0678412770370497e-16 0.2736620330415132
vn 0.9396929651887928 1.0432687660308834e-16 0.3420191970850382
vn 0.8951637244994403 9.938313777484889e-17 0.4457374859043049
vn 0.8951637244994403 9.938313777484889e-17 0.4457374859043049
vn 0.9396929651887928 1.0432687660308834e-16 0.3420191970850382
vn 0.866025908247273 9.614819032580357e-17 0.49999912624372245
vn 0.8951637244994403 9.938313777484889e-17 0.4457374859043049
vn 0.866025908247273 9.614819032580357e-17 0.49999912624372245
vn 0.7980178211504101 8.859777591023855e-17 0.6026338499672519
vn 0.7980178211504101 8.859777591023855e-17 0.6026338499672519
vn 0.866025908247273 9.614819032580357e-17 0.49999912624372245
vn 0.7660450807744882 8.504808865766746e-17 0.6427868497575289
vn 0.7980178211504101 8.859777591023855e-17 0.6026338499672519
vn 0.7660450807744882 8.504808865766746e-17 0.6427868497575289
vn 0.6736963892822996 7.479532429880415e-17 0.7390082374831772
vn 0.6736963892822996 7.479532429880415e-17 0.7390082374831772
vn 0.7660450807744882 8.504808865766746e-17 0.6427868497575289
vn 0.6427883698838519 7.13638448206324e-17 0.7660438052370506
vn 0.6736963892822996 7.479532429880415e-17 0.7390082374831772
vn 0.6427883698838519 7.13638448206324e-17 0.7660438052370506
vn 0.5264329891654513 5.844580254937296e-17 0.8502166241131301
vn 0.5264329891654513 5.844580254937296e-17 0.8502166241131301
vn 0.6427883698838519 7.13638448206324e-17 0.7660438052370506
vn 0.5000008837591082 5.551124934822884e-17 0.8660248935452785
vn 0.5264329891654513 5.844580254937296e-17 0.8502166241131301
vn 0.5000008837591082 5.551124934822884e-17 0.8660248935452785
vn 0.36124261799072777 4.010598719691758e-17 0.9324718606731277
vn 0.36124261799072777 4.010598719691758e-17 0.9324718606731277
vn 0.5000008837591082 5.551124934822884e-17 0.8660248935452785
vn 0.3420210848789272 3.797196833398599e-17 0.9396922780880141
vn 0.36124261799072777 4.010598719691758e-17 0.9324718606731277
vn 0.3420210848789272 3.797196833398599e-17 0.9396922780880141
vn 0.1837505091737298 2.0400404607127086e-17 0.9829729143666142
vn 0.1837505091737298 2.0400404607127086e-17 0.9829729143666142
vn 0.3420210848789272 3.797196833398599e-17 0.9396922780880141
vn 0.17364918138493252 1.927893193808622e-17 0.9848075760291158
vn 0.1837505091737298 2.0400404607127086e-17 0.9829729143666142
vn 0.17364918138493252 1.927893193808622e-17 0.9848075760291158
vn 9.999999974747427e-7 1.1102230218215578e-22 0.9999999999995
vn 9.999999974747427e-7 1.1102230218215578e-22 0.9999999999995
vn 0.17364918138493252 1.927893193808622e-17 0.9848075760291158
vn 9.999999974747427e-7 1.1102230218215578e-22 0.9999999999995
vn 2.220446049250313e-16 -1 -2.2204460436442257e-22
vn 2.220446049250313e-16 -1 -2.2204460436442257e-22
vn 0.11291935730414882 -0.9936041559625268 -1.1291935610134211e-7
vn 0.11291935730414882 -0.9936041559625268 -1.1291935610134211e-7
vn 2.220446049250313e-16 -1 -2.2204460436442257e-22
vn 0.18374952660565758 -0.9829730980409194 -1.8374952035470052e-7
vn 0.11291935730414882 -0.9936041559625268 -1.1291935610134211e-7
vn 0.18374952660565758 -0.9829730980409194 -1.8374952035470052e-7
vn 0.22445863672099176 -0.9744836173078044 -2.244586331048408e-7
vn 0.22445863672099176 -0.9744836173078044 -2.244586331048408e-7
vn 0.18374952660565758 -0.9829730980409194 -1.8374952035470052e-7
vn 0.36124166830066456 -0.932472228585507 -3.6124168884433087e-7
vn 0.22445863672099176 -0.9744836173078044 -2.244586331048408e-7
vn 0.36124166830066456 -0.932472228585507 -3.6124168884433087e-7
vn 0.3321338667175357 -0.9432322590852944 -3.321338584102109e-7
vn 0.3321338667175357 -0.9432322590852944 -3.321338584102109e-7
vn 0.36124166830066456 -0.932472228585507 -3.6124168884433087e-7
vn 0.4337541497759408 -0.901031263359914 -4.3375417048331633e-7
vn 0.4337541497759408 -0.901031263359914 -4.3375417048331633e-7
vn 0.36124166830066456 -0.932472228585507 -3.6124168884433087e-7
vn 0.5264321458550774 -0.8502171462691996 -5.264321209567509e-7
vn 0.4337541497759408 -0.901031263359914 -4.3375417048331633e-7
vn 0.5264321458550774 -0.8502171462691996 -5.264321209567509e-7
vn 0.5276579197734805 -0.8494569557664735 -5.276579536830806e-7
vn 0.5276579197734805 -0.8494569557664735 -5.276579536830806e-7
vn 0.5264321458550774 -0.8502171462691996 -5.264321209567509e-7
vn 0.6124482798485053 -0.7905106605923996 -6.124482799649206e-7
vn 0.6124482798485053 -0.7905106605923996 -6.124482799649206e-7
vn 0.5264321458550774 -0.8502171462691996 -5.264321209567509e-7
vn 0.6736956396776606 -0.7390089208384792 -6.736956537457249e-7
vn 0.6124482798485053 -0.7905106605923996 -6.124482799649206e-7
vn 0.6736956396776606 -0.7390089208384792 -6.736956537457249e-7
vn 0.6871094325554056 -0.7265539399748078 -6.871094560312836e-7
vn 0.6871094325554056 -0.7265539399748078 -6.871094560312836e-7
vn 0.6736956396776606 -0.7390089208384792 -6.736956537457249e-7
vn 0.7520675792294295 -0.6590860006641166 -7.520676055138269e-7
vn 0.7520675792294295 -0.6590860006641166 -7.520676055138269e-7
vn 0.6736956396776606 -0.7390089208384792 -6.736956537457249e-7
vn 0.798017203380299 -0.6026346680273627 -7.980171967846435e-7
vn 0.7520675792294295 -0.6590860006641166 -7.520676055138269e-7
vn 0.798017203380299 -0.6026346680273627 -7.980171967846435e-7
vn 0.8598133737168147 -0.5106084237230818 -8.598133647128173e-7
vn 0.8598133737168147 -0.5106084237230818 -8.598133647128173e-7
vn 0.798017203380299 -0.6026346680273627 -7.980171967846435e-7
vn 0.8951632848611246 -0.4457383688172241 -8.951632693742491e-7
vn 0.8598133737168147 -0.5106084237230818 -8.598133647128173e-7
vn 0.8951632848611246 -0.4457383688172241 -8.951632693742491e-7
vn 0.9362742310388352 -0.3512699308107101 -9.362742053910847e-7
vn 0.9362742310388352 -0.3512699308107101 -9.362742053910847e-7
vn 0.8951632848611246 -0.4457383688172241 -8.951632693742491e-7
vn 0.9618256465930818 -0.27366297804941575 -9.618256404521738e-7
vn 0.9362742310388352 -0.3512699308107101 -9.362742053910847e-7
vn 0.9618256465930818 -0.27366297804941575 -9.618256404521738e-7
vn 0.9628090221697768 -0.2701828766364579 -9.62809049745656e-7
vn 0.9628090221697768 -0.2701828766364579 -9.62809049745656e-7
vn 0.9618256465930818 -0.27366297804941575 -9.618256404521738e-7
vn 0.9822461576832496 -0.18759660368868047 -9.822462033253317e-7
vn 0.9822461576832496 -0.18759660368868047 -9.822462033253317e-7
vn 0.9618256465930818 -0.27366297804941575 -9.618256404521738e-7
vn 0.9957341758227815 -0.09226836455434888 -9.957341469081252e-7
vn 0.9822461576832496 -0.18759660368868047 -9.822462033253317e-7
vn 0.9957341758227815 -0.09226836455434888 -9.957341469081252e-7
vn 0.9949279779281126 -0.10058985403551993 -9.94927948467761e-7
vn 0.9949279779281126 -0.10058985403551993 -9.94927948467761e-7
vn 0.9957341758227815 -0.09226836455434888 -9.957341469081252e-7
vn 0.9985986252444927 -0.05292244947857458 -9.985985698744557e-7
vn 0.9985986252444927 -0.05292244947857458 -9.985985698744557e-7
vn 0.9957341758227815 -0.09226836455434888 -9.957341469081252e-7
vn 0.9999999999995 1.1102230246246014e-16 -9.999999974747427e-7
vn 0.9999999999995 1.1102230246246014e-16 -9.999999974747427e-7
vn 0.9957341758227815 -0.09226836455434888 -9.957341469081252e-7
vn 0.9957341758227815 0.09226836455434888 -9.957341469081252e-7
vn 0.9999999999995 1.1102230246246014e-16 -9.999999974747427e-7
vn 0.9957341758227815 0.09226836455434888 -9.957341469081252e-7
vn 0.9985986252444927 0.05292244947857458 -9.985985698744557e-7
vn 0.9985986252444927 0.05292244947857458 -9.985985698744557e-7
vn 0.9957341758227815 0.09226836455434888 -9.957341469081252e-7
vn 0.9949279779281126 0.10058985403551993 -9.94927948467761e-7
vn 0.9949279779281126 0.10058985403551993 -9.94927948467761e-7
vn 0.9957341758227815 0.09226836455434888 -9.957341469081252e-7
vn 0.9822461576832496 0.18759660368868047 -9.822462033253317e-7
vn 0.9822461576832496 0.18759660368868047 -9.822462033253317e-7
vn 0.9957341758227815 0.09226836455434888 -9.957341469081252e-7
vn 0.9618256465930818 0.27366297804941575 -9.618256404521738e-7
vn 0.9822461576832496 0.18759660368868047 -9.822462033253317e-7
vn 0.9618256465930818 0.27366297804941575 -9.618256404521738e-7
vn 0.9628090221697768 0.2701828766364579 -9.62809049745656e-7
vn 0.9628090221697768 0.2701828766364579 -9.62809049745656e-7
vn 0.9618256465930818 0.27366297804941575 -9.618256404521738e-7
vn 0.9362742310388352 0.3512699308107101 -9.362742053910847e-7
vn 0.9362742310388352 0.3512699308107101 -9.362742053910847e-7
vn 0.9618256465930818 0.27366297804941575 -9.618256404521738e-7
vn 0.8951632848611246 0.4457383688172241 -8.951632693742491e-7
vn 0.9362742310388352 0.3512699308107101 -9.362742053910847e-7
vn 0.8951632848611246 0.4457383688172241 -8.951632693742491e-7
vn 0.8598133737168147 0.5106084237230818 -8.598133647128173e-7
vn 0.8598133737168147 0.5106084237230818 -8.598133647128173e-7
vn 0.8951632848611246 0.4457383688172241 -8.951632693742491e-7
vn 0.798017203380299 0.6026346680273627 -7.980171967846435e-7
vn 0.8598133737168147 0.5106084237230818 -8.598133647128173e-7
vn 0.798017203380299 0.6026346680273627 -7.980171967846435e-7
vn 0.7520675792294295 0.6590860006641166 -7.520676055138269e-7
vn 0.7520675792294295 0.6590860006641166 -7.520676055138269e-7
vn 0.798017203380299 0.6026346680273627 -7.980171967846435e-7
vn 0.6736956396776606 0.7390089208384792 -6.736956537457249e-7
vn 0.7520675792294295 0.6590860006641166 -7.520676055138269e-7
vn 0.6736956396776606 0.7390089208384792 -6.736956537457249e-7
vn 0.6871094325554056 0.7265539399748078 -6.871094560312836e-7
vn 0.6871094325554056 0.7265539399748078 -6.871094560312836e-7
vn 0.6736956396776606 0.7390089208384792 -6.736956537457249e-7
vn 0.6124482798485053 0.7905106605923996 -6.124482799649206e-7
vn 0.6124482798485053 0.7905106605923996 -6.124482799649206e-7
vn 0.6736956396776606 0.7390089208384792 -6.736956537457249e-7
vn 0.5264321458550774 0.8502171462691996 -5.264321209567509e-7
vn 0.6124482798485053 0.7905106605923996 -6.124482799649206e-7
vn 0.5264321458550774 0.8502171462691996 -5.264321209567509e-7
vn 0.5276579197734805 0.8494569557664735 -5.276579536830806e-7
vn 0.5276579197734805 0.8494569557664735 -5.276579536830806e-7
vn 0.5264321458550774 0.8502171462691996 -5.264321209567509e-7
vn 0.4337541497759408 0.901031263359914 -4.3375417048331633e-7
vn 0.4337541497759408 0.901031263359914 -4.3375417048331633e-7
vn 0.5264321458550774 0.8502171462691996 -5.264321209567509e-7
vn 0.36124166830066456 0.932472228585507 -3.6124168884433087e-7
vn 0.4337541497759408 0.901031263359914 -4.3375417048331633e-7
vn 0.36124166830066456 0.932472228585507 -3.6124168884433087e-7
vn 0.3321338667175357 0.9432322590852944 -3.321338584102109e-7
vn 0.3321338667175357 0.9432322590852944 -3.321338584102109e-7
vn 0.36124166830066456 0.932472228585507 -3.6124168884433087e-7
vn 0.22445863672099176 0.9744836173078044 -2.244586331048408e-7
vn 0.22445863672099176 0.9744836173078044 -2.244586331048408e-7
vn 0.36124166830066456 0.932472228585507 -3.6124168884433087e-7
vn 0.18374952660565758 0.9829730980409194 -1.8374952035470052e-7
vn 0.22445863672099176 0.9744836173078044 -2.244586331048408e-7
vn 0.18374952660565758 0.9829730980409194 -1.8374952035470052e-7
vn 0.11291935730414882 0.9936041559625268 -1.1291935610134211e-7
vn 0.11291935730414882 0.9936041559625268 -1.1291935610134211e-7
vn 0.18374952660565758 0.9829730980409194 -1.8374952035470052e-7
vn -2.220446049250313e-16 1 2.2204460436442257e-22
vn 0.11291935730414882 0.9936041559625268 -1.1291935610134211e-7
vn -2.220446049250313e-16 1 2.2204460436442257e-22
vn -2.220446049250313e-16 1 2.2204460436442257e-22
vn -9.999999974747427e-7 -1.1102230218215578e-22 -0.9999999999995
vn -9.999999974747427e-7 -1.1102230218215578e-22 -0.9999999999995
vn -9.999999974747427e-7 -1.1102230218215578e-22 -0.9999999999995
vn -9.999999974747427e-7 -1.1102230218215578e-22 -0.9999999999995
vn -9.999999974747427e-7 -1.1102230218215578e-22 -0.9999999999995
vn -9.999999974747427e-7 -1.1102230218215578e-22 -0.9999999999995
vn -9.999999974747427e-7 -1.1102230218215578e-22 -0.9999999999995
vn -9.999999974747427e-7 -1.1102230218215578e-22 -0.9999999999995
vn -9.999999974747427e-7 -1.1102230218215578e-22 -0.9999999999995
vn -9.999999974747427e-7 -1.1102230218215578e-22 -0.9999999999995
vn -9.999999974747427e-7 -1.1102230218215578e-22 -0.9999999999995
vn -9.999999974747427e-7 -1.1102230218215578e-22 -0.9999999999995
vn -9.999999974747427e-7 -1.1102230218215578e-22 -0.9999999999995
vn -9.999999974747427e-7 -1.1102230218215578e-22 -0.9999999999995
vn -9.999999974747427e-7 -1.1102230218215578e-22 -0.9999999999995
vn -9.999999974747427e-7 -1.1102230218215578e-22 -0.9999999999995
vn -9.999999974747427e-7 -1.1102230218215578e-22 -0.9999999999995
vn -9.999999974747427e-7 -1.1102230218215578e-22 -0.9999999999995
vn -9.999999974747427e-7 -1.1102230218215578e-22 -0.9999999999995
vn -9.999999974747427e-7 -1.1102230218215578e-22 -0.9999999999995
vn -9.999999974747427e-7 -1.1102230218215578e-22 -0.9999999999995
vn -9.999999974747427e-7 -1.1102230218215578e-22 -0.9999999999995
vn -9.999999974747427e-7 -1.1102230218215578e-22 -0.9999999999995
vn -9.999999974747427e-7 -1.1102230218215578e-22 -0.9999999999995
vn -9.999999974747427e-7 -1.1102230218215578e-22 -0.9999999999995
vn -9.999999974747427e-7 -1.1102230218215578e-22 -0.9999999999995
vn -9.999999974747427e-7 -1.1102230218215578e-22 -0.9999999999995
vn -9.999999974747427e-7 -1.1102230218215578e-22 -0.9999999999995
vn -9.999999974747427e-7 -1.1102230218215578e-22 -0.9999999999995
vn -9.999999974747427e-7 -1.1102230218215578e-22 -0.9999999999995
vn -9.999999974747427e-7 -1.1102230218215578e-22 -0.9999999999995
vn -9.999999974747427e-7 -1.1102230218215578e-22 -0.9999999999995
vn -9.999999974747427e-7 -1.1102230218215578e-22 -0.9999999999995
vn -9.999999974747427e-7 -1.1102230218215578e-22 -0.9999999999995
vn -9.999999974747427e-7 -1.1102230218215578e-22 -0.9999999999995
vn -9.999999974747427e-7 -1.1102230218215578e-22 -0.9999999999995
vn -9.999999974747427e-7 -1.1102230218215578e-22 -0.9999999999995
vn -9.999999974747427e-7 -1.1102230218215578e-22 -0.9999999999995
vn -9.999999974747427e-7 -1.1102230218215578e-22 -0.9999999999995
vn -9.999999974747427e-7 -1.1102230218215578e-22 -0.9999999999995
vn -9.999999974747427e-7 -1.1102230218215578e-22 -0.9999999999995
vn -9.999999974747427e-7 -1.1102230218215578e-22 -0.9999999999995
vn -9.999999974747427e-7 -1.1102230218215578e-22 -0.9999999999995
vn -9.999999974747427e-7 -1.1102230218215578e-22 -0.9999999999995
vn -9.999999974747427e-7 -1.1102230218215578e-22 -0.9999999999995
vn -9.999999974747427e-7 -1.1102230218215578e-22 -0.9999999999995
vn -9.999999974747427e-7 -1.1102230218215578e-22 -0.9999999999995
vn -9.999999974747427e-7 -1.1102230218215578e-22 -0.9999999999995
vn -9.999999974747427e-7 -1.1102230218215578e-22 -0.9999999999995
vn -9.999999974747427e-7 -1.1102230218215578e-22 -0.9999999999995
vn -9.999999974747427e-7 -1.1102230218215578e-22 -0.9999999999995
vn -9.999999974747427e-7 -1.1102230218215578e-22 -0.9999999999995
vn -9.999999974747427e-7 -1.1102230218215578e-22 -0.9999999999995
vn -9.999999974747427e-7 -1.1102230218215578e-22 -0.9999999999995
vn -9.999999974747427e-7 -1.1102230218215578e-22 -0.9999999999995
vn -9.999999974747427e-7 -1.1102230218215578e-22 -0.9999999999995
vn -9.999999974747427e-7 -1.1102230218215578e-22 -0.9999999999995
vn -9.999999974747427e-7 -1.1102230218215578e-22 -0.9999999999995
vn -9.999999974747427e-7 -1.1102230218215578e-22 -0.9999999999995
vn -9.999999974747427e-7 -1.1102230218215578e-22 -0.9999999999995
vn -9.999999974747427e-7 -1.1102230218215578e-22 -0.9999999999995
vn -9.999999974747427e-7 -1.1102230218215578e-22 -0.9999999999995
vn -9.999999974747427e-7 -1.1102230218215578e-22 -0.9999999999995
vn -9.999999974747427e-7 -1.1102230218215578e-22 -0.9999999999995
vn -9.999999974747427e-7 -1.1102230218215578e-22 -0.9999999999995
vn -9.999999974747427e-7 -1.1102230218215578e-22 -0.9999999999995
vn -9.999999974747427e-7 -1.1102230218215578e-22 -0.9999999999995
vn -9.999999974747427e-7 -1.1102230218215578e-22 -0.9999999999995
vn -9.999999974747427e-7 -1.1102230218215578e-22 -0.9999999999995
vn -9.999999974747427e-7 -1.1102230218215578e-22 -0.9999999999995
vn -9.999999974747427e-7 -1.1102230218215578e-22 -0.9999999999995
vn -9.999999974747427e-7 -1.1102230218215578e-22 -0.9999999999995
vn -9.999999974747427e-7 -1.1102230218215578e-22 -0.9999999999995
vn -9.999999974747427e-7 -1.1102230218215578e-22 -0.9999999999995
vn -9.999999974747427e-7 -1.1102230218215578e-22 -0.9999999999995
vn -9.999999974747427e-7 -1.1102230218215578e-22 -0.9999999999995
vn -9.999999974747427e-7 -1.1102230218215578e-22 -0.9999999999995
vn -9.999999974747427e-7 -1.1102230218215578e-22 -0.9999999999995
vn -9.999999974747427e-7 -1.1102230218215578e-22 -0.9999999999995
vn -9.999999974747427e-7 -1.1102230218215578e-22 -0.9999999999995
vn -9.999999974747427e-7 -1.1102230218215578e-22 -0.9999999999995
vn -9.999999974747427e-7 -1.1102230218215578e-22 -0.9999999999995
vn -9.999999974747427e-7 -1.1102230218215578e-22 -0.9999999999995
vn -9.999999974747427e-7 -1.1102230218215578e-22 -0.9999999999995
vn -9.999999974747427e-7 -1.1102230218215578e-22 -0.9999999999995
vn -9.999999974747427e-7 -1.1102230218215578e-22 -0.9999999999995
vn -9.999999974747427e-7 -1.1102230218215578e-22 -0.9999999999995
vn -9.999999974747427e-7 -1.1102230218215578e-22 -0.9999999999995
vn -9.999999974747427e-7 -1.1102230218215578e-22 -0.9999999999995
vn -9.999999974747427e-7 -1.1102230218215578e-22 -0.9999999999995
vn -9.999999974747427e-7 -1.1102230218215578e-22 -0.9999999999995
vn -9.999999974747427e-7 -1.1102230218215578e-22 -0.9999999999995
vn -9.999999974747427e-7 -1.1102230218215578e-22 -0.9999999999995
vn -9.999999974747427e-7 -1.1102230218215578e-22 -0.9999999999995
vn -9.999999974747427e-7 -1.1102230218215578e-22 -0.9999999999995
vn -9.999999974747427e-7 -1.1102230218215578e-22 -0.9999999999995
vn -9.999999974747427e-7 -1.1102230218215578e-22 -0.9999999999995
vn -9.999999974747427e-7 -1.1102230218215578e-22 -0.9999999999995
vn -9.999999974747427e-7 -1.1102230218215578e-22 -0.9999999999995
vn -9.999999974747427e-7 -1.1102230218215578e-22 -0.9999999999995
vn -9.999999974747427e-7 -1.1102230218215578e-22 -0.9999999999995
vn -9.999999974747427e-7 -1.1102230218215578e-22 -0.9999999999995
vn -9.999999974747427e-7 -1.1102230218215578e-22 -0.9999999999995
vn -9.999999974747427e-7 -1.1102230218215578e-22 -0.9999999999995
vn -9.999999974747427e-7 -1.1102230218215578e-22 -0.9999999999995
vn -9.999999974747427e-7 -1.1102230218215578e-22 -0.9999999999995
vn -9.999999974747427e-7 -1.1102230218215578e-22 -0.9999999999995
vn -9.999999974747427e-7 -1.1102230218215578e-22 -0.9999999999995
vn -9.999999974747427e-7 -1.1102230218215578e-22 -0.9999999999995
vn -9.999999974747427e-7 -1.1102230218215578e-22 -0.9999999999995
vn -9.999999974747427e-7 -1.1102230218215578e-22 -0.9999999999995
vn -9.999999974747427e-7 -1.1102230218215578e-22 -0.9999999999995
vn -9.999999974747427e-7 -1.1102230218215578e-22 -0.9999999999995
vn -9.999999974747427e-7 -1.1102230218215578e-22 -0.9999999999995
vn -9.999999974747427e-7 -1.1102230218215578e-22 -0.9999999999995
vn -9.999999974747427e-7 -1.1102230218215578e-22 -0.9999999999995
vn -9.999999974747427e-7 -1.1102230218215578e-22 -0.9999999999995
vn -9.999999974747427e-7 -1.1102230218215578e-22 -0.9999999999995
vn -9.999999974747427e-7 -1.1102230218215578e-22 -0.9999999999995
vn -9.999999974747427e-7 -1.1102230218215578e-22 -0.9999999999995
vn -9.999999974747427e-7 -1.1102230218215578e-22 -0.9999999999995
vn -9.999999974747427e-7 -1.1102230218215578e-22 -0.9999999999995
vn -9.999999974747427e-7 -1.1102230218215578e-22 -0.9999999999995
vn -9.999999974747427e-7 -1.1102230218215578e-22 -0.9999999999995
vn -9.999999974747427e-7 -1.1102230218215578e-22 -0.9999999999995
vn -9.999999974747427e-7 -1.1102230218215578e-22 -0.9999999999995
vn -9.999999974747427e-7 -1.1102230218215578e-22 -0.9999999999995
vn -9.999999974747427e-7 -1.1102230218215578e-22 -0.9999999999995
vn -9.999999974747427e-7 -1.1102230218215578e-22 -0.9999999999995
vn -9.999999974747427e-7 -1.1102230218215578e-22 -0.9999999999995
vn -9.999999974747427e-7 -1.1102230218215578e-22 -0.9999999999995
vn -9.999999974747427e-7 -1.1102230218215578e-22 -0.9999999999995
vn -9.999999974747427e-7 -1.1102230218215578e-22 -0.9999999999995
vn -9.999999974747427e-7 -1.1102230218215578e-22 -0.9999999999995
vn -9.999999974747427e-7 -1.1102230218215578e-22 -0.9999999999995
vn -9.999999974747427e-7 -1.1102230218215578e-22 -0.9999999999995
vn -9.999999974747427e-7 -1.1102230218215578e-22 -0.9999999999995
vn -9.999999974747427e-7 -1.1102230218215578e-22 -0.9999999999995
vn -9.999999974747427e-7 -1.1102230218215578e-22 -0.9999999999995
vn -9.999999974747427e-7 -1.1102230218215578e-22 -0.9999999999995
vn -9.999999974747427e-7 -1.1102230218215578e-22 -0.9999999999995
vn -9.999999974747427e-7 -1.1102230218215578e-22 -0.9999999999995
vn -9.999999974747427e-7 -1.1102230218215578e-22 -0.9999999999995
vn -9.999999974747427e-7 -1.1102230218215578e-22 -0.9999999999995
vn -9.999999974747427e-7 -1.1102230218215578e-22 -0.9999999999995
vn -9.999999974747427e-7 -1.1102230218215578e-22 -0.9999999999995
vn -9.999999974747427e-7 -1.1102230218215578e-22 -0.9999999999995
vn -9.999999974747427e-7 -1.1102230218215578e-22 -0.9999999999995
vn -9.999999974747427e-7 -1.1102230218215578e-22 -0.9999999999995
vn -9.999999974747427e-7 -1.1102230218215578e-22 -0.9999999999995
vn -9.999999974747427e-7 -1.1102230218215578e-22 -0.9999999999995
vn -9.999999974747427e-7 -1.1102230218215578e-22 -0.9999999999995
vn -9.999999974747427e-7 -1.1102230218215578e-22 -0.9999999999995
vn -9.999999974747427e-7 -1.1102230218215578e-22 -0.9999999999995
vn -9.999999974747427e-7 -1.1102230218215578e-22 -0.9999999999995
vn -9.999999974747427e-7 -1.1102230218215578e-22 -0.9999999999995
vn -9.999999974747427e-7 -1.1102230218215578e-22 -0.9999999999995
vn -9.999999974747427e-7 -1.1102230218215578e-22 -0.9999999999995
vn -9.999999974747427e-7 -1.1102230218215578e-22 -0.9999999999995
vn -9.999999974747427e-7 -1.1102230218215578e-22 -0.9999999999995
vn -9.999999974747427e-7 -1.1102230218215578e-22 -0.9999999999995
vn -9.999999974747427e-7 -1.1102230218215578e-22 -0.9999999999995
vn -9.999999974747427e-7 -1.1102230218215578e-22 -0.9999999999995
vn -9.999999974747427e-7 -1.1102230218215578e-22 -0.9999999999995
vn -9.999999974747427e-7 -1.1102230218215578e-22 -0.9999999999995
vn -9.999999974747427e-7 -1.1102230218215578e-22 -0.9999999999995
vn -9.999999974747427e-7 -1.1102230218215578e-22 -0.9999999999995
vn -9.999999974747427e-7 -1.1102230218215578e-22 -0.9999999999995
vn -9.999999974747427e-7 -1.1102230218215578e-22 -0.9999999999995
vn -9.999999974747427e-7 -1.1102230218215578e-22 -0.9999999999995
vn -9.999999974747427e-7 -1.1102230218215578e-22 -0.9999999999995
vn -9.999999974747427e-7 -1.1102230218215578e-22 -0.9999999999995
vn -9.999999974747427e-7 -1.1102230218215578e-22 -0.9999999999995
vn -9.999999974747427e-7 -1.1102230218215578e-22 -0.9999999999995
vn -9.999999974747427e-7 -1.1102230218215578e-22 -0.9999999999995
vn -9.999999974747427e-7 -1.1102230218215578e-22 -0.9999999999995
vn -9.999999974747427e-7 -1.1102230218215578e-22 -0.9999999999995
vn -9.999999974747427e-7 -1.1102230218215578e-22 -0.9999999999995
vn -9.999999974747427e-7 -1.1102230218215578e-22 -0.9999999999995
vn -9.999999974747427e-7 -1.1102230218215578e-22 -0.9999999999995
vn -9.999999974747427e-7 -1.1102230218215578e-22 -0.9999999999995
vn -9.999999974747427e-7 -1.1102230218215578e-22 -0.9999999999995
vn -9.999999974747427e-7 -1.1102230218215578e-22 -0.9999999999995
vn -9.999999974747427e-7 -1.1102230218215578e-22 -0.9999999999995
vn -9.999999974747427e-7 -1.1102230218215578e-22 -0.9999999999995
vn -9.999999974747427e-7 -1.1102230218215578e-22 -0.9999999999995
vn -9.999999974747427e-7 -1.1102230218215578e-22 -0.9999999999995
vn -9.999999974747427e-7 -1.1102230218215578e-22 -0.9999999999995
vn -9.999999974747427e-7 -1.1102230218215578e-22 -0.9999999999995
vn -9.999999974747427e-7 -1.1102230218215578e-22 -0.9999999999995
vn -9.999999974747427e-7 -1.1102230218215578e-22 -0.9999999999995
vn -9.999999974747427e-7 -1.1102230218215578e-22 -0.9999999999995
vn -9.999999974747427e-7 -1.1102230218215578e-22 -0.9999999999995
vn -9.999999974747427e-7 -1.1102230218215578e-22 -0.9999999999995
vn -9.999999974747427e-7 -1.1102230218215578e-22 -0.9999999999995
vn -9.999999974747427e-7 -1.1102230218215578e-22 -0.9999999999995
vn -9.999999974747427e-7 -1.1102230218215578e-22 -0.9999999999995
vn -9.999999974747427e-7 -1.1102230218215578e-22 -0.9999999999995
vn -9.999999974747427e-7 -1.1102230218215578e-22 -0.9999999999995
vn -9.999999974747427e-7 -1.1102230218215578e-22 -0.9999999999995
vn -9.999999974747427e-7 -1.1102230218215578e-22 -0.9999999999995
vn -9.999999974747427e-7 -1.1102230218215578e-22 -0.9999999999995
vn -9.999999974747427e-7 -1.1102230218215578e-22 -0.9999999999995
vn -9.999999974747427e-7 -1.1102230218215578e-22 -0.9999999999995
vn 2.220446049250313e-16 -1 -2.2204460436442257e-22
vn 2.220446049250313e-16 -1 -2.2204460436442257e-22
vn 0.18374952660565758 -0.9829730980409194 -1.8374952035470052e-7
vn 0.18374952660565758 -0.9829730980409194 -1.8374952035470052e-7
vn 2.220446049250313e-16 -1 -2.2204460436442257e-22
vn 0.18374952660565758 -0.9829730980409194 -1.8374952035470052e-7
vn 0.18374952660565758 -0.9829730980409194 -1.8374952035470052e-7
vn 0.18374952660565758 -0.9829730980409194 -1.8374952035470052e-7
vn 0.36124166830066456 -0.932472228585507 -3.6124168884433087e-7
vn 0.18374952660565758 -0.9829730980409194 -1.8374952035470052e-7
vn 0.36124166830066456 -0.932472228585507 -3.6124168884433087e-7
vn 0.36124166830066456 -0.932472228585507 -3.6124168884433087e-7
vn 0.36124166830066456 -0.932472228585507 -3.6124168884433087e-7
vn 0.36124166830066456 -0.932472228585507 -3.6124168884433087e-7
vn 0.5264321458550774 -0.8502171462691996 -5.264321209567509e-7
vn 0.36124166830066456 -0.932472228585507 -3.6124168884433087e-7
vn 0.5264321458550774 -0.8502171462691996 -5.264321209567509e-7
vn 0.5264321458550774 -0.8502171462691996 -5.264321209567509e-7
vn 0.5264321458550774 -0.8502171462691996 -5.264321209567509e-7
vn 0.5264321458550774 -0.8502171462691996 -5.264321209567509e-7
vn 0.6736956396776606 -0.7390089208384792 -6.736956537457249e-7
vn 0.5264321458550774 -0.8502171462691996 -5.264321209567509e-7
vn 0.6736956396776606 -0.7390089208384792 -6.736956537457249e-7
vn 0.6736956396776606 -0.7390089208384792 -6.736956537457249e-7
vn 0.6736956396776606 -0.7390089208384792 -6.736956537457249e-7
vn 0.6736956396776606 -0.7390089208384792 -6.736956537457249e-7
vn 0.798017203380299 -0.6026346680273627 -7.980171967846435e-7
vn 0.6736956396776606 -0.7390089208384792 -6.736956537457249e-7
vn 0.798017203380299 -0.6026346680273627 -7.980171967846435e-7
vn 0.798017203380299 -0.6026346680273627 -7.980171967846435e-7
vn 0.798017203380299 -0.6026346680273627 -7.980171967846435e-7
vn 0.798017203380299 -0.6026346680273627 -7.980171967846435e-7
vn 0.8951632848611246 -0.4457383688172241 -8.951632693742491e-7
vn 0.798017203380299 -0.6026346680273627 -7.980171967846435e-7
vn 0.8951632848611246 -0.4457383688172241 -8.951632693742491e-7
vn 0.8951632848611246 -0.4457383688172241 -8.951632693742491e-7
vn 0.8951632848611246 -0.4457383688172241 -8.951632693742491e-7
vn 0.8951632848611246 -0.4457383688172241 -8.951632693742491e-7
vn 0.9618256465930818 -0.27366297804941575 -9.618256404521738e-7
vn 0.8951632848611246 -0.4457383688172241 -8.951632693742491e-7
vn 0.9618256465930818 -0.27366297804941575 -9.618256404521738e-7
vn 0.9618256465930818 -0.27366297804941575 -9.618256404521738e-7
vn 0.9618256465930818 -0.27366297804941575 -9.618256404521738e-7
vn 0.9618256465930818 -0.27366297804941575 -9.618256404521738e-7
vn 0.9957341758227815 -0.09226836455434888 -9.957341469081252e-7
vn 0.9618256465930818 -0.27366297804941575 -9.618256404521738e-7
vn 0.9957341758227815 -0.09226836455434888 -9.957341469081252e-7
vn 0.9957341758227815 -0.09226836455434888 -9.957341469081252e-7
vn 0.9957341758227815 -0.09226836455434888 -9.957341469081252e-7
vn 0.9957341758227815 -0.09226836455434888 -9.957341469081252e-7
vn 0.9957341758227815 0.09226836455434888 -9.957341469081252e-7
vn 0.9957341758227815 -0.09226836455434888 -9.957341469081252e-7
vn 0.9957341758227815 0.09226836455434888 -9.957341469081252e-7
vn 0.9957341758227815 0.09226836455434888 -9.957341469081252e-7
vn 0.9957341758227815 0.09226836455434888 -9.957341469081252e-7
vn 0.9957341758227815 0.09226836455434888 -9.957341469081252e-7
vn 0.9618256465930818 0.27366297804941575 -9.618256404521738e-7
vn 0.9957341758227815 0.09226836455434888 -9.957341469081252e-7
vn 0.9618256465930818 0.27366297804941575 -9.618256404521738e-7
vn 0.9618256465930818 0.27366297804941575 -9.618256404521738e-7
vn 0.9618256465930818 0.27366297804941575 -9.618256404521738e-7
vn 0.9618256465930818 0.27366297804941575 -9.618256404521738e-7
vn 0.8951632848611246 0.4457383688172241 -8.951632693742491e-7
vn 0.9618256465930818 0.27366297804941575 -9.618256404521738e-7
vn 0.8951632848611246 0.4457383688172241 -8.951632693742491e-7
vn 0.8951632848611246 0.4457383688172241 -8.951632693742491e-7
vn 0.8951632848611246 0.4457383688172241 -8.951632693742491e-7
vn 0.8951632848611246 0.4457383688172241 -8.951632693742491e-7
vn 0.798017203380299 0.6026346680273627 -7.980171967846435e-7
vn 0.8951632848611246 0.4457383688172241 -8.951632693742491e-7
vn 0.798017203380299 0.6026346680273627 -7.980171967846435e-7
vn 0.798017203380299 0.6026346680273627 -7.980171967846435e-7
vn 0.798017203380299 0.6026346680273627 -7.980171967846435e-7
vn 0.798017203380299 0.6026346680273627 -7.980171967846435e-7
vn 0.6736956396776606 0.7390089208384792 -6.736956537457249e-7
vn 0.798017203380299 0.6026346680273627 -7.980171967846435e-7
vn 0.6736956396776606 0.7390089208384792 -6.736956537457249e-7
vn 0.6736956396776606 0.7390089208384792 -6.736956537457249e-7
vn 0.6736956396776606 0.7390089208384792 -6.736956537457249e-7
vn 0.6736956396776606 0.7390089208384792 -6.736956537457249e-7
vn 0.5264321458550774 0.8502171462691996 -5.264321209567509e-7
vn 0.6736956396776606 0.7390089208384792 -6.736956537457249e-7
vn 0.5264321458550774 0.8502171462691996 -5.264321209567509e-7
vn 0.5264321458550774 0.8502171462691996 -5.264321209567509e-7
vn 0.5264321458550774 0.8502171462691996 -5.264321209567509e-7
vn 0.5264321458550774 0.8502171462691996 -5.264321209567509e-7
vn 0.36124166830066456 0.932472228585507 -3.6124168884433087e-7
vn 0.5264321458550774 0.8502171462691996 -5.264321209567509e-7
vn 0.36124166830066456 0.932472228585507 -3.6124168884433087e-7
vn 0.36124166830066456 0.932472228585507 -3.6124168884433087e-7
vn 0.36124166830066456 0.932472228585507 -3.6124168884433087e-7
vn 0.36124166830066456 0.932472228585507 -3.6124168884433087e-7
vn 0.18374952660565758 0.9829730980409194 -1.8374952035470052e-7
vn 0.36124166830066456 0.932472228585507 -3.6124168884433087e-7
vn 0.18374952660565758 0.9829730980409194 -1.8374952035470052e-7
vn 0.18374952660565758 0.9829730980409194 -1.8374952035470052e-7
vn 0.18374952660565758 0.9829730980409194 -1.8374952035470052e-7
vn 0.18374952660565758 0.9829730980409194 -1.8374952035470052e-7
vn -2.220446049250313e-16 1 2.2204460436442257e-22
vn 0.18374952660565758 0.9829730980409194 -1.8374952035470052e-7
vn -2.220446049250313e-16 1 2.2204460436442257e-22
vn -2.220446049250313e-16 1 2.2204460436442257e-22
vn -9.999999974747427e-7 -1.1102230218215578e-22 -0.9999999999995
vn -9.999999974747427e-7 -1.1102230218215578e-22 -0.9999999999995
vn -9.999999974747427e-7 -1.1102230218215578e-22 -0.9999999999995
vn -9.999999974747427e-7 -1.1102230218215578e-22 -0.9999999999995
vn -9.999999974747427e-7 -1.1102230218215578e-22 -0.9999999999995
vn -9.999999974747427e-7 -1.1102230218215578e-22 -0.9999999999995
vn -9.999999974747427e-7 -1.1102230218215578e-22 -0.9999999999995
vn -9.999999974747427e-7 -1.1102230218215578e-22 -0.9999999999995
vn -9.999999974747427e-7 -1.1102230218215578e-22 -0.9999999999995
vn -9.999999974747427e-7 -1.1102230218215578e-22 -0.9999999999995
vn -9.999999974747427e-7 -1.1102230218215578e-22 -0.9999999999995
vn -9.999999974747427e-7 -1.1102230218215578e-22 -0.9999999999995
vn -9.999999974747427e-7 -1.1102230218215578e-22 -0.9999999999995
vn -9.999999974747427e-7 -1.1102230218215578e-22 -0.9999999999995
vn -9.999999974747427e-7 -1.1102230218215578e-22 -0.9999999999995
vn -9.999999974747427e-7 -1.1102230218215578e-22 -0.9999999999995
vn -9.999999974747427e-7 -1.1102230218215578e-22 -0.9999999999995
vn -9.999999974747427e-7 -1.1102230218215578e-22 -0.9999999999995
vn -9.999999974747427e-7 -1.1102230218215578e-22 -0.9999999999995
vn -9.999999974747427e-7 -1.1102230218215578e-22 -0.9999999999995
vn -9.999999974747427e-7 -1.1102230218215578e-22 -0.9999999999995
vn -9.999999974747427e-7 -1.1102230218215578e-22 -0.9999999999995
vn -9.999999974747427e-7 -1.1102230218215578e-22 -0.9999999999995
vn -9.999999974747427e-7 -1.1102230218215578e-22 -0.9999999999995
vn -9.999999974747427e-7 -1.1102230218215578e-22 -0.9999999999995
vn -9.999999974747427e-7 -1.1102230218215578e-22 -0.9999999999995
vn -9.999999974747427e-7 -1.1102230218215578e-22 -0.9999999999995
vn -9.999999974747427e-7 -1.1102230218215578e-22 -0.9999999999995
vn -9.999999974747427e-7 -1.1102230218215578e-22 -0.9999999999995
vn -9.999999974747427e-7 -1.1102230218215578e-22 -0.9999999999995
vn -9.999999974747427e-7 -1.1102230218215578e-22 -0.9999999999995
vn -9.999999974747427e-7 -1.1102230218215578e-22 -0.9999999999995
vn -9.999999974747427e-7 -1.1102230218215578e-22 -0.9999999999995
vn -9.999999974747427e-7 -1.1102230218215578e-22 -0.9999999999995
vn -9.999999974747427e-7 -1.1102230218215578e-22 -0.9999999999995
vn -9.999999974747427e-7 -1.1102230218215578e-22 -0.9999999999995
vn -9.999999974747427e-7 -1.1102230218215578e-22 -0.9999999999995
vn -9.999999974747427e-7 -1.1102230218215578e-22 -0.9999999999995
vn -9.999999974747427e-7 -1.1102230218215578e-22 -0.9999999999995
vn -9.999999974747427e-7 -1.1102230218215578e-22 -0.9999999999995
vn -9.999999974747427e-7 -1.1102230218215578e-22 -0.9999999999995
vn -9.999999974747427e-7 -1.1102230218215578e-22 -0.9999999999995
vn -9.999999974747427e-7 -1.1102230218215578e-22 -0.9999999999995
vn -9.999999974747427e-7 -1.1102230218215578e-22 -0.9999999999995
vn -9.999999974747427e-7 -1.1102230218215578e-22 -0.9999999999995
vn -9.999999974747427e-7 -1.1102230218215578e-22 -0.9999999999995
vn -9.999999974747427e-7 -1.1102230218215578e-22 -0.9999999999995
vn -9.999999974747427e-7 -1.1102230218215578e-22 -0.9999999999995
vn -9.999999974747427e-7 -1.1102230218215578e-22 -0.9999999999995
vn -9.999999974747427e-7 -1.1102230218215578e-22 -0.9999999999995
vn -9.999999974747427e-7 -1.1102230218215578e-22 -0.9999999999995
vn -9.999999974747427e-7 -1.1102230218215578e-22 -0.9999999999995
vn -9.999999974747427e-7 -1.1102230218215578e-22 -0.9999999999995
vn -9.999999974747427e-7 -1.1102230218215578e-22 -0.9999999999995
vn -9.999999974747427e-7 -1.1102230218215578e-22 -0.9999999999995
vn -9.999999974747427e-7 -1.1102230218215578e-22 -0.9999999999995
vn -9.999999974747427e-7 -1.1102230218215578e-22 -0.9999999999995
vn -9.999999974747427e-7 -1.1102230218215578e-22 -0.9999999999995
vn -9.999999974747427e-7 -1.1102230218215578e-22 -0.9999999999995
vn -9.999999974747427e-7 -1.1102230218215578e-22 -0.9999999999995
vn -9.999999974747427e-7 -1.1102230218215578e-22 -0.9999999999995
vn -9.999999974747427e-7 -1.1102230218215578e-22 -0.9999999999995
vn -9.999999974747427e-7 -1.1102230218215578e-22 -0.9999999999995
vn -9.999999974747427e-7 -1.1102230218215578e-22 -0.9999999999995
vn -9.999999974747427e-7 -1.1102230218215578e-22 -0.9999999999995
vn -9.999999974747427e-7 -1.1102230218215578e-22 -0.9999999999995
vn -9.999999974747427e-7 -1.1102230218215578e-22 -0.9999999999995
vn -9.999999974747427e-7 -1.1102230218215578e-22 -0.9999999999995
vn -9.999999974747427e-7 -1.1102230218215578e-22 -0.9999999999995
vn -9.999999974747427e-7 -1.1102230218215578e-22 -0.9999999999995
vn -9.999999974747427e-7 -1.1102230218215578e-22 -0.9999999999995
vn -9.999999974747427e-7 -1.1102230218215578e-22 -0.9999999999995
vn -9.999999974747427e-7 -1.1102230218215578e-22 -0.9999999999995
vn -9.999999974747427e-7 -1.1102230218215578e-22 -0.9999999999995
vn -9.999999974747427e-7 -1.1102230218215578e-22 -0.9999999999995
vn -9.999999974747427e-7 -1.1102230218215578e-22 -0.9999999999995
vn -9.999999974747427e-7 -1.1102230218215578e-22 -0.9999999999995
vn -9.999999974747427e-7 -1.1102230218215578e-22 -0.9999999999995
vn -9.999999974747427e-7 -1.1102230218215578e-22 -0.9999999999995
vn -9.999999974747427e-7 -1.1102230218215578e-22 -0.9999999999995
vn -9.999999974747427e-7 -1.1102230218215578e-22 -0.9999999999995
vn -9.999999974747427e-7 -1.1102230218215578e-22 -0.9999999999995
vn -9.999999974747427e-7 -1.1102230218215578e-22 -0.9999999999995
vn -9.999999974747427e-7 -1.1102230218215578e-22 -0.9999999999995
vn -9.999999974747427e-7 -1.1102230218215578e-22 -0.9999999999995
vn -9.999999974747427e-7 -1.1102230218215578e-22 -0.9999999999995
vn -9.999999974747427e-7 -1.1102230218215578e-22 -0.9999999999995
vn -9.999999974747427e-7 -1.1102230218215578e-22 -0.9999999999995
vn -9.999999974747427e-7 -1.1102230218215578e-22 -0.9999999999995
vn -9.999999974747427e-7 -1.1102230218215578e-22 -0.9999999999995
vn -9.999999974747427e-7 -1.1102230218215578e-22 -0.9999999999995
vn -9.999999974747427e-7 -1.1102230218215578e-22 -0.9999999999995
vn -9.999999974747427e-7 -1.1102230218215578e-22 -0.9999999999995
vn -9.999999974747427e-7 -1.1102230218215578e-22 -0.9999999999995
vn -9.999999974747427e-7 -1.1102230218215578e-22 -0.9999999999995
vn -9.999999974747427e-7 -1.1102230218215578e-22 -0.9999999999995
vn 2.220446049250313e-16 -1 -2.2204460436442257e-22
vn 2.220446049250313e-16 -1 -2.2204460436442257e-22
vn 2.220446049250313e-16 -1 -2.2204460436442257e-22
vn 2.220446049250313e-16 -1 -2.2204460436442257e-22
vn 2.220446049250313e-16 -1 -2.2204460436442257e-22
vn 2.220446049250313e-16 -1 -2.2204460436442257e-22
vn 2.220446049250313e-16 -1 -2.2204460436442257e-22
vn 2.220446049250313e-16 -1 -2.2204460436442257e-22
vn 2.220446049250313e-16 -1 -2.2204460436442257e-22
vn 2.220446049250313e-16 -1 -2.2204460436442257e-22
vn 2.220446049250313e-16 -1 -2.2204460436442257e-22
vn 2.220446049250313e-16 -1 -2.2204460436442257e-22
vn 2.220446049250313e-16 -1 -2.2204460436442257e-22
vn 2.220446049250313e-16 -1 -2.2204460436442257e-22
vn 2.220446049250313e-16 -1 -2.2204460436442257e-22
vn 2.220446049250313e-16 -1 -2.2204460436442257e-22
vn 2.220446049250313e-16 -1 -2.2204460436442257e-22
vn 2.220446049250313e-16 -1 -2.2204460436442257e-22
vn 2.220446049250313e-16 -1 -2.2204460436442257e-22
vn 2.220446049250313e-16 -1 -2.2204460436442257e-22
vn 2.220446049250313e-16 -1 -2.2204460436442257e-22
vn 2.220446049250313e-16 -1 -2.2204460436442257e-22
vn 2.220446049250313e-16 -1 -2.2204460436442257e-22
vn 2.220446049250313e-16 -1 -2.2204460436442257e-22
vn 2.220446049250313e-16 -1 -2.2204460436442257e-22
vn 2.220446049250313e-16 -1 -2.2204460436442257e-22
vn 2.220446049250313e-16 -1 -2.2204460436442257e-22
vn 2.220446049250313e-16 -1 -2.2204460436442257e-22
vn 2.220446049250313e-16 -1 -2.2204460436442257e-22
vn 2.220446049250313e-16 -1 -2.2204460436442257e-22
vn 2.220446049250313e-16 -1 -2.2204460436442257e-22
vn 2.220446049250313e-16 -1 -2.2204460436442257e-22
vn 2.220446049250313e-16 -1 -2.2204460436442257e-22
vn 2.220446049250313e-16 -1 -2.2204460436442257e-22
vn 2.220446049250313e-16 -1 -2.2204460436442257e-22
vn 2.220446049250313e-16 -1 -2.2204460436442257e-22
vn 2.220446049250313e-16 -1 -2.2204460436442257e-22
vn 2.220446049250313e-16 -1 -2.2204460436442257e-22
vn 2.220446049250313e-16 -1 -2.2204460436442257e-22
vn 2.220446049250313e-16 -1 -2.2204460436442257e-22
vn 2.220446049250313e-16 -1 -2.2204460436442257e-22
vn 2.220446049250313e-16 -1 -2.2204460436442257e-22
vn 2.220446049250313e-16 -1 -2.2204460436442257e-22
vn 2.220446049250313e-16 -1 -2.2204460436442257e-22
vn 2.220446049250313e-16 -1 -2.2204460436442257e-22
vn 2.220446049250313e-16 -1 -2.2204460436442257e-22
vn 2.220446049250313e-16 -1 -2.2204460436442257e-22
vn 2.220446049250313e-16 -1 -2.2204460436442257e-22
vn 2.220446049250313e-16 -1 -2.2204460436442257e-22
vn 2.220446049250313e-16 -1 -2.2204460436442257e-22
vn 2.220446049250313e-16 -1 -2.2204460436442257e-22
vn 2.220446049250313e-16 -1 -2.2204460436442257e-22
vn 2.220446049250313e-16 -1 -2.2204460436442257e-22
vn 2.220446049250313e-16 -1 -2.2204460436442257e-22
vn 2.220446049250313e-16 -1 -2.2204460436442257e-22
vn 2.220446049250313e-16 -1 -2.2204460436442257e-22
vn 2.220446049250313e-16 -1 -2.2204460436442257e-22
vn 2.220446049250313e-16 -1 -2.2204460436442257e-22
vn 2.220446049250313e-16 -1 -2.2204460436442257e-22
vn 2.220446049250313e-16 -1 -2.2204460436442257e-22
vn 2.220446049250313e-16 -1 -2.2204460436442257e-22
vn 2.220446049250313e-16 -1 -2.2204460436442257e-22
vn 2.220446049250313e-16 -1 -2.2204460436442257e-22
vn 2.220446049250313e-16 -1 -2.2204460436442257e-22
vn 2.220446049250313e-16 -1 -2.2204460436442257e-22
vn 2.220446049250313e-16 -1 -2.2204460436442257e-22
vn 2.220446049250313e-16 -1 -2.2204460436442257e-22
vn 2.220446049250313e-16 -1 -2.2204460436442257e-22
vn 2.220446049250313e-16 -1 -2.2204460436442257e-22
vn 2.220446049250313e-16 -1 -2.2204460436442257e-22
vn 2.220446049250313e-16 -1 -2.2204460436442257e-22
vn 2.220446049250313e-16 -1 -2.2204460436442257e-22
vn 2.220446049250313e-16 -1 -2.2204460436442257e-22
vn 2.220446049250313e-16 -1 -2.2204460436442257e-22
vn 2.220446049250313e-16 -1 -2.2204460436442257e-22
vn 2.220446049250313e-16 -1 -2.2204460436442257e-22
vn 2.220446049250313e-16 -1 -2.2204460436442257e-22
vn 2.220446049250313e-16 -1 -2.2204460436442257e-22
vn 2.220446049250313e-16 -1 -2.2204460436442257e-22
vn 2.220446049250313e-16 -1 -2.2204460436442257e-22
vn 2.220446049250313e-16 -1 -2.2204460436442257e-22
vn 2.220446049250313e-16 -1 -2.2204460436442257e-22
vn 2.220446049250313e-16 -1 -2.2204460436442257e-22
vn 2.220446049250313e-16 -1 -2.2204460436442257e-22
vn 2.220446049250313e-16 -1 -2.2204460436442257e-22
vn 2.220446049250313e-16 -1 -2.2204460436442257e-22
vn 2.220446049250313e-16 -1 -2.2204460436442257e-22
vn 2.220446049250313e-16 -1 -2.2204460436442257e-22
vn 2.220446049250313e-16 -1 -2.2204460436442257e-22
vn 2.220446049250313e-16 -1 -2.2204460436442257e-22
vn 2.220446049250313e-16 -1 -2.2204460436442257e-22
vn 2.220446049250313e-16 -1 -2.2204460436442257e-22
vn 2.220446049250313e-16 -1 -2.2204460436442257e-22
vn 2.220446049250313e-16 -1 -2.2204460436442257e-22
vn 2.220446049250313e-16 -1 -2.2204460436442257e-22
vn 2.220446049250313e-16 -1 -2.2204460436442257e-22
vn 2.220446049250313e-16 -1 -2.2204460436442257e-22
vn 2.220446049250313e-16 -1 -2.2204460436442257e-22
vn 2.220446049250313e-16 -1 -2.2204460436442257e-22
vn 2.220446049250313e-16 -1 -2.2204460436442257e-22
vn 2.220446049250313e-16 -1 -2.2204460436442257e-22
vn 2.220446049250313e-16 -1 -2.2204460436442257e-22
vn 2.220446049250313e-16 -1 -2.2204460436442257e-22
vn 2.220446049250313e-16 -1 -2.2204460436442257e-22
vn 2.220446049250313e-16 -1 -2.2204460436442257e-22
vn 2.220446049250313e-16 -1 -2.2204460436442257e-22
vn 2.220446049250313e-16 -1 -2.2204460436442257e-22
vn 2.220446049250313e-16 -1 -2.2204460436442257e-22
vn 2.220446049250313e-16 -1 -2.2204460436442257e-22
vn 2.220446049250313e-16 -1 -2.2204460436442257e-22
vn 2.220446049250313e-16 -1 -2.2204460436442257e-22
vn 2.220446049250313e-16 -1 -2.2204460436442257e-22
vn 2.220446049250313e-16 -1 -2.2204460436442257e-22
vn 2.220446049250313e-16 -1 -2.2204460436442257e-22
vn 2.220446049250313e-16 -1 -2.2204460436442257e-22
vn 2.220446049250313e-16 -1 -2.2204460436442257e-22
vn 2.220446049250313e-16 -1 -2.2204460436442257e-22
vn 2.220446049250313e-16 -1 -2.2204460436442257e-22
vn 2.220446049250313e-16 -1 -2.2204460436442257e-22
vn 2.220446049250313e-16 -1 -2.2204460436442257e-22
vn 2.220446049250313e-16 -1 -2.2204460436442257e-22
vn 2.220446049250313e-16 -1 -2.2204460436442257e-22
vn 2.220446049250313e-16 -1 -2.2204460436442257e-22
vn 2.220446049250313e-16 -1 -2.2204460436442257e-22
vn 2.220446049250313e-16 -1 -2.2204460436442257e-22
vn 2.220446049250313e-16 -1 -2.2204460436442257e-22
vn 2.220446049250313e-16 -1 -2.2204460436442257e-22
vn 2.220446049250313e-16 -1 -2.2204460436442257e-22
vn 2.220446049250313e-16 -1 -2.2204460436442257e-22
vn 2.220446049250313e-16 -1 -2.2204460436442257e-22
vn 2.220446049250313e-16 -1 -2.2204460436442257e-22
vn 2.220446049250313e-16 -1 -2.2204460436442257e-22
vn 2.220446049250313e-16 -1 -2.2204460436442257e-22
vn 2.220446049250313e-16 -1 -2.2204460436442257e-22
vn 2.220446049250313e-16 -1 -2.2204460436442257e-22
vn 2.220446049250313e-16 -1 -2.2204460436442257e-22
vn 2.220446049250313e-16 -1 -2.2204460436442257e-22
vn 2.220446049250313e-16 -1 -2.2204460436442257e-22
vn 2.220446049250313e-16 -1 -2.2204460436442257e-22
vn 2.220446049250313e-16 -1 -2.2204460436442257e-22
vn 2.220446049250313e-16 -1 -2.2204460436442257e-22
vn 2.220446049250313e-16 -1 -2.2204460436442257e-22
vn 2.220446049250313e-16 -1 -2.2204460436442257e-22
vn 2.220446049250313e-16 -1 -2.2204460436442257e-22
vn 2.220446049250313e-16 -1 -2.2204460436442257e-22
vn 2.220446049250313e-16 -1 -2.2204460436442257e-22
vn 2.220446049250313e-16 -1 -2.2204460436442257e-22
vn 2.220446049250313e-16 -1 -2.2204460436442257e-22
vn 2.220446049250313e-16 -1 -2.2204460436442257e-22
vn 2.220446049250313e-16 -1 -2.2204460436442257e-22
vn 2.220446049250313e-16 -1 -2.2204460436442257e-22
vn 2.220446049250313e-16 -1 -2.2204460436442257e-22
vn 2.220446049250313e-16 -1 -2.2204460436442257e-22
vn 2.220446049250313e-16 -1 -2.2204460436442257e-22
vn 2.220446049250313e-16 -1 -2.2204460436442257e-22
vn 2.220446049250313e-16 -1 -2.2204460436442257e-22
vn 2.220446049250313e-16 -1 -2.2204460436442257e-22
vn 2.220446049250313e-16 -1 -2.2204460436442257e-22
vn 2.220446049250313e-16 -1 -2.2204460436442257e-22
vn 2.220446049250313e-16 -1 -2.2204460436442257e-22
vn 2.220446049250313e-16 -1 -2.2204460436442257e-22
vn 2.220446049250313e-16 -1 -2.2204460436442257e-22
vn 2.220446049250313e-16 -1 -2.2204460436442257e-22
vn 2.220446049250313e-16 -1 -2.2204460436442257e-22
vn 2.220446049250313e-16 -1 -2.2204460436442257e-22
vn 2.220446049250313e-16 -1 -2.2204460436442257e-22
vn 2.220446049250313e-16 -1 -2.2204460436442257e-22
vn 2.220446049250313e-16 -1 -2.2204460436442257e-22
vn 2.220446049250313e-16 -1 -2.2204460436442257e-22
vn 2.220446049250313e-16 -1 -2.2204460436442257e-22
vn 2.220446049250313e-16 -1 -2.2204460436442257e-22
vn 2.220446049250313e-16 -1 -2.2204460436442257e-22
vn 2.220446049250313e-16 -1 -2.2204460436442257e-22
vn 2.220446049250313e-16 -1 -2.2204460436442257e-22
vn 2.220446049250313e-16 -1 -2.2204460436442257e-22
vn 2.220446049250313e-16 -1 -2.2204460436442257e-22
vn 2.220446049250313e-16 -1 -2.2204460436442257e-22
vn 2.220446049250313e-16 -1 -2.2204460436442257e-22
vn 2.220446049250313e-16 -1 -2.2204460436442257e-22
vn 2.220446049250313e-16 -1 -2.2204460436442257e-22
vn 2.220446049250313e-16 -1 -2.2204460436442257e-22
vn 2.220446049250313e-16 -1 -2.2204460436442257e-22
vn 2.220446049250313e-16 -1 -2.2204460436442257e-22
vn 2.220446049250313e-16 -1 -2.2204460436442257e-22
vn 2.220446049250313e-16 -1 -2.2204460436442257e-22
vn 2.220446049250313e-16 -1 -2.2204460436442257e-22
vn 2.220446049250313e-16 -1 -2.2204460436442257e-22
vn 2.220446049250313e-16 -1 -2.2204460436442257e-22
vn 2.220446049250313e-16 -1 -2.2204460436442257e-22
vn 2.220446049250313e-16 -1 -2.2204460436442257e-22
vn 2.220446049250313e-16 -1 -2.2204460436442257e-22
vn 2.220446049250313e-16 -1 -2.2204460436442257e-22
vn 2.220446049250313e-16 -1 -2.2204460436442257e-22
vn 2.220446049250313e-16 -1 -2.2204460436442257e-22
vn 2.220446049250313e-16 -1 -2.2204460436442257e-22
vn 2.220446049250313e-16 -1 -2.2204460436442257e-22
vn 2.220446049250313e-16 -1 -2.2204460436442257e-22
vn 2.220446049250313e-16 -1 -2.2204460436442257e-22
vn 2.220446049250313e-16 -1 -2.2204460436442257e-22
vn 2.220446049250313e-16 -1 -2.2204460436442257e-22
vn 2.220446049250313e-16 -1 -2.2204460436442257e-22
vn 2.220446049250313e-16 -1 -2.2204460436442257e-22
vn 2.220446049250313e-16 -1 -2.2204460436442257e-22
vn 2.220446049250313e-16 -1 -2.2204460436442257e-22
vn 2.588190603432612e-7 0.9659258257467142 0.258819047126484
vn 2.588190603432612e-7 0.9659258257467142 0.258819047126484
vn 2.588190603432612e-7 0.9659258257467142 0.258819047126484
vn 2.588190603432612e-7 0.9659258257467142 0.258819047126484
vn 2.588190603432612e-7 0.9659258257467142 0.258819047126484
vn 2.588190603432612e-7 0.9659258257467142 0.258819047126484
vn 2.588190603432612e-7 0.9659258257467142 0.258819047126484
vn 2.588190603432612e-7 0.9659258257467142 0.258819047126484
vn 2.588190603432612e-7 0.9659258257467142 0.258819047126484
vn 2.588190603432612e-7 0.9659258257467142 0.258819047126484
vn 2.588190603432612e-7 0.9659258257467142 0.258819047126484
vn 2.588190603432612e-7 0.9659258257467142 0.258819047126484
vn 2.588190603432612e-7 0.9659258257467142 0.258819047126484
vn 2.588190603432612e-7 0.9659258257467142 0.258819047126484
vn 2.588190603432612e-7 0.9659258257467142 0.258819047126484
vn 2.588190603432612e-7 0.9659258257467142 0.258819047126484
vn 2.588190603432612e-7 0.9659258257467142 0.258819047126484
vn 2.588190603432612e-7 0.9659258257467142 0.258819047126484
vn 2.588190603432612e-7 0.9659258257467142 0.258819047126484
vn 2.588190603432612e-7 0.9659258257467142 0.258819047126484
vn 2.588190603432612e-7 0.9659258257467142 0.258819047126484
vn 2.588190603432612e-7 0.9659258257467142 0.258819047126484
vn 2.588190603432612e-7 0.9659258257467142 0.258819047126484
vn 2.588190603432612e-7 0.9659258257467142 0.258819047126484
vn 2.588190603432612e-7 0.9659258257467142 0.258819047126484
vn 2.588190603432612e-7 0.9659258257467142 0.258819047126484
vn 2.588190603432612e-7 0.9659258257467142 0.258819047126484
vn 2.588190603432612e-7 0.9659258257467142 0.258819047126484
vn 2.588190603432612e-7 0.9659258257467142 0.258819047126484
vn 2.588190603432612e-7 0.9659258257467142 0.258819047126484
vn 2.588190603432612e-7 0.9659258257467142 0.258819047126484
vn 2.588190603432612e-7 0.9659258257467142 0.258819047126484
vn 2.588190603432612e-7 0.9659258257467142 0.258819047126484
vn 2.588190603432612e-7 0.9659258257467142 0.258819047126484
vn 2.588190603432612e-7 0.9659258257467142 0.258819047126484
vn 2.588190603432612e-7 0.9659258257467142 0.258819047126484
vn 2.588190603432612e-7 0.9659258257467142 0.258819047126484
vn 2.588190603432612e-7 0.9659258257467142 0.258819047126484
vn 2.588190603432612e-7 0.9659258257467142 0.258819047126484
vn 2.588190603432612e-7 0.9659258257467142 0.258819047126484
vn 2.588190603432612e-7 0.9659258257467142 0.258819047126484
vn 2.588190603432612e-7 0.9659258257467142 0.258819047126484
vn 2.588190603432612e-7 0.9659258257467142 0.258819047126484
vn 2.588190603432612e-7 0.9659258257467142 0.258819047126484
vn 2.588190603432612e-7 0.9659258257467142 0.258819047126484
vn 2.588190603432612e-7 0.9659258257467142 0.258819047126484
vn 2.588190603432612e-7 0.9659258257467142 0.258819047126484
vn 2.588190603432612e-7 0.9659258257467142 0.258819047126484
vn 2.588190603432612e-7 0.9659258257467142 0.258819047126484
vn 2.588190603432612e-7 0.9659258257467142 0.258819047126484
vn 2.588190603432612e-7 0.9659258257467142 0.258819047126484
vn 2.588190603432612e-7 0.9659258257467142 0.258819047126484
vn 2.588190603432612e-7 0.9659258257467142 0.258819047126484
vn 2.588190603432612e-7 0.9659258257467142 0.258819047126484
vn 2.588190603432612e-7 0.9659258257467142 0.258819047126484
vn 2.588190603432612e-7 0.9659258257467142 0.258819047126484
vn 2.588190603432612e-7 0.9659258257467142 0.258819047126484
vn 2.588190603432612e-7 0.9659258257467142 0.258819047126484
vn 2.588190603432612e-7 0.9659258257467142 0.258819047126484
vn 2.588190603432612e-7 0.9659258257467142 0.258819047126484
vn 2.588190603432612e-7 0.9659258257467142 0.258819047126484
vn 2.588190603432612e-7 0.9659258257467142 0.258819047126484
vn 2.588190603432612e-7 0.9659258257467142 0.258819047126484
vn 2.588190603432612e-7 0.9659258257467142 0.258819047126484
vn 2.588190603432612e-7 0.9659258257467142 0.258819047126484
vn 2.588190603432612e-7 0.9659258257467142 0.258819047126484
vn 2.588190603432612e-7 0.9659258257467142 0.258819047126484
vn 2.588190603432612e-7 0.9659258257467142 0.258819047126484
vn 2.588190603432612e-7 0.9659258257467142 0.258819047126484
vn 2.588190603432612e-7 0.9659258257467142 0.258819047126484
vn 2.588190603432612e-7 0.9659258257467142 0.258819047126484
vn 2.588190603432612e-7 0.9659258257467142 0.258819047126484
vn 2.588190603432612e-7 0.9659258257467142 0.258819047126484
vn 2.588190603432612e-7 0.9659258257467142 0.258819047126484
vn 2.588190603432612e-7 0.9659258257467142 0.258819047126484
vn 2.588190603432612e-7 0.9659258257467142 0.258819047126484
vn 2.588190603432612e-7 0.9659258257467142 0.258819047126484
vn 2.588190603432612e-7 0.9659258257467142 0.258819047126484
vn 2.588190603432612e-7 0.9659258257467142 0.258819047126484
vn 2.588190603432612e-7 0.9659258257467142 0.258819047126484
vn 2.588190603432612e-7 0.9659258257467142 0.258819047126484
vn 2.588190603432612e-7 0.9659258257467142 0.258819047126484
vn 2.588190603432612e-7 0.9659258257467142 0.258819047126484
vn 2.588190603432612e-7 0.9659258257467142 0.258819047126484
vn 2.588190603432612e-7 0.9659258257467142 0.258819047126484
vn 2.588190603432612e-7 0.9659258257467142 0.258819047126484
vn 2.588190603432612e-7 0.9659258257467142 0.258819047126484
vn 2.588190603432612e-7 0.9659258257467142 0.258819047126484
vn 2.588190603432612e-7 0.9659258257467142 0.258819047126484
vn 2.588190603432612e-7 0.9659258257467142 0.258819047126484
vn 2.588190603432612e-7 0.9659258257467142 0.258819047126484
vn 2.588190603432612e-7 0.9659258257467142 0.258819047126484
vn 2.588190603432612e-7 0.9659258257467142 0.258819047126484
vn 2.588190603432612e-7 0.9659258257467142 0.258819047126484
vn 2.588190603432612e-7 0.9659258257467142 0.258819047126484
vn 2.588190603432612e-7 0.9659258257467142 0.258819047126484
vn 2.588190603432612e-7 0.9659258257467142 0.258819047126484
vn 2.588190603432612e-7 0.9659258257467142 0.258819047126484
vn 2.588190603432612e-7 0.9659258257467142 0.258819047126484
vn 2.588190603432612e-7 0.9659258257467142 0.258819047126484
vn 2.588190603432612e-7 0.9659258257467142 0.258819047126484
vn 2.588190603432612e-7 0.9659258257467142 0.258819047126484
vn 2.588190603432612e-7 0.9659258257467142 0.258819047126484
vn 2.588190603432612e-7 0.9659258257467142 0.258819047126484
vn 2.588190603432612e-7 0.9659258257467142 0.258819047126484
vn 2.588190603432612e-7 0.9659258257467142 0.258819047126484
vn 2.588190603432612e-7 0.9659258257467142 0.258819047126484
vn 2.588190603432612e-7 0.9659258257467142 0.258819047126484
vn 2.588190603432612e-7 0.9659258257467142 0.258819047126484
vn 2.588190603432612e-7 0.9659258257467142 0.258819047126484
vn 2.588190603432612e-7 0.9659258257467142 0.258819047126484
vn 2.588190603432612e-7 0.9659258257467142 0.258819047126484
vn 2.588190603432612e-7 0.9659258257467142 0.258819047126484
vn 2.588190603432612e-7 0.9659258257467142 0.258819047126484
vn 2.588190603432612e-7 0.9659258257467142 0.258819047126484
vn 2.588190603432612e-7 0.9659258257467142 0.258819047126484
vn 2.588190603432612e-7 0.9659258257467142 0.258819047126484
vn 2.588190603432612e-7 0.9659258257467142 0.258819047126484
vn 2.588190603432612e-7 0.9659258257467142 0.258819047126484
vn 2.588190603432612e-7 0.9659258257467142 0.258819047126484
vn 2.588190603432612e-7 0.9659258257467142 0.258819047126484
vn 2.588190603432612e-7 0.9659258257467142 0.258819047126484
vn 2.588190603432612e-7 0.9659258257467142 0.258819047126484
vn 2.588190603432612e-7 0.9659258257467142 0.258819047126484
vn 2.588190603432612e-7 0.9659258257467142 0.258819047126484
vn 2.588190603432612e-7 0.9659258257467142 0.258819047126484
vn 2.588190603432612e-7 0.9659258257467142 0.258819047126484
vn 2.588190603432612e-7 0.9659258257467142 0.258819047126484
vn 2.588190603432612e-7 0.9659258257467142 0.258819047126484
vn 2.588190603432612e-7 0.9659258257467142 0.258819047126484
vn 2.588190603432612e-7 0.9659258257467142 0.258819047126484
vn 2.588190603432612e-7 0.9659258257467142 0.258819047126484
vn 2.588190603432612e-7 0.9659258257467142 0.258819047126484
vn 2.588190603432612e-7 0.9659258257467142 0.258819047126484
vn 2.588190603432612e-7 0.9659258257467142 0.258819047126484
vn 2.588190603432612e-7 0.9659258257467142 0.258819047126484
vn 2.588190603432612e-7 0.9659258257467142 0.258819047126484
vn 2.588190603432612e-7 0.9659258257467142 0.258819047126484
vn 2.588190603432612e-7 0.9659258257467142 0.258819047126484
vn 2.588190603432612e-7 0.9659258257467142 0.258819047126484
vn 2.588190603432612e-7 0.9659258257467142 0.258819047126484
vn 2.588190603432612e-7 0.9659258257467142 0.258819047126484
vn 2.588190603432612e-7 0.9659258257467142 0.258819047126484
vn 2.588190603432612e-7 0.9659258257467142 0.258819047126484
vn 2.588190603432612e-7 0.9659258257467142 0.258819047126484
vn 2.588190603432612e-7 0.9659258257467142 0.258819047126484
vn 2.588190603432612e-7 0.9659258257467142 0.258819047126484
vn 2.588190603432612e-7 0.9659258257467142 0.258819047126484
vn 2.588190603432612e-7 0.9659258257467142 0.258819047126484
vn 2.588190603432612e-7 0.9659258257467142 0.258819047126484
vn 2.588190603432612e-7 0.9659258257467142 0.258819047126484
vn 2.588190603432612e-7 0.9659258257467142 0.258819047126484
vn 2.588190603432612e-7 0.9659258257467142 0.258819047126484
vn 2.588190603432612e-7 0.9659258257467142 0.258819047126484
vn 2.588190603432612e-7 0.9659258257467142 0.258819047126484
vn 2.588190603432612e-7 0.9659258257467142 0.258819047126484
vn 2.588190603432612e-7 0.9659258257467142 0.258819047126484
vn 2.588190603432612e-7 0.9659258257467142 0.258819047126484
vn 2.588190603432612e-7 0.9659258257467142 0.258819047126484
vn 2.588190603432612e-7 0.9659258257467142 0.258819047126484
vn 2.588190603432612e-7 0.9659258257467142 0.258819047126484
vn 2.588190603432612e-7 0.9659258257467142 0.258819047126484
vn 2.588190603432612e-7 0.9659258257467142 0.258819047126484
vn 2.588190603432612e-7 0.9659258257467142 0.258819047126484
vn 2.588190603432612e-7 0.9659258257467142 0.258819047126484
vn 2.588190603432612e-7 0.9659258257467142 0.258819047126484
vn 2.588190603432612e-7 0.9659258257467142 0.258819047126484
vn 2.588190603432612e-7 0.9659258257467142 0.258819047126484
vn 2.588190603432612e-7 0.9659258257467142 0.258819047126484
vn 2.588190603432612e-7 0.9659258257467142 0.258819047126484
vn 2.588190603432612e-7 0.9659258257467142 0.258819047126484
vn 2.588190603432612e-7 0.9659258257467142 0.258819047126484
vn 2.588190603432612e-7 0.9659258257467142 0.258819047126484
vn 2.588190603432612e-7 0.9659258257467142 0.258819047126484
vn 2.588190603432612e-7 0.9659258257467142 0.258819047126484
vn 2.588190603432612e-7 0.9659258257467142 0.258819047126484
vn 2.588190603432612e-7 0.9659258257467142 0.258819047126484
vn 2.588190603432612e-7 0.9659258257467142 0.258819047126484
vn 2.588190603432612e-7 0.9659258257467142 0.258819047126484
vn 2.588190603432612e-7 0.9659258257467142 0.258819047126484
vn 2.588190603432612e-7 0.9659258257467142 0.258819047126484
vn 2.588190603432612e-7 0.9659258257467142 0.258819047126484
vn 2.588190603432612e-7 0.9659258257467142 0.258819047126484
vn 2.588190603432612e-7 0.9659258257467142 0.258819047126484
vn 2.588190603432612e-7 0.9659258257467142 0.258819047126484
vn 2.588190603432612e-7 0.9659258257467142 0.258819047126484
vn 2.588190603432612e-7 0.9659258257467142 0.258819047126484
vn 2.588190603432612e-7 0.9659258257467142 0.258819047126484
vn 2.588190603432612e-7 0.9659258257467142 0.258819047126484
vn 2.588190603432612e-7 0.9659258257467142 0.258819047126484
vn 2.588190603432612e-7 0.9659258257467142 0.258819047126484
vn 2.588190603432612e-7 0.9659258257467142 0.258819047126484
vn 2.588190603432612e-7 0.9659258257467142 0.258819047126484
vn 2.588190603432612e-7 0.9659258257467142 0.258819047126484
vn 2.588190603432612e-7 0.9659258257467142 0.258819047126484
vn 2.588190603432612e-7 0.9659258257467142 0.258819047126484
vn 2.588190603432612e-7 0.9659258257467142 0.258819047126484
vn 2.588190603432612e-7 0.9659258257467142 0.258819047126484
vn 2.588190603432612e-7 0.9659258257467142 0.258819047126484
vn 2.588190603432612e-7 0.9659258257467142 0.258819047126484
vn 2.588190603432612e-7 0.9659258257467142 0.258819047126484
vn 2.588190603432612e-7 0.9659258257467142 0.258819047126484
vn 2.588190603432612e-7 0.9659258257467142 0.258819047126484
vn 2.588190603432612e-7 0.9659258257467142 0.258819047126484
vn 2.588190603432612e-7 0.9659258257467142 0.258819047126484
vn 2.588190603432612e-7 0.9659258257467142 0.258819047126484
vn 2.588190603432612e-7 0.9659258257467142 0.258819047126484
vn 2.588190603432612e-7 0.9659258257467142 0.258819047126484
vn 2.588190603432612e-7 0.9659258257467142 0.258819047126484
vn 2.588190603432612e-7 0.9659258257467142 0.258819047126484
vn 2.588190603432612e-7 0.9659258257467142 0.258819047126484
vn 2.588190603432612e-7 0.9659258257467142 0.258819047126484
vn 2.588190603432612e-7 0.9659258257467142 0.258819047126484
vn 2.588190603432612e-7 0.9659258257467142 0.258819047126484
vn 2.588190603432612e-7 0.9659258257467142 0.258819047126484
vn 2.588190603432612e-7 0.9659258257467142 0.258819047126484
f 1/1/1 2/2/2 3/3/3
f 4/4/4 5/5/5 6/6/6
f 7/7/7 8/8/8 9/9/9
f 10/10/10 11/11/11 12/12/12
f 13/13/13 14/14/14 15/15/15
f 16/16/16 17/17/17 18/18/18
f 19/19/19 20/20/20 21/21/21
f 22/22/22 23/23/23 24/24/24
f 25/25/25 26/26/26 27/27/27
f 28/28/28 29/29/29 30/30/30
f 31/31/31 32/32/32 33/33/33
f 34/34/34 35/35/35 36/36/36
f 37/37/37 38/38/38 39/39/39
f 40/40/40 41/41/41 42/42/42
f 43/43/43 44/44/44 45/45/45
f 46/46/46 47/47/47 48/48/48
f 49/49/49 50/50/50 51/51/51
f 52/52/52 53/53/53 54/54/54
f 55/55/55 56/56/56 57/57/57
f 58/58/58 59/59/59 60/60/60
f 61/61/61 62/62/62 63/63/63
f 64/64/64 65/65/65 66/66/66
f 67/67/67 68/68/68 69/69/69
f 70/70/70 71/71/71 72/72/72
f 73/73/73 74/74/74 75/75/75
f 76/76/76 77/77/77 78/78/78
f 79/79/79 80/80/80 81/81/81
f 82/82/82 83/83/83 84/84/84
f 85/85/85 86/86/86 87/87/87
f 88/88/88 89/89/89 90/90/90
f 91/91/91 92/92/92 93/93/93
f 94/94/94 95/95/95 96/96/96
f 97/97/97 98/98/98 99/99/99
f 100/100/100 101/101/101 102/102/102
f 103/103/103 104/104/104 105/105/105
f 106/106/106 107/107/107 108/108/108
f 109/109/109 110/110/110 111/111/111
f 112/112/112 113/113/113 114/114/114
f 115/115/115 116/116/116 117/117/117
f 118/118/118 119/119/119 120/120/120
f 121/121/121 122/122/122 123/123/123
f 124/124/124 125/125/125 126/126/126
f 127/127/127 128/128/128 129/129/129
f 130/130/130 131/131/131 132/132/132
f 133/133/133 134/134/134 135/135/135
f 136/136/136 137/137/137 138/138/138
f 139/139/139 140/140/140 141/141/141
f 142/142/142 143/143/143 144/144/144
f 145/145/145 146/146/146 147/147/147
f 148/148/148 149/149/149 150/150/150
f 151/151/151 152/152/152 153/153/153
f 154/154/154 155/155/155 156/156/156
f 157/157/157 158/158/158 159/159/159
f 160/160/160 161/161/161 162/162/162
f 163/163/163 164/164/164 165/165/165
f 166/166/166 167/167/167 168/168/168
f 169/169/169 170/170/170 171/171/171
f 172/172/172 173/173/173 174/174/174
f 175/175/175 176/176/176 177/177/177
f 178/178/178 179/179/179 180/180/180
f 181/181/181 182/182/182 183/183/183
f 184/184/184 185/185/185 186/186/186
f 187/187/187 188/188/188 189/189/189
f 190/190/190 191/191/191 192/192/192
f 193/193/193 194/194/194 195/195/195
f 196/196/196 197/197/197 198/198/198
f 199/199/199 200/200/200 201/201/201
f 202/202/202 203/203/203 204/204/204
f 205/205/205 206/206/206 207/207/207
f 208/208/208 209/209/209 210/210/210
f 211/211/211 212/212/212 213/213/213
f 214/214/214 215/215/215 216/216/216
f 217/217/217 218/218/218 219/219/219
f 220/220/220 221/221/221 222/222/222
f 223/223/223 224/224/224 225/225/225
f 226/226/226 227/227/227 228/228/228
f 229/229/229 230/230/230 231/231/231
f 232/232/232 233/233/233 234/234/234
f 235/235/235 236/236/236 237/237/237
f 238/238/238 239/239/239 240/240/240
f 241/241/241 242/242/242 243/243/243
f 244/244/244 245/245/245 246/246/246
f 247/247/247 248/248/248 249/249/249
f 250/250/250 251/251/251 252/252/252
f 253/253/253 254/254/254 255/255/255
f 256/256/256 257/257/257 258/258/258
f 259/259/259 260/260/260 261/261/261
f 262/262/262 263/263/263 264/264/264
f 265/265/265 266/266/266 267/267/267
f 268/268/268 269/269/269 270/270/270
f 271/271/271 272/272/272 273/273/273
f 274/274/274 275/275/275 276/276/276
f 277/277/277 278/278/278 279/279/279
f 280/280/280 281/281/281 282/282/282
f 283/283/283 284/284/284 285/285/285
f 286/286/286 287/287/287 288/288/288
f 289/289/289 290/290/290 291/291/291
f 292/292/292 293/293/293 294/294/294
f 295/295/295 296/296/296 297/297/297
f 298/298/298 299/299/299 300/300/300
f 301/301/301 302/302/302 303/303/303
f 304/304/304 305/305/305 306/306/306
f 307/307/307 308/308/308 309/309/309
f 310/310/310 311/311/311 312/312/312
f 313/313/313 314/314/314 315/315/315
f 316/316/316 317/317/317 318/318/318
f 319/319/319 320/320/320 321/321/321
f 322/322/322 323/323/323 324/324/324
f 325/325/325 326/326/326 327/327/327
f 328/328/328 329/329/329 330/330/330
f 331/331/331 332/332/332 333/333/333
f 334/334/334 335/335/335 336/336/336
f 337/337/337 338/338/338 339/339/339
f 340/340/340 341/341/341 342/342/342
f 343/343/343 344/344/344 345/345/345
f 346/346/346 347/347/347 348/348/348
f 349/349/349 350/350/350 351/351/351
f 352/352/352 353/353/353 354/354/354
f 355/355/355 356/356/356 357/357/357
f 358/358/358 359/359/359 360/360/360
f 361/361/361 362/362/362 363/363/363
f 364/364/364 365/365/365 366/366/366
f 367/367/367 368/368/368 369/369/369
f 370/370/370 371/371/371 372/372/372
f 373/373/373 374/374/374 375/375/375
f 376/376/376 377/377/377 378/378/378
f 379/379/379 380/380/380 381/381/381
f 382/382/382 383/383/383 384/384/384
f 385/385/385 386/386/386 387/387/387
f 388/388/388 389/389/389 390/390/390
f 391/391/391 392/392/392 393/393/393
f 394/394/394 395/395/395 396/396/396
f 397/397/397 398/398/398 399/399/399
f 400/400/400 401/401/401 402/402/402
f 403/403/403 404/404/404 405/405/405
f 406/406/406 407/407/407 408/408/408
f 409/409/409 410/410/410 411/411/411
f 412/412/412 413/413/413 414/414/414
f 415/415/415 416/416/416 417/417/417
f 418/418/418 419/419/419 420/420/420
f 421/421/421 422/422/422 423/423/423
f 424/424/424 425/425/425 426/426/426
f 427/427/427 428/428/428 429/429/429
f 430/430/430 431/431/431 432/432/432
f 433/433/433 434/434/434 435/435/435
f 436/436/436 437/437/437 438/438/438
f 439/439/439 440/440/440 441/441/441
f 442/442/442 443/443/443 444/444/444
f 445/445/445 446/446/446 447/447/447
f 448/448/448 449/449/449 450/450/450
f 451/451/451 452/452/452 453/453/453
f 454/454/454 455/455/455 456/456/456
f 457/457/457 458/458/458 459/459/459
f 460/460/460 461/461/461 462/462/462
f 463/463/463 464/464/464 465/465/465
f 466/466/466 467/467/467 468/468/468
f 469/469/469 470/470/470 471/471/471
f 472/472/472 473/473/473 474/474/474
f 475/475/475 476/476/476 477/477/477
f 478/478/478 479/479/479 480/480/480
f 481/481/481 482/482/482 483/483/483
f 484/484/484 485/485/485 486/486/486
f 487/487/487 488/488/488 489/489/489
f 490/490/490 491/491/491 492/492/492
f 493/493/493 494/494/494 495/495/495
f 496/496/496 497/497/497 498/498/498
f 499/499/499 500/500/500 501/501/501
f 502/502/502 503/503/503 504/504/504
f 505/505/505 506/506/506 507/507/507
f 508/508/508 509/509/509 510/510/510
f 511/511/511 512/512/512 513/513/513
f 514/514/514 515/515/515 516/516/516
f 517/517/517 518/518/518 519/519/519
f 520/520/520 521/521/521 522/522/522
f 523/523/523 524/524/524 525/525/525
f 526/526/526 527/527/527 528/528/528
f 529/529/529 530/530/530 531/531/531
f 532/532/532 533/533/533 534/534/534
f 535/535/535 536/536/536 537/537/537
f 538/538/538 539/539/539 540/540/540
f 541/541/541 542/542/542 543/543/543
f 544/544/544 545/545/545 546/546/546
f 547/547/547 548/548/548 549/549/549
f 550/550/550 551/551/551 552/552/552
f 553/553/553 554/554/554 555/555/555
f 556/556/556 557/557/557 558/558/558
f 559/559/559 560/560/560 561/561/561
f 562/562/562 563/563/563 564/564/564
f 565/565/565 566/566/566 567/567/567
f 568/568/568 569/569/569 570/570/570
f 571/571/571 572/572/572 573/573/573
f 574/574/574 575/575/575 576/576/576
f 577/577/577 578/578/578 579/579/579
f 580/580/580 581/581/581 582/582/582
f 583/583/583 584/584/584 585/585/585
f 586/586/586 587/587/587 588/588/588
f 589/589/589 590/590/590 591/591/591
f 592/592/592 593/593/593 594/594/594
f 595/595/595 596/596/596 597/597/597
f 598/598/598 599/599/599 600/600/600
f 601/601/601 602/602/602 603/603/603
f 604/604/604 605/605/605 606/606/606
f 607/607/607 608/608/608 609/609/609
f 610/610/610 611/611/611 612/612/612
f 613/613/613 614/614/614 615/615/615
f 616/616/616 617/617/617 618/618/618
f 619/619/619 620/620/620 621/621/621
f 622/622/622 623/623/623 624/624/624
f 625/625/625 626/626/626 627/627/627
f 628/628/628 629/629/629 630/630/630
f 631/631/631 632/632/632 633/633/633
f 634/634/634 635/635/635 636/636/636
f 637/637/637 638/638/638 639/639/639
f 640/640/640 641/641/641 642/642/642
f 643/643/643 644/644/644 645/645/645
f 646/646/646 647/647/647 648/648/648
f 649/649/649 650/650/650 651/651/651
f 652/652/652 653/653/653 654/654/654
f 655/655/655 656/656/656 657/657/657
f 658/658/658 659/659/659 660/660/660
f 661/661/661 662/662/662 663/663/663
f 664/664/664 665/665/665 666/666/666
f 667/667/667 668/668/668 669/669/669
f 670/670/670 671/671/671 672/672/672
f 673/673/673 674/674/674 675/675/675
f 676/676/676 677/677/677 678/678/678
f 679/679/679 680/680/680 681/681/681
f 682/682/682 683/683/683 684/684/684
f 685/685/685 686/686/686 687/687/687
f 688/688/688 689/689/689 690/690/690
f 691/691/691 692/692/692 693/693/693
f 694/694/694 695/695/695 696/696/696
f 697/697/697 698/698/698 699/699/699
f 700/700/700 701/701/701 702/702/702
f 703/703/703 704/704/704 705/705/705
f 706/706/706 707/707/707 708/708/708
f 709/709/709 710/710/710 711/711/711
f 712/712/712 713/713/713 714/714/714
f 715/715/715 716/716/716 717/717/717
f 718/718/718 719/719/719 720/720/720
f 721/721/721 722/722/722 723/723/723
f 724/724/724 725/725/725 726/726/726
f 727/727/727 728/728/728 729/729/729
f 730/730/730 731/731/731 732/732/732
f 733/733/733 734/734/734 735/735/735
f 736/736/736 737/737/737 738/738/738
f 739/739/739 740/740/740 741/741/741
f 742/742/742 743/743/743 744/744/744
f 745/745/745 746/746/746 747/747/747
f 748/748/748 749/749/749 750/750/750
f 751/751/751 752/752/752 753/753/753
f 754/754/754 755/755/755 756/756/756
f 757/757/757 758/758/758 759/759/759
f 760/760/760 761/761/761 762/762/762
f 763/763/763 764/764/764 765/765/765
f 766/766/766 767/767/767 768/768/768
f 769/769/769 770/770/770 771/771/771
f 772/772/772 773/773/773 774/774/774
f 775/775/775 776/776/776 777/777/777
f 778/778/778 779/779/779 780/780/780
f 781/781/781 782/782/782 783/783/783
f 784/784/784 785/785/785 786/786/786
f 787/787/787 788/788/788 789/789/789
f 790/790/790 791/791/791 792/792/792
f 793/793/793 794/794/794 795/795/795
f 796/796/796 797/797/797 798/798/798
f 799/799/799 800/800/800 801/801/801
f 802/802/802 803/803/803 804/804/804
f 805/805/805 806/806/806 807/807/807
f 808/808/808 809/809/809 810/810/810
f 811/811/811 812/812/812 813/813/813
f 814/814/814 815/815/815 816/816/816
f 817/817/817 818/818/818 819/819/819
f 820/820/820 821/821/821 822/822/822
f 823/823/823 824/824/824 825/825/825
f 826/826/826 827/827/827 828/828/828
f 829/829/829 830/830/830 831/831/831
f 832/832/832 833/833/833 834/834/834
f 835/835/835 836/836/836 837/837/837
f 838/838/838 839/839/839 840/840/840
f 841/841/841 842/842/842 843/843/843
f 844/844/844 845/845/845 846/846/846
f 847/847/847 848/848/848 849/849/849
f 850/850/850 851/851/851 852/852/852
f 853/853/853 854/854/854 855/855/855
f 856/856/856 857/857/857 858/858/858
f 859/859/859 860/860/860 861/861/861
f 862/862/862 863/863/863 864/864/864
f 865/865/865 866/866/866 867/867/867
f 868/868/868 869/869/869 870/870/870
f 871/871/871 872/872/872 873/873/873
f 874/874/874 875/875/875 876/876/876
f 877/877/877 878/878/878 879/879/879
f 880/880/880 881/881/881 882/882/882
f 883/883/883 884/884/884 885/885/885
f 886/886/886 887/887/887 888/888/888
f 889/889/889 890/890/890 891/891/891
f 892/892/892 893/893/893 894/894/894
f 895/895/895 896/896/896 897/897/897
f 898/898/898 899/899/899 900/900/900
f 901/901/901 902/902/902 903/903/903
f 904/904/904 905/905/905 906/906/906
f 907/907/907 908/908/908 909/909/909
f 910/910/910 911/911/911 912/912/912
f 913/913/913 914/914/914 915/915/915
f 916/916/916 917/917/917 918/918/918
f 919/919/919 920/920/920 921/921/921
f 922/922/922 923/923/923 924/924/924
f 925/925/925 926/926/926 927/927/927
f 928/928/928 929/929/929 930/930/930
f 931/931/931 932/932/932 933/933/933
f 934/934/934 935/935/935 936/936/936
f 937/937/937 938/938/938 939/939/939
f 940/940/940 941/941/941 942/942/942
f 943/943/943 944/944/944 945/945/945
f 946/946/946 947/947/947 948/948/948
f 949/949/949 950/950/950 951/951/951
f 952/952/952 953/953/953 954/954/954
f 955/955/955 956/956/956 957/957/957
f 958/958/958 959/959/959 960/960/960
f 961/961/961 962/962/962 963/963/963
f 964/964/964 965/965/965 966/966/966
f 967/967/967 968/968/968 969/969/969
f 970/970/970 971/971/971 972/972/972
f 973/973/973 974/974/974 975/975/975
f 976/976/976 977/977/977 978/978/978
f 979/979/979 980/980/980 981/981/981
f 982/982/982 983/983/983 984/984/984
f 985/985/985 986/986/986 987/987/987
f 988/988/988 989/989/989 990/990/990
f 991/991/991 992/992/992 993/993/993
f 994/994/994 995/995/995 996/996/996
f 997/997/997 998/998/998 999/999/999
f 1000/1000/1000 1001/1001/1001 1002/1002/1002
f 1003/1003/1003 1004/1004/1004 1005/1005/1005
f 1006/1006/1006 1007/1007/1007 1008/1008/1008
f 1009/1009/1009 1010/1010/1010 1011/1011/1011
f 1012/1012/1012 1013/1013/1013 1014/1014/1014
f 1015/1015/1015 1016/1016/1016 1017/1017/1017
f 1018/1018/1018 1019/1019/1019 1020/1020/1020
f 1021/1021/1021 1022/1022/1022 1023/1023/1023
f 1024/1024/1024 1025/1025/1025 1026/1026/1026
f 1027/1027/1027 1028/1028/1028 1029/1029/1029
f 1030/1030/1030 1031/1031/1031 1032/1032/1032
f 1033/1033/1033 1034/1034/1034 1035/1035/1035
f 1036/1036/1036 1037/1037/1037 1038/1038/1038
f 1039/1039/1039 1040/1040/1040 1041/1041/1041
f 1042/1042/1042 1043/1043/1043 1044/1044/1044
f 1045/1045/1045 1046/1046/1046 1047/1047/1047
f 1048/1048/1048 1049/1049/1049 1050/1050/1050
f 1051/1051/1051 1052/1052/1052 1053/1053/1053
f 1054/1054/1054 1055/1055/1055 1056/1056/1056
f 1057/1057/1057 1058/1058/1058 1059/1059/1059
f 1060/1060/1060 1061/1061/1061 1062/1062/1062
f 1063/1063/1063 1064/1064/1064 1065/1065/1065
f 1066/1066/1066 1067/1067/1067 1068/1068/1068
f 1069/1069/1069 1070/1070/1070 1071/1071/1071
f 1072/1072/1072 1073/1073/1073 1074/1074/1074
f 1075/1075/1075 1076/1076/1076 1077/1077/1077
f 1078/1078/1078 1079/1079/1079 1080/1080/1080
f 1081/1081/1081 1082/1082/1082 1083/1083/1083
f 1084/1084/1084 1085/1085/1085 1086/1086/1086
f 1087/1087/1087 1088/1088/1088 1089/1089/1089
f 1090/1090/1090 1091/1091/1091 1092/1092/1092
f 1093/1093/1093 1094/1094/1094 1095/1095/1095
f 1096/1096/1096 1097/1097/1097 1098/1098/1098
f 1099/1099/1099 1100/1100/1100 1101/1101/1101
f 1102/1102/1102 1103/1103/1103 1104/1104/1104
f 1105/1105/1105 1106/1106/1106 1107/1107/1107
f 1108/1108/1108 1109/1109/1109 1110/1110/1110
f 1111/1111/1111 1112/1112/1112 1113/1113/1113
f 1114/1114/1114 1115/1115/1115 1116/1116/1116
f 1117/1117/1117 1118/1118/1118 1119/1119/1119
f 1120/1120/1120 1121/1121/1121 1122/1122/1122
f 1123/1123/1123 1124/1124/1124 1125/1125/1125
f 1126/1126/1126 1127/1127/1127 1128/1128/1128
f 1129/1129/1129 1130/1130/1130 1131/1131/1131
f 1132/1132/1132 1133/1133/1133 1134/1134/1134
f 1135/1135/1135 1136/1136/1136 1137/1137/1137
f 1138/1138/1138 1139/1139/1139 1140/1140/1140
f 1141/1141/1141 1142/1142/1142 1143/1143/1143
f 1144/1144/1144 1145/1145/1145 1146/1146/1146
f 1147/1147/1147 1148/1148/1148 1149/1149/1149
f 1150/1150/1150 1151/1151/1151 1152/1152/1152
f 1153/1153/1153 1154/1154/1154 1155/1155/1155
f 1156/1156/1156 1157/1157/1157 1158/1158/1158
f 1159/1159/1159 1160/1160/1160 1161/1161/1161
f 1162/1162/1162 1163/1163/1163 1164/1164/1164
f 1165/1165/1165 1166/1166/1166 1167/1167/1167
f 1168/1168/1168 1169/1169/1169 1170/1170/1170
f 1171/1171/1171 1172/1172/1172 1173/1173/1173
f 1174/1174/1174 1175/1175/1175 1176/1176/1176
f 1177/1177/1177 1178/1178/1178 1179/1179/1179
f 1180/1180/1180 1181/1181/1181 1182/1182/1182
f 1183/1183/1183 1184/1184/1184 1185/1185/1185
f 1186/1186/1186 1187/1187/1187 1188/1188/1188
f 1189/1189/1189 1190/1190/1190 1191/1191/1191
f 1192/1192/1192 1193/1193/1193 1194/1194/1194
f 1195/1195/1195 1196/1196/1196 1197/1197/1197
f 1198/1198/1198 1199/1199/1199 1200/1200/1200
f 1201/1201/1201 1202/1202/1202 1203/1203/1203
f 1204/1204/1204 1205/1205/1205 1206/1206/1206
f 1207/1207/1207 1208/1208/1208 1209/1209/1209
f 1210/1210/1210 1211/1211/1211 1212/1212/1212
f 1213/1213/1213 1214/1214/1214 1215/1215/1215
f 1216/1216/1216 1217/1217/1217 1218/1218/1218
f 1219/1219/1219 1220/1220/1220 1221/1221/1221
f 1222/1222/1222 1223/1223/1223 1224/1224/1224
f 1225/1225/1225 1226/1226/1226 1227/1227/1227
f 1228/1228/1228 1229/1229/1229 1230/1230/1230
f 1231/1231/1231 1232/1232/1232 1233/1233/1233
f 1234/1234/1234 1235/1235/1235 1236/1236/1236
f 1237/1237/1237 1238/1238/1238 1239/1239/1239
f 1240/1240/1240 1241/1241/1241 1242/1242/1242
f 1243/1243/1243 1244/1244/1244 1245/1245/1245
f 1246/1246/1246 1247/1247/1247 1248/1248/1248
f 1249/1249/1249 1250/1250/1250 1251/1251/1251
f 1252/1252/1252 1253/1253/1253 1254/1254/1254
f 1255/1255/1255 1256/1256/1256 1257/1257/1257
f 1258/1258/1258 1259/1259/1259 1260/1260/1260
f 1261/1261/1261 1262/1262/1262 1263/1263/1263
f 1264/1264/1264 1265/1265/1265 1266/1266/1266
f 1267/1267/1267 1268/1268/1268 1269/1269/1269
f 1270/1270/1270 1271/1271/1271 1272/1272/1272
f 1273/1273/1273 1274/1274/1274 1275/1275/1275
f 1276/1276/1276 1277/1277/1277 1278/1278/1278
f 1279/1279/1279 1280/1280/1280 1281/1281/1281
f 1282/1282/1282 1283/1283/1283 1284/1284/1284
f 1285/1285/1285 1286/1286/1286 1287/1287/1287
f 1288/1288/1288 1289/1289/1289 1290/1290/1290
f 1291/1291/1291 1292/1292/1292 1293/1293/1293
f 1294/1294/1294 1295/1295/1295 1296/1296/1296
f 1297/1297/1297 1298/1298/1298 1299/1299/1299
f 1300/1300/1300 1301/1301/1301 1302/1302/1302
f 1303/1303/1303 1304/1304/1304 1305/1305/1305
f 1306/1306/1306 1307/1307/1307 1308/1308/1308
f 1309/1309/1309 1310/1310/1310 1311/1311/1311
f 1312/1312/1312 1313/1313/1313 1314/1314/1314
f 1315/1315/1315 1316/1316/1316 1317/1317/1317
f 1318/1318/1318 1319/1319/1319 1320/1320/1320
f 1321/1321/1321 1322/1322/1322 1323/1323/1323
f 1324/1324/1324 1325/1325/1325 1326/1326/1326
f 1327/1327/1327 1328/1328/1328 1329/1329/1329
f 1330/1330/1330 1331/1331/1331 1332/1332/1332
f 1333/1333/1333 1334/1334/1334 1335/1335/1335
f 1336/1336/1336 1337/1337/1337 1338/1338/1338
f 1339/1339/1339 1340/1340/1340 1341/1341/1341
f 1342/1342/1342 1343/1343/1343 1344/1344/1344
f 1345/1345/1345 1346/1346/1346 1347/1347/1347
f 1348/1348/1348 1349/1349/1349 1350/1350/1350
f 1351/1351/1351 1352/1352/1352 1353/1353/1353
f 1354/1354/1354 1355/1355/1355 1356/1356/1356
f 1357/1357/1357 1358/1358/1358 1359/1359/1359
f 1360/1360/1360 1361/1361/1361 1362/1362/1362
f 1363/1363/1363 1364/1364/1364 1365/1365/1365
f 1366/1366/1366 1367/1367/1367 1368/1368/1368
f 1369/1369/1369 1370/1370/1370 1371/1371/1371
f 1372/1372/1372 1373/1373/1373 1374/1374/1374
f 1375/1375/1375 1376/1376/1376 1377/1377/1377
f 1378/1378/1378 1379/1379/1379 1380/1380/1380
f 1381/1381/1381 1382/1382/1382 1383/1383/1383
f 1384/1384/1384 1385/1385/1385 1386/1386/1386
f 1387/1387/1387 1388/1388/1388 1389/1389/1389
f 1390/1390/1390 1391/1391/1391 1392/1392/1392
f 1393/1393/1393 1394/1394/1394 1395/1395/1395
f 1396/1396/1396 1397/1397/1397 1398/1398/1398
f 1399/1399/1399 1400/1400/1400 1401/1401/1401
f 1402/1402/1402 1403/1403/1403 1404/1404/1404
f 1405/1405/1405 1406/1406/1406 1407/1407/1407
f 1408/1408/1408 1409/1409/1409 1410/1410/1410
f 1411/1411/1411 1412/1412/1412 1413/1413/1413
f 1414/1414/1414 1415/1415/1415 1416/1416/1416
f 1417/1417/1417 1418/1418/1418 1419/1419/1419
f 1420/1420/1420 1421/1421/1421 1422/1422/1422
f 1423/1423/1423 1424/1424/1424 1425/1425/1425
f 1426/1426/1426 1427/1427/1427 1428/1428/1428
f 1429/1429/1429 1430/1430/1430 1431/1431/1431
f 1432/1432/1432 1433/1433/1433 1434/1434/1434
f 1435/1435/1435 1436/1436/1436 1437/1437/1437
f 1438/1438/1438 1439/1439/1439 1440/1440/1440
f 1441/1441/1441 1442/1442/1442 1443/1443/1443
f 1444/1444/1444 1445/1445/1445 1446/1446/1446
f 1447/1447/1447 1448/1448/1448 1449/1449/1449
f 1450/1450/1450 1451/1451/1451 1452/1452/1452
f 1453/1453/1453 1454/1454/1454 1455/1455/1455
f 1456/1456/1456 1457/1457/1457 1458/1458/1458
f 1459/1459/1459 1460/1460/1460 1461/1461/1461
f 1462/1462/1462 1463/1463/1463 1464/1464/1464
f 1465/1465/1465 1466/1466/1466 1467/1467/1467
f 1468/1468/1468 1469/1469/1469 1470/1470/1470
f 1471/1471/1471 1472/1472/1472 1473/1473/1473
f 1474/1474/1474 1475/1475/1475 1476/1476/1476
f 1477/1477/1477 1478/1478/1478 1479/1479/1479
f 1480/1480/1480 1481/1481/1481 1482/1482/1482
f 1483/1483/1483 1484/1484/1484 1485/1485/1485
f 1486/1486/1486 1487/1487/1487 1488/1488/1488
f 1489/1489/1489 1490/1490/1490 1491/1491/1491
f 1492/1492/1492 1493/1493/1493 1494/1494/1494
f 1495/1495/1495 1496/1496/1496 1497/1497/1497
f 1498/1498/1498 1499/1499/1499 1500/1500/1500
f 1501/1501/1501 1502/1502/1502 1503/1503/1503
f 1504/1504/1504 1505/1505/1505 1506/1506/1506
f 1507/1507/1507 1508/1508/1508 1509/1509/1509
f 1510/1510/1510 1511/1511/1511 1512/1512/1512
f 1513/1513/1513 1514/1514/1514 1515/1515/1515
f 1516/1516/1516 1517/1517/1517 1518/1518/1518
f 1519/1519/1519 1520/1520/1520 1521/1521/1521
f 1522/1522/1522 1523/1523/1523 1524/1524/1524
f 1525/1525/1525 1526/1526/1526 1527/1527/1527
f 1528/1528/1528 1529/1529/1529 1530/1530/1530
f 1531/1531/1531 1532/1532/1532 1533/1533/1533
f 1534/1534/1534 1535/1535/1535 1536/1536/1536
f 1537/1537/1537 1538/1538/1538 1539/1539/1539
f 1540/1540/1540 1541/1541/1541 1542/1542/1542
f 1543/1543/1543 1544/1544/1544 1545/1545/1545
f 1546/1546/1546 1547/1547/1547 1548/1548/1548
f 1549/1549/1549 1550/1550/1550 1551/1551/1551
f 1552/1552/1552 1553/1553/1553 1554/1554/1554
f 1555/1555/1555 1556/1556/1556 1557/1557/1557
f 1558/1558/1558 1559/1559/1559 1560/1560/1560
f 1561/1561/1561 1562/1562/1562 1563/1563/1563
f 1564/1564/1564 1565/1565/1565 1566/1566/1566
f 1567/1567/1567 1568/1568/1568 1569/1569/1569
f 1570/1570/1570 1571/1571/1571 1572/1572/1572
f 1573/1573/1573 1574/1574/1574 1575/1575/1575
f 1576/1576/1576 1577/1577/1577 1578/1578/1578
f 1579/1579/1579 1580/1580/1580 1581/1581/1581
f 1582/1582/1582 1583/1583/1583 1584/1584/1584
f 1585/1585/1585 1586/1586/1586 1587/1587/1587
f 1588/1588/1588 1589/1589/1589 1590/1590/1590
f 1591/1591/1591 1592/1592/1592 1593/1593/1593
f 1594/1594/1594 1595/1595/1595 1596/1596/1596
f 1597/1597/1597 1598/1598/1598 1599/1599/1599
f 1600/1600/1600 1601/1601/1601 1602/1602/1602
