o FBXASC195FBXASC135FBXASC195FBXASC144FBXASC194FBXASC179FBXASC195FBXASC189-FBXASC195FBXASC128FBXASC194FBXASC173FBXASC195FBXASC137FBXASC195FBXASC1728
usemtl MaterialFBXASC032FBXASC03528
v 0.6004999876022339 0.043299999088048935 0.06350000202655792
v 0.6004999876022339 0.043299999088048935 0.06849999725818634
v 0.6153090000152588 0.040688998997211456 0.06350000202655792
v 0.6153090000152588 0.040688998997211456 0.06350000202655792
v 0.6004999876022339 0.043299999088048935 0.06849999725818634
v 0.6153090000152588 0.040688998997211456 0.06849999725818634
v 0.6153090000152588 0.040688998997211456 0.06350000202655792
v 0.6153090000152588 0.040688998997211456 0.06849999725818634
v 0.6283329725265503 0.03316999971866608 0.06350000202655792
v 0.6283329725265503 0.03316999971866608 0.06350000202655792
v 0.6153090000152588 0.040688998997211456 0.06849999725818634
v 0.6283329725265503 0.03316999971866608 0.06849999725818634
v 0.6283329725265503 0.03316999971866608 0.06350000202655792
v 0.6283329725265503 0.03316999971866608 0.06849999725818634
v 0.6379989981651306 0.021649999544024467 0.06350000202655792
v 0.6379989981651306 0.021649999544024467 0.06350000202655792
v 0.6283329725265503 0.03316999971866608 0.06849999725818634
v 0.6379989981651306 0.021649999544024467 0.06849999725818634
v 0.6379989981651306 0.021649999544024467 0.06350000202655792
v 0.6379989981651306 0.021649999544024467 0.06849999725818634
v 0.6431419849395752 0.007519000209867954 0.06350000202655792
v 0.6431419849395752 0.007519000209867954 0.06350000202655792
v 0.6379989981651306 0.021649999544024467 0.06849999725818634
v 0.6431419849395752 0.007519000209867954 0.06849999725818634
v 0.6431419849395752 0.007519000209867954 0.06350000202655792
v 0.6431419849395752 0.007519000209867954 0.06849999725818634
v 0.6431419849395752 -0.007519000209867954 0.06350000202655792
v 0.6431419849395752 -0.007519000209867954 0.06350000202655792
v 0.6431419849395752 0.007519000209867954 0.06849999725818634
v 0.6431419849395752 -0.007519000209867954 0.06849999725818634
v 0.6431419849395752 -0.007519000209867954 0.06350000202655792
v 0.6431419849395752 -0.007519000209867954 0.06849999725818634
v 0.6379989981651306 -0.021649999544024467 0.06350000202655792
v 0.6379989981651306 -0.021649999544024467 0.06350000202655792
v 0.6431419849395752 -0.007519000209867954 0.06849999725818634
v 0.6379989981651306 -0.021649999544024467 0.06849999725818634
v 0.6379989981651306 -0.021649999544024467 0.06350000202655792
v 0.6379989981651306 -0.021649999544024467 0.06849999725818634
v 0.6283329725265503 -0.03316999971866608 0.06350000202655792
v 0.6283329725265503 -0.03316999971866608 0.06350000202655792
v 0.6379989981651306 -0.021649999544024467 0.06849999725818634
v 0.6283329725265503 -0.03316999971866608 0.06849999725818634
v 0.6283329725265503 -0.03316999971866608 0.06350000202655792
v 0.6283329725265503 -0.03316999971866608 0.06849999725818634
v 0.6153090000152588 -0.040688998997211456 0.06350000202655792
v 0.6153090000152588 -0.040688998997211456 0.06350000202655792
v 0.6283329725265503 -0.03316999971866608 0.06849999725818634
v 0.6153090000152588 -0.040688998997211456 0.06849999725818634
v 0.6153090000152588 -0.040688998997211456 0.06350000202655792
v 0.6153090000152588 -0.040688998997211456 0.06849999725818634
v 0.6004999876022339 -0.043299999088048935 0.06350000202655792
v 0.6004999876022339 -0.043299999088048935 0.06350000202655792
v 0.6153090000152588 -0.040688998997211456 0.06849999725818634
v 0.6004999876022339 -0.043299999088048935 0.06849999725818634
v 0.6004999876022339 -0.043299999088048935 0.1868000030517578
v 0.6004999876022339 -0.043299999088048935 0.1659179925918579
v 0.6153090000152588 -0.040688998997211456 0.1868000030517578
v 0.6153090000152588 -0.040688998997211456 0.1868000030517578
v 0.6004999876022339 -0.043299999088048935 0.1659179925918579
v 0.6153090000152588 -0.040688998997211456 0.1619499921798706
v 0.6153090000152588 -0.040688998997211456 0.1868000030517578
v 0.6153090000152588 -0.040688998997211456 0.1619499921798706
v 0.6283329725265503 -0.03316999971866608 0.1868000030517578
v 0.6283329725265503 -0.03316999971866608 0.1868000030517578
v 0.6153090000152588 -0.040688998997211456 0.1619499921798706
v 0.6283329725265503 -0.03316999971866608 0.15845999121665955
v 0.6283329725265503 -0.03316999971866608 0.1868000030517578
v 0.6283329725265503 -0.03316999971866608 0.15845999121665955
v 0.6379989981651306 -0.021649999544024467 0.1868000030517578
v 0.6379989981651306 -0.021649999544024467 0.1868000030517578
v 0.6283329725265503 -0.03316999971866608 0.15845999121665955
v 0.6379989981651306 -0.021649999544024467 0.1558699905872345
v 0.6379989981651306 -0.021649999544024467 0.1868000030517578
v 0.6379989981651306 -0.021649999544024467 0.1558699905872345
v 0.6431419849395752 -0.007519000209867954 0.1868000030517578
v 0.6431419849395752 -0.007519000209867954 0.1868000030517578
v 0.6379989981651306 -0.021649999544024467 0.1558699905872345
v 0.6431419849395752 -0.007519000209867954 0.15449199080467224
v 0.6431419849395752 -0.007519000209867954 0.1868000030517578
v 0.6431419849395752 -0.007519000209867954 0.15449199080467224
v 0.6431419849395752 0.007519000209867954 0.1868000030517578
v 0.6431419849395752 0.007519000209867954 0.1868000030517578
v 0.6431419849395752 -0.007519000209867954 0.15449199080467224
v 0.6431419849395752 0.007519000209867954 0.15449199080467224
v 0.6431419849395752 0.007519000209867954 0.1868000030517578
v 0.6431419849395752 0.007519000209867954 0.15449199080467224
v 0.6379989981651306 0.021649999544024467 0.1558699905872345
v 0.6431419849395752 0.007519000209867954 0.1868000030517578
v 0.6379989981651306 0.021649999544024467 0.1558699905872345
v 0.6379989981651306 0.021649999544024467 0.1868000030517578
v 0.6379989981651306 0.021649999544024467 0.1868000030517578
v 0.6379989981651306 0.021649999544024467 0.1558699905872345
v 0.6283329725265503 0.03316999971866608 0.15845999121665955
v 0.6379989981651306 0.021649999544024467 0.1868000030517578
v 0.6283329725265503 0.03316999971866608 0.15845999121665955
v 0.6283329725265503 0.03316999971866608 0.1868000030517578
v 0.6283329725265503 0.03316999971866608 0.1868000030517578
v 0.6283329725265503 0.03316999971866608 0.15845999121665955
v 0.6153090000152588 0.040688998997211456 0.1619499921798706
v 0.6283329725265503 0.03316999971866608 0.1868000030517578
v 0.6153090000152588 0.040688998997211456 0.1619499921798706
v 0.6153090000152588 0.040688998997211456 0.1868000030517578
v 0.6153090000152588 0.040688998997211456 0.1868000030517578
v 0.6153090000152588 0.040688998997211456 0.1619499921798706
v 0.6004999876022339 0.043299999088048935 0.1659179925918579
v 0.6153090000152588 0.040688998997211456 0.1868000030517578
v 0.6004999876022339 0.043299999088048935 0.1659179925918579
v 0.6004999876022339 0.043299999088048935 0.1868000030517578
v 0.6004999876022339 0.039845000952482224 0.191554993391037
v 0.6004999876022339 0.03830000013113022 0.19179999828338623
v 0.6138960123062134 0.03680599853396416 0.1917240023612976
v 0.6138960123062134 0.03680599853396416 0.1917240023612976
v 0.6004999876022339 0.03830000013113022 0.19179999828338623
v 0.6135990023612976 0.035989999771118164 0.19179999828338623
v 0.6138960123062134 0.03680599853396416 0.1917240023612976
v 0.6135990023612976 0.035989999771118164 0.19179999828338623
v 0.6256769895553589 0.03000500053167343 0.1917240023612976
v 0.6256769895553589 0.03000500053167343 0.1917240023612976
v 0.6135990023612976 0.035989999771118164 0.19179999828338623
v 0.6251189708709717 0.029339000582695007 0.19179999828338623
v 0.6256769895553589 0.03000500053167343 0.1917240023612976
v 0.6251189708709717 0.029339000582695007 0.19179999828338623
v 0.6344209909439087 0.01958400011062622 0.1917240023612976
v 0.6344209909439087 0.01958400011062622 0.1917240023612976
v 0.6251189708709717 0.029339000582695007 0.19179999828338623
v 0.6336690187454224 0.01915000006556511 0.19179999828338623
v 0.6344209909439087 0.01958400011062622 0.1917240023612976
v 0.6336690187454224 0.01915000006556511 0.19179999828338623
v 0.6390730142593384 0.006800999864935875 0.1917240023612976
v 0.6390730142593384 0.006800999864935875 0.1917240023612976
v 0.6336690187454224 0.01915000006556511 0.19179999828338623
v 0.6382179856300354 0.006651000119745731 0.19179999828338623
v 0.6390730142593384 0.006800999864935875 0.1917240023612976
v 0.6382179856300354 0.006651000119745731 0.19179999828338623
v 0.6390730142593384 -0.006800999864935875 0.1917240023612976
v 0.6390730142593384 -0.006800999864935875 0.1917240023612976
v 0.6382179856300354 0.006651000119745731 0.19179999828338623
v 0.6382179856300354 -0.006651000119745731 0.19179999828338623
v 0.6390730142593384 -0.006800999864935875 0.1917240023612976
v 0.6382179856300354 -0.006651000119745731 0.19179999828338623
v 0.6344209909439087 -0.01958400011062622 0.1917240023612976
v 0.6344209909439087 -0.01958400011062622 0.1917240023612976
v 0.6382179856300354 -0.006651000119745731 0.19179999828338623
v 0.6336690187454224 -0.01915000006556511 0.19179999828338623
v 0.6344209909439087 -0.01958400011062622 0.1917240023612976
v 0.6336690187454224 -0.01915000006556511 0.19179999828338623
v 0.6256769895553589 -0.03000500053167343 0.1917240023612976
v 0.6256769895553589 -0.03000500053167343 0.1917240023612976
v 0.6336690187454224 -0.01915000006556511 0.19179999828338623
v 0.6251189708709717 -0.029339000582695007 0.19179999828338623
v 0.6256769895553589 -0.03000500053167343 0.1917240023612976
v 0.6251189708709717 -0.029339000582695007 0.19179999828338623
v 0.6138960123062134 -0.03680599853396416 0.1917240023612976
v 0.6138960123062134 -0.03680599853396416 0.1917240023612976
v 0.6251189708709717 -0.029339000582695007 0.19179999828338623
v 0.6135990023612976 -0.035989999771118164 0.19179999828338623
v 0.6138960123062134 -0.03680599853396416 0.1917240023612976
v 0.6135990023612976 -0.035989999771118164 0.19179999828338623
v 0.6004999876022339 -0.03830000013113022 0.19179999828338623
v 0.6004999876022339 -0.03830000013113022 0.19179999828338623
v 0.6004999876022339 -0.039845000952482224 0.191554993391037
v 0.6138960123062134 -0.03680599853396416 0.1917240023612976
v 0.6138960123062134 -0.03680599853396416 0.1917240023612976
v 0.6004999876022339 -0.039845000952482224 0.191554993391037
v 0.6144539713859558 -0.038339000195264816 0.19112999737262726
v 0.6138960123062134 -0.03680599853396416 0.1917240023612976
v 0.6144539713859558 -0.038339000195264816 0.19112999737262726
v 0.6256769895553589 -0.03000500053167343 0.1917240023612976
v 0.6256769895553589 -0.03000500053167343 0.1917240023612976
v 0.6144539713859558 -0.038339000195264816 0.19112999737262726
v 0.626725971698761 -0.031254999339580536 0.19112999737262726
v 0.6256769895553589 -0.03000500053167343 0.1917240023612976
v 0.626725971698761 -0.031254999339580536 0.19112999737262726
v 0.6344209909439087 -0.01958400011062622 0.1917240023612976
v 0.6344209909439087 -0.01958400011062622 0.1917240023612976
v 0.626725971698761 -0.031254999339580536 0.19112999737262726
v 0.6358339786529541 -0.020400000736117363 0.19112999737262726
v 0.6344209909439087 -0.01958400011062622 0.1917240023612976
v 0.6358339786529541 -0.020400000736117363 0.19112999737262726
v 0.6390730142593384 -0.006800999864935875 0.1917240023612976
v 0.6390730142593384 -0.006800999864935875 0.1917240023612976
v 0.6358339786529541 -0.020400000736117363 0.19112999737262726
v 0.6406800150871277 -0.007085000164806843 0.19112999737262726
v 0.6390730142593384 -0.006800999864935875 0.1917240023612976
v 0.6406800150871277 -0.007085000164806843 0.19112999737262726
v 0.6390730142593384 0.006800999864935875 0.1917240023612976
v 0.6390730142593384 0.006800999864935875 0.1917240023612976
v 0.6406800150871277 -0.007085000164806843 0.19112999737262726
v 0.6406800150871277 0.007085000164806843 0.19112999737262726
v 0.6390730142593384 0.006800999864935875 0.1917240023612976
v 0.6406800150871277 0.007085000164806843 0.19112999737262726
v 0.6344209909439087 0.01958400011062622 0.1917240023612976
v 0.6344209909439087 0.01958400011062622 0.1917240023612976
v 0.6406800150871277 0.007085000164806843 0.19112999737262726
v 0.6358339786529541 0.020400000736117363 0.19112999737262726
v 0.6344209909439087 0.01958400011062622 0.1917240023612976
v 0.6358339786529541 0.020400000736117363 0.19112999737262726
v 0.6256769895553589 0.03000500053167343 0.1917240023612976
v 0.6256769895553589 0.03000500053167343 0.1917240023612976
v 0.6358339786529541 0.020400000736117363 0.19112999737262726
v 0.626725971698761 0.031254999339580536 0.19112999737262726
v 0.6256769895553589 0.03000500053167343 0.1917240023612976
v 0.626725971698761 0.031254999339580536 0.19112999737262726
v 0.6138960123062134 0.03680599853396416 0.1917240023612976
v 0.6138960123062134 0.03680599853396416 0.1917240023612976
v 0.626725971698761 0.031254999339580536 0.19112999737262726
v 0.6144539713859558 0.038339000195264816 0.19112999737262726
v 0.6138960123062134 0.03680599853396416 0.1917240023612976
v 0.6144539713859558 0.038339000195264816 0.19112999737262726
v 0.6004999876022339 0.039845000952482224 0.191554993391037
v 0.6004999876022339 0.039845000952482224 0.191554993391037
v 0.6144539713859558 0.038339000195264816 0.19112999737262726
v 0.6004999876022339 0.04123900085687637 0.19084499776363373
v 0.6004999876022339 0.04123900085687637 0.19084499776363373
v 0.6144539713859558 0.038339000195264816 0.19112999737262726
v 0.6149089932441711 0.03958899900317192 0.19001400470733643
v 0.6004999876022339 0.04123900085687637 0.19084499776363373
v 0.6149089932441711 0.03958899900317192 0.19001400470733643
v 0.6004999876022339 0.04234499856829643 0.18973900377750397
v 0.6004999876022339 0.04234499856829643 0.18973900377750397
v 0.6149089932441711 0.03958899900317192 0.19001400470733643
v 0.6152060031890869 0.04040500149130821 0.188510000705719
v 0.6004999876022339 0.04234499856829643 0.18973900377750397
v 0.6152060031890869 0.04040500149130821 0.188510000705719
v 0.6004999876022339 0.04305500164628029 0.18834500014781952
v 0.6004999876022339 0.04305500164628029 0.18834500014781952
v 0.6152060031890869 0.04040500149130821 0.188510000705719
v 0.6153090000152588 0.040688998997211456 0.1868000030517578
v 0.6004999876022339 0.04305500164628029 0.18834500014781952
v 0.6153090000152588 0.040688998997211456 0.1868000030517578
v 0.6004999876022339 0.043299999088048935 0.1868000030517578
v 0.6004999876022339 -0.039845000952482224 0.191554993391037
v 0.6004999876022339 -0.04123900085687637 0.19084499776363373
v 0.6144539713859558 -0.038339000195264816 0.19112999737262726
v 0.6144539713859558 -0.038339000195264816 0.19112999737262726
v 0.6004999876022339 -0.04123900085687637 0.19084499776363373
v 0.6149089932441711 -0.03958899900317192 0.19001400470733643
v 0.6144539713859558 -0.038339000195264816 0.19112999737262726
v 0.6149089932441711 -0.03958899900317192 0.19001400470733643
v 0.626725971698761 -0.031254999339580536 0.19112999737262726
v 0.626725971698761 -0.031254999339580536 0.19112999737262726
v 0.6149089932441711 -0.03958899900317192 0.19001400470733643
v 0.627581000328064 -0.032274000346660614 0.19001400470733643
v 0.626725971698761 -0.031254999339580536 0.19112999737262726
v 0.627581000328064 -0.032274000346660614 0.19001400470733643
v 0.6358339786529541 -0.020400000736117363 0.19112999737262726
v 0.6358339786529541 -0.020400000736117363 0.19112999737262726
v 0.627581000328064 -0.032274000346660614 0.19001400470733643
v 0.6369860172271729 -0.02106500044465065 0.19001400470733643
v 0.6358339786529541 -0.020400000736117363 0.19112999737262726
v 0.6369860172271729 -0.02106500044465065 0.19001400470733643
v 0.6406800150871277 -0.007085000164806843 0.19112999737262726
v 0.6406800150871277 -0.007085000164806843 0.19112999737262726
v 0.6369860172271729 -0.02106500044465065 0.19001400470733643
v 0.6419900059700012 -0.007315999828279018 0.19001400470733643
v 0.6406800150871277 -0.007085000164806843 0.19112999737262726
v 0.6419900059700012 -0.007315999828279018 0.19001400470733643
v 0.6406800150871277 0.007085000164806843 0.19112999737262726
v 0.6406800150871277 0.007085000164806843 0.19112999737262726
v 0.6419900059700012 -0.007315999828279018 0.19001400470733643
v 0.6419900059700012 0.007315999828279018 0.19001400470733643
v 0.6406800150871277 0.007085000164806843 0.19112999737262726
v 0.6419900059700012 0.007315999828279018 0.19001400470733643
v 0.6358339786529541 0.020400000736117363 0.19112999737262726
v 0.6358339786529541 0.020400000736117363 0.19112999737262726
v 0.6419900059700012 0.007315999828279018 0.19001400470733643
v 0.6369860172271729 0.02106500044465065 0.19001400470733643
v 0.6358339786529541 0.020400000736117363 0.19112999737262726
v 0.6369860172271729 0.02106500044465065 0.19001400470733643
v 0.626725971698761 0.031254999339580536 0.19112999737262726
v 0.626725971698761 0.031254999339580536 0.19112999737262726
v 0.6369860172271729 0.02106500044465065 0.19001400470733643
v 0.627581000328064 0.032274000346660614 0.19001400470733643
v 0.626725971698761 0.031254999339580536 0.19112999737262726
v 0.627581000328064 0.032274000346660614 0.19001400470733643
v 0.6144539713859558 0.038339000195264816 0.19112999737262726
v 0.6144539713859558 0.038339000195264816 0.19112999737262726
v 0.627581000328064 0.032274000346660614 0.19001400470733643
v 0.6149089932441711 0.03958899900317192 0.19001400470733643
v 0.6004999876022339 -0.04123900085687637 0.19084499776363373
v 0.6004999876022339 -0.04234499856829643 0.18973900377750397
v 0.6149089932441711 -0.03958899900317192 0.19001400470733643
v 0.6149089932441711 -0.03958899900317192 0.19001400470733643
v 0.6004999876022339 -0.04234499856829643 0.18973900377750397
v 0.6152060031890869 -0.04040500149130821 0.188510000705719
v 0.6149089932441711 -0.03958899900317192 0.19001400470733643
v 0.6152060031890869 -0.04040500149130821 0.188510000705719
v 0.627581000328064 -0.032274000346660614 0.19001400470733643
v 0.627581000328064 -0.032274000346660614 0.19001400470733643
v 0.6152060031890869 -0.04040500149130821 0.188510000705719
v 0.6281390190124512 -0.03293899819254875 0.188510000705719
v 0.627581000328064 -0.032274000346660614 0.19001400470733643
v 0.6281390190124512 -0.03293899819254875 0.188510000705719
v 0.6369860172271729 -0.02106500044465065 0.19001400470733643
v 0.6369860172271729 -0.02106500044465065 0.19001400470733643
v 0.6281390190124512 -0.03293899819254875 0.188510000705719
v 0.6377379894256592 -0.02149900048971176 0.188510000705719
v 0.6369860172271729 -0.02106500044465065 0.19001400470733643
v 0.6377379894256592 -0.02149900048971176 0.188510000705719
v 0.6419900059700012 -0.007315999828279018 0.19001400470733643
v 0.6419900059700012 -0.007315999828279018 0.19001400470733643
v 0.6377379894256592 -0.02149900048971176 0.188510000705719
v 0.6428449749946594 -0.007466999813914299 0.188510000705719
v 0.6419900059700012 -0.007315999828279018 0.19001400470733643
v 0.6428449749946594 -0.007466999813914299 0.188510000705719
v 0.6419900059700012 0.007315999828279018 0.19001400470733643
v 0.6419900059700012 0.007315999828279018 0.19001400470733643
v 0.6428449749946594 -0.007466999813914299 0.188510000705719
v 0.6428449749946594 0.007466999813914299 0.188510000705719
v 0.6419900059700012 0.007315999828279018 0.19001400470733643
v 0.6428449749946594 0.007466999813914299 0.188510000705719
v 0.6369860172271729 0.02106500044465065 0.19001400470733643
v 0.6369860172271729 0.02106500044465065 0.19001400470733643
v 0.6428449749946594 0.007466999813914299 0.188510000705719
v 0.6377379894256592 0.02149900048971176 0.188510000705719
v 0.6369860172271729 0.02106500044465065 0.19001400470733643
v 0.6377379894256592 0.02149900048971176 0.188510000705719
v 0.627581000328064 0.032274000346660614 0.19001400470733643
v 0.627581000328064 0.032274000346660614 0.19001400470733643
v 0.6377379894256592 0.02149900048971176 0.188510000705719
v 0.6281390190124512 0.03293899819254875 0.188510000705719
v 0.627581000328064 0.032274000346660614 0.19001400470733643
v 0.6281390190124512 0.03293899819254875 0.188510000705719
v 0.6149089932441711 0.03958899900317192 0.19001400470733643
v 0.6149089932441711 0.03958899900317192 0.19001400470733643
v 0.6281390190124512 0.03293899819254875 0.188510000705719
v 0.6152060031890869 0.04040500149130821 0.188510000705719
v 0.6004999876022339 -0.04234499856829643 0.18973900377750397
v 0.6004999876022339 -0.04305500164628029 0.18834500014781952
v 0.6152060031890869 -0.04040500149130821 0.188510000705719
v 0.6152060031890869 -0.04040500149130821 0.188510000705719
v 0.6004999876022339 -0.04305500164628029 0.18834500014781952
v 0.6153090000152588 -0.040688998997211456 0.1868000030517578
v 0.6152060031890869 -0.04040500149130821 0.188510000705719
v 0.6153090000152588 -0.040688998997211456 0.1868000030517578
v 0.6281390190124512 -0.03293899819254875 0.188510000705719
v 0.6281390190124512 -0.03293899819254875 0.188510000705719
v 0.6153090000152588 -0.040688998997211456 0.1868000030517578
v 0.6283329725265503 -0.03316999971866608 0.1868000030517578
v 0.6281390190124512 -0.03293899819254875 0.188510000705719
v 0.6283329725265503 -0.03316999971866608 0.1868000030517578
v 0.6377379894256592 -0.02149900048971176 0.188510000705719
v 0.6377379894256592 -0.02149900048971176 0.188510000705719
v 0.6283329725265503 -0.03316999971866608 0.1868000030517578
v 0.6379989981651306 -0.021649999544024467 0.1868000030517578
v 0.6377379894256592 -0.02149900048971176 0.188510000705719
v 0.6379989981651306 -0.021649999544024467 0.1868000030517578
v 0.6428449749946594 -0.007466999813914299 0.188510000705719
v 0.6428449749946594 -0.007466999813914299 0.188510000705719
v 0.6379989981651306 -0.021649999544024467 0.1868000030517578
v 0.6431419849395752 -0.007519000209867954 0.1868000030517578
v 0.6428449749946594 -0.007466999813914299 0.188510000705719
v 0.6431419849395752 -0.007519000209867954 0.1868000030517578
v 0.6428449749946594 0.007466999813914299 0.188510000705719
v 0.6428449749946594 0.007466999813914299 0.188510000705719
v 0.6431419849395752 -0.007519000209867954 0.1868000030517578
v 0.6431419849395752 0.007519000209867954 0.1868000030517578
v 0.6428449749946594 0.007466999813914299 0.188510000705719
v 0.6431419849395752 0.007519000209867954 0.1868000030517578
v 0.6377379894256592 0.02149900048971176 0.188510000705719
v 0.6377379894256592 0.02149900048971176 0.188510000705719
v 0.6431419849395752 0.007519000209867954 0.1868000030517578
v 0.6379989981651306 0.021649999544024467 0.1868000030517578
v 0.6377379894256592 0.02149900048971176 0.188510000705719
v 0.6379989981651306 0.021649999544024467 0.1868000030517578
v 0.6281390190124512 0.03293899819254875 0.188510000705719
v 0.6281390190124512 0.03293899819254875 0.188510000705719
v 0.6379989981651306 0.021649999544024467 0.1868000030517578
v 0.6283329725265503 0.03316999971866608 0.1868000030517578
v 0.6281390190124512 0.03293899819254875 0.188510000705719
v 0.6283329725265503 0.03316999971866608 0.1868000030517578
v 0.6152060031890869 0.04040500149130821 0.188510000705719
v 0.6152060031890869 0.04040500149130821 0.188510000705719
v 0.6283329725265503 0.03316999971866608 0.1868000030517578
v 0.6153090000152588 0.040688998997211456 0.1868000030517578
v 0.6004999876022339 -0.04305500164628029 0.18834500014781952
v 0.6004999876022339 -0.043299999088048935 0.1868000030517578
v 0.6153090000152588 -0.040688998997211456 0.1868000030517578
v 0.6004999876022339 0.04149999842047691 0.05730000138282776
v 0.6004999876022339 0.04149999842047691 0.06350000202655792
v 0.6146939992904663 0.038996998220682144 0.05730000138282776
v 0.6146939992904663 0.038996998220682144 0.05730000138282776
v 0.6004999876022339 0.04149999842047691 0.06350000202655792
v 0.6146939992904663 0.038996998220682144 0.06350000202655792
v 0.6146939992904663 0.038996998220682144 0.05730000138282776
v 0.6146939992904663 0.038996998220682144 0.06350000202655792
v 0.6271759867668152 0.03179100155830383 0.05730000138282776
v 0.6271759867668152 0.03179100155830383 0.05730000138282776
v 0.6146939992904663 0.038996998220682144 0.06350000202655792
v 0.6271759867668152 0.03179100155830383 0.06350000202655792
v 0.6271759867668152 0.03179100155830383 0.05730000138282776
v 0.6271759867668152 0.03179100155830383 0.06350000202655792
v 0.6364399790763855 0.020749999210238457 0.05730000138282776
v 0.6364399790763855 0.020749999210238457 0.05730000138282776
v 0.6271759867668152 0.03179100155830383 0.06350000202655792
v 0.6364399790763855 0.020749999210238457 0.06350000202655792
v 0.6364399790763855 0.020749999210238457 0.05730000138282776
v 0.6364399790763855 0.020749999210238457 0.06350000202655792
v 0.6413689851760864 0.007205999922007322 0.05730000138282776
v 0.6413689851760864 0.007205999922007322 0.05730000138282776
v 0.6364399790763855 0.020749999210238457 0.06350000202655792
v 0.6413689851760864 0.007205999922007322 0.06350000202655792
v 0.6413689851760864 0.007205999922007322 0.05730000138282776
v 0.6413689851760864 0.007205999922007322 0.06350000202655792
v 0.6413689851760864 -0.007205999922007322 0.05730000138282776
v 0.6413689851760864 -0.007205999922007322 0.05730000138282776
v 0.6413689851760864 0.007205999922007322 0.06350000202655792
v 0.6413689851760864 -0.007205999922007322 0.06350000202655792
v 0.6413689851760864 -0.007205999922007322 0.05730000138282776
v 0.6413689851760864 -0.007205999922007322 0.06350000202655792
v 0.6364399790763855 -0.020749999210238457 0.05730000138282776
v 0.6364399790763855 -0.020749999210238457 0.05730000138282776
v 0.6413689851760864 -0.007205999922007322 0.06350000202655792
v 0.6364399790763855 -0.020749999210238457 0.06350000202655792
v 0.6364399790763855 -0.020749999210238457 0.05730000138282776
v 0.6364399790763855 -0.020749999210238457 0.06350000202655792
v 0.6271759867668152 -0.03179100155830383 0.05730000138282776
v 0.6271759867668152 -0.03179100155830383 0.05730000138282776
v 0.6364399790763855 -0.020749999210238457 0.06350000202655792
v 0.6271759867668152 -0.03179100155830383 0.06350000202655792
v 0.6271759867668152 -0.03179100155830383 0.05730000138282776
v 0.6271759867668152 -0.03179100155830383 0.06350000202655792
v 0.6146939992904663 -0.038996998220682144 0.05730000138282776
v 0.6146939992904663 -0.038996998220682144 0.05730000138282776
v 0.6271759867668152 -0.03179100155830383 0.06350000202655792
v 0.6146939992904663 -0.038996998220682144 0.06350000202655792
v 0.6146939992904663 -0.038996998220682144 0.05730000138282776
v 0.6146939992904663 -0.038996998220682144 0.06350000202655792
v 0.6004999876022339 -0.04149999842047691 0.05730000138282776
v 0.6004999876022339 -0.04149999842047691 0.05730000138282776
v 0.6146939992904663 -0.038996998220682144 0.06350000202655792
v 0.6004999876022339 -0.04149999842047691 0.06350000202655792
v 0.07450000196695328 0.043299999088048935 0.12780000269412994
v 0.0794999971985817 0.043299999088048935 0.12780000269412994
v 0.07450000196695328 0.04246800020337105 0.11935299634933472
v 0.07450000196695328 0.04246800020337105 0.11935299634933472
v 0.0794999971985817 0.043299999088048935 0.12780000269412994
v 0.0794999971985817 0.040688998997211456 0.11299099773168564
v 0.07450000196695328 0.04246800020337105 0.11935299634933472
v 0.0794999971985817 0.040688998997211456 0.11299099773168564
v 0.07450000196695328 0.040004000067710876 0.11123000085353851
v 0.07450000196695328 0.040004000067710876 0.11123000085353851
v 0.0794999971985817 0.040688998997211456 0.11299099773168564
v 0.07450000196695328 0.036003001034259796 0.10374400019645691
v 0.07450000196695328 0.036003001034259796 0.10374400019645691
v 0.0794999971985817 0.040688998997211456 0.11299099773168564
v 0.0794999971985817 0.03316999971866608 0.09996700286865234
v 0.07450000196695328 0.036003001034259796 0.10374400019645691
v 0.0794999971985817 0.03316999971866608 0.09996700286865234
v 0.07450000196695328 0.030618000775575638 0.09718199819326401
v 0.07450000196695328 0.030618000775575638 0.09718199819326401
v 0.0794999971985817 0.03316999971866608 0.09996700286865234
v 0.0794999971985817 0.021649999544024467 0.09030099958181381
v 0.07450000196695328 0.030618000775575638 0.09718199819326401
v 0.0794999971985817 0.021649999544024467 0.09030099958181381
v 0.07450000196695328 0.024056000635027885 0.09179700165987015
v 0.07450000196695328 0.024056000635027885 0.09179700165987015
v 0.0794999971985817 0.021649999544024467 0.09030099958181381
v 0.07450000196695328 0.01656999997794628 0.08779600262641907
v 0.07450000196695328 0.01656999997794628 0.08779600262641907
v 0.0794999971985817 0.021649999544024467 0.09030099958181381
v 0.0794999971985817 0.007519000209867954 0.08515799790620804
v 0.07450000196695328 0.01656999997794628 0.08779600262641907
v 0.0794999971985817 0.007519000209867954 0.08515799790620804
v 0.07450000196695328 0.008446999825537205 0.0853319987654686
v 0.07450000196695328 0.008446999825537205 0.0853319987654686
v 0.0794999971985817 0.007519000209867954 0.08515799790620804
v 0.07450000196695328 0 0.08449999988079071
v 0.07450000196695328 0 0.08449999988079071
v 0.0794999971985817 0.007519000209867954 0.08515799790620804
v 0.0794999971985817 -0.007519000209867954 0.08515799790620804
v 0.07450000196695328 0 0.08449999988079071
v 0.0794999971985817 -0.007519000209867954 0.08515799790620804
v 0.07450000196695328 -0.008446999825537205 0.0853319987654686
v 0.07450000196695328 -0.008446999825537205 0.0853319987654686
v 0.0794999971985817 -0.007519000209867954 0.08515799790620804
v 0.07450000196695328 -0.01656999997794628 0.08779600262641907
v 0.07450000196695328 -0.01656999997794628 0.08779600262641907
v 0.0794999971985817 -0.007519000209867954 0.08515799790620804
v 0.0794999971985817 -0.021649999544024467 0.09030099958181381
v 0.07450000196695328 -0.01656999997794628 0.08779600262641907
v 0.0794999971985817 -0.021649999544024467 0.09030099958181381
v 0.07450000196695328 -0.024056000635027885 0.09179700165987015
v 0.07450000196695328 -0.024056000635027885 0.09179700165987015
v 0.0794999971985817 -0.021649999544024467 0.09030099958181381
v 0.07450000196695328 -0.030618000775575638 0.09718199819326401
v 0.07450000196695328 -0.030618000775575638 0.09718199819326401
v 0.0794999971985817 -0.021649999544024467 0.09030099958181381
v 0.0794999971985817 -0.03316999971866608 0.09996700286865234
v 0.07450000196695328 -0.030618000775575638 0.09718199819326401
v 0.0794999971985817 -0.03316999971866608 0.09996700286865234
v 0.07450000196695328 -0.036003001034259796 0.10374400019645691
v 0.07450000196695328 -0.036003001034259796 0.10374400019645691
v 0.0794999971985817 -0.03316999971866608 0.09996700286865234
v 0.0794999971985817 -0.040688998997211456 0.11299099773168564
v 0.07450000196695328 -0.036003001034259796 0.10374400019645691
v 0.0794999971985817 -0.040688998997211456 0.11299099773168564
v 0.07450000196695328 -0.040004000067710876 0.11123000085353851
v 0.07450000196695328 -0.040004000067710876 0.11123000085353851
v 0.0794999971985817 -0.040688998997211456 0.11299099773168564
v 0.07450000196695328 -0.04246800020337105 0.11935299634933472
v 0.07450000196695328 -0.04246800020337105 0.11935299634933472
v 0.0794999971985817 -0.040688998997211456 0.11299099773168564
v 0.0794999971985817 -0.043299999088048935 0.12780000269412994
v 0.07450000196695328 -0.04246800020337105 0.11935299634933472
v 0.0794999971985817 -0.043299999088048935 0.12780000269412994
v 0.07450000196695328 -0.043299999088048935 0.12780000269412994
v 0.07450000196695328 -0.043299999088048935 0.12780000269412994
v 0.0794999971985817 -0.043299999088048935 0.12780000269412994
v 0.07450000196695328 -0.04246800020337105 0.13624699413776398
v 0.07450000196695328 -0.04246800020337105 0.13624699413776398
v 0.0794999971985817 -0.043299999088048935 0.12780000269412994
v 0.0794999971985817 -0.040688998997211456 0.14260900020599365
v 0.07450000196695328 -0.04246800020337105 0.13624699413776398
v 0.0794999971985817 -0.040688998997211456 0.14260900020599365
v 0.07450000196695328 -0.040004000067710876 0.14437000453472137
v 0.07450000196695328 -0.040004000067710876 0.14437000453472137
v 0.0794999971985817 -0.040688998997211456 0.14260900020599365
v 0.07450000196695328 -0.036003001034259796 0.15185600519180298
v 0.07450000196695328 -0.036003001034259796 0.15185600519180298
v 0.0794999971985817 -0.040688998997211456 0.14260900020599365
v 0.0794999971985817 -0.03316999971866608 0.15563300251960754
v 0.07450000196695328 -0.036003001034259796 0.15185600519180298
v 0.0794999971985817 -0.03316999971866608 0.15563300251960754
v 0.07450000196695328 -0.030618000775575638 0.15841799974441528
v 0.07450000196695328 -0.030618000775575638 0.15841799974441528
v 0.0794999971985817 -0.03316999971866608 0.15563300251960754
v 0.0794999971985817 -0.021649999544024467 0.16529899835586548
v 0.07450000196695328 -0.030618000775575638 0.15841799974441528
v 0.0794999971985817 -0.021649999544024467 0.16529899835586548
v 0.07450000196695328 -0.024056000635027885 0.16380299627780914
v 0.07450000196695328 -0.024056000635027885 0.16380299627780914
v 0.0794999971985817 -0.021649999544024467 0.16529899835586548
v 0.07450000196695328 -0.01656999997794628 0.16780400276184082
v 0.07450000196695328 -0.01656999997794628 0.16780400276184082
v 0.0794999971985817 -0.021649999544024467 0.16529899835586548
v 0.0794999971985817 -0.007519000209867954 0.17044200003147125
v 0.07450000196695328 -0.01656999997794628 0.16780400276184082
v 0.0794999971985817 -0.007519000209867954 0.17044200003147125
v 0.07450000196695328 -0.008446999825537205 0.1702679991722107
v 0.07450000196695328 -0.008446999825537205 0.1702679991722107
v 0.0794999971985817 -0.007519000209867954 0.17044200003147125
v 0.07450000196695328 0 0.17109999060630798
v 0.07450000196695328 0 0.17109999060630798
v 0.0794999971985817 -0.007519000209867954 0.17044200003147125
v 0.0794999971985817 0.007519000209867954 0.17044200003147125
v 0.07450000196695328 0 0.17109999060630798
v 0.0794999971985817 0.007519000209867954 0.17044200003147125
v 0.07450000196695328 0.008446999825537205 0.1702679991722107
v 0.07450000196695328 0.008446999825537205 0.1702679991722107
v 0.0794999971985817 0.007519000209867954 0.17044200003147125
v 0.07450000196695328 0.01656999997794628 0.16780400276184082
v 0.07450000196695328 0.01656999997794628 0.16780400276184082
v 0.0794999971985817 0.007519000209867954 0.17044200003147125
v 0.0794999971985817 0.021649999544024467 0.16529899835586548
v 0.07450000196695328 0.01656999997794628 0.16780400276184082
v 0.0794999971985817 0.021649999544024467 0.16529899835586548
v 0.07450000196695328 0.024056000635027885 0.16380299627780914
v 0.07450000196695328 0.024056000635027885 0.16380299627780914
v 0.0794999971985817 0.021649999544024467 0.16529899835586548
v 0.07450000196695328 0.030618000775575638 0.15841799974441528
v 0.07450000196695328 0.030618000775575638 0.15841799974441528
v 0.0794999971985817 0.021649999544024467 0.16529899835586548
v 0.0794999971985817 0.03316999971866608 0.15563300251960754
v 0.07450000196695328 0.030618000775575638 0.15841799974441528
v 0.0794999971985817 0.03316999971866608 0.15563300251960754
v 0.07450000196695328 0.036003001034259796 0.15185600519180298
v 0.07450000196695328 0.036003001034259796 0.15185600519180298
v 0.0794999971985817 0.03316999971866608 0.15563300251960754
v 0.0794999971985817 0.040688998997211456 0.14260900020599365
v 0.07450000196695328 0.036003001034259796 0.15185600519180298
v 0.0794999971985817 0.040688998997211456 0.14260900020599365
v 0.07450000196695328 0.040004000067710876 0.14437000453472137
v 0.07450000196695328 0.040004000067710876 0.14437000453472137
v 0.0794999971985817 0.040688998997211456 0.14260900020599365
v 0.07450000196695328 0.04246800020337105 0.13624699413776398
v 0.07450000196695328 0.04246800020337105 0.13624699413776398
v 0.0794999971985817 0.040688998997211456 0.14260900020599365
v 0.0794999971985817 0.043299999088048935 0.12780000269412994
v 0.07450000196695328 0.04246800020337105 0.13624699413776398
v 0.0794999971985817 0.043299999088048935 0.12780000269412994
v 0.07450000196695328 0.043299999088048935 0.12780000269412994
v 0.6146939992904663 0.038996998220682144 0.05730000138282776
v 0.6146939992904663 -0.038996998220682144 0.05730000138282776
v 0.6004999876022339 0.04149999842047691 0.05730000138282776
v 0.6004999876022339 0.04149999842047691 0.05730000138282776
v 0.6146939992904663 -0.038996998220682144 0.05730000138282776
v 0.6004999876022339 -0.04149999842047691 0.05730000138282776
v 0.6004999876022339 0.04149999842047691 0.05730000138282776
v 0.6004999876022339 -0.04149999842047691 0.05730000138282776
v 0.5863059759140015 0.038996998220682144 0.05730000138282776
v 0.5863059759140015 0.038996998220682144 0.05730000138282776
v 0.6004999876022339 -0.04149999842047691 0.05730000138282776
v 0.5863059759140015 -0.038996998220682144 0.05730000138282776
v 0.5863059759140015 0.038996998220682144 0.05730000138282776
v 0.5863059759140015 -0.038996998220682144 0.05730000138282776
v 0.5738239884376526 0.03179100155830383 0.05730000138282776
v 0.5738239884376526 0.03179100155830383 0.05730000138282776
v 0.5863059759140015 -0.038996998220682144 0.05730000138282776
v 0.5738239884376526 -0.03179100155830383 0.05730000138282776
v 0.5738239884376526 0.03179100155830383 0.05730000138282776
v 0.5738239884376526 -0.03179100155830383 0.05730000138282776
v 0.5645599961280823 0.020749999210238457 0.05730000138282776
v 0.5645599961280823 0.020749999210238457 0.05730000138282776
v 0.5738239884376526 -0.03179100155830383 0.05730000138282776
v 0.5645599961280823 -0.020749999210238457 0.05730000138282776
v 0.5645599961280823 0.020749999210238457 0.05730000138282776
v 0.5645599961280823 -0.020749999210238457 0.05730000138282776
v 0.5596299767494202 0.007205999922007322 0.05730000138282776
v 0.5596299767494202 0.007205999922007322 0.05730000138282776
v 0.5645599961280823 -0.020749999210238457 0.05730000138282776
v 0.5596299767494202 -0.007205999922007322 0.05730000138282776
v 0.6146939992904663 -0.038996998220682144 0.05730000138282776
v 0.6146939992904663 0.038996998220682144 0.05730000138282776
v 0.6271759867668152 -0.03179100155830383 0.05730000138282776
v 0.6271759867668152 -0.03179100155830383 0.05730000138282776
v 0.6146939992904663 0.038996998220682144 0.05730000138282776
v 0.6271759867668152 0.03179100155830383 0.05730000138282776
v 0.6271759867668152 -0.03179100155830383 0.05730000138282776
v 0.6271759867668152 0.03179100155830383 0.05730000138282776
v 0.6364399790763855 -0.020749999210238457 0.05730000138282776
v 0.6364399790763855 -0.020749999210238457 0.05730000138282776
v 0.6271759867668152 0.03179100155830383 0.05730000138282776
v 0.6364399790763855 0.020749999210238457 0.05730000138282776
v 0.6364399790763855 -0.020749999210238457 0.05730000138282776
v 0.6364399790763855 0.020749999210238457 0.05730000138282776
v 0.6413689851760864 -0.007205999922007322 0.05730000138282776
v 0.6413689851760864 -0.007205999922007322 0.05730000138282776
v 0.6364399790763855 0.020749999210238457 0.05730000138282776
v 0.6413689851760864 0.007205999922007322 0.05730000138282776
v 0.5874009728431702 0.035989999771118164 0.19179999828338623
v 0.5874009728431702 -0.035989999771118164 0.19179999828338623
v 0.6004999876022339 0.03830000013113022 0.19179999828338623
v 0.6004999876022339 0.03830000013113022 0.19179999828338623
v 0.5874009728431702 -0.035989999771118164 0.19179999828338623
v 0.6004999876022339 -0.03830000013113022 0.19179999828338623
v 0.6004999876022339 0.03830000013113022 0.19179999828338623
v 0.6004999876022339 -0.03830000013113022 0.19179999828338623
v 0.6135990023612976 0.035989999771118164 0.19179999828338623
v 0.6135990023612976 0.035989999771118164 0.19179999828338623
v 0.6004999876022339 -0.03830000013113022 0.19179999828338623
v 0.6135990023612976 -0.035989999771118164 0.19179999828338623
v 0.6135990023612976 0.035989999771118164 0.19179999828338623
v 0.6135990023612976 -0.035989999771118164 0.19179999828338623
v 0.6251189708709717 0.029339000582695007 0.19179999828338623
v 0.6251189708709717 0.029339000582695007 0.19179999828338623
v 0.6135990023612976 -0.035989999771118164 0.19179999828338623
v 0.6251189708709717 -0.029339000582695007 0.19179999828338623
v 0.6251189708709717 0.029339000582695007 0.19179999828338623
v 0.6251189708709717 -0.029339000582695007 0.19179999828338623
v 0.6336690187454224 0.01915000006556511 0.19179999828338623
v 0.6336690187454224 0.01915000006556511 0.19179999828338623
v 0.6251189708709717 -0.029339000582695007 0.19179999828338623
v 0.6336690187454224 -0.01915000006556511 0.19179999828338623
v 0.6336690187454224 0.01915000006556511 0.19179999828338623
v 0.6336690187454224 -0.01915000006556511 0.19179999828338623
v 0.6382179856300354 0.006651000119745731 0.19179999828338623
v 0.6382179856300354 0.006651000119745731 0.19179999828338623
v 0.6336690187454224 -0.01915000006556511 0.19179999828338623
v 0.6382179856300354 -0.006651000119745731 0.19179999828338623
v 0.5874009728431702 -0.035989999771118164 0.19179999828338623
v 0.5874009728431702 0.035989999771118164 0.19179999828338623
v 0.5758810043334961 -0.029339000582695007 0.19179999828338623
v 0.5758810043334961 -0.029339000582695007 0.19179999828338623
v 0.5874009728431702 0.035989999771118164 0.19179999828338623
v 0.5758810043334961 0.029339000582695007 0.19179999828338623
v 0.5758810043334961 -0.029339000582695007 0.19179999828338623
v 0.5758810043334961 0.029339000582695007 0.19179999828338623
v 0.5673310160636902 -0.01915000006556511 0.19179999828338623
v 0.5673310160636902 -0.01915000006556511 0.19179999828338623
v 0.5758810043334961 0.029339000582695007 0.19179999828338623
v 0.5673310160636902 0.01915000006556511 0.19179999828338623
v 0.5673310160636902 -0.01915000006556511 0.19179999828338623
v 0.5673310160636902 0.01915000006556511 0.19179999828338623
v 0.5627819895744324 -0.006651000119745731 0.19179999828338623
v 0.5627819895744324 -0.006651000119745731 0.19179999828338623
v 0.5673310160636902 0.01915000006556511 0.19179999828338623
v 0.5627819895744324 0.006651000119745731 0.19179999828338623
v 0.6004999876022339 -0.04149999842047691 0.05730000138282776
v 0.6004999876022339 -0.04149999842047691 0.06350000202655792
v 0.5863059759140015 -0.038996998220682144 0.05730000138282776
v 0.5863059759140015 -0.038996998220682144 0.05730000138282776
v 0.6004999876022339 -0.04149999842047691 0.06350000202655792
v 0.5863059759140015 -0.038996998220682144 0.06350000202655792
v 0.5863059759140015 -0.038996998220682144 0.05730000138282776
v 0.5863059759140015 -0.038996998220682144 0.06350000202655792
v 0.5738239884376526 -0.03179100155830383 0.05730000138282776
v 0.5738239884376526 -0.03179100155830383 0.05730000138282776
v 0.5863059759140015 -0.038996998220682144 0.06350000202655792
v 0.5738239884376526 -0.03179100155830383 0.06350000202655792
v 0.5738239884376526 -0.03179100155830383 0.05730000138282776
v 0.5738239884376526 -0.03179100155830383 0.06350000202655792
v 0.5645599961280823 -0.020749999210238457 0.05730000138282776
v 0.5645599961280823 -0.020749999210238457 0.05730000138282776
v 0.5738239884376526 -0.03179100155830383 0.06350000202655792
v 0.5645599961280823 -0.020749999210238457 0.06350000202655792
v 0.5645599961280823 -0.020749999210238457 0.05730000138282776
v 0.5645599961280823 -0.020749999210238457 0.06350000202655792
v 0.5596299767494202 -0.007205999922007322 0.05730000138282776
v 0.5596299767494202 -0.007205999922007322 0.05730000138282776
v 0.5645599961280823 -0.020749999210238457 0.06350000202655792
v 0.5596299767494202 -0.007205999922007322 0.06350000202655792
v 0.5596299767494202 -0.007205999922007322 0.05730000138282776
v 0.5596299767494202 -0.007205999922007322 0.06350000202655792
v 0.5596299767494202 0.007205999922007322 0.05730000138282776
v 0.5596299767494202 0.007205999922007322 0.05730000138282776
v 0.5596299767494202 -0.007205999922007322 0.06350000202655792
v 0.5596299767494202 0.007205999922007322 0.06350000202655792
v 0.5596299767494202 0.007205999922007322 0.05730000138282776
v 0.5596299767494202 0.007205999922007322 0.06350000202655792
v 0.5645599961280823 0.020749999210238457 0.05730000138282776
v 0.5645599961280823 0.020749999210238457 0.05730000138282776
v 0.5596299767494202 0.007205999922007322 0.06350000202655792
v 0.5645599961280823 0.020749999210238457 0.06350000202655792
v 0.5645599961280823 0.020749999210238457 0.05730000138282776
v 0.5645599961280823 0.020749999210238457 0.06350000202655792
v 0.5738239884376526 0.03179100155830383 0.05730000138282776
v 0.5738239884376526 0.03179100155830383 0.05730000138282776
v 0.5645599961280823 0.020749999210238457 0.06350000202655792
v 0.5738239884376526 0.03179100155830383 0.06350000202655792
v 0.5738239884376526 0.03179100155830383 0.05730000138282776
v 0.5738239884376526 0.03179100155830383 0.06350000202655792
v 0.5863059759140015 0.038996998220682144 0.05730000138282776
v 0.5863059759140015 0.038996998220682144 0.05730000138282776
v 0.5738239884376526 0.03179100155830383 0.06350000202655792
v 0.5863059759140015 0.038996998220682144 0.06350000202655792
v 0.5863059759140015 0.038996998220682144 0.05730000138282776
v 0.5863059759140015 0.038996998220682144 0.06350000202655792
v 0.6004999876022339 0.04149999842047691 0.05730000138282776
v 0.6004999876022339 0.04149999842047691 0.05730000138282776
v 0.5863059759140015 0.038996998220682144 0.06350000202655792
v 0.6004999876022339 0.04149999842047691 0.06350000202655792
v 0.6004999876022339 -0.043299999088048935 0.1868000030517578
v 0.6004999876022339 -0.04305500164628029 0.18834500014781952
v 0.5856900215148926 -0.040688998997211456 0.1868000030517578
v 0.5856900215148926 -0.040688998997211456 0.1868000030517578
v 0.6004999876022339 -0.04305500164628029 0.18834500014781952
v 0.5857939720153809 -0.04040500149130821 0.188510000705719
v 0.5856900215148926 -0.040688998997211456 0.1868000030517578
v 0.5857939720153809 -0.04040500149130821 0.188510000705719
v 0.5726670026779175 -0.03316999971866608 0.1868000030517578
v 0.5726670026779175 -0.03316999971866608 0.1868000030517578
v 0.5857939720153809 -0.04040500149130821 0.188510000705719
v 0.5728610157966614 -0.03293899819254875 0.188510000705719
v 0.5726670026779175 -0.03316999971866608 0.1868000030517578
v 0.5728610157966614 -0.03293899819254875 0.188510000705719
v 0.5630009770393372 -0.021649999544024467 0.1868000030517578
v 0.5630009770393372 -0.021649999544024467 0.1868000030517578
v 0.5728610157966614 -0.03293899819254875 0.188510000705719
v 0.5632619857788086 -0.02149900048971176 0.188510000705719
v 0.5630009770393372 -0.021649999544024467 0.1868000030517578
v 0.5632619857788086 -0.02149900048971176 0.188510000705719
v 0.5578579902648926 -0.007519000209867954 0.1868000030517578
v 0.5578579902648926 -0.007519000209867954 0.1868000030517578
v 0.5632619857788086 -0.02149900048971176 0.188510000705719
v 0.5581550002098083 -0.007466999813914299 0.188510000705719
v 0.5578579902648926 -0.007519000209867954 0.1868000030517578
v 0.5581550002098083 -0.007466999813914299 0.188510000705719
v 0.5578579902648926 0.007519000209867954 0.1868000030517578
v 0.5578579902648926 0.007519000209867954 0.1868000030517578
v 0.5581550002098083 -0.007466999813914299 0.188510000705719
v 0.5581550002098083 0.007466999813914299 0.188510000705719
v 0.5578579902648926 0.007519000209867954 0.1868000030517578
v 0.5581550002098083 0.007466999813914299 0.188510000705719
v 0.5630009770393372 0.021649999544024467 0.1868000030517578
v 0.5630009770393372 0.021649999544024467 0.1868000030517578
v 0.5581550002098083 0.007466999813914299 0.188510000705719
v 0.5632619857788086 0.02149900048971176 0.188510000705719
v 0.5630009770393372 0.021649999544024467 0.1868000030517578
v 0.5632619857788086 0.02149900048971176 0.188510000705719
v 0.5726670026779175 0.03316999971866608 0.1868000030517578
v 0.5726670026779175 0.03316999971866608 0.1868000030517578
v 0.5632619857788086 0.02149900048971176 0.188510000705719
v 0.5728610157966614 0.03293899819254875 0.188510000705719
v 0.5726670026779175 0.03316999971866608 0.1868000030517578
v 0.5728610157966614 0.03293899819254875 0.188510000705719
v 0.5856900215148926 0.040688998997211456 0.1868000030517578
v 0.5856900215148926 0.040688998997211456 0.1868000030517578
v 0.5728610157966614 0.03293899819254875 0.188510000705719
v 0.5857939720153809 0.04040500149130821 0.188510000705719
v 0.5856900215148926 0.040688998997211456 0.1868000030517578
v 0.5857939720153809 0.04040500149130821 0.188510000705719
v 0.6004999876022339 0.04305500164628029 0.18834500014781952
v 0.6004999876022339 0.04305500164628029 0.18834500014781952
v 0.5857939720153809 0.04040500149130821 0.188510000705719
v 0.6004999876022339 0.04234499856829643 0.18973900377750397
v 0.6004999876022339 0.04234499856829643 0.18973900377750397
v 0.5857939720153809 0.04040500149130821 0.188510000705719
v 0.5860909819602966 0.03958899900317192 0.19001400470733643
v 0.6004999876022339 0.04234499856829643 0.18973900377750397
v 0.5860909819602966 0.03958899900317192 0.19001400470733643
v 0.6004999876022339 0.04123900085687637 0.19084499776363373
v 0.6004999876022339 0.04123900085687637 0.19084499776363373
v 0.5860909819602966 0.03958899900317192 0.19001400470733643
v 0.5865449905395508 0.038339000195264816 0.19112999737262726
v 0.6004999876022339 0.04123900085687637 0.19084499776363373
v 0.5865449905395508 0.038339000195264816 0.19112999737262726
v 0.6004999876022339 0.039845000952482224 0.191554993391037
v 0.6004999876022339 0.039845000952482224 0.191554993391037
v 0.5865449905395508 0.038339000195264816 0.19112999737262726
v 0.5871040225028992 0.03680599853396416 0.1917240023612976
v 0.6004999876022339 0.039845000952482224 0.191554993391037
v 0.5871040225028992 0.03680599853396416 0.1917240023612976
v 0.6004999876022339 0.03830000013113022 0.19179999828338623
v 0.6004999876022339 0.03830000013113022 0.19179999828338623
v 0.5871040225028992 0.03680599853396416 0.1917240023612976
v 0.5874009728431702 0.035989999771118164 0.19179999828338623
v 0.5874009728431702 0.035989999771118164 0.19179999828338623
v 0.5871040225028992 0.03680599853396416 0.1917240023612976
v 0.5758810043334961 0.029339000582695007 0.19179999828338623
v 0.5758810043334961 0.029339000582695007 0.19179999828338623
v 0.5871040225028992 0.03680599853396416 0.1917240023612976
v 0.5753229856491089 0.03000500053167343 0.1917240023612976
v 0.5758810043334961 0.029339000582695007 0.19179999828338623
v 0.5753229856491089 0.03000500053167343 0.1917240023612976
v 0.5673310160636902 0.01915000006556511 0.19179999828338623
v 0.5673310160636902 0.01915000006556511 0.19179999828338623
v 0.5753229856491089 0.03000500053167343 0.1917240023612976
v 0.5665789842605591 0.01958400011062622 0.1917240023612976
v 0.5673310160636902 0.01915000006556511 0.19179999828338623
v 0.5665789842605591 0.01958400011062622 0.1917240023612976
v 0.5627819895744324 0.006651000119745731 0.19179999828338623
v 0.5627819895744324 0.006651000119745731 0.19179999828338623
v 0.5665789842605591 0.01958400011062622 0.1917240023612976
v 0.5619270205497742 0.006800999864935875 0.1917240023612976
v 0.5627819895744324 0.006651000119745731 0.19179999828338623
v 0.5619270205497742 0.006800999864935875 0.1917240023612976
v 0.5627819895744324 -0.006651000119745731 0.19179999828338623
v 0.5627819895744324 -0.006651000119745731 0.19179999828338623
v 0.5619270205497742 0.006800999864935875 0.1917240023612976
v 0.5619270205497742 -0.006800999864935875 0.1917240023612976
v 0.5627819895744324 -0.006651000119745731 0.19179999828338623
v 0.5619270205497742 -0.006800999864935875 0.1917240023612976
v 0.5673310160636902 -0.01915000006556511 0.19179999828338623
v 0.5673310160636902 -0.01915000006556511 0.19179999828338623
v 0.5619270205497742 -0.006800999864935875 0.1917240023612976
v 0.5665789842605591 -0.01958400011062622 0.1917240023612976
v 0.5673310160636902 -0.01915000006556511 0.19179999828338623
v 0.5665789842605591 -0.01958400011062622 0.1917240023612976
v 0.5758810043334961 -0.029339000582695007 0.19179999828338623
v 0.5758810043334961 -0.029339000582695007 0.19179999828338623
v 0.5665789842605591 -0.01958400011062622 0.1917240023612976
v 0.5753229856491089 -0.03000500053167343 0.1917240023612976
v 0.5758810043334961 -0.029339000582695007 0.19179999828338623
v 0.5753229856491089 -0.03000500053167343 0.1917240023612976
v 0.5874009728431702 -0.035989999771118164 0.19179999828338623
v 0.5874009728431702 -0.035989999771118164 0.19179999828338623
v 0.5753229856491089 -0.03000500053167343 0.1917240023612976
v 0.5871040225028992 -0.03680599853396416 0.1917240023612976
v 0.5874009728431702 -0.035989999771118164 0.19179999828338623
v 0.5871040225028992 -0.03680599853396416 0.1917240023612976
v 0.6004999876022339 -0.03830000013113022 0.19179999828338623
v 0.6004999876022339 -0.03830000013113022 0.19179999828338623
v 0.5871040225028992 -0.03680599853396416 0.1917240023612976
v 0.6004999876022339 -0.039845000952482224 0.191554993391037
v 0.6004999876022339 -0.039845000952482224 0.191554993391037
v 0.5871040225028992 -0.03680599853396416 0.1917240023612976
v 0.5865449905395508 -0.038339000195264816 0.19112999737262726
v 0.6004999876022339 -0.039845000952482224 0.191554993391037
v 0.5865449905395508 -0.038339000195264816 0.19112999737262726
v 0.6004999876022339 -0.04123900085687637 0.19084499776363373
v 0.6004999876022339 -0.04123900085687637 0.19084499776363373
v 0.5865449905395508 -0.038339000195264816 0.19112999737262726
v 0.5860909819602966 -0.03958899900317192 0.19001400470733643
v 0.6004999876022339 -0.04123900085687637 0.19084499776363373
v 0.5860909819602966 -0.03958899900317192 0.19001400470733643
v 0.6004999876022339 -0.04234499856829643 0.18973900377750397
v 0.6004999876022339 -0.04234499856829643 0.18973900377750397
v 0.5860909819602966 -0.03958899900317192 0.19001400470733643
v 0.5857939720153809 -0.04040500149130821 0.188510000705719
v 0.6004999876022339 -0.04234499856829643 0.18973900377750397
v 0.5857939720153809 -0.04040500149130821 0.188510000705719
v 0.6004999876022339 -0.04305500164628029 0.18834500014781952
v 0.6004999876022339 0.04305500164628029 0.18834500014781952
v 0.6004999876022339 0.043299999088048935 0.1868000030517578
v 0.5856900215148926 0.040688998997211456 0.1868000030517578
v 0.5865449905395508 -0.038339000195264816 0.19112999737262726
v 0.5871040225028992 -0.03680599853396416 0.1917240023612976
v 0.5742740035057068 -0.031254999339580536 0.19112999737262726
v 0.5742740035057068 -0.031254999339580536 0.19112999737262726
v 0.5871040225028992 -0.03680599853396416 0.1917240023612976
v 0.5753229856491089 -0.03000500053167343 0.1917240023612976
v 0.5742740035057068 -0.031254999339580536 0.19112999737262726
v 0.5753229856491089 -0.03000500053167343 0.1917240023612976
v 0.5651659965515137 -0.020400000736117363 0.19112999737262726
v 0.5651659965515137 -0.020400000736117363 0.19112999737262726
v 0.5753229856491089 -0.03000500053167343 0.1917240023612976
v 0.5665789842605591 -0.01958400011062622 0.1917240023612976
v 0.5651659965515137 -0.020400000736117363 0.19112999737262726
v 0.5665789842605591 -0.01958400011062622 0.1917240023612976
v 0.5603200197219849 -0.007085000164806843 0.19112999737262726
v 0.5603200197219849 -0.007085000164806843 0.19112999737262726
v 0.5665789842605591 -0.01958400011062622 0.1917240023612976
v 0.5619270205497742 -0.006800999864935875 0.1917240023612976
v 0.5603200197219849 -0.007085000164806843 0.19112999737262726
v 0.5619270205497742 -0.006800999864935875 0.1917240023612976
v 0.5603200197219849 0.007085000164806843 0.19112999737262726
v 0.5603200197219849 0.007085000164806843 0.19112999737262726
v 0.5619270205497742 -0.006800999864935875 0.1917240023612976
v 0.5619270205497742 0.006800999864935875 0.1917240023612976
v 0.5603200197219849 0.007085000164806843 0.19112999737262726
v 0.5619270205497742 0.006800999864935875 0.1917240023612976
v 0.5651659965515137 0.020400000736117363 0.19112999737262726
v 0.5651659965515137 0.020400000736117363 0.19112999737262726
v 0.5619270205497742 0.006800999864935875 0.1917240023612976
v 0.5665789842605591 0.01958400011062622 0.1917240023612976
v 0.5651659965515137 0.020400000736117363 0.19112999737262726
v 0.5665789842605591 0.01958400011062622 0.1917240023612976
v 0.5742740035057068 0.031254999339580536 0.19112999737262726
v 0.5742740035057068 0.031254999339580536 0.19112999737262726
v 0.5665789842605591 0.01958400011062622 0.1917240023612976
v 0.5753229856491089 0.03000500053167343 0.1917240023612976
v 0.5742740035057068 0.031254999339580536 0.19112999737262726
v 0.5753229856491089 0.03000500053167343 0.1917240023612976
v 0.5865449905395508 0.038339000195264816 0.19112999737262726
v 0.5865449905395508 0.038339000195264816 0.19112999737262726
v 0.5753229856491089 0.03000500053167343 0.1917240023612976
v 0.5871040225028992 0.03680599853396416 0.1917240023612976
v 0.5728610157966614 -0.03293899819254875 0.188510000705719
v 0.5857939720153809 -0.04040500149130821 0.188510000705719
v 0.5860909819602966 -0.03958899900317192 0.19001400470733643
v 0.5860909819602966 -0.03958899900317192 0.19001400470733643
v 0.5865449905395508 -0.038339000195264816 0.19112999737262726
v 0.5734189748764038 -0.032274000346660614 0.19001400470733643
v 0.5734189748764038 -0.032274000346660614 0.19001400470733643
v 0.5865449905395508 -0.038339000195264816 0.19112999737262726
v 0.5742740035057068 -0.031254999339580536 0.19112999737262726
v 0.5734189748764038 -0.032274000346660614 0.19001400470733643
v 0.5742740035057068 -0.031254999339580536 0.19112999737262726
v 0.5640140175819397 -0.02106500044465065 0.19001400470733643
v 0.5640140175819397 -0.02106500044465065 0.19001400470733643
v 0.5742740035057068 -0.031254999339580536 0.19112999737262726
v 0.5651659965515137 -0.020400000736117363 0.19112999737262726
v 0.5640140175819397 -0.02106500044465065 0.19001400470733643
v 0.5651659965515137 -0.020400000736117363 0.19112999737262726
v 0.5590100288391113 -0.007315999828279018 0.19001400470733643
v 0.5590100288391113 -0.007315999828279018 0.19001400470733643
v 0.5651659965515137 -0.020400000736117363 0.19112999737262726
v 0.5603200197219849 -0.007085000164806843 0.19112999737262726
v 0.5590100288391113 -0.007315999828279018 0.19001400470733643
v 0.5603200197219849 -0.007085000164806843 0.19112999737262726
v 0.5590100288391113 0.007315999828279018 0.19001400470733643
v 0.5590100288391113 0.007315999828279018 0.19001400470733643
v 0.5603200197219849 -0.007085000164806843 0.19112999737262726
v 0.5603200197219849 0.007085000164806843 0.19112999737262726
v 0.5590100288391113 0.007315999828279018 0.19001400470733643
v 0.5603200197219849 0.007085000164806843 0.19112999737262726
v 0.5640140175819397 0.02106500044465065 0.19001400470733643
v 0.5640140175819397 0.02106500044465065 0.19001400470733643
v 0.5603200197219849 0.007085000164806843 0.19112999737262726
v 0.5651659965515137 0.020400000736117363 0.19112999737262726
v 0.5640140175819397 0.02106500044465065 0.19001400470733643
v 0.5651659965515137 0.020400000736117363 0.19112999737262726
v 0.5734189748764038 0.032274000346660614 0.19001400470733643
v 0.5734189748764038 0.032274000346660614 0.19001400470733643
v 0.5651659965515137 0.020400000736117363 0.19112999737262726
v 0.5742740035057068 0.031254999339580536 0.19112999737262726
v 0.5734189748764038 0.032274000346660614 0.19001400470733643
v 0.5742740035057068 0.031254999339580536 0.19112999737262726
v 0.5860909819602966 0.03958899900317192 0.19001400470733643
v 0.5860909819602966 0.03958899900317192 0.19001400470733643
v 0.5742740035057068 0.031254999339580536 0.19112999737262726
v 0.5865449905395508 0.038339000195264816 0.19112999737262726
v 0.5632619857788086 -0.02149900048971176 0.188510000705719
v 0.5728610157966614 -0.03293899819254875 0.188510000705719
v 0.5734189748764038 -0.032274000346660614 0.19001400470733643
v 0.5734189748764038 -0.032274000346660614 0.19001400470733643
v 0.5728610157966614 -0.03293899819254875 0.188510000705719
v 0.5860909819602966 -0.03958899900317192 0.19001400470733643
v 0.5632619857788086 -0.02149900048971176 0.188510000705719
v 0.5734189748764038 -0.032274000346660614 0.19001400470733643
v 0.5640140175819397 -0.02106500044465065 0.19001400470733643
v 0.5581550002098083 -0.007466999813914299 0.188510000705719
v 0.5632619857788086 -0.02149900048971176 0.188510000705719
v 0.5640140175819397 -0.02106500044465065 0.19001400470733643
v 0.5581550002098083 -0.007466999813914299 0.188510000705719
v 0.5640140175819397 -0.02106500044465065 0.19001400470733643
v 0.5590100288391113 -0.007315999828279018 0.19001400470733643
v 0.5581550002098083 0.007466999813914299 0.188510000705719
v 0.5581550002098083 -0.007466999813914299 0.188510000705719
v 0.5590100288391113 -0.007315999828279018 0.19001400470733643
v 0.5581550002098083 0.007466999813914299 0.188510000705719
v 0.5590100288391113 -0.007315999828279018 0.19001400470733643
v 0.5590100288391113 0.007315999828279018 0.19001400470733643
v 0.5632619857788086 0.02149900048971176 0.188510000705719
v 0.5581550002098083 0.007466999813914299 0.188510000705719
v 0.5590100288391113 0.007315999828279018 0.19001400470733643
v 0.5632619857788086 0.02149900048971176 0.188510000705719
v 0.5590100288391113 0.007315999828279018 0.19001400470733643
v 0.5640140175819397 0.02106500044465065 0.19001400470733643
v 0.5728610157966614 0.03293899819254875 0.188510000705719
v 0.5632619857788086 0.02149900048971176 0.188510000705719
v 0.5640140175819397 0.02106500044465065 0.19001400470733643
v 0.5728610157966614 0.03293899819254875 0.188510000705719
v 0.5640140175819397 0.02106500044465065 0.19001400470733643
v 0.5734189748764038 0.032274000346660614 0.19001400470733643
v 0.5857939720153809 0.04040500149130821 0.188510000705719
v 0.5728610157966614 0.03293899819254875 0.188510000705719
v 0.5734189748764038 0.032274000346660614 0.19001400470733643
v 0.5857939720153809 0.04040500149130821 0.188510000705719
v 0.5734189748764038 0.032274000346660614 0.19001400470733643
v 0.5860909819602966 0.03958899900317192 0.19001400470733643
v 0.5856900215148926 0.040688998997211456 0.06350000202655792
v 0.6004999876022339 0.043299999088048935 0.06350000202655792
v 0.6004999876022339 0.04149999842047691 0.06350000202655792
v 0.6004999876022339 0.04149999842047691 0.06350000202655792
v 0.6004999876022339 0.043299999088048935 0.06350000202655792
v 0.6153090000152588 0.040688998997211456 0.06350000202655792
v 0.6004999876022339 0.04149999842047691 0.06350000202655792
v 0.6153090000152588 0.040688998997211456 0.06350000202655792
v 0.6146939992904663 0.038996998220682144 0.06350000202655792
v 0.6146939992904663 0.038996998220682144 0.06350000202655792
v 0.6153090000152588 0.040688998997211456 0.06350000202655792
v 0.6283329725265503 0.03316999971866608 0.06350000202655792
v 0.6146939992904663 0.038996998220682144 0.06350000202655792
v 0.6283329725265503 0.03316999971866608 0.06350000202655792
v 0.6271759867668152 0.03179100155830383 0.06350000202655792
v 0.6271759867668152 0.03179100155830383 0.06350000202655792
v 0.6283329725265503 0.03316999971866608 0.06350000202655792
v 0.6379989981651306 0.021649999544024467 0.06350000202655792
v 0.6271759867668152 0.03179100155830383 0.06350000202655792
v 0.6379989981651306 0.021649999544024467 0.06350000202655792
v 0.6364399790763855 0.020749999210238457 0.06350000202655792
v 0.6364399790763855 0.020749999210238457 0.06350000202655792
v 0.6379989981651306 0.021649999544024467 0.06350000202655792
v 0.6431419849395752 0.007519000209867954 0.06350000202655792
v 0.6364399790763855 0.020749999210238457 0.06350000202655792
v 0.6431419849395752 0.007519000209867954 0.06350000202655792
v 0.6413689851760864 0.007205999922007322 0.06350000202655792
v 0.6413689851760864 0.007205999922007322 0.06350000202655792
v 0.6431419849395752 0.007519000209867954 0.06350000202655792
v 0.6431419849395752 -0.007519000209867954 0.06350000202655792
v 0.6413689851760864 0.007205999922007322 0.06350000202655792
v 0.6431419849395752 -0.007519000209867954 0.06350000202655792
v 0.6413689851760864 -0.007205999922007322 0.06350000202655792
v 0.6413689851760864 -0.007205999922007322 0.06350000202655792
v 0.6431419849395752 -0.007519000209867954 0.06350000202655792
v 0.6364399790763855 -0.020749999210238457 0.06350000202655792
v 0.6364399790763855 -0.020749999210238457 0.06350000202655792
v 0.6431419849395752 -0.007519000209867954 0.06350000202655792
v 0.6379989981651306 -0.021649999544024467 0.06350000202655792
v 0.6364399790763855 -0.020749999210238457 0.06350000202655792
v 0.6379989981651306 -0.021649999544024467 0.06350000202655792
v 0.6271759867668152 -0.03179100155830383 0.06350000202655792
v 0.6271759867668152 -0.03179100155830383 0.06350000202655792
v 0.6379989981651306 -0.021649999544024467 0.06350000202655792
v 0.6283329725265503 -0.03316999971866608 0.06350000202655792
v 0.6271759867668152 -0.03179100155830383 0.06350000202655792
v 0.6283329725265503 -0.03316999971866608 0.06350000202655792
v 0.6146939992904663 -0.038996998220682144 0.06350000202655792
v 0.6146939992904663 -0.038996998220682144 0.06350000202655792
v 0.6283329725265503 -0.03316999971866608 0.06350000202655792
v 0.6153090000152588 -0.040688998997211456 0.06350000202655792
v 0.6146939992904663 -0.038996998220682144 0.06350000202655792
v 0.6153090000152588 -0.040688998997211456 0.06350000202655792
v 0.6004999876022339 -0.04149999842047691 0.06350000202655792
v 0.6004999876022339 -0.04149999842047691 0.06350000202655792
v 0.6153090000152588 -0.040688998997211456 0.06350000202655792
v 0.6004999876022339 -0.043299999088048935 0.06350000202655792
v 0.6004999876022339 -0.04149999842047691 0.06350000202655792
v 0.6004999876022339 -0.043299999088048935 0.06350000202655792
v 0.5856900215148926 -0.040688998997211456 0.06350000202655792
v 0.6004999876022339 -0.04149999842047691 0.06350000202655792
v 0.5856900215148926 -0.040688998997211456 0.06350000202655792
v 0.5863059759140015 -0.038996998220682144 0.06350000202655792
v 0.5863059759140015 -0.038996998220682144 0.06350000202655792
v 0.5856900215148926 -0.040688998997211456 0.06350000202655792
v 0.5726670026779175 -0.03316999971866608 0.06350000202655792
v 0.5863059759140015 -0.038996998220682144 0.06350000202655792
v 0.5726670026779175 -0.03316999971866608 0.06350000202655792
v 0.5738239884376526 -0.03179100155830383 0.06350000202655792
v 0.5738239884376526 -0.03179100155830383 0.06350000202655792
v 0.5726670026779175 -0.03316999971866608 0.06350000202655792
v 0.5630009770393372 -0.021649999544024467 0.06350000202655792
v 0.5738239884376526 -0.03179100155830383 0.06350000202655792
v 0.5630009770393372 -0.021649999544024467 0.06350000202655792
v 0.5645599961280823 -0.020749999210238457 0.06350000202655792
v 0.5645599961280823 -0.020749999210238457 0.06350000202655792
v 0.5630009770393372 -0.021649999544024467 0.06350000202655792
v 0.5578579902648926 -0.007519000209867954 0.06350000202655792
v 0.5645599961280823 -0.020749999210238457 0.06350000202655792
v 0.5578579902648926 -0.007519000209867954 0.06350000202655792
v 0.5596299767494202 -0.007205999922007322 0.06350000202655792
v 0.5596299767494202 -0.007205999922007322 0.06350000202655792
v 0.5578579902648926 -0.007519000209867954 0.06350000202655792
v 0.5578579902648926 0.007519000209867954 0.06350000202655792
v 0.5596299767494202 -0.007205999922007322 0.06350000202655792
v 0.5578579902648926 0.007519000209867954 0.06350000202655792
v 0.5596299767494202 0.007205999922007322 0.06350000202655792
v 0.5596299767494202 0.007205999922007322 0.06350000202655792
v 0.5578579902648926 0.007519000209867954 0.06350000202655792
v 0.5645599961280823 0.020749999210238457 0.06350000202655792
v 0.5645599961280823 0.020749999210238457 0.06350000202655792
v 0.5578579902648926 0.007519000209867954 0.06350000202655792
v 0.5630009770393372 0.021649999544024467 0.06350000202655792
v 0.5645599961280823 0.020749999210238457 0.06350000202655792
v 0.5630009770393372 0.021649999544024467 0.06350000202655792
v 0.5738239884376526 0.03179100155830383 0.06350000202655792
v 0.5738239884376526 0.03179100155830383 0.06350000202655792
v 0.5630009770393372 0.021649999544024467 0.06350000202655792
v 0.5726670026779175 0.03316999971866608 0.06350000202655792
v 0.5738239884376526 0.03179100155830383 0.06350000202655792
v 0.5726670026779175 0.03316999971866608 0.06350000202655792
v 0.5863059759140015 0.038996998220682144 0.06350000202655792
v 0.5863059759140015 0.038996998220682144 0.06350000202655792
v 0.5726670026779175 0.03316999971866608 0.06350000202655792
v 0.5856900215148926 0.040688998997211456 0.06350000202655792
v 0.5863059759140015 0.038996998220682144 0.06350000202655792
v 0.5856900215148926 0.040688998997211456 0.06350000202655792
v 0.6004999876022339 0.04149999842047691 0.06350000202655792
v 0.6004999876022339 0.043299999088048935 0.1659179925918579
v 0.5856900215148926 0.040688998997211456 0.16988599300384521
v 0.6004999876022339 0.043299999088048935 0.1868000030517578
v 0.6004999876022339 0.043299999088048935 0.1868000030517578
v 0.5856900215148926 0.040688998997211456 0.16988599300384521
v 0.5856900215148926 0.040688998997211456 0.1868000030517578
v 0.5856900215148926 0.040688998997211456 0.1868000030517578
v 0.5856900215148926 0.040688998997211456 0.16988599300384521
v 0.5726670026779175 0.03316999971866608 0.17337599396705627
v 0.5856900215148926 0.040688998997211456 0.1868000030517578
v 0.5726670026779175 0.03316999971866608 0.17337599396705627
v 0.5726670026779175 0.03316999971866608 0.1868000030517578
v 0.5726670026779175 0.03316999971866608 0.1868000030517578
v 0.5726670026779175 0.03316999971866608 0.17337599396705627
v 0.5630009770393372 0.021649999544024467 0.17596599459648132
v 0.5726670026779175 0.03316999971866608 0.1868000030517578
v 0.5630009770393372 0.021649999544024467 0.17596599459648132
v 0.5630009770393372 0.021649999544024467 0.1868000030517578
v 0.5630009770393372 0.021649999544024467 0.1868000030517578
v 0.5630009770393372 0.021649999544024467 0.17596599459648132
v 0.5578579902648926 0.007519000209867954 0.17734399437904358
v 0.5630009770393372 0.021649999544024467 0.1868000030517578
v 0.5578579902648926 0.007519000209867954 0.17734399437904358
v 0.5578579902648926 0.007519000209867954 0.1868000030517578
v 0.5578579902648926 0.007519000209867954 0.1868000030517578
v 0.5578579902648926 0.007519000209867954 0.17734399437904358
v 0.5578579902648926 -0.007519000209867954 0.1868000030517578
v 0.5578579902648926 -0.007519000209867954 0.1868000030517578
v 0.5578579902648926 0.007519000209867954 0.17734399437904358
v 0.5578579902648926 -0.007519000209867954 0.17734399437904358
v 0.5578579902648926 -0.007519000209867954 0.1868000030517578
v 0.5578579902648926 -0.007519000209867954 0.17734399437904358
v 0.5630009770393372 -0.021649999544024467 0.1868000030517578
v 0.5630009770393372 -0.021649999544024467 0.1868000030517578
v 0.5578579902648926 -0.007519000209867954 0.17734399437904358
v 0.5630009770393372 -0.021649999544024467 0.17596599459648132
v 0.5630009770393372 -0.021649999544024467 0.1868000030517578
v 0.5630009770393372 -0.021649999544024467 0.17596599459648132
v 0.5726670026779175 -0.03316999971866608 0.1868000030517578
v 0.5726670026779175 -0.03316999971866608 0.1868000030517578
v 0.5630009770393372 -0.021649999544024467 0.17596599459648132
v 0.5726670026779175 -0.03316999971866608 0.17337599396705627
v 0.5726670026779175 -0.03316999971866608 0.1868000030517578
v 0.5726670026779175 -0.03316999971866608 0.17337599396705627
v 0.5856900215148926 -0.040688998997211456 0.1868000030517578
v 0.5856900215148926 -0.040688998997211456 0.1868000030517578
v 0.5726670026779175 -0.03316999971866608 0.17337599396705627
v 0.5856900215148926 -0.040688998997211456 0.16988599300384521
v 0.5856900215148926 -0.040688998997211456 0.1868000030517578
v 0.5856900215148926 -0.040688998997211456 0.16988599300384521
v 0.6004999876022339 -0.043299999088048935 0.1868000030517578
v 0.6004999876022339 -0.043299999088048935 0.1868000030517578
v 0.5856900215148926 -0.040688998997211456 0.16988599300384521
v 0.6004999876022339 -0.043299999088048935 0.1659179925918579
v 0.6004999876022339 -0.043299999088048935 0.06350000202655792
v 0.6004999876022339 -0.043299999088048935 0.06849999725818634
v 0.5856900215148926 -0.040688998997211456 0.06350000202655792
v 0.5856900215148926 -0.040688998997211456 0.06350000202655792
v 0.6004999876022339 -0.043299999088048935 0.06849999725818634
v 0.5856900215148926 -0.040688998997211456 0.06849999725818634
v 0.5856900215148926 -0.040688998997211456 0.06350000202655792
v 0.5856900215148926 -0.040688998997211456 0.06849999725818634
v 0.5726670026779175 -0.03316999971866608 0.06350000202655792
v 0.5726670026779175 -0.03316999971866608 0.06350000202655792
v 0.5856900215148926 -0.040688998997211456 0.06849999725818634
v 0.5726670026779175 -0.03316999971866608 0.06849999725818634
v 0.5726670026779175 -0.03316999971866608 0.06350000202655792
v 0.5726670026779175 -0.03316999971866608 0.06849999725818634
v 0.5630009770393372 -0.021649999544024467 0.06350000202655792
v 0.5630009770393372 -0.021649999544024467 0.06350000202655792
v 0.5726670026779175 -0.03316999971866608 0.06849999725818634
v 0.5630009770393372 -0.021649999544024467 0.06849999725818634
v 0.5630009770393372 -0.021649999544024467 0.06350000202655792
v 0.5630009770393372 -0.021649999544024467 0.06849999725818634
v 0.5578579902648926 -0.007519000209867954 0.06350000202655792
v 0.5578579902648926 -0.007519000209867954 0.06350000202655792
v 0.5630009770393372 -0.021649999544024467 0.06849999725818634
v 0.5578579902648926 -0.007519000209867954 0.06849999725818634
v 0.5578579902648926 -0.007519000209867954 0.06350000202655792
v 0.5578579902648926 -0.007519000209867954 0.06849999725818634
v 0.5578579902648926 0.007519000209867954 0.06350000202655792
v 0.5578579902648926 0.007519000209867954 0.06350000202655792
v 0.5578579902648926 -0.007519000209867954 0.06849999725818634
v 0.5578579902648926 0.007519000209867954 0.06849999725818634
v 0.5578579902648926 0.007519000209867954 0.06350000202655792
v 0.5578579902648926 0.007519000209867954 0.06849999725818634
v 0.5630009770393372 0.021649999544024467 0.06350000202655792
v 0.5630009770393372 0.021649999544024467 0.06350000202655792
v 0.5578579902648926 0.007519000209867954 0.06849999725818634
v 0.5630009770393372 0.021649999544024467 0.06849999725818634
v 0.5630009770393372 0.021649999544024467 0.06350000202655792
v 0.5630009770393372 0.021649999544024467 0.06849999725818634
v 0.5726670026779175 0.03316999971866608 0.06350000202655792
v 0.5726670026779175 0.03316999971866608 0.06350000202655792
v 0.5630009770393372 0.021649999544024467 0.06849999725818634
v 0.5726670026779175 0.03316999971866608 0.06849999725818634
v 0.5726670026779175 0.03316999971866608 0.06350000202655792
v 0.5726670026779175 0.03316999971866608 0.06849999725818634
v 0.5856900215148926 0.040688998997211456 0.06350000202655792
v 0.5856900215148926 0.040688998997211456 0.06350000202655792
v 0.5726670026779175 0.03316999971866608 0.06849999725818634
v 0.5856900215148926 0.040688998997211456 0.06849999725818634
v 0.5856900215148926 0.040688998997211456 0.06350000202655792
v 0.5856900215148926 0.040688998997211456 0.06849999725818634
v 0.6004999876022339 0.043299999088048935 0.06350000202655792
v 0.6004999876022339 0.043299999088048935 0.06350000202655792
v 0.5856900215148926 0.040688998997211456 0.06849999725818634
v 0.6004999876022339 0.043299999088048935 0.06849999725818634
vt -0.5 0
vt 0 0
vt -0.5 1.5114550590515137
vt -0.5 1.5114550590515137
vt 0 0
vt 0 1.5114550590515137
vt -0.5 1.5114550590515137
vt 0 1.5114550590515137
vt -0.5 3.0229101181030273
vt -0.5 3.0229101181030273
vt 0 1.5114550590515137
vt 0 3.0229101181030273
vt -0.5 3.0229101181030273
vt 0 3.0229101181030273
vt -0.5 4.534365177154541
vt -0.5 4.534365177154541
vt 0 3.0229101181030273
vt 0 4.534365177154541
vt -0.5 4.534365177154541
vt 0 4.534365177154541
vt -0.5 6.045821189880371
vt -0.5 6.045821189880371
vt 0 4.534365177154541
vt 0 6.045821189880371
vt -0.5 6.045821189880371
vt 0 6.045821189880371
vt -0.5 7.557275772094727
vt -0.5 7.557275772094727
vt 0 6.045821189880371
vt 0 7.557275772094727
vt -0.5 7.557275772094727
vt 0 7.557275772094727
vt -0.5 9.068730354309082
vt -0.5 9.068730354309082
vt 0 7.557275772094727
vt 0 9.068730354309082
vt -0.5 9.068730354309082
vt 0 9.068730354309082
vt -0.5 10.580185890197754
vt -0.5 10.580185890197754
vt 0 9.068730354309082
vt 0 10.580185890197754
vt -0.5 10.580185890197754
vt 0 10.580185890197754
vt -0.5 12.091641426086426
vt -0.5 12.091641426086426
vt 0 10.580185890197754
vt 0 12.091641426086426
vt -0.5 12.091641426086426
vt 0 12.091641426086426
vt -0.5 13.603096008300781
vt -0.5 13.603096008300781
vt 0 12.091641426086426
vt 0 13.603096008300781
vt -17.4871768951416 0
vt -15.398985862731934 0
vt -17.4871768951416 1.5114550590515137
vt -17.4871768951416 1.5114550590515137
vt -15.398985862731934 0
vt -15.002167701721191 1.5114550590515137
vt -17.4871768951416 1.5114550590515137
vt -15.002167701721191 1.5114550590515137
vt -17.4871768951416 3.0229101181030273
vt -17.4871768951416 3.0229101181030273
vt -15.002167701721191 1.5114550590515137
vt -14.65321159362793 3.0229101181030273
vt -17.4871768951416 3.0229101181030273
vt -14.65321159362793 3.0229101181030273
vt -17.4871768951416 4.534365177154541
vt -17.4871768951416 4.534365177154541
vt -14.65321159362793 3.0229101181030273
vt -14.394206047058105 4.534365177154541
vt -17.4871768951416 4.534365177154541
vt -14.394206047058105 4.534365177154541
vt -17.4871768951416 6.045821189880371
vt -17.4871768951416 6.045821189880371
vt -14.394206047058105 4.534365177154541
vt -14.256391525268555 6.045821189880371
vt -17.4871768951416 6.045821189880371
vt -14.256391525268555 6.045821189880371
vt -17.4871768951416 7.557275772094727
vt -17.4871768951416 7.557275772094727
vt -14.256391525268555 6.045821189880371
vt -14.256391525268555 7.557275772094727
vt -17.4871768951416 7.557275772094727
vt -14.256391525268555 7.557275772094727
vt -14.394206047058105 9.068730354309082
vt -17.4871768951416 7.557275772094727
vt -14.394206047058105 9.068730354309082
vt -17.4871768951416 9.068730354309082
vt -17.4871768951416 9.068730354309082
vt -14.394206047058105 9.068730354309082
vt -14.65321159362793 10.580185890197754
vt -17.4871768951416 9.068730354309082
vt -14.65321159362793 10.580185890197754
vt -17.4871768951416 10.580185890197754
vt -17.4871768951416 10.580185890197754
vt -14.65321159362793 10.580185890197754
vt -15.002167701721191 12.091641426086426
vt -17.4871768951416 10.580185890197754
vt -15.002167701721191 12.091641426086426
vt -17.4871768951416 12.091641426086426
vt -17.4871768951416 12.091641426086426
vt -15.002167701721191 12.091641426086426
vt -15.398985862731934 13.603096008300781
vt -17.4871768951416 12.091641426086426
vt -15.398985862731934 13.603096008300781
vt -17.4871768951416 13.603096008300781
vt 0.6283190250396729 0
vt 0.785398006439209 0
vt 0.6981319785118103 1.4603359699249268
vt 0.6981319785118103 1.4603359699249268
vt 0.785398006439209 0
vt 0.785398006439209 1.4603359699249268
vt 0.6981319785118103 1.4603359699249268
vt 0.785398006439209 1.4603359699249268
vt 0.6981319785118103 2.920670986175537
vt 0.6981319785118103 2.920670986175537
vt 0.785398006439209 1.4603359699249268
vt 0.785398006439209 2.920670986175537
vt 0.6981319785118103 2.920670986175537
vt 0.785398006439209 2.920670986175537
vt 0.6981319785118103 4.381007194519043
vt 0.6981319785118103 4.381007194519043
vt 0.785398006439209 2.920670986175537
vt 0.785398006439209 4.381007194519043
vt 0.6981319785118103 4.381007194519043
vt 0.785398006439209 4.381007194519043
vt 0.6981319785118103 5.841341972351074
vt 0.6981319785118103 5.841341972351074
vt 0.785398006439209 4.381007194519043
vt 0.785398006439209 5.841341972351074
vt 0.6981319785118103 5.841341972351074
vt 0.785398006439209 5.841341972351074
vt 0.6981319785118103 7.30167818069458
vt 0.6981319785118103 7.30167818069458
vt 0.785398006439209 5.841341972351074
vt 0.785398006439209 7.30167818069458
vt 0.6981319785118103 7.30167818069458
vt 0.785398006439209 7.30167818069458
vt 0.6981319785118103 8.76201343536377
vt 0.6981319785118103 8.76201343536377
vt 0.785398006439209 7.30167818069458
vt 0.785398006439209 8.76201343536377
vt 0.6981319785118103 8.76201343536377
vt 0.785398006439209 8.76201343536377
vt 0.6981319785118103 10.222349166870117
vt 0.6981319785118103 10.222349166870117
vt 0.785398006439209 8.76201343536377
vt 0.785398006439209 10.222349166870117
vt 0.6981319785118103 10.222349166870117
vt 0.785398006439209 10.222349166870117
vt 0.6981319785118103 11.682684898376465
vt 0.6981319785118103 11.682684898376465
vt 0.785398006439209 10.222349166870117
vt 0.785398006439209 11.682684898376465
vt 0.6981319785118103 11.682684898376465
vt 0.785398006439209 11.682684898376465
vt 0.785398006439209 13.143020629882812
vt 0.785398006439209 13.143020629882812
vt 0.6283190250396729 13.143020629882812
vt 0.6981319785118103 11.682684898376465
vt 0.6981319785118103 11.682684898376465
vt 0.6283190250396729 13.143020629882812
vt 0.5235990285873413 11.682684898376465
vt 0.6981319785118103 11.682684898376465
vt 0.5235990285873413 11.682684898376465
vt 0.6981319785118103 10.222349166870117
vt 0.6981319785118103 10.222349166870117
vt 0.5235990285873413 11.682684898376465
vt 0.5235990285873413 10.222349166870117
vt 0.6981319785118103 10.222349166870117
vt 0.5235990285873413 10.222349166870117
vt 0.6981319785118103 8.76201343536377
vt 0.6981319785118103 8.76201343536377
vt 0.5235990285873413 10.222349166870117
vt 0.5235990285873413 8.76201343536377
vt 0.6981319785118103 8.76201343536377
vt 0.5235990285873413 8.76201343536377
vt 0.6981319785118103 7.30167818069458
vt 0.6981319785118103 7.30167818069458
vt 0.5235990285873413 8.76201343536377
vt 0.5235990285873413 7.30167818069458
vt 0.6981319785118103 7.30167818069458
vt 0.5235990285873413 7.30167818069458
vt 0.6981319785118103 5.841341972351074
vt 0.6981319785118103 5.841341972351074
vt 0.5235990285873413 7.30167818069458
vt 0.5235990285873413 5.841341972351074
vt 0.6981319785118103 5.841341972351074
vt 0.5235990285873413 5.841341972351074
vt 0.6981319785118103 4.381007194519043
vt 0.6981319785118103 4.381007194519043
vt 0.5235990285873413 5.841341972351074
vt 0.5235990285873413 4.381007194519043
vt 0.6981319785118103 4.381007194519043
vt 0.5235990285873413 4.381007194519043
vt 0.6981319785118103 2.920670986175537
vt 0.6981319785118103 2.920670986175537
vt 0.5235990285873413 4.381007194519043
vt 0.5235990285873413 2.920670986175537
vt 0.6981319785118103 2.920670986175537
vt 0.5235990285873413 2.920670986175537
vt 0.6981319785118103 1.4603359699249268
vt 0.6981319785118103 1.4603359699249268
vt 0.5235990285873413 2.920670986175537
vt 0.5235990285873413 1.4603359699249268
vt 0.6981319785118103 1.4603359699249268
vt 0.5235990285873413 1.4603359699249268
vt 0.6283190250396729 0
vt 0.6283190250396729 0
vt 0.5235990285873413 1.4603359699249268
vt 0.47123900055885315 0
vt 0.47123900055885315 0
vt 0.5235990285873413 1.4603359699249268
vt 0.34906598925590515 1.4603359699249268
vt 0.47123900055885315 0
vt 0.34906598925590515 1.4603359699249268
vt 0.31415900588035583 0
vt 0.31415900588035583 0
vt 0.34906598925590515 1.4603359699249268
vt 0.17453299462795258 1.4603359699249268
vt 0.31415900588035583 0
vt 0.17453299462795258 1.4603359699249268
vt 0.15707999467849731 0
vt 0.15707999467849731 0
vt 0.17453299462795258 1.4603359699249268
vt 0 1.4603359699249268
vt 0.15707999467849731 0
vt 0 1.4603359699249268
vt 0 0
vt 0.6283190250396729 13.143020629882812
vt 0.47123900055885315 13.143020629882812
vt 0.5235990285873413 11.682684898376465
vt 0.5235990285873413 11.682684898376465
vt 0.47123900055885315 13.143020629882812
vt 0.34906598925590515 11.682684898376465
vt 0.5235990285873413 11.682684898376465
vt 0.34906598925590515 11.682684898376465
vt 0.5235990285873413 10.222349166870117
vt 0.5235990285873413 10.222349166870117
vt 0.34906598925590515 11.682684898376465
vt 0.34906598925590515 10.222349166870117
vt 0.5235990285873413 10.222349166870117
vt 0.34906598925590515 10.222349166870117
vt 0.5235990285873413 8.76201343536377
vt 0.5235990285873413 8.76201343536377
vt 0.34906598925590515 10.222349166870117
vt 0.34906598925590515 8.76201343536377
vt 0.5235990285873413 8.76201343536377
vt 0.34906598925590515 8.76201343536377
vt 0.5235990285873413 7.30167818069458
vt 0.5235990285873413 7.30167818069458
vt 0.34906598925590515 8.76201343536377
vt 0.34906598925590515 7.30167818069458
vt 0.5235990285873413 7.30167818069458
vt 0.34906598925590515 7.30167818069458
vt 0.5235990285873413 5.841341972351074
vt 0.5235990285873413 5.841341972351074
vt 0.34906598925590515 7.30167818069458
vt 0.34906598925590515 5.841341972351074
vt 0.5235990285873413 5.841341972351074
vt 0.34906598925590515 5.841341972351074
vt 0.5235990285873413 4.381007194519043
vt 0.5235990285873413 4.381007194519043
vt 0.34906598925590515 5.841341972351074
vt 0.34906598925590515 4.381007194519043
vt 0.5235990285873413 4.381007194519043
vt 0.34906598925590515 4.381007194519043
vt 0.5235990285873413 2.920670986175537
vt 0.5235990285873413 2.920670986175537
vt 0.34906598925590515 4.381007194519043
vt 0.34906598925590515 2.920670986175537
vt 0.5235990285873413 2.920670986175537
vt 0.34906598925590515 2.920670986175537
vt 0.5235990285873413 1.4603359699249268
vt 0.5235990285873413 1.4603359699249268
vt 0.34906598925590515 2.920670986175537
vt 0.34906598925590515 1.4603359699249268
vt 0.47123900055885315 13.143020629882812
vt 0.31415900588035583 13.143020629882812
vt 0.34906598925590515 11.682684898376465
vt 0.34906598925590515 11.682684898376465
vt 0.31415900588035583 13.143020629882812
vt 0.17453299462795258 11.682684898376465
vt 0.34906598925590515 11.682684898376465
vt 0.17453299462795258 11.682684898376465
vt 0.34906598925590515 10.222349166870117
vt 0.34906598925590515 10.222349166870117
vt 0.17453299462795258 11.682684898376465
vt 0.17453299462795258 10.222349166870117
vt 0.34906598925590515 10.222349166870117
vt 0.17453299462795258 10.222349166870117
vt 0.34906598925590515 8.76201343536377
vt 0.34906598925590515 8.76201343536377
vt 0.17453299462795258 10.222349166870117
vt 0.17453299462795258 8.76201343536377
vt 0.34906598925590515 8.76201343536377
vt 0.17453299462795258 8.76201343536377
vt 0.34906598925590515 7.30167818069458
vt 0.34906598925590515 7.30167818069458
vt 0.17453299462795258 8.76201343536377
vt 0.17453299462795258 7.30167818069458
vt 0.34906598925590515 7.30167818069458
vt 0.17453299462795258 7.30167818069458
vt 0.34906598925590515 5.841341972351074
vt 0.34906598925590515 5.841341972351074
vt 0.17453299462795258 7.30167818069458
vt 0.17453299462795258 5.841341972351074
vt 0.34906598925590515 5.841341972351074
vt 0.17453299462795258 5.841341972351074
vt 0.34906598925590515 4.381007194519043
vt 0.34906598925590515 4.381007194519043
vt 0.17453299462795258 5.841341972351074
vt 0.17453299462795258 4.381007194519043
vt 0.34906598925590515 4.381007194519043
vt 0.17453299462795258 4.381007194519043
vt 0.34906598925590515 2.920670986175537
vt 0.34906598925590515 2.920670986175537
vt 0.17453299462795258 4.381007194519043
vt 0.17453299462795258 2.920670986175537
vt 0.34906598925590515 2.920670986175537
vt 0.17453299462795258 2.920670986175537
vt 0.34906598925590515 1.4603359699249268
vt 0.34906598925590515 1.4603359699249268
vt 0.17453299462795258 2.920670986175537
vt 0.17453299462795258 1.4603359699249268
vt 0.31415900588035583 13.143020629882812
vt 0.15707999467849731 13.143020629882812
vt 0.17453299462795258 11.682684898376465
vt 0.17453299462795258 11.682684898376465
vt 0.15707999467849731 13.143020629882812
vt 0 11.682684898376465
vt 0.17453299462795258 11.682684898376465
vt 0 11.682684898376465
vt 0.17453299462795258 10.222349166870117
vt 0.17453299462795258 10.222349166870117
vt 0 11.682684898376465
vt 0 10.222349166870117
vt 0.17453299462795258 10.222349166870117
vt 0 10.222349166870117
vt 0.17453299462795258 8.76201343536377
vt 0.17453299462795258 8.76201343536377
vt 0 10.222349166870117
vt 0 8.76201343536377
vt 0.17453299462795258 8.76201343536377
vt 0 8.76201343536377
vt 0.17453299462795258 7.30167818069458
vt 0.17453299462795258 7.30167818069458
vt 0 8.76201343536377
vt 0 7.30167818069458
vt 0.17453299462795258 7.30167818069458
vt 0 7.30167818069458
vt 0.17453299462795258 5.841341972351074
vt 0.17453299462795258 5.841341972351074
vt 0 7.30167818069458
vt 0 5.841341972351074
vt 0.17453299462795258 5.841341972351074
vt 0 5.841341972351074
vt 0.17453299462795258 4.381007194519043
vt 0.17453299462795258 4.381007194519043
vt 0 5.841341972351074
vt 0 4.381007194519043
vt 0.17453299462795258 4.381007194519043
vt 0 4.381007194519043
vt 0.17453299462795258 2.920670986175537
vt 0.17453299462795258 2.920670986175537
vt 0 4.381007194519043
vt 0 2.920670986175537
vt 0.17453299462795258 2.920670986175537
vt 0 2.920670986175537
vt 0.17453299462795258 1.4603359699249268
vt 0.17453299462795258 1.4603359699249268
vt 0 2.920670986175537
vt 0 1.4603359699249268
vt 0.15707999467849731 13.143020629882812
vt 0 13.143020629882812
vt 0 11.682684898376465
vt -0.6200000047683716 0
vt 0 0
vt -0.6200000047683716 1.4486229419708252
vt -0.6200000047683716 1.4486229419708252
vt 0 0
vt 0 1.4486229419708252
vt -0.6200000047683716 1.4486229419708252
vt 0 1.4486229419708252
vt -0.6200000047683716 2.897247076034546
vt -0.6200000047683716 2.897247076034546
vt 0 1.4486229419708252
vt 0 2.897247076034546
vt -0.6200000047683716 2.897247076034546
vt 0 2.897247076034546
vt -0.6200000047683716 4.345870018005371
vt -0.6200000047683716 4.345870018005371
vt 0 2.897247076034546
vt 0 4.345870018005371
vt -0.6200000047683716 4.345870018005371
vt 0 4.345870018005371
vt -0.6200000047683716 5.794493198394775
vt -0.6200000047683716 5.794493198394775
vt 0 4.345870018005371
vt 0 5.794493198394775
vt -0.6200000047683716 5.794493198394775
vt 0 5.794493198394775
vt -0.6200000047683716 7.2431159019470215
vt -0.6200000047683716 7.2431159019470215
vt 0 5.794493198394775
vt 0 7.2431159019470215
vt -0.6200000047683716 7.2431159019470215
vt 0 7.2431159019470215
vt -0.6200000047683716 8.691740036010742
vt -0.6200000047683716 8.691740036010742
vt 0 7.2431159019470215
vt 0 8.691740036010742
vt -0.6200000047683716 8.691740036010742
vt 0 8.691740036010742
vt -0.6200000047683716 10.140362739562988
vt -0.6200000047683716 10.140362739562988
vt 0 8.691740036010742
vt 0 10.140362739562988
vt -0.6200000047683716 10.140362739562988
vt 0 10.140362739562988
vt -0.6200000047683716 11.58898639678955
vt -0.6200000047683716 11.58898639678955
vt 0 10.140362739562988
vt 0 11.58898639678955
vt -0.6200000047683716 11.58898639678955
vt 0 11.58898639678955
vt -0.6200000047683716 13.037609100341797
vt -0.6200000047683716 13.037609100341797
vt 0 11.58898639678955
vt 0 13.037609100341797
vt -0.5 0
vt 0 0
vt -0.5 0.850193977355957
vt -0.5 0.850193977355957
vt 0 0
vt 0 1.5114550590515137
vt -0.5 0.850193977355957
vt 0 1.5114550590515137
vt -0.5 1.7003870010375977
vt -0.5 1.7003870010375977
vt 0 1.5114550590515137
vt -0.5 2.5505809783935547
vt -0.5 2.5505809783935547
vt 0 1.5114550590515137
vt 0 3.0229101181030273
vt -0.5 2.5505809783935547
vt 0 3.0229101181030273
vt -0.5 3.4007740020751953
vt -0.5 3.4007740020751953
vt 0 3.0229101181030273
vt 0 4.534365177154541
vt -0.5 3.4007740020751953
vt 0 4.534365177154541
vt -0.5 4.250967979431152
vt -0.5 4.250967979431152
vt 0 4.534365177154541
vt -0.5 5.101161003112793
vt -0.5 5.101161003112793
vt 0 4.534365177154541
vt 0 6.045821189880371
vt -0.5 5.101161003112793
vt 0 6.045821189880371
vt -0.5 5.95135498046875
vt -0.5 5.95135498046875
vt 0 6.045821189880371
vt -0.5 6.801548004150391
vt -0.5 6.801548004150391
vt 0 6.045821189880371
vt 0 7.557275772094727
vt -0.5 6.801548004150391
vt 0 7.557275772094727
vt -0.5 7.651741981506348
vt -0.5 7.651741981506348
vt 0 7.557275772094727
vt -0.5 8.501935005187988
vt -0.5 8.501935005187988
vt 0 7.557275772094727
vt 0 9.068730354309082
vt -0.5 8.501935005187988
vt 0 9.068730354309082
vt -0.5 9.352128982543945
vt -0.5 9.352128982543945
vt 0 9.068730354309082
vt -0.5 10.202322006225586
vt -0.5 10.202322006225586
vt 0 9.068730354309082
vt 0 10.580185890197754
vt -0.5 10.202322006225586
vt 0 10.580185890197754
vt -0.5 11.052515983581543
vt -0.5 11.052515983581543
vt 0 10.580185890197754
vt 0 12.091641426086426
vt -0.5 11.052515983581543
vt 0 12.091641426086426
vt -0.5 11.902709007263184
vt -0.5 11.902709007263184
vt 0 12.091641426086426
vt -0.5 12.75290298461914
vt -0.5 12.75290298461914
vt 0 12.091641426086426
vt 0 13.603096008300781
vt -0.5 12.75290298461914
vt 0 13.603096008300781
vt -0.5 13.603096008300781
vt -0.5 -13.603096008300781
vt 0 -13.603096008300781
vt -0.5 -12.75290298461914
vt -0.5 -12.75290298461914
vt 0 -13.603096008300781
vt 0 -12.091641426086426
vt -0.5 -12.75290298461914
vt 0 -12.091641426086426
vt -0.5 -11.902709007263184
vt -0.5 -11.902709007263184
vt 0 -12.091641426086426
vt -0.5 -11.052515983581543
vt -0.5 -11.052515983581543
vt 0 -12.091641426086426
vt 0 -10.580185890197754
vt -0.5 -11.052515983581543
vt 0 -10.580185890197754
vt -0.5 -10.202322006225586
vt -0.5 -10.202322006225586
vt 0 -10.580185890197754
vt 0 -9.068730354309082
vt -0.5 -10.202322006225586
vt 0 -9.068730354309082
vt -0.5 -9.352128982543945
vt -0.5 -9.352128982543945
vt 0 -9.068730354309082
vt -0.5 -8.501935005187988
vt -0.5 -8.501935005187988
vt 0 -9.068730354309082
vt 0 -7.557275772094727
vt -0.5 -8.501935005187988
vt 0 -7.557275772094727
vt -0.5 -7.651741981506348
vt -0.5 -7.651741981506348
vt 0 -7.557275772094727
vt -0.5 -6.801548004150391
vt -0.5 -6.801548004150391
vt 0 -7.557275772094727
vt 0 -6.045821189880371
vt -0.5 -6.801548004150391
vt 0 -6.045821189880371
vt -0.5 -5.95135498046875
vt -0.5 -5.95135498046875
vt 0 -6.045821189880371
vt -0.5 -5.101161003112793
vt -0.5 -5.101161003112793
vt 0 -6.045821189880371
vt 0 -4.534365177154541
vt -0.5 -5.101161003112793
vt 0 -4.534365177154541
vt -0.5 -4.250967979431152
vt -0.5 -4.250967979431152
vt 0 -4.534365177154541
vt -0.5 -3.4007740020751953
vt -0.5 -3.4007740020751953
vt 0 -4.534365177154541
vt 0 -3.0229101181030273
vt -0.5 -3.4007740020751953
vt 0 -3.0229101181030273
vt -0.5 -2.5505809783935547
vt -0.5 -2.5505809783935547
vt 0 -3.0229101181030273
vt 0 -1.5114550590515137
vt -0.5 -2.5505809783935547
vt 0 -1.5114550590515137
vt -0.5 -1.7003870010375977
vt -0.5 -1.7003870010375977
vt 0 -1.5114550590515137
vt -0.5 -0.850193977355957
vt -0.5 -0.850193977355957
vt 0 -1.5114550590515137
vt 0 0
vt -0.5 -0.850193977355957
vt 0 0
vt -0.5 0
vt 3.899724006652832 1.4193840026855469
vt -3.899724006652832 1.4193840026855469
vt 4.150000095367432 0
vt 4.150000095367432 0
vt -3.899724006652832 1.4193840026855469
vt -4.150000095367432 0
vt 4.150000095367432 0
vt -4.150000095367432 0
vt 3.899724006652832 -1.4193840026855469
vt 3.899724006652832 -1.4193840026855469
vt -4.150000095367432 0
vt -3.899724006652832 -1.4193840026855469
vt 3.899724006652832 -1.4193840026855469
vt -3.899724006652832 -1.4193840026855469
vt 3.1790850162506104 -2.6675689220428467
vt 3.1790850162506104 -2.6675689220428467
vt -3.899724006652832 -1.4193840026855469
vt -3.1790850162506104 -2.6675689220428467
vt 3.1790850162506104 -2.6675689220428467
vt -3.1790850162506104 -2.6675689220428467
vt 2.075000047683716 -3.5940051078796387
vt 2.075000047683716 -3.5940051078796387
vt -3.1790850162506104 -2.6675689220428467
vt -2.075000047683716 -3.5940051078796387
vt 2.075000047683716 -3.5940051078796387
vt -2.075000047683716 -3.5940051078796387
vt 0.7206400036811829 -4.086952209472656
vt 0.7206400036811829 -4.086952209472656
vt -2.075000047683716 -3.5940051078796387
vt -0.7206400036811829 -4.086952209472656
vt -3.899724006652832 1.4193840026855469
vt 3.899724006652832 1.4193840026855469
vt -3.1790850162506104 2.6675689220428467
vt -3.1790850162506104 2.6675689220428467
vt 3.899724006652832 1.4193840026855469
vt 3.1790850162506104 2.6675689220428467
vt -3.1790850162506104 2.6675689220428467
vt 3.1790850162506104 2.6675689220428467
vt -2.075000047683716 3.5940051078796387
vt -2.075000047683716 3.5940051078796387
vt 3.1790850162506104 2.6675689220428467
vt 2.075000047683716 3.5940051078796387
vt -2.075000047683716 3.5940051078796387
vt 2.075000047683716 3.5940051078796387
vt -0.7206400036811829 4.086952209472656
vt -0.7206400036811829 4.086952209472656
vt 2.075000047683716 3.5940051078796387
vt 0.7206400036811829 4.086952209472656
vt -3.5990231037139893 -1.3099370002746582
vt 3.5990231037139893 -1.3099370002746582
vt -3.8299999237060547 0
vt -3.8299999237060547 0
vt 3.5990231037139893 -1.3099370002746582
vt 3.8299999237060547 0
vt -3.8299999237060547 0
vt 3.8299999237060547 0
vt -3.5990231037139893 1.3099370002746582
vt -3.5990231037139893 1.3099370002746582
vt 3.8299999237060547 0
vt 3.5990231037139893 1.3099370002746582
vt -3.5990231037139893 1.3099370002746582
vt 3.5990231037139893 1.3099370002746582
vt -2.9339499473571777 2.4618771076202393
vt -2.9339499473571777 2.4618771076202393
vt 3.5990231037139893 1.3099370002746582
vt 2.9339499473571777 2.4618771076202393
vt -2.9339499473571777 2.4618771076202393
vt 2.9339499473571777 2.4618771076202393
vt -1.9149999618530273 3.3168768882751465
vt -1.9149999618530273 3.3168768882751465
vt 2.9339499473571777 2.4618771076202393
vt 1.9149999618530273 3.3168768882751465
vt -1.9149999618530273 3.3168768882751465
vt 1.9149999618530273 3.3168768882751465
vt -0.6650729775428772 3.7718141078948975
vt -0.6650729775428772 3.7718141078948975
vt 1.9149999618530273 3.3168768882751465
vt 0.6650729775428772 3.7718141078948975
vt 3.5990231037139893 -1.3099370002746582
vt -3.5990231037139893 -1.3099370002746582
vt 2.9339499473571777 -2.4618771076202393
vt 2.9339499473571777 -2.4618771076202393
vt -3.5990231037139893 -1.3099370002746582
vt -2.9339499473571777 -2.4618771076202393
vt 2.9339499473571777 -2.4618771076202393
vt -2.9339499473571777 -2.4618771076202393
vt 1.9149999618530273 -3.3168768882751465
vt 1.9149999618530273 -3.3168768882751465
vt -2.9339499473571777 -2.4618771076202393
vt -1.9149999618530273 -3.3168768882751465
vt 1.9149999618530273 -3.3168768882751465
vt -1.9149999618530273 -3.3168768882751465
vt 0.6650729775428772 -3.7718141078948975
vt 0.6650729775428772 -3.7718141078948975
vt -1.9149999618530273 -3.3168768882751465
vt -0.6650729775428772 -3.7718141078948975
vt -0.6200000047683716 -13.037609100341797
vt 0 -13.037609100341797
vt -0.6200000047683716 -11.58898639678955
vt -0.6200000047683716 -11.58898639678955
vt 0 -13.037609100341797
vt 0 -11.58898639678955
vt -0.6200000047683716 -11.58898639678955
vt 0 -11.58898639678955
vt -0.6200000047683716 -10.140362739562988
vt -0.6200000047683716 -10.140362739562988
vt 0 -11.58898639678955
vt 0 -10.140362739562988
vt -0.6200000047683716 -10.140362739562988
vt 0 -10.140362739562988
vt -0.6200000047683716 -8.691740036010742
vt -0.6200000047683716 -8.691740036010742
vt 0 -10.140362739562988
vt 0 -8.691740036010742
vt -0.6200000047683716 -8.691740036010742
vt 0 -8.691740036010742
vt -0.6200000047683716 -7.2431159019470215
vt -0.6200000047683716 -7.2431159019470215
vt 0 -8.691740036010742
vt 0 -7.2431159019470215
vt -0.6200000047683716 -7.2431159019470215
vt 0 -7.2431159019470215
vt -0.6200000047683716 -5.794493198394775
vt -0.6200000047683716 -5.794493198394775
vt 0 -7.2431159019470215
vt 0 -5.794493198394775
vt -0.6200000047683716 -5.794493198394775
vt 0 -5.794493198394775
vt -0.6200000047683716 -4.345870018005371
vt -0.6200000047683716 -4.345870018005371
vt 0 -5.794493198394775
vt 0 -4.345870018005371
vt -0.6200000047683716 -4.345870018005371
vt 0 -4.345870018005371
vt -0.6200000047683716 -2.897247076034546
vt -0.6200000047683716 -2.897247076034546
vt 0 -4.345870018005371
vt 0 -2.897247076034546
vt -0.6200000047683716 -2.897247076034546
vt 0 -2.897247076034546
vt -0.6200000047683716 -1.4486229419708252
vt -0.6200000047683716 -1.4486229419708252
vt 0 -2.897247076034546
vt 0 -1.4486229419708252
vt -0.6200000047683716 -1.4486229419708252
vt 0 -1.4486229419708252
vt -0.6200000047683716 0
vt -0.6200000047683716 0
vt 0 -1.4486229419708252
vt 0 0
vt 0 -13.143020629882812
vt 0.15707999467849731 -13.143020629882812
vt 0 -11.682684898376465
vt 0 -11.682684898376465
vt 0.15707999467849731 -13.143020629882812
vt 0.17453299462795258 -11.682684898376465
vt 0 -11.682684898376465
vt 0.17453299462795258 -11.682684898376465
vt 0 -10.222349166870117
vt 0 -10.222349166870117
vt 0.17453299462795258 -11.682684898376465
vt 0.17453299462795258 -10.222349166870117
vt 0 -10.222349166870117
vt 0.17453299462795258 -10.222349166870117
vt 0 -8.76201343536377
vt 0 -8.76201343536377
vt 0.17453299462795258 -10.222349166870117
vt 0.17453299462795258 -8.76201343536377
vt 0 -8.76201343536377
vt 0.17453299462795258 -8.76201343536377
vt 0 -7.30167818069458
vt 0 -7.30167818069458
vt 0.17453299462795258 -8.76201343536377
vt 0.17453299462795258 -7.30167818069458
vt 0 -7.30167818069458
vt 0.17453299462795258 -7.30167818069458
vt 0 -5.841341972351074
vt 0 -5.841341972351074
vt 0.17453299462795258 -7.30167818069458
vt 0.17453299462795258 -5.841341972351074
vt 0 -5.841341972351074
vt 0.17453299462795258 -5.841341972351074
vt 0 -4.381007194519043
vt 0 -4.381007194519043
vt 0.17453299462795258 -5.841341972351074
vt 0.17453299462795258 -4.381007194519043
vt 0 -4.381007194519043
vt 0.17453299462795258 -4.381007194519043
vt 0 -2.920670986175537
vt 0 -2.920670986175537
vt 0.17453299462795258 -4.381007194519043
vt 0.17453299462795258 -2.920670986175537
vt 0 -2.920670986175537
vt 0.17453299462795258 -2.920670986175537
vt 0 -1.4603359699249268
vt 0 -1.4603359699249268
vt 0.17453299462795258 -2.920670986175537
vt 0.17453299462795258 -1.4603359699249268
vt 0 -1.4603359699249268
vt 0.17453299462795258 -1.4603359699249268
vt 0.15707999467849731 0
vt 0.15707999467849731 0
vt 0.17453299462795258 -1.4603359699249268
vt 0.31415900588035583 0
vt 0.31415900588035583 0
vt 0.17453299462795258 -1.4603359699249268
vt 0.34906598925590515 -1.4603359699249268
vt 0.31415900588035583 0
vt 0.34906598925590515 -1.4603359699249268
vt 0.47123900055885315 0
vt 0.47123900055885315 0
vt 0.34906598925590515 -1.4603359699249268
vt 0.5235990285873413 -1.4603359699249268
vt 0.47123900055885315 0
vt 0.5235990285873413 -1.4603359699249268
vt 0.6283190250396729 0
vt 0.6283190250396729 0
vt 0.5235990285873413 -1.4603359699249268
vt 0.6981319785118103 -1.4603359699249268
vt 0.6283190250396729 0
vt 0.6981319785118103 -1.4603359699249268
vt 0.785398006439209 0
vt 0.785398006439209 0
vt 0.6981319785118103 -1.4603359699249268
vt 0.785398006439209 -1.4603359699249268
vt 0.785398006439209 -1.4603359699249268
vt 0.6981319785118103 -1.4603359699249268
vt 0.785398006439209 -2.920670986175537
vt 0.785398006439209 -2.920670986175537
vt 0.6981319785118103 -1.4603359699249268
vt 0.6981319785118103 -2.920670986175537
vt 0.785398006439209 -2.920670986175537
vt 0.6981319785118103 -2.920670986175537
vt 0.785398006439209 -4.381007194519043
vt 0.785398006439209 -4.381007194519043
vt 0.6981319785118103 -2.920670986175537
vt 0.6981319785118103 -4.381007194519043
vt 0.785398006439209 -4.381007194519043
vt 0.6981319785118103 -4.381007194519043
vt 0.785398006439209 -5.841341972351074
vt 0.785398006439209 -5.841341972351074
vt 0.6981319785118103 -4.381007194519043
vt 0.6981319785118103 -5.841341972351074
vt 0.785398006439209 -5.841341972351074
vt 0.6981319785118103 -5.841341972351074
vt 0.785398006439209 -7.30167818069458
vt 0.785398006439209 -7.30167818069458
vt 0.6981319785118103 -5.841341972351074
vt 0.6981319785118103 -7.30167818069458
vt 0.785398006439209 -7.30167818069458
vt 0.6981319785118103 -7.30167818069458
vt 0.785398006439209 -8.76201343536377
vt 0.785398006439209 -8.76201343536377
vt 0.6981319785118103 -7.30167818069458
vt 0.6981319785118103 -8.76201343536377
vt 0.785398006439209 -8.76201343536377
vt 0.6981319785118103 -8.76201343536377
vt 0.785398006439209 -10.222349166870117
vt 0.785398006439209 -10.222349166870117
vt 0.6981319785118103 -8.76201343536377
vt 0.6981319785118103 -10.222349166870117
vt 0.785398006439209 -10.222349166870117
vt 0.6981319785118103 -10.222349166870117
vt 0.785398006439209 -11.682684898376465
vt 0.785398006439209 -11.682684898376465
vt 0.6981319785118103 -10.222349166870117
vt 0.6981319785118103 -11.682684898376465
vt 0.785398006439209 -11.682684898376465
vt 0.6981319785118103 -11.682684898376465
vt 0.785398006439209 -13.143020629882812
vt 0.785398006439209 -13.143020629882812
vt 0.6981319785118103 -11.682684898376465
vt 0.6283190250396729 -13.143020629882812
vt 0.6283190250396729 -13.143020629882812
vt 0.6981319785118103 -11.682684898376465
vt 0.5235990285873413 -11.682684898376465
vt 0.6283190250396729 -13.143020629882812
vt 0.5235990285873413 -11.682684898376465
vt 0.47123900055885315 -13.143020629882812
vt 0.47123900055885315 -13.143020629882812
vt 0.5235990285873413 -11.682684898376465
vt 0.34906598925590515 -11.682684898376465
vt 0.47123900055885315 -13.143020629882812
vt 0.34906598925590515 -11.682684898376465
vt 0.31415900588035583 -13.143020629882812
vt 0.31415900588035583 -13.143020629882812
vt 0.34906598925590515 -11.682684898376465
vt 0.17453299462795258 -11.682684898376465
vt 0.31415900588035583 -13.143020629882812
vt 0.17453299462795258 -11.682684898376465
vt 0.15707999467849731 -13.143020629882812
vt 0.15707999467849731 0
vt 0 0
vt 0 -1.4603359699249268
vt 0.5235990285873413 -11.682684898376465
vt 0.6981319785118103 -11.682684898376465
vt 0.5235990285873413 -10.222349166870117
vt 0.5235990285873413 -10.222349166870117
vt 0.6981319785118103 -11.682684898376465
vt 0.6981319785118103 -10.222349166870117
vt 0.5235990285873413 -10.222349166870117
vt 0.6981319785118103 -10.222349166870117
vt 0.5235990285873413 -8.76201343536377
vt 0.5235990285873413 -8.76201343536377
vt 0.6981319785118103 -10.222349166870117
vt 0.6981319785118103 -8.76201343536377
vt 0.5235990285873413 -8.76201343536377
vt 0.6981319785118103 -8.76201343536377
vt 0.5235990285873413 -7.30167818069458
vt 0.5235990285873413 -7.30167818069458
vt 0.6981319785118103 -8.76201343536377
vt 0.6981319785118103 -7.30167818069458
vt 0.5235990285873413 -7.30167818069458
vt 0.6981319785118103 -7.30167818069458
vt 0.5235990285873413 -5.841341972351074
vt 0.5235990285873413 -5.841341972351074
vt 0.6981319785118103 -7.30167818069458
vt 0.6981319785118103 -5.841341972351074
vt 0.5235990285873413 -5.841341972351074
vt 0.6981319785118103 -5.841341972351074
vt 0.5235990285873413 -4.381007194519043
vt 0.5235990285873413 -4.381007194519043
vt 0.6981319785118103 -5.841341972351074
vt 0.6981319785118103 -4.381007194519043
vt 0.5235990285873413 -4.381007194519043
vt 0.6981319785118103 -4.381007194519043
vt 0.5235990285873413 -2.920670986175537
vt 0.5235990285873413 -2.920670986175537
vt 0.6981319785118103 -4.381007194519043
vt 0.6981319785118103 -2.920670986175537
vt 0.5235990285873413 -2.920670986175537
vt 0.6981319785118103 -2.920670986175537
vt 0.5235990285873413 -1.4603359699249268
vt 0.5235990285873413 -1.4603359699249268
vt 0.6981319785118103 -2.920670986175537
vt 0.6981319785118103 -1.4603359699249268
vt 0.17453299462795258 -10.222349166870117
vt 0.17453299462795258 -11.682684898376465
vt 0.34906598925590515 -11.682684898376465
vt 0.34906598925590515 -11.682684898376465
vt 0.5235990285873413 -11.682684898376465
vt 0.34906598925590515 -10.222349166870117
vt 0.34906598925590515 -10.222349166870117
vt 0.5235990285873413 -11.682684898376465
vt 0.5235990285873413 -10.222349166870117
vt 0.34906598925590515 -10.222349166870117
vt 0.5235990285873413 -10.222349166870117
vt 0.34906598925590515 -8.76201343536377
vt 0.34906598925590515 -8.76201343536377
vt 0.5235990285873413 -10.222349166870117
vt 0.5235990285873413 -8.76201343536377
vt 0.34906598925590515 -8.76201343536377
vt 0.5235990285873413 -8.76201343536377
vt 0.34906598925590515 -7.30167818069458
vt 0.34906598925590515 -7.30167818069458
vt 0.5235990285873413 -8.76201343536377
vt 0.5235990285873413 -7.30167818069458
vt 0.34906598925590515 -7.30167818069458
vt 0.5235990285873413 -7.30167818069458
vt 0.34906598925590515 -5.841341972351074
vt 0.34906598925590515 -5.841341972351074
vt 0.5235990285873413 -7.30167818069458
vt 0.5235990285873413 -5.841341972351074
vt 0.34906598925590515 -5.841341972351074
vt 0.5235990285873413 -5.841341972351074
vt 0.34906598925590515 -4.381007194519043
vt 0.34906598925590515 -4.381007194519043
vt 0.5235990285873413 -5.841341972351074
vt 0.5235990285873413 -4.381007194519043
vt 0.34906598925590515 -4.381007194519043
vt 0.5235990285873413 -4.381007194519043
vt 0.34906598925590515 -2.920670986175537
vt 0.34906598925590515 -2.920670986175537
vt 0.5235990285873413 -4.381007194519043
vt 0.5235990285873413 -2.920670986175537
vt 0.34906598925590515 -2.920670986175537
vt 0.5235990285873413 -2.920670986175537
vt 0.34906598925590515 -1.4603359699249268
vt 0.34906598925590515 -1.4603359699249268
vt 0.5235990285873413 -2.920670986175537
vt 0.5235990285873413 -1.4603359699249268
vt 0.17453299462795258 -8.76201343536377
vt 0.17453299462795258 -10.222349166870117
vt 0.34906598925590515 -10.222349166870117
vt 0.34906598925590515 -10.222349166870117
vt 0.17453299462795258 -10.222349166870117
vt 0.34906598925590515 -11.682684898376465
vt 0.17453299462795258 -8.76201343536377
vt 0.34906598925590515 -10.222349166870117
vt 0.34906598925590515 -8.76201343536377
vt 0.17453299462795258 -7.30167818069458
vt 0.17453299462795258 -8.76201343536377
vt 0.34906598925590515 -8.76201343536377
vt 0.17453299462795258 -7.30167818069458
vt 0.34906598925590515 -8.76201343536377
vt 0.34906598925590515 -7.30167818069458
vt 0.17453299462795258 -5.841341972351074
vt 0.17453299462795258 -7.30167818069458
vt 0.34906598925590515 -7.30167818069458
vt 0.17453299462795258 -5.841341972351074
vt 0.34906598925590515 -7.30167818069458
vt 0.34906598925590515 -5.841341972351074
vt 0.17453299462795258 -4.381007194519043
vt 0.17453299462795258 -5.841341972351074
vt 0.34906598925590515 -5.841341972351074
vt 0.17453299462795258 -4.381007194519043
vt 0.34906598925590515 -5.841341972351074
vt 0.34906598925590515 -4.381007194519043
vt 0.17453299462795258 -2.920670986175537
vt 0.17453299462795258 -4.381007194519043
vt 0.34906598925590515 -4.381007194519043
vt 0.17453299462795258 -2.920670986175537
vt 0.34906598925590515 -4.381007194519043
vt 0.34906598925590515 -2.920670986175537
vt 0.17453299462795258 -1.4603359699249268
vt 0.17453299462795258 -2.920670986175537
vt 0.34906598925590515 -2.920670986175537
vt 0.17453299462795258 -1.4603359699249268
vt 0.34906598925590515 -2.920670986175537
vt 0.34906598925590515 -1.4603359699249268
vt 4.068869113922119 29.31916046142578
vt 4.329999923706055 30.800107955932617
vt 4.150000095367432 30.800107955932617
vt 4.150000095367432 30.800107955932617
vt 4.329999923706055 30.800107955932617
vt 4.068869113922119 32.28105545043945
vt 4.150000095367432 30.800107955932617
vt 4.068869113922119 32.28105545043945
vt 3.899724006652832 32.21949005126953
vt 3.899724006652832 32.21949005126953
vt 4.068869113922119 32.28105545043945
vt 3.316972017288208 33.583377838134766
vt 3.899724006652832 32.21949005126953
vt 3.316972017288208 33.583377838134766
vt 3.1790850162506104 33.46767807006836
vt 3.1790850162506104 33.46767807006836
vt 3.316972017288208 33.583377838134766
vt 2.1649999618530273 34.54999923706055
vt 3.1790850162506104 33.46767807006836
vt 2.1649999618530273 34.54999923706055
vt 2.075000047683716 34.39411544799805
vt 2.075000047683716 34.39411544799805
vt 2.1649999618530273 34.54999923706055
vt 0.7518969774246216 35.064327239990234
vt 2.075000047683716 34.39411544799805
vt 0.7518969774246216 35.064327239990234
vt 0.7206400036811829 34.887062072753906
vt 0.7206400036811829 34.887062072753906
vt 0.7518969774246216 35.064327239990234
vt -0.7518969774246216 35.064327239990234
vt 0.7206400036811829 34.887062072753906
vt -0.7518969774246216 35.064327239990234
vt -0.7206400036811829 34.887062072753906
vt -0.7206400036811829 34.887062072753906
vt -0.7518969774246216 35.064327239990234
vt -2.075000047683716 34.39411544799805
vt -2.075000047683716 34.39411544799805
vt -0.7518969774246216 35.064327239990234
vt -2.1649999618530273 34.54999923706055
vt -2.075000047683716 34.39411544799805
vt -2.1649999618530273 34.54999923706055
vt -3.1790850162506104 33.46767807006836
vt -3.1790850162506104 33.46767807006836
vt -2.1649999618530273 34.54999923706055
vt -3.316972017288208 33.583377838134766
vt -3.1790850162506104 33.46767807006836
vt -3.316972017288208 33.583377838134766
vt -3.899724006652832 32.21949005126953
vt -3.899724006652832 32.21949005126953
vt -3.316972017288208 33.583377838134766
vt -4.068869113922119 32.28105545043945
vt -3.899724006652832 32.21949005126953
vt -4.068869113922119 32.28105545043945
vt -4.150000095367432 30.800107955932617
vt -4.150000095367432 30.800107955932617
vt -4.068869113922119 32.28105545043945
vt -4.329999923706055 30.800107955932617
vt -4.150000095367432 30.800107955932617
vt -4.329999923706055 30.800107955932617
vt -4.068869113922119 29.31916046142578
vt -4.150000095367432 30.800107955932617
vt -4.068869113922119 29.31916046142578
vt -3.899724006652832 29.38072395324707
vt -3.899724006652832 29.38072395324707
vt -4.068869113922119 29.31916046142578
vt -3.316972017288208 28.01683807373047
vt -3.899724006652832 29.38072395324707
vt -3.316972017288208 28.01683807373047
vt -3.1790850162506104 28.132539749145508
vt -3.1790850162506104 28.132539749145508
vt -3.316972017288208 28.01683807373047
vt -2.1649999618530273 27.05021858215332
vt -3.1790850162506104 28.132539749145508
vt -2.1649999618530273 27.05021858215332
vt -2.075000047683716 27.20610237121582
vt -2.075000047683716 27.20610237121582
vt -2.1649999618530273 27.05021858215332
vt -0.7518969774246216 26.535890579223633
vt -2.075000047683716 27.20610237121582
vt -0.7518969774246216 26.535890579223633
vt -0.7206400036811829 26.71315574645996
vt -0.7206400036811829 26.71315574645996
vt -0.7518969774246216 26.535890579223633
vt 0.7518969774246216 26.535890579223633
vt -0.7206400036811829 26.71315574645996
vt 0.7518969774246216 26.535890579223633
vt 0.7206400036811829 26.71315574645996
vt 0.7206400036811829 26.71315574645996
vt 0.7518969774246216 26.535890579223633
vt 2.075000047683716 27.20610237121582
vt 2.075000047683716 27.20610237121582
vt 0.7518969774246216 26.535890579223633
vt 2.1649999618530273 27.05021858215332
vt 2.075000047683716 27.20610237121582
vt 2.1649999618530273 27.05021858215332
vt 3.1790850162506104 28.132539749145508
vt 3.1790850162506104 28.132539749145508
vt 2.1649999618530273 27.05021858215332
vt 3.316972017288208 28.01683807373047
vt 3.1790850162506104 28.132539749145508
vt 3.316972017288208 28.01683807373047
vt 3.899724006652832 29.38072395324707
vt 3.899724006652832 29.38072395324707
vt 3.316972017288208 28.01683807373047
vt 4.068869113922119 29.31916046142578
vt 3.899724006652832 29.38072395324707
vt 4.068869113922119 29.31916046142578
vt 4.150000095367432 30.800107955932617
vt -15.398985862731934 -13.603096008300781
vt -15.795804977416992 -12.091641426086426
vt -17.4871768951416 -13.603096008300781
vt -17.4871768951416 -13.603096008300781
vt -15.795804977416992 -12.091641426086426
vt -17.4871768951416 -12.091641426086426
vt -17.4871768951416 -12.091641426086426
vt -15.795804977416992 -12.091641426086426
vt -16.14476203918457 -10.580185890197754
vt -17.4871768951416 -12.091641426086426
vt -16.14476203918457 -10.580185890197754
vt -17.4871768951416 -10.580185890197754
vt -17.4871768951416 -10.580185890197754
vt -16.14476203918457 -10.580185890197754
vt -16.403766632080078 -9.068730354309082
vt -17.4871768951416 -10.580185890197754
vt -16.403766632080078 -9.068730354309082
vt -17.4871768951416 -9.068730354309082
vt -17.4871768951416 -9.068730354309082
vt -16.403766632080078 -9.068730354309082
vt -16.541580200195312 -7.557275772094727
vt -17.4871768951416 -9.068730354309082
vt -16.541580200195312 -7.557275772094727
vt -17.4871768951416 -7.557275772094727
vt -17.4871768951416 -7.557275772094727
vt -16.541580200195312 -7.557275772094727
vt -17.4871768951416 -6.045821189880371
vt -17.4871768951416 -6.045821189880371
vt -16.541580200195312 -7.557275772094727
vt -16.541580200195312 -6.045821189880371
vt -17.4871768951416 -6.045821189880371
vt -16.541580200195312 -6.045821189880371
vt -17.4871768951416 -4.534365177154541
vt -17.4871768951416 -4.534365177154541
vt -16.541580200195312 -6.045821189880371
vt -16.403766632080078 -4.534365177154541
vt -17.4871768951416 -4.534365177154541
vt -16.403766632080078 -4.534365177154541
vt -17.4871768951416 -3.0229101181030273
vt -17.4871768951416 -3.0229101181030273
vt -16.403766632080078 -4.534365177154541
vt -16.14476203918457 -3.0229101181030273
vt -17.4871768951416 -3.0229101181030273
vt -16.14476203918457 -3.0229101181030273
vt -17.4871768951416 -1.5114550590515137
vt -17.4871768951416 -1.5114550590515137
vt -16.14476203918457 -3.0229101181030273
vt -15.795804977416992 -1.5114550590515137
vt -17.4871768951416 -1.5114550590515137
vt -15.795804977416992 -1.5114550590515137
vt -17.4871768951416 0
vt -17.4871768951416 0
vt -15.795804977416992 -1.5114550590515137
vt -15.398985862731934 0
vt -0.5 -13.603096008300781
vt 0 -13.603096008300781
vt -0.5 -12.091641426086426
vt -0.5 -12.091641426086426
vt 0 -13.603096008300781
vt 0 -12.091641426086426
vt -0.5 -12.091641426086426
vt 0 -12.091641426086426
vt -0.5 -10.580185890197754
vt -0.5 -10.580185890197754
vt 0 -12.091641426086426
vt 0 -10.580185890197754
vt -0.5 -10.580185890197754
vt 0 -10.580185890197754
vt -0.5 -9.068730354309082
vt -0.5 -9.068730354309082
vt 0 -10.580185890197754
vt 0 -9.068730354309082
vt -0.5 -9.068730354309082
vt 0 -9.068730354309082
vt -0.5 -7.557275772094727
vt -0.5 -7.557275772094727
vt 0 -9.068730354309082
vt 0 -7.557275772094727
vt -0.5 -7.557275772094727
vt 0 -7.557275772094727
vt -0.5 -6.045821189880371
vt -0.5 -6.045821189880371
vt 0 -7.557275772094727
vt 0 -6.045821189880371
vt -0.5 -6.045821189880371
vt 0 -6.045821189880371
vt -0.5 -4.534365177154541
vt -0.5 -4.534365177154541
vt 0 -6.045821189880371
vt 0 -4.534365177154541
vt -0.5 -4.534365177154541
vt 0 -4.534365177154541
vt -0.5 -3.0229101181030273
vt -0.5 -3.0229101181030273
vt 0 -4.534365177154541
vt 0 -3.0229101181030273
vt -0.5 -3.0229101181030273
vt 0 -3.0229101181030273
vt -0.5 -1.5114550590515137
vt -0.5 -1.5114550590515137
vt 0 -3.0229101181030273
vt 0 -1.5114550590515137
vt -0.5 -1.5114550590515137
vt 0 -1.5114550590515137
vt -0.5 0
vt -0.5 0
vt 0 -1.5114550590515137
vt 0 0
vn 0 1 0
vn 0 1 0
vn 0.34202015414019754 0.9396926168497417 0
vn 0.34202015414019754 0.9396926168497417 0
vn 0 1 0
vn 0.34202015414019754 0.9396926168497417 0
vn 0.34202015414019754 0.9396926168497417 0
vn 0.34202015414019754 0.9396926168497417 0
vn 0.6427876273097093 0.7660444283313822 0
vn 0.6427876273097093 0.7660444283313822 0
vn 0.34202015414019754 0.9396926168497417 0
vn 0.6427876273097093 0.7660444283313822 0
vn 0.6427876273097093 0.7660444283313822 0
vn 0.6427876273097093 0.7660444283313822 0
vn 0.8660253998985324 0.5000000067305869 0
vn 0.8660253998985324 0.5000000067305869 0
vn 0.6427876273097093 0.7660444283313822 0
vn 0.8660253998985324 0.5000000067305869 0
vn 0.8660253998985324 0.5000000067305869 0
vn 0.8660253998985324 0.5000000067305869 0
vn 0.9848077496059419 0.17364819698482423 0
vn 0.9848077496059419 0.17364819698482423 0
vn 0.8660253998985324 0.5000000067305869 0
vn 0.9848077496059419 0.17364819698482423 0
vn 0.9848077496059419 0.17364819698482423 0
vn 0.9848077496059419 0.17364819698482423 0
vn 0.9848077496059419 -0.17364819698482423 0
vn 0.9848077496059419 -0.17364819698482423 0
vn 0.9848077496059419 0.17364819698482423 0
vn 0.9848077496059419 -0.17364819698482423 0
vn 0.9848077496059419 -0.17364819698482423 0
vn 0.9848077496059419 -0.17364819698482423 0
vn 0.8660253998985324 -0.5000000067305869 0
vn 0.8660253998985324 -0.5000000067305869 0
vn 0.9848077496059419 -0.17364819698482423 0
vn 0.8660253998985324 -0.5000000067305869 0
vn 0.8660253998985324 -0.5000000067305869 0
vn 0.8660253998985324 -0.5000000067305869 0
vn 0.6427876273097093 -0.7660444283313822 0
vn 0.6427876273097093 -0.7660444283313822 0
vn 0.8660253998985324 -0.5000000067305869 0
vn 0.6427876273097093 -0.7660444283313822 0
vn 0.6427876273097093 -0.7660444283313822 0
vn 0.6427876273097093 -0.7660444283313822 0
vn 0.34202015414019754 -0.9396926168497417 0
vn 0.34202015414019754 -0.9396926168497417 0
vn 0.6427876273097093 -0.7660444283313822 0
vn 0.34202015414019754 -0.9396926168497417 0
vn 0.34202015414019754 -0.9396926168497417 0
vn 0.34202015414019754 -0.9396926168497417 0
vn 0 -1 0
vn 0 -1 0
vn 0.34202015414019754 -0.9396926168497417 0
vn 0 -1 0
vn 0 -1 0
vn 0 -1 0
vn 0.34202015414019754 -0.9396926168497417 0
vn 0.34202015414019754 -0.9396926168497417 0
vn 0 -1 0
vn 0.34202015414019754 -0.9396926168497417 0
vn 0.34202015414019754 -0.9396926168497417 0
vn 0.34202015414019754 -0.9396926168497417 0
vn 0.6427876273097093 -0.7660444283313822 0
vn 0.6427876273097093 -0.7660444283313822 0
vn 0.34202015414019754 -0.9396926168497417 0
vn 0.6427876273097093 -0.7660444283313822 0
vn 0.6427876273097093 -0.7660444283313822 0
vn 0.6427876273097093 -0.7660444283313822 0
vn 0.8660253998985324 -0.5000000067305869 0
vn 0.8660253998985324 -0.5000000067305869 0
vn 0.6427876273097093 -0.7660444283313822 0
vn 0.8660253998985324 -0.5000000067305869 0
vn 0.8660253998985324 -0.5000000067305869 0
vn 0.8660253998985324 -0.5000000067305869 0
vn 0.9848077496059419 -0.17364819698482423 0
vn 0.9848077496059419 -0.17364819698482423 0
vn 0.8660253998985324 -0.5000000067305869 0
vn 0.9848077496059419 -0.17364819698482423 0
vn 0.9848077496059419 -0.17364819698482423 0
vn 0.9848077496059419 -0.17364819698482423 0
vn 0.9848077496059419 0.17364819698482423 0
vn 0.9848077496059419 0.17364819698482423 0
vn 0.9848077496059419 -0.17364819698482423 0
vn 0.9848077496059419 0.17364819698482423 0
vn 0.9848077496059419 0.17364819698482423 0
vn 0.9848077496059419 0.17364819698482423 0
vn 0.8660253998985324 0.5000000067305869 0
vn 0.9848077496059419 0.17364819698482423 0
vn 0.8660253998985324 0.5000000067305869 0
vn 0.8660253998985324 0.5000000067305869 0
vn 0.8660253998985324 0.5000000067305869 0
vn 0.8660253998985324 0.5000000067305869 0
vn 0.6427876273097093 0.7660444283313822 0
vn 0.8660253998985324 0.5000000067305869 0
vn 0.6427876273097093 0.7660444283313822 0
vn 0.6427876273097093 0.7660444283313822 0
vn 0.6427876273097093 0.7660444283313822 0
vn 0.6427876273097093 0.7660444283313822 0
vn 0.34202015414019754 0.9396926168497417 0
vn 0.6427876273097093 0.7660444283313822 0
vn 0.34202015414019754 0.9396926168497417 0
vn 0.34202015414019754 0.9396926168497417 0
vn 0.34202015414019754 0.9396926168497417 0
vn 0.34202015414019754 0.9396926168497417 0
vn 0 1 0
vn 0.34202015414019754 0.9396926168497417 0
vn 0 1 0
vn 0 1 0
vn 0 0.3090169948284817 0.9510565161477913
vn 0 0 1
vn 0.05939117212047616 0.1631759145037653 0.9848077526096226
vn 0.05939117212047616 0.1631759145037653 0.9848077526096226
vn 0 0 1
vn 0 0 1
vn 0.05939117212047616 0.1631759145037653 0.9848077526096226
vn 0 0 1
vn 0.11161890138611856 0.13302222201398467 0.9848077524592391
vn 0.11161890138611856 0.13302222201398467 0.9848077524592391
vn 0 0 1
vn 0 0 1
vn 0.11161890138611856 0.13302222201398467 0.9848077524592391
vn 0 0 1
vn 0.1503837292762988 0.08682409876806176 0.9848077527325152
vn 0.1503837292762988 0.08682409876806176 0.9848077527325152
vn 0 0 1
vn 0 0 1
vn 0.1503837292762988 0.08682409876806176 0.9848077527325152
vn 0 0 1
vn 0.1710100807645586 0.030153690569853515 0.9848077514022302
vn 0.1710100807645586 0.030153690569853515 0.9848077514022302
vn 0 0 1
vn 0 0 1
vn 0.1710100807645586 0.030153690569853515 0.9848077514022302
vn 0 0 1
vn 0.1710100807645586 -0.030153690569853515 0.9848077514022302
vn 0.1710100807645586 -0.030153690569853515 0.9848077514022302
vn 0 0 1
vn 0 0 1
vn 0.1710100807645586 -0.030153690569853515 0.9848077514022302
vn 0 0 1
vn 0.1503837292762988 -0.08682409876806176 0.9848077527325152
vn 0.1503837292762988 -0.08682409876806176 0.9848077527325152
vn 0 0 1
vn 0 0 1
vn 0.1503837292762988 -0.08682409876806176 0.9848077527325152
vn 0 0 1
vn 0.11161890138611856 -0.13302222201398467 0.9848077524592391
vn 0.11161890138611856 -0.13302222201398467 0.9848077524592391
vn 0 0 1
vn 0 0 1
vn 0.11161890138611856 -0.13302222201398467 0.9848077524592391
vn 0 0 1
vn 0.05939117212047616 -0.1631759145037653 0.9848077526096226
vn 0.05939117212047616 -0.1631759145037653 0.9848077526096226
vn 0 0 1
vn 0 0 1
vn 0.05939117212047616 -0.1631759145037653 0.9848077526096226
vn 0 0 1
vn 0 0 1
vn 0 0 1
vn 0 -0.3090169948284817 0.9510565161477913
vn 0.05939117212047616 -0.1631759145037653 0.9848077526096226
vn 0.05939117212047616 -0.1631759145037653 0.9848077526096226
vn 0 -0.3090169948284817 0.9510565161477913
vn 0.1710100793192693 -0.46984631460441584 0.8660253999877056
vn 0.05939117212047616 -0.1631759145037653 0.9848077526096226
vn 0.1710100793192693 -0.46984631460441584 0.8660253999877056
vn 0.11161890138611856 -0.13302222201398467 0.9848077524592391
vn 0.11161890138611856 -0.13302222201398467 0.9848077524592391
vn 0.1710100793192693 -0.46984631460441584 0.8660253999877056
vn 0.3213938209874462 -0.38302222290433297 0.8660253971983227
vn 0.11161890138611856 -0.13302222201398467 0.9848077524592391
vn 0.3213938209874462 -0.38302222290433297 0.8660253971983227
vn 0.1503837292762988 -0.08682409876806176 0.9848077527325152
vn 0.1503837292762988 -0.08682409876806176 0.9848077527325152
vn 0.3213938209874462 -0.38302222290433297 0.8660253971983227
vn 0.43301270140648107 -0.25000000420661683 0.8660254028129621
vn 0.1503837292762988 -0.08682409876806176 0.9848077527325152
vn 0.43301270140648107 -0.25000000420661683 0.8660254028129621
vn 0.1710100807645586 -0.030153690569853515 0.9848077514022302
vn 0.1710100807645586 -0.030153690569853515 0.9848077514022302
vn 0.43301270140648107 -0.25000000420661683 0.8660254028129621
vn 0.4924038739744779 -0.08682409834632641 0.8660254042701486
vn 0.1710100807645586 -0.030153690569853515 0.9848077514022302
vn 0.4924038739744779 -0.08682409834632641 0.8660254042701486
vn 0.1710100807645586 0.030153690569853515 0.9848077514022302
vn 0.1710100807645586 0.030153690569853515 0.9848077514022302
vn 0.4924038739744779 -0.08682409834632641 0.8660254042701486
vn 0.4924038739744779 0.08682409834632641 0.8660254042701486
vn 0.1710100807645586 0.030153690569853515 0.9848077514022302
vn 0.4924038739744779 0.08682409834632641 0.8660254042701486
vn 0.1503837292762988 0.08682409876806176 0.9848077527325152
vn 0.1503837292762988 0.08682409876806176 0.9848077527325152
vn 0.4924038739744779 0.08682409834632641 0.8660254042701486
vn 0.43301270140648107 0.25000000420661683 0.8660254028129621
vn 0.1503837292762988 0.08682409876806176 0.9848077527325152
vn 0.43301270140648107 0.25000000420661683 0.8660254028129621
vn 0.11161890138611856 0.13302222201398467 0.9848077524592391
vn 0.11161890138611856 0.13302222201398467 0.9848077524592391
vn 0.43301270140648107 0.25000000420661683 0.8660254028129621
vn 0.3213938209874462 0.38302222290433297 0.8660253971983227
vn 0.11161890138611856 0.13302222201398467 0.9848077524592391
vn 0.3213938209874462 0.38302222290433297 0.8660253971983227
vn 0.05939117212047616 0.1631759145037653 0.9848077526096226
vn 0.05939117212047616 0.1631759145037653 0.9848077526096226
vn 0.3213938209874462 0.38302222290433297 0.8660253971983227
vn 0.1710100793192693 0.46984631460441584 0.8660253999877056
vn 0.05939117212047616 0.1631759145037653 0.9848077526096226
vn 0.1710100793192693 0.46984631460441584 0.8660253999877056
vn 0 0.3090169948284817 0.9510565161477913
vn 0 0.3090169948284817 0.9510565161477913
vn 0.1710100793192693 0.46984631460441584 0.8660253999877056
vn 0 0.5877852429542022 0.8090170011595983
vn 0 0.5877852429542022 0.8090170011595983
vn 0.1710100793192693 0.46984631460441584 0.8660253999877056
vn 0.26200261411021303 0.7198462999599907 0.6427876279404618
vn 0 0.5877852429542022 0.8090170011595983
vn 0.26200261411021303 0.7198462999599907 0.6427876279404618
vn 0 0.8090170011595983 0.5877852429542022
vn 0 0.8090170011595983 0.5877852429542022
vn 0.26200261411021303 0.7198462999599907 0.6427876279404618
vn 0.32139380745050933 0.8830222206858477 0.342020143131218
vn 0 0.8090170011595983 0.5877852429542022
vn 0.32139380745050933 0.8830222206858477 0.342020143131218
vn 0 0.9510565161477913 0.3090169948284817
vn 0 0.9510565161477913 0.3090169948284817
vn 0.32139380745050933 0.8830222206858477 0.342020143131218
vn 0.34202015414019754 0.9396926168497417 0
vn 0 0.9510565161477913 0.3090169948284817
vn 0.34202015414019754 0.9396926168497417 0
vn 0 1 0
vn 0 -0.3090169948284817 0.9510565161477913
vn 0 -0.5877852429542022 0.8090170011595983
vn 0.1710100793192693 -0.46984631460441584 0.8660253999877056
vn 0.1710100793192693 -0.46984631460441584 0.8660253999877056
vn 0 -0.5877852429542022 0.8090170011595983
vn 0.26200261411021303 -0.7198462999599907 0.6427876279404618
vn 0.1710100793192693 -0.46984631460441584 0.8660253999877056
vn 0.26200261411021303 -0.7198462999599907 0.6427876279404618
vn 0.3213938209874462 -0.38302222290433297 0.8660253971983227
vn 0.3213938209874462 -0.38302222290433297 0.8660253971983227
vn 0.26200261411021303 -0.7198462999599907 0.6427876279404618
vn 0.4924038680488095 -0.5868240632860271 0.642787639488383
vn 0.3213938209874462 -0.38302222290433297 0.8660253971983227
vn 0.4924038680488095 -0.5868240632860271 0.642787639488383
vn 0.43301270140648107 -0.25000000420661683 0.8660254028129621
vn 0.43301270140648107 -0.25000000420661683 0.8660254028129621
vn 0.4924038680488095 -0.5868240632860271 0.642787639488383
vn 0.6634139343680269 -0.3830222146170346 0.6427876280671536
vn 0.43301270140648107 -0.25000000420661683 0.8660254028129621
vn 0.6634139343680269 -0.3830222146170346 0.6427876280671536
vn 0.4924038739744779 -0.08682409834632641 0.8660254042701486
vn 0.4924038739744779 -0.08682409834632641 0.8660254042701486
vn 0.6634139343680269 -0.3830222146170346 0.6427876280671536
vn 0.7544064967398257 -0.133022216290019 0.6427876225084261
vn 0.4924038739744779 -0.08682409834632641 0.8660254042701486
vn 0.7544064967398257 -0.133022216290019 0.6427876225084261
vn 0.4924038739744779 0.08682409834632641 0.8660254042701486
vn 0.4924038739744779 0.08682409834632641 0.8660254042701486
vn 0.7544064967398257 -0.133022216290019 0.6427876225084261
vn 0.7544064967398257 0.133022216290019 0.6427876225084261
vn 0.4924038739744779 0.08682409834632641 0.8660254042701486
vn 0.7544064967398257 0.133022216290019 0.6427876225084261
vn 0.43301270140648107 0.25000000420661683 0.8660254028129621
vn 0.43301270140648107 0.25000000420661683 0.8660254028129621
vn 0.7544064967398257 0.133022216290019 0.6427876225084261
vn 0.6634139343680269 0.3830222146170346 0.6427876280671536
vn 0.43301270140648107 0.25000000420661683 0.8660254028129621
vn 0.6634139343680269 0.3830222146170346 0.6427876280671536
vn 0.3213938209874462 0.38302222290433297 0.8660253971983227
vn 0.3213938209874462 0.38302222290433297 0.8660253971983227
vn 0.6634139343680269 0.3830222146170346 0.6427876280671536
vn 0.4924038680488095 0.5868240632860271 0.642787639488383
vn 0.3213938209874462 0.38302222290433297 0.8660253971983227
vn 0.4924038680488095 0.5868240632860271 0.642787639488383
vn 0.1710100793192693 0.46984631460441584 0.8660253999877056
vn 0.1710100793192693 0.46984631460441584 0.8660253999877056
vn 0.4924038680488095 0.5868240632860271 0.642787639488383
vn 0.26200261411021303 0.7198462999599907 0.6427876279404618
vn 0 -0.5877852429542022 0.8090170011595983
vn 0 -0.8090170011595983 0.5877852429542022
vn 0.26200261411021303 -0.7198462999599907 0.6427876279404618
vn 0.26200261411021303 -0.7198462999599907 0.6427876279404618
vn 0 -0.8090170011595983 0.5877852429542022
vn 0.32139380745050933 -0.8830222206858477 0.342020143131218
vn 0.26200261411021303 -0.7198462999599907 0.6427876279404618
vn 0.32139380745050933 -0.8830222206858477 0.342020143131218
vn 0.4924038680488095 -0.5868240632860271 0.642787639488383
vn 0.4924038680488095 -0.5868240632860271 0.642787639488383
vn 0.32139380745050933 -0.8830222206858477 0.342020143131218
vn 0.6040227579709426 -0.7198463280778581 0.34202013362666334
vn 0.4924038680488095 -0.5868240632860271 0.642787639488383
vn 0.6040227579709426 -0.7198463280778581 0.34202013362666334
vn 0.6634139343680269 -0.3830222146170346 0.6427876280671536
vn 0.6634139343680269 -0.3830222146170346 0.6427876280671536
vn 0.6040227579709426 -0.7198463280778581 0.34202013362666334
vn 0.8137976695364079 -0.4698463179395005 0.34202016106628175
vn 0.6634139343680269 -0.3830222146170346 0.6427876280671536
vn 0.8137976695364079 -0.4698463179395005 0.34202016106628175
vn 0.7544064967398257 -0.133022216290019 0.6427876225084261
vn 0.7544064967398257 -0.133022216290019 0.6427876225084261
vn 0.8137976695364079 -0.4698463179395005 0.34202016106628175
vn 0.9254165765800568 -0.1631759085595338 0.3420201494892054
vn 0.7544064967398257 -0.133022216290019 0.6427876225084261
vn 0.9254165765800568 -0.1631759085595338 0.3420201494892054
vn 0.7544064967398257 0.133022216290019 0.6427876225084261
vn 0.7544064967398257 0.133022216290019 0.6427876225084261
vn 0.9254165765800568 -0.1631759085595338 0.3420201494892054
vn 0.9254165765800568 0.1631759085595338 0.3420201494892054
vn 0.7544064967398257 0.133022216290019 0.6427876225084261
vn 0.9254165765800568 0.1631759085595338 0.3420201494892054
vn 0.6634139343680269 0.3830222146170346 0.6427876280671536
vn 0.6634139343680269 0.3830222146170346 0.6427876280671536
vn 0.9254165765800568 0.1631759085595338 0.3420201494892054
vn 0.8137976695364079 0.4698463179395005 0.34202016106628175
vn 0.6634139343680269 0.3830222146170346 0.6427876280671536
vn 0.8137976695364079 0.4698463179395005 0.34202016106628175
vn 0.4924038680488095 0.5868240632860271 0.642787639488383
vn 0.4924038680488095 0.5868240632860271 0.642787639488383
vn 0.8137976695364079 0.4698463179395005 0.34202016106628175
vn 0.6040227579709426 0.7198463280778581 0.34202013362666334
vn 0.4924038680488095 0.5868240632860271 0.642787639488383
vn 0.6040227579709426 0.7198463280778581 0.34202013362666334
vn 0.26200261411021303 0.7198462999599907 0.6427876279404618
vn 0.26200261411021303 0.7198462999599907 0.6427876279404618
vn 0.6040227579709426 0.7198463280778581 0.34202013362666334
vn 0.32139380745050933 0.8830222206858477 0.342020143131218
vn 0 -0.8090170011595983 0.5877852429542022
vn 0 -0.9510565161477913 0.3090169948284817
vn 0.32139380745050933 -0.8830222206858477 0.342020143131218
vn 0.32139380745050933 -0.8830222206858477 0.342020143131218
vn 0 -0.9510565161477913 0.3090169948284817
vn 0.34202015414019754 -0.9396926168497417 0
vn 0.32139380745050933 -0.8830222206858477 0.342020143131218
vn 0.34202015414019754 -0.9396926168497417 0
vn 0.6040227579709426 -0.7198463280778581 0.34202013362666334
vn 0.6040227579709426 -0.7198463280778581 0.34202013362666334
vn 0.34202015414019754 -0.9396926168497417 0
vn 0.6427876273097093 -0.7660444283313822 0
vn 0.6040227579709426 -0.7198463280778581 0.34202013362666334
vn 0.6427876273097093 -0.7660444283313822 0
vn 0.8137976695364079 -0.4698463179395005 0.34202016106628175
vn 0.8137976695364079 -0.4698463179395005 0.34202016106628175
vn 0.6427876273097093 -0.7660444283313822 0
vn 0.8660253998985324 -0.5000000067305869 0
vn 0.8137976695364079 -0.4698463179395005 0.34202016106628175
vn 0.8660253998985324 -0.5000000067305869 0
vn 0.9254165765800568 -0.1631759085595338 0.3420201494892054
vn 0.9254165765800568 -0.1631759085595338 0.3420201494892054
vn 0.8660253998985324 -0.5000000067305869 0
vn 0.9848077496059419 -0.17364819698482423 0
vn 0.9254165765800568 -0.1631759085595338 0.3420201494892054
vn 0.9848077496059419 -0.17364819698482423 0
vn 0.9254165765800568 0.1631759085595338 0.3420201494892054
vn 0.9254165765800568 0.1631759085595338 0.3420201494892054
vn 0.9848077496059419 -0.17364819698482423 0
vn 0.9848077496059419 0.17364819698482423 0
vn 0.9254165765800568 0.1631759085595338 0.3420201494892054
vn 0.9848077496059419 0.17364819698482423 0
vn 0.8137976695364079 0.4698463179395005 0.34202016106628175
vn 0.8137976695364079 0.4698463179395005 0.34202016106628175
vn 0.9848077496059419 0.17364819698482423 0
vn 0.8660253998985324 0.5000000067305869 0
vn 0.8137976695364079 0.4698463179395005 0.34202016106628175
vn 0.8660253998985324 0.5000000067305869 0
vn 0.6040227579709426 0.7198463280778581 0.34202013362666334
vn 0.6040227579709426 0.7198463280778581 0.34202013362666334
vn 0.8660253998985324 0.5000000067305869 0
vn 0.6427876273097093 0.7660444283313822 0
vn 0.6040227579709426 0.7198463280778581 0.34202013362666334
vn 0.6427876273097093 0.7660444283313822 0
vn 0.32139380745050933 0.8830222206858477 0.342020143131218
vn 0.32139380745050933 0.8830222206858477 0.342020143131218
vn 0.6427876273097093 0.7660444283313822 0
vn 0.34202015414019754 0.9396926168497417 0
vn 0 -0.9510565161477913 0.3090169948284817
vn 0 -1 0
vn 0.34202015414019754 -0.9396926168497417 0
vn 0 1 0
vn 0 1 0
vn 0.34202015414019754 0.9396926168497417 0
vn 0.34202015414019754 0.9396926168497417 0
vn 0 1 0
vn 0.34202015414019754 0.9396926168497417 0
vn 0.34202015414019754 0.9396926168497417 0
vn 0.34202015414019754 0.9396926168497417 0
vn 0.6427876273097093 0.7660444283313822 0
vn 0.6427876273097093 0.7660444283313822 0
vn 0.34202015414019754 0.9396926168497417 0
vn 0.6427876273097093 0.7660444283313822 0
vn 0.6427876273097093 0.7660444283313822 0
vn 0.6427876273097093 0.7660444283313822 0
vn 0.8660253998985324 0.5000000067305869 0
vn 0.8660253998985324 0.5000000067305869 0
vn 0.6427876273097093 0.7660444283313822 0
vn 0.8660253998985324 0.5000000067305869 0
vn 0.8660253998985324 0.5000000067305869 0
vn 0.8660253998985324 0.5000000067305869 0
vn 0.9848077496059419 0.17364819698482423 0
vn 0.9848077496059419 0.17364819698482423 0
vn 0.8660253998985324 0.5000000067305869 0
vn 0.9848077496059419 0.17364819698482423 0
vn 0.9848077496059419 0.17364819698482423 0
vn 0.9848077496059419 0.17364819698482423 0
vn 0.9848077496059419 -0.17364819698482423 0
vn 0.9848077496059419 -0.17364819698482423 0
vn 0.9848077496059419 0.17364819698482423 0
vn 0.9848077496059419 -0.17364819698482423 0
vn 0.9848077496059419 -0.17364819698482423 0
vn 0.9848077496059419 -0.17364819698482423 0
vn 0.8660253998985324 -0.5000000067305869 0
vn 0.8660253998985324 -0.5000000067305869 0
vn 0.9848077496059419 -0.17364819698482423 0
vn 0.8660253998985324 -0.5000000067305869 0
vn 0.8660253998985324 -0.5000000067305869 0
vn 0.8660253998985324 -0.5000000067305869 0
vn 0.6427876273097093 -0.7660444283313822 0
vn 0.6427876273097093 -0.7660444283313822 0
vn 0.8660253998985324 -0.5000000067305869 0
vn 0.6427876273097093 -0.7660444283313822 0
vn 0.6427876273097093 -0.7660444283313822 0
vn 0.6427876273097093 -0.7660444283313822 0
vn 0.34202015414019754 -0.9396926168497417 0
vn 0.34202015414019754 -0.9396926168497417 0
vn 0.6427876273097093 -0.7660444283313822 0
vn 0.34202015414019754 -0.9396926168497417 0
vn 0.34202015414019754 -0.9396926168497417 0
vn 0.34202015414019754 -0.9396926168497417 0
vn 0 -1 0
vn 0 -1 0
vn 0.34202015414019754 -0.9396926168497417 0
vn 0 -1 0
vn 0 1 0
vn 0 1 0
vn 0 0.9807852840714884 -0.19509030357454893
vn 0 0.9807852840714884 -0.19509030357454893
vn 0 1 0
vn 0 0.9396926168497417 -0.34202015414019754
vn 0 0.9807852840714884 -0.19509030357454893
vn 0 0.9396926168497417 -0.34202015414019754
vn 0 0.9238795200293247 -0.38268346249921037
vn 0 0.9238795200293247 -0.38268346249921037
vn 0 0.9396926168497417 -0.34202015414019754
vn 0 0.8314696475898097 -0.5555701802084753
vn 0 0.8314696475898097 -0.5555701802084753
vn 0 0.9396926168497417 -0.34202015414019754
vn 0 0.7660444283313822 -0.6427876273097093
vn 0 0.8314696475898097 -0.5555701802084753
vn 0 0.7660444283313822 -0.6427876273097093
vn 0 0.7071067811865476 -0.7071067811865476
vn 0 0.7071067811865476 -0.7071067811865476
vn 0 0.7660444283313822 -0.6427876273097093
vn 0 0.5000000067305869 -0.8660253998985324
vn 0 0.7071067811865476 -0.7071067811865476
vn 0 0.5000000067305869 -0.8660253998985324
vn 0 0.5555701802084753 -0.8314696475898097
vn 0 0.5555701802084753 -0.8314696475898097
vn 0 0.5000000067305869 -0.8660253998985324
vn 0 0.38268346249921037 -0.9238795200293247
vn 0 0.38268346249921037 -0.9238795200293247
vn 0 0.5000000067305869 -0.8660253998985324
vn 0 0.17364819698482423 -0.9848077496059419
vn 0 0.38268346249921037 -0.9238795200293247
vn 0 0.17364819698482423 -0.9848077496059419
vn 0 0.19509030357454893 -0.9807852840714884
vn 0 0.19509030357454893 -0.9807852840714884
vn 0 0.17364819698482423 -0.9848077496059419
vn 0 0 -1
vn 0 0 -1
vn 0 0.17364819698482423 -0.9848077496059419
vn 0 -0.17364819698482423 -0.9848077496059419
vn 0 0 -1
vn 0 -0.17364819698482423 -0.9848077496059419
vn 0 -0.19509030357454893 -0.9807852840714884
vn 0 -0.19509030357454893 -0.9807852840714884
vn 0 -0.17364819698482423 -0.9848077496059419
vn 0 -0.38268346249921037 -0.9238795200293247
vn 0 -0.38268346249921037 -0.9238795200293247
vn 0 -0.17364819698482423 -0.9848077496059419
vn 0 -0.5000000067305869 -0.8660253998985324
vn 0 -0.38268346249921037 -0.9238795200293247
vn 0 -0.5000000067305869 -0.8660253998985324
vn 0 -0.5555701802084753 -0.8314696475898097
vn 0 -0.5555701802084753 -0.8314696475898097
vn 0 -0.5000000067305869 -0.8660253998985324
vn 0 -0.7071067811865476 -0.7071067811865476
vn 0 -0.7071067811865476 -0.7071067811865476
vn 0 -0.5000000067305869 -0.8660253998985324
vn 0 -0.7660444283313822 -0.6427876273097093
vn 0 -0.7071067811865476 -0.7071067811865476
vn 0 -0.7660444283313822 -0.6427876273097093
vn 0 -0.8314696475898097 -0.5555701802084753
vn 0 -0.8314696475898097 -0.5555701802084753
vn 0 -0.7660444283313822 -0.6427876273097093
vn 0 -0.9396926168497417 -0.34202015414019754
vn 0 -0.8314696475898097 -0.5555701802084753
vn 0 -0.9396926168497417 -0.34202015414019754
vn 0 -0.9238795200293247 -0.38268346249921037
vn 0 -0.9238795200293247 -0.38268346249921037
vn 0 -0.9396926168497417 -0.34202015414019754
vn 0 -0.9807852840714884 -0.19509030357454893
vn 0 -0.9807852840714884 -0.19509030357454893
vn 0 -0.9396926168497417 -0.34202015414019754
vn 0 -1 0
vn 0 -0.9807852840714884 -0.19509030357454893
vn 0 -1 0
vn 0 -1 0
vn 0 -1 0
vn 0 -1 0
vn 0 -0.9807852840714884 0.19509030357454893
vn 0 -0.9807852840714884 0.19509030357454893
vn 0 -1 0
vn 0 -0.9396926168497417 0.34202015414019754
vn 0 -0.9807852840714884 0.19509030357454893
vn 0 -0.9396926168497417 0.34202015414019754
vn 0 -0.9238795200293247 0.38268346249921037
vn 0 -0.9238795200293247 0.38268346249921037
vn 0 -0.9396926168497417 0.34202015414019754
vn 0 -0.8314696475898097 0.5555701802084753
vn 0 -0.8314696475898097 0.5555701802084753
vn 0 -0.9396926168497417 0.34202015414019754
vn 0 -0.7660444283313822 0.6427876273097093
vn 0 -0.8314696475898097 0.5555701802084753
vn 0 -0.7660444283313822 0.6427876273097093
vn 0 -0.7071067811865476 0.7071067811865476
vn 0 -0.7071067811865476 0.7071067811865476
vn 0 -0.7660444283313822 0.6427876273097093
vn 0 -0.5000000067305869 0.8660253998985324
vn 0 -0.7071067811865476 0.7071067811865476
vn 0 -0.5000000067305869 0.8660253998985324
vn 0 -0.5555701802084753 0.8314696475898097
vn 0 -0.5555701802084753 0.8314696475898097
vn 0 -0.5000000067305869 0.8660253998985324
vn 0 -0.38268346249921037 0.9238795200293247
vn 0 -0.38268346249921037 0.9238795200293247
vn 0 -0.5000000067305869 0.8660253998985324
vn 0 -0.17364819698482423 0.9848077496059419
vn 0 -0.38268346249921037 0.9238795200293247
vn 0 -0.17364819698482423 0.9848077496059419
vn 0 -0.19509030357454893 0.9807852840714884
vn 0 -0.19509030357454893 0.9807852840714884
vn 0 -0.17364819698482423 0.9848077496059419
vn 0 0 1
vn 0 0 1
vn 0 -0.17364819698482423 0.9848077496059419
vn 0 0.17364819698482423 0.9848077496059419
vn 0 0 1
vn 0 0.17364819698482423 0.9848077496059419
vn 0 0.19509030357454893 0.9807852840714884
vn 0 0.19509030357454893 0.9807852840714884
vn 0 0.17364819698482423 0.9848077496059419
vn 0 0.38268346249921037 0.9238795200293247
vn 0 0.38268346249921037 0.9238795200293247
vn 0 0.17364819698482423 0.9848077496059419
vn 0 0.5000000067305869 0.8660253998985324
vn 0 0.38268346249921037 0.9238795200293247
vn 0 0.5000000067305869 0.8660253998985324
vn 0 0.5555701802084753 0.8314696475898097
vn 0 0.5555701802084753 0.8314696475898097
vn 0 0.5000000067305869 0.8660253998985324
vn 0 0.7071067811865476 0.7071067811865476
vn 0 0.7071067811865476 0.7071067811865476
vn 0 0.5000000067305869 0.8660253998985324
vn 0 0.7660444283313822 0.6427876273097093
vn 0 0.7071067811865476 0.7071067811865476
vn 0 0.7660444283313822 0.6427876273097093
vn 0 0.8314696475898097 0.5555701802084753
vn 0 0.8314696475898097 0.5555701802084753
vn 0 0.7660444283313822 0.6427876273097093
vn 0 0.9396926168497417 0.34202015414019754
vn 0 0.8314696475898097 0.5555701802084753
vn 0 0.9396926168497417 0.34202015414019754
vn 0 0.9238795200293247 0.38268346249921037
vn 0 0.9238795200293247 0.38268346249921037
vn 0 0.9396926168497417 0.34202015414019754
vn 0 0.9807852840714884 0.19509030357454893
vn 0 0.9807852840714884 0.19509030357454893
vn 0 0.9396926168497417 0.34202015414019754
vn 0 1 0
vn 0 0.9807852840714884 0.19509030357454893
vn 0 1 0
vn 0 1 0
vn 0 0 -1
vn 0 0 -1
vn 0 0 -1
vn 0 0 -1
vn 0 0 -1
vn 0 0 -1
vn 0 0 -1
vn 0 0 -1
vn 0 0 -1
vn 0 0 -1
vn 0 0 -1
vn 0 0 -1
vn 0 0 -1
vn 0 0 -1
vn 0 0 -1
vn 0 0 -1
vn 0 0 -1
vn 0 0 -1
vn 0 0 -1
vn 0 0 -1
vn 0 0 -1
vn 0 0 -1
vn 0 0 -1
vn 0 0 -1
vn 0 0 -1
vn 0 0 -1
vn 0 0 -1
vn 0 0 -1
vn 0 0 -1
vn 0 0 -1
vn 0 0 -1
vn 0 0 -1
vn 0 0 -1
vn 0 0 -1
vn 0 0 -1
vn 0 0 -1
vn 0 0 -1
vn 0 0 -1
vn 0 0 -1
vn 0 0 -1
vn 0 0 -1
vn 0 0 -1
vn 0 0 -1
vn 0 0 -1
vn 0 0 -1
vn 0 0 -1
vn 0 0 -1
vn 0 0 -1
vn 0 0 1
vn 0 0 1
vn 0 0 1
vn 0 0 1
vn 0 0 1
vn 0 0 1
vn 0 0 1
vn 0 0 1
vn 0 0 1
vn 0 0 1
vn 0 0 1
vn 0 0 1
vn 0 0 1
vn 0 0 1
vn 0 0 1
vn 0 0 1
vn 0 0 1
vn 0 0 1
vn 0 0 1
vn 0 0 1
vn 0 0 1
vn 0 0 1
vn 0 0 1
vn 0 0 1
vn 0 0 1
vn 0 0 1
vn 0 0 1
vn 0 0 1
vn 0 0 1
vn 0 0 1
vn 0 0 1
vn 0 0 1
vn 0 0 1
vn 0 0 1
vn 0 0 1
vn 0 0 1
vn 0 0 1
vn 0 0 1
vn 0 0 1
vn 0 0 1
vn 0 0 1
vn 0 0 1
vn 0 0 1
vn 0 0 1
vn 0 0 1
vn 0 0 1
vn 0 0 1
vn 0 0 1
vn 0 -1 0
vn 0 -1 0
vn -0.34202015414019754 -0.9396926168497417 0
vn -0.34202015414019754 -0.9396926168497417 0
vn 0 -1 0
vn -0.34202015414019754 -0.9396926168497417 0
vn -0.34202015414019754 -0.9396926168497417 0
vn -0.34202015414019754 -0.9396926168497417 0
vn -0.6427876273097093 -0.7660444283313822 0
vn -0.6427876273097093 -0.7660444283313822 0
vn -0.34202015414019754 -0.9396926168497417 0
vn -0.6427876273097093 -0.7660444283313822 0
vn -0.6427876273097093 -0.7660444283313822 0
vn -0.6427876273097093 -0.7660444283313822 0
vn -0.8660253998985324 -0.5000000067305869 0
vn -0.8660253998985324 -0.5000000067305869 0
vn -0.6427876273097093 -0.7660444283313822 0
vn -0.8660253998985324 -0.5000000067305869 0
vn -0.8660253998985324 -0.5000000067305869 0
vn -0.8660253998985324 -0.5000000067305869 0
vn -0.9848077496059419 -0.17364819698482423 0
vn -0.9848077496059419 -0.17364819698482423 0
vn -0.8660253998985324 -0.5000000067305869 0
vn -0.9848077496059419 -0.17364819698482423 0
vn -0.9848077496059419 -0.17364819698482423 0
vn -0.9848077496059419 -0.17364819698482423 0
vn -0.9848077496059419 0.17364819698482423 0
vn -0.9848077496059419 0.17364819698482423 0
vn -0.9848077496059419 -0.17364819698482423 0
vn -0.9848077496059419 0.17364819698482423 0
vn -0.9848077496059419 0.17364819698482423 0
vn -0.9848077496059419 0.17364819698482423 0
vn -0.8660253998985324 0.5000000067305869 0
vn -0.8660253998985324 0.5000000067305869 0
vn -0.9848077496059419 0.17364819698482423 0
vn -0.8660253998985324 0.5000000067305869 0
vn -0.8660253998985324 0.5000000067305869 0
vn -0.8660253998985324 0.5000000067305869 0
vn -0.6427876273097093 0.7660444283313822 0
vn -0.6427876273097093 0.7660444283313822 0
vn -0.8660253998985324 0.5000000067305869 0
vn -0.6427876273097093 0.7660444283313822 0
vn -0.6427876273097093 0.7660444283313822 0
vn -0.6427876273097093 0.7660444283313822 0
vn -0.34202015414019754 0.9396926168497417 0
vn -0.34202015414019754 0.9396926168497417 0
vn -0.6427876273097093 0.7660444283313822 0
vn -0.34202015414019754 0.9396926168497417 0
vn -0.34202015414019754 0.9396926168497417 0
vn -0.34202015414019754 0.9396926168497417 0
vn 0 1 0
vn 0 1 0
vn -0.34202015414019754 0.9396926168497417 0
vn 0 1 0
vn 0 -1 0
vn 0 -0.9510565161477913 0.3090169948284817
vn -0.34202015414019754 -0.9396926168497417 0
vn -0.34202015414019754 -0.9396926168497417 0
vn 0 -0.9510565161477913 0.3090169948284817
vn -0.32139380745050933 -0.8830222206858477 0.342020143131218
vn -0.34202015414019754 -0.9396926168497417 0
vn -0.32139380745050933 -0.8830222206858477 0.342020143131218
vn -0.6427876273097093 -0.7660444283313822 0
vn -0.6427876273097093 -0.7660444283313822 0
vn -0.32139380745050933 -0.8830222206858477 0.342020143131218
vn -0.6040227579709426 -0.7198463280778581 0.34202013362666334
vn -0.6427876273097093 -0.7660444283313822 0
vn -0.6040227579709426 -0.7198463280778581 0.34202013362666334
vn -0.8660253998985324 -0.5000000067305869 0
vn -0.8660253998985324 -0.5000000067305869 0
vn -0.6040227579709426 -0.7198463280778581 0.34202013362666334
vn -0.8137976695364079 -0.4698463179395005 0.34202016106628175
vn -0.8660253998985324 -0.5000000067305869 0
vn -0.8137976695364079 -0.4698463179395005 0.34202016106628175
vn -0.9848077496059419 -0.17364819698482423 0
vn -0.9848077496059419 -0.17364819698482423 0
vn -0.8137976695364079 -0.4698463179395005 0.34202016106628175
vn -0.9254165765800568 -0.1631759085595338 0.3420201494892054
vn -0.9848077496059419 -0.17364819698482423 0
vn -0.9254165765800568 -0.1631759085595338 0.3420201494892054
vn -0.9848077496059419 0.17364819698482423 0
vn -0.9848077496059419 0.17364819698482423 0
vn -0.9254165765800568 -0.1631759085595338 0.3420201494892054
vn -0.9254165765800568 0.1631759085595338 0.3420201494892054
vn -0.9848077496059419 0.17364819698482423 0
vn -0.9254165765800568 0.1631759085595338 0.3420201494892054
vn -0.8660253998985324 0.5000000067305869 0
vn -0.8660253998985324 0.5000000067305869 0
vn -0.9254165765800568 0.1631759085595338 0.3420201494892054
vn -0.8137976695364079 0.4698463179395005 0.34202016106628175
vn -0.8660253998985324 0.5000000067305869 0
vn -0.8137976695364079 0.4698463179395005 0.34202016106628175
vn -0.6427876273097093 0.7660444283313822 0
vn -0.6427876273097093 0.7660444283313822 0
vn -0.8137976695364079 0.4698463179395005 0.34202016106628175
vn -0.6040227579709426 0.7198463280778581 0.34202013362666334
vn -0.6427876273097093 0.7660444283313822 0
vn -0.6040227579709426 0.7198463280778581 0.34202013362666334
vn -0.34202015414019754 0.9396926168497417 0
vn -0.34202015414019754 0.9396926168497417 0
vn -0.6040227579709426 0.7198463280778581 0.34202013362666334
vn -0.32139380745050933 0.8830222206858477 0.342020143131218
vn -0.34202015414019754 0.9396926168497417 0
vn -0.32139380745050933 0.8830222206858477 0.342020143131218
vn 0 0.9510565161477913 0.3090169948284817
vn 0 0.9510565161477913 0.3090169948284817
vn -0.32139380745050933 0.8830222206858477 0.342020143131218
vn 0 0.8090170011595983 0.5877852429542022
vn 0 0.8090170011595983 0.5877852429542022
vn -0.32139380745050933 0.8830222206858477 0.342020143131218
vn -0.26200261411021303 0.7198462999599907 0.6427876279404618
vn 0 0.8090170011595983 0.5877852429542022
vn -0.26200261411021303 0.7198462999599907 0.6427876279404618
vn 0 0.5877852429542022 0.8090170011595983
vn 0 0.5877852429542022 0.8090170011595983
vn -0.26200261411021303 0.7198462999599907 0.6427876279404618
vn -0.1710100793192693 0.46984631460441584 0.8660253999877056
vn 0 0.5877852429542022 0.8090170011595983
vn -0.1710100793192693 0.46984631460441584 0.8660253999877056
vn 0 0.3090169948284817 0.9510565161477913
vn 0 0.3090169948284817 0.9510565161477913
vn -0.1710100793192693 0.46984631460441584 0.8660253999877056
vn -0.05939117212047616 0.1631759145037653 0.9848077526096226
vn 0 0.3090169948284817 0.9510565161477913
vn -0.05939117212047616 0.1631759145037653 0.9848077526096226
vn 0 0 1
vn 0 0 1
vn -0.05939117212047616 0.1631759145037653 0.9848077526096226
vn 0 0 1
vn 0 0 1
vn -0.05939117212047616 0.1631759145037653 0.9848077526096226
vn 0 0 1
vn 0 0 1
vn -0.05939117212047616 0.1631759145037653 0.9848077526096226
vn -0.11161890138611856 0.13302222201398467 0.9848077524592391
vn 0 0 1
vn -0.11161890138611856 0.13302222201398467 0.9848077524592391
vn 0 0 1
vn 0 0 1
vn -0.11161890138611856 0.13302222201398467 0.9848077524592391
vn -0.1503837292762988 0.08682409876806176 0.9848077527325152
vn 0 0 1
vn -0.1503837292762988 0.08682409876806176 0.9848077527325152
vn 0 0 1
vn 0 0 1
vn -0.1503837292762988 0.08682409876806176 0.9848077527325152
vn -0.1710100807645586 0.030153690569853515 0.9848077514022302
vn 0 0 1
vn -0.1710100807645586 0.030153690569853515 0.9848077514022302
vn 0 0 1
vn 0 0 1
vn -0.1710100807645586 0.030153690569853515 0.9848077514022302
vn -0.1710100807645586 -0.030153690569853515 0.9848077514022302
vn 0 0 1
vn -0.1710100807645586 -0.030153690569853515 0.9848077514022302
vn 0 0 1
vn 0 0 1
vn -0.1710100807645586 -0.030153690569853515 0.9848077514022302
vn -0.1503837292762988 -0.08682409876806176 0.9848077527325152
vn 0 0 1
vn -0.1503837292762988 -0.08682409876806176 0.9848077527325152
vn 0 0 1
vn 0 0 1
vn -0.1503837292762988 -0.08682409876806176 0.9848077527325152
vn -0.11161890138611856 -0.13302222201398467 0.9848077524592391
vn 0 0 1
vn -0.11161890138611856 -0.13302222201398467 0.9848077524592391
vn 0 0 1
vn 0 0 1
vn -0.11161890138611856 -0.13302222201398467 0.9848077524592391
vn -0.05939117212047616 -0.1631759145037653 0.9848077526096226
vn 0 0 1
vn -0.05939117212047616 -0.1631759145037653 0.9848077526096226
vn 0 0 1
vn 0 0 1
vn -0.05939117212047616 -0.1631759145037653 0.9848077526096226
vn 0 -0.3090169948284817 0.9510565161477913
vn 0 -0.3090169948284817 0.9510565161477913
vn -0.05939117212047616 -0.1631759145037653 0.9848077526096226
vn -0.1710100793192693 -0.46984631460441584 0.8660253999877056
vn 0 -0.3090169948284817 0.9510565161477913
vn -0.1710100793192693 -0.46984631460441584 0.8660253999877056
vn 0 -0.5877852429542022 0.8090170011595983
vn 0 -0.5877852429542022 0.8090170011595983
vn -0.1710100793192693 -0.46984631460441584 0.8660253999877056
vn -0.26200261411021303 -0.7198462999599907 0.6427876279404618
vn 0 -0.5877852429542022 0.8090170011595983
vn -0.26200261411021303 -0.7198462999599907 0.6427876279404618
vn 0 -0.8090170011595983 0.5877852429542022
vn 0 -0.8090170011595983 0.5877852429542022
vn -0.26200261411021303 -0.7198462999599907 0.6427876279404618
vn -0.32139380745050933 -0.8830222206858477 0.342020143131218
vn 0 -0.8090170011595983 0.5877852429542022
vn -0.32139380745050933 -0.8830222206858477 0.342020143131218
vn 0 -0.9510565161477913 0.3090169948284817
vn 0 0.9510565161477913 0.3090169948284817
vn 0 1 0
vn -0.34202015414019754 0.9396926168497417 0
vn -0.1710100793192693 -0.46984631460441584 0.8660253999877056
vn -0.05939117212047616 -0.1631759145037653 0.9848077526096226
vn -0.3213938209874462 -0.38302222290433297 0.8660253971983227
vn -0.3213938209874462 -0.38302222290433297 0.8660253971983227
vn -0.05939117212047616 -0.1631759145037653 0.9848077526096226
vn -0.11161890138611856 -0.13302222201398467 0.9848077524592391
vn -0.3213938209874462 -0.38302222290433297 0.8660253971983227
vn -0.11161890138611856 -0.13302222201398467 0.9848077524592391
vn -0.43301270140648107 -0.25000000420661683 0.8660254028129621
vn -0.43301270140648107 -0.25000000420661683 0.8660254028129621
vn -0.11161890138611856 -0.13302222201398467 0.9848077524592391
vn -0.1503837292762988 -0.08682409876806176 0.9848077527325152
vn -0.43301270140648107 -0.25000000420661683 0.8660254028129621
vn -0.1503837292762988 -0.08682409876806176 0.9848077527325152
vn -0.4924038739744779 -0.08682409834632641 0.8660254042701486
vn -0.4924038739744779 -0.08682409834632641 0.8660254042701486
vn -0.1503837292762988 -0.08682409876806176 0.9848077527325152
vn -0.1710100807645586 -0.030153690569853515 0.9848077514022302
vn -0.4924038739744779 -0.08682409834632641 0.8660254042701486
vn -0.1710100807645586 -0.030153690569853515 0.9848077514022302
vn -0.4924038739744779 0.08682409834632641 0.8660254042701486
vn -0.4924038739744779 0.08682409834632641 0.8660254042701486
vn -0.1710100807645586 -0.030153690569853515 0.9848077514022302
vn -0.1710100807645586 0.030153690569853515 0.9848077514022302
vn -0.4924038739744779 0.08682409834632641 0.8660254042701486
vn -0.1710100807645586 0.030153690569853515 0.9848077514022302
vn -0.43301270140648107 0.25000000420661683 0.8660254028129621
vn -0.43301270140648107 0.25000000420661683 0.8660254028129621
vn -0.1710100807645586 0.030153690569853515 0.9848077514022302
vn -0.1503837292762988 0.08682409876806176 0.9848077527325152
vn -0.43301270140648107 0.25000000420661683 0.8660254028129621
vn -0.1503837292762988 0.08682409876806176 0.9848077527325152
vn -0.3213938209874462 0.38302222290433297 0.8660253971983227
vn -0.3213938209874462 0.38302222290433297 0.8660253971983227
vn -0.1503837292762988 0.08682409876806176 0.9848077527325152
vn -0.11161890138611856 0.13302222201398467 0.9848077524592391
vn -0.3213938209874462 0.38302222290433297 0.8660253971983227
vn -0.11161890138611856 0.13302222201398467 0.9848077524592391
vn -0.1710100793192693 0.46984631460441584 0.8660253999877056
vn -0.1710100793192693 0.46984631460441584 0.8660253999877056
vn -0.11161890138611856 0.13302222201398467 0.9848077524592391
vn -0.05939117212047616 0.1631759145037653 0.9848077526096226
vn -0.6040227579709426 -0.7198463280778581 0.34202013362666334
vn -0.32139380745050933 -0.8830222206858477 0.342020143131218
vn -0.26200261411021303 -0.7198462999599907 0.6427876279404618
vn -0.26200261411021303 -0.7198462999599907 0.6427876279404618
vn -0.1710100793192693 -0.46984631460441584 0.8660253999877056
vn -0.4924038680488095 -0.5868240632860271 0.642787639488383
vn -0.4924038680488095 -0.5868240632860271 0.642787639488383
vn -0.1710100793192693 -0.46984631460441584 0.8660253999877056
vn -0.3213938209874462 -0.38302222290433297 0.8660253971983227
vn -0.4924038680488095 -0.5868240632860271 0.642787639488383
vn -0.3213938209874462 -0.38302222290433297 0.8660253971983227
vn -0.6634139343680269 -0.3830222146170346 0.6427876280671536
vn -0.6634139343680269 -0.3830222146170346 0.6427876280671536
vn -0.3213938209874462 -0.38302222290433297 0.8660253971983227
vn -0.43301270140648107 -0.25000000420661683 0.8660254028129621
vn -0.6634139343680269 -0.3830222146170346 0.6427876280671536
vn -0.43301270140648107 -0.25000000420661683 0.8660254028129621
vn -0.7544064967398257 -0.133022216290019 0.6427876225084261
vn -0.7544064967398257 -0.133022216290019 0.6427876225084261
vn -0.43301270140648107 -0.25000000420661683 0.8660254028129621
vn -0.4924038739744779 -0.08682409834632641 0.8660254042701486
vn -0.7544064967398257 -0.133022216290019 0.6427876225084261
vn -0.4924038739744779 -0.08682409834632641 0.8660254042701486
vn -0.7544064967398257 0.133022216290019 0.6427876225084261
vn -0.7544064967398257 0.133022216290019 0.6427876225084261
vn -0.4924038739744779 -0.08682409834632641 0.8660254042701486
vn -0.4924038739744779 0.08682409834632641 0.8660254042701486
vn -0.7544064967398257 0.133022216290019 0.6427876225084261
vn -0.4924038739744779 0.08682409834632641 0.8660254042701486
vn -0.6634139343680269 0.3830222146170346 0.6427876280671536
vn -0.6634139343680269 0.3830222146170346 0.6427876280671536
vn -0.4924038739744779 0.08682409834632641 0.8660254042701486
vn -0.43301270140648107 0.25000000420661683 0.8660254028129621
vn -0.6634139343680269 0.3830222146170346 0.6427876280671536
vn -0.43301270140648107 0.25000000420661683 0.8660254028129621
vn -0.4924038680488095 0.5868240632860271 0.642787639488383
vn -0.4924038680488095 0.5868240632860271 0.642787639488383
vn -0.43301270140648107 0.25000000420661683 0.8660254028129621
vn -0.3213938209874462 0.38302222290433297 0.8660253971983227
vn -0.4924038680488095 0.5868240632860271 0.642787639488383
vn -0.3213938209874462 0.38302222290433297 0.8660253971983227
vn -0.26200261411021303 0.7198462999599907 0.6427876279404618
vn -0.26200261411021303 0.7198462999599907 0.6427876279404618
vn -0.3213938209874462 0.38302222290433297 0.8660253971983227
vn -0.1710100793192693 0.46984631460441584 0.8660253999877056
vn -0.8137976695364079 -0.4698463179395005 0.34202016106628175
vn -0.6040227579709426 -0.7198463280778581 0.34202013362666334
vn -0.4924038680488095 -0.5868240632860271 0.642787639488383
vn -0.4924038680488095 -0.5868240632860271 0.642787639488383
vn -0.6040227579709426 -0.7198463280778581 0.34202013362666334
vn -0.26200261411021303 -0.7198462999599907 0.6427876279404618
vn -0.8137976695364079 -0.4698463179395005 0.34202016106628175
vn -0.4924038680488095 -0.5868240632860271 0.642787639488383
vn -0.6634139343680269 -0.3830222146170346 0.6427876280671536
vn -0.9254165765800568 -0.1631759085595338 0.3420201494892054
vn -0.8137976695364079 -0.4698463179395005 0.34202016106628175
vn -0.6634139343680269 -0.3830222146170346 0.6427876280671536
vn -0.9254165765800568 -0.1631759085595338 0.3420201494892054
vn -0.6634139343680269 -0.3830222146170346 0.6427876280671536
vn -0.7544064967398257 -0.133022216290019 0.6427876225084261
vn -0.9254165765800568 0.1631759085595338 0.3420201494892054
vn -0.9254165765800568 -0.1631759085595338 0.3420201494892054
vn -0.7544064967398257 -0.133022216290019 0.6427876225084261
vn -0.9254165765800568 0.1631759085595338 0.3420201494892054
vn -0.7544064967398257 -0.133022216290019 0.6427876225084261
vn -0.7544064967398257 0.133022216290019 0.6427876225084261
vn -0.8137976695364079 0.4698463179395005 0.34202016106628175
vn -0.9254165765800568 0.1631759085595338 0.3420201494892054
vn -0.7544064967398257 0.133022216290019 0.6427876225084261
vn -0.8137976695364079 0.4698463179395005 0.34202016106628175
vn -0.7544064967398257 0.133022216290019 0.6427876225084261
vn -0.6634139343680269 0.3830222146170346 0.6427876280671536
vn -0.6040227579709426 0.7198463280778581 0.34202013362666334
vn -0.8137976695364079 0.4698463179395005 0.34202016106628175
vn -0.6634139343680269 0.3830222146170346 0.6427876280671536
vn -0.6040227579709426 0.7198463280778581 0.34202013362666334
vn -0.6634139343680269 0.3830222146170346 0.6427876280671536
vn -0.4924038680488095 0.5868240632860271 0.642787639488383
vn -0.32139380745050933 0.8830222206858477 0.342020143131218
vn -0.6040227579709426 0.7198463280778581 0.34202013362666334
vn -0.4924038680488095 0.5868240632860271 0.642787639488383
vn -0.32139380745050933 0.8830222206858477 0.342020143131218
vn -0.4924038680488095 0.5868240632860271 0.642787639488383
vn -0.26200261411021303 0.7198462999599907 0.6427876279404618
vn 0 0 -1
vn 0 0 -1
vn 0 0 -1
vn 0 0 -1
vn 0 0 -1
vn 0 0 -1
vn 0 0 -1
vn 0 0 -1
vn 0 0 -1
vn 0 0 -1
vn 0 0 -1
vn 0 0 -1
vn 0 0 -1
vn 0 0 -1
vn 0 0 -1
vn 0 0 -1
vn 0 0 -1
vn 0 0 -1
vn 0 0 -1
vn 0 0 -1
vn 0 0 -1
vn 0 0 -1
vn 0 0 -1
vn 0 0 -1
vn 0 0 -1
vn 0 0 -1
vn 0 0 -1
vn 0 0 -1
vn 0 0 -1
vn 0 0 -1
vn 0 0 -1
vn 0 0 -1
vn 0 0 -1
vn 0 0 -1
vn 0 0 -1
vn 0 0 -1
vn 0 0 -1
vn 0 0 -1
vn 0 0 -1
vn 0 0 -1
vn 0 0 -1
vn 0 0 -1
vn 0 0 -1
vn 0 0 -1
vn 0 0 -1
vn 0 0 -1
vn 0 0 -1
vn 0 0 -1
vn 0 0 -1
vn 0 0 -1
vn 0 0 -1
vn 0 0 -1
vn 0 0 -1
vn 0 0 -1
vn 0 0 -1
vn 0 0 -1
vn 0 0 -1
vn 0 0 -1
vn 0 0 -1
vn 0 0 -1
vn 0 0 -1
vn 0 0 -1
vn 0 0 -1
vn 0 0 -1
vn 0 0 -1
vn 0 0 -1
vn 0 0 -1
vn 0 0 -1
vn 0 0 -1
vn 0 0 -1
vn 0 0 -1
vn 0 0 -1
vn 0 0 -1
vn 0 0 -1
vn 0 0 -1
vn 0 0 -1
vn 0 0 -1
vn 0 0 -1
vn 0 0 -1
vn 0 0 -1
vn 0 0 -1
vn 0 0 -1
vn 0 0 -1
vn 0 0 -1
vn 0 0 -1
vn 0 0 -1
vn 0 0 -1
vn 0 0 -1
vn 0 0 -1
vn 0 0 -1
vn 0 0 -1
vn 0 0 -1
vn 0 0 -1
vn 0 0 -1
vn 0 0 -1
vn 0 0 -1
vn 0 0 -1
vn 0 0 -1
vn 0 0 -1
vn 0 0 -1
vn 0 0 -1
vn 0 0 -1
vn 0 0 -1
vn 0 0 -1
vn 0 0 -1
vn 0 0 -1
vn 0 0 -1
vn 0 0 -1
vn 0 1 0
vn -0.34202015414019754 0.9396926168497417 0
vn 0 1 0
vn 0 1 0
vn -0.34202015414019754 0.9396926168497417 0
vn -0.34202015414019754 0.9396926168497417 0
vn -0.34202015414019754 0.9396926168497417 0
vn -0.34202015414019754 0.9396926168497417 0
vn -0.6427876273097093 0.7660444283313822 0
vn -0.34202015414019754 0.9396926168497417 0
vn -0.6427876273097093 0.7660444283313822 0
vn -0.6427876273097093 0.7660444283313822 0
vn -0.6427876273097093 0.7660444283313822 0
vn -0.6427876273097093 0.7660444283313822 0
vn -0.8660253998985324 0.5000000067305869 0
vn -0.6427876273097093 0.7660444283313822 0
vn -0.8660253998985324 0.5000000067305869 0
vn -0.8660253998985324 0.5000000067305869 0
vn -0.8660253998985324 0.5000000067305869 0
vn -0.8660253998985324 0.5000000067305869 0
vn -0.9848077496059419 0.17364819698482423 0
vn -0.8660253998985324 0.5000000067305869 0
vn -0.9848077496059419 0.17364819698482423 0
vn -0.9848077496059419 0.17364819698482423 0
vn -0.9848077496059419 0.17364819698482423 0
vn -0.9848077496059419 0.17364819698482423 0
vn -0.9848077496059419 -0.17364819698482423 0
vn -0.9848077496059419 -0.17364819698482423 0
vn -0.9848077496059419 0.17364819698482423 0
vn -0.9848077496059419 -0.17364819698482423 0
vn -0.9848077496059419 -0.17364819698482423 0
vn -0.9848077496059419 -0.17364819698482423 0
vn -0.8660253998985324 -0.5000000067305869 0
vn -0.8660253998985324 -0.5000000067305869 0
vn -0.9848077496059419 -0.17364819698482423 0
vn -0.8660253998985324 -0.5000000067305869 0
vn -0.8660253998985324 -0.5000000067305869 0
vn -0.8660253998985324 -0.5000000067305869 0
vn -0.6427876273097093 -0.7660444283313822 0
vn -0.6427876273097093 -0.7660444283313822 0
vn -0.8660253998985324 -0.5000000067305869 0
vn -0.6427876273097093 -0.7660444283313822 0
vn -0.6427876273097093 -0.7660444283313822 0
vn -0.6427876273097093 -0.7660444283313822 0
vn -0.34202015414019754 -0.9396926168497417 0
vn -0.34202015414019754 -0.9396926168497417 0
vn -0.6427876273097093 -0.7660444283313822 0
vn -0.34202015414019754 -0.9396926168497417 0
vn -0.34202015414019754 -0.9396926168497417 0
vn -0.34202015414019754 -0.9396926168497417 0
vn 0 -1 0
vn 0 -1 0
vn -0.34202015414019754 -0.9396926168497417 0
vn 0 -1 0
vn 0 -1 0
vn 0 -1 0
vn -0.34202015414019754 -0.9396926168497417 0
vn -0.34202015414019754 -0.9396926168497417 0
vn 0 -1 0
vn -0.34202015414019754 -0.9396926168497417 0
vn -0.34202015414019754 -0.9396926168497417 0
vn -0.34202015414019754 -0.9396926168497417 0
vn -0.6427876273097093 -0.7660444283313822 0
vn -0.6427876273097093 -0.7660444283313822 0
vn -0.34202015414019754 -0.9396926168497417 0
vn -0.6427876273097093 -0.7660444283313822 0
vn -0.6427876273097093 -0.7660444283313822 0
vn -0.6427876273097093 -0.7660444283313822 0
vn -0.8660253998985324 -0.5000000067305869 0
vn -0.8660253998985324 -0.5000000067305869 0
vn -0.6427876273097093 -0.7660444283313822 0
vn -0.8660253998985324 -0.5000000067305869 0
vn -0.8660253998985324 -0.5000000067305869 0
vn -0.8660253998985324 -0.5000000067305869 0
vn -0.9848077496059419 -0.17364819698482423 0
vn -0.9848077496059419 -0.17364819698482423 0
vn -0.8660253998985324 -0.5000000067305869 0
vn -0.9848077496059419 -0.17364819698482423 0
vn -0.9848077496059419 -0.17364819698482423 0
vn -0.9848077496059419 -0.17364819698482423 0
vn -0.9848077496059419 0.17364819698482423 0
vn -0.9848077496059419 0.17364819698482423 0
vn -0.9848077496059419 -0.17364819698482423 0
vn -0.9848077496059419 0.17364819698482423 0
vn -0.9848077496059419 0.17364819698482423 0
vn -0.9848077496059419 0.17364819698482423 0
vn -0.8660253998985324 0.5000000067305869 0
vn -0.8660253998985324 0.5000000067305869 0
vn -0.9848077496059419 0.17364819698482423 0
vn -0.8660253998985324 0.5000000067305869 0
vn -0.8660253998985324 0.5000000067305869 0
vn -0.8660253998985324 0.5000000067305869 0
vn -0.6427876273097093 0.7660444283313822 0
vn -0.6427876273097093 0.7660444283313822 0
vn -0.8660253998985324 0.5000000067305869 0
vn -0.6427876273097093 0.7660444283313822 0
vn -0.6427876273097093 0.7660444283313822 0
vn -0.6427876273097093 0.7660444283313822 0
vn -0.34202015414019754 0.9396926168497417 0
vn -0.34202015414019754 0.9396926168497417 0
vn -0.6427876273097093 0.7660444283313822 0
vn -0.34202015414019754 0.9396926168497417 0
vn -0.34202015414019754 0.9396926168497417 0
vn -0.34202015414019754 0.9396926168497417 0
vn 0 1 0
vn 0 1 0
vn -0.34202015414019754 0.9396926168497417 0
vn 0 1 0
f 1/1/1 2/2/2 3/3/3
f 4/4/4 5/5/5 6/6/6
f 7/7/7 8/8/8 9/9/9
f 10/10/10 11/11/11 12/12/12
f 13/13/13 14/14/14 15/15/15
f 16/16/16 17/17/17 18/18/18
f 19/19/19 20/20/20 21/21/21
f 22/22/22 23/23/23 24/24/24
f 25/25/25 26/26/26 27/27/27
f 28/28/28 29/29/29 30/30/30
f 31/31/31 32/32/32 33/33/33
f 34/34/34 35/35/35 36/36/36
f 37/37/37 38/38/38 39/39/39
f 40/40/40 41/41/41 42/42/42
f 43/43/43 44/44/44 45/45/45
f 46/46/46 47/47/47 48/48/48
f 49/49/49 50/50/50 51/51/51
f 52/52/52 53/53/53 54/54/54
f 55/55/55 56/56/56 57/57/57
f 58/58/58 59/59/59 60/60/60
f 61/61/61 62/62/62 63/63/63
f 64/64/64 65/65/65 66/66/66
f 67/67/67 68/68/68 69/69/69
f 70/70/70 71/71/71 72/72/72
f 73/73/73 74/74/74 75/75/75
f 76/76/76 77/77/77 78/78/78
f 79/79/79 80/80/80 81/81/81
f 82/82/82 83/83/83 84/84/84
f 85/85/85 86/86/86 87/87/87
f 88/88/88 89/89/89 90/90/90
f 91/91/91 92/92/92 93/93/93
f 94/94/94 95/95/95 96/96/96
f 97/97/97 98/98/98 99/99/99
f 100/100/100 101/101/101 102/102/102
f 103/103/103 104/104/104 105/105/105
f 106/106/106 107/107/107 108/108/108
f 109/109/109 110/110/110 111/111/111
f 112/112/112 113/113/113 114/114/114
f 115/115/115 116/116/116 117/117/117
f 118/118/118 119/119/119 120/120/120
f 121/121/121 122/122/122 123/123/123
f 124/124/124 125/125/125 126/126/126
f 127/127/127 128/128/128 129/129/129
f 130/130/130 131/131/131 132/132/132
f 133/133/133 134/134/134 135/135/135
f 136/136/136 137/137/137 138/138/138
f 139/139/139 140/140/140 141/141/141
f 142/142/142 143/143/143 144/144/144
f 145/145/145 146/146/146 147/147/147
f 148/148/148 149/149/149 150/150/150
f 151/151/151 152/152/152 153/153/153
f 154/154/154 155/155/155 156/156/156
f 157/157/157 158/158/158 159/159/159
f 160/160/160 161/161/161 162/162/162
f 163/163/163 164/164/164 165/165/165
f 166/166/166 167/167/167 168/168/168
f 169/169/169 170/170/170 171/171/171
f 172/172/172 173/173/173 174/174/174
f 175/175/175 176/176/176 177/177/177
f 178/178/178 179/179/179 180/180/180
f 181/181/181 182/182/182 183/183/183
f 184/184/184 185/185/185 186/186/186
f 187/187/187 188/188/188 189/189/189
f 190/190/190 191/191/191 192/192/192
f 193/193/193 194/194/194 195/195/195
f 196/196/196 197/197/197 198/198/198
f 199/199/199 200/200/200 201/201/201
f 202/202/202 203/203/203 204/204/204
f 205/205/205 206/206/206 207/207/207
f 208/208/208 209/209/209 210/210/210
f 211/211/211 212/212/212 213/213/213
f 214/214/214 215/215/215 216/216/216
f 217/217/217 218/218/218 219/219/219
f 220/220/220 221/221/221 222/222/222
f 223/223/223 224/224/224 225/225/225
f 226/226/226 227/227/227 228/228/228
f 229/229/229 230/230/230 231/231/231
f 232/232/232 233/233/233 234/234/234
f 235/235/235 236/236/236 237/237/237
f 238/238/238 239/239/239 240/240/240
f 241/241/241 242/242/242 243/243/243
f 244/244/244 245/245/245 246/246/246
f 247/247/247 248/248/248 249/249/249
f 250/250/250 251/251/251 252/252/252
f 253/253/253 254/254/254 255/255/255
f 256/256/256 257/257/257 258/258/258
f 259/259/259 260/260/260 261/261/261
f 262/262/262 263/263/263 264/264/264
f 265/265/265 266/266/266 267/267/267
f 268/268/268 269/269/269 270/270/270
f 271/271/271 272/272/272 273/273/273
f 274/274/274 275/275/275 276/276/276
f 277/277/277 278/278/278 279/279/279
f 280/280/280 281/281/281 282/282/282
f 283/283/283 284/284/284 285/285/285
f 286/286/286 287/287/287 288/288/288
f 289/289/289 290/290/290 291/291/291
f 292/292/292 293/293/293 294/294/294
f 295/295/295 296/296/296 297/297/297
f 298/298/298 299/299/299 300/300/300
f 301/301/301 302/302/302 303/303/303
f 304/304/304 305/305/305 306/306/306
f 307/307/307 308/308/308 309/309/309
f 310/310/310 311/311/311 312/312/312
f 313/313/313 314/314/314 315/315/315
f 316/316/316 317/317/317 318/318/318
f 319/319/319 320/320/320 321/321/321
f 322/322/322 323/323/323 324/324/324
f 325/325/325 326/326/326 327/327/327
f 328/328/328 329/329/329 330/330/330
f 331/331/331 332/332/332 333/333/333
f 334/334/334 335/335/335 336/336/336
f 337/337/337 338/338/338 339/339/339
f 340/340/340 341/341/341 342/342/342
f 343/343/343 344/344/344 345/345/345
f 346/346/346 347/347/347 348/348/348
f 349/349/349 350/350/350 351/351/351
f 352/352/352 353/353/353 354/354/354
f 355/355/355 356/356/356 357/357/357
f 358/358/358 359/359/359 360/360/360
f 361/361/361 362/362/362 363/363/363
f 364/364/364 365/365/365 366/366/366
f 367/367/367 368/368/368 369/369/369
f 370/370/370 371/371/371 372/372/372
f 373/373/373 374/374/374 375/375/375
f 376/376/376 377/377/377 378/378/378
f 379/379/379 380/380/380 381/381/381
f 382/382/382 383/383/383 384/384/384
f 385/385/385 386/386/386 387/387/387
f 388/388/388 389/389/389 390/390/390
f 391/391/391 392/392/392 393/393/393
f 394/394/394 395/395/395 396/396/396
f 397/397/397 398/398/398 399/399/399
f 400/400/400 401/401/401 402/402/402
f 403/403/403 404/404/404 405/405/405
f 406/406/406 407/407/407 408/408/408
f 409/409/409 410/410/410 411/411/411
f 412/412/412 413/413/413 414/414/414
f 415/415/415 416/416/416 417/417/417
f 418/418/418 419/419/419 420/420/420
f 421/421/421 422/422/422 423/423/423
f 424/424/424 425/425/425 426/426/426
f 427/427/427 428/428/428 429/429/429
f 430/430/430 431/431/431 432/432/432
f 433/433/433 434/434/434 435/435/435
f 436/436/436 437/437/437 438/438/438
f 439/439/439 440/440/440 441/441/441
f 442/442/442 443/443/443 444/444/444
f 445/445/445 446/446/446 447/447/447
f 448/448/448 449/449/449 450/450/450
f 451/451/451 452/452/452 453/453/453
f 454/454/454 455/455/455 456/456/456
f 457/457/457 458/458/458 459/459/459
f 460/460/460 461/461/461 462/462/462
f 463/463/463 464/464/464 465/465/465
f 466/466/466 467/467/467 468/468/468
f 469/469/469 470/470/470 471/471/471
f 472/472/472 473/473/473 474/474/474
f 475/475/475 476/476/476 477/477/477
f 478/478/478 479/479/479 480/480/480
f 481/481/481 482/482/482 483/483/483
f 484/484/484 485/485/485 486/486/486
f 487/487/487 488/488/488 489/489/489
f 490/490/490 491/491/491 492/492/492
f 493/493/493 494/494/494 495/495/495
f 496/496/496 497/497/497 498/498/498
f 499/499/499 500/500/500 501/501/501
f 502/502/502 503/503/503 504/504/504
f 505/505/505 506/506/506 507/507/507
f 508/508/508 509/509/509 510/510/510
f 511/511/511 512/512/512 513/513/513
f 514/514/514 515/515/515 516/516/516
f 517/517/517 518/518/518 519/519/519
f 520/520/520 521/521/521 522/522/522
f 523/523/523 524/524/524 525/525/525
f 526/526/526 527/527/527 528/528/528
f 529/529/529 530/530/530 531/531/531
f 532/532/532 533/533/533 534/534/534
f 535/535/535 536/536/536 537/537/537
f 538/538/538 539/539/539 540/540/540
f 541/541/541 542/542/542 543/543/543
f 544/544/544 545/545/545 546/546/546
f 547/547/547 548/548/548 549/549/549
f 550/550/550 551/551/551 552/552/552
f 553/553/553 554/554/554 555/555/555
f 556/556/556 557/557/557 558/558/558
f 559/559/559 560/560/560 561/561/561
f 562/562/562 563/563/563 564/564/564
f 565/565/565 566/566/566 567/567/567
f 568/568/568 569/569/569 570/570/570
f 571/571/571 572/572/572 573/573/573
f 574/574/574 575/575/575 576/576/576
f 577/577/577 578/578/578 579/579/579
f 580/580/580 581/581/581 582/582/582
f 583/583/583 584/584/584 585/585/585
f 586/586/586 587/587/587 588/588/588
f 589/589/589 590/590/590 591/591/591
f 592/592/592 593/593/593 594/594/594
f 595/595/595 596/596/596 597/597/597
f 598/598/598 599/599/599 600/600/600
f 601/601/601 602/602/602 603/603/603
f 604/604/604 605/605/605 606/606/606
f 607/607/607 608/608/608 609/609/609
f 610/610/610 611/611/611 612/612/612
f 613/613/613 614/614/614 615/615/615
f 616/616/616 617/617/617 618/618/618
f 619/619/619 620/620/620 621/621/621
f 622/622/622 623/623/623 624/624/624
f 625/625/625 626/626/626 627/627/627
f 628/628/628 629/629/629 630/630/630
f 631/631/631 632/632/632 633/633/633
f 634/634/634 635/635/635 636/636/636
f 637/637/637 638/638/638 639/639/639
f 640/640/640 641/641/641 642/642/642
f 643/643/643 644/644/644 645/645/645
f 646/646/646 647/647/647 648/648/648
f 649/649/649 650/650/650 651/651/651
f 652/652/652 653/653/653 654/654/654
f 655/655/655 656/656/656 657/657/657
f 658/658/658 659/659/659 660/660/660
f 661/661/661 662/662/662 663/663/663
f 664/664/664 665/665/665 666/666/666
f 667/667/667 668/668/668 669/669/669
f 670/670/670 671/671/671 672/672/672
f 673/673/673 674/674/674 675/675/675
f 676/676/676 677/677/677 678/678/678
f 679/679/679 680/680/680 681/681/681
f 682/682/682 683/683/683 684/684/684
f 685/685/685 686/686/686 687/687/687
f 688/688/688 689/689/689 690/690/690
f 691/691/691 692/692/692 693/693/693
f 694/694/694 695/695/695 696/696/696
f 697/697/697 698/698/698 699/699/699
f 700/700/700 701/701/701 702/702/702
f 703/703/703 704/704/704 705/705/705
f 706/706/706 707/707/707 708/708/708
f 709/709/709 710/710/710 711/711/711
f 712/712/712 713/713/713 714/714/714
f 715/715/715 716/716/716 717/717/717
f 718/718/718 719/719/719 720/720/720
f 721/721/721 722/722/722 723/723/723
f 724/724/724 725/725/725 726/726/726
f 727/727/727 728/728/728 729/729/729
f 730/730/730 731/731/731 732/732/732
f 733/733/733 734/734/734 735/735/735
f 736/736/736 737/737/737 738/738/738
f 739/739/739 740/740/740 741/741/741
f 742/742/742 743/743/743 744/744/744
f 745/745/745 746/746/746 747/747/747
f 748/748/748 749/749/749 750/750/750
f 751/751/751 752/752/752 753/753/753
f 754/754/754 755/755/755 756/756/756
f 757/757/757 758/758/758 759/759/759
f 760/760/760 761/761/761 762/762/762
f 763/763/763 764/764/764 765/765/765
f 766/766/766 767/767/767 768/768/768
f 769/769/769 770/770/770 771/771/771
f 772/772/772 773/773/773 774/774/774
f 775/775/775 776/776/776 777/777/777
f 778/778/778 779/779/779 780/780/780
f 781/781/781 782/782/782 783/783/783
f 784/784/784 785/785/785 786/786/786
f 787/787/787 788/788/788 789/789/789
f 790/790/790 791/791/791 792/792/792
f 793/793/793 794/794/794 795/795/795
f 796/796/796 797/797/797 798/798/798
f 799/799/799 800/800/800 801/801/801
f 802/802/802 803/803/803 804/804/804
f 805/805/805 806/806/806 807/807/807
f 808/808/808 809/809/809 810/810/810
f 811/811/811 812/812/812 813/813/813
f 814/814/814 815/815/815 816/816/816
f 817/817/817 818/818/818 819/819/819
f 820/820/820 821/821/821 822/822/822
f 823/823/823 824/824/824 825/825/825
f 826/826/826 827/827/827 828/828/828
f 829/829/829 830/830/830 831/831/831
f 832/832/832 833/833/833 834/834/834
f 835/835/835 836/836/836 837/837/837
f 838/838/838 839/839/839 840/840/840
f 841/841/841 842/842/842 843/843/843
f 844/844/844 845/845/845 846/846/846
f 847/847/847 848/848/848 849/849/849
f 850/850/850 851/851/851 852/852/852
f 853/853/853 854/854/854 855/855/855
f 856/856/856 857/857/857 858/858/858
f 859/859/859 860/860/860 861/861/861
f 862/862/862 863/863/863 864/864/864
f 865/865/865 866/866/866 867/867/867
f 868/868/868 869/869/869 870/870/870
f 871/871/871 872/872/872 873/873/873
f 874/874/874 875/875/875 876/876/876
f 877/877/877 878/878/878 879/879/879
f 880/880/880 881/881/881 882/882/882
f 883/883/883 884/884/884 885/885/885
f 886/886/886 887/887/887 888/888/888
f 889/889/889 890/890/890 891/891/891
f 892/892/892 893/893/893 894/894/894
f 895/895/895 896/896/896 897/897/897
f 898/898/898 899/899/899 900/900/900
f 901/901/901 902/902/902 903/903/903
f 904/904/904 905/905/905 906/906/906
f 907/907/907 908/908/908 909/909/909
f 910/910/910 911/911/911 912/912/912
f 913/913/913 914/914/914 915/915/915
f 916/916/916 917/917/917 918/918/918
f 919/919/919 920/920/920 921/921/921
f 922/922/922 923/923/923 924/924/924
f 925/925/925 926/926/926 927/927/927
f 928/928/928 929/929/929 930/930/930
f 931/931/931 932/932/932 933/933/933
f 934/934/934 935/935/935 936/936/936
f 937/937/937 938/938/938 939/939/939
f 940/940/940 941/941/941 942/942/942
f 943/943/943 944/944/944 945/945/945
f 946/946/946 947/947/947 948/948/948
f 949/949/949 950/950/950 951/951/951
f 952/952/952 953/953/953 954/954/954
f 955/955/955 956/956/956 957/957/957
f 958/958/958 959/959/959 960/960/960
f 961/961/961 962/962/962 963/963/963
f 964/964/964 965/965/965 966/966/966
f 967/967/967 968/968/968 969/969/969
f 970/970/970 971/971/971 972/972/972
f 973/973/973 974/974/974 975/975/975
f 976/976/976 977/977/977 978/978/978
f 979/979/979 980/980/980 981/981/981
f 982/982/982 983/983/983 984/984/984
f 985/985/985 986/986/986 987/987/987
f 988/988/988 989/989/989 990/990/990
f 991/991/991 992/992/992 993/993/993
f 994/994/994 995/995/995 996/996/996
f 997/997/997 998/998/998 999/999/999
f 1000/1000/1000 1001/1001/1001 1002/1002/1002
f 1003/1003/1003 1004/1004/1004 1005/1005/1005
f 1006/1006/1006 1007/1007/1007 1008/1008/1008
f 1009/1009/1009 1010/1010/1010 1011/1011/1011
f 1012/1012/1012 1013/1013/1013 1014/1014/1014
f 1015/1015/1015 1016/1016/1016 1017/1017/1017
f 1018/1018/1018 1019/1019/1019 1020/1020/1020
f 1021/1021/1021 1022/1022/1022 1023/1023/1023
f 1024/1024/1024 1025/1025/1025 1026/1026/1026
f 1027/1027/1027 1028/1028/1028 1029/1029/1029
f 1030/1030/1030 1031/1031/1031 1032/1032/1032
f 1033/1033/1033 1034/1034/1034 1035/1035/1035
f 1036/1036/1036 1037/1037/1037 1038/1038/1038
f 1039/1039/1039 1040/1040/1040 1041/1041/1041
f 1042/1042/1042 1043/1043/1043 1044/1044/1044
f 1045/1045/1045 1046/1046/1046 1047/1047/1047
f 1048/1048/1048 1049/1049/1049 1050/1050/1050
f 1051/1051/1051 1052/1052/1052 1053/1053/1053
f 1054/1054/1054 1055/1055/1055 1056/1056/1056
f 1057/1057/1057 1058/1058/1058 1059/1059/1059
f 1060/1060/1060 1061/1061/1061 1062/1062/1062
f 1063/1063/1063 1064/1064/1064 1065/1065/1065
f 1066/1066/1066 1067/1067/1067 1068/1068/1068
f 1069/1069/1069 1070/1070/1070 1071/1071/1071
f 1072/1072/1072 1073/1073/1073 1074/1074/1074
f 1075/1075/1075 1076/1076/1076 1077/1077/1077
f 1078/1078/1078 1079/1079/1079 1080/1080/1080
f 1081/1081/1081 1082/1082/1082 1083/1083/1083
f 1084/1084/1084 1085/1085/1085 1086/1086/1086
f 1087/1087/1087 1088/1088/1088 1089/1089/1089
f 1090/1090/1090 1091/1091/1091 1092/1092/1092
f 1093/1093/1093 1094/1094/1094 1095/1095/1095
f 1096/1096/1096 1097/1097/1097 1098/1098/1098
f 1099/1099/1099 1100/1100/1100 1101/1101/1101
f 1102/1102/1102 1103/1103/1103 1104/1104/1104
f 1105/1105/1105 1106/1106/1106 1107/1107/1107
f 1108/1108/1108 1109/1109/1109 1110/1110/1110
f 1111/1111/1111 1112/1112/1112 1113/1113/1113
f 1114/1114/1114 1115/1115/1115 1116/1116/1116
f 1117/1117/1117 1118/1118/1118 1119/1119/1119
f 1120/1120/1120 1121/1121/1121 1122/1122/1122
f 1123/1123/1123 1124/1124/1124 1125/1125/1125
f 1126/1126/1126 1127/1127/1127 1128/1128/1128
f 1129/1129/1129 1130/1130/1130 1131/1131/1131
f 1132/1132/1132 1133/1133/1133 1134/1134/1134
f 1135/1135/1135 1136/1136/1136 1137/1137/1137
f 1138/1138/1138 1139/1139/1139 1140/1140/1140
f 1141/1141/1141 1142/1142/1142 1143/1143/1143
f 1144/1144/1144 1145/1145/1145 1146/1146/1146
f 1147/1147/1147 1148/1148/1148 1149/1149/1149
f 1150/1150/1150 1151/1151/1151 1152/1152/1152
f 1153/1153/1153 1154/1154/1154 1155/1155/1155
f 1156/1156/1156 1157/1157/1157 1158/1158/1158
f 1159/1159/1159 1160/1160/1160 1161/1161/1161
f 1162/1162/1162 1163/1163/1163 1164/1164/1164
f 1165/1165/1165 1166/1166/1166 1167/1167/1167
f 1168/1168/1168 1169/1169/1169 1170/1170/1170
f 1171/1171/1171 1172/1172/1172 1173/1173/1173
f 1174/1174/1174 1175/1175/1175 1176/1176/1176
f 1177/1177/1177 1178/1178/1178 1179/1179/1179
f 1180/1180/1180 1181/1181/1181 1182/1182/1182
f 1183/1183/1183 1184/1184/1184 1185/1185/1185
f 1186/1186/1186 1187/1187/1187 1188/1188/1188
f 1189/1189/1189 1190/1190/1190 1191/1191/1191
f 1192/1192/1192 1193/1193/1193 1194/1194/1194
f 1195/1195/1195 1196/1196/1196 1197/1197/1197
f 1198/1198/1198 1199/1199/1199 1200/1200/1200
f 1201/1201/1201 1202/1202/1202 1203/1203/1203
f 1204/1204/1204 1205/1205/1205 1206/1206/1206
f 1207/1207/1207 1208/1208/1208 1209/1209/1209
f 1210/1210/1210 1211/1211/1211 1212/1212/1212
f 1213/1213/1213 1214/1214/1214 1215/1215/1215
f 1216/1216/1216 1217/1217/1217 1218/1218/1218
