o NONE
usemtl MaterialFBXASC032FBXASC03528
v -0.07249990105628967 0.096000075340271 -2.1316282258091463e-17
v -0.07249990850687027 0.08700007200241089 -1.9317880072612352e-17
v -0.07126590609550476 0.096000075340271 -0.01332200039178133
v -0.07126590609550476 0.096000075340271 -0.01332200039178133
v -0.07249990850687027 0.08700007200241089 -1.9317880072612352e-17
v -0.07126591354608536 0.08700007200241089 -0.01332200039178133
v -0.07126590609550476 0.096000075340271 -0.01332200039178133
v -0.07126591354608536 0.08700007200241089 -0.01332200039178133
v -0.06760390102863312 0.0960000678896904 -0.026189999654889107
v -0.06760390102863312 0.0960000678896904 -0.026189999654889107
v -0.07126591354608536 0.08700007200241089 -0.01332200039178133
v -0.06760390847921371 0.08700006455183029 -0.026189999654889107
v -0.06760390102863312 0.0960000678896904 -0.026189999654889107
v -0.06760390847921371 0.08700006455183029 -0.026189999654889107
v -0.0616409033536911 0.0960000604391098 -0.03816600143909454
v -0.0616409033536911 0.0960000604391098 -0.03816600143909454
v -0.06760390847921371 0.08700006455183029 -0.026189999654889107
v -0.061640914529561996 0.0870000571012497 -0.03816600143909454
v -0.0616409033536911 0.0960000604391098 -0.03816600143909454
v -0.061640914529561996 0.0870000571012497 -0.03816600143909454
v -0.05357790365815163 0.0960000529885292 -0.04884300008416176
v -0.05357790365815163 0.0960000529885292 -0.04884300008416176
v -0.061640914529561996 0.0870000571012497 -0.03816600143909454
v -0.05357791483402252 0.0870000496506691 -0.04884300008416176
v -0.05357790365815163 0.0960000529885292 -0.04884300008416176
v -0.05357791483402252 0.0870000496506691 -0.04884300008416176
v -0.04369090497493744 0.09600004553794861 -0.0578560009598732
v -0.04369090497493744 0.09600004553794861 -0.0578560009598732
v -0.05357791483402252 0.0870000496506691 -0.04884300008416176
v -0.043690916150808334 0.0870000422000885 -0.0578560009598732
v -0.04369090497493744 0.09600004553794861 -0.0578560009598732
v -0.043690916150808334 0.0870000422000885 -0.0578560009598732
v -0.032315902411937714 0.09600003063678741 -0.06489899754524231
v -0.032315902411937714 0.09600003063678741 -0.06489899754524231
v -0.043690916150808334 0.0870000422000885 -0.0578560009598732
v -0.03231591358780861 0.08700002729892731 -0.06489899754524231
v -0.032315902411937714 0.09600003063678741 -0.06489899754524231
v -0.03231591358780861 0.08700002729892731 -0.06489899754524231
v -0.01984090358018875 0.09600002318620682 -0.06973200291395187
v -0.01984090358018875 0.09600002318620682 -0.06973200291395187
v -0.03231591358780861 0.08700002729892731 -0.06489899754524231
v -0.019840912893414497 0.08700001984834671 -0.06973200291395187
v -0.01984090358018875 0.09600002318620682 -0.06973200291395187
v -0.019840912893414497 0.08700001984834671 -0.06973200291395187
v -0.006688904017210007 0.09600000828504562 -0.07219099998474121
v -0.006688904017210007 0.09600000828504562 -0.07219099998474121
v -0.019840912893414497 0.08700001984834671 -0.06973200291395187
v -0.0066889128647744656 0.08700000494718552 -0.07219099998474121
v -0.006688904017210007 0.09600000828504562 -0.07219099998474121
v -0.0066889128647744656 0.08700000494718552 -0.07219099998474121
v 0.0066890958696603775 0.09599999338388443 -0.07219099998474121
v 0.0066890958696603775 0.09599999338388443 -0.07219099998474121
v -0.0066889128647744656 0.08700000494718552 -0.07219099998474121
v 0.006689087022095919 0.08699999004602432 -0.07219099998474121
v 0.0066890958696603775 0.09599999338388443 -0.07219099998474121
v 0.006689087022095919 0.08699999004602432 -0.07219099998474121
v 0.01984109729528427 0.09599997848272324 -0.06973200291395187
v 0.01984109729528427 0.09599997848272324 -0.06973200291395187
v 0.006689087022095919 0.08699999004602432 -0.07219099998474121
v 0.019841087982058525 0.08699997514486313 -0.06973200291395187
v 0.01984109729528427 0.09599997848272324 -0.06973200291395187
v 0.019841087982058525 0.08699997514486313 -0.06973200291395187
v 0.032316096127033234 0.09599997103214264 -0.06489899754524231
v 0.032316096127033234 0.09599997103214264 -0.06489899754524231
v 0.019841087982058525 0.08699997514486313 -0.06973200291395187
v 0.03231608495116234 0.08699996769428253 -0.06489899754524231
v 0.032316096127033234 0.09599997103214264 -0.06489899754524231
v 0.03231608495116234 0.08699996769428253 -0.06489899754524231
v 0.04369109869003296 0.09599995613098145 -0.0578560009598732
v 0.04369109869003296 0.09599995613098145 -0.0578560009598732
v 0.03231608495116234 0.08699996769428253 -0.06489899754524231
v 0.043691087514162064 0.08699995279312134 -0.0578560009598732
v 0.04369109869003296 0.09599995613098145 -0.0578560009598732
v 0.043691087514162064 0.08699995279312134 -0.0578560009598732
v 0.05357809737324715 0.09599994868040085 -0.04884300008416176
v 0.05357809737324715 0.09599994868040085 -0.04884300008416176
v 0.043691087514162064 0.08699995279312134 -0.0578560009598732
v 0.05357808619737625 0.08699994534254074 -0.04884300008416176
v 0.05357809737324715 0.09599994868040085 -0.04884300008416176
v 0.05357808619737625 0.08699994534254074 -0.04884300008416176
v 0.06164109706878662 0.09599994122982025 -0.03816600143909454
v 0.06164109706878662 0.09599994122982025 -0.03816600143909454
v 0.05357808619737625 0.08699994534254074 -0.04884300008416176
v 0.061641085892915726 0.08699993789196014 -0.03816600143909454
v 0.06164109706878662 0.09599994122982025 -0.03816600143909454
v 0.061641085892915726 0.08699993789196014 -0.03816600143909454
v 0.06760409474372864 0.09599993377923965 -0.026189999654889107
v 0.06760409474372864 0.09599993377923965 -0.026189999654889107
v 0.061641085892915726 0.08699993789196014 -0.03816600143909454
v 0.06760408729314804 0.08699993044137955 -0.026189999654889107
v 0.06760409474372864 0.09599993377923965 -0.026189999654889107
v 0.06760408729314804 0.08699993044137955 -0.026189999654889107
v 0.07126609981060028 0.09599992632865906 -0.01332200039178133
v 0.07126609981060028 0.09599992632865906 -0.01332200039178133
v 0.06760408729314804 0.08699993044137955 -0.026189999654889107
v 0.07126609236001968 0.08699992299079895 -0.01332200039178133
v 0.07126609981060028 0.09599992632865906 -0.01332200039178133
v 0.07126609236001968 0.08699992299079895 -0.01332200039178133
v 0.07250009477138519 0.09599992632865906 -2.1316282258091463e-17
v 0.07250009477138519 0.09599992632865906 -2.1316282258091463e-17
v 0.07126609236001968 0.08699992299079895 -0.01332200039178133
v 0.0725000873208046 0.08699992299079895 -1.9317880072612352e-17
v 0.07500000298023224 -7.500000265281415e-8 0
v 0.07500009983778 0.09599992632865906 -2.1316282258091463e-17
v 0.07463900744915009 0.0073509253561496735 0.007350999861955643
v 0.07463900744915009 0.0073509253561496735 0.007350999861955643
v 0.07500009983778 0.09599992632865906 -2.1316282258091463e-17
v 0.07386109977960587 0.09599992632865906 0.013024000450968742
v 0.07463900744915009 0.0073509253561496735 0.007350999861955643
v 0.07386109977960587 0.09599992632865906 0.013024000450968742
v 0.07355901598930359 0.014631926082074642 0.014631999656558037
v 0.07355901598930359 0.014631926082074642 0.014631999656558037
v 0.07386109977960587 0.09599992632865906 0.013024000450968742
v 0.07177102565765381 0.02177092805504799 0.02177100069820881
v 0.07177102565765381 0.02177092805504799 0.02177100069820881
v 0.07386109977960587 0.09599992632865906 0.013024000450968742
v 0.07047709822654724 0.09599993377923965 0.025652000680565834
v 0.07177102565765381 0.02177092805504799 0.02177100069820881
v 0.07047709822654724 0.09599993377923965 0.025652000680565834
v 0.06929103285074234 0.0287009309977293 0.028700999915599823
v 0.06929103285074234 0.0287009309977293 0.028700999915599823
v 0.07047709822654724 0.09599993377923965 0.025652000680565834
v 0.06495209783315659 0.09599993377923965 0.03750000149011612
v 0.06929103285074234 0.0287009309977293 0.028700999915599823
v 0.06495209783315659 0.09599993377923965 0.03750000149011612
v 0.06614403426647186 0.03535493463277817 0.03535500168800354
v 0.06614403426647186 0.03535493463277817 0.03535500168800354
v 0.06495209783315659 0.09599993377923965 0.03750000149011612
v 0.062360040843486786 0.041667938232421875 0.04166800156235695
v 0.062360040843486786 0.041667938232421875 0.04166800156235695
v 0.06495209783315659 0.09599993377923965 0.03750000149011612
v 0.05745309591293335 0.09599994122982025 0.04820900037884712
v 0.062360040843486786 0.041667938232421875 0.04166800156235695
v 0.05745309591293335 0.09599994122982025 0.04820900037884712
v 0.057976048439741135 0.04757894203066826 0.047579001635313034
v 0.057976048439741135 0.04757894203066826 0.047579001635313034
v 0.05745309591293335 0.09599994122982025 0.04820900037884712
v 0.05303305387496948 0.053032949566841125 0.053033001720905304
v 0.05303305387496948 0.053032949566841125 0.053033001720905304
v 0.05745309591293335 0.09599994122982025 0.04820900037884712
v 0.04820909723639488 0.09599995613098145 0.05745299905538559
v 0.05303305387496948 0.053032949566841125 0.053033001720905304
v 0.04820909723639488 0.09599995613098145 0.05745299905538559
v 0.04757906123995781 0.057975951582193375 0.057976000010967255
v 0.04757906123995781 0.057975951582193375 0.057976000010967255
v 0.04820909723639488 0.09599995613098145 0.05745299905538559
v 0.04166806489229202 0.06235995888710022 0.0623599998652935
v 0.04166806489229202 0.06235995888710022 0.0623599998652935
v 0.04820909723639488 0.09599995613098145 0.05745299905538559
v 0.03750009834766388 0.09599996358156204 0.06495200097560883
v 0.04166806489229202 0.06235995888710022 0.0623599998652935
v 0.03750009834766388 0.09599996358156204 0.06495200097560883
v 0.03535506874322891 0.0661439597606659 0.06614399701356888
v 0.03535506874322891 0.0661439597606659 0.06614399701356888
v 0.03750009834766388 0.09599996358156204 0.06495200097560883
v 0.028701068833470345 0.06929097324609756 0.06929100304841995
v 0.028701068833470345 0.06929097324609756 0.06929100304841995
v 0.03750009834766388 0.09599996358156204 0.06495200097560883
v 0.025652097538113594 0.09599997848272324 0.07047700136899948
v 0.028701068833470345 0.06929097324609756 0.06929100304841995
v 0.025652097538113594 0.09599997848272324 0.07047700136899948
v 0.02177107334136963 0.07177098095417023 0.07177100330591202
v 0.02177107334136963 0.07177098095417023 0.07177100330591202
v 0.025652097538113594 0.09599997848272324 0.07047700136899948
v 0.013024096377193928 0.09599998593330383 0.0738610029220581
v 0.02177107334136963 0.07177098095417023 0.07177100330591202
v 0.013024096377193928 0.09599998593330383 0.0738610029220581
v 0.014632073231041431 0.0735589861869812 0.0735590010881424
v 0.014632073231041431 0.0735589861869812 0.0735590010881424
v 0.013024096377193928 0.09599998593330383 0.0738610029220581
v 0.007351074367761612 0.07463899254798889 0.07463899999856949
v 0.007351074367761612 0.07463899254798889 0.07463899999856949
v 0.013024096377193928 0.09599998593330383 0.0738610029220581
v 9.600000083764826e-8 0.09600000083446503 0.07500000298023224
v 0.007351074367761612 0.07463899254798889 0.07463899999856949
v 9.600000083764826e-8 0.09600000083446503 0.07500000298023224
v 7.500000265281415e-8 0.07500000298023224 0.07500000298023224
v 7.500000265281415e-8 0.07500000298023224 0.07500000298023224
v 9.600000083764826e-8 0.09600000083446503 0.07500000298023224
v -0.0073509253561496735 0.07463900744915009 0.07463899999856949
v -0.0073509253561496735 0.07463900744915009 0.07463899999856949
v 9.600000083764826e-8 0.09600000083446503 0.07500000298023224
v -0.013023904524743557 0.09600001573562622 0.0738610029220581
v -0.0073509253561496735 0.07463900744915009 0.07463899999856949
v -0.013023904524743557 0.09600001573562622 0.0738610029220581
v -0.014631926082074642 0.07355901598930359 0.0735590010881424
v -0.014631926082074642 0.07355901598930359 0.0735590010881424
v -0.013023904524743557 0.09600001573562622 0.0738610029220581
v -0.02177092805504799 0.07177102565765381 0.07177100330591202
v -0.02177092805504799 0.07177102565765381 0.07177100330591202
v -0.013023904524743557 0.09600001573562622 0.0738610029220581
v -0.025651903823018074 0.09600002318620682 0.07047700136899948
v -0.02177092805504799 0.07177102565765381 0.07177100330591202
v -0.025651903823018074 0.09600002318620682 0.07047700136899948
v -0.0287009309977293 0.06929103285074234 0.06929100304841995
v -0.0287009309977293 0.06929103285074234 0.06929100304841995
v -0.025651903823018074 0.09600002318620682 0.07047700136899948
v -0.03749990463256836 0.09600003808736801 0.06495200097560883
v -0.0287009309977293 0.06929103285074234 0.06929100304841995
v -0.03749990463256836 0.09600003808736801 0.06495200097560883
v -0.03535493463277817 0.06614403426647186 0.06614399701356888
v -0.03535493463277817 0.06614403426647186 0.06614399701356888
v -0.03749990463256836 0.09600003808736801 0.06495200097560883
v -0.041667938232421875 0.062360040843486786 0.0623599998652935
v -0.041667938232421875 0.062360040843486786 0.0623599998652935
v -0.03749990463256836 0.09600003808736801 0.06495200097560883
v -0.04820890352129936 0.09600004553794861 0.05745299905538559
v -0.041667938232421875 0.062360040843486786 0.0623599998652935
v -0.04820890352129936 0.09600004553794861 0.05745299905538559
v -0.04757894203066826 0.057976048439741135 0.057976000010967255
v -0.04757894203066826 0.057976048439741135 0.057976000010967255
v -0.04820890352129936 0.09600004553794861 0.05745299905538559
v -0.053032949566841125 0.05303305387496948 0.053033001720905304
v -0.053032949566841125 0.05303305387496948 0.053033001720905304
v -0.04820890352129936 0.09600004553794861 0.05745299905538559
v -0.05745290219783783 0.0960000604391098 0.04820900037884712
v -0.053032949566841125 0.05303305387496948 0.053033001720905304
v -0.05745290219783783 0.0960000604391098 0.04820900037884712
v -0.057975951582193375 0.04757906123995781 0.047579001635313034
v -0.057975951582193375 0.04757906123995781 0.047579001635313034
v -0.05745290219783783 0.0960000604391098 0.04820900037884712
v -0.06235995888710022 0.04166806489229202 0.04166800156235695
v -0.06235995888710022 0.04166806489229202 0.04166800156235695
v -0.05745290219783783 0.0960000604391098 0.04820900037884712
v -0.06495190411806107 0.0960000678896904 0.03750000149011612
v -0.06235995888710022 0.04166806489229202 0.04166800156235695
v -0.06495190411806107 0.0960000678896904 0.03750000149011612
v -0.0661439597606659 0.03535506874322891 0.03535500168800354
v -0.0661439597606659 0.03535506874322891 0.03535500168800354
v -0.06495190411806107 0.0960000678896904 0.03750000149011612
v -0.06929097324609756 0.028701068833470345 0.028700999915599823
v -0.06929097324609756 0.028701068833470345 0.028700999915599823
v -0.06495190411806107 0.0960000678896904 0.03750000149011612
v -0.07047690451145172 0.0960000678896904 0.025652000680565834
v -0.06929097324609756 0.028701068833470345 0.028700999915599823
v -0.07047690451145172 0.0960000678896904 0.025652000680565834
v -0.07177098095417023 0.02177107334136963 0.02177100069820881
v -0.07177098095417023 0.02177107334136963 0.02177100069820881
v -0.07047690451145172 0.0960000678896904 0.025652000680565834
v -0.07386090606451035 0.096000075340271 0.013024000450968742
v -0.07177098095417023 0.02177107334136963 0.02177100069820881
v -0.07386090606451035 0.096000075340271 0.013024000450968742
v -0.0735589861869812 0.014632073231041431 0.014631999656558037
v -0.0735589861869812 0.014632073231041431 0.014631999656558037
v -0.07386090606451035 0.096000075340271 0.013024000450968742
v -0.07463899254798889 0.007351074367761612 0.007350999861955643
v -0.07463899254798889 0.007351074367761612 0.007350999861955643
v -0.07386090606451035 0.096000075340271 0.013024000450968742
v -0.07499990612268448 0.096000075340271 -2.1316282258091463e-17
v -0.07463899254798889 0.007351074367761612 0.007350999861955643
v -0.07499990612268448 0.096000075340271 -2.1316282258091463e-17
v -0.07500000298023224 7.500000265281415e-8 0
v 7.500000265281415e-8 0.07500000298023224 -0.07500000298023224
v 7.500000265281415e-8 0.07500000298023224 -0.09600000083446503
v -0.0073509253561496735 0.07463900744915009 -0.07463899999856949
v -0.0073509253561496735 0.07463900744915009 -0.07463899999856949
v 7.500000265281415e-8 0.07500000298023224 -0.09600000083446503
v -0.013023926876485348 0.0738610178232193 -0.09600000083446503
v -0.0073509253561496735 0.07463900744915009 -0.07463899999856949
v -0.013023926876485348 0.0738610178232193 -0.09600000083446503
v -0.014631926082074642 0.07355901598930359 -0.0735590010881424
v -0.014631926082074642 0.07355901598930359 -0.0735590010881424
v -0.013023926876485348 0.0738610178232193 -0.09600000083446503
v -0.02177092805504799 0.07177102565765381 -0.07177100330591202
v -0.02177092805504799 0.07177102565765381 -0.07177100330591202
v -0.013023926876485348 0.0738610178232193 -0.09600000083446503
v -0.025651929900050163 0.07047702372074127 -0.09600000083446503
v -0.02177092805504799 0.07177102565765381 -0.07177100330591202
v -0.025651929900050163 0.07047702372074127 -0.09600000083446503
v -0.0287009309977293 0.06929103285074234 -0.06929100304841995
v -0.0287009309977293 0.06929103285074234 -0.06929100304841995
v -0.025651929900050163 0.07047702372074127 -0.09600000083446503
v -0.037499938160181046 0.06495203822851181 -0.09600000083446503
v -0.0287009309977293 0.06929103285074234 -0.06929100304841995
v -0.037499938160181046 0.06495203822851181 -0.09600000083446503
v -0.03535493463277817 0.06614403426647186 -0.06614399701356888
v -0.03535493463277817 0.06614403426647186 -0.06614399701356888
v -0.037499938160181046 0.06495203822851181 -0.09600000083446503
v -0.041667938232421875 0.062360040843486786 -0.0623599998652935
v -0.041667938232421875 0.062360040843486786 -0.0623599998652935
v -0.037499938160181046 0.06495203822851181 -0.09600000083446503
v -0.048208944499492645 0.05745304748415947 -0.09600000083446503
v -0.041667938232421875 0.062360040843486786 -0.0623599998652935
v -0.048208944499492645 0.05745304748415947 -0.09600000083446503
v -0.04757894203066826 0.057976048439741135 -0.057976000010967255
v -0.04757894203066826 0.057976048439741135 -0.057976000010967255
v -0.048208944499492645 0.05745304748415947 -0.09600000083446503
v -0.053032949566841125 0.05303305387496948 -0.053033001720905304
v -0.053032949566841125 0.05303305387496948 -0.053033001720905304
v -0.048208944499492645 0.05745304748415947 -0.09600000083446503
v -0.05745295062661171 0.0482090562582016 -0.09600000083446503
v -0.053032949566841125 0.05303305387496948 -0.053033001720905304
v -0.05745295062661171 0.0482090562582016 -0.09600000083446503
v -0.057975951582193375 0.04757906123995781 -0.047579001635313034
v -0.057975951582193375 0.04757906123995781 -0.047579001635313034
v -0.05745295062661171 0.0482090562582016 -0.09600000083446503
v -0.06235995888710022 0.04166806489229202 -0.04166800156235695
v -0.06235995888710022 0.04166806489229202 -0.04166800156235695
v -0.05745295062661171 0.0482090562582016 -0.09600000083446503
v -0.06495196372270584 0.03750006482005119 -0.09600000083446503
v -0.06235995888710022 0.04166806489229202 -0.04166800156235695
v -0.06495196372270584 0.03750006482005119 -0.09600000083446503
v -0.0661439597606659 0.03535506874322891 -0.03535500168800354
v -0.0661439597606659 0.03535506874322891 -0.03535500168800354
v -0.06495196372270584 0.03750006482005119 -0.09600000083446503
v -0.07047697901725769 0.025652071461081505 -0.09600000083446503
v -0.0661439597606659 0.03535506874322891 -0.03535500168800354
v -0.07047697901725769 0.025652071461081505 -0.09600000083446503
v -0.06929097324609756 0.028701068833470345 -0.028700999915599823
v -0.06929097324609756 0.028701068833470345 -0.028700999915599823
v -0.07047697901725769 0.025652071461081505 -0.09600000083446503
v -0.07177098095417023 0.02177107334136963 -0.02177100069820881
v -0.07177098095417023 0.02177107334136963 -0.02177100069820881
v -0.07047697901725769 0.025652071461081505 -0.09600000083446503
v -0.07386098802089691 0.013024074025452137 -0.09600000083446503
v -0.07177098095417023 0.02177107334136963 -0.02177100069820881
v -0.07386098802089691 0.013024074025452137 -0.09600000083446503
v -0.0735589861869812 0.014632073231041431 -0.014631999656558037
v -0.0735589861869812 0.014632073231041431 -0.014631999656558037
v -0.07386098802089691 0.013024074025452137 -0.09600000083446503
v -0.07463899254798889 0.007351074367761612 -0.007350999861955643
v -0.07463899254798889 0.007351074367761612 -0.007350999861955643
v -0.07386098802089691 0.013024074025452137 -0.09600000083446503
v -0.07500000298023224 7.500000265281415e-8 -0.09600000083446503
v -0.07463899254798889 0.007351074367761612 -0.007350999861955643
v -0.07500000298023224 7.500000265281415e-8 -0.09600000083446503
v -0.07500000298023224 7.500000265281415e-8 0
v -0.07500000298023224 7.500000265281415e-8 0
v -0.07500000298023224 7.500000265281415e-8 -0.09600000083446503
v -0.0738610178232193 -0.013023926876485348 -0.09600000083446503
v -0.07500000298023224 7.500000265281415e-8 0
v -0.0738610178232193 -0.013023926876485348 -0.09600000083446503
v -0.0738610178232193 -0.013023926876485348 0.06645199656486511
v -0.0738610178232193 -0.013023926876485348 0.06645199656486511
v -0.0738610178232193 -0.013023926876485348 -0.09600000083446503
v -0.07047702372074127 -0.025651929900050163 0.06306800246238708
v -0.07047702372074127 -0.025651929900050163 0.06306800246238708
v -0.0738610178232193 -0.013023926876485348 -0.09600000083446503
v -0.07047702372074127 -0.025651929900050163 -0.09600000083446503
v -0.07047702372074127 -0.025651929900050163 0.06306800246238708
v -0.07047702372074127 -0.025651929900050163 -0.09600000083446503
v -0.06495203822851181 -0.037499938160181046 0.05989399924874306
v -0.06495203822851181 -0.037499938160181046 0.05989399924874306
v -0.07047702372074127 -0.025651929900050163 -0.09600000083446503
v -0.06495203822851181 -0.037499938160181046 -0.09600000083446503
v -0.06495203822851181 -0.037499938160181046 0.05989399924874306
v -0.06495203822851181 -0.037499938160181046 -0.09600000083446503
v -0.05745304748415947 -0.048208944499492645 0.057023998349905014
v -0.05745304748415947 -0.048208944499492645 0.057023998349905014
v -0.06495203822851181 -0.037499938160181046 -0.09600000083446503
v -0.05745304748415947 -0.048208944499492645 -0.09600000083446503
v -0.05745304748415947 -0.048208944499492645 0.057023998349905014
v -0.05745304748415947 -0.048208944499492645 -0.09600000083446503
v -0.0482090562582016 -0.05745295062661171 0.05454700067639351
v -0.0482090562582016 -0.05745295062661171 0.05454700067639351
v -0.05745304748415947 -0.048208944499492645 -0.09600000083446503
v -0.0482090562582016 -0.05745295062661171 -0.09600000083446503
v -0.0482090562582016 -0.05745295062661171 0.05454700067639351
v -0.0482090562582016 -0.05745295062661171 -0.09600000083446503
v -0.03750006482005119 -0.06495196372270584 0.05253800004720688
v -0.03750006482005119 -0.06495196372270584 0.05253800004720688
v -0.0482090562582016 -0.05745295062661171 -0.09600000083446503
v -0.03750006482005119 -0.06495196372270584 -0.09600000083446503
v -0.03750006482005119 -0.06495196372270584 0.05253800004720688
v -0.03750006482005119 -0.06495196372270584 -0.09600000083446503
v -0.025652071461081505 -0.07047697901725769 0.05105699971318245
v -0.025652071461081505 -0.07047697901725769 0.05105699971318245
v -0.03750006482005119 -0.06495196372270584 -0.09600000083446503
v -0.025652071461081505 -0.07047697901725769 -0.09600000083446503
v -0.025652071461081505 -0.07047697901725769 0.05105699971318245
v -0.025652071461081505 -0.07047697901725769 -0.09600000083446503
v -0.013024074025452137 -0.07386098802089691 0.050151001662015915
v -0.013024074025452137 -0.07386098802089691 0.050151001662015915
v -0.025652071461081505 -0.07047697901725769 -0.09600000083446503
v -0.013024074025452137 -0.07386098802089691 -0.09600000083446503
v -0.013024074025452137 -0.07386098802089691 0.050151001662015915
v -0.013024074025452137 -0.07386098802089691 -0.09600000083446503
v -7.500000265281415e-8 -0.07500000298023224 0.04984600096940994
v -7.500000265281415e-8 -0.07500000298023224 0.04984600096940994
v -0.013024074025452137 -0.07386098802089691 -0.09600000083446503
v -7.500000265281415e-8 -0.07500000298023224 -0.09600000083446503
v -0.0738610178232193 -0.013023926876485348 0.06645199656486511
v -0.07500000298023224 7.500000265281415e-8 0.06994199752807617
v -0.07500000298023224 7.500000265281415e-8 0
v -0.07500000298023224 7.500000265281415e-8 0
v -0.07500000298023224 7.500000265281415e-8 0.06994199752807617
v -0.07463899254798889 0.007351074367761612 0.007350999861955643
v -0.07463899254798889 0.007351074367761612 0.007350999861955643
v -0.07500000298023224 7.500000265281415e-8 0.06994199752807617
v -0.07386098802089691 0.013024074025452137 0.07343100011348724
v -0.07463899254798889 0.007351074367761612 0.007350999861955643
v -0.07386098802089691 0.013024074025452137 0.07343100011348724
v -0.0735589861869812 0.014632073231041431 0.014631999656558037
v -0.0735589861869812 0.014632073231041431 0.014631999656558037
v -0.07386098802089691 0.013024074025452137 0.07343100011348724
v -0.07177098095417023 0.02177107334136963 0.02177100069820881
v -0.07177098095417023 0.02177107334136963 0.02177100069820881
v -0.07386098802089691 0.013024074025452137 0.07343100011348724
v -0.07047697901725769 0.025652071461081505 0.07681500166654587
v -0.07177098095417023 0.02177107334136963 0.02177100069820881
v -0.07047697901725769 0.025652071461081505 0.07681500166654587
v -0.06929097324609756 0.028701068833470345 0.028700999915599823
v -0.06929097324609756 0.028701068833470345 0.028700999915599823
v -0.07047697901725769 0.025652071461081505 0.07681500166654587
v -0.06495196372270584 0.03750006482005119 0.07998999953269958
v -0.06929097324609756 0.028701068833470345 0.028700999915599823
v -0.06495196372270584 0.03750006482005119 0.07998999953269958
v -0.0661439597606659 0.03535506874322891 0.03535500168800354
v -0.0661439597606659 0.03535506874322891 0.03535500168800354
v -0.06495196372270584 0.03750006482005119 0.07998999953269958
v -0.06235995888710022 0.04166806489229202 0.04166800156235695
v -0.06235995888710022 0.04166806489229202 0.04166800156235695
v -0.06495196372270584 0.03750006482005119 0.07998999953269958
v -0.05745295062661171 0.0482090562582016 0.08285900205373764
v -0.06235995888710022 0.04166806489229202 0.04166800156235695
v -0.05745295062661171 0.0482090562582016 0.08285900205373764
v -0.057975951582193375 0.04757906123995781 0.047579001635313034
v -0.057975951582193375 0.04757906123995781 0.047579001635313034
v -0.05745295062661171 0.0482090562582016 0.08285900205373764
v -0.053032949566841125 0.05303305387496948 0.053033001720905304
v -0.053032949566841125 0.05303305387496948 0.053033001720905304
v -0.05745295062661171 0.0482090562582016 0.08285900205373764
v -0.048208944499492645 0.05745304748415947 0.08533599972724915
v -0.053032949566841125 0.05303305387496948 0.053033001720905304
v -0.048208944499492645 0.05745304748415947 0.08533599972724915
v -0.04757894203066826 0.057976048439741135 0.057976000010967255
v -0.04757894203066826 0.057976048439741135 0.057976000010967255
v -0.048208944499492645 0.05745304748415947 0.08533599972724915
v -0.041667938232421875 0.062360040843486786 0.0623599998652935
v -0.041667938232421875 0.062360040843486786 0.0623599998652935
v -0.048208944499492645 0.05745304748415947 0.08533599972724915
v -0.037499938160181046 0.06495203822851181 0.08734600245952606
v -0.041667938232421875 0.062360040843486786 0.0623599998652935
v -0.037499938160181046 0.06495203822851181 0.08734600245952606
v -0.03535493463277817 0.06614403426647186 0.06614399701356888
v -0.03535493463277817 0.06614403426647186 0.06614399701356888
v -0.037499938160181046 0.06495203822851181 0.08734600245952606
v -0.0287009309977293 0.06929103285074234 0.06929100304841995
v -0.0287009309977293 0.06929103285074234 0.06929100304841995
v -0.037499938160181046 0.06495203822851181 0.08734600245952606
v -0.025651929900050163 0.07047702372074127 0.0888260006904602
v -0.0287009309977293 0.06929103285074234 0.06929100304841995
v -0.025651929900050163 0.07047702372074127 0.0888260006904602
v -0.02177092805504799 0.07177102565765381 0.07177100330591202
v -0.02177092805504799 0.07177102565765381 0.07177100330591202
v -0.025651929900050163 0.07047702372074127 0.0888260006904602
v -0.013023926876485348 0.0738610178232193 0.08973299711942673
v -0.02177092805504799 0.07177102565765381 0.07177100330591202
v -0.013023926876485348 0.0738610178232193 0.08973299711942673
v -0.014631926082074642 0.07355901598930359 0.0735590010881424
v -0.014631926082074642 0.07355901598930359 0.0735590010881424
v -0.013023926876485348 0.0738610178232193 0.08973299711942673
v -0.0073509253561496735 0.07463900744915009 0.07463899999856949
v -0.0073509253561496735 0.07463900744915009 0.07463899999856949
v -0.013023926876485348 0.0738610178232193 0.08973299711942673
v 7.500000265281415e-8 0.07500000298023224 0.090038001537323
v -0.0073509253561496735 0.07463900744915009 0.07463899999856949
v 7.500000265281415e-8 0.07500000298023224 0.090038001537323
v 7.500000265281415e-8 0.07500000298023224 0.07500000298023224
v -7.500000265281415e-8 -0.07500000298023224 -0.09600000083446503
v 0.013023926876485348 -0.0738610178232193 -0.09600000083446503
v -7.500000265281415e-8 -0.07500000298023224 0.04984600096940994
v -7.500000265281415e-8 -0.07500000298023224 0.04984600096940994
v 0.013023926876485348 -0.0738610178232193 -0.09600000083446503
v 0.013023926876485348 -0.0738610178232193 0.050151001662015915
v 0.013023926876485348 -0.0738610178232193 0.050151001662015915
v 0.013023926876485348 -0.0738610178232193 -0.09600000083446503
v 0.025651929900050163 -0.07047702372074127 -0.09600000083446503
v 0.013023926876485348 -0.0738610178232193 0.050151001662015915
v 0.025651929900050163 -0.07047702372074127 -0.09600000083446503
v 0.025651929900050163 -0.07047702372074127 0.05105699971318245
v 0.025651929900050163 -0.07047702372074127 0.05105699971318245
v 0.025651929900050163 -0.07047702372074127 -0.09600000083446503
v 0.037499938160181046 -0.06495203822851181 -0.09600000083446503
v 0.025651929900050163 -0.07047702372074127 0.05105699971318245
v 0.037499938160181046 -0.06495203822851181 -0.09600000083446503
v 0.037499938160181046 -0.06495203822851181 0.05253800004720688
v 0.037499938160181046 -0.06495203822851181 0.05253800004720688
v 0.037499938160181046 -0.06495203822851181 -0.09600000083446503
v 0.048208944499492645 -0.05745304748415947 -0.09600000083446503
v 0.037499938160181046 -0.06495203822851181 0.05253800004720688
v 0.048208944499492645 -0.05745304748415947 -0.09600000083446503
v 0.048208944499492645 -0.05745304748415947 0.05454700067639351
v 0.048208944499492645 -0.05745304748415947 0.05454700067639351
v 0.048208944499492645 -0.05745304748415947 -0.09600000083446503
v 0.05745295062661171 -0.0482090562582016 -0.09600000083446503
v 0.048208944499492645 -0.05745304748415947 0.05454700067639351
v 0.05745295062661171 -0.0482090562582016 -0.09600000083446503
v 0.05745295062661171 -0.0482090562582016 0.057023998349905014
v 0.05745295062661171 -0.0482090562582016 0.057023998349905014
v 0.05745295062661171 -0.0482090562582016 -0.09600000083446503
v 0.06495196372270584 -0.03750006482005119 -0.09600000083446503
v 0.05745295062661171 -0.0482090562582016 0.057023998349905014
v 0.06495196372270584 -0.03750006482005119 -0.09600000083446503
v 0.06495196372270584 -0.03750006482005119 0.05989399924874306
v 0.06495196372270584 -0.03750006482005119 0.05989399924874306
v 0.06495196372270584 -0.03750006482005119 -0.09600000083446503
v 0.07047697901725769 -0.025652071461081505 -0.09600000083446503
v 0.06495196372270584 -0.03750006482005119 0.05989399924874306
v 0.07047697901725769 -0.025652071461081505 -0.09600000083446503
v 0.07047697901725769 -0.025652071461081505 0.06306800246238708
v 0.07047697901725769 -0.025652071461081505 0.06306800246238708
v 0.07047697901725769 -0.025652071461081505 -0.09600000083446503
v 0.07386098802089691 -0.013024074025452137 -0.09600000083446503
v 0.07047697901725769 -0.025652071461081505 0.06306800246238708
v 0.07386098802089691 -0.013024074025452137 -0.09600000083446503
v 0.07386098802089691 -0.013024074025452137 0.06645199656486511
v 0.07386098802089691 -0.013024074025452137 0.06645199656486511
v 0.07386098802089691 -0.013024074025452137 -0.09600000083446503
v 0.07500000298023224 -7.500000265281415e-8 0
v 0.07386098802089691 -0.013024074025452137 0.06645199656486511
v 0.07500000298023224 -7.500000265281415e-8 0
v 0.07500000298023224 -7.500000265281415e-8 0.06994199752807617
v 0.07500000298023224 -7.500000265281415e-8 0.06994199752807617
v 0.07500000298023224 -7.500000265281415e-8 0
v 0.07463900744915009 0.0073509253561496735 0.007350999861955643
v 0.07500000298023224 -7.500000265281415e-8 0.06994199752807617
v 0.07463900744915009 0.0073509253561496735 0.007350999861955643
v 0.0738610178232193 0.013023926876485348 0.07343100011348724
v 0.0738610178232193 0.013023926876485348 0.07343100011348724
v 0.07463900744915009 0.0073509253561496735 0.007350999861955643
v 0.07355901598930359 0.014631926082074642 0.014631999656558037
v 0.0738610178232193 0.013023926876485348 0.07343100011348724
v 0.07355901598930359 0.014631926082074642 0.014631999656558037
v 0.07177102565765381 0.02177092805504799 0.02177100069820881
v 0.07386098802089691 -0.013024074025452137 -0.09600000083446503
v 0.07500000298023224 -7.500000265281415e-8 -0.09600000083446503
v 0.07500000298023224 -7.500000265281415e-8 0
v 0.07500000298023224 -7.500000265281415e-8 0
v 0.07500000298023224 -7.500000265281415e-8 -0.09600000083446503
v 0.07463900744915009 0.0073509253561496735 -0.007350999861955643
v 0.07463900744915009 0.0073509253561496735 -0.007350999861955643
v 0.07500000298023224 -7.500000265281415e-8 -0.09600000083446503
v 0.0738610178232193 0.013023926876485348 -0.09600000083446503
v 0.07463900744915009 0.0073509253561496735 -0.007350999861955643
v 0.0738610178232193 0.013023926876485348 -0.09600000083446503
v 0.07355901598930359 0.014631926082074642 -0.014631999656558037
v 0.07355901598930359 0.014631926082074642 -0.014631999656558037
v 0.0738610178232193 0.013023926876485348 -0.09600000083446503
v 0.07177102565765381 0.02177092805504799 -0.02177100069820881
v 0.07177102565765381 0.02177092805504799 -0.02177100069820881
v 0.0738610178232193 0.013023926876485348 -0.09600000083446503
v 0.07047702372074127 0.025651929900050163 -0.09600000083446503
v 0.07177102565765381 0.02177092805504799 -0.02177100069820881
v 0.07047702372074127 0.025651929900050163 -0.09600000083446503
v 0.06929103285074234 0.0287009309977293 -0.028700999915599823
v 0.06929103285074234 0.0287009309977293 -0.028700999915599823
v 0.07047702372074127 0.025651929900050163 -0.09600000083446503
v 0.06495203822851181 0.037499938160181046 -0.09600000083446503
v 0.06929103285074234 0.0287009309977293 -0.028700999915599823
v 0.06495203822851181 0.037499938160181046 -0.09600000083446503
v 0.06614403426647186 0.03535493463277817 -0.03535500168800354
v 0.06614403426647186 0.03535493463277817 -0.03535500168800354
v 0.06495203822851181 0.037499938160181046 -0.09600000083446503
v 0.062360040843486786 0.041667938232421875 -0.04166800156235695
v 0.062360040843486786 0.041667938232421875 -0.04166800156235695
v 0.06495203822851181 0.037499938160181046 -0.09600000083446503
v 0.05745304748415947 0.048208944499492645 -0.09600000083446503
v 0.062360040843486786 0.041667938232421875 -0.04166800156235695
v 0.05745304748415947 0.048208944499492645 -0.09600000083446503
v 0.057976048439741135 0.04757894203066826 -0.047579001635313034
v 0.057976048439741135 0.04757894203066826 -0.047579001635313034
v 0.05745304748415947 0.048208944499492645 -0.09600000083446503
v 0.05303305387496948 0.053032949566841125 -0.053033001720905304
v 0.05303305387496948 0.053032949566841125 -0.053033001720905304
v 0.05745304748415947 0.048208944499492645 -0.09600000083446503
v 0.0482090562582016 0.05745295062661171 -0.09600000083446503
v 0.05303305387496948 0.053032949566841125 -0.053033001720905304
v 0.0482090562582016 0.05745295062661171 -0.09600000083446503
v 0.04757906123995781 0.057975951582193375 -0.057976000010967255
v 0.04757906123995781 0.057975951582193375 -0.057976000010967255
v 0.0482090562582016 0.05745295062661171 -0.09600000083446503
v 0.04166806489229202 0.06235995888710022 -0.0623599998652935
v 0.04166806489229202 0.06235995888710022 -0.0623599998652935
v 0.0482090562582016 0.05745295062661171 -0.09600000083446503
v 0.03750006482005119 0.06495196372270584 -0.09600000083446503
v 0.04166806489229202 0.06235995888710022 -0.0623599998652935
v 0.03750006482005119 0.06495196372270584 -0.09600000083446503
v 0.03535506874322891 0.0661439597606659 -0.06614399701356888
v 0.03535506874322891 0.0661439597606659 -0.06614399701356888
v 0.03750006482005119 0.06495196372270584 -0.09600000083446503
v 0.028701068833470345 0.06929097324609756 -0.06929100304841995
v 0.028701068833470345 0.06929097324609756 -0.06929100304841995
v 0.03750006482005119 0.06495196372270584 -0.09600000083446503
v 0.025652071461081505 0.07047697901725769 -0.09600000083446503
v 0.028701068833470345 0.06929097324609756 -0.06929100304841995
v 0.025652071461081505 0.07047697901725769 -0.09600000083446503
v 0.02177107334136963 0.07177098095417023 -0.07177100330591202
v 0.02177107334136963 0.07177098095417023 -0.07177100330591202
v 0.025652071461081505 0.07047697901725769 -0.09600000083446503
v 0.013024074025452137 0.07386098802089691 -0.09600000083446503
v 0.02177107334136963 0.07177098095417023 -0.07177100330591202
v 0.013024074025452137 0.07386098802089691 -0.09600000083446503
v 0.014632073231041431 0.0735589861869812 -0.0735590010881424
v 0.014632073231041431 0.0735589861869812 -0.0735590010881424
v 0.013024074025452137 0.07386098802089691 -0.09600000083446503
v 0.007351074367761612 0.07463899254798889 -0.07463899999856949
v 0.007351074367761612 0.07463899254798889 -0.07463899999856949
v 0.013024074025452137 0.07386098802089691 -0.09600000083446503
v 7.500000265281415e-8 0.07500000298023224 -0.09600000083446503
v 0.007351074367761612 0.07463899254798889 -0.07463899999856949
v 7.500000265281415e-8 0.07500000298023224 -0.09600000083446503
v 7.500000265281415e-8 0.07500000298023224 -0.07500000298023224
v 0.0738610178232193 0.013023926876485348 0.07343100011348724
v 0.07177102565765381 0.02177092805504799 0.02177100069820881
v 0.07047702372074127 0.025651929900050163 0.07681500166654587
v 0.07047702372074127 0.025651929900050163 0.07681500166654587
v 0.07177102565765381 0.02177092805504799 0.02177100069820881
v 0.06929103285074234 0.0287009309977293 0.028700999915599823
v 0.07047702372074127 0.025651929900050163 0.07681500166654587
v 0.06929103285074234 0.0287009309977293 0.028700999915599823
v 0.06614403426647186 0.03535493463277817 0.03535500168800354
v 0.07047702372074127 0.025651929900050163 0.07681500166654587
v 0.06614403426647186 0.03535493463277817 0.03535500168800354
v 0.06495203822851181 0.037499938160181046 0.07998999953269958
v 0.06495203822851181 0.037499938160181046 0.07998999953269958
v 0.06614403426647186 0.03535493463277817 0.03535500168800354
v 0.062360040843486786 0.041667938232421875 0.04166800156235695
v 0.06495203822851181 0.037499938160181046 0.07998999953269958
v 0.062360040843486786 0.041667938232421875 0.04166800156235695
v 0.05745304748415947 0.048208944499492645 0.08285900205373764
v 0.05745304748415947 0.048208944499492645 0.08285900205373764
v 0.062360040843486786 0.041667938232421875 0.04166800156235695
v 0.057976048439741135 0.04757894203066826 0.047579001635313034
v 0.05745304748415947 0.048208944499492645 0.08285900205373764
v 0.057976048439741135 0.04757894203066826 0.047579001635313034
v 0.05303305387496948 0.053032949566841125 0.053033001720905304
v 0.05745304748415947 0.048208944499492645 0.08285900205373764
v 0.05303305387496948 0.053032949566841125 0.053033001720905304
v 0.0482090562582016 0.05745295062661171 0.08533599972724915
v 0.0482090562582016 0.05745295062661171 0.08533599972724915
v 0.05303305387496948 0.053032949566841125 0.053033001720905304
v 0.04757906123995781 0.057975951582193375 0.057976000010967255
v 0.0482090562582016 0.05745295062661171 0.08533599972724915
v 0.04757906123995781 0.057975951582193375 0.057976000010967255
v 0.04166806489229202 0.06235995888710022 0.0623599998652935
v 0.0482090562582016 0.05745295062661171 0.08533599972724915
v 0.04166806489229202 0.06235995888710022 0.0623599998652935
v 0.03750006482005119 0.06495196372270584 0.08734600245952606
v 0.03750006482005119 0.06495196372270584 0.08734600245952606
v 0.04166806489229202 0.06235995888710022 0.0623599998652935
v 0.03535506874322891 0.0661439597606659 0.06614399701356888
v 0.03750006482005119 0.06495196372270584 0.08734600245952606
v 0.03535506874322891 0.0661439597606659 0.06614399701356888
v 0.028701068833470345 0.06929097324609756 0.06929100304841995
v 0.03750006482005119 0.06495196372270584 0.08734600245952606
v 0.028701068833470345 0.06929097324609756 0.06929100304841995
v 0.025652071461081505 0.07047697901725769 0.0888260006904602
v 0.025652071461081505 0.07047697901725769 0.0888260006904602
v 0.028701068833470345 0.06929097324609756 0.06929100304841995
v 0.02177107334136963 0.07177098095417023 0.07177100330591202
v 0.025652071461081505 0.07047697901725769 0.0888260006904602
v 0.02177107334136963 0.07177098095417023 0.07177100330591202
v 0.013024074025452137 0.07386098802089691 0.08973299711942673
v 0.013024074025452137 0.07386098802089691 0.08973299711942673
v 0.02177107334136963 0.07177098095417023 0.07177100330591202
v 0.014632073231041431 0.0735589861869812 0.0735590010881424
v 0.013024074025452137 0.07386098802089691 0.08973299711942673
v 0.014632073231041431 0.0735589861869812 0.0735590010881424
v 0.007351074367761612 0.07463899254798889 0.07463899999856949
v 7.500000265281415e-8 0.07500000298023224 0.07500000298023224
v 7.500000265281415e-8 0.07500000298023224 0.090038001537323
v 0.007351074367761612 0.07463899254798889 0.07463899999856949
v 0.007351074367761612 0.07463899254798889 0.07463899999856949
v 7.500000265281415e-8 0.07500000298023224 0.090038001537323
v 0.013024074025452137 0.07386098802089691 0.08973299711942673
v -0.07500000298023224 7.500000265281415e-8 0
v -0.07499990612268448 0.096000075340271 -2.1316282258091463e-17
v -0.07463899254798889 0.007351074367761612 -0.007350999861955643
v -0.07463899254798889 0.007351074367761612 -0.007350999861955643
v -0.07499990612268448 0.096000075340271 -2.1316282258091463e-17
v -0.07386090606451035 0.096000075340271 -0.013024000450968742
v -0.07463899254798889 0.007351074367761612 -0.007350999861955643
v -0.07386090606451035 0.096000075340271 -0.013024000450968742
v -0.0735589861869812 0.014632073231041431 -0.014631999656558037
v -0.0735589861869812 0.014632073231041431 -0.014631999656558037
v -0.07386090606451035 0.096000075340271 -0.013024000450968742
v -0.07177098095417023 0.02177107334136963 -0.02177100069820881
v -0.07177098095417023 0.02177107334136963 -0.02177100069820881
v -0.07386090606451035 0.096000075340271 -0.013024000450968742
v -0.07047690451145172 0.0960000678896904 -0.025652000680565834
v -0.07177098095417023 0.02177107334136963 -0.02177100069820881
v -0.07047690451145172 0.0960000678896904 -0.025652000680565834
v -0.06929097324609756 0.028701068833470345 -0.028700999915599823
v -0.06929097324609756 0.028701068833470345 -0.028700999915599823
v -0.07047690451145172 0.0960000678896904 -0.025652000680565834
v -0.06495190411806107 0.0960000678896904 -0.03750000149011612
v -0.06929097324609756 0.028701068833470345 -0.028700999915599823
v -0.06495190411806107 0.0960000678896904 -0.03750000149011612
v -0.0661439597606659 0.03535506874322891 -0.03535500168800354
v -0.0661439597606659 0.03535506874322891 -0.03535500168800354
v -0.06495190411806107 0.0960000678896904 -0.03750000149011612
v -0.06235995888710022 0.04166806489229202 -0.04166800156235695
v -0.06235995888710022 0.04166806489229202 -0.04166800156235695
v -0.06495190411806107 0.0960000678896904 -0.03750000149011612
v -0.05745290219783783 0.0960000604391098 -0.04820900037884712
v -0.06235995888710022 0.04166806489229202 -0.04166800156235695
v -0.05745290219783783 0.0960000604391098 -0.04820900037884712
v -0.057975951582193375 0.04757906123995781 -0.047579001635313034
v -0.057975951582193375 0.04757906123995781 -0.047579001635313034
v -0.05745290219783783 0.0960000604391098 -0.04820900037884712
v -0.053032949566841125 0.05303305387496948 -0.053033001720905304
v -0.053032949566841125 0.05303305387496948 -0.053033001720905304
v -0.05745290219783783 0.0960000604391098 -0.04820900037884712
v -0.04820890352129936 0.09600004553794861 -0.05745299905538559
v -0.053032949566841125 0.05303305387496948 -0.053033001720905304
v -0.04820890352129936 0.09600004553794861 -0.05745299905538559
v -0.04757894203066826 0.057976048439741135 -0.057976000010967255
v -0.04757894203066826 0.057976048439741135 -0.057976000010967255
v -0.04820890352129936 0.09600004553794861 -0.05745299905538559
v -0.041667938232421875 0.062360040843486786 -0.0623599998652935
v -0.041667938232421875 0.062360040843486786 -0.0623599998652935
v -0.04820890352129936 0.09600004553794861 -0.05745299905538559
v -0.03749990463256836 0.09600003808736801 -0.06495200097560883
v -0.041667938232421875 0.062360040843486786 -0.0623599998652935
v -0.03749990463256836 0.09600003808736801 -0.06495200097560883
v -0.03535493463277817 0.06614403426647186 -0.06614399701356888
v -0.03535493463277817 0.06614403426647186 -0.06614399701356888
v -0.03749990463256836 0.09600003808736801 -0.06495200097560883
v -0.0287009309977293 0.06929103285074234 -0.06929100304841995
v -0.0287009309977293 0.06929103285074234 -0.06929100304841995
v -0.03749990463256836 0.09600003808736801 -0.06495200097560883
v -0.025651903823018074 0.09600002318620682 -0.07047700136899948
v -0.0287009309977293 0.06929103285074234 -0.06929100304841995
v -0.025651903823018074 0.09600002318620682 -0.07047700136899948
v -0.02177092805504799 0.07177102565765381 -0.07177100330591202
v -0.02177092805504799 0.07177102565765381 -0.07177100330591202
v -0.025651903823018074 0.09600002318620682 -0.07047700136899948
v -0.013023904524743557 0.09600001573562622 -0.0738610029220581
v -0.02177092805504799 0.07177102565765381 -0.07177100330591202
v -0.013023904524743557 0.09600001573562622 -0.0738610029220581
v -0.014631926082074642 0.07355901598930359 -0.0735590010881424
v -0.014631926082074642 0.07355901598930359 -0.0735590010881424
v -0.013023904524743557 0.09600001573562622 -0.0738610029220581
v -0.0073509253561496735 0.07463900744915009 -0.07463899999856949
v -0.0073509253561496735 0.07463900744915009 -0.07463899999856949
v -0.013023904524743557 0.09600001573562622 -0.0738610029220581
v 9.600000083764826e-8 0.09600000083446503 -0.07500000298023224
v -0.0073509253561496735 0.07463900744915009 -0.07463899999856949
v 9.600000083764826e-8 0.09600000083446503 -0.07500000298023224
v 7.500000265281415e-8 0.07500000298023224 -0.07500000298023224
v 7.500000265281415e-8 0.07500000298023224 -0.07500000298023224
v 9.600000083764826e-8 0.09600000083446503 -0.07500000298023224
v 0.007351074367761612 0.07463899254798889 -0.07463899999856949
v 0.007351074367761612 0.07463899254798889 -0.07463899999856949
v 9.600000083764826e-8 0.09600000083446503 -0.07500000298023224
v 0.013024096377193928 0.09599998593330383 -0.0738610029220581
v 0.007351074367761612 0.07463899254798889 -0.07463899999856949
v 0.013024096377193928 0.09599998593330383 -0.0738610029220581
v 0.014632073231041431 0.0735589861869812 -0.0735590010881424
v 0.014632073231041431 0.0735589861869812 -0.0735590010881424
v 0.013024096377193928 0.09599998593330383 -0.0738610029220581
v 0.02177107334136963 0.07177098095417023 -0.07177100330591202
v 0.02177107334136963 0.07177098095417023 -0.07177100330591202
v 0.013024096377193928 0.09599998593330383 -0.0738610029220581
v 0.025652097538113594 0.09599997848272324 -0.07047700136899948
v 0.02177107334136963 0.07177098095417023 -0.07177100330591202
v 0.025652097538113594 0.09599997848272324 -0.07047700136899948
v 0.028701068833470345 0.06929097324609756 -0.06929100304841995
v 0.028701068833470345 0.06929097324609756 -0.06929100304841995
v 0.025652097538113594 0.09599997848272324 -0.07047700136899948
v 0.03750009834766388 0.09599996358156204 -0.06495200097560883
v 0.028701068833470345 0.06929097324609756 -0.06929100304841995
v 0.03750009834766388 0.09599996358156204 -0.06495200097560883
v 0.03535506874322891 0.0661439597606659 -0.06614399701356888
v 0.03535506874322891 0.0661439597606659 -0.06614399701356888
v 0.03750009834766388 0.09599996358156204 -0.06495200097560883
v 0.04166806489229202 0.06235995888710022 -0.0623599998652935
v 0.04166806489229202 0.06235995888710022 -0.0623599998652935
v 0.03750009834766388 0.09599996358156204 -0.06495200097560883
v 0.04820909723639488 0.09599995613098145 -0.05745299905538559
v 0.04166806489229202 0.06235995888710022 -0.0623599998652935
v 0.04820909723639488 0.09599995613098145 -0.05745299905538559
v 0.04757906123995781 0.057975951582193375 -0.057976000010967255
v 0.04757906123995781 0.057975951582193375 -0.057976000010967255
v 0.04820909723639488 0.09599995613098145 -0.05745299905538559
v 0.05303305387496948 0.053032949566841125 -0.053033001720905304
v 0.05303305387496948 0.053032949566841125 -0.053033001720905304
v 0.04820909723639488 0.09599995613098145 -0.05745299905538559
v 0.05745309591293335 0.09599994122982025 -0.04820900037884712
v 0.05303305387496948 0.053032949566841125 -0.053033001720905304
v 0.05745309591293335 0.09599994122982025 -0.04820900037884712
v 0.057976048439741135 0.04757894203066826 -0.047579001635313034
v 0.057976048439741135 0.04757894203066826 -0.047579001635313034
v 0.05745309591293335 0.09599994122982025 -0.04820900037884712
v 0.062360040843486786 0.041667938232421875 -0.04166800156235695
v 0.062360040843486786 0.041667938232421875 -0.04166800156235695
v 0.05745309591293335 0.09599994122982025 -0.04820900037884712
v 0.06495209783315659 0.09599993377923965 -0.03750000149011612
v 0.062360040843486786 0.041667938232421875 -0.04166800156235695
v 0.06495209783315659 0.09599993377923965 -0.03750000149011612
v 0.06614403426647186 0.03535493463277817 -0.03535500168800354
v 0.06614403426647186 0.03535493463277817 -0.03535500168800354
v 0.06495209783315659 0.09599993377923965 -0.03750000149011612
v 0.07047709822654724 0.09599993377923965 -0.025652000680565834
v 0.06614403426647186 0.03535493463277817 -0.03535500168800354
v 0.07047709822654724 0.09599993377923965 -0.025652000680565834
v 0.06929103285074234 0.0287009309977293 -0.028700999915599823
v 0.06929103285074234 0.0287009309977293 -0.028700999915599823
v 0.07047709822654724 0.09599993377923965 -0.025652000680565834
v 0.07177102565765381 0.02177092805504799 -0.02177100069820881
v 0.07177102565765381 0.02177092805504799 -0.02177100069820881
v 0.07047709822654724 0.09599993377923965 -0.025652000680565834
v 0.07386109977960587 0.09599992632865906 -0.013024000450968742
v 0.07177102565765381 0.02177092805504799 -0.02177100069820881
v 0.07386109977960587 0.09599992632865906 -0.013024000450968742
v 0.07355901598930359 0.014631926082074642 -0.014631999656558037
v 0.07355901598930359 0.014631926082074642 -0.014631999656558037
v 0.07386109977960587 0.09599992632865906 -0.013024000450968742
v 0.07463900744915009 0.0073509253561496735 -0.007350999861955643
v 0.07463900744915009 0.0073509253561496735 -0.007350999861955643
v 0.07386109977960587 0.09599992632865906 -0.013024000450968742
v 0.07500009983778 0.09599992632865906 -2.1316282258091463e-17
v 0.07463900744915009 0.0073509253561496735 -0.007350999861955643
v 0.07500009983778 0.09599992632865906 -2.1316282258091463e-17
v 0.07500000298023224 -7.500000265281415e-8 0
v 0.07386109977960587 0.09599992632865906 0.013024000450968742
v 0.07500009983778 0.09599992632865906 -2.1316282258091463e-17
v 0.07250009477138519 0.09599992632865906 -2.1316282258091463e-17
v 0.07250009477138519 0.09599992632865906 -2.1316282258091463e-17
v 0.07500009983778 0.09599992632865906 -2.1316282258091463e-17
v 0.07386109977960587 0.09599992632865906 -0.013024000450968742
v 0.07250009477138519 0.09599992632865906 -2.1316282258091463e-17
v 0.07386109977960587 0.09599992632865906 -0.013024000450968742
v 0.07126609981060028 0.09599992632865906 -0.01332200039178133
v 0.07126609981060028 0.09599992632865906 -0.01332200039178133
v 0.07386109977960587 0.09599992632865906 -0.013024000450968742
v 0.07047709822654724 0.09599993377923965 -0.025652000680565834
v 0.07126609981060028 0.09599992632865906 -0.01332200039178133
v 0.07047709822654724 0.09599993377923965 -0.025652000680565834
v 0.06760409474372864 0.09599993377923965 -0.026189999654889107
v 0.06760409474372864 0.09599993377923965 -0.026189999654889107
v 0.07047709822654724 0.09599993377923965 -0.025652000680565834
v 0.06495209783315659 0.09599993377923965 -0.03750000149011612
v 0.06760409474372864 0.09599993377923965 -0.026189999654889107
v 0.06495209783315659 0.09599993377923965 -0.03750000149011612
v 0.06164109706878662 0.09599994122982025 -0.03816600143909454
v 0.06164109706878662 0.09599994122982025 -0.03816600143909454
v 0.06495209783315659 0.09599993377923965 -0.03750000149011612
v 0.05745309591293335 0.09599994122982025 -0.04820900037884712
v 0.06164109706878662 0.09599994122982025 -0.03816600143909454
v 0.05745309591293335 0.09599994122982025 -0.04820900037884712
v 0.05357809737324715 0.09599994868040085 -0.04884300008416176
v 0.05357809737324715 0.09599994868040085 -0.04884300008416176
v 0.05745309591293335 0.09599994122982025 -0.04820900037884712
v 0.04820909723639488 0.09599995613098145 -0.05745299905538559
v 0.05357809737324715 0.09599994868040085 -0.04884300008416176
v 0.04820909723639488 0.09599995613098145 -0.05745299905538559
v 0.04369109869003296 0.09599995613098145 -0.0578560009598732
v 0.04369109869003296 0.09599995613098145 -0.0578560009598732
v 0.04820909723639488 0.09599995613098145 -0.05745299905538559
v 0.03750009834766388 0.09599996358156204 -0.06495200097560883
v 0.04369109869003296 0.09599995613098145 -0.0578560009598732
v 0.03750009834766388 0.09599996358156204 -0.06495200097560883
v 0.032316096127033234 0.09599997103214264 -0.06489899754524231
v 0.032316096127033234 0.09599997103214264 -0.06489899754524231
v 0.03750009834766388 0.09599996358156204 -0.06495200097560883
v 0.025652097538113594 0.09599997848272324 -0.07047700136899948
v 0.032316096127033234 0.09599997103214264 -0.06489899754524231
v 0.025652097538113594 0.09599997848272324 -0.07047700136899948
v 0.01984109729528427 0.09599997848272324 -0.06973200291395187
v 0.01984109729528427 0.09599997848272324 -0.06973200291395187
v 0.025652097538113594 0.09599997848272324 -0.07047700136899948
v 0.013024096377193928 0.09599998593330383 -0.0738610029220581
v 0.01984109729528427 0.09599997848272324 -0.06973200291395187
v 0.013024096377193928 0.09599998593330383 -0.0738610029220581
v 0.0066890958696603775 0.09599999338388443 -0.07219099998474121
v 0.0066890958696603775 0.09599999338388443 -0.07219099998474121
v 0.013024096377193928 0.09599998593330383 -0.0738610029220581
v 9.600000083764826e-8 0.09600000083446503 -0.07500000298023224
v 0.0066890958696603775 0.09599999338388443 -0.07219099998474121
v 9.600000083764826e-8 0.09600000083446503 -0.07500000298023224
v -0.006688904017210007 0.09600000828504562 -0.07219099998474121
v -0.006688904017210007 0.09600000828504562 -0.07219099998474121
v 9.600000083764826e-8 0.09600000083446503 -0.07500000298023224
v -0.013023904524743557 0.09600001573562622 -0.0738610029220581
v -0.006688904017210007 0.09600000828504562 -0.07219099998474121
v -0.013023904524743557 0.09600001573562622 -0.0738610029220581
v -0.01984090358018875 0.09600002318620682 -0.06973200291395187
v -0.01984090358018875 0.09600002318620682 -0.06973200291395187
v -0.013023904524743557 0.09600001573562622 -0.0738610029220581
v -0.025651903823018074 0.09600002318620682 -0.07047700136899948
v -0.01984090358018875 0.09600002318620682 -0.06973200291395187
v -0.025651903823018074 0.09600002318620682 -0.07047700136899948
v -0.032315902411937714 0.09600003063678741 -0.06489899754524231
v -0.032315902411937714 0.09600003063678741 -0.06489899754524231
v -0.025651903823018074 0.09600002318620682 -0.07047700136899948
v -0.03749990463256836 0.09600003808736801 -0.06495200097560883
v -0.032315902411937714 0.09600003063678741 -0.06489899754524231
v -0.03749990463256836 0.09600003808736801 -0.06495200097560883
v -0.04369090497493744 0.09600004553794861 -0.0578560009598732
v -0.04369090497493744 0.09600004553794861 -0.0578560009598732
v -0.03749990463256836 0.09600003808736801 -0.06495200097560883
v -0.04820890352129936 0.09600004553794861 -0.05745299905538559
v -0.04369090497493744 0.09600004553794861 -0.0578560009598732
v -0.04820890352129936 0.09600004553794861 -0.05745299905538559
v -0.05357790365815163 0.0960000529885292 -0.04884300008416176
v -0.05357790365815163 0.0960000529885292 -0.04884300008416176
v -0.04820890352129936 0.09600004553794861 -0.05745299905538559
v -0.05745290219783783 0.0960000604391098 -0.04820900037884712
v -0.05357790365815163 0.0960000529885292 -0.04884300008416176
v -0.05745290219783783 0.0960000604391098 -0.04820900037884712
v -0.0616409033536911 0.0960000604391098 -0.03816600143909454
v -0.0616409033536911 0.0960000604391098 -0.03816600143909454
v -0.05745290219783783 0.0960000604391098 -0.04820900037884712
v -0.06495190411806107 0.0960000678896904 -0.03750000149011612
v -0.0616409033536911 0.0960000604391098 -0.03816600143909454
v -0.06495190411806107 0.0960000678896904 -0.03750000149011612
v -0.06760390102863312 0.0960000678896904 -0.026189999654889107
v -0.06760390102863312 0.0960000678896904 -0.026189999654889107
v -0.06495190411806107 0.0960000678896904 -0.03750000149011612
v -0.07047690451145172 0.0960000678896904 -0.025652000680565834
v -0.06760390102863312 0.0960000678896904 -0.026189999654889107
v -0.07047690451145172 0.0960000678896904 -0.025652000680565834
v -0.07126590609550476 0.096000075340271 -0.01332200039178133
v -0.07126590609550476 0.096000075340271 -0.01332200039178133
v -0.07047690451145172 0.0960000678896904 -0.025652000680565834
v -0.07386090606451035 0.096000075340271 -0.013024000450968742
v -0.07126590609550476 0.096000075340271 -0.01332200039178133
v -0.07386090606451035 0.096000075340271 -0.013024000450968742
v -0.07249990105628967 0.096000075340271 -2.1316282258091463e-17
v -0.07249990105628967 0.096000075340271 -2.1316282258091463e-17
v -0.07386090606451035 0.096000075340271 -0.013024000450968742
v -0.07499990612268448 0.096000075340271 -2.1316282258091463e-17
v -0.07249990105628967 0.096000075340271 -2.1316282258091463e-17
v -0.07499990612268448 0.096000075340271 -2.1316282258091463e-17
v -0.07386090606451035 0.096000075340271 0.013024000450968742
v -0.07249990105628967 0.096000075340271 -2.1316282258091463e-17
v -0.07386090606451035 0.096000075340271 0.013024000450968742
v -0.07126590609550476 0.096000075340271 0.01332200039178133
v -0.07126590609550476 0.096000075340271 0.01332200039178133
v -0.07386090606451035 0.096000075340271 0.013024000450968742
v -0.07047690451145172 0.0960000678896904 0.025652000680565834
v -0.07126590609550476 0.096000075340271 0.01332200039178133
v -0.07047690451145172 0.0960000678896904 0.025652000680565834
v -0.06760390102863312 0.0960000678896904 0.026189999654889107
v -0.06760390102863312 0.0960000678896904 0.026189999654889107
v -0.07047690451145172 0.0960000678896904 0.025652000680565834
v -0.06495190411806107 0.0960000678896904 0.03750000149011612
v -0.06760390102863312 0.0960000678896904 0.026189999654889107
v -0.06495190411806107 0.0960000678896904 0.03750000149011612
v -0.0616409033536911 0.0960000604391098 0.03816600143909454
v -0.0616409033536911 0.0960000604391098 0.03816600143909454
v -0.06495190411806107 0.0960000678896904 0.03750000149011612
v -0.05745290219783783 0.0960000604391098 0.04820900037884712
v -0.0616409033536911 0.0960000604391098 0.03816600143909454
v -0.05745290219783783 0.0960000604391098 0.04820900037884712
v -0.05357790365815163 0.0960000529885292 0.04884300008416176
v -0.05357790365815163 0.0960000529885292 0.04884300008416176
v -0.05745290219783783 0.0960000604391098 0.04820900037884712
v -0.04820890352129936 0.09600004553794861 0.05745299905538559
v -0.05357790365815163 0.0960000529885292 0.04884300008416176
v -0.04820890352129936 0.09600004553794861 0.05745299905538559
v -0.04369090497493744 0.09600004553794861 0.0578560009598732
v -0.04369090497493744 0.09600004553794861 0.0578560009598732
v -0.04820890352129936 0.09600004553794861 0.05745299905538559
v -0.03749990463256836 0.09600003808736801 0.06495200097560883
v -0.04369090497493744 0.09600004553794861 0.0578560009598732
v -0.03749990463256836 0.09600003808736801 0.06495200097560883
v -0.032315902411937714 0.09600003063678741 0.06489899754524231
v -0.032315902411937714 0.09600003063678741 0.06489899754524231
v -0.03749990463256836 0.09600003808736801 0.06495200097560883
v -0.025651903823018074 0.09600002318620682 0.07047700136899948
v -0.032315902411937714 0.09600003063678741 0.06489899754524231
v -0.025651903823018074 0.09600002318620682 0.07047700136899948
v -0.01984090358018875 0.09600002318620682 0.06973200291395187
v -0.01984090358018875 0.09600002318620682 0.06973200291395187
v -0.025651903823018074 0.09600002318620682 0.07047700136899948
v -0.013023904524743557 0.09600001573562622 0.0738610029220581
v -0.01984090358018875 0.09600002318620682 0.06973200291395187
v -0.013023904524743557 0.09600001573562622 0.0738610029220581
v -0.006688904017210007 0.09600000828504562 0.07219099998474121
v -0.006688904017210007 0.09600000828504562 0.07219099998474121
v -0.013023904524743557 0.09600001573562622 0.0738610029220581
v 9.600000083764826e-8 0.09600000083446503 0.07500000298023224
v -0.006688904017210007 0.09600000828504562 0.07219099998474121
v 9.600000083764826e-8 0.09600000083446503 0.07500000298023224
v 0.0066890958696603775 0.09599999338388443 0.07219099998474121
v 0.0066890958696603775 0.09599999338388443 0.07219099998474121
v 9.600000083764826e-8 0.09600000083446503 0.07500000298023224
v 0.013024096377193928 0.09599998593330383 0.0738610029220581
v 0.0066890958696603775 0.09599999338388443 0.07219099998474121
v 0.013024096377193928 0.09599998593330383 0.0738610029220581
v 0.01984109729528427 0.09599997848272324 0.06973200291395187
v 0.01984109729528427 0.09599997848272324 0.06973200291395187
v 0.013024096377193928 0.09599998593330383 0.0738610029220581
v 0.025652097538113594 0.09599997848272324 0.07047700136899948
v 0.01984109729528427 0.09599997848272324 0.06973200291395187
v 0.025652097538113594 0.09599997848272324 0.07047700136899948
v 0.032316096127033234 0.09599997103214264 0.06489899754524231
v 0.032316096127033234 0.09599997103214264 0.06489899754524231
v 0.025652097538113594 0.09599997848272324 0.07047700136899948
v 0.03750009834766388 0.09599996358156204 0.06495200097560883
v 0.032316096127033234 0.09599997103214264 0.06489899754524231
v 0.03750009834766388 0.09599996358156204 0.06495200097560883
v 0.04369109869003296 0.09599995613098145 0.0578560009598732
v 0.04369109869003296 0.09599995613098145 0.0578560009598732
v 0.03750009834766388 0.09599996358156204 0.06495200097560883
v 0.04820909723639488 0.09599995613098145 0.05745299905538559
v 0.04369109869003296 0.09599995613098145 0.0578560009598732
v 0.04820909723639488 0.09599995613098145 0.05745299905538559
v 0.05357809737324715 0.09599994868040085 0.04884300008416176
v 0.05357809737324715 0.09599994868040085 0.04884300008416176
v 0.04820909723639488 0.09599995613098145 0.05745299905538559
v 0.05745309591293335 0.09599994122982025 0.04820900037884712
v 0.05357809737324715 0.09599994868040085 0.04884300008416176
v 0.05745309591293335 0.09599994122982025 0.04820900037884712
v 0.06164109706878662 0.09599994122982025 0.03816600143909454
v 0.06164109706878662 0.09599994122982025 0.03816600143909454
v 0.05745309591293335 0.09599994122982025 0.04820900037884712
v 0.06495209783315659 0.09599993377923965 0.03750000149011612
v 0.06164109706878662 0.09599994122982025 0.03816600143909454
v 0.06495209783315659 0.09599993377923965 0.03750000149011612
v 0.06760409474372864 0.09599993377923965 0.026189999654889107
v 0.06760409474372864 0.09599993377923965 0.026189999654889107
v 0.06495209783315659 0.09599993377923965 0.03750000149011612
v 0.07047709822654724 0.09599993377923965 0.025652000680565834
v 0.06760409474372864 0.09599993377923965 0.026189999654889107
v 0.07047709822654724 0.09599993377923965 0.025652000680565834
v 0.07126609981060028 0.09599992632865906 0.01332200039178133
v 0.07126609981060028 0.09599992632865906 0.01332200039178133
v 0.07047709822654724 0.09599993377923965 0.025652000680565834
v 0.07386109977960587 0.09599992632865906 0.013024000450968742
v 0.07126609981060028 0.09599992632865906 0.01332200039178133
v 0.07386109977960587 0.09599992632865906 0.013024000450968742
v 0.07250009477138519 0.09599992632865906 -2.1316282258091463e-17
v -0.013024074025452137 -0.07386098802089691 -0.09600000083446503
v -0.012989073991775513 -0.07366398721933365 -0.09600000083446503
v -7.500000265281415e-8 -0.07500000298023224 -0.09600000083446503
v -7.500000265281415e-8 -0.07500000298023224 -0.09600000083446503
v -0.012989073991775513 -0.07366398721933365 -0.09600000083446503
v -7.479999908355239e-8 -0.07479999959468842 -0.09600000083446503
v -7.500000265281415e-8 -0.07500000298023224 -0.09600000083446503
v -7.479999908355239e-8 -0.07479999959468842 -0.09600000083446503
v 0.013023926876485348 -0.0738610178232193 -0.09600000083446503
v 0.013023926876485348 -0.0738610178232193 -0.09600000083446503
v -7.479999908355239e-8 -0.07479999959468842 -0.09600000083446503
v 0.012988926842808723 -0.07366401702165604 -0.09600000083446503
v 0.013023926876485348 -0.0738610178232193 -0.09600000083446503
v 0.012988926842808723 -0.07366401702165604 -0.09600000083446503
v 0.02558293007314205 -0.07028902322053909 -0.09600000083446503
v -0.012989073991775513 -0.07366398721933365 -0.09600000083446503
v -0.013024074025452137 -0.07386098802089691 -0.09600000083446503
v -0.025583071634173393 -0.07028897851705551 -0.09600000083446503
v -0.025583071634173393 -0.07028897851705551 -0.09600000083446503
v -0.013024074025452137 -0.07386098802089691 -0.09600000083446503
v -0.025652071461081505 -0.07047697901725769 -0.09600000083446503
v -0.025583071634173393 -0.07028897851705551 -0.09600000083446503
v -0.025652071461081505 -0.07047697901725769 -0.09600000083446503
v -0.03740006312727928 -0.06477896124124527 -0.09600000083446503
v -0.03740006312727928 -0.06477896124124527 -0.09600000083446503
v -0.025652071461081505 -0.07047697901725769 -0.09600000083446503
v -0.03750006482005119 -0.06495196372270584 -0.09600000083446503
v -0.03740006312727928 -0.06477896124124527 -0.09600000083446503
v -0.03750006482005119 -0.06495196372270584 -0.09600000083446503
v -0.04808105528354645 -0.05729995295405388 -0.09600000083446503
v -0.04808105528354645 -0.05729995295405388 -0.09600000083446503
v -0.03750006482005119 -0.06495196372270584 -0.09600000083446503
v -0.0482090562582016 -0.05745295062661171 -0.09600000083446503
v -0.04808105528354645 -0.05729995295405388 -0.09600000083446503
v -0.0482090562582016 -0.05745295062661171 -0.09600000083446503
v -0.05730004981160164 -0.048080943524837494 -0.09600000083446503
v -0.05730004981160164 -0.048080943524837494 -0.09600000083446503
v -0.0482090562582016 -0.05745295062661171 -0.09600000083446503
v -0.05745304748415947 -0.048208944499492645 -0.09600000083446503
v -0.05730004981160164 -0.048080943524837494 -0.09600000083446503
v -0.05745304748415947 -0.048208944499492645 -0.09600000083446503
v -0.06477903574705124 -0.037399936467409134 -0.09600000083446503
v -0.06477903574705124 -0.037399936467409134 -0.09600000083446503
v -0.05745304748415947 -0.048208944499492645 -0.09600000083446503
v -0.06495203822851181 -0.037499938160181046 -0.09600000083446503
v -0.06477903574705124 -0.037399936467409134 -0.09600000083446503
v -0.06495203822851181 -0.037499938160181046 -0.09600000083446503
v -0.07028902322053909 -0.02558293007314205 -0.09600000083446503
v -0.07028902322053909 -0.02558293007314205 -0.09600000083446503
v -0.06495203822851181 -0.037499938160181046 -0.09600000083446503
v -0.07047702372074127 -0.025651929900050163 -0.09600000083446503
v -0.07028902322053909 -0.02558293007314205 -0.09600000083446503
v -0.07047702372074127 -0.025651929900050163 -0.09600000083446503
v -0.07366401702165604 -0.012988926842808723 -0.09600000083446503
v -0.07366401702165604 -0.012988926842808723 -0.09600000083446503
v -0.07047702372074127 -0.025651929900050163 -0.09600000083446503
v -0.0738610178232193 -0.013023926876485348 -0.09600000083446503
v -0.07366401702165604 -0.012988926842808723 -0.09600000083446503
v -0.0738610178232193 -0.013023926876485348 -0.09600000083446503
v -0.07479999959468842 7.479999908355239e-8 -0.09600000083446503
v -0.07479999959468842 7.479999908355239e-8 -0.09600000083446503
v -0.0738610178232193 -0.013023926876485348 -0.09600000083446503
v -0.07500000298023224 7.500000265281415e-8 -0.09600000083446503
v -0.07479999959468842 7.479999908355239e-8 -0.09600000083446503
v -0.07500000298023224 7.500000265281415e-8 -0.09600000083446503
v -0.07386098802089691 0.013024074025452137 -0.09600000083446503
v -0.07479999959468842 7.479999908355239e-8 -0.09600000083446503
v -0.07386098802089691 0.013024074025452137 -0.09600000083446503
v -0.07366398721933365 0.012989073991775513 -0.09600000083446503
v -0.07366398721933365 0.012989073991775513 -0.09600000083446503
v -0.07386098802089691 0.013024074025452137 -0.09600000083446503
v -0.07047697901725769 0.025652071461081505 -0.09600000083446503
v -0.07366398721933365 0.012989073991775513 -0.09600000083446503
v -0.07047697901725769 0.025652071461081505 -0.09600000083446503
v -0.07028897851705551 0.025583071634173393 -0.09600000083446503
v -0.07028897851705551 0.025583071634173393 -0.09600000083446503
v -0.07047697901725769 0.025652071461081505 -0.09600000083446503
v -0.06495196372270584 0.03750006482005119 -0.09600000083446503
v -0.07028897851705551 0.025583071634173393 -0.09600000083446503
v -0.06495196372270584 0.03750006482005119 -0.09600000083446503
v -0.06477896124124527 0.03740006312727928 -0.09600000083446503
v -0.06477896124124527 0.03740006312727928 -0.09600000083446503
v -0.06495196372270584 0.03750006482005119 -0.09600000083446503
v -0.05745295062661171 0.0482090562582016 -0.09600000083446503
v -0.06477896124124527 0.03740006312727928 -0.09600000083446503
v -0.05745295062661171 0.0482090562582016 -0.09600000083446503
v -0.05729995295405388 0.04808105528354645 -0.09600000083446503
v -0.05729995295405388 0.04808105528354645 -0.09600000083446503
v -0.05745295062661171 0.0482090562582016 -0.09600000083446503
v -0.048208944499492645 0.05745304748415947 -0.09600000083446503
v -0.05729995295405388 0.04808105528354645 -0.09600000083446503
v -0.048208944499492645 0.05745304748415947 -0.09600000083446503
v -0.048080943524837494 0.05730004981160164 -0.09600000083446503
v -0.048080943524837494 0.05730004981160164 -0.09600000083446503
v -0.048208944499492645 0.05745304748415947 -0.09600000083446503
v -0.037499938160181046 0.06495203822851181 -0.09600000083446503
v -0.048080943524837494 0.05730004981160164 -0.09600000083446503
v -0.037499938160181046 0.06495203822851181 -0.09600000083446503
v -0.037399936467409134 0.06477903574705124 -0.09600000083446503
v -0.037399936467409134 0.06477903574705124 -0.09600000083446503
v -0.037499938160181046 0.06495203822851181 -0.09600000083446503
v -0.025651929900050163 0.07047702372074127 -0.09600000083446503
v -0.037399936467409134 0.06477903574705124 -0.09600000083446503
v -0.025651929900050163 0.07047702372074127 -0.09600000083446503
v -0.02558293007314205 0.07028902322053909 -0.09600000083446503
v -0.02558293007314205 0.07028902322053909 -0.09600000083446503
v -0.025651929900050163 0.07047702372074127 -0.09600000083446503
v -0.013023926876485348 0.0738610178232193 -0.09600000083446503
v -0.02558293007314205 0.07028902322053909 -0.09600000083446503
v -0.013023926876485348 0.0738610178232193 -0.09600000083446503
v -0.012988926842808723 0.07366401702165604 -0.09600000083446503
v -0.012988926842808723 0.07366401702165604 -0.09600000083446503
v -0.013023926876485348 0.0738610178232193 -0.09600000083446503
v 7.500000265281415e-8 0.07500000298023224 -0.09600000083446503
v -0.012988926842808723 0.07366401702165604 -0.09600000083446503
v 7.500000265281415e-8 0.07500000298023224 -0.09600000083446503
v 7.479999908355239e-8 0.07479999959468842 -0.09600000083446503
v 7.479999908355239e-8 0.07479999959468842 -0.09600000083446503
v 7.500000265281415e-8 0.07500000298023224 -0.09600000083446503
v 0.012989073991775513 0.07366398721933365 -0.09600000083446503
v 0.012989073991775513 0.07366398721933365 -0.09600000083446503
v 7.500000265281415e-8 0.07500000298023224 -0.09600000083446503
v 0.013024074025452137 0.07386098802089691 -0.09600000083446503
v 0.012989073991775513 0.07366398721933365 -0.09600000083446503
v 0.013024074025452137 0.07386098802089691 -0.09600000083446503
v 0.025583071634173393 0.07028897851705551 -0.09600000083446503
v 0.025583071634173393 0.07028897851705551 -0.09600000083446503
v 0.013024074025452137 0.07386098802089691 -0.09600000083446503
v 0.025652071461081505 0.07047697901725769 -0.09600000083446503
v 0.025583071634173393 0.07028897851705551 -0.09600000083446503
v 0.025652071461081505 0.07047697901725769 -0.09600000083446503
v 0.03740006312727928 0.06477896124124527 -0.09600000083446503
v 0.03740006312727928 0.06477896124124527 -0.09600000083446503
v 0.025652071461081505 0.07047697901725769 -0.09600000083446503
v 0.03750006482005119 0.06495196372270584 -0.09600000083446503
v 0.03740006312727928 0.06477896124124527 -0.09600000083446503
v 0.03750006482005119 0.06495196372270584 -0.09600000083446503
v 0.04808105528354645 0.05729995295405388 -0.09600000083446503
v 0.04808105528354645 0.05729995295405388 -0.09600000083446503
v 0.03750006482005119 0.06495196372270584 -0.09600000083446503
v 0.0482090562582016 0.05745295062661171 -0.09600000083446503
v 0.04808105528354645 0.05729995295405388 -0.09600000083446503
v 0.0482090562582016 0.05745295062661171 -0.09600000083446503
v 0.05730004981160164 0.048080943524837494 -0.09600000083446503
v 0.05730004981160164 0.048080943524837494 -0.09600000083446503
v 0.0482090562582016 0.05745295062661171 -0.09600000083446503
v 0.05745304748415947 0.048208944499492645 -0.09600000083446503
v 0.05730004981160164 0.048080943524837494 -0.09600000083446503
v 0.05745304748415947 0.048208944499492645 -0.09600000083446503
v 0.06477903574705124 0.037399936467409134 -0.09600000083446503
v 0.06477903574705124 0.037399936467409134 -0.09600000083446503
v 0.05745304748415947 0.048208944499492645 -0.09600000083446503
v 0.06495203822851181 0.037499938160181046 -0.09600000083446503
v 0.06477903574705124 0.037399936467409134 -0.09600000083446503
v 0.06495203822851181 0.037499938160181046 -0.09600000083446503
v 0.07028902322053909 0.02558293007314205 -0.09600000083446503
v 0.07028902322053909 0.02558293007314205 -0.09600000083446503
v 0.06495203822851181 0.037499938160181046 -0.09600000083446503
v 0.07047702372074127 0.025651929900050163 -0.09600000083446503
v 0.07028902322053909 0.02558293007314205 -0.09600000083446503
v 0.07047702372074127 0.025651929900050163 -0.09600000083446503
v 0.07366401702165604 0.012988926842808723 -0.09600000083446503
v 0.07366401702165604 0.012988926842808723 -0.09600000083446503
v 0.07047702372074127 0.025651929900050163 -0.09600000083446503
v 0.0738610178232193 0.013023926876485348 -0.09600000083446503
v 0.07366401702165604 0.012988926842808723 -0.09600000083446503
v 0.0738610178232193 0.013023926876485348 -0.09600000083446503
v 0.07479999959468842 -7.479999908355239e-8 -0.09600000083446503
v 0.07479999959468842 -7.479999908355239e-8 -0.09600000083446503
v 0.0738610178232193 0.013023926876485348 -0.09600000083446503
v 0.07500000298023224 -7.500000265281415e-8 -0.09600000083446503
v 0.07479999959468842 -7.479999908355239e-8 -0.09600000083446503
v 0.07500000298023224 -7.500000265281415e-8 -0.09600000083446503
v 0.07386098802089691 -0.013024074025452137 -0.09600000083446503
v 0.07479999959468842 -7.479999908355239e-8 -0.09600000083446503
v 0.07386098802089691 -0.013024074025452137 -0.09600000083446503
v 0.07366398721933365 -0.012989073991775513 -0.09600000083446503
v 0.07366398721933365 -0.012989073991775513 -0.09600000083446503
v 0.07386098802089691 -0.013024074025452137 -0.09600000083446503
v 0.07047697901725769 -0.025652071461081505 -0.09600000083446503
v 0.07366398721933365 -0.012989073991775513 -0.09600000083446503
v 0.07047697901725769 -0.025652071461081505 -0.09600000083446503
v 0.07028897851705551 -0.025583071634173393 -0.09600000083446503
v 0.07028897851705551 -0.025583071634173393 -0.09600000083446503
v 0.07047697901725769 -0.025652071461081505 -0.09600000083446503
v 0.06495196372270584 -0.03750006482005119 -0.09600000083446503
v 0.07028897851705551 -0.025583071634173393 -0.09600000083446503
v 0.06495196372270584 -0.03750006482005119 -0.09600000083446503
v 0.06477896124124527 -0.03740006312727928 -0.09600000083446503
v 0.06477896124124527 -0.03740006312727928 -0.09600000083446503
v 0.06495196372270584 -0.03750006482005119 -0.09600000083446503
v 0.05745295062661171 -0.0482090562582016 -0.09600000083446503
v 0.06477896124124527 -0.03740006312727928 -0.09600000083446503
v 0.05745295062661171 -0.0482090562582016 -0.09600000083446503
v 0.05729995295405388 -0.04808105528354645 -0.09600000083446503
v 0.05729995295405388 -0.04808105528354645 -0.09600000083446503
v 0.05745295062661171 -0.0482090562582016 -0.09600000083446503
v 0.048208944499492645 -0.05745304748415947 -0.09600000083446503
v 0.05729995295405388 -0.04808105528354645 -0.09600000083446503
v 0.048208944499492645 -0.05745304748415947 -0.09600000083446503
v 0.048080943524837494 -0.05730004981160164 -0.09600000083446503
v 0.048080943524837494 -0.05730004981160164 -0.09600000083446503
v 0.048208944499492645 -0.05745304748415947 -0.09600000083446503
v 0.037499938160181046 -0.06495203822851181 -0.09600000083446503
v 0.048080943524837494 -0.05730004981160164 -0.09600000083446503
v 0.037499938160181046 -0.06495203822851181 -0.09600000083446503
v 0.037399936467409134 -0.06477903574705124 -0.09600000083446503
v 0.037399936467409134 -0.06477903574705124 -0.09600000083446503
v 0.037499938160181046 -0.06495203822851181 -0.09600000083446503
v 0.025651929900050163 -0.07047702372074127 -0.09600000083446503
v 0.037399936467409134 -0.06477903574705124 -0.09600000083446503
v 0.025651929900050163 -0.07047702372074127 -0.09600000083446503
v 0.02558293007314205 -0.07028902322053909 -0.09600000083446503
v 0.02558293007314205 -0.07028902322053909 -0.09600000083446503
v 0.025651929900050163 -0.07047702372074127 -0.09600000083446503
v 0.013023926876485348 -0.0738610178232193 -0.09600000083446503
v 0.07250009477138519 0.09599992632865906 -2.1316282258091463e-17
v 0.0725000873208046 0.08699992299079895 -1.9317880072612352e-17
v 0.07126609981060028 0.09599992632865906 0.01332200039178133
v 0.07126609981060028 0.09599992632865906 0.01332200039178133
v 0.0725000873208046 0.08699992299079895 -1.9317880072612352e-17
v 0.07126609236001968 0.08699992299079895 0.01332200039178133
v 0.07126609981060028 0.09599992632865906 0.01332200039178133
v 0.07126609236001968 0.08699992299079895 0.01332200039178133
v 0.06760409474372864 0.09599993377923965 0.026189999654889107
v 0.06760409474372864 0.09599993377923965 0.026189999654889107
v 0.07126609236001968 0.08699992299079895 0.01332200039178133
v 0.06760408729314804 0.08699993044137955 0.026189999654889107
v 0.06760409474372864 0.09599993377923965 0.026189999654889107
v 0.06760408729314804 0.08699993044137955 0.026189999654889107
v 0.06164109706878662 0.09599994122982025 0.03816600143909454
v 0.06164109706878662 0.09599994122982025 0.03816600143909454
v 0.06760408729314804 0.08699993044137955 0.026189999654889107
v 0.061641085892915726 0.08699993789196014 0.03816600143909454
v 0.06164109706878662 0.09599994122982025 0.03816600143909454
v 0.061641085892915726 0.08699993789196014 0.03816600143909454
v 0.05357809737324715 0.09599994868040085 0.04884300008416176
v 0.05357809737324715 0.09599994868040085 0.04884300008416176
v 0.061641085892915726 0.08699993789196014 0.03816600143909454
v 0.05357808619737625 0.08699994534254074 0.04884300008416176
v 0.05357809737324715 0.09599994868040085 0.04884300008416176
v 0.05357808619737625 0.08699994534254074 0.04884300008416176
v 0.04369109869003296 0.09599995613098145 0.0578560009598732
v 0.04369109869003296 0.09599995613098145 0.0578560009598732
v 0.05357808619737625 0.08699994534254074 0.04884300008416176
v 0.043691087514162064 0.08699995279312134 0.0578560009598732
v 0.04369109869003296 0.09599995613098145 0.0578560009598732
v 0.043691087514162064 0.08699995279312134 0.0578560009598732
v 0.032316096127033234 0.09599997103214264 0.06489899754524231
v 0.032316096127033234 0.09599997103214264 0.06489899754524231
v 0.043691087514162064 0.08699995279312134 0.0578560009598732
v 0.03231608495116234 0.08699996769428253 0.06489899754524231
v 0.032316096127033234 0.09599997103214264 0.06489899754524231
v 0.03231608495116234 0.08699996769428253 0.06489899754524231
v 0.01984109729528427 0.09599997848272324 0.06973200291395187
v 0.01984109729528427 0.09599997848272324 0.06973200291395187
v 0.03231608495116234 0.08699996769428253 0.06489899754524231
v 0.019841087982058525 0.08699997514486313 0.06973200291395187
v 0.01984109729528427 0.09599997848272324 0.06973200291395187
v 0.019841087982058525 0.08699997514486313 0.06973200291395187
v 0.0066890958696603775 0.09599999338388443 0.07219099998474121
v 0.0066890958696603775 0.09599999338388443 0.07219099998474121
v 0.019841087982058525 0.08699997514486313 0.06973200291395187
v 0.006689087022095919 0.08699999004602432 0.07219099998474121
v 0.0066890958696603775 0.09599999338388443 0.07219099998474121
v 0.006689087022095919 0.08699999004602432 0.07219099998474121
v -0.006688904017210007 0.09600000828504562 0.07219099998474121
v -0.006688904017210007 0.09600000828504562 0.07219099998474121
v 0.006689087022095919 0.08699999004602432 0.07219099998474121
v -0.0066889128647744656 0.08700000494718552 0.07219099998474121
v -0.006688904017210007 0.09600000828504562 0.07219099998474121
v -0.0066889128647744656 0.08700000494718552 0.07219099998474121
v -0.01984090358018875 0.09600002318620682 0.06973200291395187
v -0.01984090358018875 0.09600002318620682 0.06973200291395187
v -0.0066889128647744656 0.08700000494718552 0.07219099998474121
v -0.019840912893414497 0.08700001984834671 0.06973200291395187
v -0.01984090358018875 0.09600002318620682 0.06973200291395187
v -0.019840912893414497 0.08700001984834671 0.06973200291395187
v -0.032315902411937714 0.09600003063678741 0.06489899754524231
v -0.032315902411937714 0.09600003063678741 0.06489899754524231
v -0.019840912893414497 0.08700001984834671 0.06973200291395187
v -0.03231591358780861 0.08700002729892731 0.06489899754524231
v -0.032315902411937714 0.09600003063678741 0.06489899754524231
v -0.03231591358780861 0.08700002729892731 0.06489899754524231
v -0.04369090497493744 0.09600004553794861 0.0578560009598732
v -0.04369090497493744 0.09600004553794861 0.0578560009598732
v -0.03231591358780861 0.08700002729892731 0.06489899754524231
v -0.043690916150808334 0.0870000422000885 0.0578560009598732
v -0.04369090497493744 0.09600004553794861 0.0578560009598732
v -0.043690916150808334 0.0870000422000885 0.0578560009598732
v -0.05357790365815163 0.0960000529885292 0.04884300008416176
v -0.05357790365815163 0.0960000529885292 0.04884300008416176
v -0.043690916150808334 0.0870000422000885 0.0578560009598732
v -0.05357791483402252 0.0870000496506691 0.04884300008416176
v -0.05357790365815163 0.0960000529885292 0.04884300008416176
v -0.05357791483402252 0.0870000496506691 0.04884300008416176
v -0.0616409033536911 0.0960000604391098 0.03816600143909454
v -0.0616409033536911 0.0960000604391098 0.03816600143909454
v -0.05357791483402252 0.0870000496506691 0.04884300008416176
v -0.061640914529561996 0.0870000571012497 0.03816600143909454
v -0.0616409033536911 0.0960000604391098 0.03816600143909454
v -0.061640914529561996 0.0870000571012497 0.03816600143909454
v -0.06760390102863312 0.0960000678896904 0.026189999654889107
v -0.06760390102863312 0.0960000678896904 0.026189999654889107
v -0.061640914529561996 0.0870000571012497 0.03816600143909454
v -0.06760390847921371 0.08700006455183029 0.026189999654889107
v -0.06760390102863312 0.0960000678896904 0.026189999654889107
v -0.06760390847921371 0.08700006455183029 0.026189999654889107
v -0.07126590609550476 0.096000075340271 0.01332200039178133
v -0.07126590609550476 0.096000075340271 0.01332200039178133
v -0.06760390847921371 0.08700006455183029 0.026189999654889107
v -0.07126591354608536 0.08700007200241089 0.01332200039178133
v -0.07126590609550476 0.096000075340271 0.01332200039178133
v -0.07126591354608536 0.08700007200241089 0.01332200039178133
v -0.07249990105628967 0.096000075340271 -2.1316282258091463e-17
v -0.07249990105628967 0.096000075340271 -2.1316282258091463e-17
v -0.07126591354608536 0.08700007200241089 0.01332200039178133
v -0.07249990850687027 0.08700007200241089 -1.9317880072612352e-17
v 0.07126609236001968 0.08699992299079895 -0.01332200039178133
v -0.07126591354608536 0.08700007200241089 -0.01332200039178133
v 0.0725000873208046 0.08699992299079895 -1.9317880072612352e-17
v 0.0725000873208046 0.08699992299079895 -1.9317880072612352e-17
v -0.07126591354608536 0.08700007200241089 -0.01332200039178133
v -0.07249990850687027 0.08700007200241089 -1.9317880072612352e-17
v 0.0725000873208046 0.08699992299079895 -1.9317880072612352e-17
v -0.07249990850687027 0.08700007200241089 -1.9317880072612352e-17
v 0.07126609236001968 0.08699992299079895 0.01332200039178133
v 0.07126609236001968 0.08699992299079895 0.01332200039178133
v -0.07249990850687027 0.08700007200241089 -1.9317880072612352e-17
v -0.07126591354608536 0.08700007200241089 0.01332200039178133
v 0.07126609236001968 0.08699992299079895 0.01332200039178133
v -0.07126591354608536 0.08700007200241089 0.01332200039178133
v 0.06760408729314804 0.08699993044137955 0.026189999654889107
v 0.06760408729314804 0.08699993044137955 0.026189999654889107
v -0.07126591354608536 0.08700007200241089 0.01332200039178133
v -0.06760390847921371 0.08700006455183029 0.026189999654889107
v 0.06760408729314804 0.08699993044137955 0.026189999654889107
v -0.06760390847921371 0.08700006455183029 0.026189999654889107
v 0.061641085892915726 0.08699993789196014 0.03816600143909454
v 0.061641085892915726 0.08699993789196014 0.03816600143909454
v -0.06760390847921371 0.08700006455183029 0.026189999654889107
v -0.061640914529561996 0.0870000571012497 0.03816600143909454
v 0.061641085892915726 0.08699993789196014 0.03816600143909454
v -0.061640914529561996 0.0870000571012497 0.03816600143909454
v 0.05357808619737625 0.08699994534254074 0.04884300008416176
v 0.05357808619737625 0.08699994534254074 0.04884300008416176
v -0.061640914529561996 0.0870000571012497 0.03816600143909454
v -0.05357791483402252 0.0870000496506691 0.04884300008416176
v 0.05357808619737625 0.08699994534254074 0.04884300008416176
v -0.05357791483402252 0.0870000496506691 0.04884300008416176
v 0.043691087514162064 0.08699995279312134 0.0578560009598732
v 0.043691087514162064 0.08699995279312134 0.0578560009598732
v -0.05357791483402252 0.0870000496506691 0.04884300008416176
v -0.043690916150808334 0.0870000422000885 0.0578560009598732
v 0.043691087514162064 0.08699995279312134 0.0578560009598732
v -0.043690916150808334 0.0870000422000885 0.0578560009598732
v 0.03231608495116234 0.08699996769428253 0.06489899754524231
v 0.03231608495116234 0.08699996769428253 0.06489899754524231
v -0.043690916150808334 0.0870000422000885 0.0578560009598732
v -0.03231591358780861 0.08700002729892731 0.06489899754524231
v 0.03231608495116234 0.08699996769428253 0.06489899754524231
v -0.03231591358780861 0.08700002729892731 0.06489899754524231
v 0.019841087982058525 0.08699997514486313 0.06973200291395187
v 0.019841087982058525 0.08699997514486313 0.06973200291395187
v -0.03231591358780861 0.08700002729892731 0.06489899754524231
v -0.019840912893414497 0.08700001984834671 0.06973200291395187
v 0.019841087982058525 0.08699997514486313 0.06973200291395187
v -0.019840912893414497 0.08700001984834671 0.06973200291395187
v 0.006689087022095919 0.08699999004602432 0.07219099998474121
v 0.006689087022095919 0.08699999004602432 0.07219099998474121
v -0.019840912893414497 0.08700001984834671 0.06973200291395187
v -0.0066889128647744656 0.08700000494718552 0.07219099998474121
v -0.07126591354608536 0.08700007200241089 -0.01332200039178133
v 0.07126609236001968 0.08699992299079895 -0.01332200039178133
v -0.06760390847921371 0.08700006455183029 -0.026189999654889107
v -0.06760390847921371 0.08700006455183029 -0.026189999654889107
v 0.07126609236001968 0.08699992299079895 -0.01332200039178133
v 0.06760408729314804 0.08699993044137955 -0.026189999654889107
v -0.06760390847921371 0.08700006455183029 -0.026189999654889107
v 0.06760408729314804 0.08699993044137955 -0.026189999654889107
v -0.061640914529561996 0.0870000571012497 -0.03816600143909454
v -0.061640914529561996 0.0870000571012497 -0.03816600143909454
v 0.06760408729314804 0.08699993044137955 -0.026189999654889107
v 0.061641085892915726 0.08699993789196014 -0.03816600143909454
v -0.061640914529561996 0.0870000571012497 -0.03816600143909454
v 0.061641085892915726 0.08699993789196014 -0.03816600143909454
v -0.05357791483402252 0.0870000496506691 -0.04884300008416176
v -0.05357791483402252 0.0870000496506691 -0.04884300008416176
v 0.061641085892915726 0.08699993789196014 -0.03816600143909454
v 0.05357808619737625 0.08699994534254074 -0.04884300008416176
v -0.05357791483402252 0.0870000496506691 -0.04884300008416176
v 0.05357808619737625 0.08699994534254074 -0.04884300008416176
v -0.043690916150808334 0.0870000422000885 -0.0578560009598732
v -0.043690916150808334 0.0870000422000885 -0.0578560009598732
v 0.05357808619737625 0.08699994534254074 -0.04884300008416176
v 0.043691087514162064 0.08699995279312134 -0.0578560009598732
v -0.043690916150808334 0.0870000422000885 -0.0578560009598732
v 0.043691087514162064 0.08699995279312134 -0.0578560009598732
v -0.03231591358780861 0.08700002729892731 -0.06489899754524231
v -0.03231591358780861 0.08700002729892731 -0.06489899754524231
v 0.043691087514162064 0.08699995279312134 -0.0578560009598732
v 0.03231608495116234 0.08699996769428253 -0.06489899754524231
v -0.03231591358780861 0.08700002729892731 -0.06489899754524231
v 0.03231608495116234 0.08699996769428253 -0.06489899754524231
v -0.019840912893414497 0.08700001984834671 -0.06973200291395187
v -0.019840912893414497 0.08700001984834671 -0.06973200291395187
v 0.03231608495116234 0.08699996769428253 -0.06489899754524231
v 0.019841087982058525 0.08699997514486313 -0.06973200291395187
v -0.019840912893414497 0.08700001984834671 -0.06973200291395187
v 0.019841087982058525 0.08699997514486313 -0.06973200291395187
v -0.0066889128647744656 0.08700000494718552 -0.07219099998474121
v -0.0066889128647744656 0.08700000494718552 -0.07219099998474121
v 0.019841087982058525 0.08699997514486313 -0.06973200291395187
v 0.006689087022095919 0.08699999004602432 -0.07219099998474121
v -0.013024074025452137 -0.07386098802089691 0.050151001662015915
v -7.500000265281415e-8 -0.07500000298023224 0.04984600096940994
v -7.479999908355239e-8 -0.07479999959468842 0.04989900067448616
v -7.479999908355239e-8 -0.07479999959468842 0.04989900067448616
v -7.500000265281415e-8 -0.07500000298023224 0.04984600096940994
v 0.013023926876485348 -0.0738610178232193 0.050151001662015915
v -7.479999908355239e-8 -0.07479999959468842 0.04989900067448616
v 0.013023926876485348 -0.0738610178232193 0.050151001662015915
v 0.012988926842808723 -0.07366401702165604 0.05020400136709213
v 0.012988926842808723 -0.07366401702165604 0.05020400136709213
v 0.013023926876485348 -0.0738610178232193 0.050151001662015915
v 0.025651929900050163 -0.07047702372074127 0.05105699971318245
v 0.012988926842808723 -0.07366401702165604 0.05020400136709213
v 0.025651929900050163 -0.07047702372074127 0.05105699971318245
v 0.02558293007314205 -0.07028902322053909 0.05110799893736839
v 0.02558293007314205 -0.07028902322053909 0.05110799893736839
v 0.025651929900050163 -0.07047702372074127 0.05105699971318245
v 0.037499938160181046 -0.06495203822851181 0.05253800004720688
v 0.02558293007314205 -0.07028902322053909 0.05110799893736839
v 0.037499938160181046 -0.06495203822851181 0.05253800004720688
v 0.037399936467409134 -0.06477903574705124 0.052583999931812286
v 0.037399936467409134 -0.06477903574705124 0.052583999931812286
v 0.037499938160181046 -0.06495203822851181 0.05253800004720688
v 0.048208944499492645 -0.05745304748415947 0.05454700067639351
v 0.037399936467409134 -0.06477903574705124 0.052583999931812286
v 0.048208944499492645 -0.05745304748415947 0.05454700067639351
v 0.048080943524837494 -0.05730004981160164 0.05458800122141838
v 0.048080943524837494 -0.05730004981160164 0.05458800122141838
v 0.048208944499492645 -0.05745304748415947 0.05454700067639351
v 0.05745295062661171 -0.0482090562582016 0.057023998349905014
v 0.048080943524837494 -0.05730004981160164 0.05458800122141838
v 0.05745295062661171 -0.0482090562582016 0.057023998349905014
v 0.05729995295405388 -0.04808105528354645 0.05705900117754936
v 0.05729995295405388 -0.04808105528354645 0.05705900117754936
v 0.05745295062661171 -0.0482090562582016 0.057023998349905014
v 0.06495196372270584 -0.03750006482005119 0.05989399924874306
v 0.05729995295405388 -0.04808105528354645 0.05705900117754936
v 0.06495196372270584 -0.03750006482005119 0.05989399924874306
v 0.06477896124124527 -0.03740006312727928 0.05992000177502632
v 0.06477896124124527 -0.03740006312727928 0.05992000177502632
v 0.06495196372270584 -0.03750006482005119 0.05989399924874306
v 0.07047697901725769 -0.025652071461081505 0.06306800246238708
v 0.06477896124124527 -0.03740006312727928 0.05992000177502632
v 0.07047697901725769 -0.025652071461081505 0.06306800246238708
v 0.07028897851705551 -0.025583071634173393 0.06308700144290924
v 0.07028897851705551 -0.025583071634173393 0.06308700144290924
v 0.07047697901725769 -0.025652071461081505 0.06306800246238708
v 0.07386098802089691 -0.013024074025452137 0.06645199656486511
v 0.07028897851705551 -0.025583071634173393 0.06308700144290924
v 0.07386098802089691 -0.013024074025452137 0.06645199656486511
v 0.07366398721933365 -0.012989073991775513 0.0664609968662262
v 0.07366398721933365 -0.012989073991775513 0.0664609968662262
v 0.07386098802089691 -0.013024074025452137 0.06645199656486511
v 0.07479999959468842 -7.479999908355239e-8 0.06994199752807617
v 0.07479999959468842 -7.479999908355239e-8 0.06994199752807617
v 0.07386098802089691 -0.013024074025452137 0.06645199656486511
v 0.07500000298023224 -7.500000265281415e-8 0.06994199752807617
v 0.07479999959468842 -7.479999908355239e-8 0.06994199752807617
v 0.07500000298023224 -7.500000265281415e-8 0.06994199752807617
v 0.07366401702165604 0.012988926842808723 0.07342199981212616
v 0.07366401702165604 0.012988926842808723 0.07342199981212616
v 0.07500000298023224 -7.500000265281415e-8 0.06994199752807617
v 0.0738610178232193 0.013023926876485348 0.07343100011348724
v 0.07366401702165604 0.012988926842808723 0.07342199981212616
v 0.0738610178232193 0.013023926876485348 0.07343100011348724
v 0.07028902322053909 0.02558293007314205 0.0767970010638237
v 0.07028902322053909 0.02558293007314205 0.0767970010638237
v 0.0738610178232193 0.013023926876485348 0.07343100011348724
v 0.07047702372074127 0.025651929900050163 0.07681500166654587
v 0.07028902322053909 0.02558293007314205 0.0767970010638237
v 0.07047702372074127 0.025651929900050163 0.07681500166654587
v 0.06477903574705124 0.037399936467409134 0.07996299862861633
v 0.06477903574705124 0.037399936467409134 0.07996299862861633
v 0.07047702372074127 0.025651929900050163 0.07681500166654587
v 0.06495203822851181 0.037499938160181046 0.07998999953269958
v 0.06477903574705124 0.037399936467409134 0.07996299862861633
v 0.06495203822851181 0.037499938160181046 0.07998999953269958
v 0.05730004981160164 0.048080943524837494 0.08282499760389328
v 0.05730004981160164 0.048080943524837494 0.08282499760389328
v 0.06495203822851181 0.037499938160181046 0.07998999953269958
v 0.05745304748415947 0.048208944499492645 0.08285900205373764
v 0.05730004981160164 0.048080943524837494 0.08282499760389328
v 0.05745304748415947 0.048208944499492645 0.08285900205373764
v 0.04808105528354645 0.05729995295405388 0.08529499918222427
v 0.04808105528354645 0.05729995295405388 0.08529499918222427
v 0.05745304748415947 0.048208944499492645 0.08285900205373764
v 0.0482090562582016 0.05745295062661171 0.08533599972724915
v 0.04808105528354645 0.05729995295405388 0.08529499918222427
v 0.0482090562582016 0.05745295062661171 0.08533599972724915
v 0.03740006312727928 0.06477896124124527 0.08729899674654007
v 0.03740006312727928 0.06477896124124527 0.08729899674654007
v 0.0482090562582016 0.05745295062661171 0.08533599972724915
v 0.03750006482005119 0.06495196372270584 0.08734600245952606
v 0.03740006312727928 0.06477896124124527 0.08729899674654007
v 0.03750006482005119 0.06495196372270584 0.08734600245952606
v 0.025583071634173393 0.07028897851705551 0.08877599984407425
v 0.025583071634173393 0.07028897851705551 0.08877599984407425
v 0.03750006482005119 0.06495196372270584 0.08734600245952606
v 0.025652071461081505 0.07047697901725769 0.0888260006904602
v 0.025583071634173393 0.07028897851705551 0.08877599984407425
v 0.025652071461081505 0.07047697901725769 0.0888260006904602
v 0.012989073991775513 0.07366398721933365 0.08968000113964081
v 0.012989073991775513 0.07366398721933365 0.08968000113964081
v 0.025652071461081505 0.07047697901725769 0.0888260006904602
v 0.013024074025452137 0.07386098802089691 0.08973299711942673
v 0.012989073991775513 0.07366398721933365 0.08968000113964081
v 0.013024074025452137 0.07386098802089691 0.08973299711942673
v 7.479999908355239e-8 0.07479999959468842 0.0899839997291565
v 7.479999908355239e-8 0.07479999959468842 0.0899839997291565
v 0.013024074025452137 0.07386098802089691 0.08973299711942673
v 7.500000265281415e-8 0.07500000298023224 0.090038001537323
v 7.479999908355239e-8 0.07479999959468842 0.0899839997291565
v 7.500000265281415e-8 0.07500000298023224 0.090038001537323
v -0.013023926876485348 0.0738610178232193 0.08973299711942673
v 7.479999908355239e-8 0.07479999959468842 0.0899839997291565
v -0.013023926876485348 0.0738610178232193 0.08973299711942673
v -0.012988926842808723 0.07366401702165604 0.08968000113964081
v -0.012988926842808723 0.07366401702165604 0.08968000113964081
v -0.013023926876485348 0.0738610178232193 0.08973299711942673
v -0.025651929900050163 0.07047702372074127 0.0888260006904602
v -0.012988926842808723 0.07366401702165604 0.08968000113964081
v -0.025651929900050163 0.07047702372074127 0.0888260006904602
v -0.02558293007314205 0.07028902322053909 0.08877599984407425
v -0.02558293007314205 0.07028902322053909 0.08877599984407425
v -0.025651929900050163 0.07047702372074127 0.0888260006904602
v -0.037499938160181046 0.06495203822851181 0.08734600245952606
v -0.02558293007314205 0.07028902322053909 0.08877599984407425
v -0.037499938160181046 0.06495203822851181 0.08734600245952606
v -0.037399936467409134 0.06477903574705124 0.08729899674654007
v -0.037399936467409134 0.06477903574705124 0.08729899674654007
v -0.037499938160181046 0.06495203822851181 0.08734600245952606
v -0.048208944499492645 0.05745304748415947 0.08533599972724915
v -0.037399936467409134 0.06477903574705124 0.08729899674654007
v -0.048208944499492645 0.05745304748415947 0.08533599972724915
v -0.048080943524837494 0.05730004981160164 0.08529499918222427
v -0.048080943524837494 0.05730004981160164 0.08529499918222427
v -0.048208944499492645 0.05745304748415947 0.08533599972724915
v -0.05745295062661171 0.0482090562582016 0.08285900205373764
v -0.048080943524837494 0.05730004981160164 0.08529499918222427
v -0.05745295062661171 0.0482090562582016 0.08285900205373764
v -0.05729995295405388 0.04808105528354645 0.08282499760389328
v -0.05729995295405388 0.04808105528354645 0.08282499760389328
v -0.05745295062661171 0.0482090562582016 0.08285900205373764
v -0.06495196372270584 0.03750006482005119 0.07998999953269958
v -0.05729995295405388 0.04808105528354645 0.08282499760389328
v -0.06495196372270584 0.03750006482005119 0.07998999953269958
v -0.06477896124124527 0.03740006312727928 0.07996299862861633
v -0.06477896124124527 0.03740006312727928 0.07996299862861633
v -0.06495196372270584 0.03750006482005119 0.07998999953269958
v -0.07047697901725769 0.025652071461081505 0.07681500166654587
v -0.06477896124124527 0.03740006312727928 0.07996299862861633
v -0.07047697901725769 0.025652071461081505 0.07681500166654587
v -0.07028897851705551 0.025583071634173393 0.0767970010638237
v -0.07028897851705551 0.025583071634173393 0.0767970010638237
v -0.07047697901725769 0.025652071461081505 0.07681500166654587
v -0.07386098802089691 0.013024074025452137 0.07343100011348724
v -0.07028897851705551 0.025583071634173393 0.0767970010638237
v -0.07386098802089691 0.013024074025452137 0.07343100011348724
v -0.07366398721933365 0.012989073991775513 0.07342199981212616
v -0.07366398721933365 0.012989073991775513 0.07342199981212616
v -0.07386098802089691 0.013024074025452137 0.07343100011348724
v -0.07500000298023224 7.500000265281415e-8 0.06994199752807617
v -0.07366398721933365 0.012989073991775513 0.07342199981212616
v -0.07500000298023224 7.500000265281415e-8 0.06994199752807617
v -0.07479999959468842 7.479999908355239e-8 0.06994199752807617
v -0.07479999959468842 7.479999908355239e-8 0.06994199752807617
v -0.07500000298023224 7.500000265281415e-8 0.06994199752807617
v -0.07366401702165604 -0.012988926842808723 0.0664609968662262
v -0.07366401702165604 -0.012988926842808723 0.0664609968662262
v -0.07500000298023224 7.500000265281415e-8 0.06994199752807617
v -0.0738610178232193 -0.013023926876485348 0.06645199656486511
v -0.07366401702165604 -0.012988926842808723 0.0664609968662262
v -0.0738610178232193 -0.013023926876485348 0.06645199656486511
v -0.07028902322053909 -0.02558293007314205 0.06308700144290924
v -0.07028902322053909 -0.02558293007314205 0.06308700144290924
v -0.0738610178232193 -0.013023926876485348 0.06645199656486511
v -0.07047702372074127 -0.025651929900050163 0.06306800246238708
v -0.07028902322053909 -0.02558293007314205 0.06308700144290924
v -0.07047702372074127 -0.025651929900050163 0.06306800246238708
v -0.06477903574705124 -0.037399936467409134 0.05992000177502632
v -0.06477903574705124 -0.037399936467409134 0.05992000177502632
v -0.07047702372074127 -0.025651929900050163 0.06306800246238708
v -0.06495203822851181 -0.037499938160181046 0.05989399924874306
v -0.06477903574705124 -0.037399936467409134 0.05992000177502632
v -0.06495203822851181 -0.037499938160181046 0.05989399924874306
v -0.05730004981160164 -0.048080943524837494 0.05705900117754936
v -0.05730004981160164 -0.048080943524837494 0.05705900117754936
v -0.06495203822851181 -0.037499938160181046 0.05989399924874306
v -0.05745304748415947 -0.048208944499492645 0.057023998349905014
v -0.05730004981160164 -0.048080943524837494 0.05705900117754936
v -0.05745304748415947 -0.048208944499492645 0.057023998349905014
v -0.04808105528354645 -0.05729995295405388 0.05458800122141838
v -0.04808105528354645 -0.05729995295405388 0.05458800122141838
v -0.05745304748415947 -0.048208944499492645 0.057023998349905014
v -0.0482090562582016 -0.05745295062661171 0.05454700067639351
v -0.04808105528354645 -0.05729995295405388 0.05458800122141838
v -0.0482090562582016 -0.05745295062661171 0.05454700067639351
v -0.03740006312727928 -0.06477896124124527 0.052583999931812286
v -0.03740006312727928 -0.06477896124124527 0.052583999931812286
v -0.0482090562582016 -0.05745295062661171 0.05454700067639351
v -0.03750006482005119 -0.06495196372270584 0.05253800004720688
v -0.03740006312727928 -0.06477896124124527 0.052583999931812286
v -0.03750006482005119 -0.06495196372270584 0.05253800004720688
v -0.025583071634173393 -0.07028897851705551 0.05110799893736839
v -0.025583071634173393 -0.07028897851705551 0.05110799893736839
v -0.03750006482005119 -0.06495196372270584 0.05253800004720688
v -0.025652071461081505 -0.07047697901725769 0.05105699971318245
v -0.025583071634173393 -0.07028897851705551 0.05110799893736839
v -0.025652071461081505 -0.07047697901725769 0.05105699971318245
v -0.012989073991775513 -0.07366398721933365 0.05020400136709213
v -0.012989073991775513 -0.07366398721933365 0.05020400136709213
v -0.025652071461081505 -0.07047697901725769 0.05105699971318245
v -0.013024074025452137 -0.07386098802089691 0.050151001662015915
v -0.012989073991775513 -0.07366398721933365 0.05020400136709213
v -0.013024074025452137 -0.07386098802089691 0.050151001662015915
v -7.479999908355239e-8 -0.07479999959468842 0.04989900067448616
vt 30.106096267700195 0
vt 29.206096649169922 0
vt 30.106096267700195 -1.339797019958496
vt 30.106096267700195 -1.339797019958496
vt 29.206096649169922 0
vt 29.206096649169922 -1.339797019958496
vt 30.106096267700195 -1.339797019958496
vt 29.206096649169922 -1.339797019958496
vt 30.106096267700195 -2.679594039916992
vt 30.106096267700195 -2.679594039916992
vt 29.206096649169922 -1.339797019958496
vt 29.206096649169922 -2.679594039916992
vt 30.106096267700195 -2.679594039916992
vt 29.206096649169922 -2.679594039916992
vt 30.106096267700195 -4.019391059875488
vt 30.106096267700195 -4.019391059875488
vt 29.206096649169922 -2.679594039916992
vt 29.206096649169922 -4.019391059875488
vt 30.106096267700195 -4.019391059875488
vt 29.206096649169922 -4.019391059875488
vt 30.106096267700195 -5.359188079833984
vt 30.106096267700195 -5.359188079833984
vt 29.206096649169922 -4.019391059875488
vt 29.206096649169922 -5.359188079833984
vt 30.106096267700195 -5.359188079833984
vt 29.206096649169922 -5.359188079833984
vt 30.106096267700195 -6.698984146118164
vt 30.106096267700195 -6.698984146118164
vt 29.206096649169922 -5.359188079833984
vt 29.206096649169922 -6.698984146118164
vt 30.106096267700195 -6.698984146118164
vt 29.206096649169922 -6.698984146118164
vt 30.106096267700195 -8.03878116607666
vt 30.106096267700195 -8.03878116607666
vt 29.206096649169922 -6.698984146118164
vt 29.206096649169922 -8.03878116607666
vt 30.106096267700195 -8.03878116607666
vt 29.206096649169922 -8.03878116607666
vt 30.106096267700195 -9.378578186035156
vt 30.106096267700195 -9.378578186035156
vt 29.206096649169922 -8.03878116607666
vt 29.206096649169922 -9.378578186035156
vt 30.106096267700195 -9.378578186035156
vt 29.206096649169922 -9.378578186035156
vt 30.106096267700195 -10.718375205993652
vt 30.106096267700195 -10.718375205993652
vt 29.206096649169922 -9.378578186035156
vt 29.206096649169922 -10.718375205993652
vt 30.106096267700195 -10.718375205993652
vt 29.206096649169922 -10.718375205993652
vt 30.106096267700195 -12.058172225952148
vt 30.106096267700195 -12.058172225952148
vt 29.206096649169922 -10.718375205993652
vt 29.206096649169922 -12.058172225952148
vt 30.106096267700195 -12.058172225952148
vt 29.206096649169922 -12.058172225952148
vt 30.106096267700195 -13.397968292236328
vt 30.106096267700195 -13.397968292236328
vt 29.206096649169922 -12.058172225952148
vt 29.206096649169922 -13.397968292236328
vt 30.106096267700195 -13.397968292236328
vt 29.206096649169922 -13.397968292236328
vt 30.106096267700195 -14.737765312194824
vt 30.106096267700195 -14.737765312194824
vt 29.206096649169922 -13.397968292236328
vt 29.206096649169922 -14.737765312194824
vt 30.106096267700195 -14.737765312194824
vt 29.206096649169922 -14.737765312194824
vt 30.106096267700195 -16.07756233215332
vt 30.106096267700195 -16.07756233215332
vt 29.206096649169922 -14.737765312194824
vt 29.206096649169922 -16.07756233215332
vt 30.106096267700195 -16.07756233215332
vt 29.206096649169922 -16.07756233215332
vt 30.106096267700195 -17.4173583984375
vt 30.106096267700195 -17.4173583984375
vt 29.206096649169922 -16.07756233215332
vt 29.206096649169922 -17.4173583984375
vt 30.106096267700195 -17.4173583984375
vt 29.206096649169922 -17.4173583984375
vt 30.106096267700195 -18.757156372070312
vt 30.106096267700195 -18.757156372070312
vt 29.206096649169922 -17.4173583984375
vt 29.206096649169922 -18.757156372070312
vt 30.106096267700195 -18.757156372070312
vt 29.206096649169922 -18.757156372070312
vt 30.106096267700195 -20.096952438354492
vt 30.106096267700195 -20.096952438354492
vt 29.206096649169922 -18.757156372070312
vt 29.206096649169922 -20.096952438354492
vt 30.106096267700195 -20.096952438354492
vt 29.206096649169922 -20.096952438354492
vt 30.106096267700195 -21.436750411987305
vt 30.106096267700195 -21.436750411987305
vt 29.206096649169922 -20.096952438354492
vt 29.206096649169922 -21.436750411987305
vt 30.106096267700195 -21.436750411987305
vt 29.206096649169922 -21.436750411987305
vt 30.106096267700195 -22.776546478271484
vt 30.106096267700195 -22.776546478271484
vt 29.206096649169922 -21.436750411987305
vt 29.206096649169922 -22.776546478271484
vt -9.600000381469727 0
vt 0 0
vt -8.86487102508545 0.7363110184669495
vt -8.86487102508545 0.7363110184669495
vt 0 0
vt 0 1.3089970350265503
vt -8.86487102508545 0.7363110184669495
vt 0 1.3089970350265503
vt -8.136822700500488 1.472622036933899
vt -8.136822700500488 1.472622036933899
vt 0 1.3089970350265503
vt -7.42286491394043 2.2089319229125977
vt -7.42286491394043 2.2089319229125977
vt 0 1.3089970350265503
vt 0 2.6179940700531006
vt -7.42286491394043 2.2089319229125977
vt 0 2.6179940700531006
vt -6.729874134063721 2.9452428817749023
vt -6.729874134063721 2.9452428817749023
vt 0 2.6179940700531006
vt 0 3.9269909858703613
vt -6.729874134063721 2.9452428817749023
vt 0 3.9269909858703613
vt -6.064525127410889 3.681554079055786
vt -6.064525127410889 3.681554079055786
vt 0 3.9269909858703613
vt -5.433222770690918 4.417864799499512
vt -5.433222770690918 4.417864799499512
vt 0 3.9269909858703613
vt 0 5.235988140106201
vt -5.433222770690918 4.417864799499512
vt 0 5.235988140106201
vt -4.842051029205322 5.1541748046875
vt -4.842051029205322 5.1541748046875
vt 0 5.235988140106201
vt -4.296699047088623 5.890485763549805
vt -4.296699047088623 5.890485763549805
vt 0 5.235988140106201
vt 0 6.544984817504883
vt -4.296699047088623 5.890485763549805
vt 0 6.544984817504883
vt -3.802422046661377 6.626797199249268
vt -3.802422046661377 6.626797199249268
vt 0 6.544984817504883
vt -3.3639779090881348 7.363108158111572
vt -3.3639779090881348 7.363108158111572
vt 0 6.544984817504883
vt 0 7.853981018066406
vt -3.3639779090881348 7.363108158111572
vt 0 7.853981018066406
vt -2.9855899810791016 8.099418640136719
vt -2.9855899810791016 8.099418640136719
vt 0 7.853981018066406
vt -2.670902967453003 8.835729598999023
vt -2.670902967453003 8.835729598999023
vt 0 7.853981018066406
vt 0 9.162978172302246
vt -2.670902967453003 8.835729598999023
vt 0 9.162978172302246
vt -2.4229469299316406 9.572040557861328
vt -2.4229469299316406 9.572040557861328
vt 0 9.162978172302246
vt 0 10.471975326538086
vt -2.4229469299316406 9.572040557861328
vt 0 10.471975326538086
vt -2.244110107421875 10.308350563049316
vt -2.244110107421875 10.308350563049316
vt 0 10.471975326538086
vt -2.136115074157715 11.044662475585938
vt -2.136115074157715 11.044662475585938
vt 0 10.471975326538086
vt 0 11.78097152709961
vt -2.136115074157715 11.044662475585938
vt 0 11.78097152709961
vt -2.0999999046325684 11.78097152709961
vt -2.0999999046325684 11.78097152709961
vt 0 11.78097152709961
vt -2.136115074157715 12.51728343963623
vt -2.136115074157715 12.51728343963623
vt 0 11.78097152709961
vt 0 13.089969635009766
vt -2.136115074157715 12.51728343963623
vt 0 13.089969635009766
vt -2.244110107421875 13.253594398498535
vt -2.244110107421875 13.253594398498535
vt 0 13.089969635009766
vt -2.4229469299316406 13.989904403686523
vt -2.4229469299316406 13.989904403686523
vt 0 13.089969635009766
vt 0 14.398966789245605
vt -2.4229469299316406 13.989904403686523
vt 0 14.398966789245605
vt -2.670902967453003 14.726215362548828
vt -2.670902967453003 14.726215362548828
vt 0 14.398966789245605
vt 0 15.707962989807129
vt -2.670902967453003 14.726215362548828
vt 0 15.707962989807129
vt -2.9855899810791016 15.462526321411133
vt -2.9855899810791016 15.462526321411133
vt 0 15.707962989807129
vt -3.3639779090881348 16.198837280273438
vt -3.3639779090881348 16.198837280273438
vt 0 15.707962989807129
vt 0 17.01696014404297
vt -3.3639779090881348 16.198837280273438
vt 0 17.01696014404297
vt -3.802422046661377 16.935148239135742
vt -3.802422046661377 16.935148239135742
vt 0 17.01696014404297
vt -4.296699047088623 17.671459197998047
vt -4.296699047088623 17.671459197998047
vt 0 17.01696014404297
vt 0 18.325956344604492
vt -4.296699047088623 17.671459197998047
vt 0 18.325956344604492
vt -4.842051029205322 18.40777015686035
vt -4.842051029205322 18.40777015686035
vt 0 18.325956344604492
vt -5.433222770690918 19.144081115722656
vt -5.433222770690918 19.144081115722656
vt 0 18.325956344604492
vt 0 19.63495445251465
vt -5.433222770690918 19.144081115722656
vt 0 19.63495445251465
vt -6.064525127410889 19.880390167236328
vt -6.064525127410889 19.880390167236328
vt 0 19.63495445251465
vt -6.729874134063721 20.616701126098633
vt -6.729874134063721 20.616701126098633
vt 0 19.63495445251465
vt 0 20.943950653076172
vt -6.729874134063721 20.616701126098633
vt 0 20.943950653076172
vt -7.42286491394043 21.353012084960938
vt -7.42286491394043 21.353012084960938
vt 0 20.943950653076172
vt 0 22.252948760986328
vt -7.42286491394043 21.353012084960938
vt 0 22.252948760986328
vt -8.136822700500488 22.089323043823242
vt -8.136822700500488 22.089323043823242
vt 0 22.252948760986328
vt -8.86487102508545 22.825634002685547
vt -8.86487102508545 22.825634002685547
vt 0 22.252948760986328
vt 0 23.56194496154785
vt -8.86487102508545 22.825634002685547
vt 0 23.56194496154785
vt -9.600000381469727 23.56194496154785
vt -3.5 0
vt -1.399999976158142 0
vt -3.536113977432251 0.7363110184669495
vt -3.536113977432251 0.7363110184669495
vt -1.399999976158142 0
vt -1.399999976158142 1.3089970350265503
vt -3.536113977432251 0.7363110184669495
vt -1.399999976158142 1.3089970350265503
vt -3.6441099643707275 1.472622036933899
vt -3.6441099643707275 1.472622036933899
vt -1.399999976158142 1.3089970350265503
vt -3.8229479789733887 2.2089319229125977
vt -3.8229479789733887 2.2089319229125977
vt -1.399999976158142 1.3089970350265503
vt -1.399999976158142 2.6179940700531006
vt -3.8229479789733887 2.2089319229125977
vt -1.399999976158142 2.6179940700531006
vt -4.0709028244018555 2.9452428817749023
vt -4.0709028244018555 2.9452428817749023
vt -1.399999976158142 2.6179940700531006
vt -1.399999976158142 3.9269909858703613
vt -4.0709028244018555 2.9452428817749023
vt -1.399999976158142 3.9269909858703613
vt -4.38559103012085 3.681554079055786
vt -4.38559103012085 3.681554079055786
vt -1.399999976158142 3.9269909858703613
vt -4.763978004455566 4.417864799499512
vt -4.763978004455566 4.417864799499512
vt -1.399999976158142 3.9269909858703613
vt -1.399999976158142 5.235988140106201
vt -4.763978004455566 4.417864799499512
vt -1.399999976158142 5.235988140106201
vt -5.202422142028809 5.1541748046875
vt -5.202422142028809 5.1541748046875
vt -1.399999976158142 5.235988140106201
vt -5.696699142456055 5.890485763549805
vt -5.696699142456055 5.890485763549805
vt -1.399999976158142 5.235988140106201
vt -1.399999976158142 6.544984817504883
vt -5.696699142456055 5.890485763549805
vt -1.399999976158142 6.544984817504883
vt -6.2420501708984375 6.626797199249268
vt -6.2420501708984375 6.626797199249268
vt -1.399999976158142 6.544984817504883
vt -6.83322286605835 7.363108158111572
vt -6.83322286605835 7.363108158111572
vt -1.399999976158142 6.544984817504883
vt -1.399999976158142 7.853981018066406
vt -6.83322286605835 7.363108158111572
vt -1.399999976158142 7.853981018066406
vt -7.464523792266846 8.099418640136719
vt -7.464523792266846 8.099418640136719
vt -1.399999976158142 7.853981018066406
vt -1.399999976158142 9.162978172302246
vt -7.464523792266846 8.099418640136719
vt -1.399999976158142 9.162978172302246
vt -8.129874229431152 8.835729598999023
vt -8.129874229431152 8.835729598999023
vt -1.399999976158142 9.162978172302246
vt -8.822864532470703 9.572040557861328
vt -8.822864532470703 9.572040557861328
vt -1.399999976158142 9.162978172302246
vt -1.399999976158142 10.471975326538086
vt -8.822864532470703 9.572040557861328
vt -1.399999976158142 10.471975326538086
vt -9.536822319030762 10.308350563049316
vt -9.536822319030762 10.308350563049316
vt -1.399999976158142 10.471975326538086
vt -10.264871597290039 11.044662475585938
vt -10.264871597290039 11.044662475585938
vt -1.399999976158142 10.471975326538086
vt -1.399999976158142 11.78097152709961
vt -10.264871597290039 11.044662475585938
vt -1.399999976158142 11.78097152709961
vt -11 11.78097152709961
vt -11 11.78097152709961
vt -1.399999976158142 11.78097152709961
vt -1.399999976158142 13.089969635009766
vt -11 11.78097152709961
vt -1.399999976158142 13.089969635009766
vt -17.645204544067383 13.089969635009766
vt -17.645204544067383 13.089969635009766
vt -1.399999976158142 13.089969635009766
vt -17.306840896606445 14.398966789245605
vt -17.306840896606445 14.398966789245605
vt -1.399999976158142 13.089969635009766
vt -1.399999976158142 14.398966789245605
vt -17.306840896606445 14.398966789245605
vt -1.399999976158142 14.398966789245605
vt -16.989362716674805 15.707962989807129
vt -16.989362716674805 15.707962989807129
vt -1.399999976158142 14.398966789245605
vt -1.399999976158142 15.707962989807129
vt -16.989362716674805 15.707962989807129
vt -1.399999976158142 15.707962989807129
vt -16.70241355895996 17.01696014404297
vt -16.70241355895996 17.01696014404297
vt -1.399999976158142 15.707962989807129
vt -1.399999976158142 17.01696014404297
vt -16.70241355895996 17.01696014404297
vt -1.399999976158142 17.01696014404297
vt -16.454713821411133 18.325956344604492
vt -16.454713821411133 18.325956344604492
vt -1.399999976158142 17.01696014404297
vt -1.399999976158142 18.325956344604492
vt -16.454713821411133 18.325956344604492
vt -1.399999976158142 18.325956344604492
vt -16.2537899017334 19.63495445251465
vt -16.2537899017334 19.63495445251465
vt -1.399999976158142 18.325956344604492
vt -1.399999976158142 19.63495445251465
vt -16.2537899017334 19.63495445251465
vt -1.399999976158142 19.63495445251465
vt -16.10574722290039 20.943950653076172
vt -16.10574722290039 20.943950653076172
vt -1.399999976158142 19.63495445251465
vt -1.399999976158142 20.943950653076172
vt -16.10574722290039 20.943950653076172
vt -1.399999976158142 20.943950653076172
vt -16.01508331298828 22.252948760986328
vt -16.01508331298828 22.252948760986328
vt -1.399999976158142 20.943950653076172
vt -1.399999976158142 22.252948760986328
vt -16.01508331298828 22.252948760986328
vt -1.399999976158142 22.252948760986328
vt -15.984552383422852 23.56194496154785
vt -15.984552383422852 23.56194496154785
vt -1.399999976158142 22.252948760986328
vt -1.399999976158142 23.56194496154785
vt -17.645204544067383 13.089969635009766
vt -17.994171142578125 11.78097152709961
vt -11 11.78097152709961
vt -11 11.78097152709961
vt -17.994171142578125 11.78097152709961
vt -11.735128402709961 11.044662475585938
vt -11.735128402709961 11.044662475585938
vt -17.994171142578125 11.78097152709961
vt -18.343137741088867 10.471975326538086
vt -11.735128402709961 11.044662475585938
vt -18.343137741088867 10.471975326538086
vt -12.463177680969238 10.308350563049316
vt -12.463177680969238 10.308350563049316
vt -18.343137741088867 10.471975326538086
vt -13.177135467529297 9.572040557861328
vt -13.177135467529297 9.572040557861328
vt -18.343137741088867 10.471975326538086
vt -18.681501388549805 9.162978172302246
vt -13.177135467529297 9.572040557861328
vt -18.681501388549805 9.162978172302246
vt -13.870125770568848 8.835729598999023
vt -13.870125770568848 8.835729598999023
vt -18.681501388549805 9.162978172302246
vt -18.998981475830078 7.853981018066406
vt -13.870125770568848 8.835729598999023
vt -18.998981475830078 7.853981018066406
vt -14.535475730895996 8.099418640136719
vt -14.535475730895996 8.099418640136719
vt -18.998981475830078 7.853981018066406
vt -15.166776657104492 7.363108158111572
vt -15.166776657104492 7.363108158111572
vt -18.998981475830078 7.853981018066406
vt -19.28592872619629 6.544984817504883
vt -15.166776657104492 7.363108158111572
vt -19.28592872619629 6.544984817504883
vt -15.757949829101562 6.626797199249268
vt -15.757949829101562 6.626797199249268
vt -19.28592872619629 6.544984817504883
vt -16.303300857543945 5.890485763549805
vt -16.303300857543945 5.890485763549805
vt -19.28592872619629 6.544984817504883
vt -19.533628463745117 5.235988140106201
vt -16.303300857543945 5.890485763549805
vt -19.533628463745117 5.235988140106201
vt -16.797578811645508 5.1541748046875
vt -16.797578811645508 5.1541748046875
vt -19.533628463745117 5.235988140106201
vt -17.23602294921875 4.417864799499512
vt -17.23602294921875 4.417864799499512
vt -19.533628463745117 5.235988140106201
vt -19.73455238342285 3.9269909858703613
vt -17.23602294921875 4.417864799499512
vt -19.73455238342285 3.9269909858703613
vt -17.614410400390625 3.681554079055786
vt -17.614410400390625 3.681554079055786
vt -19.73455238342285 3.9269909858703613
vt -17.929096221923828 2.9452428817749023
vt -17.929096221923828 2.9452428817749023
vt -19.73455238342285 3.9269909858703613
vt -19.88259506225586 2.6179940700531006
vt -17.929096221923828 2.9452428817749023
vt -19.88259506225586 2.6179940700531006
vt -18.177053451538086 2.2089319229125977
vt -18.177053451538086 2.2089319229125977
vt -19.88259506225586 2.6179940700531006
vt -19.97325897216797 1.3089970350265503
vt -18.177053451538086 2.2089319229125977
vt -19.97325897216797 1.3089970350265503
vt -18.35589027404785 1.472622036933899
vt -18.35589027404785 1.472622036933899
vt -19.97325897216797 1.3089970350265503
vt -18.463886260986328 0.7363110184669495
vt -18.463886260986328 0.7363110184669495
vt -19.97325897216797 1.3089970350265503
vt -20.0037899017334 0
vt -18.463886260986328 0.7363110184669495
vt -20.0037899017334 0
vt -18.5 0
vt -1.399999976158142 -23.56194496154785
vt -1.399999976158142 -22.252948760986328
vt -15.984552383422852 -23.56194496154785
vt -15.984552383422852 -23.56194496154785
vt -1.399999976158142 -22.252948760986328
vt -16.01508331298828 -22.252948760986328
vt -16.01508331298828 -22.252948760986328
vt -1.399999976158142 -22.252948760986328
vt -1.399999976158142 -20.943950653076172
vt -16.01508331298828 -22.252948760986328
vt -1.399999976158142 -20.943950653076172
vt -16.10574722290039 -20.943950653076172
vt -16.10574722290039 -20.943950653076172
vt -1.399999976158142 -20.943950653076172
vt -1.399999976158142 -19.63495445251465
vt -16.10574722290039 -20.943950653076172
vt -1.399999976158142 -19.63495445251465
vt -16.2537899017334 -19.63495445251465
vt -16.2537899017334 -19.63495445251465
vt -1.399999976158142 -19.63495445251465
vt -1.399999976158142 -18.325956344604492
vt -16.2537899017334 -19.63495445251465
vt -1.399999976158142 -18.325956344604492
vt -16.454713821411133 -18.325956344604492
vt -16.454713821411133 -18.325956344604492
vt -1.399999976158142 -18.325956344604492
vt -1.399999976158142 -17.01696014404297
vt -16.454713821411133 -18.325956344604492
vt -1.399999976158142 -17.01696014404297
vt -16.70241355895996 -17.01696014404297
vt -16.70241355895996 -17.01696014404297
vt -1.399999976158142 -17.01696014404297
vt -1.399999976158142 -15.707962989807129
vt -16.70241355895996 -17.01696014404297
vt -1.399999976158142 -15.707962989807129
vt -16.989362716674805 -15.707962989807129
vt -16.989362716674805 -15.707962989807129
vt -1.399999976158142 -15.707962989807129
vt -1.399999976158142 -14.398966789245605
vt -16.989362716674805 -15.707962989807129
vt -1.399999976158142 -14.398966789245605
vt -17.306840896606445 -14.398966789245605
vt -17.306840896606445 -14.398966789245605
vt -1.399999976158142 -14.398966789245605
vt -1.399999976158142 -13.089969635009766
vt -17.306840896606445 -14.398966789245605
vt -1.399999976158142 -13.089969635009766
vt -17.645204544067383 -13.089969635009766
vt -17.645204544067383 -13.089969635009766
vt -1.399999976158142 -13.089969635009766
vt -11 -11.78097152709961
vt -17.645204544067383 -13.089969635009766
vt -11 -11.78097152709961
vt -17.994171142578125 -11.78097152709961
vt -17.994171142578125 -11.78097152709961
vt -11 -11.78097152709961
vt -11.735128402709961 -11.044662475585938
vt -17.994171142578125 -11.78097152709961
vt -11.735128402709961 -11.044662475585938
vt -18.343137741088867 -10.471975326538086
vt -18.343137741088867 -10.471975326538086
vt -11.735128402709961 -11.044662475585938
vt -12.463177680969238 -10.308350563049316
vt -18.343137741088867 -10.471975326538086
vt -12.463177680969238 -10.308350563049316
vt -13.177135467529297 -9.572040557861328
vt -1.399999976158142 -13.089969635009766
vt -1.399999976158142 -11.78097152709961
vt -11 -11.78097152709961
vt -11 -11.78097152709961
vt -1.399999976158142 -11.78097152709961
vt -10.264871597290039 -11.044662475585938
vt -10.264871597290039 -11.044662475585938
vt -1.399999976158142 -11.78097152709961
vt -1.399999976158142 -10.471975326538086
vt -10.264871597290039 -11.044662475585938
vt -1.399999976158142 -10.471975326538086
vt -9.536822319030762 -10.308350563049316
vt -9.536822319030762 -10.308350563049316
vt -1.399999976158142 -10.471975326538086
vt -8.822864532470703 -9.572040557861328
vt -8.822864532470703 -9.572040557861328
vt -1.399999976158142 -10.471975326538086
vt -1.399999976158142 -9.162978172302246
vt -8.822864532470703 -9.572040557861328
vt -1.399999976158142 -9.162978172302246
vt -8.129874229431152 -8.835729598999023
vt -8.129874229431152 -8.835729598999023
vt -1.399999976158142 -9.162978172302246
vt -1.399999976158142 -7.853981018066406
vt -8.129874229431152 -8.835729598999023
vt -1.399999976158142 -7.853981018066406
vt -7.464523792266846 -8.099418640136719
vt -7.464523792266846 -8.099418640136719
vt -1.399999976158142 -7.853981018066406
vt -6.83322286605835 -7.363108158111572
vt -6.83322286605835 -7.363108158111572
vt -1.399999976158142 -7.853981018066406
vt -1.399999976158142 -6.544984817504883
vt -6.83322286605835 -7.363108158111572
vt -1.399999976158142 -6.544984817504883
vt -6.2420501708984375 -6.626797199249268
vt -6.2420501708984375 -6.626797199249268
vt -1.399999976158142 -6.544984817504883
vt -5.696699142456055 -5.890485763549805
vt -5.696699142456055 -5.890485763549805
vt -1.399999976158142 -6.544984817504883
vt -1.399999976158142 -5.235988140106201
vt -5.696699142456055 -5.890485763549805
vt -1.399999976158142 -5.235988140106201
vt -5.202422142028809 -5.1541748046875
vt -5.202422142028809 -5.1541748046875
vt -1.399999976158142 -5.235988140106201
vt -4.763978004455566 -4.417864799499512
vt -4.763978004455566 -4.417864799499512
vt -1.399999976158142 -5.235988140106201
vt -1.399999976158142 -3.9269909858703613
vt -4.763978004455566 -4.417864799499512
vt -1.399999976158142 -3.9269909858703613
vt -4.38559103012085 -3.681554079055786
vt -4.38559103012085 -3.681554079055786
vt -1.399999976158142 -3.9269909858703613
vt -4.0709028244018555 -2.9452428817749023
vt -4.0709028244018555 -2.9452428817749023
vt -1.399999976158142 -3.9269909858703613
vt -1.399999976158142 -2.6179940700531006
vt -4.0709028244018555 -2.9452428817749023
vt -1.399999976158142 -2.6179940700531006
vt -3.8229479789733887 -2.2089319229125977
vt -3.8229479789733887 -2.2089319229125977
vt -1.399999976158142 -2.6179940700531006
vt -1.399999976158142 -1.3089970350265503
vt -3.8229479789733887 -2.2089319229125977
vt -1.399999976158142 -1.3089970350265503
vt -3.6441099643707275 -1.472622036933899
vt -3.6441099643707275 -1.472622036933899
vt -1.399999976158142 -1.3089970350265503
vt -3.536113977432251 -0.7363110184669495
vt -3.536113977432251 -0.7363110184669495
vt -1.399999976158142 -1.3089970350265503
vt -1.399999976158142 0
vt -3.536113977432251 -0.7363110184669495
vt -1.399999976158142 0
vt -3.5 0
vt -18.343137741088867 -10.471975326538086
vt -13.177135467529297 -9.572040557861328
vt -18.681501388549805 -9.162978172302246
vt -18.681501388549805 -9.162978172302246
vt -13.177135467529297 -9.572040557861328
vt -13.870125770568848 -8.835729598999023
vt -18.681501388549805 -9.162978172302246
vt -13.870125770568848 -8.835729598999023
vt -14.535475730895996 -8.099418640136719
vt -18.681501388549805 -9.162978172302246
vt -14.535475730895996 -8.099418640136719
vt -18.998981475830078 -7.853981018066406
vt -18.998981475830078 -7.853981018066406
vt -14.535475730895996 -8.099418640136719
vt -15.166776657104492 -7.363108158111572
vt -18.998981475830078 -7.853981018066406
vt -15.166776657104492 -7.363108158111572
vt -19.28592872619629 -6.544984817504883
vt -19.28592872619629 -6.544984817504883
vt -15.166776657104492 -7.363108158111572
vt -15.757949829101562 -6.626797199249268
vt -19.28592872619629 -6.544984817504883
vt -15.757949829101562 -6.626797199249268
vt -16.303300857543945 -5.890485763549805
vt -19.28592872619629 -6.544984817504883
vt -16.303300857543945 -5.890485763549805
vt -19.533628463745117 -5.235988140106201
vt -19.533628463745117 -5.235988140106201
vt -16.303300857543945 -5.890485763549805
vt -16.797578811645508 -5.1541748046875
vt -19.533628463745117 -5.235988140106201
vt -16.797578811645508 -5.1541748046875
vt -17.23602294921875 -4.417864799499512
vt -19.533628463745117 -5.235988140106201
vt -17.23602294921875 -4.417864799499512
vt -19.73455238342285 -3.9269909858703613
vt -19.73455238342285 -3.9269909858703613
vt -17.23602294921875 -4.417864799499512
vt -17.614410400390625 -3.681554079055786
vt -19.73455238342285 -3.9269909858703613
vt -17.614410400390625 -3.681554079055786
vt -17.929096221923828 -2.9452428817749023
vt -19.73455238342285 -3.9269909858703613
vt -17.929096221923828 -2.9452428817749023
vt -19.88259506225586 -2.6179940700531006
vt -19.88259506225586 -2.6179940700531006
vt -17.929096221923828 -2.9452428817749023
vt -18.177053451538086 -2.2089319229125977
vt -19.88259506225586 -2.6179940700531006
vt -18.177053451538086 -2.2089319229125977
vt -19.97325897216797 -1.3089970350265503
vt -19.97325897216797 -1.3089970350265503
vt -18.177053451538086 -2.2089319229125977
vt -18.35589027404785 -1.472622036933899
vt -19.97325897216797 -1.3089970350265503
vt -18.35589027404785 -1.472622036933899
vt -18.463886260986328 -0.7363110184669495
vt -18.5 0
vt -20.0037899017334 0
vt -18.463886260986328 -0.7363110184669495
vt -18.463886260986328 -0.7363110184669495
vt -20.0037899017334 0
vt -19.97325897216797 -1.3089970350265503
vt -9.600000381469727 -23.56194496154785
vt 0 -23.56194496154785
vt -8.86487102508545 -22.825634002685547
vt -8.86487102508545 -22.825634002685547
vt 0 -23.56194496154785
vt 0 -22.252948760986328
vt -8.86487102508545 -22.825634002685547
vt 0 -22.252948760986328
vt -8.136822700500488 -22.089323043823242
vt -8.136822700500488 -22.089323043823242
vt 0 -22.252948760986328
vt -7.42286491394043 -21.353012084960938
vt -7.42286491394043 -21.353012084960938
vt 0 -22.252948760986328
vt 0 -20.943950653076172
vt -7.42286491394043 -21.353012084960938
vt 0 -20.943950653076172
vt -6.729874134063721 -20.616701126098633
vt -6.729874134063721 -20.616701126098633
vt 0 -20.943950653076172
vt 0 -19.63495445251465
vt -6.729874134063721 -20.616701126098633
vt 0 -19.63495445251465
vt -6.064525127410889 -19.880390167236328
vt -6.064525127410889 -19.880390167236328
vt 0 -19.63495445251465
vt -5.433222770690918 -19.144081115722656
vt -5.433222770690918 -19.144081115722656
vt 0 -19.63495445251465
vt 0 -18.325956344604492
vt -5.433222770690918 -19.144081115722656
vt 0 -18.325956344604492
vt -4.842051029205322 -18.40777015686035
vt -4.842051029205322 -18.40777015686035
vt 0 -18.325956344604492
vt -4.296699047088623 -17.671459197998047
vt -4.296699047088623 -17.671459197998047
vt 0 -18.325956344604492
vt 0 -17.01696014404297
vt -4.296699047088623 -17.671459197998047
vt 0 -17.01696014404297
vt -3.802422046661377 -16.935148239135742
vt -3.802422046661377 -16.935148239135742
vt 0 -17.01696014404297
vt -3.3639779090881348 -16.198837280273438
vt -3.3639779090881348 -16.198837280273438
vt 0 -17.01696014404297
vt 0 -15.707962989807129
vt -3.3639779090881348 -16.198837280273438
vt 0 -15.707962989807129
vt -2.9855899810791016 -15.462526321411133
vt -2.9855899810791016 -15.462526321411133
vt 0 -15.707962989807129
vt -2.670902967453003 -14.726215362548828
vt -2.670902967453003 -14.726215362548828
vt 0 -15.707962989807129
vt 0 -14.398966789245605
vt -2.670902967453003 -14.726215362548828
vt 0 -14.398966789245605
vt -2.4229469299316406 -13.989904403686523
vt -2.4229469299316406 -13.989904403686523
vt 0 -14.398966789245605
vt 0 -13.089969635009766
vt -2.4229469299316406 -13.989904403686523
vt 0 -13.089969635009766
vt -2.244110107421875 -13.253594398498535
vt -2.244110107421875 -13.253594398498535
vt 0 -13.089969635009766
vt -2.136115074157715 -12.51728343963623
vt -2.136115074157715 -12.51728343963623
vt 0 -13.089969635009766
vt 0 -11.78097152709961
vt -2.136115074157715 -12.51728343963623
vt 0 -11.78097152709961
vt -2.0999999046325684 -11.78097152709961
vt -2.0999999046325684 -11.78097152709961
vt 0 -11.78097152709961
vt -2.136115074157715 -11.044662475585938
vt -2.136115074157715 -11.044662475585938
vt 0 -11.78097152709961
vt 0 -10.471975326538086
vt -2.136115074157715 -11.044662475585938
vt 0 -10.471975326538086
vt -2.244110107421875 -10.308350563049316
vt -2.244110107421875 -10.308350563049316
vt 0 -10.471975326538086
vt -2.4229469299316406 -9.572040557861328
vt -2.4229469299316406 -9.572040557861328
vt 0 -10.471975326538086
vt 0 -9.162978172302246
vt -2.4229469299316406 -9.572040557861328
vt 0 -9.162978172302246
vt -2.670902967453003 -8.835729598999023
vt -2.670902967453003 -8.835729598999023
vt 0 -9.162978172302246
vt 0 -7.853981018066406
vt -2.670902967453003 -8.835729598999023
vt 0 -7.853981018066406
vt -2.9855899810791016 -8.099418640136719
vt -2.9855899810791016 -8.099418640136719
vt 0 -7.853981018066406
vt -3.3639779090881348 -7.363108158111572
vt -3.3639779090881348 -7.363108158111572
vt 0 -7.853981018066406
vt 0 -6.544984817504883
vt -3.3639779090881348 -7.363108158111572
vt 0 -6.544984817504883
vt -3.802422046661377 -6.626797199249268
vt -3.802422046661377 -6.626797199249268
vt 0 -6.544984817504883
vt -4.296699047088623 -5.890485763549805
vt -4.296699047088623 -5.890485763549805
vt 0 -6.544984817504883
vt 0 -5.235988140106201
vt -4.296699047088623 -5.890485763549805
vt 0 -5.235988140106201
vt -4.842051029205322 -5.1541748046875
vt -4.842051029205322 -5.1541748046875
vt 0 -5.235988140106201
vt -5.433222770690918 -4.417864799499512
vt -5.433222770690918 -4.417864799499512
vt 0 -5.235988140106201
vt 0 -3.9269909858703613
vt -5.433222770690918 -4.417864799499512
vt 0 -3.9269909858703613
vt -6.064525127410889 -3.681554079055786
vt -6.064525127410889 -3.681554079055786
vt 0 -3.9269909858703613
vt 0 -2.6179940700531006
vt -6.064525127410889 -3.681554079055786
vt 0 -2.6179940700531006
vt -6.729874134063721 -2.9452428817749023
vt -6.729874134063721 -2.9452428817749023
vt 0 -2.6179940700531006
vt -7.42286491394043 -2.2089319229125977
vt -7.42286491394043 -2.2089319229125977
vt 0 -2.6179940700531006
vt 0 -1.3089970350265503
vt -7.42286491394043 -2.2089319229125977
vt 0 -1.3089970350265503
vt -8.136822700500488 -1.472622036933899
vt -8.136822700500488 -1.472622036933899
vt 0 -1.3089970350265503
vt -8.86487102508545 -0.7363110184669495
vt -8.86487102508545 -0.7363110184669495
vt 0 -1.3089970350265503
vt 0 0
vt -8.86487102508545 -0.7363110184669495
vt 0 0
vt -9.600000381469727 0
vt -7.3860578536987305 1.302361011505127
vt -7.5 0
vt -7.25 0
vt -7.25 0
vt -7.5 0
vt -7.3860578536987305 -1.302361011505127
vt -7.25 0
vt -7.3860578536987305 -1.302361011505127
vt -7.1265549659729 -1.3321839570999146
vt -7.1265549659729 -1.3321839570999146
vt -7.3860578536987305 -1.302361011505127
vt -7.047695159912109 -2.5651509761810303
vt -7.1265549659729 -1.3321839570999146
vt -7.047695159912109 -2.5651509761810303
vt -6.7604241371154785 -2.619002103805542
vt -6.7604241371154785 -2.619002103805542
vt -7.047695159912109 -2.5651509761810303
vt -6.4951910972595215 -3.75
vt -6.7604241371154785 -2.619002103805542
vt -6.4951910972595215 -3.75
vt -6.164073944091797 -3.8166329860687256
vt -6.164073944091797 -3.8166329860687256
vt -6.4951910972595215 -3.75
vt -5.745333194732666 -4.820907115936279
vt -6.164073944091797 -3.8166329860687256
vt -5.745333194732666 -4.820907115936279
vt -5.357814788818359 -4.884294033050537
vt -5.357814788818359 -4.884294033050537
vt -5.745333194732666 -4.820907115936279
vt -4.820907115936279 -5.745333194732666
vt -5.357814788818359 -4.884294033050537
vt -4.820907115936279 -5.745333194732666
vt -4.369101047515869 -5.785624980926514
vt -4.369101047515869 -5.785624980926514
vt -4.820907115936279 -5.745333194732666
vt -3.75 -6.4951910972595215
vt -4.369101047515869 -5.785624980926514
vt -3.75 -6.4951910972595215
vt -3.231602907180786 -6.489933967590332
vt -3.231602907180786 -6.489933967590332
vt -3.75 -6.4951910972595215
vt -2.5651509761810303 -7.047695159912109
vt -3.231602907180786 -6.489933967590332
vt -2.5651509761810303 -7.047695159912109
vt -1.9840569496154785 -6.973236083984375
vt -1.9840569496154785 -6.973236083984375
vt -2.5651509761810303 -7.047695159912109
vt -1.302361011505127 -7.3860578536987305
vt -1.9840569496154785 -6.973236083984375
vt -1.302361011505127 -7.3860578536987305
vt -0.6689460277557373 -7.2190728187561035
vt -0.6689460277557373 -7.2190728187561035
vt -1.302361011505127 -7.3860578536987305
vt 0 -7.5
vt -0.6689460277557373 -7.2190728187561035
vt 0 -7.5
vt 0.6689460277557373 -7.2190728187561035
vt 0.6689460277557373 -7.2190728187561035
vt 0 -7.5
vt 1.302361011505127 -7.3860578536987305
vt 0.6689460277557373 -7.2190728187561035
vt 1.302361011505127 -7.3860578536987305
vt 1.9840569496154785 -6.973236083984375
vt 1.9840569496154785 -6.973236083984375
vt 1.302361011505127 -7.3860578536987305
vt 2.5651509761810303 -7.047695159912109
vt 1.9840569496154785 -6.973236083984375
vt 2.5651509761810303 -7.047695159912109
vt 3.231602907180786 -6.489933967590332
vt 3.231602907180786 -6.489933967590332
vt 2.5651509761810303 -7.047695159912109
vt 3.75 -6.4951910972595215
vt 3.231602907180786 -6.489933967590332
vt 3.75 -6.4951910972595215
vt 4.369101047515869 -5.785624980926514
vt 4.369101047515869 -5.785624980926514
vt 3.75 -6.4951910972595215
vt 4.820907115936279 -5.745333194732666
vt 4.369101047515869 -5.785624980926514
vt 4.820907115936279 -5.745333194732666
vt 5.357814788818359 -4.884294033050537
vt 5.357814788818359 -4.884294033050537
vt 4.820907115936279 -5.745333194732666
vt 5.745333194732666 -4.820907115936279
vt 5.357814788818359 -4.884294033050537
vt 5.745333194732666 -4.820907115936279
vt 6.164073944091797 -3.8166329860687256
vt 6.164073944091797 -3.8166329860687256
vt 5.745333194732666 -4.820907115936279
vt 6.4951910972595215 -3.75
vt 6.164073944091797 -3.8166329860687256
vt 6.4951910972595215 -3.75
vt 6.7604241371154785 -2.619002103805542
vt 6.7604241371154785 -2.619002103805542
vt 6.4951910972595215 -3.75
vt 7.047695159912109 -2.5651509761810303
vt 6.7604241371154785 -2.619002103805542
vt 7.047695159912109 -2.5651509761810303
vt 7.1265549659729 -1.3321839570999146
vt 7.1265549659729 -1.3321839570999146
vt 7.047695159912109 -2.5651509761810303
vt 7.3860578536987305 -1.302361011505127
vt 7.1265549659729 -1.3321839570999146
vt 7.3860578536987305 -1.302361011505127
vt 7.25 0
vt 7.25 0
vt 7.3860578536987305 -1.302361011505127
vt 7.5 0
vt 7.25 0
vt 7.5 0
vt 7.3860578536987305 1.302361011505127
vt 7.25 0
vt 7.3860578536987305 1.302361011505127
vt 7.1265549659729 1.3321839570999146
vt 7.1265549659729 1.3321839570999146
vt 7.3860578536987305 1.302361011505127
vt 7.047695159912109 2.5651509761810303
vt 7.1265549659729 1.3321839570999146
vt 7.047695159912109 2.5651509761810303
vt 6.7604241371154785 2.619002103805542
vt 6.7604241371154785 2.619002103805542
vt 7.047695159912109 2.5651509761810303
vt 6.4951910972595215 3.75
vt 6.7604241371154785 2.619002103805542
vt 6.4951910972595215 3.75
vt 6.164073944091797 3.8166329860687256
vt 6.164073944091797 3.8166329860687256
vt 6.4951910972595215 3.75
vt 5.745333194732666 4.820907115936279
vt 6.164073944091797 3.8166329860687256
vt 5.745333194732666 4.820907115936279
vt 5.357814788818359 4.884294033050537
vt 5.357814788818359 4.884294033050537
vt 5.745333194732666 4.820907115936279
vt 4.820907115936279 5.745333194732666
vt 5.357814788818359 4.884294033050537
vt 4.820907115936279 5.745333194732666
vt 4.369101047515869 5.785624980926514
vt 4.369101047515869 5.785624980926514
vt 4.820907115936279 5.745333194732666
vt 3.75 6.4951910972595215
vt 4.369101047515869 5.785624980926514
vt 3.75 6.4951910972595215
vt 3.231602907180786 6.489933967590332
vt 3.231602907180786 6.489933967590332
vt 3.75 6.4951910972595215
vt 2.5651509761810303 7.047695159912109
vt 3.231602907180786 6.489933967590332
vt 2.5651509761810303 7.047695159912109
vt 1.9840569496154785 6.973236083984375
vt 1.9840569496154785 6.973236083984375
vt 2.5651509761810303 7.047695159912109
vt 1.302361011505127 7.3860578536987305
vt 1.9840569496154785 6.973236083984375
vt 1.302361011505127 7.3860578536987305
vt 0.6689460277557373 7.2190728187561035
vt 0.6689460277557373 7.2190728187561035
vt 1.302361011505127 7.3860578536987305
vt 0 7.5
vt 0.6689460277557373 7.2190728187561035
vt 0 7.5
vt -0.6689460277557373 7.2190728187561035
vt -0.6689460277557373 7.2190728187561035
vt 0 7.5
vt -1.302361011505127 7.3860578536987305
vt -0.6689460277557373 7.2190728187561035
vt -1.302361011505127 7.3860578536987305
vt -1.9840569496154785 6.973236083984375
vt -1.9840569496154785 6.973236083984375
vt -1.302361011505127 7.3860578536987305
vt -2.5651509761810303 7.047695159912109
vt -1.9840569496154785 6.973236083984375
vt -2.5651509761810303 7.047695159912109
vt -3.231602907180786 6.489933967590332
vt -3.231602907180786 6.489933967590332
vt -2.5651509761810303 7.047695159912109
vt -3.75 6.4951910972595215
vt -3.231602907180786 6.489933967590332
vt -3.75 6.4951910972595215
vt -4.369101047515869 5.785624980926514
vt -4.369101047515869 5.785624980926514
vt -3.75 6.4951910972595215
vt -4.820907115936279 5.745333194732666
vt -4.369101047515869 5.785624980926514
vt -4.820907115936279 5.745333194732666
vt -5.357814788818359 4.884294033050537
vt -5.357814788818359 4.884294033050537
vt -4.820907115936279 5.745333194732666
vt -5.745333194732666 4.820907115936279
vt -5.357814788818359 4.884294033050537
vt -5.745333194732666 4.820907115936279
vt -6.164073944091797 3.8166329860687256
vt -6.164073944091797 3.8166329860687256
vt -5.745333194732666 4.820907115936279
vt -6.4951910972595215 3.75
vt -6.164073944091797 3.8166329860687256
vt -6.4951910972595215 3.75
vt -6.7604241371154785 2.619002103805542
vt -6.7604241371154785 2.619002103805542
vt -6.4951910972595215 3.75
vt -7.047695159912109 2.5651509761810303
vt -6.7604241371154785 2.619002103805542
vt -7.047695159912109 2.5651509761810303
vt -7.1265549659729 1.3321839570999146
vt -7.1265549659729 1.3321839570999146
vt -7.047695159912109 2.5651509761810303
vt -7.3860578536987305 1.302361011505127
vt -7.1265549659729 1.3321839570999146
vt -7.3860578536987305 1.302361011505127
vt -7.25 0
vt 8.436058044433594 1.302361011505127
vt 8.416361808776855 1.2988879680633545
vt 8.550000190734863 0
vt 8.550000190734863 0
vt 8.416361808776855 1.2988879680633545
vt 8.529999732971191 0
vt 8.550000190734863 0
vt 8.529999732971191 0
vt 8.436058044433594 -1.302361011505127
vt 8.436058044433594 -1.302361011505127
vt 8.529999732971191 0
vt 8.416361808776855 -1.2988879680633545
vt 8.436058044433594 -1.302361011505127
vt 8.416361808776855 -1.2988879680633545
vt 8.078900337219238 -2.5583109855651855
vt 8.416361808776855 1.2988879680633545
vt 8.436058044433594 1.302361011505127
vt 8.078900337219238 2.5583109855651855
vt 8.078900337219238 2.5583109855651855
vt 8.436058044433594 1.302361011505127
vt 8.097694396972656 2.5651509761810303
vt 8.078900337219238 2.5583109855651855
vt 8.097694396972656 2.5651509761810303
vt 7.527870178222656 3.740000009536743
vt 7.527870178222656 3.740000009536743
vt 8.097694396972656 2.5651509761810303
vt 7.54518985748291 3.75
vt 7.527870178222656 3.740000009536743
vt 7.54518985748291 3.75
vt 6.780013084411621 4.808051109313965
vt 6.780013084411621 4.808051109313965
vt 7.54518985748291 3.75
vt 6.795332908630371 4.820907115936279
vt 6.780013084411621 4.808051109313965
vt 6.795332908630371 4.820907115936279
vt 5.85805082321167 5.730011940002441
vt 5.85805082321167 5.730011940002441
vt 6.795332908630371 4.820907115936279
vt 5.870906829833984 5.745333194732666
vt 5.85805082321167 5.730011940002441
vt 5.870906829833984 5.745333194732666
vt 4.789999961853027 6.477869987487793
vt 4.789999961853027 6.477869987487793
vt 5.870906829833984 5.745333194732666
vt 4.800000190734863 6.4951910972595215
vt 4.789999961853027 6.477869987487793
vt 4.800000190734863 6.4951910972595215
vt 3.6083109378814697 7.028901100158691
vt 3.6083109378814697 7.028901100158691
vt 4.800000190734863 6.4951910972595215
vt 3.6151509284973145 7.047695159912109
vt 3.6083109378814697 7.028901100158691
vt 3.6151509284973145 7.047695159912109
vt 2.3488879203796387 7.36636209487915
vt 2.3488879203796387 7.36636209487915
vt 3.6151509284973145 7.047695159912109
vt 2.352360963821411 7.3860578536987305
vt 2.3488879203796387 7.36636209487915
vt 2.352360963821411 7.3860578536987305
vt 1.0499999523162842 7.480000019073486
vt 1.0499999523162842 7.480000019073486
vt 2.352360963821411 7.3860578536987305
vt 1.0499999523162842 7.5
vt 1.0499999523162842 7.480000019073486
vt 1.0499999523162842 7.5
vt -0.252360999584198 7.3860578536987305
vt 1.0499999523162842 7.480000019073486
vt -0.252360999584198 7.3860578536987305
vt -0.24888800084590912 7.36636209487915
vt -0.24888800084590912 7.36636209487915
vt -0.252360999584198 7.3860578536987305
vt -1.515151023864746 7.047695159912109
vt -0.24888800084590912 7.36636209487915
vt -1.515151023864746 7.047695159912109
vt -1.5083110332489014 7.028901100158691
vt -1.5083110332489014 7.028901100158691
vt -1.515151023864746 7.047695159912109
vt -2.700000047683716 6.4951910972595215
vt -1.5083110332489014 7.028901100158691
vt -2.700000047683716 6.4951910972595215
vt -2.690000057220459 6.477869987487793
vt -2.690000057220459 6.477869987487793
vt -2.700000047683716 6.4951910972595215
vt -3.770906925201416 5.745333194732666
vt -2.690000057220459 6.477869987487793
vt -3.770906925201416 5.745333194732666
vt -3.7580509185791016 5.730011940002441
vt -3.7580509185791016 5.730011940002441
vt -3.770906925201416 5.745333194732666
vt -4.695333003997803 4.820907115936279
vt -3.7580509185791016 5.730011940002441
vt -4.695333003997803 4.820907115936279
vt -4.680012226104736 4.808051109313965
vt -4.680012226104736 4.808051109313965
vt -4.695333003997803 4.820907115936279
vt -5.445189952850342 3.75
vt -4.680012226104736 4.808051109313965
vt -5.445189952850342 3.75
vt -5.42786979675293 3.740000009536743
vt -5.42786979675293 3.740000009536743
vt -5.445189952850342 3.75
vt -5.99769401550293 2.5651509761810303
vt -5.42786979675293 3.740000009536743
vt -5.99769401550293 2.5651509761810303
vt -5.978900909423828 2.5583109855651855
vt -5.978900909423828 2.5583109855651855
vt -5.99769401550293 2.5651509761810303
vt -6.336058139801025 1.302361011505127
vt -5.978900909423828 2.5583109855651855
vt -6.336058139801025 1.302361011505127
vt -6.316361904144287 1.2988879680633545
vt -6.316361904144287 1.2988879680633545
vt -6.336058139801025 1.302361011505127
vt -6.449999809265137 0
vt -6.316361904144287 1.2988879680633545
vt -6.449999809265137 0
vt -6.429999828338623 0
vt -6.429999828338623 0
vt -6.449999809265137 0
vt -6.316361904144287 -1.2988879680633545
vt -6.316361904144287 -1.2988879680633545
vt -6.449999809265137 0
vt -6.336058139801025 -1.302361011505127
vt -6.316361904144287 -1.2988879680633545
vt -6.336058139801025 -1.302361011505127
vt -5.978900909423828 -2.5583109855651855
vt -5.978900909423828 -2.5583109855651855
vt -6.336058139801025 -1.302361011505127
vt -5.99769401550293 -2.5651509761810303
vt -5.978900909423828 -2.5583109855651855
vt -5.99769401550293 -2.5651509761810303
vt -5.42786979675293 -3.740000009536743
vt -5.42786979675293 -3.740000009536743
vt -5.99769401550293 -2.5651509761810303
vt -5.445189952850342 -3.75
vt -5.42786979675293 -3.740000009536743
vt -5.445189952850342 -3.75
vt -4.680012226104736 -4.808051109313965
vt -4.680012226104736 -4.808051109313965
vt -5.445189952850342 -3.75
vt -4.695333003997803 -4.820907115936279
vt -4.680012226104736 -4.808051109313965
vt -4.695333003997803 -4.820907115936279
vt -3.7580509185791016 -5.730011940002441
vt -3.7580509185791016 -5.730011940002441
vt -4.695333003997803 -4.820907115936279
vt -3.770906925201416 -5.745333194732666
vt -3.7580509185791016 -5.730011940002441
vt -3.770906925201416 -5.745333194732666
vt -2.690000057220459 -6.477869987487793
vt -2.690000057220459 -6.477869987487793
vt -3.770906925201416 -5.745333194732666
vt -2.700000047683716 -6.4951910972595215
vt -2.690000057220459 -6.477869987487793
vt -2.700000047683716 -6.4951910972595215
vt -1.5083110332489014 -7.028901100158691
vt -1.5083110332489014 -7.028901100158691
vt -2.700000047683716 -6.4951910972595215
vt -1.515151023864746 -7.047695159912109
vt -1.5083110332489014 -7.028901100158691
vt -1.515151023864746 -7.047695159912109
vt -0.24888800084590912 -7.36636209487915
vt -0.24888800084590912 -7.36636209487915
vt -1.515151023864746 -7.047695159912109
vt -0.252360999584198 -7.3860578536987305
vt -0.24888800084590912 -7.36636209487915
vt -0.252360999584198 -7.3860578536987305
vt 1.0499999523162842 -7.480000019073486
vt 1.0499999523162842 -7.480000019073486
vt -0.252360999584198 -7.3860578536987305
vt 1.0499999523162842 -7.5
vt 1.0499999523162842 -7.480000019073486
vt 1.0499999523162842 -7.5
vt 2.352360963821411 -7.3860578536987305
vt 1.0499999523162842 -7.480000019073486
vt 2.352360963821411 -7.3860578536987305
vt 2.3488879203796387 -7.36636209487915
vt 2.3488879203796387 -7.36636209487915
vt 2.352360963821411 -7.3860578536987305
vt 3.6151509284973145 -7.047695159912109
vt 2.3488879203796387 -7.36636209487915
vt 3.6151509284973145 -7.047695159912109
vt 3.6083109378814697 -7.028901100158691
vt 3.6083109378814697 -7.028901100158691
vt 3.6151509284973145 -7.047695159912109
vt 4.800000190734863 -6.4951910972595215
vt 3.6083109378814697 -7.028901100158691
vt 4.800000190734863 -6.4951910972595215
vt 4.789999961853027 -6.477869987487793
vt 4.789999961853027 -6.477869987487793
vt 4.800000190734863 -6.4951910972595215
vt 5.870906829833984 -5.745333194732666
vt 4.789999961853027 -6.477869987487793
vt 5.870906829833984 -5.745333194732666
vt 5.85805082321167 -5.730011940002441
vt 5.85805082321167 -5.730011940002441
vt 5.870906829833984 -5.745333194732666
vt 6.795332908630371 -4.820907115936279
vt 5.85805082321167 -5.730011940002441
vt 6.795332908630371 -4.820907115936279
vt 6.780013084411621 -4.808051109313965
vt 6.780013084411621 -4.808051109313965
vt 6.795332908630371 -4.820907115936279
vt 7.54518985748291 -3.75
vt 6.780013084411621 -4.808051109313965
vt 7.54518985748291 -3.75
vt 7.527870178222656 -3.740000009536743
vt 7.527870178222656 -3.740000009536743
vt 7.54518985748291 -3.75
vt 8.097694396972656 -2.5651509761810303
vt 7.527870178222656 -3.740000009536743
vt 8.097694396972656 -2.5651509761810303
vt 8.078900337219238 -2.5583109855651855
vt 8.078900337219238 -2.5583109855651855
vt 8.097694396972656 -2.5651509761810303
vt 8.436058044433594 -1.302361011505127
vt 30.106096267700195 22.776546478271484
vt 29.206096649169922 22.776546478271484
vt 30.106096267700195 21.436750411987305
vt 30.106096267700195 21.436750411987305
vt 29.206096649169922 22.776546478271484
vt 29.206096649169922 21.436750411987305
vt 30.106096267700195 21.436750411987305
vt 29.206096649169922 21.436750411987305
vt 30.106096267700195 20.096952438354492
vt 30.106096267700195 20.096952438354492
vt 29.206096649169922 21.436750411987305
vt 29.206096649169922 20.096952438354492
vt 30.106096267700195 20.096952438354492
vt 29.206096649169922 20.096952438354492
vt 30.106096267700195 18.757156372070312
vt 30.106096267700195 18.757156372070312
vt 29.206096649169922 20.096952438354492
vt 29.206096649169922 18.757156372070312
vt 30.106096267700195 18.757156372070312
vt 29.206096649169922 18.757156372070312
vt 30.106096267700195 17.4173583984375
vt 30.106096267700195 17.4173583984375
vt 29.206096649169922 18.757156372070312
vt 29.206096649169922 17.4173583984375
vt 30.106096267700195 17.4173583984375
vt 29.206096649169922 17.4173583984375
vt 30.106096267700195 16.07756233215332
vt 30.106096267700195 16.07756233215332
vt 29.206096649169922 17.4173583984375
vt 29.206096649169922 16.07756233215332
vt 30.106096267700195 16.07756233215332
vt 29.206096649169922 16.07756233215332
vt 30.106096267700195 14.737765312194824
vt 30.106096267700195 14.737765312194824
vt 29.206096649169922 16.07756233215332
vt 29.206096649169922 14.737765312194824
vt 30.106096267700195 14.737765312194824
vt 29.206096649169922 14.737765312194824
vt 30.106096267700195 13.397968292236328
vt 30.106096267700195 13.397968292236328
vt 29.206096649169922 14.737765312194824
vt 29.206096649169922 13.397968292236328
vt 30.106096267700195 13.397968292236328
vt 29.206096649169922 13.397968292236328
vt 30.106096267700195 12.058172225952148
vt 30.106096267700195 12.058172225952148
vt 29.206096649169922 13.397968292236328
vt 29.206096649169922 12.058172225952148
vt 30.106096267700195 12.058172225952148
vt 29.206096649169922 12.058172225952148
vt 30.106096267700195 10.718375205993652
vt 30.106096267700195 10.718375205993652
vt 29.206096649169922 12.058172225952148
vt 29.206096649169922 10.718375205993652
vt 30.106096267700195 10.718375205993652
vt 29.206096649169922 10.718375205993652
vt 30.106096267700195 9.378578186035156
vt 30.106096267700195 9.378578186035156
vt 29.206096649169922 10.718375205993652
vt 29.206096649169922 9.378578186035156
vt 30.106096267700195 9.378578186035156
vt 29.206096649169922 9.378578186035156
vt 30.106096267700195 8.03878116607666
vt 30.106096267700195 8.03878116607666
vt 29.206096649169922 9.378578186035156
vt 29.206096649169922 8.03878116607666
vt 30.106096267700195 8.03878116607666
vt 29.206096649169922 8.03878116607666
vt 30.106096267700195 6.698984146118164
vt 30.106096267700195 6.698984146118164
vt 29.206096649169922 8.03878116607666
vt 29.206096649169922 6.698984146118164
vt 30.106096267700195 6.698984146118164
vt 29.206096649169922 6.698984146118164
vt 30.106096267700195 5.359188079833984
vt 30.106096267700195 5.359188079833984
vt 29.206096649169922 6.698984146118164
vt 29.206096649169922 5.359188079833984
vt 30.106096267700195 5.359188079833984
vt 29.206096649169922 5.359188079833984
vt 30.106096267700195 4.019391059875488
vt 30.106096267700195 4.019391059875488
vt 29.206096649169922 5.359188079833984
vt 29.206096649169922 4.019391059875488
vt 30.106096267700195 4.019391059875488
vt 29.206096649169922 4.019391059875488
vt 30.106096267700195 2.679594039916992
vt 30.106096267700195 2.679594039916992
vt 29.206096649169922 4.019391059875488
vt 29.206096649169922 2.679594039916992
vt 30.106096267700195 2.679594039916992
vt 29.206096649169922 2.679594039916992
vt 30.106096267700195 1.339797019958496
vt 30.106096267700195 1.339797019958496
vt 29.206096649169922 2.679594039916992
vt 29.206096649169922 1.339797019958496
vt 30.106096267700195 1.339797019958496
vt 29.206096649169922 1.339797019958496
vt 30.106096267700195 0
vt 30.106096267700195 0
vt 29.206096649169922 1.339797019958496
vt 29.206096649169922 0
vt -7.1265549659729 -1.3321839570999146
vt 7.1265549659729 -1.3321839570999146
vt -7.25 0
vt -7.25 0
vt 7.1265549659729 -1.3321839570999146
vt 7.25 0
vt -7.25 0
vt 7.25 0
vt -7.1265549659729 1.3321839570999146
vt -7.1265549659729 1.3321839570999146
vt 7.25 0
vt 7.1265549659729 1.3321839570999146
vt -7.1265549659729 1.3321839570999146
vt 7.1265549659729 1.3321839570999146
vt -6.7604241371154785 2.619002103805542
vt -6.7604241371154785 2.619002103805542
vt 7.1265549659729 1.3321839570999146
vt 6.7604241371154785 2.619002103805542
vt -6.7604241371154785 2.619002103805542
vt 6.7604241371154785 2.619002103805542
vt -6.164073944091797 3.8166329860687256
vt -6.164073944091797 3.8166329860687256
vt 6.7604241371154785 2.619002103805542
vt 6.164073944091797 3.8166329860687256
vt -6.164073944091797 3.8166329860687256
vt 6.164073944091797 3.8166329860687256
vt -5.357814788818359 4.884294033050537
vt -5.357814788818359 4.884294033050537
vt 6.164073944091797 3.8166329860687256
vt 5.357814788818359 4.884294033050537
vt -5.357814788818359 4.884294033050537
vt 5.357814788818359 4.884294033050537
vt -4.369101047515869 5.785624980926514
vt -4.369101047515869 5.785624980926514
vt 5.357814788818359 4.884294033050537
vt 4.369101047515869 5.785624980926514
vt -4.369101047515869 5.785624980926514
vt 4.369101047515869 5.785624980926514
vt -3.231602907180786 6.489933967590332
vt -3.231602907180786 6.489933967590332
vt 4.369101047515869 5.785624980926514
vt 3.231602907180786 6.489933967590332
vt -3.231602907180786 6.489933967590332
vt 3.231602907180786 6.489933967590332
vt -1.9840569496154785 6.973236083984375
vt -1.9840569496154785 6.973236083984375
vt 3.231602907180786 6.489933967590332
vt 1.9840569496154785 6.973236083984375
vt -1.9840569496154785 6.973236083984375
vt 1.9840569496154785 6.973236083984375
vt -0.6689460277557373 7.2190728187561035
vt -0.6689460277557373 7.2190728187561035
vt 1.9840569496154785 6.973236083984375
vt 0.6689460277557373 7.2190728187561035
vt 7.1265549659729 -1.3321839570999146
vt -7.1265549659729 -1.3321839570999146
vt 6.7604241371154785 -2.619002103805542
vt 6.7604241371154785 -2.619002103805542
vt -7.1265549659729 -1.3321839570999146
vt -6.7604241371154785 -2.619002103805542
vt 6.7604241371154785 -2.619002103805542
vt -6.7604241371154785 -2.619002103805542
vt 6.164073944091797 -3.8166329860687256
vt 6.164073944091797 -3.8166329860687256
vt -6.7604241371154785 -2.619002103805542
vt -6.164073944091797 -3.8166329860687256
vt 6.164073944091797 -3.8166329860687256
vt -6.164073944091797 -3.8166329860687256
vt 5.357814788818359 -4.884294033050537
vt 5.357814788818359 -4.884294033050537
vt -6.164073944091797 -3.8166329860687256
vt -5.357814788818359 -4.884294033050537
vt 5.357814788818359 -4.884294033050537
vt -5.357814788818359 -4.884294033050537
vt 4.369101047515869 -5.785624980926514
vt 4.369101047515869 -5.785624980926514
vt -5.357814788818359 -4.884294033050537
vt -4.369101047515869 -5.785624980926514
vt 4.369101047515869 -5.785624980926514
vt -4.369101047515869 -5.785624980926514
vt 3.231602907180786 -6.489933967590332
vt 3.231602907180786 -6.489933967590332
vt -4.369101047515869 -5.785624980926514
vt -3.231602907180786 -6.489933967590332
vt 3.231602907180786 -6.489933967590332
vt -3.231602907180786 -6.489933967590332
vt 1.9840569496154785 -6.973236083984375
vt 1.9840569496154785 -6.973236083984375
vt -3.231602907180786 -6.489933967590332
vt -1.9840569496154785 -6.973236083984375
vt 1.9840569496154785 -6.973236083984375
vt -1.9840569496154785 -6.973236083984375
vt 0.6689460277557373 -7.2190728187561035
vt 0.6689460277557373 -7.2190728187561035
vt -1.9840569496154785 -6.973236083984375
vt -0.6689460277557373 -7.2190728187561035
vt -1.302361011505127 -5.8363847732543945
vt 0 -5.954347133636475
vt 0 -5.933640956878662
vt 0 -5.933640956878662
vt 0 -5.954347133636475
vt 1.302361011505127 -5.8363847732543945
vt 0 -5.933640956878662
vt 1.302361011505127 -5.8363847732543945
vt 1.2988879680633545 -5.815993785858154
vt 1.2988879680633545 -5.815993785858154
vt 1.302361011505127 -5.8363847732543945
vt 2.5651509761810303 -5.486084938049316
vt 1.2988879680633545 -5.815993785858154
vt 2.5651509761810303 -5.486084938049316
vt 2.5583109855651855 -5.4666290283203125
vt 2.5583109855651855 -5.4666290283203125
vt 2.5651509761810303 -5.486084938049316
vt 3.75 -4.914091110229492
vt 2.5583109855651855 -5.4666290283203125
vt 3.75 -4.914091110229492
vt 3.740000009536743 -4.896160125732422
vt 3.740000009536743 -4.896160125732422
vt 3.75 -4.914091110229492
vt 4.820907115936279 -4.137782096862793
vt 3.740000009536743 -4.896160125732422
vt 4.820907115936279 -4.137782096862793
vt 4.808051109313965 -4.121921062469482
vt 4.808051109313965 -4.121921062469482
vt 4.820907115936279 -4.137782096862793
vt 5.745333194732666 -3.1807448863983154
vt 4.808051109313965 -4.121921062469482
vt 5.745333194732666 -3.1807448863983154
vt 5.730011940002441 -3.167435884475708
vt 5.730011940002441 -3.167435884475708
vt 5.745333194732666 -3.1807448863983154
vt 6.4951910972595215 -2.072061061859131
vt 5.730011940002441 -3.167435884475708
vt 6.4951910972595215 -2.072061061859131
vt 6.477869987487793 -2.0617079734802246
vt 6.477869987487793 -2.0617079734802246
vt 6.4951910972595215 -2.072061061859131
vt 7.047695159912109 -0.8454149961471558
vt 6.477869987487793 -2.0617079734802246
vt 7.047695159912109 -0.8454149961471558
vt 7.028901100158691 -0.838333010673523
vt 7.028901100158691 -0.838333010673523
vt 7.047695159912109 -0.8454149961471558
vt 7.3860578536987305 0.46192100644111633
vt 7.028901100158691 -0.838333010673523
vt 7.3860578536987305 0.46192100644111633
vt 7.36636209487915 0.4655170142650604
vt 7.36636209487915 0.4655170142650604
vt 7.3860578536987305 0.46192100644111633
vt 7.480000019073486 1.810225009918213
vt 7.480000019073486 1.810225009918213
vt 7.3860578536987305 0.46192100644111633
vt 7.5 1.810225009918213
vt 7.480000019073486 1.810225009918213
vt 7.5 1.810225009918213
vt 7.36636209487915 3.154932975769043
vt 7.36636209487915 3.154932975769043
vt 7.5 1.810225009918213
vt 7.3860578536987305 3.1585280895233154
vt 7.36636209487915 3.154932975769043
vt 7.3860578536987305 3.1585280895233154
vt 7.028901100158691 4.458783149719238
vt 7.028901100158691 4.458783149719238
vt 7.3860578536987305 3.1585280895233154
vt 7.047695159912109 4.465865135192871
vt 7.028901100158691 4.458783149719238
vt 7.047695159912109 4.465865135192871
vt 6.477869987487793 5.68215799331665
vt 6.477869987487793 5.68215799331665
vt 7.047695159912109 4.465865135192871
vt 6.4951910972595215 5.692511081695557
vt 6.477869987487793 5.68215799331665
vt 6.4951910972595215 5.692511081695557
vt 5.730011940002441 6.787886142730713
vt 5.730011940002441 6.787886142730713
vt 6.4951910972595215 5.692511081695557
vt 5.745333194732666 6.80119514465332
vt 5.730011940002441 6.787886142730713
vt 5.745333194732666 6.80119514465332
vt 4.808051109313965 7.742370128631592
vt 4.808051109313965 7.742370128631592
vt 5.745333194732666 6.80119514465332
vt 4.820907115936279 7.758232116699219
vt 4.808051109313965 7.742370128631592
vt 4.820907115936279 7.758232116699219
vt 3.740000009536743 8.516609191894531
vt 3.740000009536743 8.516609191894531
vt 4.820907115936279 7.758232116699219
vt 3.75 8.534541130065918
vt 3.740000009536743 8.516609191894531
vt 3.75 8.534541130065918
vt 2.5583109855651855 9.087078094482422
vt 2.5583109855651855 9.087078094482422
vt 3.75 8.534541130065918
vt 2.5651509761810303 9.106534957885742
vt 2.5583109855651855 9.087078094482422
vt 2.5651509761810303 9.106534957885742
vt 1.2988879680633545 9.436444282531738
vt 1.2988879680633545 9.436444282531738
vt 2.5651509761810303 9.106534957885742
vt 1.302361011505127 9.45683479309082
vt 1.2988879680633545 9.436444282531738
vt 1.302361011505127 9.45683479309082
vt 0 9.554089546203613
vt 0 9.554089546203613
vt 1.302361011505127 9.45683479309082
vt 0 9.574795722961426
vt 0 9.554089546203613
vt 0 9.574795722961426
vt -1.302361011505127 9.45683479309082
vt 0 9.554089546203613
vt -1.302361011505127 9.45683479309082
vt -1.2988879680633545 9.436444282531738
vt -1.2988879680633545 9.436444282531738
vt -1.302361011505127 9.45683479309082
vt -2.5651509761810303 9.106534957885742
vt -1.2988879680633545 9.436444282531738
vt -2.5651509761810303 9.106534957885742
vt -2.5583109855651855 9.087078094482422
vt -2.5583109855651855 9.087078094482422
vt -2.5651509761810303 9.106534957885742
vt -3.75 8.534541130065918
vt -2.5583109855651855 9.087078094482422
vt -3.75 8.534541130065918
vt -3.740000009536743 8.516609191894531
vt -3.740000009536743 8.516609191894531
vt -3.75 8.534541130065918
vt -4.820907115936279 7.758232116699219
vt -3.740000009536743 8.516609191894531
vt -4.820907115936279 7.758232116699219
vt -4.808051109313965 7.742370128631592
vt -4.808051109313965 7.742370128631592
vt -4.820907115936279 7.758232116699219
vt -5.745333194732666 6.80119514465332
vt -4.808051109313965 7.742370128631592
vt -5.745333194732666 6.80119514465332
vt -5.730011940002441 6.787886142730713
vt -5.730011940002441 6.787886142730713
vt -5.745333194732666 6.80119514465332
vt -6.4951910972595215 5.692511081695557
vt -5.730011940002441 6.787886142730713
vt -6.4951910972595215 5.692511081695557
vt -6.477869987487793 5.68215799331665
vt -6.477869987487793 5.68215799331665
vt -6.4951910972595215 5.692511081695557
vt -7.047695159912109 4.465865135192871
vt -6.477869987487793 5.68215799331665
vt -7.047695159912109 4.465865135192871
vt -7.028901100158691 4.458783149719238
vt -7.028901100158691 4.458783149719238
vt -7.047695159912109 4.465865135192871
vt -7.3860578536987305 3.1585280895233154
vt -7.028901100158691 4.458783149719238
vt -7.3860578536987305 3.1585280895233154
vt -7.36636209487915 3.154932975769043
vt -7.36636209487915 3.154932975769043
vt -7.3860578536987305 3.1585280895233154
vt -7.5 1.810225009918213
vt -7.36636209487915 3.154932975769043
vt -7.5 1.810225009918213
vt -7.480000019073486 1.810225009918213
vt -7.480000019073486 1.810225009918213
vt -7.5 1.810225009918213
vt -7.36636209487915 0.4655170142650604
vt -7.36636209487915 0.4655170142650604
vt -7.5 1.810225009918213
vt -7.3860578536987305 0.46192100644111633
vt -7.36636209487915 0.4655170142650604
vt -7.3860578536987305 0.46192100644111633
vt -7.028901100158691 -0.838333010673523
vt -7.028901100158691 -0.838333010673523
vt -7.3860578536987305 0.46192100644111633
vt -7.047695159912109 -0.8454149961471558
vt -7.028901100158691 -0.838333010673523
vt -7.047695159912109 -0.8454149961471558
vt -6.477869987487793 -2.0617079734802246
vt -6.477869987487793 -2.0617079734802246
vt -7.047695159912109 -0.8454149961471558
vt -6.4951910972595215 -2.072061061859131
vt -6.477869987487793 -2.0617079734802246
vt -6.4951910972595215 -2.072061061859131
vt -5.730011940002441 -3.167435884475708
vt -5.730011940002441 -3.167435884475708
vt -6.4951910972595215 -2.072061061859131
vt -5.745333194732666 -3.1807448863983154
vt -5.730011940002441 -3.167435884475708
vt -5.745333194732666 -3.1807448863983154
vt -4.808051109313965 -4.121921062469482
vt -4.808051109313965 -4.121921062469482
vt -5.745333194732666 -3.1807448863983154
vt -4.820907115936279 -4.137782096862793
vt -4.808051109313965 -4.121921062469482
vt -4.820907115936279 -4.137782096862793
vt -3.740000009536743 -4.896160125732422
vt -3.740000009536743 -4.896160125732422
vt -4.820907115936279 -4.137782096862793
vt -3.75 -4.914091110229492
vt -3.740000009536743 -4.896160125732422
vt -3.75 -4.914091110229492
vt -2.5583109855651855 -5.4666290283203125
vt -2.5583109855651855 -5.4666290283203125
vt -3.75 -4.914091110229492
vt -2.5651509761810303 -5.486084938049316
vt -2.5583109855651855 -5.4666290283203125
vt -2.5651509761810303 -5.486084938049316
vt -1.2988879680633545 -5.815993785858154
vt -1.2988879680633545 -5.815993785858154
vt -2.5651509761810303 -5.486084938049316
vt -1.302361011505127 -5.8363847732543945
vt -1.2988879680633545 -5.815993785858154
vt -1.302361011505127 -5.8363847732543945
vt 0 -5.933640956878662
vn 0.9999999999995 -9.999999974747427e-7 1.1102230218215578e-22
vn 0.9999999999995 -9.999999974747427e-7 1.1102230218215578e-22
vn 0.9829730980404611 -9.829731190752546e-7 0.1837495266055719
vn 0.9829730980404611 -9.829731190752546e-7 0.1837495266055719
vn 0.9999999999995 -9.999999974747427e-7 1.1102230218215578e-22
vn 0.9829730980404611 -9.829731190752546e-7 0.1837495266055719
vn 0.9829730980404611 -9.829731190752546e-7 0.1837495266055719
vn 0.9829730980404611 -9.829731190752546e-7 0.1837495266055719
vn 0.9324722285851625 -9.324722323431946e-7 0.3612416683005311
vn 0.9324722285851625 -9.324722323431946e-7 0.3612416683005311
vn 0.9829730980404611 -9.829731190752546e-7 0.1837495266055719
vn 0.9324722285851625 -9.324722323431946e-7 0.3612416683005311
vn 0.9324722285851625 -9.324722323431946e-7 0.3612416683005311
vn 0.9324722285851625 -9.324722323431946e-7 0.3612416683005311
vn 0.8502171462690101 -8.502171167358987e-7 0.52643214585496
vn 0.8502171462690101 -8.502171167358987e-7 0.52643214585496
vn 0.9324722285851625 -9.324722323431946e-7 0.3612416683005311
vn 0.8502171462690101 -8.502171167358987e-7 0.52643214585496
vn 0.8502171462690101 -8.502171167358987e-7 0.52643214585496
vn 0.8502171462690101 -8.502171167358987e-7 0.52643214585496
vn 0.7390089208384453 -7.390089140790805e-7 0.6736956396776296
vn 0.7390089208384453 -7.390089140790805e-7 0.6736956396776296
vn 0.8502171462690101 -8.502171167358987e-7 0.52643214585496
vn 0.7390089208384453 -7.390089140790805e-7 0.6736956396776296
vn 0.7390089208384453 -7.390089140790805e-7 0.6736956396776296
vn 0.7390089208384453 -7.390089140790805e-7 0.6736956396776296
vn 0.6026346680274451 -6.026346565205181e-7 0.7980172033804082
vn 0.6026346680274451 -6.026346565205181e-7 0.7980172033804082
vn 0.7390089208384453 -7.390089140790805e-7 0.6736956396776296
vn 0.6026346680274451 -6.026346565205181e-7 0.7980172033804082
vn 0.6026346680274451 -6.026346565205181e-7 0.7980172033804082
vn 0.6026346680274451 -6.026346565205181e-7 0.7980172033804082
vn 0.44573836881735845 -4.4573837317020004e-7 0.8951632848613944
vn 0.44573836881735845 -4.4573837317020004e-7 0.8951632848613944
vn 0.6026346680274451 -6.026346565205181e-7 0.7980172033804082
vn 0.44573836881735845 -4.4573837317020004e-7 0.8951632848613944
vn 0.44573836881735845 -4.4573837317020004e-7 0.8951632848613944
vn 0.44573836881735845 -4.4573837317020004e-7 0.8951632848613944
vn 0.27366297804953216 -2.7366297040250085e-7 0.9618256465934908
vn 0.27366297804953216 -2.7366297040250085e-7 0.9618256465934908
vn 0.44573836881735845 -4.4573837317020004e-7 0.8951632848613944
vn 0.27366297804953216 -2.7366297040250085e-7 0.9618256465934908
vn 0.27366297804953216 -2.7366297040250085e-7 0.9618256465934908
vn 0.27366297804953216 -2.7366297040250085e-7 0.9618256465934908
vn 0.09226836455439423 -9.226836020018827e-8 0.9957341758232711
vn 0.09226836455439423 -9.226836020018827e-8 0.9957341758232711
vn 0.27366297804953216 -2.7366297040250085e-7 0.9618256465934908
vn 0.09226836455439423 -9.226836020018827e-8 0.9957341758232711
vn 0.09226836455439423 -9.226836020018827e-8 0.9957341758232711
vn 0.09226836455439423 -9.226836020018827e-8 0.9957341758232711
vn -0.09226836455439423 9.226836730561577e-8 0.9957341758232711
vn -0.09226836455439423 9.226836730561577e-8 0.9957341758232711
vn 0.09226836455439423 -9.226836020018827e-8 0.9957341758232711
vn -0.09226836455439423 9.226836730561577e-8 0.9957341758232711
vn -0.09226836455439423 9.226836730561577e-8 0.9957341758232711
vn -0.09226836455439423 9.226836730561577e-8 0.9957341758232711
vn -0.27366297804953216 2.7366297040250085e-7 0.9618256465934908
vn -0.27366297804953216 2.7366297040250085e-7 0.9618256465934908
vn -0.09226836455439423 9.226836730561577e-8 0.9957341758232711
vn -0.27366297804953216 2.7366297040250085e-7 0.9618256465934908
vn -0.27366297804953216 2.7366297040250085e-7 0.9618256465934908
vn -0.27366297804953216 2.7366297040250085e-7 0.9618256465934908
vn -0.44573836881735845 4.4573837317020004e-7 0.8951632848613944
vn -0.44573836881735845 4.4573837317020004e-7 0.8951632848613944
vn -0.27366297804953216 2.7366297040250085e-7 0.9618256465934908
vn -0.44573836881735845 4.4573837317020004e-7 0.8951632848613944
vn -0.44573836881735845 4.4573837317020004e-7 0.8951632848613944
vn -0.44573836881735845 4.4573837317020004e-7 0.8951632848613944
vn -0.6026346680274451 6.026346565205181e-7 0.7980172033804082
vn -0.6026346680274451 6.026346565205181e-7 0.7980172033804082
vn -0.44573836881735845 4.4573837317020004e-7 0.8951632848613944
vn -0.6026346680274451 6.026346565205181e-7 0.7980172033804082
vn -0.6026346680274451 6.026346565205181e-7 0.7980172033804082
vn -0.6026346680274451 6.026346565205181e-7 0.7980172033804082
vn -0.7390089208384453 7.390089140790805e-7 0.6736956396776296
vn -0.7390089208384453 7.390089140790805e-7 0.6736956396776296
vn -0.6026346680274451 6.026346565205181e-7 0.7980172033804082
vn -0.7390089208384453 7.390089140790805e-7 0.6736956396776296
vn -0.7390089208384453 7.390089140790805e-7 0.6736956396776296
vn -0.7390089208384453 7.390089140790805e-7 0.6736956396776296
vn -0.8502171462690101 8.502171167358987e-7 0.52643214585496
vn -0.8502171462690101 8.502171167358987e-7 0.52643214585496
vn -0.7390089208384453 7.390089140790805e-7 0.6736956396776296
vn -0.8502171462690101 8.502171167358987e-7 0.52643214585496
vn -0.8502171462690101 8.502171167358987e-7 0.52643214585496
vn -0.8502171462690101 8.502171167358987e-7 0.52643214585496
vn -0.9324722285851625 9.324722323431946e-7 0.3612416683005311
vn -0.9324722285851625 9.324722323431946e-7 0.3612416683005311
vn -0.8502171462690101 8.502171167358987e-7 0.52643214585496
vn -0.9324722285851625 9.324722323431946e-7 0.3612416683005311
vn -0.9324722285851625 9.324722323431946e-7 0.3612416683005311
vn -0.9324722285851625 9.324722323431946e-7 0.3612416683005311
vn -0.9829730980404611 9.829731190752546e-7 0.1837495266055719
vn -0.9829730980404611 9.829731190752546e-7 0.1837495266055719
vn -0.9324722285851625 9.324722323431946e-7 0.3612416683005311
vn -0.9829730980404611 9.829731190752546e-7 0.1837495266055719
vn -0.9829730980404611 9.829731190752546e-7 0.1837495266055719
vn -0.9829730980404611 9.829731190752546e-7 0.1837495266055719
vn -0.9999999999995 9.999999974747427e-7 -1.1102230218215578e-22
vn -0.9999999999995 9.999999974747427e-7 -1.1102230218215578e-22
vn -0.9829730980404611 9.829731190752546e-7 0.1837495266055719
vn -0.9999999999995 9.999999974747427e-7 -1.1102230218215578e-22
vn 0.9999999999995 -9.999999974747427e-7 1.1102230218215578e-22
vn 0.9999999999995 -9.999999974747427e-7 1.1102230218215578e-22
vn 0.9951847265162529 -9.95184684730428e-7 0.09801714190783568
vn 0.9951847265162529 -9.95184684730428e-7 0.09801714190783568
vn 0.9999999999995 -9.999999974747427e-7 1.1102230218215578e-22
vn 0.9848077496054644 -9.84807817861224e-7 0.17364819698474002
vn 0.9951847265162529 -9.95184684730428e-7 0.09801714190783568
vn 0.9848077496054644 -9.84807817861224e-7 0.17364819698474002
vn 0.9807852840710167 -9.807853040871756e-7 0.1950903035744551
vn 0.9807852840710167 -9.807853040871756e-7 0.1950903035744551
vn 0.9848077496054644 -9.84807817861224e-7 0.17364819698474002
vn 0.9569403327389713 -9.569402917025713e-7 0.2902846871202668
vn 0.9569403327389713 -9.569402917025713e-7 0.2902846871202668
vn 0.9848077496054644 -9.84807817861224e-7 0.17364819698474002
vn 0.9396926168493269 -9.396925978990953e-7 0.34202015414004655
vn 0.9569403327389713 -9.569402917025713e-7 0.2902846871202668
vn 0.9396926168493269 -9.396925978990953e-7 0.34202015414004655
vn 0.9238795200289305 -9.238795700183982e-7 0.38268346249904706
vn 0.9238795200289305 -9.238795700183982e-7 0.38268346249904706
vn 0.9396926168493269 -9.396925978990953e-7 0.34202015414004655
vn 0.8660253998982076 -8.660254141590848e-7 0.5000000067303993
vn 0.9238795200289305 -9.238795700183982e-7 0.38268346249904706
vn 0.8660253998982076 -8.660254141590848e-7 0.5000000067303993
vn 0.881921241626633 -8.819212765621439e-7 0.4713967793345225
vn 0.881921241626633 -8.819212765621439e-7 0.4713967793345225
vn 0.8660253998982076 -8.660254141590848e-7 0.5000000067303993
vn 0.8314696475895222 -8.31469598607776e-7 0.5555701802082832
vn 0.8314696475895222 -8.31469598607776e-7 0.5555701802082832
vn 0.8660253998982076 -8.660254141590848e-7 0.5000000067303993
vn 0.7660444283311575 -7.660444130079909e-7 0.6427876273095207
vn 0.8314696475895222 -8.31469598607776e-7 0.5555701802082832
vn 0.7660444283311575 -7.660444130079909e-7 0.6427876273095207
vn 0.7730104736426535 -7.73010451174497e-7 0.6343932594520238
vn 0.7730104736426535 -7.73010451174497e-7 0.6343932594520238
vn 0.7660444283311575 -7.660444130079909e-7 0.6427876273095207
vn 0.7071067811863707 -7.071067905650803e-7 0.7071067811863707
vn 0.7071067811863707 -7.071067905650803e-7 0.7071067811863707
vn 0.7660444283311575 -7.660444130079909e-7 0.6427876273095207
vn 0.6427876273095765 -6.42787589354544e-7 0.766044428331224
vn 0.7071067811863707 -7.071067905650803e-7 0.7071067811863707
vn 0.6427876273095765 -6.42787589354544e-7 0.766044428331224
vn 0.6343932594520857 -6.343932301590811e-7 0.7730104736427289
vn 0.6343932594520857 -6.343932301590811e-7 0.7730104736427289
vn 0.6427876273095765 -6.42787589354544e-7 0.766044428331224
vn 0.5555701802083896 -5.555701768832769e-7 0.8314696475896813
vn 0.5555701802083896 -5.555701768832769e-7 0.8314696475896813
vn 0.6427876273095765 -6.42787589354544e-7 0.766044428331224
vn 0.5000000067305244 -5.000000054681457e-7 0.8660253998984242
vn 0.5555701802083896 -5.555701768832769e-7 0.8314696475896813
vn 0.5000000067305244 -5.000000054681457e-7 0.8660253998984242
vn 0.47139677933465346 -4.7139676513016505e-7 0.8819212416268779
vn 0.47139677933465346 -4.7139676513016505e-7 0.8819212416268779
vn 0.5000000067305244 -5.000000054681457e-7 0.8660253998984242
vn 0.38268346249918234 -3.8268345948147887e-7 0.923879520029257
vn 0.38268346249918234 -3.8268345948147887e-7 0.923879520029257
vn 0.5000000067305244 -5.000000054681457e-7 0.8660253998984242
vn 0.34202015414017756 -3.4202014390290523e-7 0.9396926168496869
vn 0.38268346249918234 -3.8268345948147887e-7 0.923879520029257
vn 0.34202015414017756 -3.4202014390290523e-7 0.9396926168496869
vn 0.2902846871203874 -2.902846683993489e-7 0.9569403327393691
vn 0.2902846871203874 -2.902846683993489e-7 0.9569403327393691
vn 0.34202015414017756 -3.4202014390290523e-7 0.9396926168496869
vn 0.17364819698482162 -1.7364819266745019e-7 0.984807749605927
vn 0.2902846871203874 -2.902846683993489e-7 0.9569403327393691
vn 0.17364819698482162 -1.7364819266745019e-7 0.984807749605927
vn 0.19509030357454524 -1.9509030314162578e-7 0.9807852840714699
vn 0.19509030357454524 -1.9509030314162578e-7 0.9807852840714699
vn 0.17364819698482162 -1.7364819266745019e-7 0.984807749605927
vn 0.09801714190788373 -9.801713997884546e-8 0.9951847265167407
vn 0.09801714190788373 -9.801713997884546e-8 0.9951847265167407
vn 0.17364819698482162 -1.7364819266745019e-7 0.984807749605927
vn 2.2204460436442257e-22 2.220446049250313e-16 1
vn 0.09801714190788373 -9.801713997884546e-8 0.9951847265167407
vn 2.2204460436442257e-22 2.220446049250313e-16 1
vn 2.2204460436442257e-22 2.220446049250313e-16 1
vn 2.2204460436442257e-22 2.220446049250313e-16 1
vn 2.2204460436442257e-22 2.220446049250313e-16 1
vn -0.09801714190788373 9.801713997884546e-8 0.9951847265167407
vn -0.09801714190788373 9.801713997884546e-8 0.9951847265167407
vn 2.2204460436442257e-22 2.220446049250313e-16 1
vn -0.17364819698482162 1.7364819266745019e-7 0.984807749605927
vn -0.09801714190788373 9.801713997884546e-8 0.9951847265167407
vn -0.17364819698482162 1.7364819266745019e-7 0.984807749605927
vn -0.19509030357454524 1.9509030314162578e-7 0.9807852840714699
vn -0.19509030357454524 1.9509030314162578e-7 0.9807852840714699
vn -0.17364819698482162 1.7364819266745019e-7 0.984807749605927
vn -0.2902846871203874 2.902846683993489e-7 0.9569403327393691
vn -0.2902846871203874 2.902846683993489e-7 0.9569403327393691
vn -0.17364819698482162 1.7364819266745019e-7 0.984807749605927
vn -0.34202015414017756 3.4202014390290523e-7 0.9396926168496869
vn -0.2902846871203874 2.902846683993489e-7 0.9569403327393691
vn -0.34202015414017756 3.4202014390290523e-7 0.9396926168496869
vn -0.38268346249918234 3.8268345948147887e-7 0.923879520029257
vn -0.38268346249918234 3.8268345948147887e-7 0.923879520029257
vn -0.34202015414017756 3.4202014390290523e-7 0.9396926168496869
vn -0.5000000067305244 5.000000054681457e-7 0.8660253998984242
vn -0.38268346249918234 3.8268345948147887e-7 0.923879520029257
vn -0.5000000067305244 5.000000054681457e-7 0.8660253998984242
vn -0.47139677933465346 4.7139676513016505e-7 0.8819212416268779
vn -0.47139677933465346 4.7139676513016505e-7 0.8819212416268779
vn -0.5000000067305244 5.000000054681457e-7 0.8660253998984242
vn -0.5555701802083896 5.555701768832769e-7 0.8314696475896813
vn -0.5555701802083896 5.555701768832769e-7 0.8314696475896813
vn -0.5000000067305244 5.000000054681457e-7 0.8660253998984242
vn -0.6427876273095765 6.42787589354544e-7 0.766044428331224
vn -0.5555701802083896 5.555701768832769e-7 0.8314696475896813
vn -0.6427876273095765 6.42787589354544e-7 0.766044428331224
vn -0.6343932594520857 6.343932301590811e-7 0.7730104736427289
vn -0.6343932594520857 6.343932301590811e-7 0.7730104736427289
vn -0.6427876273095765 6.42787589354544e-7 0.766044428331224
vn -0.7071067811863707 7.071067905650803e-7 0.7071067811863707
vn -0.7071067811863707 7.071067905650803e-7 0.7071067811863707
vn -0.6427876273095765 6.42787589354544e-7 0.766044428331224
vn -0.7660444283311575 7.660444130079909e-7 0.6427876273095207
vn -0.7071067811863707 7.071067905650803e-7 0.7071067811863707
vn -0.7660444283311575 7.660444130079909e-7 0.6427876273095207
vn -0.7730104736426535 7.73010451174497e-7 0.6343932594520238
vn -0.7730104736426535 7.73010451174497e-7 0.6343932594520238
vn -0.7660444283311575 7.660444130079909e-7 0.6427876273095207
vn -0.8314696475895222 8.31469598607776e-7 0.5555701802082832
vn -0.8314696475895222 8.31469598607776e-7 0.5555701802082832
vn -0.7660444283311575 7.660444130079909e-7 0.6427876273095207
vn -0.8660253998982076 8.660254141590848e-7 0.5000000067303993
vn -0.8314696475895222 8.31469598607776e-7 0.5555701802082832
vn -0.8660253998982076 8.660254141590848e-7 0.5000000067303993
vn -0.881921241626633 8.819212765621439e-7 0.4713967793345225
vn -0.881921241626633 8.819212765621439e-7 0.4713967793345225
vn -0.8660253998982076 8.660254141590848e-7 0.5000000067303993
vn -0.9238795200289305 9.238795700183982e-7 0.38268346249904706
vn -0.9238795200289305 9.238795700183982e-7 0.38268346249904706
vn -0.8660253998982076 8.660254141590848e-7 0.5000000067303993
vn -0.9396926168493269 9.396925978990953e-7 0.34202015414004655
vn -0.9238795200289305 9.238795700183982e-7 0.38268346249904706
vn -0.9396926168493269 9.396925978990953e-7 0.34202015414004655
vn -0.9569403327389713 9.569402917025713e-7 0.2902846871202668
vn -0.9569403327389713 9.569402917025713e-7 0.2902846871202668
vn -0.9396926168493269 9.396925978990953e-7 0.34202015414004655
vn -0.9848077496054644 9.84807817861224e-7 0.17364819698474002
vn -0.9569403327389713 9.569402917025713e-7 0.2902846871202668
vn -0.9848077496054644 9.84807817861224e-7 0.17364819698474002
vn -0.9807852840710167 9.807853040871756e-7 0.1950903035744551
vn -0.9807852840710167 9.807853040871756e-7 0.1950903035744551
vn -0.9848077496054644 9.84807817861224e-7 0.17364819698474002
vn -0.9951847265162529 9.95184684730428e-7 0.09801714190783568
vn -0.9951847265162529 9.95184684730428e-7 0.09801714190783568
vn -0.9848077496054644 9.84807817861224e-7 0.17364819698474002
vn -0.9999999999995 9.999999974747427e-7 -1.1102230218215578e-22
vn -0.9951847265162529 9.95184684730428e-7 0.09801714190783568
vn -0.9999999999995 9.999999974747427e-7 -1.1102230218215578e-22
vn -0.9999999999995 9.999999974747427e-7 -1.1102230218215578e-22
vn 9.999999974747427e-7 0.9999999999995 -1.1102230246246014e-16
vn 9.999999974747427e-7 0.9999999999995 -1.1102230246246014e-16
vn -0.098016141493534 0.9951848250484527 -1.1048771065263504e-16
vn -0.098016141493534 0.9951848250484527 -1.1048771065263504e-16
vn 9.999999974747427e-7 0.9999999999995 -1.1102230246246014e-16
vn -0.17364721258455293 0.9848079231817822 -1.0933564311496971e-16
vn -0.098016141493534 0.9951848250484527 -1.1048771065263504e-16
vn -0.17364721258455293 0.9848079231817822 -1.0933564311496971e-16
vn -0.19508932331460446 0.9807854790567864 -1.0888906210668585e-16
vn -0.19508932331460446 0.9807854790567864 -1.0888906210668585e-16
vn -0.17364721258455293 0.9848079231817822 -1.0933564311496971e-16
vn -0.2902837037300648 0.9569406310470655 -1.062417521787779e-16
vn -0.2902837037300648 0.9569406310470655 -1.062417521787779e-16
vn -0.17364721258455293 0.9848079231817822 -1.0933564311496971e-16
vn -0.3420191970850382 0.9396929651887928 -1.0432687660308834e-16
vn -0.2902837037300648 0.9569406310470655 -1.062417521787779e-16
vn -0.3420191970850382 0.9396929651887928 -1.0432687660308834e-16
vn -0.38268252641099665 0.9238799077692385 -1.0257127455939746e-16
vn -0.38268252641099665 0.9238799077692385 -1.0257127455939746e-16
vn -0.3420191970850382 0.9396929651887928 -1.0432687660308834e-16
vn -0.49999912624372245 0.866025908247273 -9.614819032580357e-17
vn -0.38268252641099665 0.9238799077692385 -1.0257127455939746e-16
vn -0.49999912624372245 0.866025908247273 -9.614819032580357e-17
vn -0.4713958857025888 0.8819217192827671 -9.791297986647319e-17
vn -0.4713958857025888 0.8819217192827671 -9.791297986647319e-17
vn -0.49999912624372245 0.866025908247273 -9.614819032580357e-17
vn -0.555569355503874 0.8314701986391393 -9.23117358818825e-17
vn -0.555569355503874 0.8314701986391393 -9.23117358818825e-17
vn -0.49999912624372245 0.866025908247273 -9.614819032580357e-17
vn -0.6427868497575289 0.7660450807744882 -8.504808865766746e-17
vn -0.555569355503874 0.8314701986391393 -9.23117358818825e-17
vn -0.6427868497575289 0.7660450807744882 -8.504808865766746e-17
vn -0.634392504141022 0.7730110935101018 -8.582147143055849e-17
vn -0.634392504141022 0.7730110935101018 -8.582147143055849e-17
vn -0.6427868497575289 0.7660450807744882 -8.504808865766746e-17
vn -0.7071060659304362 0.7071074964419354 -7.850470234348876e-17
vn -0.7071060659304362 0.7071074964419354 -7.850470234348876e-17
vn -0.6427868497575289 0.7660450807744882 -8.504808865766746e-17
vn -0.7660438052370506 0.6427883698838519 -7.13638448206324e-17
vn -0.7071060659304362 0.7071074964419354 -7.850470234348876e-17
vn -0.7660438052370506 0.6427883698838519 -7.13638448206324e-17
vn -0.773009829786734 0.634394043992442 -7.043188743254736e-17
vn -0.773009829786734 0.634394043992442 -7.043188743254736e-17
vn -0.7660438052370506 0.6427883698838519 -7.13638448206324e-17
vn -0.8314690781421619 0.5555710324462779 -6.168077520366277e-17
vn -0.8314690781421619 0.5555710324462779 -6.168077520366277e-17
vn -0.7660438052370506 0.6427883698838519 -7.13638448206324e-17
vn -0.8660248935452785 0.5000008837591082 -5.551124934822884e-17
vn -0.8314690781421619 0.5555710324462779 -6.168077520366277e-17
vn -0.8660248935452785 0.5000008837591082 -5.551124934822884e-17
vn -0.8819207763601602 0.47139764978655996 -5.233565245472249e-17
vn -0.8819207763601602 0.47139764978655996 -5.233565245472249e-17
vn -0.8660248935452785 0.5000008837591082 -5.551124934822884e-17
vn -0.9396922780880141 0.3420210848789272 -3.797196833398599e-17
vn -0.8819207763601602 0.47139764978655996 -5.233565245472249e-17
vn -0.9396922780880141 0.3420210848789272 -3.797196833398599e-17
vn -0.9238791410173796 0.3826843775136226 -4.2486500707996934e-17
vn -0.9238791410173796 0.3826843775136226 -4.2486500707996934e-17
vn -0.9396922780880141 0.3420210848789272 -3.797196833398599e-17
vn -0.9569400427094097 0.2902856432194209 -3.2228180482032454e-17
vn -0.9569400427094097 0.2902856432194209 -3.2228180482032454e-17
vn -0.9396922780880141 0.3420210848789272 -3.797196833398599e-17
vn -0.9848075760291158 0.17364918138493252 -1.927893193808622e-17
vn -0.9569400427094097 0.2902856432194209 -3.2228180482032454e-17
vn -0.9848075760291158 0.17364918138493252 -1.927893193808622e-17
vn -0.9807850868166281 0.19509129523917543 -2.1659484787847675e-17
vn -0.9807850868166281 0.19509129523917543 -2.1659484787847675e-17
vn -0.9848075760291158 0.17364918138493252 -1.927893193808622e-17
vn -0.9951846279840286 0.09801814232217693 -1.0882199843706633e-17
vn -0.9951846279840286 0.09801814232217693 -1.0882199843706633e-17
vn -0.9848075760291158 0.17364918138493252 -1.927893193808622e-17
vn -0.9999999999995 9.999999974747427e-7 -1.1102230218215578e-22
vn -0.9951846279840286 0.09801814232217693 -1.0882199843706633e-17
vn -0.9999999999995 9.999999974747427e-7 -1.1102230218215578e-22
vn -0.9999999999995 9.999999974747427e-7 -1.1102230218215578e-22
vn -0.9999999999995 9.999999974747427e-7 -1.1102230218215578e-22
vn -0.9999999999995 9.999999974747427e-7 -1.1102230218215578e-22
vn -0.9848079231817822 -0.17364721258455293 1.927871335733499e-17
vn -0.9999999999995 9.999999974747427e-7 -1.1102230218215578e-22
vn -0.9848079231817822 -0.17364721258455293 1.927871335733499e-17
vn -0.9848079231817822 -0.17364721258455293 1.927871335733499e-17
vn -0.9848079231817822 -0.17364721258455293 1.927871335733499e-17
vn -0.9848079231817822 -0.17364721258455293 1.927871335733499e-17
vn -0.9396929651887928 -0.3420191970850382 3.797175874676186e-17
vn -0.9396929651887928 -0.3420191970850382 3.797175874676186e-17
vn -0.9848079231817822 -0.17364721258455293 1.927871335733499e-17
vn -0.9396929651887928 -0.3420191970850382 3.797175874676186e-17
vn -0.9396929651887928 -0.3420191970850382 3.797175874676186e-17
vn -0.9396929651887928 -0.3420191970850382 3.797175874676186e-17
vn -0.866025908247273 -0.49999912624372245 5.55110542248241e-17
vn -0.866025908247273 -0.49999912624372245 5.55110542248241e-17
vn -0.9396929651887928 -0.3420191970850382 3.797175874676186e-17
vn -0.866025908247273 -0.49999912624372245 5.55110542248241e-17
vn -0.866025908247273 -0.49999912624372245 5.55110542248241e-17
vn -0.866025908247273 -0.49999912624372245 5.55110542248241e-17
vn -0.7660450807744882 -0.6427868497575289 7.136367605270798e-17
vn -0.7660450807744882 -0.6427868497575289 7.136367605270798e-17
vn -0.866025908247273 -0.49999912624372245 5.55110542248241e-17
vn -0.7660450807744882 -0.6427868497575289 7.136367605270798e-17
vn -0.7660450807744882 -0.6427868497575289 7.136367605270798e-17
vn -0.7660450807744882 -0.6427868497575289 7.136367605270798e-17
vn -0.6427883698838519 -0.7660438052370506 8.504794704456427e-17
vn -0.6427883698838519 -0.7660438052370506 8.504794704456427e-17
vn -0.7660450807744882 -0.6427868497575289 7.136367605270798e-17
vn -0.6427883698838519 -0.7660438052370506 8.504794704456427e-17
vn -0.6427883698838519 -0.7660438052370506 8.504794704456427e-17
vn -0.6427883698838519 -0.7660438052370506 8.504794704456427e-17
vn -0.5000008837591082 -0.8660248935452785 9.614807767125182e-17
vn -0.5000008837591082 -0.8660248935452785 9.614807767125182e-17
vn -0.6427883698838519 -0.7660438052370506 8.504794704456427e-17
vn -0.5000008837591082 -0.8660248935452785 9.614807767125182e-17
vn -0.5000008837591082 -0.8660248935452785 9.614807767125182e-17
vn -0.5000008837591082 -0.8660248935452785 9.614807767125182e-17
vn -0.3420210848789272 -0.9396922780880141 1.0432680031957788e-16
vn -0.3420210848789272 -0.9396922780880141 1.0432680031957788e-16
vn -0.5000008837591082 -0.8660248935452785 9.614807767125182e-17
vn -0.3420210848789272 -0.9396922780880141 1.0432680031957788e-16
vn -0.3420210848789272 -0.9396922780880141 1.0432680031957788e-16
vn -0.3420210848789272 -0.9396922780880141 1.0432680031957788e-16
vn -0.17364918138493252 -0.9848075760291158 1.0933560457328138e-16
vn -0.17364918138493252 -0.9848075760291158 1.0933560457328138e-16
vn -0.3420210848789272 -0.9396922780880141 1.0432680031957788e-16
vn -0.17364918138493252 -0.9848075760291158 1.0933560457328138e-16
vn -0.17364918138493252 -0.9848075760291158 1.0933560457328138e-16
vn -0.17364918138493252 -0.9848075760291158 1.0933560457328138e-16
vn -9.999999974747427e-7 -0.9999999999995 1.1102230246246014e-16
vn -9.999999974747427e-7 -0.9999999999995 1.1102230246246014e-16
vn -0.17364918138493252 -0.9848075760291158 1.0933560457328138e-16
vn -9.999999974747427e-7 -0.9999999999995 1.1102230246246014e-16
vn -0.9848079231817822 -0.17364721258455293 1.927871335733499e-17
vn -0.9999999999995 9.999999974747427e-7 -1.1102230218215578e-22
vn -0.9999999999995 9.999999974747427e-7 -1.1102230218215578e-22
vn -0.9999999999995 9.999999974747427e-7 -1.1102230218215578e-22
vn -0.9999999999995 9.999999974747427e-7 -1.1102230218215578e-22
vn -0.9951846279840286 0.09801814232217693 -1.0882199843706633e-17
vn -0.9951846279840286 0.09801814232217693 -1.0882199843706633e-17
vn -0.9999999999995 9.999999974747427e-7 -1.1102230218215578e-22
vn -0.9848075760291158 0.17364918138493252 -1.927893193808622e-17
vn -0.9951846279840286 0.09801814232217693 -1.0882199843706633e-17
vn -0.9848075760291158 0.17364918138493252 -1.927893193808622e-17
vn -0.9807850868166281 0.19509129523917543 -2.1659484787847675e-17
vn -0.9807850868166281 0.19509129523917543 -2.1659484787847675e-17
vn -0.9848075760291158 0.17364918138493252 -1.927893193808622e-17
vn -0.9569400427094097 0.2902856432194209 -3.2228180482032454e-17
vn -0.9569400427094097 0.2902856432194209 -3.2228180482032454e-17
vn -0.9848075760291158 0.17364918138493252 -1.927893193808622e-17
vn -0.9396922780880141 0.3420210848789272 -3.797196833398599e-17
vn -0.9569400427094097 0.2902856432194209 -3.2228180482032454e-17
vn -0.9396922780880141 0.3420210848789272 -3.797196833398599e-17
vn -0.9238791410173796 0.3826843775136226 -4.2486500707996934e-17
vn -0.9238791410173796 0.3826843775136226 -4.2486500707996934e-17
vn -0.9396922780880141 0.3420210848789272 -3.797196833398599e-17
vn -0.8660248935452785 0.5000008837591082 -5.551124934822884e-17
vn -0.9238791410173796 0.3826843775136226 -4.2486500707996934e-17
vn -0.8660248935452785 0.5000008837591082 -5.551124934822884e-17
vn -0.8819207763601602 0.47139764978655996 -5.233565245472249e-17
vn -0.8819207763601602 0.47139764978655996 -5.233565245472249e-17
vn -0.8660248935452785 0.5000008837591082 -5.551124934822884e-17
vn -0.8314690781421619 0.5555710324462779 -6.168077520366277e-17
vn -0.8314690781421619 0.5555710324462779 -6.168077520366277e-17
vn -0.8660248935452785 0.5000008837591082 -5.551124934822884e-17
vn -0.7660438052370506 0.6427883698838519 -7.13638448206324e-17
vn -0.8314690781421619 0.5555710324462779 -6.168077520366277e-17
vn -0.7660438052370506 0.6427883698838519 -7.13638448206324e-17
vn -0.773009829786734 0.634394043992442 -7.043188743254736e-17
vn -0.773009829786734 0.634394043992442 -7.043188743254736e-17
vn -0.7660438052370506 0.6427883698838519 -7.13638448206324e-17
vn -0.7071060659304362 0.7071074964419354 -7.850470234348876e-17
vn -0.7071060659304362 0.7071074964419354 -7.850470234348876e-17
vn -0.7660438052370506 0.6427883698838519 -7.13638448206324e-17
vn -0.6427868497575289 0.7660450807744882 -8.504808865766746e-17
vn -0.7071060659304362 0.7071074964419354 -7.850470234348876e-17
vn -0.6427868497575289 0.7660450807744882 -8.504808865766746e-17
vn -0.634392504141022 0.7730110935101018 -8.582147143055849e-17
vn -0.634392504141022 0.7730110935101018 -8.582147143055849e-17
vn -0.6427868497575289 0.7660450807744882 -8.504808865766746e-17
vn -0.555569355503874 0.8314701986391393 -9.23117358818825e-17
vn -0.555569355503874 0.8314701986391393 -9.23117358818825e-17
vn -0.6427868497575289 0.7660450807744882 -8.504808865766746e-17
vn -0.49999912624372245 0.866025908247273 -9.614819032580357e-17
vn -0.555569355503874 0.8314701986391393 -9.23117358818825e-17
vn -0.49999912624372245 0.866025908247273 -9.614819032580357e-17
vn -0.4713958857025888 0.8819217192827671 -9.791297986647319e-17
vn -0.4713958857025888 0.8819217192827671 -9.791297986647319e-17
vn -0.49999912624372245 0.866025908247273 -9.614819032580357e-17
vn -0.38268252641099665 0.9238799077692385 -1.0257127455939746e-16
vn -0.38268252641099665 0.9238799077692385 -1.0257127455939746e-16
vn -0.49999912624372245 0.866025908247273 -9.614819032580357e-17
vn -0.3420191970850382 0.9396929651887928 -1.0432687660308834e-16
vn -0.38268252641099665 0.9238799077692385 -1.0257127455939746e-16
vn -0.3420191970850382 0.9396929651887928 -1.0432687660308834e-16
vn -0.2902837037300648 0.9569406310470655 -1.062417521787779e-16
vn -0.2902837037300648 0.9569406310470655 -1.062417521787779e-16
vn -0.3420191970850382 0.9396929651887928 -1.0432687660308834e-16
vn -0.17364721258455293 0.9848079231817822 -1.0933564311496971e-16
vn -0.2902837037300648 0.9569406310470655 -1.062417521787779e-16
vn -0.17364721258455293 0.9848079231817822 -1.0933564311496971e-16
vn -0.19508932331460446 0.9807854790567864 -1.0888906210668585e-16
vn -0.19508932331460446 0.9807854790567864 -1.0888906210668585e-16
vn -0.17364721258455293 0.9848079231817822 -1.0933564311496971e-16
vn -0.098016141493534 0.9951848250484527 -1.1048771065263504e-16
vn -0.098016141493534 0.9951848250484527 -1.1048771065263504e-16
vn -0.17364721258455293 0.9848079231817822 -1.0933564311496971e-16
vn 9.999999974747427e-7 0.9999999999995 -1.1102230246246014e-16
vn -0.098016141493534 0.9951848250484527 -1.1048771065263504e-16
vn 9.999999974747427e-7 0.9999999999995 -1.1102230246246014e-16
vn 9.999999974747427e-7 0.9999999999995 -1.1102230246246014e-16
vn -9.999999974747427e-7 -0.9999999999995 1.1102230246246014e-16
vn 0.17364721258455293 -0.9848079231817822 1.0933564311496971e-16
vn -9.999999974747427e-7 -0.9999999999995 1.1102230246246014e-16
vn -9.999999974747427e-7 -0.9999999999995 1.1102230246246014e-16
vn 0.17364721258455293 -0.9848079231817822 1.0933564311496971e-16
vn 0.17364721258455293 -0.9848079231817822 1.0933564311496971e-16
vn 0.17364721258455293 -0.9848079231817822 1.0933564311496971e-16
vn 0.17364721258455293 -0.9848079231817822 1.0933564311496971e-16
vn 0.3420191970850382 -0.9396929651887928 1.0432687660308834e-16
vn 0.17364721258455293 -0.9848079231817822 1.0933564311496971e-16
vn 0.3420191970850382 -0.9396929651887928 1.0432687660308834e-16
vn 0.3420191970850382 -0.9396929651887928 1.0432687660308834e-16
vn 0.3420191970850382 -0.9396929651887928 1.0432687660308834e-16
vn 0.3420191970850382 -0.9396929651887928 1.0432687660308834e-16
vn 0.49999912624372245 -0.866025908247273 9.614819032580357e-17
vn 0.3420191970850382 -0.9396929651887928 1.0432687660308834e-16
vn 0.49999912624372245 -0.866025908247273 9.614819032580357e-17
vn 0.49999912624372245 -0.866025908247273 9.614819032580357e-17
vn 0.49999912624372245 -0.866025908247273 9.614819032580357e-17
vn 0.49999912624372245 -0.866025908247273 9.614819032580357e-17
vn 0.6427868497575289 -0.7660450807744882 8.504808865766746e-17
vn 0.49999912624372245 -0.866025908247273 9.614819032580357e-17
vn 0.6427868497575289 -0.7660450807744882 8.504808865766746e-17
vn 0.6427868497575289 -0.7660450807744882 8.504808865766746e-17
vn 0.6427868497575289 -0.7660450807744882 8.504808865766746e-17
vn 0.6427868497575289 -0.7660450807744882 8.504808865766746e-17
vn 0.7660438052370506 -0.6427883698838519 7.13638448206324e-17
vn 0.6427868497575289 -0.7660450807744882 8.504808865766746e-17
vn 0.7660438052370506 -0.6427883698838519 7.13638448206324e-17
vn 0.7660438052370506 -0.6427883698838519 7.13638448206324e-17
vn 0.7660438052370506 -0.6427883698838519 7.13638448206324e-17
vn 0.7660438052370506 -0.6427883698838519 7.13638448206324e-17
vn 0.8660248935452785 -0.5000008837591082 5.551124934822884e-17
vn 0.7660438052370506 -0.6427883698838519 7.13638448206324e-17
vn 0.8660248935452785 -0.5000008837591082 5.551124934822884e-17
vn 0.8660248935452785 -0.5000008837591082 5.551124934822884e-17
vn 0.8660248935452785 -0.5000008837591082 5.551124934822884e-17
vn 0.8660248935452785 -0.5000008837591082 5.551124934822884e-17
vn 0.9396922780880141 -0.3420210848789272 3.797196833398599e-17
vn 0.8660248935452785 -0.5000008837591082 5.551124934822884e-17
vn 0.9396922780880141 -0.3420210848789272 3.797196833398599e-17
vn 0.9396922780880141 -0.3420210848789272 3.797196833398599e-17
vn 0.9396922780880141 -0.3420210848789272 3.797196833398599e-17
vn 0.9396922780880141 -0.3420210848789272 3.797196833398599e-17
vn 0.9848075760291158 -0.17364918138493252 1.927893193808622e-17
vn 0.9396922780880141 -0.3420210848789272 3.797196833398599e-17
vn 0.9848075760291158 -0.17364918138493252 1.927893193808622e-17
vn 0.9848075760291158 -0.17364918138493252 1.927893193808622e-17
vn 0.9848075760291158 -0.17364918138493252 1.927893193808622e-17
vn 0.9848075760291158 -0.17364918138493252 1.927893193808622e-17
vn 0.9999999999995 -9.999999974747427e-7 1.1102230218215578e-22
vn 0.9848075760291158 -0.17364918138493252 1.927893193808622e-17
vn 0.9999999999995 -9.999999974747427e-7 1.1102230218215578e-22
vn 0.9999999999995 -9.999999974747427e-7 1.1102230218215578e-22
vn 0.9999999999995 -9.999999974747427e-7 1.1102230218215578e-22
vn 0.9999999999995 -9.999999974747427e-7 1.1102230218215578e-22
vn 0.9951848250484527 0.098016141493534 -1.0881977707103863e-17
vn 0.9999999999995 -9.999999974747427e-7 1.1102230218215578e-22
vn 0.9951848250484527 0.098016141493534 -1.0881977707103863e-17
vn 0.9848079231817822 0.17364721258455293 -1.927871335733499e-17
vn 0.9848079231817822 0.17364721258455293 -1.927871335733499e-17
vn 0.9951848250484527 0.098016141493534 -1.0881977707103863e-17
vn 0.9807854790567864 0.19508932331460446 -2.1659265860241524e-17
vn 0.9848079231817822 0.17364721258455293 -1.927871335733499e-17
vn 0.9807854790567864 0.19508932331460446 -2.1659265860241524e-17
vn 0.9569406310470655 0.2902837037300648 -3.2227965155458537e-17
vn 0.9848075760291158 -0.17364918138493252 1.927893193808622e-17
vn 0.9999999999995 -9.999999974747427e-7 1.1102230218215578e-22
vn 0.9999999999995 -9.999999974747427e-7 1.1102230218215578e-22
vn 0.9999999999995 -9.999999974747427e-7 1.1102230218215578e-22
vn 0.9999999999995 -9.999999974747427e-7 1.1102230218215578e-22
vn 0.9951848250484527 0.098016141493534 -1.0881977707103863e-17
vn 0.9951848250484527 0.098016141493534 -1.0881977707103863e-17
vn 0.9999999999995 -9.999999974747427e-7 1.1102230218215578e-22
vn 0.9848079231817822 0.17364721258455293 -1.927871335733499e-17
vn 0.9951848250484527 0.098016141493534 -1.0881977707103863e-17
vn 0.9848079231817822 0.17364721258455293 -1.927871335733499e-17
vn 0.9807854790567864 0.19508932331460446 -2.1659265860241524e-17
vn 0.9807854790567864 0.19508932331460446 -2.1659265860241524e-17
vn 0.9848079231817822 0.17364721258455293 -1.927871335733499e-17
vn 0.9569406310470655 0.2902837037300648 -3.2227965155458537e-17
vn 0.9569406310470655 0.2902837037300648 -3.2227965155458537e-17
vn 0.9848079231817822 0.17364721258455293 -1.927871335733499e-17
vn 0.9396929651887928 0.3420191970850382 -3.797175874676186e-17
vn 0.9569406310470655 0.2902837037300648 -3.2227965155458537e-17
vn 0.9396929651887928 0.3420191970850382 -3.797175874676186e-17
vn 0.9238799077692385 0.38268252641099665 -4.2486295194321305e-17
vn 0.9238799077692385 0.38268252641099665 -4.2486295194321305e-17
vn 0.9396929651887928 0.3420191970850382 -3.797175874676186e-17
vn 0.866025908247273 0.49999912624372245 -5.55110542248241e-17
vn 0.9238799077692385 0.38268252641099665 -4.2486295194321305e-17
vn 0.866025908247273 0.49999912624372245 -5.55110542248241e-17
vn 0.8819217192827671 0.4713958857025888 -5.233545660205827e-17
vn 0.8819217192827671 0.4713958857025888 -5.233545660205827e-17
vn 0.866025908247273 0.49999912624372245 -5.55110542248241e-17
vn 0.8314701986391393 0.555569355503874 -6.168058902565598e-17
vn 0.8314701986391393 0.555569355503874 -6.168058902565598e-17
vn 0.866025908247273 0.49999912624372245 -5.55110542248241e-17
vn 0.7660450807744882 0.6427868497575289 -7.136367605270798e-17
vn 0.8314701986391393 0.555569355503874 -6.168058902565598e-17
vn 0.7660450807744882 0.6427868497575289 -7.136367605270798e-17
vn 0.7730110935101018 0.634392504141022 -7.043171647469726e-17
vn 0.7730110935101018 0.634392504141022 -7.043171647469726e-17
vn 0.7660450807744882 0.6427868497575289 -7.136367605270798e-17
vn 0.7071074964419354 0.7071060659304362 -7.850454352480843e-17
vn 0.7071074964419354 0.7071060659304362 -7.850454352480843e-17
vn 0.7660450807744882 0.6427868497575289 -7.136367605270798e-17
vn 0.6427883698838519 0.7660438052370506 -8.504794704456427e-17
vn 0.7071074964419354 0.7071060659304362 -7.850454352480843e-17
vn 0.6427883698838519 0.7660438052370506 -8.504794704456427e-17
vn 0.634394043992442 0.773009829786734 -8.582133112908053e-17
vn 0.634394043992442 0.773009829786734 -8.582133112908053e-17
vn 0.6427883698838519 0.7660438052370506 -8.504794704456427e-17
vn 0.5555710324462779 0.8314690781421619 -9.231161148172816e-17
vn 0.5555710324462779 0.8314690781421619 -9.231161148172816e-17
vn 0.6427883698838519 0.7660438052370506 -8.504794704456427e-17
vn 0.5000008837591082 0.8660248935452785 -9.614807767125182e-17
vn 0.5555710324462779 0.8314690781421619 -9.231161148172816e-17
vn 0.5000008837591082 0.8660248935452785 -9.614807767125182e-17
vn 0.47139764978655996 0.8819207763601602 -9.791287518103433e-17
vn 0.47139764978655996 0.8819207763601602 -9.791287518103433e-17
vn 0.5000008837591082 0.8660248935452785 -9.614807767125182e-17
vn 0.3826843775136226 0.9238791410173796 -1.0257118943284067e-16
vn 0.3826843775136226 0.9238791410173796 -1.0257118943284067e-16
vn 0.5000008837591082 0.8660248935452785 -9.614807767125182e-17
vn 0.3420210848789272 0.9396922780880141 -1.0432680031957788e-16
vn 0.3826843775136226 0.9238791410173796 -1.0257118943284067e-16
vn 0.3420210848789272 0.9396922780880141 -1.0432680031957788e-16
vn 0.2902856432194209 0.9569400427094097 -1.0624168686017673e-16
vn 0.2902856432194209 0.9569400427094097 -1.0624168686017673e-16
vn 0.3420210848789272 0.9396922780880141 -1.0432680031957788e-16
vn 0.17364918138493252 0.9848075760291158 -1.0933560457328138e-16
vn 0.2902856432194209 0.9569400427094097 -1.0624168686017673e-16
vn 0.17364918138493252 0.9848075760291158 -1.0933560457328138e-16
vn 0.19509129523917543 0.9807850868166281 -1.0888901855928036e-16
vn 0.19509129523917543 0.9807850868166281 -1.0888901855928036e-16
vn 0.17364918138493252 0.9848075760291158 -1.0933560457328138e-16
vn 0.09801814232217693 0.9951846279840286 -1.1048768877408895e-16
vn 0.09801814232217693 0.9951846279840286 -1.1048768877408895e-16
vn 0.17364918138493252 0.9848075760291158 -1.0933560457328138e-16
vn 9.999999974747427e-7 0.9999999999995 -1.1102230246246014e-16
vn 0.09801814232217693 0.9951846279840286 -1.1048768877408895e-16
vn 9.999999974747427e-7 0.9999999999995 -1.1102230246246014e-16
vn 9.999999974747427e-7 0.9999999999995 -1.1102230246246014e-16
vn 0.9848079231817822 0.17364721258455293 -1.927871335733499e-17
vn 0.9569406310470655 0.2902837037300648 -3.2227965155458537e-17
vn 0.9396929651887928 0.3420191970850382 -3.797175874676186e-17
vn 0.9396929651887928 0.3420191970850382 -3.797175874676186e-17
vn 0.9569406310470655 0.2902837037300648 -3.2227965155458537e-17
vn 0.9238799077692385 0.38268252641099665 -4.2486295194321305e-17
vn 0.9396929651887928 0.3420191970850382 -3.797175874676186e-17
vn 0.9238799077692385 0.38268252641099665 -4.2486295194321305e-17
vn 0.8819217192827671 0.4713958857025888 -5.233545660205827e-17
vn 0.9396929651887928 0.3420191970850382 -3.797175874676186e-17
vn 0.8819217192827671 0.4713958857025888 -5.233545660205827e-17
vn 0.866025908247273 0.49999912624372245 -5.55110542248241e-17
vn 0.866025908247273 0.49999912624372245 -5.55110542248241e-17
vn 0.8819217192827671 0.4713958857025888 -5.233545660205827e-17
vn 0.8314701986391393 0.555569355503874 -6.168058902565598e-17
vn 0.866025908247273 0.49999912624372245 -5.55110542248241e-17
vn 0.8314701986391393 0.555569355503874 -6.168058902565598e-17
vn 0.7660450807744882 0.6427868497575289 -7.136367605270798e-17
vn 0.7660450807744882 0.6427868497575289 -7.136367605270798e-17
vn 0.8314701986391393 0.555569355503874 -6.168058902565598e-17
vn 0.7730110935101018 0.634392504141022 -7.043171647469726e-17
vn 0.7660450807744882 0.6427868497575289 -7.136367605270798e-17
vn 0.7730110935101018 0.634392504141022 -7.043171647469726e-17
vn 0.7071074964419354 0.7071060659304362 -7.850454352480843e-17
vn 0.7660450807744882 0.6427868497575289 -7.136367605270798e-17
vn 0.7071074964419354 0.7071060659304362 -7.850454352480843e-17
vn 0.6427883698838519 0.7660438052370506 -8.504794704456427e-17
vn 0.6427883698838519 0.7660438052370506 -8.504794704456427e-17
vn 0.7071074964419354 0.7071060659304362 -7.850454352480843e-17
vn 0.634394043992442 0.773009829786734 -8.582133112908053e-17
vn 0.6427883698838519 0.7660438052370506 -8.504794704456427e-17
vn 0.634394043992442 0.773009829786734 -8.582133112908053e-17
vn 0.5555710324462779 0.8314690781421619 -9.231161148172816e-17
vn 0.6427883698838519 0.7660438052370506 -8.504794704456427e-17
vn 0.5555710324462779 0.8314690781421619 -9.231161148172816e-17
vn 0.5000008837591082 0.8660248935452785 -9.614807767125182e-17
vn 0.5000008837591082 0.8660248935452785 -9.614807767125182e-17
vn 0.5555710324462779 0.8314690781421619 -9.231161148172816e-17
vn 0.47139764978655996 0.8819207763601602 -9.791287518103433e-17
vn 0.5000008837591082 0.8660248935452785 -9.614807767125182e-17
vn 0.47139764978655996 0.8819207763601602 -9.791287518103433e-17
vn 0.3826843775136226 0.9238791410173796 -1.0257118943284067e-16
vn 0.5000008837591082 0.8660248935452785 -9.614807767125182e-17
vn 0.3826843775136226 0.9238791410173796 -1.0257118943284067e-16
vn 0.3420210848789272 0.9396922780880141 -1.0432680031957788e-16
vn 0.3420210848789272 0.9396922780880141 -1.0432680031957788e-16
vn 0.3826843775136226 0.9238791410173796 -1.0257118943284067e-16
vn 0.2902856432194209 0.9569400427094097 -1.0624168686017673e-16
vn 0.3420210848789272 0.9396922780880141 -1.0432680031957788e-16
vn 0.2902856432194209 0.9569400427094097 -1.0624168686017673e-16
vn 0.17364918138493252 0.9848075760291158 -1.0933560457328138e-16
vn 0.17364918138493252 0.9848075760291158 -1.0933560457328138e-16
vn 0.2902856432194209 0.9569400427094097 -1.0624168686017673e-16
vn 0.19509129523917543 0.9807850868166281 -1.0888901855928036e-16
vn 0.17364918138493252 0.9848075760291158 -1.0933560457328138e-16
vn 0.19509129523917543 0.9807850868166281 -1.0888901855928036e-16
vn 0.09801814232217693 0.9951846279840286 -1.1048768877408895e-16
vn 9.999999974747427e-7 0.9999999999995 -1.1102230246246014e-16
vn 9.999999974747427e-7 0.9999999999995 -1.1102230246246014e-16
vn 0.09801814232217693 0.9951846279840286 -1.1048768877408895e-16
vn 0.09801814232217693 0.9951846279840286 -1.1048768877408895e-16
vn 9.999999974747427e-7 0.9999999999995 -1.1102230246246014e-16
vn 0.17364918138493252 0.9848075760291158 -1.0933560457328138e-16
vn -0.9999999999995 9.999999974747427e-7 -1.1102230218215578e-22
vn -0.9999999999995 9.999999974747427e-7 -1.1102230218215578e-22
vn -0.9951847265162529 9.95184684730428e-7 -0.09801714190783568
vn -0.9951847265162529 9.95184684730428e-7 -0.09801714190783568
vn -0.9999999999995 9.999999974747427e-7 -1.1102230218215578e-22
vn -0.9848077496054644 9.84807817861224e-7 -0.17364819698474002
vn -0.9951847265162529 9.95184684730428e-7 -0.09801714190783568
vn -0.9848077496054644 9.84807817861224e-7 -0.17364819698474002
vn -0.9807852840710167 9.807853040871756e-7 -0.1950903035744551
vn -0.9807852840710167 9.807853040871756e-7 -0.1950903035744551
vn -0.9848077496054644 9.84807817861224e-7 -0.17364819698474002
vn -0.9569403327389713 9.569402917025713e-7 -0.2902846871202668
vn -0.9569403327389713 9.569402917025713e-7 -0.2902846871202668
vn -0.9848077496054644 9.84807817861224e-7 -0.17364819698474002
vn -0.9396926168493269 9.396925978990953e-7 -0.34202015414004655
vn -0.9569403327389713 9.569402917025713e-7 -0.2902846871202668
vn -0.9396926168493269 9.396925978990953e-7 -0.34202015414004655
vn -0.9238795200289305 9.238795700183982e-7 -0.38268346249904706
vn -0.9238795200289305 9.238795700183982e-7 -0.38268346249904706
vn -0.9396926168493269 9.396925978990953e-7 -0.34202015414004655
vn -0.8660253998982076 8.660254141590848e-7 -0.5000000067303993
vn -0.9238795200289305 9.238795700183982e-7 -0.38268346249904706
vn -0.8660253998982076 8.660254141590848e-7 -0.5000000067303993
vn -0.881921241626633 8.819212765621439e-7 -0.4713967793345225
vn -0.881921241626633 8.819212765621439e-7 -0.4713967793345225
vn -0.8660253998982076 8.660254141590848e-7 -0.5000000067303993
vn -0.8314696475895222 8.31469598607776e-7 -0.5555701802082832
vn -0.8314696475895222 8.31469598607776e-7 -0.5555701802082832
vn -0.8660253998982076 8.660254141590848e-7 -0.5000000067303993
vn -0.7660444283311575 7.660444130079909e-7 -0.6427876273095207
vn -0.8314696475895222 8.31469598607776e-7 -0.5555701802082832
vn -0.7660444283311575 7.660444130079909e-7 -0.6427876273095207
vn -0.7730104736426535 7.73010451174497e-7 -0.6343932594520238
vn -0.7730104736426535 7.73010451174497e-7 -0.6343932594520238
vn -0.7660444283311575 7.660444130079909e-7 -0.6427876273095207
vn -0.7071067811863707 7.071067905650803e-7 -0.7071067811863707
vn -0.7071067811863707 7.071067905650803e-7 -0.7071067811863707
vn -0.7660444283311575 7.660444130079909e-7 -0.6427876273095207
vn -0.6427876273095765 6.42787589354544e-7 -0.766044428331224
vn -0.7071067811863707 7.071067905650803e-7 -0.7071067811863707
vn -0.6427876273095765 6.42787589354544e-7 -0.766044428331224
vn -0.6343932594520857 6.343932301590811e-7 -0.7730104736427289
vn -0.6343932594520857 6.343932301590811e-7 -0.7730104736427289
vn -0.6427876273095765 6.42787589354544e-7 -0.766044428331224
vn -0.5555701802083896 5.555701768832769e-7 -0.8314696475896813
vn -0.5555701802083896 5.555701768832769e-7 -0.8314696475896813
vn -0.6427876273095765 6.42787589354544e-7 -0.766044428331224
vn -0.5000000067305244 5.000000054681457e-7 -0.8660253998984242
vn -0.5555701802083896 5.555701768832769e-7 -0.8314696475896813
vn -0.5000000067305244 5.000000054681457e-7 -0.8660253998984242
vn -0.47139677933465346 4.7139676513016505e-7 -0.8819212416268779
vn -0.47139677933465346 4.7139676513016505e-7 -0.8819212416268779
vn -0.5000000067305244 5.000000054681457e-7 -0.8660253998984242
vn -0.38268346249918234 3.8268345948147887e-7 -0.923879520029257
vn -0.38268346249918234 3.8268345948147887e-7 -0.923879520029257
vn -0.5000000067305244 5.000000054681457e-7 -0.8660253998984242
vn -0.34202015414017756 3.4202014390290523e-7 -0.9396926168496869
vn -0.38268346249918234 3.8268345948147887e-7 -0.923879520029257
vn -0.34202015414017756 3.4202014390290523e-7 -0.9396926168496869
vn -0.2902846871203874 2.902846683993489e-7 -0.9569403327393691
vn -0.2902846871203874 2.902846683993489e-7 -0.9569403327393691
vn -0.34202015414017756 3.4202014390290523e-7 -0.9396926168496869
vn -0.17364819698482162 1.7364819266745019e-7 -0.984807749605927
vn -0.2902846871203874 2.902846683993489e-7 -0.9569403327393691
vn -0.17364819698482162 1.7364819266745019e-7 -0.984807749605927
vn -0.19509030357454524 1.9509030314162578e-7 -0.9807852840714699
vn -0.19509030357454524 1.9509030314162578e-7 -0.9807852840714699
vn -0.17364819698482162 1.7364819266745019e-7 -0.984807749605927
vn -0.09801714190788373 9.801713997884546e-8 -0.9951847265167407
vn -0.09801714190788373 9.801713997884546e-8 -0.9951847265167407
vn -0.17364819698482162 1.7364819266745019e-7 -0.984807749605927
vn -2.2204460436442257e-22 -2.220446049250313e-16 -1
vn -0.09801714190788373 9.801713997884546e-8 -0.9951847265167407
vn -2.2204460436442257e-22 -2.220446049250313e-16 -1
vn -2.2204460436442257e-22 -2.220446049250313e-16 -1
vn -2.2204460436442257e-22 -2.220446049250313e-16 -1
vn -2.2204460436442257e-22 -2.220446049250313e-16 -1
vn 0.09801714190788373 -9.801713997884546e-8 -0.9951847265167407
vn 0.09801714190788373 -9.801713997884546e-8 -0.9951847265167407
vn -2.2204460436442257e-22 -2.220446049250313e-16 -1
vn 0.17364819698482162 -1.7364819266745019e-7 -0.984807749605927
vn 0.09801714190788373 -9.801713997884546e-8 -0.9951847265167407
vn 0.17364819698482162 -1.7364819266745019e-7 -0.984807749605927
vn 0.19509030357454524 -1.9509030314162578e-7 -0.9807852840714699
vn 0.19509030357454524 -1.9509030314162578e-7 -0.9807852840714699
vn 0.17364819698482162 -1.7364819266745019e-7 -0.984807749605927
vn 0.2902846871203874 -2.902846683993489e-7 -0.9569403327393691
vn 0.2902846871203874 -2.902846683993489e-7 -0.9569403327393691
vn 0.17364819698482162 -1.7364819266745019e-7 -0.984807749605927
vn 0.34202015414017756 -3.4202014390290523e-7 -0.9396926168496869
vn 0.2902846871203874 -2.902846683993489e-7 -0.9569403327393691
vn 0.34202015414017756 -3.4202014390290523e-7 -0.9396926168496869
vn 0.38268346249918234 -3.8268345948147887e-7 -0.923879520029257
vn 0.38268346249918234 -3.8268345948147887e-7 -0.923879520029257
vn 0.34202015414017756 -3.4202014390290523e-7 -0.9396926168496869
vn 0.5000000067305244 -5.000000054681457e-7 -0.8660253998984242
vn 0.38268346249918234 -3.8268345948147887e-7 -0.923879520029257
vn 0.5000000067305244 -5.000000054681457e-7 -0.8660253998984242
vn 0.47139677933465346 -4.7139676513016505e-7 -0.8819212416268779
vn 0.47139677933465346 -4.7139676513016505e-7 -0.8819212416268779
vn 0.5000000067305244 -5.000000054681457e-7 -0.8660253998984242
vn 0.5555701802083896 -5.555701768832769e-7 -0.8314696475896813
vn 0.5555701802083896 -5.555701768832769e-7 -0.8314696475896813
vn 0.5000000067305244 -5.000000054681457e-7 -0.8660253998984242
vn 0.6427876273095765 -6.42787589354544e-7 -0.766044428331224
vn 0.5555701802083896 -5.555701768832769e-7 -0.8314696475896813
vn 0.6427876273095765 -6.42787589354544e-7 -0.766044428331224
vn 0.6343932594520857 -6.343932301590811e-7 -0.7730104736427289
vn 0.6343932594520857 -6.343932301590811e-7 -0.7730104736427289
vn 0.6427876273095765 -6.42787589354544e-7 -0.766044428331224
vn 0.7071067811863707 -7.071067905650803e-7 -0.7071067811863707
vn 0.7071067811863707 -7.071067905650803e-7 -0.7071067811863707
vn 0.6427876273095765 -6.42787589354544e-7 -0.766044428331224
vn 0.7660444283311575 -7.660444130079909e-7 -0.6427876273095207
vn 0.7071067811863707 -7.071067905650803e-7 -0.7071067811863707
vn 0.7660444283311575 -7.660444130079909e-7 -0.6427876273095207
vn 0.7730104736426535 -7.73010451174497e-7 -0.6343932594520238
vn 0.7730104736426535 -7.73010451174497e-7 -0.6343932594520238
vn 0.7660444283311575 -7.660444130079909e-7 -0.6427876273095207
vn 0.8314696475895222 -8.31469598607776e-7 -0.5555701802082832
vn 0.8314696475895222 -8.31469598607776e-7 -0.5555701802082832
vn 0.7660444283311575 -7.660444130079909e-7 -0.6427876273095207
vn 0.8660253998982076 -8.660254141590848e-7 -0.5000000067303993
vn 0.8314696475895222 -8.31469598607776e-7 -0.5555701802082832
vn 0.8660253998982076 -8.660254141590848e-7 -0.5000000067303993
vn 0.881921241626633 -8.819212765621439e-7 -0.4713967793345225
vn 0.881921241626633 -8.819212765621439e-7 -0.4713967793345225
vn 0.8660253998982076 -8.660254141590848e-7 -0.5000000067303993
vn 0.9396926168493269 -9.396925978990953e-7 -0.34202015414004655
vn 0.881921241626633 -8.819212765621439e-7 -0.4713967793345225
vn 0.9396926168493269 -9.396925978990953e-7 -0.34202015414004655
vn 0.9238795200289305 -9.238795700183982e-7 -0.38268346249904706
vn 0.9238795200289305 -9.238795700183982e-7 -0.38268346249904706
vn 0.9396926168493269 -9.396925978990953e-7 -0.34202015414004655
vn 0.9569403327389713 -9.569402917025713e-7 -0.2902846871202668
vn 0.9569403327389713 -9.569402917025713e-7 -0.2902846871202668
vn 0.9396926168493269 -9.396925978990953e-7 -0.34202015414004655
vn 0.9848077496054644 -9.84807817861224e-7 -0.17364819698474002
vn 0.9569403327389713 -9.569402917025713e-7 -0.2902846871202668
vn 0.9848077496054644 -9.84807817861224e-7 -0.17364819698474002
vn 0.9807852840710167 -9.807853040871756e-7 -0.1950903035744551
vn 0.9807852840710167 -9.807853040871756e-7 -0.1950903035744551
vn 0.9848077496054644 -9.84807817861224e-7 -0.17364819698474002
vn 0.9951847265162529 -9.95184684730428e-7 -0.09801714190783568
vn 0.9951847265162529 -9.95184684730428e-7 -0.09801714190783568
vn 0.9848077496054644 -9.84807817861224e-7 -0.17364819698474002
vn 0.9999999999995 -9.999999974747427e-7 1.1102230218215578e-22
vn 0.9951847265162529 -9.95184684730428e-7 -0.09801714190783568
vn 0.9999999999995 -9.999999974747427e-7 1.1102230218215578e-22
vn 0.9999999999995 -9.999999974747427e-7 1.1102230218215578e-22
vn 9.999999974747427e-7 0.9999999999995 -1.1102230246246014e-16
vn 9.999999974747427e-7 0.9999999999995 -1.1102230246246014e-16
vn 9.999999974747427e-7 0.9999999999995 -1.1102230246246014e-16
vn 9.999999974747427e-7 0.9999999999995 -1.1102230246246014e-16
vn 9.999999974747427e-7 0.9999999999995 -1.1102230246246014e-16
vn 9.999999974747427e-7 0.9999999999995 -1.1102230246246014e-16
vn 9.999999974747427e-7 0.9999999999995 -1.1102230246246014e-16
vn 9.999999974747427e-7 0.9999999999995 -1.1102230246246014e-16
vn 9.999999974747427e-7 0.9999999999995 -1.1102230246246014e-16
vn 9.999999974747427e-7 0.9999999999995 -1.1102230246246014e-16
vn 9.999999974747427e-7 0.9999999999995 -1.1102230246246014e-16
vn 9.999999974747427e-7 0.9999999999995 -1.1102230246246014e-16
vn 9.999999974747427e-7 0.9999999999995 -1.1102230246246014e-16
vn 9.999999974747427e-7 0.9999999999995 -1.1102230246246014e-16
vn 9.999999974747427e-7 0.9999999999995 -1.1102230246246014e-16
vn 9.999999974747427e-7 0.9999999999995 -1.1102230246246014e-16
vn 9.999999974747427e-7 0.9999999999995 -1.1102230246246014e-16
vn 9.999999974747427e-7 0.9999999999995 -1.1102230246246014e-16
vn 9.999999974747427e-7 0.9999999999995 -1.1102230246246014e-16
vn 9.999999974747427e-7 0.9999999999995 -1.1102230246246014e-16
vn 9.999999974747427e-7 0.9999999999995 -1.1102230246246014e-16
vn 9.999999974747427e-7 0.9999999999995 -1.1102230246246014e-16
vn 9.999999974747427e-7 0.9999999999995 -1.1102230246246014e-16
vn 9.999999974747427e-7 0.9999999999995 -1.1102230246246014e-16
vn 9.999999974747427e-7 0.9999999999995 -1.1102230246246014e-16
vn 9.999999974747427e-7 0.9999999999995 -1.1102230246246014e-16
vn 9.999999974747427e-7 0.9999999999995 -1.1102230246246014e-16
vn 9.999999974747427e-7 0.9999999999995 -1.1102230246246014e-16
vn 9.999999974747427e-7 0.9999999999995 -1.1102230246246014e-16
vn 9.999999974747427e-7 0.9999999999995 -1.1102230246246014e-16
vn 9.999999974747427e-7 0.9999999999995 -1.1102230246246014e-16
vn 9.999999974747427e-7 0.9999999999995 -1.1102230246246014e-16
vn 9.999999974747427e-7 0.9999999999995 -1.1102230246246014e-16
vn 9.999999974747427e-7 0.9999999999995 -1.1102230246246014e-16
vn 9.999999974747427e-7 0.9999999999995 -1.1102230246246014e-16
vn 9.999999974747427e-7 0.9999999999995 -1.1102230246246014e-16
vn 9.999999974747427e-7 0.9999999999995 -1.1102230246246014e-16
vn 9.999999974747427e-7 0.9999999999995 -1.1102230246246014e-16
vn 9.999999974747427e-7 0.9999999999995 -1.1102230246246014e-16
vn 9.999999974747427e-7 0.9999999999995 -1.1102230246246014e-16
vn 9.999999974747427e-7 0.9999999999995 -1.1102230246246014e-16
vn 9.999999974747427e-7 0.9999999999995 -1.1102230246246014e-16
vn 9.999999974747427e-7 0.9999999999995 -1.1102230246246014e-16
vn 9.999999974747427e-7 0.9999999999995 -1.1102230246246014e-16
vn 9.999999974747427e-7 0.9999999999995 -1.1102230246246014e-16
vn 9.999999974747427e-7 0.9999999999995 -1.1102230246246014e-16
vn 9.999999974747427e-7 0.9999999999995 -1.1102230246246014e-16
vn 9.999999974747427e-7 0.9999999999995 -1.1102230246246014e-16
vn 9.999999974747427e-7 0.9999999999995 -1.1102230246246014e-16
vn 9.999999974747427e-7 0.9999999999995 -1.1102230246246014e-16
vn 9.999999974747427e-7 0.9999999999995 -1.1102230246246014e-16
vn 9.999999974747427e-7 0.9999999999995 -1.1102230246246014e-16
vn 9.999999974747427e-7 0.9999999999995 -1.1102230246246014e-16
vn 9.999999974747427e-7 0.9999999999995 -1.1102230246246014e-16
vn 9.999999974747427e-7 0.9999999999995 -1.1102230246246014e-16
vn 9.999999974747427e-7 0.9999999999995 -1.1102230246246014e-16
vn 9.999999974747427e-7 0.9999999999995 -1.1102230246246014e-16
vn 9.999999974747427e-7 0.9999999999995 -1.1102230246246014e-16
vn 9.999999974747427e-7 0.9999999999995 -1.1102230246246014e-16
vn 9.999999974747427e-7 0.9999999999995 -1.1102230246246014e-16
vn 9.999999974747427e-7 0.9999999999995 -1.1102230246246014e-16
vn 9.999999974747427e-7 0.9999999999995 -1.1102230246246014e-16
vn 9.999999974747427e-7 0.9999999999995 -1.1102230246246014e-16
vn 9.999999974747427e-7 0.9999999999995 -1.1102230246246014e-16
vn 9.999999974747427e-7 0.9999999999995 -1.1102230246246014e-16
vn 9.999999974747427e-7 0.9999999999995 -1.1102230246246014e-16
vn 9.999999974747427e-7 0.9999999999995 -1.1102230246246014e-16
vn 9.999999974747427e-7 0.9999999999995 -1.1102230246246014e-16
vn 9.999999974747427e-7 0.9999999999995 -1.1102230246246014e-16
vn 9.999999974747427e-7 0.9999999999995 -1.1102230246246014e-16
vn 9.999999974747427e-7 0.9999999999995 -1.1102230246246014e-16
vn 9.999999974747427e-7 0.9999999999995 -1.1102230246246014e-16
vn 9.999999974747427e-7 0.9999999999995 -1.1102230246246014e-16
vn 9.999999974747427e-7 0.9999999999995 -1.1102230246246014e-16
vn 9.999999974747427e-7 0.9999999999995 -1.1102230246246014e-16
vn 9.999999974747427e-7 0.9999999999995 -1.1102230246246014e-16
vn 9.999999974747427e-7 0.9999999999995 -1.1102230246246014e-16
vn 9.999999974747427e-7 0.9999999999995 -1.1102230246246014e-16
vn 9.999999974747427e-7 0.9999999999995 -1.1102230246246014e-16
vn 9.999999974747427e-7 0.9999999999995 -1.1102230246246014e-16
vn 9.999999974747427e-7 0.9999999999995 -1.1102230246246014e-16
vn 9.999999974747427e-7 0.9999999999995 -1.1102230246246014e-16
vn 9.999999974747427e-7 0.9999999999995 -1.1102230246246014e-16
vn 9.999999974747427e-7 0.9999999999995 -1.1102230246246014e-16
vn 9.999999974747427e-7 0.9999999999995 -1.1102230246246014e-16
vn 9.999999974747427e-7 0.9999999999995 -1.1102230246246014e-16
vn 9.999999974747427e-7 0.9999999999995 -1.1102230246246014e-16
vn 9.999999974747427e-7 0.9999999999995 -1.1102230246246014e-16
vn 9.999999974747427e-7 0.9999999999995 -1.1102230246246014e-16
vn 9.999999974747427e-7 0.9999999999995 -1.1102230246246014e-16
vn 9.999999974747427e-7 0.9999999999995 -1.1102230246246014e-16
vn 9.999999974747427e-7 0.9999999999995 -1.1102230246246014e-16
vn 9.999999974747427e-7 0.9999999999995 -1.1102230246246014e-16
vn 9.999999974747427e-7 0.9999999999995 -1.1102230246246014e-16
vn 9.999999974747427e-7 0.9999999999995 -1.1102230246246014e-16
vn 9.999999974747427e-7 0.9999999999995 -1.1102230246246014e-16
vn 9.999999974747427e-7 0.9999999999995 -1.1102230246246014e-16
vn 9.999999974747427e-7 0.9999999999995 -1.1102230246246014e-16
vn 9.999999974747427e-7 0.9999999999995 -1.1102230246246014e-16
vn 9.999999974747427e-7 0.9999999999995 -1.1102230246246014e-16
vn 9.999999974747427e-7 0.9999999999995 -1.1102230246246014e-16
vn 9.999999974747427e-7 0.9999999999995 -1.1102230246246014e-16
vn 9.999999974747427e-7 0.9999999999995 -1.1102230246246014e-16
vn 9.999999974747427e-7 0.9999999999995 -1.1102230246246014e-16
vn 9.999999974747427e-7 0.9999999999995 -1.1102230246246014e-16
vn 9.999999974747427e-7 0.9999999999995 -1.1102230246246014e-16
vn 9.999999974747427e-7 0.9999999999995 -1.1102230246246014e-16
vn 9.999999974747427e-7 0.9999999999995 -1.1102230246246014e-16
vn 9.999999974747427e-7 0.9999999999995 -1.1102230246246014e-16
vn 9.999999974747427e-7 0.9999999999995 -1.1102230246246014e-16
vn 9.999999974747427e-7 0.9999999999995 -1.1102230246246014e-16
vn 9.999999974747427e-7 0.9999999999995 -1.1102230246246014e-16
vn 9.999999974747427e-7 0.9999999999995 -1.1102230246246014e-16
vn 9.999999974747427e-7 0.9999999999995 -1.1102230246246014e-16
vn 9.999999974747427e-7 0.9999999999995 -1.1102230246246014e-16
vn 9.999999974747427e-7 0.9999999999995 -1.1102230246246014e-16
vn 9.999999974747427e-7 0.9999999999995 -1.1102230246246014e-16
vn 9.999999974747427e-7 0.9999999999995 -1.1102230246246014e-16
vn 9.999999974747427e-7 0.9999999999995 -1.1102230246246014e-16
vn 9.999999974747427e-7 0.9999999999995 -1.1102230246246014e-16
vn 9.999999974747427e-7 0.9999999999995 -1.1102230246246014e-16
vn 9.999999974747427e-7 0.9999999999995 -1.1102230246246014e-16
vn 9.999999974747427e-7 0.9999999999995 -1.1102230246246014e-16
vn 9.999999974747427e-7 0.9999999999995 -1.1102230246246014e-16
vn 9.999999974747427e-7 0.9999999999995 -1.1102230246246014e-16
vn 9.999999974747427e-7 0.9999999999995 -1.1102230246246014e-16
vn 9.999999974747427e-7 0.9999999999995 -1.1102230246246014e-16
vn 9.999999974747427e-7 0.9999999999995 -1.1102230246246014e-16
vn 9.999999974747427e-7 0.9999999999995 -1.1102230246246014e-16
vn 9.999999974747427e-7 0.9999999999995 -1.1102230246246014e-16
vn 9.999999974747427e-7 0.9999999999995 -1.1102230246246014e-16
vn 9.999999974747427e-7 0.9999999999995 -1.1102230246246014e-16
vn 9.999999974747427e-7 0.9999999999995 -1.1102230246246014e-16
vn 9.999999974747427e-7 0.9999999999995 -1.1102230246246014e-16
vn 9.999999974747427e-7 0.9999999999995 -1.1102230246246014e-16
vn 9.999999974747427e-7 0.9999999999995 -1.1102230246246014e-16
vn 9.999999974747427e-7 0.9999999999995 -1.1102230246246014e-16
vn 9.999999974747427e-7 0.9999999999995 -1.1102230246246014e-16
vn 9.999999974747427e-7 0.9999999999995 -1.1102230246246014e-16
vn 9.999999974747427e-7 0.9999999999995 -1.1102230246246014e-16
vn 9.999999974747427e-7 0.9999999999995 -1.1102230246246014e-16
vn 9.999999974747427e-7 0.9999999999995 -1.1102230246246014e-16
vn 9.999999974747427e-7 0.9999999999995 -1.1102230246246014e-16
vn 9.999999974747427e-7 0.9999999999995 -1.1102230246246014e-16
vn 9.999999974747427e-7 0.9999999999995 -1.1102230246246014e-16
vn 9.999999974747427e-7 0.9999999999995 -1.1102230246246014e-16
vn 9.999999974747427e-7 0.9999999999995 -1.1102230246246014e-16
vn 9.999999974747427e-7 0.9999999999995 -1.1102230246246014e-16
vn 9.999999974747427e-7 0.9999999999995 -1.1102230246246014e-16
vn 9.999999974747427e-7 0.9999999999995 -1.1102230246246014e-16
vn 9.999999974747427e-7 0.9999999999995 -1.1102230246246014e-16
vn 9.999999974747427e-7 0.9999999999995 -1.1102230246246014e-16
vn 9.999999974747427e-7 0.9999999999995 -1.1102230246246014e-16
vn 9.999999974747427e-7 0.9999999999995 -1.1102230246246014e-16
vn 9.999999974747427e-7 0.9999999999995 -1.1102230246246014e-16
vn 9.999999974747427e-7 0.9999999999995 -1.1102230246246014e-16
vn 9.999999974747427e-7 0.9999999999995 -1.1102230246246014e-16
vn 9.999999974747427e-7 0.9999999999995 -1.1102230246246014e-16
vn 9.999999974747427e-7 0.9999999999995 -1.1102230246246014e-16
vn 9.999999974747427e-7 0.9999999999995 -1.1102230246246014e-16
vn 9.999999974747427e-7 0.9999999999995 -1.1102230246246014e-16
vn 9.999999974747427e-7 0.9999999999995 -1.1102230246246014e-16
vn 9.999999974747427e-7 0.9999999999995 -1.1102230246246014e-16
vn 9.999999974747427e-7 0.9999999999995 -1.1102230246246014e-16
vn 9.999999974747427e-7 0.9999999999995 -1.1102230246246014e-16
vn 9.999999974747427e-7 0.9999999999995 -1.1102230246246014e-16
vn 9.999999974747427e-7 0.9999999999995 -1.1102230246246014e-16
vn 9.999999974747427e-7 0.9999999999995 -1.1102230246246014e-16
vn 9.999999974747427e-7 0.9999999999995 -1.1102230246246014e-16
vn 9.999999974747427e-7 0.9999999999995 -1.1102230246246014e-16
vn 9.999999974747427e-7 0.9999999999995 -1.1102230246246014e-16
vn 9.999999974747427e-7 0.9999999999995 -1.1102230246246014e-16
vn 9.999999974747427e-7 0.9999999999995 -1.1102230246246014e-16
vn 9.999999974747427e-7 0.9999999999995 -1.1102230246246014e-16
vn 9.999999974747427e-7 0.9999999999995 -1.1102230246246014e-16
vn 9.999999974747427e-7 0.9999999999995 -1.1102230246246014e-16
vn 9.999999974747427e-7 0.9999999999995 -1.1102230246246014e-16
vn 9.999999974747427e-7 0.9999999999995 -1.1102230246246014e-16
vn 9.999999974747427e-7 0.9999999999995 -1.1102230246246014e-16
vn 9.999999974747427e-7 0.9999999999995 -1.1102230246246014e-16
vn 9.999999974747427e-7 0.9999999999995 -1.1102230246246014e-16
vn 9.999999974747427e-7 0.9999999999995 -1.1102230246246014e-16
vn 9.999999974747427e-7 0.9999999999995 -1.1102230246246014e-16
vn 9.999999974747427e-7 0.9999999999995 -1.1102230246246014e-16
vn 9.999999974747427e-7 0.9999999999995 -1.1102230246246014e-16
vn 9.999999974747427e-7 0.9999999999995 -1.1102230246246014e-16
vn 9.999999974747427e-7 0.9999999999995 -1.1102230246246014e-16
vn 9.999999974747427e-7 0.9999999999995 -1.1102230246246014e-16
vn 9.999999974747427e-7 0.9999999999995 -1.1102230246246014e-16
vn 9.999999974747427e-7 0.9999999999995 -1.1102230246246014e-16
vn 9.999999974747427e-7 0.9999999999995 -1.1102230246246014e-16
vn 9.999999974747427e-7 0.9999999999995 -1.1102230246246014e-16
vn 9.999999974747427e-7 0.9999999999995 -1.1102230246246014e-16
vn 9.999999974747427e-7 0.9999999999995 -1.1102230246246014e-16
vn 9.999999974747427e-7 0.9999999999995 -1.1102230246246014e-16
vn 9.999999974747427e-7 0.9999999999995 -1.1102230246246014e-16
vn 9.999999974747427e-7 0.9999999999995 -1.1102230246246014e-16
vn 9.999999974747427e-7 0.9999999999995 -1.1102230246246014e-16
vn 9.999999974747427e-7 0.9999999999995 -1.1102230246246014e-16
vn 9.999999974747427e-7 0.9999999999995 -1.1102230246246014e-16
vn 9.999999974747427e-7 0.9999999999995 -1.1102230246246014e-16
vn 9.999999974747427e-7 0.9999999999995 -1.1102230246246014e-16
vn 9.999999974747427e-7 0.9999999999995 -1.1102230246246014e-16
vn 9.999999974747427e-7 0.9999999999995 -1.1102230246246014e-16
vn 9.999999974747427e-7 0.9999999999995 -1.1102230246246014e-16
vn 9.999999974747427e-7 0.9999999999995 -1.1102230246246014e-16
vn 9.999999974747427e-7 0.9999999999995 -1.1102230246246014e-16
vn 9.999999974747427e-7 0.9999999999995 -1.1102230246246014e-16
vn 9.999999974747427e-7 0.9999999999995 -1.1102230246246014e-16
vn 9.999999974747427e-7 0.9999999999995 -1.1102230246246014e-16
vn -2.2204460436442257e-22 -2.220446049250313e-16 -1
vn -2.2204460436442257e-22 -2.220446049250313e-16 -1
vn -2.2204460436442257e-22 -2.220446049250313e-16 -1
vn -2.2204460436442257e-22 -2.220446049250313e-16 -1
vn -2.2204460436442257e-22 -2.220446049250313e-16 -1
vn -2.2204460436442257e-22 -2.220446049250313e-16 -1
vn -2.2204460436442257e-22 -2.220446049250313e-16 -1
vn -2.2204460436442257e-22 -2.220446049250313e-16 -1
vn -2.2204460436442257e-22 -2.220446049250313e-16 -1
vn -2.2204460436442257e-22 -2.220446049250313e-16 -1
vn -2.2204460436442257e-22 -2.220446049250313e-16 -1
vn -2.2204460436442257e-22 -2.220446049250313e-16 -1
vn -2.2204460436442257e-22 -2.220446049250313e-16 -1
vn -2.2204460436442257e-22 -2.220446049250313e-16 -1
vn -2.2204460436442257e-22 -2.220446049250313e-16 -1
vn -2.2204460436442257e-22 -2.220446049250313e-16 -1
vn -2.2204460436442257e-22 -2.220446049250313e-16 -1
vn -2.2204460436442257e-22 -2.220446049250313e-16 -1
vn -2.2204460436442257e-22 -2.220446049250313e-16 -1
vn -2.2204460436442257e-22 -2.220446049250313e-16 -1
vn -2.2204460436442257e-22 -2.220446049250313e-16 -1
vn -2.2204460436442257e-22 -2.220446049250313e-16 -1
vn -2.2204460436442257e-22 -2.220446049250313e-16 -1
vn -2.2204460436442257e-22 -2.220446049250313e-16 -1
vn -2.2204460436442257e-22 -2.220446049250313e-16 -1
vn -2.2204460436442257e-22 -2.220446049250313e-16 -1
vn -2.2204460436442257e-22 -2.220446049250313e-16 -1
vn -2.2204460436442257e-22 -2.220446049250313e-16 -1
vn -2.2204460436442257e-22 -2.220446049250313e-16 -1
vn -2.2204460436442257e-22 -2.220446049250313e-16 -1
vn -2.2204460436442257e-22 -2.220446049250313e-16 -1
vn -2.2204460436442257e-22 -2.220446049250313e-16 -1
vn -2.2204460436442257e-22 -2.220446049250313e-16 -1
vn -2.2204460436442257e-22 -2.220446049250313e-16 -1
vn -2.2204460436442257e-22 -2.220446049250313e-16 -1
vn -2.2204460436442257e-22 -2.220446049250313e-16 -1
vn -2.2204460436442257e-22 -2.220446049250313e-16 -1
vn -2.2204460436442257e-22 -2.220446049250313e-16 -1
vn -2.2204460436442257e-22 -2.220446049250313e-16 -1
vn -2.2204460436442257e-22 -2.220446049250313e-16 -1
vn -2.2204460436442257e-22 -2.220446049250313e-16 -1
vn -2.2204460436442257e-22 -2.220446049250313e-16 -1
vn -2.2204460436442257e-22 -2.220446049250313e-16 -1
vn -2.2204460436442257e-22 -2.220446049250313e-16 -1
vn -2.2204460436442257e-22 -2.220446049250313e-16 -1
vn -2.2204460436442257e-22 -2.220446049250313e-16 -1
vn -2.2204460436442257e-22 -2.220446049250313e-16 -1
vn -2.2204460436442257e-22 -2.220446049250313e-16 -1
vn -2.2204460436442257e-22 -2.220446049250313e-16 -1
vn -2.2204460436442257e-22 -2.220446049250313e-16 -1
vn -2.2204460436442257e-22 -2.220446049250313e-16 -1
vn -2.2204460436442257e-22 -2.220446049250313e-16 -1
vn -2.2204460436442257e-22 -2.220446049250313e-16 -1
vn -2.2204460436442257e-22 -2.220446049250313e-16 -1
vn -2.2204460436442257e-22 -2.220446049250313e-16 -1
vn -2.2204460436442257e-22 -2.220446049250313e-16 -1
vn -2.2204460436442257e-22 -2.220446049250313e-16 -1
vn -2.2204460436442257e-22 -2.220446049250313e-16 -1
vn -2.2204460436442257e-22 -2.220446049250313e-16 -1
vn -2.2204460436442257e-22 -2.220446049250313e-16 -1
vn -2.2204460436442257e-22 -2.220446049250313e-16 -1
vn -2.2204460436442257e-22 -2.220446049250313e-16 -1
vn -2.2204460436442257e-22 -2.220446049250313e-16 -1
vn -2.2204460436442257e-22 -2.220446049250313e-16 -1
vn -2.2204460436442257e-22 -2.220446049250313e-16 -1
vn -2.2204460436442257e-22 -2.220446049250313e-16 -1
vn -2.2204460436442257e-22 -2.220446049250313e-16 -1
vn -2.2204460436442257e-22 -2.220446049250313e-16 -1
vn -2.2204460436442257e-22 -2.220446049250313e-16 -1
vn -2.2204460436442257e-22 -2.220446049250313e-16 -1
vn -2.2204460436442257e-22 -2.220446049250313e-16 -1
vn -2.2204460436442257e-22 -2.220446049250313e-16 -1
vn -2.2204460436442257e-22 -2.220446049250313e-16 -1
vn -2.2204460436442257e-22 -2.220446049250313e-16 -1
vn -2.2204460436442257e-22 -2.220446049250313e-16 -1
vn -2.2204460436442257e-22 -2.220446049250313e-16 -1
vn -2.2204460436442257e-22 -2.220446049250313e-16 -1
vn -2.2204460436442257e-22 -2.220446049250313e-16 -1
vn -2.2204460436442257e-22 -2.220446049250313e-16 -1
vn -2.2204460436442257e-22 -2.220446049250313e-16 -1
vn -2.2204460436442257e-22 -2.220446049250313e-16 -1
vn -2.2204460436442257e-22 -2.220446049250313e-16 -1
vn -2.2204460436442257e-22 -2.220446049250313e-16 -1
vn -2.2204460436442257e-22 -2.220446049250313e-16 -1
vn -2.2204460436442257e-22 -2.220446049250313e-16 -1
vn -2.2204460436442257e-22 -2.220446049250313e-16 -1
vn -2.2204460436442257e-22 -2.220446049250313e-16 -1
vn -2.2204460436442257e-22 -2.220446049250313e-16 -1
vn -2.2204460436442257e-22 -2.220446049250313e-16 -1
vn -2.2204460436442257e-22 -2.220446049250313e-16 -1
vn -2.2204460436442257e-22 -2.220446049250313e-16 -1
vn -2.2204460436442257e-22 -2.220446049250313e-16 -1
vn -2.2204460436442257e-22 -2.220446049250313e-16 -1
vn -2.2204460436442257e-22 -2.220446049250313e-16 -1
vn -2.2204460436442257e-22 -2.220446049250313e-16 -1
vn -2.2204460436442257e-22 -2.220446049250313e-16 -1
vn -2.2204460436442257e-22 -2.220446049250313e-16 -1
vn -2.2204460436442257e-22 -2.220446049250313e-16 -1
vn -2.2204460436442257e-22 -2.220446049250313e-16 -1
vn -2.2204460436442257e-22 -2.220446049250313e-16 -1
vn -2.2204460436442257e-22 -2.220446049250313e-16 -1
vn -2.2204460436442257e-22 -2.220446049250313e-16 -1
vn -2.2204460436442257e-22 -2.220446049250313e-16 -1
vn -2.2204460436442257e-22 -2.220446049250313e-16 -1
vn -2.2204460436442257e-22 -2.220446049250313e-16 -1
vn -2.2204460436442257e-22 -2.220446049250313e-16 -1
vn -2.2204460436442257e-22 -2.220446049250313e-16 -1
vn -2.2204460436442257e-22 -2.220446049250313e-16 -1
vn -2.2204460436442257e-22 -2.220446049250313e-16 -1
vn -2.2204460436442257e-22 -2.220446049250313e-16 -1
vn -2.2204460436442257e-22 -2.220446049250313e-16 -1
vn -2.2204460436442257e-22 -2.220446049250313e-16 -1
vn -2.2204460436442257e-22 -2.220446049250313e-16 -1
vn -2.2204460436442257e-22 -2.220446049250313e-16 -1
vn -2.2204460436442257e-22 -2.220446049250313e-16 -1
vn -2.2204460436442257e-22 -2.220446049250313e-16 -1
vn -2.2204460436442257e-22 -2.220446049250313e-16 -1
vn -2.2204460436442257e-22 -2.220446049250313e-16 -1
vn -2.2204460436442257e-22 -2.220446049250313e-16 -1
vn -2.2204460436442257e-22 -2.220446049250313e-16 -1
vn -2.2204460436442257e-22 -2.220446049250313e-16 -1
vn -2.2204460436442257e-22 -2.220446049250313e-16 -1
vn -2.2204460436442257e-22 -2.220446049250313e-16 -1
vn -2.2204460436442257e-22 -2.220446049250313e-16 -1
vn -2.2204460436442257e-22 -2.220446049250313e-16 -1
vn -2.2204460436442257e-22 -2.220446049250313e-16 -1
vn -2.2204460436442257e-22 -2.220446049250313e-16 -1
vn -2.2204460436442257e-22 -2.220446049250313e-16 -1
vn -2.2204460436442257e-22 -2.220446049250313e-16 -1
vn -2.2204460436442257e-22 -2.220446049250313e-16 -1
vn -2.2204460436442257e-22 -2.220446049250313e-16 -1
vn -2.2204460436442257e-22 -2.220446049250313e-16 -1
vn -2.2204460436442257e-22 -2.220446049250313e-16 -1
vn -2.2204460436442257e-22 -2.220446049250313e-16 -1
vn -2.2204460436442257e-22 -2.220446049250313e-16 -1
vn -2.2204460436442257e-22 -2.220446049250313e-16 -1
vn -2.2204460436442257e-22 -2.220446049250313e-16 -1
vn -2.2204460436442257e-22 -2.220446049250313e-16 -1
vn -2.2204460436442257e-22 -2.220446049250313e-16 -1
vn -2.2204460436442257e-22 -2.220446049250313e-16 -1
vn -2.2204460436442257e-22 -2.220446049250313e-16 -1
vn -2.2204460436442257e-22 -2.220446049250313e-16 -1
vn -2.2204460436442257e-22 -2.220446049250313e-16 -1
vn -2.2204460436442257e-22 -2.220446049250313e-16 -1
vn -2.2204460436442257e-22 -2.220446049250313e-16 -1
vn -2.2204460436442257e-22 -2.220446049250313e-16 -1
vn -2.2204460436442257e-22 -2.220446049250313e-16 -1
vn -2.2204460436442257e-22 -2.220446049250313e-16 -1
vn -2.2204460436442257e-22 -2.220446049250313e-16 -1
vn -2.2204460436442257e-22 -2.220446049250313e-16 -1
vn -2.2204460436442257e-22 -2.220446049250313e-16 -1
vn -2.2204460436442257e-22 -2.220446049250313e-16 -1
vn -2.2204460436442257e-22 -2.220446049250313e-16 -1
vn -2.2204460436442257e-22 -2.220446049250313e-16 -1
vn -2.2204460436442257e-22 -2.220446049250313e-16 -1
vn -2.2204460436442257e-22 -2.220446049250313e-16 -1
vn -2.2204460436442257e-22 -2.220446049250313e-16 -1
vn -2.2204460436442257e-22 -2.220446049250313e-16 -1
vn -2.2204460436442257e-22 -2.220446049250313e-16 -1
vn -2.2204460436442257e-22 -2.220446049250313e-16 -1
vn -2.2204460436442257e-22 -2.220446049250313e-16 -1
vn -2.2204460436442257e-22 -2.220446049250313e-16 -1
vn -2.2204460436442257e-22 -2.220446049250313e-16 -1
vn -2.2204460436442257e-22 -2.220446049250313e-16 -1
vn -2.2204460436442257e-22 -2.220446049250313e-16 -1
vn -2.2204460436442257e-22 -2.220446049250313e-16 -1
vn -2.2204460436442257e-22 -2.220446049250313e-16 -1
vn -2.2204460436442257e-22 -2.220446049250313e-16 -1
vn -2.2204460436442257e-22 -2.220446049250313e-16 -1
vn -2.2204460436442257e-22 -2.220446049250313e-16 -1
vn -2.2204460436442257e-22 -2.220446049250313e-16 -1
vn -2.2204460436442257e-22 -2.220446049250313e-16 -1
vn -2.2204460436442257e-22 -2.220446049250313e-16 -1
vn -2.2204460436442257e-22 -2.220446049250313e-16 -1
vn -2.2204460436442257e-22 -2.220446049250313e-16 -1
vn -2.2204460436442257e-22 -2.220446049250313e-16 -1
vn -2.2204460436442257e-22 -2.220446049250313e-16 -1
vn -2.2204460436442257e-22 -2.220446049250313e-16 -1
vn -2.2204460436442257e-22 -2.220446049250313e-16 -1
vn -2.2204460436442257e-22 -2.220446049250313e-16 -1
vn -2.2204460436442257e-22 -2.220446049250313e-16 -1
vn -2.2204460436442257e-22 -2.220446049250313e-16 -1
vn -2.2204460436442257e-22 -2.220446049250313e-16 -1
vn -2.2204460436442257e-22 -2.220446049250313e-16 -1
vn -2.2204460436442257e-22 -2.220446049250313e-16 -1
vn -2.2204460436442257e-22 -2.220446049250313e-16 -1
vn -2.2204460436442257e-22 -2.220446049250313e-16 -1
vn -2.2204460436442257e-22 -2.220446049250313e-16 -1
vn -2.2204460436442257e-22 -2.220446049250313e-16 -1
vn -2.2204460436442257e-22 -2.220446049250313e-16 -1
vn -2.2204460436442257e-22 -2.220446049250313e-16 -1
vn -2.2204460436442257e-22 -2.220446049250313e-16 -1
vn -2.2204460436442257e-22 -2.220446049250313e-16 -1
vn -2.2204460436442257e-22 -2.220446049250313e-16 -1
vn -2.2204460436442257e-22 -2.220446049250313e-16 -1
vn -2.2204460436442257e-22 -2.220446049250313e-16 -1
vn -2.2204460436442257e-22 -2.220446049250313e-16 -1
vn -2.2204460436442257e-22 -2.220446049250313e-16 -1
vn -2.2204460436442257e-22 -2.220446049250313e-16 -1
vn -2.2204460436442257e-22 -2.220446049250313e-16 -1
vn -2.2204460436442257e-22 -2.220446049250313e-16 -1
vn -2.2204460436442257e-22 -2.220446049250313e-16 -1
vn -2.2204460436442257e-22 -2.220446049250313e-16 -1
vn -2.2204460436442257e-22 -2.220446049250313e-16 -1
vn -2.2204460436442257e-22 -2.220446049250313e-16 -1
vn -2.2204460436442257e-22 -2.220446049250313e-16 -1
vn -2.2204460436442257e-22 -2.220446049250313e-16 -1
vn -2.2204460436442257e-22 -2.220446049250313e-16 -1
vn -2.2204460436442257e-22 -2.220446049250313e-16 -1
vn -2.2204460436442257e-22 -2.220446049250313e-16 -1
vn -2.2204460436442257e-22 -2.220446049250313e-16 -1
vn -2.2204460436442257e-22 -2.220446049250313e-16 -1
vn -2.2204460436442257e-22 -2.220446049250313e-16 -1
vn -2.2204460436442257e-22 -2.220446049250313e-16 -1
vn -2.2204460436442257e-22 -2.220446049250313e-16 -1
vn -2.2204460436442257e-22 -2.220446049250313e-16 -1
vn -0.9999999999995 9.999999974747427e-7 -1.1102230218215578e-22
vn -0.9999999999995 9.999999974747427e-7 -1.1102230218215578e-22
vn -0.9829730980404611 9.829731190752546e-7 -0.1837495266055719
vn -0.9829730980404611 9.829731190752546e-7 -0.1837495266055719
vn -0.9999999999995 9.999999974747427e-7 -1.1102230218215578e-22
vn -0.9829730980404611 9.829731190752546e-7 -0.1837495266055719
vn -0.9829730980404611 9.829731190752546e-7 -0.1837495266055719
vn -0.9829730980404611 9.829731190752546e-7 -0.1837495266055719
vn -0.9324722285851625 9.324722323431946e-7 -0.3612416683005311
vn -0.9324722285851625 9.324722323431946e-7 -0.3612416683005311
vn -0.9829730980404611 9.829731190752546e-7 -0.1837495266055719
vn -0.9324722285851625 9.324722323431946e-7 -0.3612416683005311
vn -0.9324722285851625 9.324722323431946e-7 -0.3612416683005311
vn -0.9324722285851625 9.324722323431946e-7 -0.3612416683005311
vn -0.8502171462690101 8.502171167358987e-7 -0.52643214585496
vn -0.8502171462690101 8.502171167358987e-7 -0.52643214585496
vn -0.9324722285851625 9.324722323431946e-7 -0.3612416683005311
vn -0.8502171462690101 8.502171167358987e-7 -0.52643214585496
vn -0.8502171462690101 8.502171167358987e-7 -0.52643214585496
vn -0.8502171462690101 8.502171167358987e-7 -0.52643214585496
vn -0.7390089208384453 7.390089140790805e-7 -0.6736956396776296
vn -0.7390089208384453 7.390089140790805e-7 -0.6736956396776296
vn -0.8502171462690101 8.502171167358987e-7 -0.52643214585496
vn -0.7390089208384453 7.390089140790805e-7 -0.6736956396776296
vn -0.7390089208384453 7.390089140790805e-7 -0.6736956396776296
vn -0.7390089208384453 7.390089140790805e-7 -0.6736956396776296
vn -0.6026346680274451 6.026346565205181e-7 -0.7980172033804082
vn -0.6026346680274451 6.026346565205181e-7 -0.7980172033804082
vn -0.7390089208384453 7.390089140790805e-7 -0.6736956396776296
vn -0.6026346680274451 6.026346565205181e-7 -0.7980172033804082
vn -0.6026346680274451 6.026346565205181e-7 -0.7980172033804082
vn -0.6026346680274451 6.026346565205181e-7 -0.7980172033804082
vn -0.44573836881735845 4.4573837317020004e-7 -0.8951632848613944
vn -0.44573836881735845 4.4573837317020004e-7 -0.8951632848613944
vn -0.6026346680274451 6.026346565205181e-7 -0.7980172033804082
vn -0.44573836881735845 4.4573837317020004e-7 -0.8951632848613944
vn -0.44573836881735845 4.4573837317020004e-7 -0.8951632848613944
vn -0.44573836881735845 4.4573837317020004e-7 -0.8951632848613944
vn -0.27366297804953216 2.7366297040250085e-7 -0.9618256465934908
vn -0.27366297804953216 2.7366297040250085e-7 -0.9618256465934908
vn -0.44573836881735845 4.4573837317020004e-7 -0.8951632848613944
vn -0.27366297804953216 2.7366297040250085e-7 -0.9618256465934908
vn -0.27366297804953216 2.7366297040250085e-7 -0.9618256465934908
vn -0.27366297804953216 2.7366297040250085e-7 -0.9618256465934908
vn -0.09226836455439423 9.226836020018827e-8 -0.9957341758232711
vn -0.09226836455439423 9.226836020018827e-8 -0.9957341758232711
vn -0.27366297804953216 2.7366297040250085e-7 -0.9618256465934908
vn -0.09226836455439423 9.226836020018827e-8 -0.9957341758232711
vn -0.09226836455439423 9.226836020018827e-8 -0.9957341758232711
vn -0.09226836455439423 9.226836020018827e-8 -0.9957341758232711
vn 0.09226836455439423 -9.226836730561577e-8 -0.9957341758232711
vn 0.09226836455439423 -9.226836730561577e-8 -0.9957341758232711
vn -0.09226836455439423 9.226836020018827e-8 -0.9957341758232711
vn 0.09226836455439423 -9.226836730561577e-8 -0.9957341758232711
vn 0.09226836455439423 -9.226836730561577e-8 -0.9957341758232711
vn 0.09226836455439423 -9.226836730561577e-8 -0.9957341758232711
vn 0.27366297804953216 -2.7366297040250085e-7 -0.9618256465934908
vn 0.27366297804953216 -2.7366297040250085e-7 -0.9618256465934908
vn 0.09226836455439423 -9.226836730561577e-8 -0.9957341758232711
vn 0.27366297804953216 -2.7366297040250085e-7 -0.9618256465934908
vn 0.27366297804953216 -2.7366297040250085e-7 -0.9618256465934908
vn 0.27366297804953216 -2.7366297040250085e-7 -0.9618256465934908
vn 0.44573836881735845 -4.4573837317020004e-7 -0.8951632848613944
vn 0.44573836881735845 -4.4573837317020004e-7 -0.8951632848613944
vn 0.27366297804953216 -2.7366297040250085e-7 -0.9618256465934908
vn 0.44573836881735845 -4.4573837317020004e-7 -0.8951632848613944
vn 0.44573836881735845 -4.4573837317020004e-7 -0.8951632848613944
vn 0.44573836881735845 -4.4573837317020004e-7 -0.8951632848613944
vn 0.6026346680274451 -6.026346565205181e-7 -0.7980172033804082
vn 0.6026346680274451 -6.026346565205181e-7 -0.7980172033804082
vn 0.44573836881735845 -4.4573837317020004e-7 -0.8951632848613944
vn 0.6026346680274451 -6.026346565205181e-7 -0.7980172033804082
vn 0.6026346680274451 -6.026346565205181e-7 -0.7980172033804082
vn 0.6026346680274451 -6.026346565205181e-7 -0.7980172033804082
vn 0.7390089208384453 -7.390089140790805e-7 -0.6736956396776296
vn 0.7390089208384453 -7.390089140790805e-7 -0.6736956396776296
vn 0.6026346680274451 -6.026346565205181e-7 -0.7980172033804082
vn 0.7390089208384453 -7.390089140790805e-7 -0.6736956396776296
vn 0.7390089208384453 -7.390089140790805e-7 -0.6736956396776296
vn 0.7390089208384453 -7.390089140790805e-7 -0.6736956396776296
vn 0.8502171462690101 -8.502171167358987e-7 -0.52643214585496
vn 0.8502171462690101 -8.502171167358987e-7 -0.52643214585496
vn 0.7390089208384453 -7.390089140790805e-7 -0.6736956396776296
vn 0.8502171462690101 -8.502171167358987e-7 -0.52643214585496
vn 0.8502171462690101 -8.502171167358987e-7 -0.52643214585496
vn 0.8502171462690101 -8.502171167358987e-7 -0.52643214585496
vn 0.9324722285851625 -9.324722323431946e-7 -0.3612416683005311
vn 0.9324722285851625 -9.324722323431946e-7 -0.3612416683005311
vn 0.8502171462690101 -8.502171167358987e-7 -0.52643214585496
vn 0.9324722285851625 -9.324722323431946e-7 -0.3612416683005311
vn 0.9324722285851625 -9.324722323431946e-7 -0.3612416683005311
vn 0.9324722285851625 -9.324722323431946e-7 -0.3612416683005311
vn 0.9829730980404611 -9.829731190752546e-7 -0.1837495266055719
vn 0.9829730980404611 -9.829731190752546e-7 -0.1837495266055719
vn 0.9324722285851625 -9.324722323431946e-7 -0.3612416683005311
vn 0.9829730980404611 -9.829731190752546e-7 -0.1837495266055719
vn 0.9829730980404611 -9.829731190752546e-7 -0.1837495266055719
vn 0.9829730980404611 -9.829731190752546e-7 -0.1837495266055719
vn 0.9999999999995 -9.999999974747427e-7 1.1102230218215578e-22
vn 0.9999999999995 -9.999999974747427e-7 1.1102230218215578e-22
vn 0.9829730980404611 -9.829731190752546e-7 -0.1837495266055719
vn 0.9999999999995 -9.999999974747427e-7 1.1102230218215578e-22
vn 9.999999974747427e-7 0.9999999999995 -1.1102230246246014e-16
vn 9.999999974747427e-7 0.9999999999995 -1.1102230246246014e-16
vn 9.999999974747427e-7 0.9999999999995 -1.1102230246246014e-16
vn 9.999999974747427e-7 0.9999999999995 -1.1102230246246014e-16
vn 9.999999974747427e-7 0.9999999999995 -1.1102230246246014e-16
vn 9.999999974747427e-7 0.9999999999995 -1.1102230246246014e-16
vn 9.999999974747427e-7 0.9999999999995 -1.1102230246246014e-16
vn 9.999999974747427e-7 0.9999999999995 -1.1102230246246014e-16
vn 9.999999974747427e-7 0.9999999999995 -1.1102230246246014e-16
vn 9.999999974747427e-7 0.9999999999995 -1.1102230246246014e-16
vn 9.999999974747427e-7 0.9999999999995 -1.1102230246246014e-16
vn 9.999999974747427e-7 0.9999999999995 -1.1102230246246014e-16
vn 9.999999974747427e-7 0.9999999999995 -1.1102230246246014e-16
vn 9.999999974747427e-7 0.9999999999995 -1.1102230246246014e-16
vn 9.999999974747427e-7 0.9999999999995 -1.1102230246246014e-16
vn 9.999999974747427e-7 0.9999999999995 -1.1102230246246014e-16
vn 9.999999974747427e-7 0.9999999999995 -1.1102230246246014e-16
vn 9.999999974747427e-7 0.9999999999995 -1.1102230246246014e-16
vn 9.999999974747427e-7 0.9999999999995 -1.1102230246246014e-16
vn 9.999999974747427e-7 0.9999999999995 -1.1102230246246014e-16
vn 9.999999974747427e-7 0.9999999999995 -1.1102230246246014e-16
vn 9.999999974747427e-7 0.9999999999995 -1.1102230246246014e-16
vn 9.999999974747427e-7 0.9999999999995 -1.1102230246246014e-16
vn 9.999999974747427e-7 0.9999999999995 -1.1102230246246014e-16
vn 9.999999974747427e-7 0.9999999999995 -1.1102230246246014e-16
vn 9.999999974747427e-7 0.9999999999995 -1.1102230246246014e-16
vn 9.999999974747427e-7 0.9999999999995 -1.1102230246246014e-16
vn 9.999999974747427e-7 0.9999999999995 -1.1102230246246014e-16
vn 9.999999974747427e-7 0.9999999999995 -1.1102230246246014e-16
vn 9.999999974747427e-7 0.9999999999995 -1.1102230246246014e-16
vn 9.999999974747427e-7 0.9999999999995 -1.1102230246246014e-16
vn 9.999999974747427e-7 0.9999999999995 -1.1102230246246014e-16
vn 9.999999974747427e-7 0.9999999999995 -1.1102230246246014e-16
vn 9.999999974747427e-7 0.9999999999995 -1.1102230246246014e-16
vn 9.999999974747427e-7 0.9999999999995 -1.1102230246246014e-16
vn 9.999999974747427e-7 0.9999999999995 -1.1102230246246014e-16
vn 9.999999974747427e-7 0.9999999999995 -1.1102230246246014e-16
vn 9.999999974747427e-7 0.9999999999995 -1.1102230246246014e-16
vn 9.999999974747427e-7 0.9999999999995 -1.1102230246246014e-16
vn 9.999999974747427e-7 0.9999999999995 -1.1102230246246014e-16
vn 9.999999974747427e-7 0.9999999999995 -1.1102230246246014e-16
vn 9.999999974747427e-7 0.9999999999995 -1.1102230246246014e-16
vn 9.999999974747427e-7 0.9999999999995 -1.1102230246246014e-16
vn 9.999999974747427e-7 0.9999999999995 -1.1102230246246014e-16
vn 9.999999974747427e-7 0.9999999999995 -1.1102230246246014e-16
vn 9.999999974747427e-7 0.9999999999995 -1.1102230246246014e-16
vn 9.999999974747427e-7 0.9999999999995 -1.1102230246246014e-16
vn 9.999999974747427e-7 0.9999999999995 -1.1102230246246014e-16
vn 9.999999974747427e-7 0.9999999999995 -1.1102230246246014e-16
vn 9.999999974747427e-7 0.9999999999995 -1.1102230246246014e-16
vn 9.999999974747427e-7 0.9999999999995 -1.1102230246246014e-16
vn 9.999999974747427e-7 0.9999999999995 -1.1102230246246014e-16
vn 9.999999974747427e-7 0.9999999999995 -1.1102230246246014e-16
vn 9.999999974747427e-7 0.9999999999995 -1.1102230246246014e-16
vn 9.999999974747427e-7 0.9999999999995 -1.1102230246246014e-16
vn 9.999999974747427e-7 0.9999999999995 -1.1102230246246014e-16
vn 9.999999974747427e-7 0.9999999999995 -1.1102230246246014e-16
vn 9.999999974747427e-7 0.9999999999995 -1.1102230246246014e-16
vn 9.999999974747427e-7 0.9999999999995 -1.1102230246246014e-16
vn 9.999999974747427e-7 0.9999999999995 -1.1102230246246014e-16
vn 9.999999974747427e-7 0.9999999999995 -1.1102230246246014e-16
vn 9.999999974747427e-7 0.9999999999995 -1.1102230246246014e-16
vn 9.999999974747427e-7 0.9999999999995 -1.1102230246246014e-16
vn 9.999999974747427e-7 0.9999999999995 -1.1102230246246014e-16
vn 9.999999974747427e-7 0.9999999999995 -1.1102230246246014e-16
vn 9.999999974747427e-7 0.9999999999995 -1.1102230246246014e-16
vn 9.999999974747427e-7 0.9999999999995 -1.1102230246246014e-16
vn 9.999999974747427e-7 0.9999999999995 -1.1102230246246014e-16
vn 9.999999974747427e-7 0.9999999999995 -1.1102230246246014e-16
vn 9.999999974747427e-7 0.9999999999995 -1.1102230246246014e-16
vn 9.999999974747427e-7 0.9999999999995 -1.1102230246246014e-16
vn 9.999999974747427e-7 0.9999999999995 -1.1102230246246014e-16
vn 9.999999974747427e-7 0.9999999999995 -1.1102230246246014e-16
vn 9.999999974747427e-7 0.9999999999995 -1.1102230246246014e-16
vn 9.999999974747427e-7 0.9999999999995 -1.1102230246246014e-16
vn 9.999999974747427e-7 0.9999999999995 -1.1102230246246014e-16
vn 9.999999974747427e-7 0.9999999999995 -1.1102230246246014e-16
vn 9.999999974747427e-7 0.9999999999995 -1.1102230246246014e-16
vn 9.999999974747427e-7 0.9999999999995 -1.1102230246246014e-16
vn 9.999999974747427e-7 0.9999999999995 -1.1102230246246014e-16
vn 9.999999974747427e-7 0.9999999999995 -1.1102230246246014e-16
vn 9.999999974747427e-7 0.9999999999995 -1.1102230246246014e-16
vn 9.999999974747427e-7 0.9999999999995 -1.1102230246246014e-16
vn 9.999999974747427e-7 0.9999999999995 -1.1102230246246014e-16
vn 9.999999974747427e-7 0.9999999999995 -1.1102230246246014e-16
vn 9.999999974747427e-7 0.9999999999995 -1.1102230246246014e-16
vn 9.999999974747427e-7 0.9999999999995 -1.1102230246246014e-16
vn 9.999999974747427e-7 0.9999999999995 -1.1102230246246014e-16
vn 9.999999974747427e-7 0.9999999999995 -1.1102230246246014e-16
vn 9.999999974747427e-7 0.9999999999995 -1.1102230246246014e-16
vn 9.999999974747427e-7 0.9999999999995 -1.1102230246246014e-16
vn 9.999999974747427e-7 0.9999999999995 -1.1102230246246014e-16
vn 9.999999974747427e-7 0.9999999999995 -1.1102230246246014e-16
vn 9.999999974747427e-7 0.9999999999995 -1.1102230246246014e-16
vn 9.999999974747427e-7 0.9999999999995 -1.1102230246246014e-16
vn 9.999999974747427e-7 0.9999999999995 -1.1102230246246014e-16
vn -2.588190603432612e-7 -0.258819047126484 0.9659258257467142
vn -2.588190603432612e-7 -0.258819047126484 0.9659258257467142
vn -2.588190603432612e-7 -0.258819047126484 0.9659258257467142
vn -2.588190603432612e-7 -0.258819047126484 0.9659258257467142
vn -2.588190603432612e-7 -0.258819047126484 0.9659258257467142
vn -2.588190603432612e-7 -0.258819047126484 0.9659258257467142
vn -2.588190603432612e-7 -0.258819047126484 0.9659258257467142
vn -2.588190603432612e-7 -0.258819047126484 0.9659258257467142
vn -2.588190603432612e-7 -0.258819047126484 0.9659258257467142
vn -2.588190603432612e-7 -0.258819047126484 0.9659258257467142
vn -2.588190603432612e-7 -0.258819047126484 0.9659258257467142
vn -2.588190603432612e-7 -0.258819047126484 0.9659258257467142
vn -2.588190603432612e-7 -0.258819047126484 0.9659258257467142
vn -2.588190603432612e-7 -0.258819047126484 0.9659258257467142
vn -2.588190603432612e-7 -0.258819047126484 0.9659258257467142
vn -2.588190603432612e-7 -0.258819047126484 0.9659258257467142
vn -2.588190603432612e-7 -0.258819047126484 0.9659258257467142
vn -2.588190603432612e-7 -0.258819047126484 0.9659258257467142
vn -2.588190603432612e-7 -0.258819047126484 0.9659258257467142
vn -2.588190603432612e-7 -0.258819047126484 0.9659258257467142
vn -2.588190603432612e-7 -0.258819047126484 0.9659258257467142
vn -2.588190603432612e-7 -0.258819047126484 0.9659258257467142
vn -2.588190603432612e-7 -0.258819047126484 0.9659258257467142
vn -2.588190603432612e-7 -0.258819047126484 0.9659258257467142
vn -2.588190603432612e-7 -0.258819047126484 0.9659258257467142
vn -2.588190603432612e-7 -0.258819047126484 0.9659258257467142
vn -2.588190603432612e-7 -0.258819047126484 0.9659258257467142
vn -2.588190603432612e-7 -0.258819047126484 0.9659258257467142
vn -2.588190603432612e-7 -0.258819047126484 0.9659258257467142
vn -2.588190603432612e-7 -0.258819047126484 0.9659258257467142
vn -2.588190603432612e-7 -0.258819047126484 0.9659258257467142
vn -2.588190603432612e-7 -0.258819047126484 0.9659258257467142
vn -2.588190603432612e-7 -0.258819047126484 0.9659258257467142
vn -2.588190603432612e-7 -0.258819047126484 0.9659258257467142
vn -2.588190603432612e-7 -0.258819047126484 0.9659258257467142
vn -2.588190603432612e-7 -0.258819047126484 0.9659258257467142
vn -2.588190603432612e-7 -0.258819047126484 0.9659258257467142
vn -2.588190603432612e-7 -0.258819047126484 0.9659258257467142
vn -2.588190603432612e-7 -0.258819047126484 0.9659258257467142
vn -2.588190603432612e-7 -0.258819047126484 0.9659258257467142
vn -2.588190603432612e-7 -0.258819047126484 0.9659258257467142
vn -2.588190603432612e-7 -0.258819047126484 0.9659258257467142
vn -2.588190603432612e-7 -0.258819047126484 0.9659258257467142
vn -2.588190603432612e-7 -0.258819047126484 0.9659258257467142
vn -2.588190603432612e-7 -0.258819047126484 0.9659258257467142
vn -2.588190603432612e-7 -0.258819047126484 0.9659258257467142
vn -2.588190603432612e-7 -0.258819047126484 0.9659258257467142
vn -2.588190603432612e-7 -0.258819047126484 0.9659258257467142
vn -2.588190603432612e-7 -0.258819047126484 0.9659258257467142
vn -2.588190603432612e-7 -0.258819047126484 0.9659258257467142
vn -2.588190603432612e-7 -0.258819047126484 0.9659258257467142
vn -2.588190603432612e-7 -0.258819047126484 0.9659258257467142
vn -2.588190603432612e-7 -0.258819047126484 0.9659258257467142
vn -2.588190603432612e-7 -0.258819047126484 0.9659258257467142
vn -2.588190603432612e-7 -0.258819047126484 0.9659258257467142
vn -2.588190603432612e-7 -0.258819047126484 0.9659258257467142
vn -2.588190603432612e-7 -0.258819047126484 0.9659258257467142
vn -2.588190603432612e-7 -0.258819047126484 0.9659258257467142
vn -2.588190603432612e-7 -0.258819047126484 0.9659258257467142
vn -2.588190603432612e-7 -0.258819047126484 0.9659258257467142
vn -2.588190603432612e-7 -0.258819047126484 0.9659258257467142
vn -2.588190603432612e-7 -0.258819047126484 0.9659258257467142
vn -2.588190603432612e-7 -0.258819047126484 0.9659258257467142
vn -2.588190603432612e-7 -0.258819047126484 0.9659258257467142
vn -2.588190603432612e-7 -0.258819047126484 0.9659258257467142
vn -2.588190603432612e-7 -0.258819047126484 0.9659258257467142
vn -2.588190603432612e-7 -0.258819047126484 0.9659258257467142
vn -2.588190603432612e-7 -0.258819047126484 0.9659258257467142
vn -2.588190603432612e-7 -0.258819047126484 0.9659258257467142
vn -2.588190603432612e-7 -0.258819047126484 0.9659258257467142
vn -2.588190603432612e-7 -0.258819047126484 0.9659258257467142
vn -2.588190603432612e-7 -0.258819047126484 0.9659258257467142
vn -2.588190603432612e-7 -0.258819047126484 0.9659258257467142
vn -2.588190603432612e-7 -0.258819047126484 0.9659258257467142
vn -2.588190603432612e-7 -0.258819047126484 0.9659258257467142
vn -2.588190603432612e-7 -0.258819047126484 0.9659258257467142
vn -2.588190603432612e-7 -0.258819047126484 0.9659258257467142
vn -2.588190603432612e-7 -0.258819047126484 0.9659258257467142
vn -2.588190603432612e-7 -0.258819047126484 0.9659258257467142
vn -2.588190603432612e-7 -0.258819047126484 0.9659258257467142
vn -2.588190603432612e-7 -0.258819047126484 0.9659258257467142
vn -2.588190603432612e-7 -0.258819047126484 0.9659258257467142
vn -2.588190603432612e-7 -0.258819047126484 0.9659258257467142
vn -2.588190603432612e-7 -0.258819047126484 0.9659258257467142
vn -2.588190603432612e-7 -0.258819047126484 0.9659258257467142
vn -2.588190603432612e-7 -0.258819047126484 0.9659258257467142
vn -2.588190603432612e-7 -0.258819047126484 0.9659258257467142
vn -2.588190603432612e-7 -0.258819047126484 0.9659258257467142
vn -2.588190603432612e-7 -0.258819047126484 0.9659258257467142
vn -2.588190603432612e-7 -0.258819047126484 0.9659258257467142
vn -2.588190603432612e-7 -0.258819047126484 0.9659258257467142
vn -2.588190603432612e-7 -0.258819047126484 0.9659258257467142
vn -2.588190603432612e-7 -0.258819047126484 0.9659258257467142
vn -2.588190603432612e-7 -0.258819047126484 0.9659258257467142
vn -2.588190603432612e-7 -0.258819047126484 0.9659258257467142
vn -2.588190603432612e-7 -0.258819047126484 0.9659258257467142
vn -2.588190603432612e-7 -0.258819047126484 0.9659258257467142
vn -2.588190603432612e-7 -0.258819047126484 0.9659258257467142
vn -2.588190603432612e-7 -0.258819047126484 0.9659258257467142
vn -2.588190603432612e-7 -0.258819047126484 0.9659258257467142
vn -2.588190603432612e-7 -0.258819047126484 0.9659258257467142
vn -2.588190603432612e-7 -0.258819047126484 0.9659258257467142
vn -2.588190603432612e-7 -0.258819047126484 0.9659258257467142
vn -2.588190603432612e-7 -0.258819047126484 0.9659258257467142
vn -2.588190603432612e-7 -0.258819047126484 0.9659258257467142
vn -2.588190603432612e-7 -0.258819047126484 0.9659258257467142
vn -2.588190603432612e-7 -0.258819047126484 0.9659258257467142
vn -2.588190603432612e-7 -0.258819047126484 0.9659258257467142
vn -2.588190603432612e-7 -0.258819047126484 0.9659258257467142
vn -2.588190603432612e-7 -0.258819047126484 0.9659258257467142
vn -2.588190603432612e-7 -0.258819047126484 0.9659258257467142
vn -2.588190603432612e-7 -0.258819047126484 0.9659258257467142
vn -2.588190603432612e-7 -0.258819047126484 0.9659258257467142
vn -2.588190603432612e-7 -0.258819047126484 0.9659258257467142
vn -2.588190603432612e-7 -0.258819047126484 0.9659258257467142
vn -2.588190603432612e-7 -0.258819047126484 0.9659258257467142
vn -2.588190603432612e-7 -0.258819047126484 0.9659258257467142
vn -2.588190603432612e-7 -0.258819047126484 0.9659258257467142
vn -2.588190603432612e-7 -0.258819047126484 0.9659258257467142
vn -2.588190603432612e-7 -0.258819047126484 0.9659258257467142
vn -2.588190603432612e-7 -0.258819047126484 0.9659258257467142
vn -2.588190603432612e-7 -0.258819047126484 0.9659258257467142
vn -2.588190603432612e-7 -0.258819047126484 0.9659258257467142
vn -2.588190603432612e-7 -0.258819047126484 0.9659258257467142
vn -2.588190603432612e-7 -0.258819047126484 0.9659258257467142
vn -2.588190603432612e-7 -0.258819047126484 0.9659258257467142
vn -2.588190603432612e-7 -0.258819047126484 0.9659258257467142
vn -2.588190603432612e-7 -0.258819047126484 0.9659258257467142
vn -2.588190603432612e-7 -0.258819047126484 0.9659258257467142
vn -2.588190603432612e-7 -0.258819047126484 0.9659258257467142
vn -2.588190603432612e-7 -0.258819047126484 0.9659258257467142
vn -2.588190603432612e-7 -0.258819047126484 0.9659258257467142
vn -2.588190603432612e-7 -0.258819047126484 0.9659258257467142
vn -2.588190603432612e-7 -0.258819047126484 0.9659258257467142
vn -2.588190603432612e-7 -0.258819047126484 0.9659258257467142
vn -2.588190603432612e-7 -0.258819047126484 0.9659258257467142
vn -2.588190603432612e-7 -0.258819047126484 0.9659258257467142
vn -2.588190603432612e-7 -0.258819047126484 0.9659258257467142
vn -2.588190603432612e-7 -0.258819047126484 0.9659258257467142
vn -2.588190603432612e-7 -0.258819047126484 0.9659258257467142
vn -2.588190603432612e-7 -0.258819047126484 0.9659258257467142
vn -2.588190603432612e-7 -0.258819047126484 0.9659258257467142
vn -2.588190603432612e-7 -0.258819047126484 0.9659258257467142
vn -2.588190603432612e-7 -0.258819047126484 0.9659258257467142
vn -2.588190603432612e-7 -0.258819047126484 0.9659258257467142
vn -2.588190603432612e-7 -0.258819047126484 0.9659258257467142
vn -2.588190603432612e-7 -0.258819047126484 0.9659258257467142
vn -2.588190603432612e-7 -0.258819047126484 0.9659258257467142
vn -2.588190603432612e-7 -0.258819047126484 0.9659258257467142
vn -2.588190603432612e-7 -0.258819047126484 0.9659258257467142
vn -2.588190603432612e-7 -0.258819047126484 0.9659258257467142
vn -2.588190603432612e-7 -0.258819047126484 0.9659258257467142
vn -2.588190603432612e-7 -0.258819047126484 0.9659258257467142
vn -2.588190603432612e-7 -0.258819047126484 0.9659258257467142
vn -2.588190603432612e-7 -0.258819047126484 0.9659258257467142
vn -2.588190603432612e-7 -0.258819047126484 0.9659258257467142
vn -2.588190603432612e-7 -0.258819047126484 0.9659258257467142
vn -2.588190603432612e-7 -0.258819047126484 0.9659258257467142
vn -2.588190603432612e-7 -0.258819047126484 0.9659258257467142
vn -2.588190603432612e-7 -0.258819047126484 0.9659258257467142
vn -2.588190603432612e-7 -0.258819047126484 0.9659258257467142
vn -2.588190603432612e-7 -0.258819047126484 0.9659258257467142
vn -2.588190603432612e-7 -0.258819047126484 0.9659258257467142
vn -2.588190603432612e-7 -0.258819047126484 0.9659258257467142
vn -2.588190603432612e-7 -0.258819047126484 0.9659258257467142
vn -2.588190603432612e-7 -0.258819047126484 0.9659258257467142
vn -2.588190603432612e-7 -0.258819047126484 0.9659258257467142
vn -2.588190603432612e-7 -0.258819047126484 0.9659258257467142
vn -2.588190603432612e-7 -0.258819047126484 0.9659258257467142
vn -2.588190603432612e-7 -0.258819047126484 0.9659258257467142
vn -2.588190603432612e-7 -0.258819047126484 0.9659258257467142
vn -2.588190603432612e-7 -0.258819047126484 0.9659258257467142
vn -2.588190603432612e-7 -0.258819047126484 0.9659258257467142
vn -2.588190603432612e-7 -0.258819047126484 0.9659258257467142
vn -2.588190603432612e-7 -0.258819047126484 0.9659258257467142
vn -2.588190603432612e-7 -0.258819047126484 0.9659258257467142
vn -2.588190603432612e-7 -0.258819047126484 0.9659258257467142
vn -2.588190603432612e-7 -0.258819047126484 0.9659258257467142
vn -2.588190603432612e-7 -0.258819047126484 0.9659258257467142
vn -2.588190603432612e-7 -0.258819047126484 0.9659258257467142
vn -2.588190603432612e-7 -0.258819047126484 0.9659258257467142
vn -2.588190603432612e-7 -0.258819047126484 0.9659258257467142
vn -2.588190603432612e-7 -0.258819047126484 0.9659258257467142
vn -2.588190603432612e-7 -0.258819047126484 0.9659258257467142
vn -2.588190603432612e-7 -0.258819047126484 0.9659258257467142
vn -2.588190603432612e-7 -0.258819047126484 0.9659258257467142
vn -2.588190603432612e-7 -0.258819047126484 0.9659258257467142
vn -2.588190603432612e-7 -0.258819047126484 0.9659258257467142
vn -2.588190603432612e-7 -0.258819047126484 0.9659258257467142
vn -2.588190603432612e-7 -0.258819047126484 0.9659258257467142
vn -2.588190603432612e-7 -0.258819047126484 0.9659258257467142
vn -2.588190603432612e-7 -0.258819047126484 0.9659258257467142
vn -2.588190603432612e-7 -0.258819047126484 0.9659258257467142
vn -2.588190603432612e-7 -0.258819047126484 0.9659258257467142
vn -2.588190603432612e-7 -0.258819047126484 0.9659258257467142
vn -2.588190603432612e-7 -0.258819047126484 0.9659258257467142
vn -2.588190603432612e-7 -0.258819047126484 0.9659258257467142
vn -2.588190603432612e-7 -0.258819047126484 0.9659258257467142
vn -2.588190603432612e-7 -0.258819047126484 0.9659258257467142
vn -2.588190603432612e-7 -0.258819047126484 0.9659258257467142
vn -2.588190603432612e-7 -0.258819047126484 0.9659258257467142
vn -2.588190603432612e-7 -0.258819047126484 0.9659258257467142
vn -2.588190603432612e-7 -0.258819047126484 0.9659258257467142
vn -2.588190603432612e-7 -0.258819047126484 0.9659258257467142
vn -2.588190603432612e-7 -0.258819047126484 0.9659258257467142
vn -2.588190603432612e-7 -0.258819047126484 0.9659258257467142
vn -2.588190603432612e-7 -0.258819047126484 0.9659258257467142
vn -2.588190603432612e-7 -0.258819047126484 0.9659258257467142
vn -2.588190603432612e-7 -0.258819047126484 0.9659258257467142
vn -2.588190603432612e-7 -0.258819047126484 0.9659258257467142
vn -2.588190603432612e-7 -0.258819047126484 0.9659258257467142
vn -2.588190603432612e-7 -0.258819047126484 0.9659258257467142
vn -2.588190603432612e-7 -0.258819047126484 0.9659258257467142
vn -2.588190603432612e-7 -0.258819047126484 0.9659258257467142
vn -2.588190603432612e-7 -0.258819047126484 0.9659258257467142
vn -2.588190603432612e-7 -0.258819047126484 0.9659258257467142
f 1/1/1 2/2/2 3/3/3
f 4/4/4 5/5/5 6/6/6
f 7/7/7 8/8/8 9/9/9
f 10/10/10 11/11/11 12/12/12
f 13/13/13 14/14/14 15/15/15
f 16/16/16 17/17/17 18/18/18
f 19/19/19 20/20/20 21/21/21
f 22/22/22 23/23/23 24/24/24
f 25/25/25 26/26/26 27/27/27
f 28/28/28 29/29/29 30/30/30
f 31/31/31 32/32/32 33/33/33
f 34/34/34 35/35/35 36/36/36
f 37/37/37 38/38/38 39/39/39
f 40/40/40 41/41/41 42/42/42
f 43/43/43 44/44/44 45/45/45
f 46/46/46 47/47/47 48/48/48
f 49/49/49 50/50/50 51/51/51
f 52/52/52 53/53/53 54/54/54
f 55/55/55 56/56/56 57/57/57
f 58/58/58 59/59/59 60/60/60
f 61/61/61 62/62/62 63/63/63
f 64/64/64 65/65/65 66/66/66
f 67/67/67 68/68/68 69/69/69
f 70/70/70 71/71/71 72/72/72
f 73/73/73 74/74/74 75/75/75
f 76/76/76 77/77/77 78/78/78
f 79/79/79 80/80/80 81/81/81
f 82/82/82 83/83/83 84/84/84
f 85/85/85 86/86/86 87/87/87
f 88/88/88 89/89/89 90/90/90
f 91/91/91 92/92/92 93/93/93
f 94/94/94 95/95/95 96/96/96
f 97/97/97 98/98/98 99/99/99
f 100/100/100 101/101/101 102/102/102
f 103/103/103 104/104/104 105/105/105
f 106/106/106 107/107/107 108/108/108
f 109/109/109 110/110/110 111/111/111
f 112/112/112 113/113/113 114/114/114
f 115/115/115 116/116/116 117/117/117
f 118/118/118 119/119/119 120/120/120
f 121/121/121 122/122/122 123/123/123
f 124/124/124 125/125/125 126/126/126
f 127/127/127 128/128/128 129/129/129
f 130/130/130 131/131/131 132/132/132
f 133/133/133 134/134/134 135/135/135
f 136/136/136 137/137/137 138/138/138
f 139/139/139 140/140/140 141/141/141
f 142/142/142 143/143/143 144/144/144
f 145/145/145 146/146/146 147/147/147
f 148/148/148 149/149/149 150/150/150
f 151/151/151 152/152/152 153/153/153
f 154/154/154 155/155/155 156/156/156
f 157/157/157 158/158/158 159/159/159
f 160/160/160 161/161/161 162/162/162
f 163/163/163 164/164/164 165/165/165
f 166/166/166 167/167/167 168/168/168
f 169/169/169 170/170/170 171/171/171
f 172/172/172 173/173/173 174/174/174
f 175/175/175 176/176/176 177/177/177
f 178/178/178 179/179/179 180/180/180
f 181/181/181 182/182/182 183/183/183
f 184/184/184 185/185/185 186/186/186
f 187/187/187 188/188/188 189/189/189
f 190/190/190 191/191/191 192/192/192
f 193/193/193 194/194/194 195/195/195
f 196/196/196 197/197/197 198/198/198
f 199/199/199 200/200/200 201/201/201
f 202/202/202 203/203/203 204/204/204
f 205/205/205 206/206/206 207/207/207
f 208/208/208 209/209/209 210/210/210
f 211/211/211 212/212/212 213/213/213
f 214/214/214 215/215/215 216/216/216
f 217/217/217 218/218/218 219/219/219
f 220/220/220 221/221/221 222/222/222
f 223/223/223 224/224/224 225/225/225
f 226/226/226 227/227/227 228/228/228
f 229/229/229 230/230/230 231/231/231
f 232/232/232 233/233/233 234/234/234
f 235/235/235 236/236/236 237/237/237
f 238/238/238 239/239/239 240/240/240
f 241/241/241 242/242/242 243/243/243
f 244/244/244 245/245/245 246/246/246
f 247/247/247 248/248/248 249/249/249
f 250/250/250 251/251/251 252/252/252
f 253/253/253 254/254/254 255/255/255
f 256/256/256 257/257/257 258/258/258
f 259/259/259 260/260/260 261/261/261
f 262/262/262 263/263/263 264/264/264
f 265/265/265 266/266/266 267/267/267
f 268/268/268 269/269/269 270/270/270
f 271/271/271 272/272/272 273/273/273
f 274/274/274 275/275/275 276/276/276
f 277/277/277 278/278/278 279/279/279
f 280/280/280 281/281/281 282/282/282
f 283/283/283 284/284/284 285/285/285
f 286/286/286 287/287/287 288/288/288
f 289/289/289 290/290/290 291/291/291
f 292/292/292 293/293/293 294/294/294
f 295/295/295 296/296/296 297/297/297
f 298/298/298 299/299/299 300/300/300
f 301/301/301 302/302/302 303/303/303
f 304/304/304 305/305/305 306/306/306
f 307/307/307 308/308/308 309/309/309
f 310/310/310 311/311/311 312/312/312
f 313/313/313 314/314/314 315/315/315
f 316/316/316 317/317/317 318/318/318
f 319/319/319 320/320/320 321/321/321
f 322/322/322 323/323/323 324/324/324
f 325/325/325 326/326/326 327/327/327
f 328/328/328 329/329/329 330/330/330
f 331/331/331 332/332/332 333/333/333
f 334/334/334 335/335/335 336/336/336
f 337/337/337 338/338/338 339/339/339
f 340/340/340 341/341/341 342/342/342
f 343/343/343 344/344/344 345/345/345
f 346/346/346 347/347/347 348/348/348
f 349/349/349 350/350/350 351/351/351
f 352/352/352 353/353/353 354/354/354
f 355/355/355 356/356/356 357/357/357
f 358/358/358 359/359/359 360/360/360
f 361/361/361 362/362/362 363/363/363
f 364/364/364 365/365/365 366/366/366
f 367/367/367 368/368/368 369/369/369
f 370/370/370 371/371/371 372/372/372
f 373/373/373 374/374/374 375/375/375
f 376/376/376 377/377/377 378/378/378
f 379/379/379 380/380/380 381/381/381
f 382/382/382 383/383/383 384/384/384
f 385/385/385 386/386/386 387/387/387
f 388/388/388 389/389/389 390/390/390
f 391/391/391 392/392/392 393/393/393
f 394/394/394 395/395/395 396/396/396
f 397/397/397 398/398/398 399/399/399
f 400/400/400 401/401/401 402/402/402
f 403/403/403 404/404/404 405/405/405
f 406/406/406 407/407/407 408/408/408
f 409/409/409 410/410/410 411/411/411
f 412/412/412 413/413/413 414/414/414
f 415/415/415 416/416/416 417/417/417
f 418/418/418 419/419/419 420/420/420
f 421/421/421 422/422/422 423/423/423
f 424/424/424 425/425/425 426/426/426
f 427/427/427 428/428/428 429/429/429
f 430/430/430 431/431/431 432/432/432
f 433/433/433 434/434/434 435/435/435
f 436/436/436 437/437/437 438/438/438
f 439/439/439 440/440/440 441/441/441
f 442/442/442 443/443/443 444/444/444
f 445/445/445 446/446/446 447/447/447
f 448/448/448 449/449/449 450/450/450
f 451/451/451 452/452/452 453/453/453
f 454/454/454 455/455/455 456/456/456
f 457/457/457 458/458/458 459/459/459
f 460/460/460 461/461/461 462/462/462
f 463/463/463 464/464/464 465/465/465
f 466/466/466 467/467/467 468/468/468
f 469/469/469 470/470/470 471/471/471
f 472/472/472 473/473/473 474/474/474
f 475/475/475 476/476/476 477/477/477
f 478/478/478 479/479/479 480/480/480
f 481/481/481 482/482/482 483/483/483
f 484/484/484 485/485/485 486/486/486
f 487/487/487 488/488/488 489/489/489
f 490/490/490 491/491/491 492/492/492
f 493/493/493 494/494/494 495/495/495
f 496/496/496 497/497/497 498/498/498
f 499/499/499 500/500/500 501/501/501
f 502/502/502 503/503/503 504/504/504
f 505/505/505 506/506/506 507/507/507
f 508/508/508 509/509/509 510/510/510
f 511/511/511 512/512/512 513/513/513
f 514/514/514 515/515/515 516/516/516
f 517/517/517 518/518/518 519/519/519
f 520/520/520 521/521/521 522/522/522
f 523/523/523 524/524/524 525/525/525
f 526/526/526 527/527/527 528/528/528
f 529/529/529 530/530/530 531/531/531
f 532/532/532 533/533/533 534/534/534
f 535/535/535 536/536/536 537/537/537
f 538/538/538 539/539/539 540/540/540
f 541/541/541 542/542/542 543/543/543
f 544/544/544 545/545/545 546/546/546
f 547/547/547 548/548/548 549/549/549
f 550/550/550 551/551/551 552/552/552
f 553/553/553 554/554/554 555/555/555
f 556/556/556 557/557/557 558/558/558
f 559/559/559 560/560/560 561/561/561
f 562/562/562 563/563/563 564/564/564
f 565/565/565 566/566/566 567/567/567
f 568/568/568 569/569/569 570/570/570
f 571/571/571 572/572/572 573/573/573
f 574/574/574 575/575/575 576/576/576
f 577/577/577 578/578/578 579/579/579
f 580/580/580 581/581/581 582/582/582
f 583/583/583 584/584/584 585/585/585
f 586/586/586 587/587/587 588/588/588
f 589/589/589 590/590/590 591/591/591
f 592/592/592 593/593/593 594/594/594
f 595/595/595 596/596/596 597/597/597
f 598/598/598 599/599/599 600/600/600
f 601/601/601 602/602/602 603/603/603
f 604/604/604 605/605/605 606/606/606
f 607/607/607 608/608/608 609/609/609
f 610/610/610 611/611/611 612/612/612
f 613/613/613 614/614/614 615/615/615
f 616/616/616 617/617/617 618/618/618
f 619/619/619 620/620/620 621/621/621
f 622/622/622 623/623/623 624/624/624
f 625/625/625 626/626/626 627/627/627
f 628/628/628 629/629/629 630/630/630
f 631/631/631 632/632/632 633/633/633
f 634/634/634 635/635/635 636/636/636
f 637/637/637 638/638/638 639/639/639
f 640/640/640 641/641/641 642/642/642
f 643/643/643 644/644/644 645/645/645
f 646/646/646 647/647/647 648/648/648
f 649/649/649 650/650/650 651/651/651
f 652/652/652 653/653/653 654/654/654
f 655/655/655 656/656/656 657/657/657
f 658/658/658 659/659/659 660/660/660
f 661/661/661 662/662/662 663/663/663
f 664/664/664 665/665/665 666/666/666
f 667/667/667 668/668/668 669/669/669
f 670/670/670 671/671/671 672/672/672
f 673/673/673 674/674/674 675/675/675
f 676/676/676 677/677/677 678/678/678
f 679/679/679 680/680/680 681/681/681
f 682/682/682 683/683/683 684/684/684
f 685/685/685 686/686/686 687/687/687
f 688/688/688 689/689/689 690/690/690
f 691/691/691 692/692/692 693/693/693
f 694/694/694 695/695/695 696/696/696
f 697/697/697 698/698/698 699/699/699
f 700/700/700 701/701/701 702/702/702
f 703/703/703 704/704/704 705/705/705
f 706/706/706 707/707/707 708/708/708
f 709/709/709 710/710/710 711/711/711
f 712/712/712 713/713/713 714/714/714
f 715/715/715 716/716/716 717/717/717
f 718/718/718 719/719/719 720/720/720
f 721/721/721 722/722/722 723/723/723
f 724/724/724 725/725/725 726/726/726
f 727/727/727 728/728/728 729/729/729
f 730/730/730 731/731/731 732/732/732
f 733/733/733 734/734/734 735/735/735
f 736/736/736 737/737/737 738/738/738
f 739/739/739 740/740/740 741/741/741
f 742/742/742 743/743/743 744/744/744
f 745/745/745 746/746/746 747/747/747
f 748/748/748 749/749/749 750/750/750
f 751/751/751 752/752/752 753/753/753
f 754/754/754 755/755/755 756/756/756
f 757/757/757 758/758/758 759/759/759
f 760/760/760 761/761/761 762/762/762
f 763/763/763 764/764/764 765/765/765
f 766/766/766 767/767/767 768/768/768
f 769/769/769 770/770/770 771/771/771
f 772/772/772 773/773/773 774/774/774
f 775/775/775 776/776/776 777/777/777
f 778/778/778 779/779/779 780/780/780
f 781/781/781 782/782/782 783/783/783
f 784/784/784 785/785/785 786/786/786
f 787/787/787 788/788/788 789/789/789
f 790/790/790 791/791/791 792/792/792
f 793/793/793 794/794/794 795/795/795
f 796/796/796 797/797/797 798/798/798
f 799/799/799 800/800/800 801/801/801
f 802/802/802 803/803/803 804/804/804
f 805/805/805 806/806/806 807/807/807
f 808/808/808 809/809/809 810/810/810
f 811/811/811 812/812/812 813/813/813
f 814/814/814 815/815/815 816/816/816
f 817/817/817 818/818/818 819/819/819
f 820/820/820 821/821/821 822/822/822
f 823/823/823 824/824/824 825/825/825
f 826/826/826 827/827/827 828/828/828
f 829/829/829 830/830/830 831/831/831
f 832/832/832 833/833/833 834/834/834
f 835/835/835 836/836/836 837/837/837
f 838/838/838 839/839/839 840/840/840
f 841/841/841 842/842/842 843/843/843
f 844/844/844 845/845/845 846/846/846
f 847/847/847 848/848/848 849/849/849
f 850/850/850 851/851/851 852/852/852
f 853/853/853 854/854/854 855/855/855
f 856/856/856 857/857/857 858/858/858
f 859/859/859 860/860/860 861/861/861
f 862/862/862 863/863/863 864/864/864
f 865/865/865 866/866/866 867/867/867
f 868/868/868 869/869/869 870/870/870
f 871/871/871 872/872/872 873/873/873
f 874/874/874 875/875/875 876/876/876
f 877/877/877 878/878/878 879/879/879
f 880/880/880 881/881/881 882/882/882
f 883/883/883 884/884/884 885/885/885
f 886/886/886 887/887/887 888/888/888
f 889/889/889 890/890/890 891/891/891
f 892/892/892 893/893/893 894/894/894
f 895/895/895 896/896/896 897/897/897
f 898/898/898 899/899/899 900/900/900
f 901/901/901 902/902/902 903/903/903
f 904/904/904 905/905/905 906/906/906
f 907/907/907 908/908/908 909/909/909
f 910/910/910 911/911/911 912/912/912
f 913/913/913 914/914/914 915/915/915
f 916/916/916 917/917/917 918/918/918
f 919/919/919 920/920/920 921/921/921
f 922/922/922 923/923/923 924/924/924
f 925/925/925 926/926/926 927/927/927
f 928/928/928 929/929/929 930/930/930
f 931/931/931 932/932/932 933/933/933
f 934/934/934 935/935/935 936/936/936
f 937/937/937 938/938/938 939/939/939
f 940/940/940 941/941/941 942/942/942
f 943/943/943 944/944/944 945/945/945
f 946/946/946 947/947/947 948/948/948
f 949/949/949 950/950/950 951/951/951
f 952/952/952 953/953/953 954/954/954
f 955/955/955 956/956/956 957/957/957
f 958/958/958 959/959/959 960/960/960
f 961/961/961 962/962/962 963/963/963
f 964/964/964 965/965/965 966/966/966
f 967/967/967 968/968/968 969/969/969
f 970/970/970 971/971/971 972/972/972
f 973/973/973 974/974/974 975/975/975
f 976/976/976 977/977/977 978/978/978
f 979/979/979 980/980/980 981/981/981
f 982/982/982 983/983/983 984/984/984
f 985/985/985 986/986/986 987/987/987
f 988/988/988 989/989/989 990/990/990
f 991/991/991 992/992/992 993/993/993
f 994/994/994 995/995/995 996/996/996
f 997/997/997 998/998/998 999/999/999
f 1000/1000/1000 1001/1001/1001 1002/1002/1002
f 1003/1003/1003 1004/1004/1004 1005/1005/1005
f 1006/1006/1006 1007/1007/1007 1008/1008/1008
f 1009/1009/1009 1010/1010/1010 1011/1011/1011
f 1012/1012/1012 1013/1013/1013 1014/1014/1014
f 1015/1015/1015 1016/1016/1016 1017/1017/1017
f 1018/1018/1018 1019/1019/1019 1020/1020/1020
f 1021/1021/1021 1022/1022/1022 1023/1023/1023
f 1024/1024/1024 1025/1025/1025 1026/1026/1026
f 1027/1027/1027 1028/1028/1028 1029/1029/1029
f 1030/1030/1030 1031/1031/1031 1032/1032/1032
f 1033/1033/1033 1034/1034/1034 1035/1035/1035
f 1036/1036/1036 1037/1037/1037 1038/1038/1038
f 1039/1039/1039 1040/1040/1040 1041/1041/1041
f 1042/1042/1042 1043/1043/1043 1044/1044/1044
f 1045/1045/1045 1046/1046/1046 1047/1047/1047
f 1048/1048/1048 1049/1049/1049 1050/1050/1050
f 1051/1051/1051 1052/1052/1052 1053/1053/1053
f 1054/1054/1054 1055/1055/1055 1056/1056/1056
f 1057/1057/1057 1058/1058/1058 1059/1059/1059
f 1060/1060/1060 1061/1061/1061 1062/1062/1062
f 1063/1063/1063 1064/1064/1064 1065/1065/1065
f 1066/1066/1066 1067/1067/1067 1068/1068/1068
f 1069/1069/1069 1070/1070/1070 1071/1071/1071
f 1072/1072/1072 1073/1073/1073 1074/1074/1074
f 1075/1075/1075 1076/1076/1076 1077/1077/1077
f 1078/1078/1078 1079/1079/1079 1080/1080/1080
f 1081/1081/1081 1082/1082/1082 1083/1083/1083
f 1084/1084/1084 1085/1085/1085 1086/1086/1086
f 1087/1087/1087 1088/1088/1088 1089/1089/1089
f 1090/1090/1090 1091/1091/1091 1092/1092/1092
f 1093/1093/1093 1094/1094/1094 1095/1095/1095
f 1096/1096/1096 1097/1097/1097 1098/1098/1098
f 1099/1099/1099 1100/1100/1100 1101/1101/1101
f 1102/1102/1102 1103/1103/1103 1104/1104/1104
f 1105/1105/1105 1106/1106/1106 1107/1107/1107
f 1108/1108/1108 1109/1109/1109 1110/1110/1110
f 1111/1111/1111 1112/1112/1112 1113/1113/1113
f 1114/1114/1114 1115/1115/1115 1116/1116/1116
f 1117/1117/1117 1118/1118/1118 1119/1119/1119
f 1120/1120/1120 1121/1121/1121 1122/1122/1122
f 1123/1123/1123 1124/1124/1124 1125/1125/1125
f 1126/1126/1126 1127/1127/1127 1128/1128/1128
f 1129/1129/1129 1130/1130/1130 1131/1131/1131
f 1132/1132/1132 1133/1133/1133 1134/1134/1134
f 1135/1135/1135 1136/1136/1136 1137/1137/1137
f 1138/1138/1138 1139/1139/1139 1140/1140/1140
f 1141/1141/1141 1142/1142/1142 1143/1143/1143
f 1144/1144/1144 1145/1145/1145 1146/1146/1146
f 1147/1147/1147 1148/1148/1148 1149/1149/1149
f 1150/1150/1150 1151/1151/1151 1152/1152/1152
f 1153/1153/1153 1154/1154/1154 1155/1155/1155
f 1156/1156/1156 1157/1157/1157 1158/1158/1158
f 1159/1159/1159 1160/1160/1160 1161/1161/1161
f 1162/1162/1162 1163/1163/1163 1164/1164/1164
f 1165/1165/1165 1166/1166/1166 1167/1167/1167
f 1168/1168/1168 1169/1169/1169 1170/1170/1170
f 1171/1171/1171 1172/1172/1172 1173/1173/1173
f 1174/1174/1174 1175/1175/1175 1176/1176/1176
f 1177/1177/1177 1178/1178/1178 1179/1179/1179
f 1180/1180/1180 1181/1181/1181 1182/1182/1182
f 1183/1183/1183 1184/1184/1184 1185/1185/1185
f 1186/1186/1186 1187/1187/1187 1188/1188/1188
f 1189/1189/1189 1190/1190/1190 1191/1191/1191
f 1192/1192/1192 1193/1193/1193 1194/1194/1194
f 1195/1195/1195 1196/1196/1196 1197/1197/1197
f 1198/1198/1198 1199/1199/1199 1200/1200/1200
f 1201/1201/1201 1202/1202/1202 1203/1203/1203
f 1204/1204/1204 1205/1205/1205 1206/1206/1206
f 1207/1207/1207 1208/1208/1208 1209/1209/1209
f 1210/1210/1210 1211/1211/1211 1212/1212/1212
f 1213/1213/1213 1214/1214/1214 1215/1215/1215
f 1216/1216/1216 1217/1217/1217 1218/1218/1218
f 1219/1219/1219 1220/1220/1220 1221/1221/1221
f 1222/1222/1222 1223/1223/1223 1224/1224/1224
f 1225/1225/1225 1226/1226/1226 1227/1227/1227
f 1228/1228/1228 1229/1229/1229 1230/1230/1230
f 1231/1231/1231 1232/1232/1232 1233/1233/1233
f 1234/1234/1234 1235/1235/1235 1236/1236/1236
f 1237/1237/1237 1238/1238/1238 1239/1239/1239
f 1240/1240/1240 1241/1241/1241 1242/1242/1242
f 1243/1243/1243 1244/1244/1244 1245/1245/1245
f 1246/1246/1246 1247/1247/1247 1248/1248/1248
f 1249/1249/1249 1250/1250/1250 1251/1251/1251
f 1252/1252/1252 1253/1253/1253 1254/1254/1254
f 1255/1255/1255 1256/1256/1256 1257/1257/1257
f 1258/1258/1258 1259/1259/1259 1260/1260/1260
f 1261/1261/1261 1262/1262/1262 1263/1263/1263
f 1264/1264/1264 1265/1265/1265 1266/1266/1266
f 1267/1267/1267 1268/1268/1268 1269/1269/1269
f 1270/1270/1270 1271/1271/1271 1272/1272/1272
f 1273/1273/1273 1274/1274/1274 1275/1275/1275
f 1276/1276/1276 1277/1277/1277 1278/1278/1278
f 1279/1279/1279 1280/1280/1280 1281/1281/1281
f 1282/1282/1282 1283/1283/1283 1284/1284/1284
f 1285/1285/1285 1286/1286/1286 1287/1287/1287
f 1288/1288/1288 1289/1289/1289 1290/1290/1290
f 1291/1291/1291 1292/1292/1292 1293/1293/1293
f 1294/1294/1294 1295/1295/1295 1296/1296/1296
f 1297/1297/1297 1298/1298/1298 1299/1299/1299
f 1300/1300/1300 1301/1301/1301 1302/1302/1302
f 1303/1303/1303 1304/1304/1304 1305/1305/1305
f 1306/1306/1306 1307/1307/1307 1308/1308/1308
f 1309/1309/1309 1310/1310/1310 1311/1311/1311
f 1312/1312/1312 1313/1313/1313 1314/1314/1314
f 1315/1315/1315 1316/1316/1316 1317/1317/1317
f 1318/1318/1318 1319/1319/1319 1320/1320/1320
f 1321/1321/1321 1322/1322/1322 1323/1323/1323
f 1324/1324/1324 1325/1325/1325 1326/1326/1326
f 1327/1327/1327 1328/1328/1328 1329/1329/1329
f 1330/1330/1330 1331/1331/1331 1332/1332/1332
f 1333/1333/1333 1334/1334/1334 1335/1335/1335
f 1336/1336/1336 1337/1337/1337 1338/1338/1338
f 1339/1339/1339 1340/1340/1340 1341/1341/1341
f 1342/1342/1342 1343/1343/1343 1344/1344/1344
f 1345/1345/1345 1346/1346/1346 1347/1347/1347
f 1348/1348/1348 1349/1349/1349 1350/1350/1350
f 1351/1351/1351 1352/1352/1352 1353/1353/1353
f 1354/1354/1354 1355/1355/1355 1356/1356/1356
f 1357/1357/1357 1358/1358/1358 1359/1359/1359
f 1360/1360/1360 1361/1361/1361 1362/1362/1362
f 1363/1363/1363 1364/1364/1364 1365/1365/1365
f 1366/1366/1366 1367/1367/1367 1368/1368/1368
f 1369/1369/1369 1370/1370/1370 1371/1371/1371
f 1372/1372/1372 1373/1373/1373 1374/1374/1374
f 1375/1375/1375 1376/1376/1376 1377/1377/1377
f 1378/1378/1378 1379/1379/1379 1380/1380/1380
f 1381/1381/1381 1382/1382/1382 1383/1383/1383
f 1384/1384/1384 1385/1385/1385 1386/1386/1386
f 1387/1387/1387 1388/1388/1388 1389/1389/1389
f 1390/1390/1390 1391/1391/1391 1392/1392/1392
f 1393/1393/1393 1394/1394/1394 1395/1395/1395
f 1396/1396/1396 1397/1397/1397 1398/1398/1398
f 1399/1399/1399 1400/1400/1400 1401/1401/1401
f 1402/1402/1402 1403/1403/1403 1404/1404/1404
f 1405/1405/1405 1406/1406/1406 1407/1407/1407
f 1408/1408/1408 1409/1409/1409 1410/1410/1410
f 1411/1411/1411 1412/1412/1412 1413/1413/1413
f 1414/1414/1414 1415/1415/1415 1416/1416/1416
f 1417/1417/1417 1418/1418/1418 1419/1419/1419
f 1420/1420/1420 1421/1421/1421 1422/1422/1422
f 1423/1423/1423 1424/1424/1424 1425/1425/1425
f 1426/1426/1426 1427/1427/1427 1428/1428/1428
f 1429/1429/1429 1430/1430/1430 1431/1431/1431
f 1432/1432/1432 1433/1433/1433 1434/1434/1434
f 1435/1435/1435 1436/1436/1436 1437/1437/1437
f 1438/1438/1438 1439/1439/1439 1440/1440/1440
f 1441/1441/1441 1442/1442/1442 1443/1443/1443
f 1444/1444/1444 1445/1445/1445 1446/1446/1446
f 1447/1447/1447 1448/1448/1448 1449/1449/1449
f 1450/1450/1450 1451/1451/1451 1452/1452/1452
f 1453/1453/1453 1454/1454/1454 1455/1455/1455
f 1456/1456/1456 1457/1457/1457 1458/1458/1458
f 1459/1459/1459 1460/1460/1460 1461/1461/1461
f 1462/1462/1462 1463/1463/1463 1464/1464/1464
f 1465/1465/1465 1466/1466/1466 1467/1467/1467
f 1468/1468/1468 1469/1469/1469 1470/1470/1470
f 1471/1471/1471 1472/1472/1472 1473/1473/1473
f 1474/1474/1474 1475/1475/1475 1476/1476/1476
f 1477/1477/1477 1478/1478/1478 1479/1479/1479
f 1480/1480/1480 1481/1481/1481 1482/1482/1482
f 1483/1483/1483 1484/1484/1484 1485/1485/1485
f 1486/1486/1486 1487/1487/1487 1488/1488/1488
f 1489/1489/1489 1490/1490/1490 1491/1491/1491
f 1492/1492/1492 1493/1493/1493 1494/1494/1494
f 1495/1495/1495 1496/1496/1496 1497/1497/1497
f 1498/1498/1498 1499/1499/1499 1500/1500/1500
f 1501/1501/1501 1502/1502/1502 1503/1503/1503
f 1504/1504/1504 1505/1505/1505 1506/1506/1506
f 1507/1507/1507 1508/1508/1508 1509/1509/1509
f 1510/1510/1510 1511/1511/1511 1512/1512/1512
f 1513/1513/1513 1514/1514/1514 1515/1515/1515
f 1516/1516/1516 1517/1517/1517 1518/1518/1518
f 1519/1519/1519 1520/1520/1520 1521/1521/1521
f 1522/1522/1522 1523/1523/1523 1524/1524/1524
f 1525/1525/1525 1526/1526/1526 1527/1527/1527
f 1528/1528/1528 1529/1529/1529 1530/1530/1530
f 1531/1531/1531 1532/1532/1532 1533/1533/1533
f 1534/1534/1534 1535/1535/1535 1536/1536/1536
f 1537/1537/1537 1538/1538/1538 1539/1539/1539
f 1540/1540/1540 1541/1541/1541 1542/1542/1542
f 1543/1543/1543 1544/1544/1544 1545/1545/1545
f 1546/1546/1546 1547/1547/1547 1548/1548/1548
f 1549/1549/1549 1550/1550/1550 1551/1551/1551
f 1552/1552/1552 1553/1553/1553 1554/1554/1554
f 1555/1555/1555 1556/1556/1556 1557/1557/1557
f 1558/1558/1558 1559/1559/1559 1560/1560/1560
f 1561/1561/1561 1562/1562/1562 1563/1563/1563
f 1564/1564/1564 1565/1565/1565 1566/1566/1566
f 1567/1567/1567 1568/1568/1568 1569/1569/1569
f 1570/1570/1570 1571/1571/1571 1572/1572/1572
f 1573/1573/1573 1574/1574/1574 1575/1575/1575
f 1576/1576/1576 1577/1577/1577 1578/1578/1578
f 1579/1579/1579 1580/1580/1580 1581/1581/1581
f 1582/1582/1582 1583/1583/1583 1584/1584/1584
f 1585/1585/1585 1586/1586/1586 1587/1587/1587
f 1588/1588/1588 1589/1589/1589 1590/1590/1590
f 1591/1591/1591 1592/1592/1592 1593/1593/1593
f 1594/1594/1594 1595/1595/1595 1596/1596/1596
f 1597/1597/1597 1598/1598/1598 1599/1599/1599
f 1600/1600/1600 1601/1601/1601 1602/1602/1602
f 1603/1603/1603 1604/1604/1604 1605/1605/1605
f 1606/1606/1606 1607/1607/1607 1608/1608/1608
f 1609/1609/1609 1610/1610/1610 1611/1611/1611
f 1612/1612/1612 1613/1613/1613 1614/1614/1614
f 1615/1615/1615 1616/1616/1616 1617/1617/1617
f 1618/1618/1618 1619/1619/1619 1620/1620/1620
f 1621/1621/1621 1622/1622/1622 1623/1623/1623
f 1624/1624/1624 1625/1625/1625 1626/1626/1626
f 1627/1627/1627 1628/1628/1628 1629/1629/1629
f 1630/1630/1630 1631/1631/1631 1632/1632/1632
f 1633/1633/1633 1634/1634/1634 1635/1635/1635
f 1636/1636/1636 1637/1637/1637 1638/1638/1638
f 1639/1639/1639 1640/1640/1640 1641/1641/1641
f 1642/1642/1642 1643/1643/1643 1644/1644/1644
f 1645/1645/1645 1646/1646/1646 1647/1647/1647
f 1648/1648/1648 1649/1649/1649 1650/1650/1650
f 1651/1651/1651 1652/1652/1652 1653/1653/1653
f 1654/1654/1654 1655/1655/1655 1656/1656/1656
