o FBXASC195FBXASC135FBXASC195FBXASC144FBXASC194FBXASC179FBXASC195FBXASC189-FBXASC195FBXASC128FBXASC194FBXASC173FBXASC195FBXASC137FBXASC195FBXASC1728
usemtl MaterialFBXASC032FBXASC03527
v 0.6004999876022339 0.04360000044107437 0.12780000269412994
v 0.5920130014419556 0.04276207834482193 0.11929449439048767
v 0.5475000143051147 0.04360000044107437 0.12780000269412994
v 0.5475000143051147 0.04360000044107437 0.12780000269412994
v 0.5920130014419556 0.04276207834482193 0.11929449439048767
v 0.5475000143051147 0.04097096994519234 0.11288779228925705
v 0.5475000143051147 0.04097096994519234 0.11288779228925705
v 0.5920130014419556 0.04276207834482193 0.11929449439048767
v 0.583853006362915 0.04028138890862465 0.1111147329211235
v 0.5475000143051147 0.04097096994519234 0.11288779228925705
v 0.583853006362915 0.04028138890862465 0.1111147329211235
v 0.5763329863548279 0.03625214844942093 0.10357744246721268
v 0.5475000143051147 0.04097096994519234 0.11288779228925705
v 0.5763329863548279 0.03625214844942093 0.10357744246721268
v 0.5475000143051147 0.03339960426092148 0.09977472573518753
v 0.5475000143051147 0.03339960426092148 0.09977472573518753
v 0.5763329863548279 0.03625214844942093 0.10357744246721268
v 0.5697410106658936 0.030829710885882378 0.09697028994560242
v 0.5475000143051147 0.03339960426092148 0.09977472573518753
v 0.5697410106658936 0.030829710885882378 0.09697028994560242
v 0.5643309950828552 0.02422255650162697 0.09154785424470901
v 0.5475000143051147 0.03339960426092148 0.09977472573518753
v 0.5643309950828552 0.02422255650162697 0.09154785424470901
v 0.5475000143051147 0.021800000220537186 0.0900413915514946
v 0.5475000143051147 0.021800000220537186 0.0900413915514946
v 0.5643309950828552 0.02422255650162697 0.09154785424470901
v 0.5603110194206238 0.01668526791036129 0.087518610060215
v 0.5475000143051147 0.021800000220537186 0.0900413915514946
v 0.5603110194206238 0.01668526791036129 0.087518610060215
v 0.5475000143051147 0.007571364752948284 0.08486251533031464
v 0.5475000143051147 0.007571364752948284 0.08486251533031464
v 0.5603110194206238 0.01668526791036129 0.087518610060215
v 0.5578359961509705 0.008505509234964848 0.08503792434930801
v 0.5475000143051147 0.007571364752948284 0.08486251533031464
v 0.5578359961509705 0.008505509234964848 0.08503792434930801
v 0.5569999814033508 0 0.08420000225305557
v 0.5475000143051147 0.007571364752948284 0.08486251533031464
v 0.5569999814033508 0 0.08420000225305557
v 0.5475000143051147 -0.007571364752948284 0.08486251533031464
v 0.5475000143051147 -0.007571364752948284 0.08486251533031464
v 0.5569999814033508 0 0.08420000225305557
v 0.5578359961509705 -0.008505509234964848 0.08503792434930801
v 0.5475000143051147 -0.007571364752948284 0.08486251533031464
v 0.5578359961509705 -0.008505509234964848 0.08503792434930801
v 0.5603110194206238 -0.01668526791036129 0.087518610060215
v 0.5475000143051147 -0.007571364752948284 0.08486251533031464
v 0.5603110194206238 -0.01668526791036129 0.087518610060215
v 0.5475000143051147 -0.021800000220537186 0.0900413915514946
v 0.5475000143051147 -0.021800000220537186 0.0900413915514946
v 0.5603110194206238 -0.01668526791036129 0.087518610060215
v 0.5643309950828552 -0.02422255650162697 0.09154785424470901
v 0.5475000143051147 -0.021800000220537186 0.0900413915514946
v 0.5643309950828552 -0.02422255650162697 0.09154785424470901
v 0.5697410106658936 -0.030829710885882378 0.09697028994560242
v 0.5475000143051147 -0.021800000220537186 0.0900413915514946
v 0.5697410106658936 -0.030829710885882378 0.09697028994560242
v 0.5475000143051147 -0.03339960426092148 0.09977472573518753
v 0.5475000143051147 -0.03339960426092148 0.09977472573518753
v 0.5697410106658936 -0.030829710885882378 0.09697028994560242
v 0.5763329863548279 -0.03625214844942093 0.10357744246721268
v 0.5475000143051147 -0.03339960426092148 0.09977472573518753
v 0.5763329863548279 -0.03625214844942093 0.10357744246721268
v 0.5475000143051147 -0.04097096994519234 0.11288779228925705
v 0.5475000143051147 -0.04097096994519234 0.11288779228925705
v 0.5763329863548279 -0.03625214844942093 0.10357744246721268
v 0.583853006362915 -0.04028138890862465 0.1111147329211235
v 0.5475000143051147 -0.04097096994519234 0.11288779228925705
v 0.583853006362915 -0.04028138890862465 0.1111147329211235
v 0.5920130014419556 -0.04276207834482193 0.11929449439048767
v 0.6004999876022339 -0.04360000044107437 0.12780000269412994
v 0.5475000143051147 -0.04360000044107437 0.12780000269412994
v 0.5920130014419556 -0.04276207834482193 0.11929449439048767
v 0.5920130014419556 -0.04276207834482193 0.11929449439048767
v 0.5475000143051147 -0.04360000044107437 0.12780000269412994
v 0.5475000143051147 -0.04097096994519234 0.11288779228925705
v 0.6004999876022339 0.04360000044107437 0.1659179925918579
v 0.6154122352600098 0.04097096994519234 0.16193199157714844
v 0.6004999876022339 0.04360000044107437 0.12780000269412994
v 0.6004999876022339 0.04360000044107437 0.12780000269412994
v 0.6154122352600098 0.04097096994519234 0.16193199157714844
v 0.6154122352600098 0.04097096994519234 0.06849999725818634
v 0.6004999876022339 0.04360000044107437 0.12780000269412994
v 0.6154122352600098 0.04097096994519234 0.06849999725818634
v 0.6004999876022339 0.04360000044107437 0.06849999725818634
v 0.6154122352600098 0.04097096994519234 0.16193199157714844
v 0.6285252571105957 0.03339960426092148 0.15842600166797638
v 0.6154122352600098 0.04097096994519234 0.06849999725818634
v 0.6154122352600098 0.04097096994519234 0.06849999725818634
v 0.6285252571105957 0.03339960426092148 0.15842600166797638
v 0.6285252571105957 0.03339960426092148 0.06849999725818634
v 0.6285252571105957 0.03339960426092148 0.06849999725818634
v 0.6285252571105957 0.03339960426092148 0.15842600166797638
v 0.6382585763931274 0.021800000220537186 0.1558239907026291
v 0.6285252571105957 0.03339960426092148 0.06849999725818634
v 0.6382585763931274 0.021800000220537186 0.1558239907026291
v 0.6382585763931274 0.021800000220537186 0.06849999725818634
v 0.6382585763931274 0.021800000220537186 0.06849999725818634
v 0.6382585763931274 0.021800000220537186 0.1558239907026291
v 0.6434374451637268 0.007571364752948284 0.15443900227546692
v 0.6382585763931274 0.021800000220537186 0.06849999725818634
v 0.6434374451637268 0.007571364752948284 0.15443900227546692
v 0.6434374451637268 0.007571364752948284 0.06849999725818634
v 0.6434374451637268 0.007571364752948284 0.06849999725818634
v 0.6434374451637268 0.007571364752948284 0.15443900227546692
v 0.6434374451637268 -0.007571364752948284 0.06849999725818634
v 0.6434374451637268 -0.007571364752948284 0.06849999725818634
v 0.6434374451637268 0.007571364752948284 0.15443900227546692
v 0.6434374451637268 -0.007571364752948284 0.15443900227546692
v 0.6434374451637268 -0.007571364752948284 0.06849999725818634
v 0.6434374451637268 -0.007571364752948284 0.15443900227546692
v 0.6382585763931274 -0.021800000220537186 0.06849999725818634
v 0.6382585763931274 -0.021800000220537186 0.06849999725818634
v 0.6434374451637268 -0.007571364752948284 0.15443900227546692
v 0.6382585763931274 -0.021800000220537186 0.1558239907026291
v 0.6382585763931274 -0.021800000220537186 0.06849999725818634
v 0.6382585763931274 -0.021800000220537186 0.1558239907026291
v 0.6285252571105957 -0.03339960426092148 0.06849999725818634
v 0.6285252571105957 -0.03339960426092148 0.06849999725818634
v 0.6382585763931274 -0.021800000220537186 0.1558239907026291
v 0.6285252571105957 -0.03339960426092148 0.15842600166797638
v 0.6285252571105957 -0.03339960426092148 0.06849999725818634
v 0.6285252571105957 -0.03339960426092148 0.15842600166797638
v 0.6154122352600098 -0.04097096994519234 0.06849999725818634
v 0.6154122352600098 -0.04097096994519234 0.06849999725818634
v 0.6285252571105957 -0.03339960426092148 0.15842600166797638
v 0.6154122352600098 -0.04097096994519234 0.16193199157714844
v 0.6154122352600098 -0.04097096994519234 0.06849999725818634
v 0.6154122352600098 -0.04097096994519234 0.16193199157714844
v 0.6004999876022339 -0.04360000044107437 0.12780000269412994
v 0.6004999876022339 -0.04360000044107437 0.12780000269412994
v 0.6154122352600098 -0.04097096994519234 0.16193199157714844
v 0.6004999876022339 -0.04360000044107437 0.1659179925918579
v 0.6004999876022339 -0.04360000044107437 0.12780000269412994
v 0.6004999876022339 -0.04360000044107437 0.06849999725818634
v 0.6154122352600098 -0.04097096994519234 0.06849999725818634
v 0.6004999876022339 -0.04360000044107437 0.12780000269412994
v 0.6004999876022339 -0.04360000044107437 0.1659179925918579
v 0.591993510723114 -0.04276207834482193 0.13628600537776947
v 0.591993510723114 -0.04276207834482193 0.13628600537776947
v 0.6004999876022339 -0.04360000044107437 0.1659179925918579
v 0.5855877995491028 -0.04097096994519234 0.16990499198436737
v 0.591993510723114 -0.04276207834482193 0.13628600537776947
v 0.5855877995491028 -0.04097096994519234 0.16990499198436737
v 0.5838147401809692 -0.04028138890862465 0.14444699883460999
v 0.5838147401809692 -0.04028138890862465 0.14444699883460999
v 0.5855877995491028 -0.04097096994519234 0.16990499198436737
v 0.5762774348258972 -0.03625214844942093 0.15196700394153595
v 0.5762774348258972 -0.03625214844942093 0.15196700394153595
v 0.5855877995491028 -0.04097096994519234 0.16990499198436737
v 0.5724747180938721 -0.03339960426092148 0.17340999841690063
v 0.5762774348258972 -0.03625214844942093 0.15196700394153595
v 0.5724747180938721 -0.03339960426092148 0.17340999841690063
v 0.5696703195571899 -0.030829710885882378 0.15855899453163147
v 0.5696703195571899 -0.030829710885882378 0.15855899453163147
v 0.5724747180938721 -0.03339960426092148 0.17340999841690063
v 0.5642478466033936 -0.02422255650162697 0.1639689952135086
v 0.5642478466033936 -0.02422255650162697 0.1639689952135086
v 0.5724747180938721 -0.03339960426092148 0.17340999841690063
v 0.5627413988113403 -0.021800000220537186 0.17601199448108673
v 0.5642478466033936 -0.02422255650162697 0.1639689952135086
v 0.5627413988113403 -0.021800000220537186 0.17601199448108673
v 0.5602186322212219 -0.01668526791036129 0.16798900067806244
v 0.5602186322212219 -0.01668526791036129 0.16798900067806244
v 0.5627413988113403 -0.021800000220537186 0.17601199448108673
v 0.557562530040741 -0.007571364752948284 0.1773969978094101
v 0.5602186322212219 -0.01668526791036129 0.16798900067806244
v 0.557562530040741 -0.007571364752948284 0.1773969978094101
v 0.5577379465103149 -0.008505509234964848 0.17046399414539337
v 0.5577379465103149 -0.008505509234964848 0.17046399414539337
v 0.557562530040741 -0.007571364752948284 0.1773969978094101
v 0.5568999648094177 0 0.1712999939918518
v 0.5568999648094177 0 0.1712999939918518
v 0.557562530040741 -0.007571364752948284 0.1773969978094101
v 0.557562530040741 0.007571364752948284 0.1773969978094101
v 0.5568999648094177 0 0.1712999939918518
v 0.557562530040741 0.007571364752948284 0.1773969978094101
v 0.5577379465103149 0.008505509234964848 0.17046399414539337
v 0.5577379465103149 0.008505509234964848 0.17046399414539337
v 0.557562530040741 0.007571364752948284 0.1773969978094101
v 0.5602186322212219 0.01668526791036129 0.16798900067806244
v 0.5602186322212219 0.01668526791036129 0.16798900067806244
v 0.557562530040741 0.007571364752948284 0.1773969978094101
v 0.5627413988113403 0.021800000220537186 0.17601199448108673
v 0.5602186322212219 0.01668526791036129 0.16798900067806244
v 0.5627413988113403 0.021800000220537186 0.17601199448108673
v 0.5642478466033936 0.02422255650162697 0.1639689952135086
v 0.5642478466033936 0.02422255650162697 0.1639689952135086
v 0.5627413988113403 0.021800000220537186 0.17601199448108673
v 0.5696703195571899 0.030829710885882378 0.15855899453163147
v 0.5696703195571899 0.030829710885882378 0.15855899453163147
v 0.5627413988113403 0.021800000220537186 0.17601199448108673
v 0.5724747180938721 0.03339960426092148 0.17340999841690063
v 0.5696703195571899 0.030829710885882378 0.15855899453163147
v 0.5724747180938721 0.03339960426092148 0.17340999841690063
v 0.5762774348258972 0.03625214844942093 0.15196700394153595
v 0.5762774348258972 0.03625214844942093 0.15196700394153595
v 0.5724747180938721 0.03339960426092148 0.17340999841690063
v 0.5855877995491028 0.04097096994519234 0.16990499198436737
v 0.5762774348258972 0.03625214844942093 0.15196700394153595
v 0.5855877995491028 0.04097096994519234 0.16990499198436737
v 0.5838147401809692 0.04028138890862465 0.14444699883460999
v 0.5838147401809692 0.04028138890862465 0.14444699883460999
v 0.5855877995491028 0.04097096994519234 0.16990499198436737
v 0.591993510723114 0.04276207834482193 0.13628600537776947
v 0.591993510723114 0.04276207834482193 0.13628600537776947
v 0.5855877995491028 0.04097096994519234 0.16990499198436737
v 0.6004999876022339 0.04360000044107437 0.1659179925918579
v 0.591993510723114 0.04276207834482193 0.13628600537776947
v 0.6004999876022339 0.04360000044107437 0.1659179925918579
v 0.6004999876022339 0.04360000044107437 0.12780000269412994
v 0.08449999988079071 0.039100002497434616 0.12780000269412994
v 0.5475000143051147 0.039100002497434616 0.12780000269412994
v 0.08449999988079071 0.03674197196960449 0.11442679166793823
v 0.08449999988079071 0.03674197196960449 0.11442679166793823
v 0.5475000143051147 0.039100002497434616 0.12780000269412994
v 0.5475000143051147 0.03674197196960449 0.11442679166793823
v 0.08449999988079071 0.03674197196960449 0.11442679166793823
v 0.5475000143051147 0.03674197196960449 0.11442679166793823
v 0.08449999988079071 0.029952604323625565 0.10266672819852829
v 0.08449999988079071 0.029952604323625565 0.10266672819852829
v 0.5475000143051147 0.03674197196960449 0.11442679166793823
v 0.5475000143051147 0.029952604323625565 0.10266672819852829
v 0.08449999988079071 0.029952604323625565 0.10266672819852829
v 0.5475000143051147 0.029952604323625565 0.10266672819852829
v 0.08449999988079071 0.019550001248717308 0.09393839538097382
v 0.08449999988079071 0.019550001248717308 0.09393839538097382
v 0.5475000143051147 0.029952604323625565 0.10266672819852829
v 0.5475000143051147 0.019550001248717308 0.09393839538097382
v 0.08449999988079071 0.019550001248717308 0.09393839538097382
v 0.5475000143051147 0.019550001248717308 0.09393839538097382
v 0.08449999988079071 0.006789364852011204 0.08929351717233658
v 0.08449999988079071 0.006789364852011204 0.08929351717233658
v 0.5475000143051147 0.019550001248717308 0.09393839538097382
v 0.5475000143051147 0.006789364852011204 0.08929351717233658
v 0.08449999988079071 0.006789364852011204 0.08929351717233658
v 0.5475000143051147 0.006789364852011204 0.08929351717233658
v 0.08449999988079071 -0.006789364852011204 0.08929351717233658
v 0.08449999988079071 -0.006789364852011204 0.08929351717233658
v 0.5475000143051147 0.006789364852011204 0.08929351717233658
v 0.5475000143051147 -0.006789364852011204 0.08929351717233658
v 0.08449999988079071 -0.006789364852011204 0.08929351717233658
v 0.5475000143051147 -0.006789364852011204 0.08929351717233658
v 0.08449999988079071 -0.019550001248717308 0.09393839538097382
v 0.08449999988079071 -0.019550001248717308 0.09393839538097382
v 0.5475000143051147 -0.006789364852011204 0.08929351717233658
v 0.5475000143051147 -0.019550001248717308 0.09393839538097382
v 0.08449999988079071 -0.019550001248717308 0.09393839538097382
v 0.5475000143051147 -0.019550001248717308 0.09393839538097382
v 0.08449999988079071 -0.029952604323625565 0.10266672819852829
v 0.08449999988079071 -0.029952604323625565 0.10266672819852829
v 0.5475000143051147 -0.019550001248717308 0.09393839538097382
v 0.5475000143051147 -0.029952604323625565 0.10266672819852829
v 0.08449999988079071 -0.029952604323625565 0.10266672819852829
v 0.5475000143051147 -0.029952604323625565 0.10266672819852829
v 0.08449999988079071 -0.03674197196960449 0.11442679166793823
v 0.08449999988079071 -0.03674197196960449 0.11442679166793823
v 0.5475000143051147 -0.029952604323625565 0.10266672819852829
v 0.5475000143051147 -0.03674197196960449 0.11442679166793823
v 0.08449999988079071 -0.03674197196960449 0.11442679166793823
v 0.5475000143051147 -0.03674197196960449 0.11442679166793823
v 0.08449999988079071 -0.039100002497434616 0.12780000269412994
v 0.08449999988079071 -0.039100002497434616 0.12780000269412994
v 0.5475000143051147 -0.03674197196960449 0.11442679166793823
v 0.5475000143051147 -0.039100002497434616 0.12780000269412994
v 0.07449062168598175 -0.008503416553139687 0.08503735065460205
v 0.07443293929100037 -0.00851440615952015 0.08504532277584076
v 0.07448718696832657 0 0.08420082926750183
v 0.07448718696832657 0 0.08420082926750183
v 0.07443293929100037 -0.00851440615952015 0.08504532277584076
v 0.0727333202958107 -0.008761011064052582 0.08516082912683487
v 0.07448718696832657 0 0.08420082926750183
v 0.0727333202958107 -0.008761011064052582 0.08516082912683487
v 0.07105561345815659 -0.009007703512907028 0.08509745448827744
v 0.07105561345815659 -0.009007703512907028 0.08509745448827744
v 0.0727333202958107 -0.008761011064052582 0.08516082912683487
v 0.07234378159046173 -0.01718553900718689 0.0876387357711792
v 0.07105561345815659 -0.009007703512907028 0.08509745448827744
v 0.07234378159046173 -0.01718553900718689 0.0876387357711792
v 0.07029356062412262 -0.017670003697276115 0.08752896636724472
v 0.07029356062412262 -0.017670003697276115 0.08752896636724472
v 0.07234378159046173 -0.01718553900718689 0.0876387357711792
v 0.07178341597318649 -0.024258097633719444 0.09121067076921463
v 0.07029356062412262 -0.017670003697276115 0.08752896636724472
v 0.07178341597318649 -0.024258097633719444 0.09121067076921463
v 0.06919830292463303 -0.02494250424206257 0.0910254418849945
v 0.06919830292463303 -0.02494250424206257 0.0910254418849945
v 0.07178341597318649 -0.024258097633719444 0.09121067076921463
v 0.07104495167732239 -0.030564846470952034 0.09592335671186447
v 0.06919830292463303 -0.02494250424206257 0.0910254418849945
v 0.07104495167732239 -0.030564846470952034 0.09592335671186447
v 0.06775964051485062 -0.03142732381820679 0.09562745690345764
v 0.06775964051485062 -0.03142732381820679 0.09562745690345764
v 0.07104495167732239 -0.030564846470952034 0.09592335671186447
v 0.07015208154916763 -0.035905469208955765 0.10162407904863358
v 0.06775964051485062 -0.03142732381820679 0.09562745690345764
v 0.07015208154916763 -0.035905469208955765 0.10162407904863358
v 0.0660233423113823 -0.036919113248586655 0.10118535906076431
v 0.0660233423113823 -0.036919113248586655 0.10118535906076431
v 0.07015208154916763 -0.035905469208955765 0.10162407904863358
v 0.06913512200117111 -0.04011373221874237 0.10813341289758682
v 0.0660233423113823 -0.036919113248586655 0.10118535906076431
v 0.06913512200117111 -0.04011373221874237 0.10813341289758682
v 0.06404674053192139 -0.041245557367801666 0.10752277076244354
v 0.06404674053192139 -0.041245557367801666 0.10752277076244354
v 0.06913512200117111 -0.04011373221874237 0.10813341289758682
v 0.06802549958229065 -0.043054357171058655 0.11524598300457001
v 0.06404674053192139 -0.041245557367801666 0.10752277076244354
v 0.06802549958229065 -0.043054357171058655 0.11524598300457001
v 0.061890311539173126 -0.04426933079957962 0.11444037407636642
v 0.061890311539173126 -0.04426933079957962 0.11444037407636642
v 0.06802549958229065 -0.043054357171058655 0.11524598300457001
v 0.06685660779476166 -0.04463506117463112 0.12274038791656494
v 0.061890311539173126 -0.04426933079957962 0.11444037407636642
v 0.06685660779476166 -0.04463506117463112 0.12274038791656494
v 0.059621524065732956 -0.04589507356286049 0.12172575294971466
v 0.059621524065732956 -0.04589507356286049 0.12172575294971466
v 0.06685660779476166 -0.04463506117463112 0.12274038791656494
v 0.06566586345434189 -0.04480661079287529 0.13038212060928345
v 0.059621524065732956 -0.04589507356286049 0.12172575294971466
v 0.06566586345434189 -0.04480661079287529 0.13038212060928345
v 0.05730884522199631 -0.04607151821255684 0.12915237247943878
v 0.05730884522199631 -0.04607151821255684 0.12915237247943878
v 0.06566586345434189 -0.04480661079287529 0.13038212060928345
v 0.06448663026094437 -0.04356291890144348 0.13793258368968964
v 0.05730884522199631 -0.04607151821255684 0.12915237247943878
v 0.06448663026094437 -0.04356291890144348 0.13793258368968964
v 0.055021733045578 -0.04479260370135307 0.1364915519952774
v 0.055021733045578 -0.04479260370135307 0.1364915519952774
v 0.06448663026094437 -0.04356291890144348 0.13793258368968964
v 0.06343357264995575 -0.04116755723953247 0.14467504620552063
v 0.055021733045578 -0.04479260370135307 0.1364915519952774
v 0.06343357264995575 -0.04116755723953247 0.14467504620552063
v 0.05297604203224182 -0.04232799634337425 0.14304758608341217
v 0.05297604203224182 -0.04232799634337425 0.14304758608341217
v 0.06343357264995575 -0.04116755723953247 0.14467504620552063
v 0.06244966387748718 -0.03764364495873451 0.1509522646665573
v 0.05297604203224182 -0.04232799634337425 0.14304758608341217
v 0.06244966387748718 -0.03764364495873451 0.1509522646665573
v 0.05106867477297783 -0.038704875856637955 0.14915624260902405
v 0.05106867477297783 -0.038704875856637955 0.14915624260902405
v 0.06244966387748718 -0.03764364495873451 0.1509522646665573
v 0.061562106013298035 -0.03308947756886482 0.15659387409687042
v 0.05106867477297783 -0.038704875856637955 0.14915624260902405
v 0.061562106013298035 -0.03308947756886482 0.15659387409687042
v 0.04934787005186081 -0.03402259573340416 0.1546512097120285
v 0.04934787005186081 -0.03402259573340416 0.1546512097120285
v 0.061562106013298035 -0.03308947756886482 0.15659387409687042
v 0.06079607084393501 -0.027629392221570015 0.1614445596933365
v 0.04934787005186081 -0.03402259573340416 0.1546512097120285
v 0.06079607084393501 -0.027629392221570015 0.1614445596933365
v 0.047861795872449875 -0.028407540172338486 0.15938323736190796
v 0.047861795872449875 -0.028407540172338486 0.15938323736190796
v 0.06079607084393501 -0.027629392221570015 0.1614445596933365
v 0.060172662138938904 -0.021411754190921783 0.1653710901737213
v 0.047861795872449875 -0.028407540172338486 0.15938323736190796
v 0.060172662138938904 -0.021411754190921783 0.1653710901737213
v 0.046653568744659424 -0.02201605774462223 0.16322122514247894
v 0.046653568744659424 -0.02201605774462223 0.16322122514247894
v 0.060172662138938904 -0.021411754190921783 0.1653710901737213
v 0.05970993638038635 -0.014608916826546192 0.16826333105564117
v 0.046653568744659424 -0.02201605774462223 0.16322122514247894
v 0.05970993638038635 -0.014608916826546192 0.16826333105564117
v 0.0457572378218174 -0.015021461062133312 0.16605304181575775
v 0.0457572378218174 -0.015021461062133312 0.16605304181575775
v 0.05970993638038635 -0.014608916826546192 0.16826333105564117
v 0.05942491814494133 -0.007406215183436871 0.17003615200519562
v 0.0457572378218174 -0.015021461062133312 0.16605304181575775
v 0.05942491814494133 -0.007406215183436871 0.17003615200519562
v 0.045203838497400284 -0.0076150186359882355 0.1677946299314499
v 0.045203838497400284 -0.0076150186359882355 0.1677946299314499
v 0.05942491814494133 -0.007406215183436871 0.17003615200519562
v 0.051770199090242386 0 0.16963574290275574
v 0.045203838497400284 -0.0076150186359882355 0.1677946299314499
v 0.051770199090242386 0 0.16963574290275574
v 0.030491001904010773 0 0.16449706256389618
v 0.07449062168598175 -0.008503416553139687 0.08503735065460205
v 0.07449868321418762 -0.016687270253896713 0.08751962333917618
v 0.07443293929100037 -0.00851440615952015 0.08504532277584076
v 0.07443293929100037 -0.00851440615952015 0.08504532277584076
v 0.07449868321418762 -0.016687270253896713 0.08751962333917618
v 0.07442791014909744 -0.016701238229870796 0.0875266045331955
v 0.07443293929100037 -0.00851440615952015 0.08504532277584076
v 0.07442791014909744 -0.016701238229870796 0.0875266045331955
v 0.0727333202958107 -0.008761011064052582 0.08516082912683487
v 0.0727333202958107 -0.008761011064052582 0.08516082912683487
v 0.07442791014909744 -0.016701238229870796 0.0875266045331955
v 0.07234378159046173 -0.01718553900718689 0.0876387357711792
v 0.07442791014909744 -0.016701238229870796 0.0875266045331955
v 0.07449868321418762 -0.016687270253896713 0.08751962333917618
v 0.0744163766503334 -0.023574883118271828 0.09111600369215012
v 0.0744163766503334 -0.023574883118271828 0.09111600369215012
v 0.07449868321418762 -0.016687270253896713 0.08751962333917618
v 0.07450691610574722 -0.02422342449426651 0.09154905378818512
v 0.0744163766503334 -0.023574883118271828 0.09111600369215012
v 0.07450691610574722 -0.02422342449426651 0.09154905378818512
v 0.07178341597318649 -0.024258097633719444 0.09121067076921463
v 0.07178341597318649 -0.024258097633719444 0.09121067076921463
v 0.07450691610574722 -0.02422342449426651 0.09154905378818512
v 0.07104495167732239 -0.030564846470952034 0.09592335671186447
v 0.07104495167732239 -0.030564846470952034 0.09592335671186447
v 0.07450691610574722 -0.02422342449426651 0.09154905378818512
v 0.07439807057380676 -0.029702551662921906 0.09586525708436966
v 0.07439807057380676 -0.029702551662921906 0.09586525708436966
v 0.07450691610574722 -0.02422342449426651 0.09154905378818512
v 0.07451288402080536 -0.030827118083834648 0.096968874335289
v 0.07439807057380676 -0.029702551662921906 0.09586525708436966
v 0.07451288402080536 -0.030827118083834648 0.096968874335289
v 0.07104495167732239 -0.030564846470952034 0.09592335671186447
v 0.07104495167732239 -0.030564846470952034 0.09592335671186447
v 0.07451288402080536 -0.030827118083834648 0.096968874335289
v 0.07015208154916763 -0.035905469208955765 0.10162407904863358
v 0.07015208154916763 -0.035905469208955765 0.10162407904863358
v 0.07451288402080536 -0.030827118083834648 0.096968874335289
v 0.07437159866094589 -0.0348929800093174 0.10162167996168137
v 0.07437159866094589 -0.0348929800093174 0.10162167996168137
v 0.07451288402080536 -0.030827118083834648 0.096968874335289
v 0.07451624423265457 -0.0362500436604023 0.10357718169689178
v 0.07437159866094589 -0.0348929800093174 0.10162167996168137
v 0.07451624423265457 -0.0362500436604023 0.10357718169689178
v 0.07015208154916763 -0.035905469208955765 0.10162407904863358
v 0.07015208154916763 -0.035905469208955765 0.10162407904863358
v 0.07451624423265457 -0.0362500436604023 0.10357718169689178
v 0.06913512200117111 -0.04011373221874237 0.10813341289758682
v 0.06913512200117111 -0.04011373221874237 0.10813341289758682
v 0.07451624423265457 -0.0362500436604023 0.10357718169689178
v 0.07434023171663284 -0.03898099809885025 0.10820473730564117
v 0.07434023171663284 -0.03898099809885025 0.10820473730564117
v 0.07451624423265457 -0.0362500436604023 0.10357718169689178
v 0.07451741397380829 -0.040278974920511246 0.11111431568861008
v 0.07434023171663284 -0.03898099809885025 0.10820473730564117
v 0.07451741397380829 -0.040278974920511246 0.11111431568861008
v 0.06913512200117111 -0.04011373221874237 0.10813341289758682
v 0.06913512200117111 -0.04011373221874237 0.10813341289758682
v 0.07451741397380829 -0.040278974920511246 0.11111431568861008
v 0.06802549958229065 -0.043054357171058655 0.11524598300457001
v 0.06802549958229065 -0.043054357171058655 0.11524598300457001
v 0.07451741397380829 -0.040278974920511246 0.11111431568861008
v 0.07430335134267807 -0.04183943197131157 0.11540603637695312
v 0.07430335134267807 -0.04183943197131157 0.11540603637695312
v 0.07451741397380829 -0.040278974920511246 0.11111431568861008
v 0.07451693713665009 -0.042760662734508514 0.11929477006196976
v 0.07430335134267807 -0.04183943197131157 0.11540603637695312
v 0.07451693713665009 -0.042760662734508514 0.11929477006196976
v 0.06802549958229065 -0.043054357171058655 0.11524598300457001
v 0.06802549958229065 -0.043054357171058655 0.11524598300457001
v 0.07451693713665009 -0.042760662734508514 0.11929477006196976
v 0.06685660779476166 -0.04463506117463112 0.12274038791656494
v 0.06685660779476166 -0.04463506117463112 0.12274038791656494
v 0.07451693713665009 -0.042760662734508514 0.11929477006196976
v 0.07426433265209198 -0.04337506368756294 0.12299919873476028
v 0.07426433265209198 -0.04337506368756294 0.12299919873476028
v 0.07451693713665009 -0.042760662734508514 0.11929477006196976
v 0.07451527565717697 -0.04359882324934006 0.12780000269412994
v 0.07426433265209198 -0.04337506368756294 0.12299919873476028
v 0.07451527565717697 -0.04359882324934006 0.12780000269412994
v 0.06685660779476166 -0.04463506117463112 0.12274038791656494
v 0.06685660779476166 -0.04463506117463112 0.12274038791656494
v 0.07451527565717697 -0.04359882324934006 0.12780000269412994
v 0.06566586345434189 -0.04480661079287529 0.13038212060928345
v 0.06566586345434189 -0.04480661079287529 0.13038212060928345
v 0.07451527565717697 -0.04359882324934006 0.12780000269412994
v 0.07422251254320145 -0.043542709201574326 0.13074377179145813
v 0.07422251254320145 -0.043542709201574326 0.13074377179145813
v 0.07451527565717697 -0.04359882324934006 0.12780000269412994
v 0.07451286911964417 -0.04276126250624657 0.13630534708499908
v 0.07422251254320145 -0.043542709201574326 0.13074377179145813
v 0.07451286911964417 -0.04276126250624657 0.13630534708499908
v 0.06566586345434189 -0.04480661079287529 0.13038212060928345
v 0.06566586345434189 -0.04480661079287529 0.13038212060928345
v 0.07451286911964417 -0.04276126250624657 0.13630534708499908
v 0.06448663026094437 -0.04356291890144348 0.13793258368968964
v 0.06448663026094437 -0.04356291890144348 0.13793258368968964
v 0.07451286911964417 -0.04276126250624657 0.13630534708499908
v 0.0741821900010109 -0.04233425855636597 0.13839520514011383
v 0.0741821900010109 -0.04233425855636597 0.13839520514011383
v 0.07451286911964417 -0.04276126250624657 0.13630534708499908
v 0.07451009005308151 -0.04027991369366646 0.14448606967926025
v 0.0741821900010109 -0.04233425855636597 0.13839520514011383
v 0.07451009005308151 -0.04027991369366646 0.14448606967926025
v 0.06448663026094437 -0.04356291890144348 0.13793258368968964
v 0.06448663026094437 -0.04356291890144348 0.13793258368968964
v 0.07451009005308151 -0.04027991369366646 0.14448606967926025
v 0.06343357264995575 -0.04116755723953247 0.14467504620552063
v 0.06343357264995575 -0.04116755723953247 0.14467504620552063
v 0.07451009005308151 -0.04027991369366646 0.14448606967926025
v 0.07414481043815613 -0.040006186813116074 0.14522385597229004
v 0.07414481043815613 -0.040006186813116074 0.14522385597229004
v 0.07451009005308151 -0.04027991369366646 0.14448606967926025
v 0.07450728118419647 -0.03625092655420303 0.15202341973781586
v 0.07414481043815613 -0.040006186813116074 0.14522385597229004
v 0.07450728118419647 -0.03625092655420303 0.15202341973781586
v 0.07411044090986252 -0.036582548171281815 0.15157544612884521
v 0.07411044090986252 -0.036582548171281815 0.15157544612884521
v 0.07450728118419647 -0.03625092655420303 0.15202341973781586
v 0.06244966387748718 -0.03764364495873451 0.1509522646665573
v 0.07411044090986252 -0.036582548171281815 0.15157544612884521
v 0.06244966387748718 -0.03764364495873451 0.1509522646665573
v 0.06343357264995575 -0.04116755723953247 0.14467504620552063
v 0.06244966387748718 -0.03764364495873451 0.1509522646665573
v 0.07450728118419647 -0.03625092655420303 0.15202341973781586
v 0.0740792378783226 -0.03215653821825981 0.15727655589580536
v 0.0740792378783226 -0.03215653821825981 0.15727655589580536
v 0.07450728118419647 -0.03625092655420303 0.15202341973781586
v 0.07450472563505173 -0.030827628448605537 0.15863162279129028
v 0.0740792378783226 -0.03215653821825981 0.15727655589580536
v 0.07450472563505173 -0.030827628448605537 0.15863162279129028
v 0.061562106013298035 -0.03308947756886482 0.15659387409687042
v 0.061562106013298035 -0.03308947756886482 0.15659387409687042
v 0.07450472563505173 -0.030827628448605537 0.15863162279129028
v 0.07405134290456772 -0.026850447058677673 0.16217082738876343
v 0.061562106013298035 -0.03308947756886482 0.15659387409687042
v 0.07405134290456772 -0.026850447058677673 0.16217082738876343
v 0.06079607084393501 -0.027629392221570015 0.1614445596933365
v 0.06079607084393501 -0.027629392221570015 0.1614445596933365
v 0.07405134290456772 -0.026850447058677673 0.16217082738876343
v 0.074029840528965 -0.020808635279536247 0.1661238968372345
v 0.06079607084393501 -0.027629392221570015 0.1614445596933365
v 0.074029840528965 -0.020808635279536247 0.1661238968372345
v 0.060172662138938904 -0.021411754190921783 0.1653710901737213
v 0.060172662138938904 -0.021411754190921783 0.1653710901737213
v 0.074029840528965 -0.020808635279536247 0.1661238968372345
v 0.07401379197835922 -0.01419750228524208 0.16902756690979004
v 0.060172662138938904 -0.021411754190921783 0.1653710901737213
v 0.07401379197835922 -0.01419750228524208 0.16902756690979004
v 0.05970993638038635 -0.014608916826546192 0.16826333105564117
v 0.05970993638038635 -0.014608916826546192 0.16826333105564117
v 0.07401379197835922 -0.01419750228524208 0.16902756690979004
v 0.0740031898021698 -0.007197474129498005 0.17080262303352356
v 0.05970993638038635 -0.014608916826546192 0.16826333105564117
v 0.0740031898021698 -0.007197474129498005 0.17080262303352356
v 0.05942491814494133 -0.007406215183436871 0.17003615200519562
v 0.05942491814494133 -0.007406215183436871 0.17003615200519562
v 0.0740031898021698 -0.007197474129498005 0.17080262303352356
v 0.07400000095367432 0 0.17139999568462372
v 0.05942491814494133 -0.007406215183436871 0.17003615200519562
v 0.07400000095367432 0 0.17139999568462372
v 0.051770199090242386 0 0.16963574290275574
v 0.07450472563505173 -0.030827628448605537 0.15863162279129028
v 0.07450263202190399 -0.024223539978265762 0.1640511155128479
v 0.07405134290456772 -0.026850447058677673 0.16217082738876343
v 0.07405134290456772 -0.026850447058677673 0.16217082738876343
v 0.07450263202190399 -0.024223539978265762 0.1640511155128479
v 0.074029840528965 -0.020808635279536247 0.1661238968372345
v 0.07450263202190399 -0.024223539978265762 0.1640511155128479
v 0.07450113445520401 -0.016687272116541862 0.1680803745985031
v 0.074029840528965 -0.020808635279536247 0.1661238968372345
v 0.074029840528965 -0.020808635279536247 0.1661238968372345
v 0.07450113445520401 -0.016687272116541862 0.1680803745985031
v 0.07401379197835922 -0.01419750228524208 0.16902756690979004
v 0.07450113445520401 -0.016687272116541862 0.1680803745985031
v 0.07450027018785477 -0.008503502234816551 0.17056307196617126
v 0.07401379197835922 -0.01419750228524208 0.16902756690979004
v 0.07401379197835922 -0.01419750228524208 0.16902756690979004
v 0.07450027018785477 -0.008503502234816551 0.17056307196617126
v 0.0740031898021698 -0.007197474129498005 0.17080262303352356
v 0.07450027018785477 -0.008503502234816551 0.17056307196617126
v 0.07450000196695328 0 0.17139999568462372
v 0.0740031898021698 -0.007197474129498005 0.17080262303352356
v 0.0740031898021698 -0.007197474129498005 0.17080262303352356
v 0.07450000196695328 0 0.17139999568462372
v 0.0742499977350235 0 0.17139999568462372
v 0.0740031898021698 -0.007197474129498005 0.17080262303352356
v 0.0742499977350235 0 0.17139999568462372
v 0.07400000095367432 0 0.17139999568462372
v 0.010485748760402203 0 0.15621717274188995
v 0.018199685961008072 -0.008032760582864285 0.1591445803642273
v 0.030491001904010773 0 0.16449706256389618
v 0.030491001904010773 0 0.16449706256389618
v 0.018199685961008072 -0.008032760582864285 0.1591445803642273
v 0.03143206238746643 -0.00782387051731348 0.16414208710193634
v 0.030491001904010773 0 0.16449706256389618
v 0.03143206238746643 -0.00782387051731348 0.16414208710193634
v 0.045203838497400284 -0.0076150186359882355 0.1677946299314499
v 0.045203838497400284 -0.0076150186359882355 0.1677946299314499
v 0.03143206238746643 -0.00782387051731348 0.16414208710193634
v 0.03224381059408188 -0.015433115884661674 0.1624617576599121
v 0.045203838497400284 -0.0076150186359882355 0.1677946299314499
v 0.03224381059408188 -0.015433115884661674 0.1624617576599121
v 0.0457572378218174 -0.015021461062133312 0.16605304181575775
v 0.0457572378218174 -0.015021461062133312 0.16605304181575775
v 0.03224381059408188 -0.015433115884661674 0.1624617576599121
v 0.03355768695473671 -0.022619521245360374 0.15973436832427979
v 0.0457572378218174 -0.015021461062133312 0.16605304181575775
v 0.03355768695473671 -0.022619521245360374 0.15973436832427979
v 0.046653568744659424 -0.02201605774462223 0.16322122514247894
v 0.046653568744659424 -0.02201605774462223 0.16322122514247894
v 0.03355768695473671 -0.022619521245360374 0.15973436832427979
v 0.03533165901899338 -0.02918686904013157 0.15604695677757263
v 0.046653568744659424 -0.02201605774462223 0.16322122514247894
v 0.03533165901899338 -0.02918686904013157 0.15604695677757263
v 0.047861795872449875 -0.028407540172338486 0.15938323736190796
v 0.047861795872449875 -0.028407540172338486 0.15938323736190796
v 0.03533165901899338 -0.02918686904013157 0.15604695677757263
v 0.03751266747713089 -0.034955888986587524 0.15150561928749084
v 0.047861795872449875 -0.028407540172338486 0.15938323736190796
v 0.03751266747713089 -0.034955888986587524 0.15150561928749084
v 0.04934787005186081 -0.03402259573340416 0.1546512097120285
v 0.04934787005186081 -0.03402259573340416 0.1546512097120285
v 0.03751266747713089 -0.034955888986587524 0.15150561928749084
v 0.04003862291574478 -0.03976723551750183 0.14623838663101196
v 0.04934787005186081 -0.03402259573340416 0.1546512097120285
v 0.04003862291574478 -0.03976723551750183 0.14623838663101196
v 0.05106867477297783 -0.038704875856637955 0.14915624260902405
v 0.05106867477297783 -0.038704875856637955 0.14915624260902405
v 0.04003862291574478 -0.03976723551750183 0.14623838663101196
v 0.042841337621212006 -0.04348951205611229 0.14038842916488647
v 0.05106867477297783 -0.038704875856637955 0.14915624260902405
v 0.042841337621212006 -0.04348951205611229 0.14038842916488647
v 0.05297604203224182 -0.04232799634337425 0.14304758608341217
v 0.05297604203224182 -0.04232799634337425 0.14304758608341217
v 0.042841337621212006 -0.04348951205611229 0.14038842916488647
v 0.04584556818008423 -0.046021319925785065 0.13411402702331543
v 0.05297604203224182 -0.04232799634337425 0.14304758608341217
v 0.04584556818008423 -0.046021319925785065 0.13411402702331543
v 0.055021733045578 -0.04479260370135307 0.1364915519952774
v 0.055021733045578 -0.04479260370135307 0.1364915519952774
v 0.04584556818008423 -0.046021319925785065 0.13411402702331543
v 0.04920549318194389 -0.0473354309797287 0.1270923912525177
v 0.055021733045578 -0.04479260370135307 0.1364915519952774
v 0.04920549318194389 -0.0473354309797287 0.1270923912525177
v 0.05730884522199631 -0.04607151821255684 0.12915237247943878
v 0.05730884522199631 -0.04607151821255684 0.12915237247943878
v 0.04920549318194389 -0.0473354309797287 0.1270923912525177
v 0.0526040717959404 -0.04715409129858017 0.11998822540044785
v 0.05730884522199631 -0.04607151821255684 0.12915237247943878
v 0.0526040717959404 -0.04715409129858017 0.11998822540044785
v 0.059621524065732956 -0.04589507356286049 0.12172575294971466
v 0.059621524065732956 -0.04589507356286049 0.12172575294971466
v 0.0526040717959404 -0.04715409129858017 0.11998822540044785
v 0.05593875050544739 -0.04548434913158417 0.11301815509796143
v 0.059621524065732956 -0.04589507356286049 0.12172575294971466
v 0.05593875050544739 -0.04548434913158417 0.11301815509796143
v 0.061890311539173126 -0.04426933079957962 0.11444037407636642
v 0.061890311539173126 -0.04426933079957962 0.11444037407636642
v 0.05593875050544739 -0.04548434913158417 0.11301815509796143
v 0.0591069757938385 -0.04237748309969902 0.10639476031064987
v 0.061890311539173126 -0.04426933079957962 0.11444037407636642
v 0.0591069757938385 -0.04237748309969902 0.10639476031064987
v 0.06404674053192139 -0.041245557367801666 0.10752277076244354
v 0.06404674053192139 -0.041245557367801666 0.10752277076244354
v 0.0591069757938385 -0.04237748309969902 0.10639476031064987
v 0.06201223284006119 -0.0379318930208683 0.10032445937395096
v 0.06404674053192139 -0.041245557367801666 0.10752277076244354
v 0.06201223284006119 -0.0379318930208683 0.10032445937395096
v 0.0660233423113823 -0.036919113248586655 0.10118535906076431
v 0.0660233423113823 -0.036919113248586655 0.10118535906076431
v 0.06201223284006119 -0.0379318930208683 0.10032445937395096
v 0.06456400454044342 -0.03228897601366043 0.09499350190162659
v 0.0660233423113823 -0.036919113248586655 0.10118535906076431
v 0.06456400454044342 -0.03228897601366043 0.09499350190162659
v 0.06775964051485062 -0.03142732381820679 0.09562745690345764
v 0.06775964051485062 -0.03142732381820679 0.09562745690345764
v 0.06456400454044342 -0.03228897601366043 0.09499350190162659
v 0.06667990237474442 -0.025626081973314285 0.09057222306728363
v 0.06775964051485062 -0.03142732381820679 0.09562745690345764
v 0.06667990237474442 -0.025626081973314285 0.09057222306728363
v 0.06919830292463303 -0.02494250424206257 0.0910254418849945
v 0.06919830292463303 -0.02494250424206257 0.0910254418849945
v 0.06667990237474442 -0.025626081973314285 0.09057222306728363
v 0.06829008460044861 -0.018154606223106384 0.08720827847719193
v 0.06919830292463303 -0.02494250424206257 0.0910254418849945
v 0.06829008460044861 -0.018154606223106384 0.08720827847719193
v 0.07029356062412262 -0.017670003697276115 0.08752896636724472
v 0.07029356062412262 -0.017670003697276115 0.08752896636724472
v 0.06829008460044861 -0.018154606223106384 0.08720827847719193
v 0.0694127008318901 -0.009255466982722282 0.08486215025186539
v 0.07029356062412262 -0.017670003697276115 0.08752896636724472
v 0.0694127008318901 -0.009255466982722282 0.08486215025186539
v 0.07105561345815659 -0.009007703512907028 0.08509745448827744
v 0.07105561345815659 -0.009007703512907028 0.08509745448827744
v 0.0694127008318901 -0.009255466982722282 0.08486215025186539
v 0.07448718696832657 0 0.08420082926750183
v 0.018199685961008072 -0.008032760582864285 0.1591445803642273
v 0.010485748760402203 0 0.15621717274188995
v 0.00529856001958251 -0.008246679790318012 0.15269707143306732
v 0.00529856001958251 -0.008246679790318012 0.15269707143306732
v 0.010485748760402203 0 0.15621717274188995
v -0.00792232621461153 0 0.145028218626976
v 0.00529856001958251 -0.008246679790318012 0.15269707143306732
v -0.00792232621461153 0 0.145028218626976
v -0.0068440185859799385 -0.008460624143481255 0.1449766606092453
v -0.0068440185859799385 -0.008460624143481255 0.1449766606092453
v -0.00792232621461153 0 0.145028218626976
v -0.01812899298965931 -0.008674588054418564 0.13605238497257233
v -0.0068440185859799385 -0.008460624143481255 0.1449766606092453
v -0.01812899298965931 -0.008674588054418564 0.13605238497257233
v -0.016405103728175163 -0.017111510038375854 0.13489119708538055
v -0.016405103728175163 -0.017111510038375854 0.13489119708538055
v -0.01812899298965931 -0.008674588054418564 0.13605238497257233
v -0.02655119076371193 -0.01753450557589531 0.12502643465995789
v -0.016405103728175163 -0.017111510038375854 0.13489119708538055
v -0.02655119076371193 -0.01753450557589531 0.12502643465995789
v -0.023449156433343887 -0.02569962665438652 0.12346439063549042
v -0.023449156433343887 -0.02569962665438652 0.12346439063549042
v -0.02655119076371193 -0.01753450557589531 0.12502643465995789
v -0.03229721635580063 -0.02631872333586216 0.11290140450000763
v -0.023449156433343887 -0.02569962665438652 0.12346439063549042
v -0.03229721635580063 -0.02631872333586216 0.11290140450000763
v -0.027727896347641945 -0.03395988792181015 0.11126689612865448
v -0.027727896347641945 -0.03395988792181015 0.11126689612865448
v -0.03229721635580063 -0.02631872333586216 0.11290140450000763
v -0.035170819610357285 -0.03475911542773247 0.10026998072862625
v -0.027727896347641945 -0.03395988792181015 0.11126689612865448
v -0.035170819610357285 -0.03475911542773247 0.10026998072862625
v -0.029135147109627724 -0.04162902384996414 0.09889041632413864
v -0.029135147109627724 -0.04162902384996414 0.09889041632413864
v -0.035170819610357285 -0.03475911542773247 0.10026998072862625
v -0.03511689603328705 -0.0425853468477726 0.08772391825914383
v -0.029135147109627724 -0.04162902384996414 0.09889041632413864
v -0.03511689603328705 -0.0425853468477726 0.08772391825914383
v -0.027704978361725807 -0.048447590321302414 0.08690273761749268
v -0.027704978361725807 -0.048447590321302414 0.08690273761749268
v -0.03511689603328705 -0.0425853468477726 0.08772391825914383
v -0.03283361718058586 -0.0491352416574955 0.07582619786262512
v -0.027704978361725807 -0.048447590321302414 0.08690273761749268
v -0.03283361718058586 -0.0491352416574955 0.07582619786262512
v -0.02261720970273018 -0.054597824811935425 0.07582338899374008
v -0.00792232621461153 0 0.145028218626976
v -0.02440703473985195 0 0.1311623752117157
v -0.01812899298965931 -0.008674588054418564 0.13605238497257233
v -0.01812899298965931 -0.008674588054418564 0.13605238497257233
v -0.02440703473985195 0 0.1311623752117157
v -0.028459306806325912 -0.00888856966048479 0.12599529325962067
v -0.01812899298965931 -0.008674588054418564 0.13605238497257233
v -0.028459306806325912 -0.00888856966048479 0.12599529325962067
v -0.02655119076371193 -0.01753450557589531 0.12502643465995789
v -0.02655119076371193 -0.01753450557589531 0.12502643465995789
v -0.028459306806325912 -0.00888856966048479 0.12599529325962067
v -0.035667579621076584 -0.017956547439098358 0.11411891877651215
v -0.02655119076371193 -0.01753450557589531 0.12502643465995789
v -0.035667579621076584 -0.017956547439098358 0.11411891877651215
v -0.03229721635580063 -0.02631872333586216 0.11290140450000763
v -0.03229721635580063 -0.02631872333586216 0.11290140450000763
v -0.035667579621076584 -0.017956547439098358 0.11411891877651215
v -0.04005753621459007 -0.02693788893520832 0.10139773786067963
v -0.03229721635580063 -0.02631872333586216 0.11290140450000763
v -0.04005753621459007 -0.02693788893520832 0.10139773786067963
v -0.035170819610357285 -0.03475911542773247 0.10026998072862625
v -0.035170819610357285 -0.03475911542773247 0.10026998072862625
v -0.04005753621459007 -0.02693788893520832 0.10139773786067963
v -0.04148697853088379 -0.035558417439460754 0.08843649923801422
v -0.035170819610357285 -0.03475911542773247 0.10026998072862625
v -0.04148697853088379 -0.035558417439460754 0.08843649923801422
v -0.03511689603328705 -0.0425853468477726 0.08772391825914383
v -0.03511689603328705 -0.0425853468477726 0.08772391825914383
v -0.04148697853088379 -0.035558417439460754 0.08843649923801422
v -0.04178979620337486 -0.04178478941321373 0.0758284404873848
v -0.03511689603328705 -0.0425853468477726 0.08772391825914383
v -0.04178979620337486 -0.04178478941321373 0.0758284404873848
v -0.03283361718058586 -0.0491352416574955 0.07582619786262512
v -0.02440703473985195 0 0.1311623752117157
v -0.03864717856049538 0 0.11485276371240616
v -0.028459306806325912 -0.00888856966048479 0.12599529325962067
v -0.028459306806325912 -0.00888856966048479 0.12599529325962067
v -0.03864717856049538 0 0.11485276371240616
v -0.0377378948032856 -0.009103566408157349 0.11487443745136261
v -0.028459306806325912 -0.00888856966048479 0.12599529325962067
v -0.0377378948032856 -0.009103566408157349 0.11487443745136261
v -0.035667579621076584 -0.017956547439098358 0.11411891877651215
v -0.035667579621076584 -0.017956547439098358 0.11411891877651215
v -0.0377378948032856 -0.009103566408157349 0.11487443745136261
v -0.043658193200826645 -0.01837962679564953 0.10223769396543503
v -0.035667579621076584 -0.017956547439098358 0.11411891877651215
v -0.043658193200826645 -0.01837962679564953 0.10223769396543503
v -0.04005753621459007 -0.02693788893520832 0.10139773786067963
v -0.04005753621459007 -0.02693788893520832 0.10139773786067963
v -0.043658193200826645 -0.01837962679564953 0.10223769396543503
v -0.04663804545998573 -0.027557112276554108 0.08901846408843994
v -0.04005753621459007 -0.02693788893520832 0.10139773786067963
v -0.04663804545998573 -0.027557112276554108 0.08901846408843994
v -0.04148697853088379 -0.035558417439460754 0.08843649923801422
v -0.04148697853088379 -0.035558417439460754 0.08843649923801422
v -0.04663804545998573 -0.027557112276554108 0.08901846408843994
v -0.04913428798317909 -0.03283298388123512 0.07583009451627731
v -0.04148697853088379 -0.035558417439460754 0.08843649923801422
v -0.04913428798317909 -0.03283298388123512 0.07583009451627731
v -0.04178979620337486 -0.04178478941321373 0.0758284404873848
v -0.0377378948032856 -0.009103566408157349 0.11487443745136261
v -0.03864717856049538 0 0.11485276371240616
v -0.045866675674915314 -0.00931757502257824 0.10275986790657043
v -0.045866675674915314 -0.00931757502257824 0.10275986790657043
v -0.03864717856049538 0 0.11485276371240616
v -0.050317514687776566 0 0.09633153676986694
v -0.045866675674915314 -0.00931757502257824 0.10275986790657043
v -0.050317514687776566 0 0.09633153676986694
v -0.05274857580661774 -0.0095315957441926 0.0897226333618164
v -0.05274857580661774 -0.0095315957441926 0.0897226333618164
v -0.050317514687776566 0 0.09633153676986694
v -0.05909475311636925 0 0.07583196461200714
v -0.05274857580661774 -0.0095315957441926 0.0897226333618164
v -0.05909475311636925 0 0.07583196461200714
v -0.057959992438554764 -0.011525491252541542 0.07583179324865341
v -0.05274857580661774 -0.0095315957441926 0.0897226333618164
v -0.057959992438554764 -0.011525491252541542 0.07583179324865341
v -0.05042795091867447 -0.018801739439368248 0.0894528403878212
v -0.05042795091867447 -0.018801739439368248 0.0894528403878212
v -0.057959992438554764 -0.011525491252541542 0.07583179324865341
v -0.05459577590227127 -0.022618364542722702 0.07583119720220566
v -0.05042795091867447 -0.018801739439368248 0.0894528403878212
v -0.05459577590227127 -0.022618364542722702 0.07583119720220566
v -0.04663804545998573 -0.027557112276554108 0.08901846408843994
v -0.04663804545998573 -0.027557112276554108 0.08901846408843994
v -0.05459577590227127 -0.022618364542722702 0.07583119720220566
v -0.04913428798317909 -0.03283298388123512 0.07583009451627731
v -0.011529113166034222 -0.0579620897769928 0.07582003623247147
v -0.010584656149148941 -0.05606672167778015 0.08502163738012314
v -0.02261720970273018 -0.054597824811935425 0.07582338899374008
v -0.02261720970273018 -0.054597824811935425 0.07582338899374008
v -0.010584656149148941 -0.05606672167778015 0.08502163738012314
v -0.01945246383547783 -0.052982814610004425 0.08599396795034409
v -0.02261720970273018 -0.054597824811935425 0.07582338899374008
v -0.01945246383547783 -0.052982814610004425 0.08599396795034409
v -0.027704978361725807 -0.048447590321302414 0.08690273761749268
v -0.027704978361725807 -0.048447590321302414 0.08690273761749268
v -0.01945246383547783 -0.052982814610004425 0.08599396795034409
v -0.02211666665971279 -0.04735930636525154 0.0972970500588417
v -0.027704978361725807 -0.048447590321302414 0.08690273761749268
v -0.02211666665971279 -0.04735930636525154 0.0972970500588417
v -0.029135147109627724 -0.04162902384996414 0.09889041632413864
v -0.029135147109627724 -0.04162902384996414 0.09889041632413864
v -0.02211666665971279 -0.04735930636525154 0.0972970500588417
v -0.02209070511162281 -0.040671780705451965 0.10926539450883865
v -0.029135147109627724 -0.04162902384996414 0.09889041632413864
v -0.02209070511162281 -0.040671780705451965 0.10926539450883865
v -0.027727896347641945 -0.03395988792181015 0.11126689612865448
v -0.027727896347641945 -0.03395988792181015 0.11126689612865448
v -0.02209070511162281 -0.040671780705451965 0.10926539450883865
v -0.01924828439950943 -0.0331607460975647 0.12136416882276535
v -0.027727896347641945 -0.03395988792181015 0.11126689612865448
v -0.01924828439950943 -0.0331607460975647 0.12136416882276535
v -0.023449156433343887 -0.02569962665438652 0.12346439063549042
v -0.023449156433343887 -0.02569962665438652 0.12346439063549042
v -0.01924828439950943 -0.0331607460975647 0.12136416882276535
v -0.013605431653559208 -0.025080606341362 0.1330186426639557
v -0.023449156433343887 -0.02569962665438652 0.12346439063549042
v -0.013605431653559208 -0.025080606341362 0.1330186426639557
v -0.016405103728175163 -0.017111510038375854 0.13489119708538055
v -0.016405103728175163 -0.017111510038375854 0.13489119708538055
v -0.013605431653559208 -0.025080606341362 0.1330186426639557
v -0.005324378609657288 -0.016689566895365715 0.14364714920520782
v -0.016405103728175163 -0.017111510038375854 0.13489119708538055
v -0.005324378609657288 -0.016689566895365715 0.14364714920520782
v -0.0068440185859799385 -0.008460624143481255 0.1449766606092453
v -0.0068440185859799385 -0.008460624143481255 0.1449766606092453
v -0.005324378609657288 -0.016689566895365715 0.14364714920520782
v 0.00529856001958251 -0.008246679790318012 0.15269707143306732
v -0.010584656149148941 -0.05606672167778015 0.08502163738012314
v -0.011529113166034222 -0.0579620897769928 0.07582003623247147
v -0.0006507751531898975 -0.05766817182302475 0.08393442630767822
v -0.0006507751531898975 -0.05766817182302475 0.08393442630767822
v -0.011529113166034222 -0.0579620897769928 0.07582003623247147
v 0 -0.05909868702292442 0.07581616193056107
v -0.0006507751531898975 -0.05766817182302475 0.08393442630767822
v 0 -0.05909868702292442 0.07581616193056107
v 0.00940252747386694 -0.05744839459657669 0.08283570408821106
v 0.00940252747386694 -0.05744839459657669 0.08283570408821106
v 0 -0.05909868702292442 0.07581616193056107
v 0.011529373936355114 -0.057963401079177856 0.07581174373626709
v 0.00940252747386694 -0.05744839459657669 0.08283570408821106
v 0.011529373936355114 -0.057963401079177856 0.07581174373626709
v 0.01926157809793949 -0.05541430413722992 0.08175548166036606
v 0.01926157809793949 -0.05541430413722992 0.08175548166036606
v 0.011529373936355114 -0.057963401079177856 0.07581174373626709
v 0.022618185728788376 -0.05460018292069435 0.07580666989088058
v 0.01926157809793949 -0.05541430413722992 0.08175548166036606
v 0.022618185728788376 -0.05460018292069435 0.07580666989088058
v 0.028614671900868416 -0.0516289584338665 0.08072672039270401
v 0.028614671900868416 -0.0516289584338665 0.08072672039270401
v 0.022618185728788376 -0.05460018292069435 0.07580666989088058
v 0.03283555805683136 -0.049138143658638 0.07580065727233887
v 0.028614671900868416 -0.0516289584338665 0.08072672039270401
v 0.03283555805683136 -0.049138143658638 0.07580065727233887
v 0.037170086055994034 -0.04621455818414688 0.07977920770645142
v 0.037170086055994034 -0.04621455818414688 0.07977920770645142
v 0.03283555805683136 -0.049138143658638 0.07580065727233887
v 0.041792549192905426 -0.04178754240274429 0.07579319924116135
v 0.037170086055994034 -0.04621455818414688 0.07977920770645142
v 0.041792549192905426 -0.04178754240274429 0.07579319924116135
v 0.04465806111693382 -0.03933937847614288 0.07894064486026764
v 0.04465806111693382 -0.03933937847614288 0.07894064486026764
v 0.041792549192905426 -0.04178754240274429 0.07579319924116135
v 0.04913703724741936 -0.032834820449352264 0.07578373700380325
v 0.04465806111693382 -0.03933937847614288 0.07894064486026764
v 0.04913703724741936 -0.032834820449352264 0.07578373700380325
v 0.050840750336647034 -0.031221825629472733 0.07823775708675385
v 0.050840750336647034 -0.031221825629472733 0.07823775708675385
v 0.04913703724741936 -0.032834820449352264 0.07578373700380325
v 0.05459681525826454 -0.022618794813752174 0.0757724717259407
v 0.050840750336647034 -0.031221825629472733 0.07823775708675385
v 0.05459681525826454 -0.022618794813752174 0.0757724717259407
v 0.05551937595009804 -0.02211756817996502 0.07769593596458435
v 0.05551937595009804 -0.02211756817996502 0.07769593596458435
v 0.05459681525826454 -0.022618794813752174 0.0757724717259407
v 0.05875809118151665 -0.011275001801550388 0.07731141149997711
v 0.05551937595009804 -0.02211756817996502 0.07769593596458435
v 0.05875809118151665 -0.011275001801550388 0.07731141149997711
v 0.056627921760082245 -0.021621372550725937 0.07947685569524765
v 0.056627921760082245 -0.021621372550725937 0.07947685569524765
v 0.05875809118151665 -0.011275001801550388 0.07731141149997711
v 0.059707485139369965 -0.011021970771253109 0.07874243706464767
v 0.056627921760082245 -0.021621372550725937 0.07947685569524765
v 0.059707485139369965 -0.011021970771253109 0.07874243706464767
v 0.05790852755308151 -0.021124213933944702 0.08110737055540085
v 0.05790852755308151 -0.021124213933944702 0.08110737055540085
v 0.059707485139369965 -0.011021970771253109 0.07874243706464767
v 0.06079200655221939 -0.010767958126962185 0.08004818856716156
v 0.05790852755308151 -0.021124213933944702 0.08110737055540085
v 0.06079200655221939 -0.010767958126962185 0.08004818856716156
v 0.05934527516365051 -0.02062710002064705 0.08257856965065002
v 0.05934527516365051 -0.02062710002064705 0.08257856965065002
v 0.06079200655221939 -0.010767958126962185 0.08004818856716156
v 0.06200074777007103 -0.010514965280890465 0.08122273534536362
v 0.05934527516365051 -0.02062710002064705 0.08257856965065002
v 0.06200074777007103 -0.010514965280890465 0.08122273534536362
v 0.060923248529434204 -0.020130043849349022 0.08388052880764008
v 0.060923248529434204 -0.020130043849349022 0.08388052880764008
v 0.06200074777007103 -0.010514965280890465 0.08122273534536362
v 0.06331979483366013 -0.01026199758052826 0.08225813508033752
v 0.060923248529434204 -0.020130043849349022 0.08388052880764008
v 0.06331979483366013 -0.01026199758052826 0.08225813508033752
v 0.06262651830911636 -0.019633054733276367 0.08500431478023529
v 0.06262651830911636 -0.019633054733276367 0.08500431478023529
v 0.06331979483366013 -0.01026199758052826 0.08225813508033752
v 0.0647372156381607 -0.01000805851072073 0.08314742892980576
v 0.06262651830911636 -0.019633054733276367 0.08500431478023529
v 0.0647372156381607 -0.01000805851072073 0.08314742892980576
v 0.06444015353918076 -0.01913614571094513 0.08594199270009995
v 0.06444015353918076 -0.01913614571094513 0.08594199270009995
v 0.0647372156381607 -0.01000805851072073 0.08314742892980576
v 0.066240094602108 -0.009755153208971024 0.08388466387987137
v 0.06444015353918076 -0.01913614571094513 0.08594199270009995
v 0.066240094602108 -0.009755153208971024 0.08388466387987137
v 0.06634923815727234 -0.018639327958226204 0.08668260276317596
v 0.06634923815727234 -0.018639327958226204 0.08668260276317596
v 0.066240094602108 -0.009755153208971024 0.08388466387987137
v 0.06781548261642456 -0.009502287954092026 0.08446086943149567
v 0.06634923815727234 -0.018639327958226204 0.08668260276317596
v 0.06781548261642456 -0.009502287954092026 0.08446086943149567
v 0.06829008460044861 -0.018154606223106384 0.08720827847719193
v 0.06829008460044861 -0.018154606223106384 0.08720827847719193
v 0.06781548261642456 -0.009502287954092026 0.08446086943149567
v 0.0694127008318901 -0.009255466982722282 0.08486215025186539
v 0.05459681525826454 -0.022618794813752174 0.0757724717259407
v 0.0579577274620533 -0.011525040492415428 0.07576201111078262
v 0.05875809118151665 -0.011275001801550388 0.07731141149997711
v 0.05875809118151665 -0.011275001801550388 0.07731141149997711
v 0.0579577274620533 -0.011525040492415428 0.07576201111078262
v 0.06175461784005165 0 0.07966524362564087
v 0.05875809118151665 -0.011275001801550388 0.07731141149997711
v 0.06175461784005165 0 0.07966524362564087
v 0.059707485139369965 -0.011021970771253109 0.07874243706464767
v 0.059707485139369965 -0.011021970771253109 0.07874243706464767
v 0.06175461784005165 0 0.07966524362564087
v 0.06079200655221939 -0.010767958126962185 0.08004818856716156
v 0.0579577274620533 -0.011525040492415428 0.07576201111078262
v 0.059090517461299896 0 0.07575749605894089
v 0.06175461784005165 0 0.07966524362564087
v 0.06175461784005165 0 0.07966524362564087
v 0.06541308760643005 0 0.0824873223900795
v 0.06079200655221939 -0.010767958126962185 0.08004818856716156
v 0.06079200655221939 -0.010767958126962185 0.08004818856716156
v 0.06541308760643005 0 0.0824873223900795
v 0.06200074777007103 -0.010514965280890465 0.08122273534536362
v 0.06975993514060974 0 0.0840558111667633
v 0.0647372156381607 -0.01000805851072073 0.08314742892980576
v 0.06541308760643005 0 0.0824873223900795
v 0.06541308760643005 0 0.0824873223900795
v 0.0647372156381607 -0.01000805851072073 0.08314742892980576
v 0.06331979483366013 -0.01026199758052826 0.08225813508033752
v 0.06541308760643005 0 0.0824873223900795
v 0.06331979483366013 -0.01026199758052826 0.08225813508033752
v 0.06200074777007103 -0.010514965280890465 0.08122273534536362
v 0.07448718696832657 0 0.08420082926750183
v 0.0694127008318901 -0.009255466982722282 0.08486215025186539
v 0.06975993514060974 0 0.0840558111667633
v 0.06975993514060974 0 0.0840558111667633
v 0.0694127008318901 -0.009255466982722282 0.08486215025186539
v 0.06781548261642456 -0.009502287954092026 0.08446086943149567
v 0.06975993514060974 0 0.0840558111667633
v 0.06781548261642456 -0.009502287954092026 0.08446086943149567
v 0.066240094602108 -0.009755153208971024 0.08388466387987137
v 0.0647372156381607 -0.01000805851072073 0.08314742892980576
v 0.06975993514060974 0 0.0840558111667633
v 0.066240094602108 -0.009755153208971024 0.08388466387987137
v 0.06244966387748718 -0.03764364495873451 0.1509522646665573
v 0.0740792378783226 -0.03215653821825981 0.15727655589580536
v 0.061562106013298035 -0.03308947756886482 0.15659387409687042
v 0.06343357264995575 -0.04116755723953247 0.14467504620552063
v 0.07414481043815613 -0.040006186813116074 0.14522385597229004
v 0.07411044090986252 -0.036582548171281815 0.15157544612884521
v 0.07234378159046173 -0.01718553900718689 0.0876387357711792
v 0.07442791014909744 -0.016701238229870796 0.0875266045331955
v 0.0744163766503334 -0.023574883118271828 0.09111600369215012
v 0.07178341597318649 -0.024258097633719444 0.09121067076921463
v 0.07234378159046173 -0.01718553900718689 0.0876387357711792
v 0.0744163766503334 -0.023574883118271828 0.09111600369215012
v 0.03224381059408188 -0.015433115884661674 0.1624617576599121
v 0.03143206238746643 -0.00782387051731348 0.16414208710193634
v 0.01925775222480297 -0.015844861045479774 0.15755252540111542
v 0.01925775222480297 -0.015844861045479774 0.15755252540111542
v 0.03143206238746643 -0.00782387051731348 0.16414208710193634
v 0.018199685961008072 -0.008032760582864285 0.1591445803642273
v 0.01925775222480297 -0.015844861045479774 0.15755252540111542
v 0.018199685961008072 -0.008032760582864285 0.1591445803642273
v 0.006594925653189421 -0.016267679631710052 0.151223286986351
v 0.006594925653189421 -0.016267679631710052 0.151223286986351
v 0.018199685961008072 -0.008032760582864285 0.1591445803642273
v 0.00529856001958251 -0.008246679790318012 0.15269707143306732
v 0.006594925653189421 -0.016267679631710052 0.151223286986351
v 0.00529856001958251 -0.008246679790318012 0.15269707143306732
v -0.005324378609657288 -0.016689566895365715 0.14364714920520782
v 0.03355768695473671 -0.022619521245360374 0.15973436832427979
v 0.03224381059408188 -0.015433115884661674 0.1624617576599121
v 0.020972127094864845 -0.02322312258183956 0.154974564909935
v 0.020972127094864845 -0.02322312258183956 0.154974564909935
v 0.03224381059408188 -0.015433115884661674 0.1624617576599121
v 0.01925775222480297 -0.015844861045479774 0.15755252540111542
v 0.020972127094864845 -0.02322312258183956 0.154974564909935
v 0.01925775222480297 -0.015844861045479774 0.15755252540111542
v 0.008697769604623318 -0.023841841146349907 0.1488397866487503
v 0.008697769604623318 -0.023841841146349907 0.1488397866487503
v 0.01925775222480297 -0.015844861045479774 0.15755252540111542
v 0.006594925653189421 -0.016267679631710052 0.151223286986351
v 0.008697769604623318 -0.023841841146349907 0.1488397866487503
v 0.006594925653189421 -0.016267679631710052 0.151223286986351
v -0.002859103726223111 -0.024461673572659492 0.1414991170167923
v -0.002859103726223111 -0.024461673572659492 0.1414991170167923
v 0.006594925653189421 -0.016267679631710052 0.151223286986351
v -0.005324378609657288 -0.016689566895365715 0.14364714920520782
v -0.002859103726223111 -0.024461673572659492 0.1414991170167923
v -0.005324378609657288 -0.016689566895365715 0.14364714920520782
v -0.013605431653559208 -0.025080606341362 0.1330186426639557
v 0.03533165901899338 -0.02918686904013157 0.15604695677757263
v 0.03355768695473671 -0.022619521245360374 0.15973436832427979
v 0.02328777126967907 -0.029966365545988083 0.15149275958538055
v 0.02328777126967907 -0.029966365545988083 0.15149275958538055
v 0.03355768695473671 -0.022619521245360374 0.15973436832427979
v 0.020972127094864845 -0.02322312258183956 0.154974564909935
v 0.02328777126967907 -0.029966365545988083 0.15149275958538055
v 0.020972127094864845 -0.02322312258183956 0.154974564909935
v 0.011538042686879635 -0.030765008181333542 0.14562657475471497
v 0.011538042686879635 -0.030765008181333542 0.14562657475471497
v 0.020972127094864845 -0.02322312258183956 0.154974564909935
v 0.008697769604623318 -0.023841841146349907 0.1488397866487503
v 0.011538042686879635 -0.030765008181333542 0.14562657475471497
v 0.008697769604623318 -0.023841841146349907 0.1488397866487503
v 0.0004737475828733295 -0.03156379237771034 0.13860756158828735
v 0.0004737475828733295 -0.03156379237771034 0.13860756158828735
v 0.008697769604623318 -0.023841841146349907 0.1488397866487503
v -0.002859103726223111 -0.024461673572659492 0.1414991170167923
v 0.0004737475828733295 -0.03156379237771034 0.13860756158828735
v -0.002859103726223111 -0.024461673572659492 0.1414991170167923
v -0.00981804821640253 -0.0323617123067379 0.1304987519979477
v -0.00981804821640253 -0.0323617123067379 0.1304987519979477
v -0.002859103726223111 -0.024461673572659492 0.1414991170167923
v -0.013605431653559208 -0.025080606341362 0.1330186426639557
v -0.00981804821640253 -0.0323617123067379 0.1304987519979477
v -0.013605431653559208 -0.025080606341362 0.1330186426639557
v -0.01924828439950943 -0.0331607460975647 0.12136416882276535
v 0.03751266747713089 -0.034955888986587524 0.15150561928749084
v 0.03533165901899338 -0.02918686904013157 0.15604695677757263
v 0.026134634390473366 -0.035888344049453735 0.14721113443374634
v 0.026134634390473366 -0.035888344049453735 0.14721113443374634
v 0.03533165901899338 -0.02918686904013157 0.15604695677757263
v 0.02328777126967907 -0.029966365545988083 0.15149275958538055
v 0.026134634390473366 -0.035888344049453735 0.14721113443374634
v 0.02328777126967907 -0.029966365545988083 0.15149275958538055
v 0.015033699572086334 -0.036844950169324875 0.14167872071266174
v 0.015033699572086334 -0.036844950169324875 0.14167872071266174
v 0.02328777126967907 -0.029966365545988083 0.15149275958538055
v 0.011538042686879635 -0.030765008181333542 0.14562657475471497
v 0.015033699572086334 -0.036844950169324875 0.14167872071266174
v 0.011538042686879635 -0.030765008181333542 0.14562657475471497
v 0.004577128682285547 -0.03780170902609825 0.1350574940443039
v 0.004577128682285547 -0.03780170902609825 0.1350574940443039
v 0.011538042686879635 -0.030765008181333542 0.14562657475471497
v 0.0004737475828733295 -0.03156379237771034 0.13860756158828735
v 0.004577128682285547 -0.03780170902609825 0.1350574940443039
v 0.0004737475828733295 -0.03156379237771034 0.13860756158828735
v -0.005151005927473307 -0.03875860571861267 0.12740948796272278
v -0.005151005927473307 -0.03875860571861267 0.12740948796272278
v 0.0004737475828733295 -0.03156379237771034 0.13860756158828735
v -0.00981804821640253 -0.0323617123067379 0.1304987519979477
v -0.005151005927473307 -0.03875860571861267 0.12740948796272278
v -0.00981804821640253 -0.0323617123067379 0.1304987519979477
v -0.014068638905882835 -0.03971463814377785 0.11879177391529083
v -0.014068638905882835 -0.03971463814377785 0.11879177391529083
v -0.00981804821640253 -0.0323617123067379 0.1304987519979477
v -0.01924828439950943 -0.0331607460975647 0.12136416882276535
v -0.014068638905882835 -0.03971463814377785 0.11879177391529083
v -0.01924828439950943 -0.0331607460975647 0.12136416882276535
v -0.02209070511162281 -0.040671780705451965 0.10926539450883865
v 0.04003862291574478 -0.03976723551750183 0.14623838663101196
v 0.03751266747713089 -0.034955888986587524 0.15150561928749084
v 0.02943362668156624 -0.040828730911016464 0.1422497034072876
v 0.02943362668156624 -0.040828730911016464 0.1422497034072876
v 0.03751266747713089 -0.034955888986587524 0.15150561928749084
v 0.026134634390473366 -0.035888344049453735 0.14721113443374634
v 0.02943362668156624 -0.040828730911016464 0.1422497034072876
v 0.026134634390473366 -0.035888344049453735 0.14721113443374634
v 0.019085658714175224 -0.0419173501431942 0.13710817694664001
v 0.019085658714175224 -0.0419173501431942 0.13710817694664001
v 0.026134634390473366 -0.035888344049453735 0.14721113443374634
v 0.015033699572086334 -0.036844950169324875 0.14167872071266174
v 0.019085658714175224 -0.0419173501431942 0.13710817694664001
v 0.015033699572086334 -0.036844950169324875 0.14167872071266174
v 0.009335962124168873 -0.04300510510802269 0.1309518814086914
v 0.009335962124168873 -0.04300510510802269 0.1309518814086914
v 0.015033699572086334 -0.036844950169324875 0.14167872071266174
v 0.004577128682285547 -0.03780170902609825 0.1350574940443039
v 0.009335962124168873 -0.04300510510802269 0.1309518814086914
v 0.004577128682285547 -0.03780170902609825 0.1350574940443039
v 0.0002626150380820036 -0.04409299045801163 0.12383787333965302
v 0.0002626150380820036 -0.04409299045801163 0.12383787333965302
v 0.004577128682285547 -0.03780170902609825 0.1350574940443039
v -0.005151005927473307 -0.03875860571861267 0.12740948796272278
v 0.0002626150380820036 -0.04409299045801163 0.12383787333965302
v -0.005151005927473307 -0.03875860571861267 0.12740948796272278
v -0.008055313490331173 -0.0451819933950901 0.11582018435001373
v -0.008055313490331173 -0.0451819933950901 0.11582018435001373
v -0.005151005927473307 -0.03875860571861267 0.12740948796272278
v -0.014068638905882835 -0.03971463814377785 0.11879177391529083
v -0.008055313490331173 -0.0451819933950901 0.11582018435001373
v -0.014068638905882835 -0.03971463814377785 0.11879177391529083
v -0.015540760941803455 -0.04627010226249695 0.1069548949599266
v -0.015540760941803455 -0.04627010226249695 0.1069548949599266
v -0.014068638905882835 -0.03971463814377785 0.11879177391529083
v -0.02209070511162281 -0.040671780705451965 0.10926539450883865
v -0.015540760941803455 -0.04627010226249695 0.1069548949599266
v -0.02209070511162281 -0.040671780705451965 0.10926539450883865
v -0.02211666665971279 -0.04735930636525154 0.0972970500588417
v 0.042841337621212006 -0.04348951205611229 0.14038842916488647
v 0.04003862291574478 -0.03976723551750183 0.14623838663101196
v 0.033095583319664 -0.04465111717581749 0.13674458861351013
v 0.033095583319664 -0.04465111717581749 0.13674458861351013
v 0.04003862291574478 -0.03976723551750183 0.14623838663101196
v 0.02943362668156624 -0.040828730911016464 0.1422497034072876
v 0.033095583319664 -0.04465111717581749 0.13674458861351013
v 0.02943362668156624 -0.040828730911016464 0.1422497034072876
v 0.023582765832543373 -0.045840803533792496 0.13204003870487213
v 0.023582765832543373 -0.045840803533792496 0.13204003870487213
v 0.02943362668156624 -0.040828730911016464 0.1422497034072876
v 0.019085658714175224 -0.0419173501431942 0.13710817694664001
v 0.023582765832543373 -0.045840803533792496 0.13204003870487213
v 0.019085658714175224 -0.0419173501431942 0.13710817694664001
v 0.014619097113609314 -0.04703158885240555 0.12640179693698883
v 0.014619097113609314 -0.04703158885240555 0.12640179693698883
v 0.019085658714175224 -0.0419173501431942 0.13710817694664001
v 0.009335962124168873 -0.04300510510802269 0.1309518814086914
v 0.014619097113609314 -0.04703158885240555 0.12640179693698883
v 0.009335962124168873 -0.04300510510802269 0.1309518814086914
v 0.006276661064475775 -0.048221468925476074 0.11988192051649094
v 0.006276661064475775 -0.048221468925476074 0.11988192051649094
v 0.009335962124168873 -0.04300510510802269 0.1309518814086914
v 0.0002626150380820036 -0.04409299045801163 0.12383787333965302
v 0.006276661064475775 -0.048221468925476074 0.11988192051649094
v 0.0002626150380820036 -0.04409299045801163 0.12383787333965302
v -0.0013724720338359475 -0.04941143840551376 0.11253044754266739
v -0.0013724720338359475 -0.04941143840551376 0.11253044754266739
v 0.0002626150380820036 -0.04409299045801163 0.12383787333965302
v -0.008055313490331173 -0.0451819933950901 0.11582018435001373
v -0.0013724720338359475 -0.04941143840551376 0.11253044754266739
v -0.008055313490331173 -0.0451819933950901 0.11582018435001373
v -0.008259238675236702 -0.05060149356722832 0.10439742356538773
v -0.008259238675236702 -0.05060149356722832 0.10439742356538773
v -0.008055313490331173 -0.0451819933950901 0.11582018435001373
v -0.015540760941803455 -0.04627010226249695 0.1069548949599266
v -0.008259238675236702 -0.05060149356722832 0.10439742356538773
v -0.015540760941803455 -0.04627010226249695 0.1069548949599266
v -0.014309586025774479 -0.05179262161254883 0.09553490579128265
v -0.014309586025774479 -0.05179262161254883 0.09553490579128265
v -0.015540760941803455 -0.04627010226249695 0.1069548949599266
v -0.02211666665971279 -0.04735930636525154 0.0972970500588417
v -0.014309586025774479 -0.05179262161254883 0.09553490579128265
v -0.02211666665971279 -0.04735930636525154 0.0972970500588417
v -0.01945246383547783 -0.052982814610004425 0.08599396795034409
v 0.04584556818008423 -0.046021319925785065 0.13411402702331543
v 0.042841337621212006 -0.04348951205611229 0.14038842916488647
v 0.0370202399790287 -0.04725107178092003 0.13084299862384796
v 0.0370202399790287 -0.04725107178092003 0.13084299862384796
v 0.042841337621212006 -0.04348951205611229 0.14038842916488647
v 0.033095583319664 -0.04465111717581749 0.13674458861351013
v 0.0370202399790287 -0.04725107178092003 0.13084299862384796
v 0.033095583319664 -0.04465111717581749 0.13674458861351013
v 0.028405748307704926 -0.0485098697245121 0.1266094595193863
v 0.028405748307704926 -0.0485098697245121 0.1266094595193863
v 0.033095583319664 -0.04465111717581749 0.13674458861351013
v 0.023582765832543373 -0.045840803533792496 0.13204003870487213
v 0.028405748307704926 -0.0485098697245121 0.1266094595193863
v 0.023582765832543373 -0.045840803533792496 0.13204003870487213
v 0.02028726227581501 -0.04976971447467804 0.12152835726737976
v 0.02028726227581501 -0.04976971447467804 0.12152835726737976
v 0.023582765832543373 -0.045840803533792496 0.13204003870487213
v 0.014619097113609314 -0.04703158885240555 0.12640179693698883
v 0.02028726227581501 -0.04976971447467804 0.12152835726737976
v 0.014619097113609314 -0.04703158885240555 0.12640179693698883
v 0.01272986177355051 -0.05102861672639847 0.11564575135707855
v 0.01272986177355051 -0.05102861672639847 0.11564575135707855
v 0.014619097113609314 -0.04703158885240555 0.12640179693698883
v 0.006276661064475775 -0.048221468925476074 0.11988192051649094
v 0.01272986177355051 -0.05102861672639847 0.11564575135707855
v 0.006276661064475775 -0.048221468925476074 0.11988192051649094
v 0.005798611789941788 -0.052288565784692764 0.10900763422250748
v 0.005798611789941788 -0.052288565784692764 0.10900763422250748
v 0.006276661064475775 -0.048221468925476074 0.11988192051649094
v -0.0013724720338359475 -0.04941143840551376 0.11253044754266739
v 0.005798611789941788 -0.052288565784692764 0.10900763422250748
v -0.0013724720338359475 -0.04941143840551376 0.11253044754266739
v -0.0004404250648804009 -0.05354756861925125 0.10166104137897491
v -0.0004404250648804009 -0.05354756861925125 0.10166104137897491
v -0.0013724720338359475 -0.04941143840551376 0.11253044754266739
v -0.008259238675236702 -0.05060149356722832 0.10439742356538773
v -0.0004404250648804009 -0.05354756861925125 0.10166104137897491
v -0.008259238675236702 -0.05060149356722832 0.10439742356538773
v -0.005923195742070675 -0.0548076257109642 0.09365003556013107
v -0.005923195742070675 -0.0548076257109642 0.09365003556013107
v -0.008259238675236702 -0.05060149356722832 0.10439742356538773
v -0.014309586025774479 -0.05179262161254883 0.09553490579128265
v -0.005923195742070675 -0.0548076257109642 0.09365003556013107
v -0.014309586025774479 -0.05179262161254883 0.09553490579128265
v -0.010584656149148941 -0.05606672167778015 0.08502163738012314
v -0.010584656149148941 -0.05606672167778015 0.08502163738012314
v -0.014309586025774479 -0.05179262161254883 0.09553490579128265
v -0.01945246383547783 -0.052982814610004425 0.08599396795034409
v 0.04920549318194389 -0.0473354309797287 0.1270923912525177
v 0.04584556818008423 -0.046021319925785065 0.13411402702331543
v 0.041410867124795914 -0.048600345849990845 0.12424018234014511
v 0.041410867124795914 -0.048600345849990845 0.12424018234014511
v 0.04584556818008423 -0.046021319925785065 0.13411402702331543
v 0.0370202399790287 -0.04725107178092003 0.13084299862384796
v 0.041410867124795914 -0.048600345849990845 0.12424018234014511
v 0.0370202399790287 -0.04725107178092003 0.13084299862384796
v 0.03380097448825836 -0.0498952716588974 0.1205357015132904
v 0.03380097448825836 -0.0498952716588974 0.1205357015132904
v 0.0370202399790287 -0.04725107178092003 0.13084299862384796
v 0.028405748307704926 -0.0485098697245121 0.1266094595193863
v 0.03380097448825836 -0.0498952716588974 0.1205357015132904
v 0.028405748307704926 -0.0485098697245121 0.1266094595193863
v 0.026628917083144188 -0.05119121074676514 0.11607888340950012
v 0.026628917083144188 -0.05119121074676514 0.11607888340950012
v 0.028405748307704926 -0.0485098697245121 0.1266094595193863
v 0.02028726227581501 -0.04976971447467804 0.12152835726737976
v 0.026628917083144188 -0.05119121074676514 0.11607888340950012
v 0.02028726227581501 -0.04976971447467804 0.12152835726737976
v 0.01995175890624523 -0.05248616263270378 0.11091069877147675
v 0.01995175890624523 -0.05248616263270378 0.11091069877147675
v 0.02028726227581501 -0.04976971447467804 0.12152835726737976
v 0.01272986177355051 -0.05102861672639847 0.11564575135707855
v 0.01995175890624523 -0.05248616263270378 0.11091069877147675
v 0.01272986177355051 -0.05102861672639847 0.11564575135707855
v 0.01382655743509531 -0.053782135248184204 0.10507116466760635
v 0.01382655743509531 -0.053782135248184204 0.10507116466760635
v 0.01272986177355051 -0.05102861672639847 0.11564575135707855
v 0.005798611789941788 -0.052288565784692764 0.10900763422250748
v 0.01382655743509531 -0.053782135248184204 0.10507116466760635
v 0.005798611789941788 -0.052288565784692764 0.10900763422250748
v 0.008313369005918503 -0.05507712438702583 0.09860225766897202
v 0.008313369005918503 -0.05507712438702583 0.09860225766897202
v 0.005798611789941788 -0.052288565784692764 0.10900763422250748
v -0.0004404250648804009 -0.05354756861925125 0.10166104137897491
v 0.008313369005918503 -0.05507712438702583 0.09860225766897202
v -0.0004404250648804009 -0.05354756861925125 0.10166104137897491
v 0.0034682422410696745 -0.05637313798069954 0.09154300391674042
v 0.0034682422410696745 -0.05637313798069954 0.09154300391674042
v -0.0004404250648804009 -0.05354756861925125 0.10166104137897491
v -0.005923195742070675 -0.0548076257109642 0.09365003556013107
v 0.0034682422410696745 -0.05637313798069954 0.09154300391674042
v -0.005923195742070675 -0.0548076257109642 0.09365003556013107
v -0.0006507751531898975 -0.05766817182302475 0.08393442630767822
v -0.0006507751531898975 -0.05766817182302475 0.08393442630767822
v -0.005923195742070675 -0.0548076257109642 0.09365003556013107
v -0.010584656149148941 -0.05606672167778015 0.08502163738012314
v 0.0526040717959404 -0.04715409129858017 0.11998822540044785
v 0.04920549318194389 -0.0473354309797287 0.1270923912525177
v 0.04585225507616997 -0.048414118587970734 0.11755970865488052
v 0.04585225507616997 -0.048414118587970734 0.11755970865488052
v 0.04920549318194389 -0.0473354309797287 0.1270923912525177
v 0.041410867124795914 -0.048600345849990845 0.12424018234014511
v 0.04585225507616997 -0.048414118587970734 0.11755970865488052
v 0.041410867124795914 -0.048600345849990845 0.12424018234014511
v 0.03926008939743042 -0.049705155193805695 0.11439022421836853
v 0.03926008939743042 -0.049705155193805695 0.11439022421836853
v 0.041410867124795914 -0.048600345849990845 0.12424018234014511
v 0.03380097448825836 -0.0498952716588974 0.1205357015132904
v 0.03926008939743042 -0.049705155193805695 0.11439022421836853
v 0.03380097448825836 -0.0498952716588974 0.1205357015132904
v 0.03304458409547806 -0.05099518969655037 0.11056562513113022
v 0.03304458409547806 -0.05099518969655037 0.11056562513113022
v 0.03380097448825836 -0.0498952716588974 0.1205357015132904
v 0.026628917083144188 -0.05119121074676514 0.11607888340950012
v 0.03304458409547806 -0.05099518969655037 0.11056562513113022
v 0.026628917083144188 -0.05119121074676514 0.11607888340950012
v 0.02725779078900814 -0.05228623002767563 0.10612088441848755
v 0.02725779078900814 -0.05228623002767563 0.10612088441848755
v 0.026628917083144188 -0.05119121074676514 0.11607888340950012
v 0.01995175890624523 -0.05248616263270378 0.11091069877147675
v 0.02725779078900814 -0.05228623002767563 0.10612088441848755
v 0.01995175890624523 -0.05248616263270378 0.11091069877147675
v 0.02194974198937416 -0.0535762645304203 0.1010899543762207
v 0.02194974198937416 -0.0535762645304203 0.1010899543762207
v 0.01995175890624523 -0.05248616263270378 0.11091069877147675
v 0.01382655743509531 -0.053782135248184204 0.10507116466760635
v 0.02194974198937416 -0.0535762645304203 0.1010899543762207
v 0.01382655743509531 -0.053782135248184204 0.10507116466760635
v 0.017171483486890793 -0.05486730486154556 0.09550879150629044
v 0.017171483486890793 -0.05486730486154556 0.09550879150629044
v 0.01382655743509531 -0.053782135248184204 0.10507116466760635
v 0.008313369005918503 -0.05507712438702583 0.09860225766897202
v 0.017171483486890793 -0.05486730486154556 0.09550879150629044
v 0.008313369005918503 -0.05507712438702583 0.09860225766897202
v 0.01297206524759531 -0.05615735054016113 0.0894123762845993
v 0.01297206524759531 -0.05615735054016113 0.0894123762845993
v 0.008313369005918503 -0.05507712438702583 0.09860225766897202
v 0.0034682422410696745 -0.05637313798069954 0.09154300391674042
v 0.01297206524759531 -0.05615735054016113 0.0894123762845993
v 0.0034682422410696745 -0.05637313798069954 0.09154300391674042
v 0.00940252747386694 -0.05744839459657669 0.08283570408821106
v 0.00940252747386694 -0.05744839459657669 0.08283570408821106
v 0.0034682422410696745 -0.05637313798069954 0.09154300391674042
v -0.0006507751531898975 -0.05766817182302475 0.08393442630767822
v 0.05593875050544739 -0.04548434913158417 0.11301815509796143
v 0.0526040717959404 -0.04715409129858017 0.11998822540044785
v 0.05020976439118385 -0.046699408441782 0.11100522428750992
v 0.05020976439118385 -0.046699408441782 0.11100522428750992
v 0.0526040717959404 -0.04715409129858017 0.11998822540044785
v 0.04585225507616997 -0.048414118587970734 0.11755970865488052
v 0.05020976439118385 -0.046699408441782 0.11100522428750992
v 0.04585225507616997 -0.048414118587970734 0.11755970865488052
v 0.044614363461732864 -0.047944504767656326 0.10835960507392883
v 0.044614363461732864 -0.047944504767656326 0.10835960507392883
v 0.04585225507616997 -0.048414118587970734 0.11755970865488052
v 0.03926008939743042 -0.049705155193805695 0.11439022421836853
v 0.044614363461732864 -0.047944504767656326 0.10835960507392883
v 0.03926008939743042 -0.049705155193805695 0.11439022421836853
v 0.03933849185705185 -0.04918861389160156 0.1051541343331337
v 0.03933849185705185 -0.04918861389160156 0.1051541343331337
v 0.03926008939743042 -0.049705155193805695 0.11439022421836853
v 0.03304458409547806 -0.05099518969655037 0.11056562513113022
v 0.03933849185705185 -0.04918861389160156 0.1051541343331337
v 0.03304458409547806 -0.05099518969655037 0.11056562513113022
v 0.034425146877765656 -0.05043374374508858 0.10141773521900177
v 0.034425146877765656 -0.05043374374508858 0.10141773521900177
v 0.03304458409547806 -0.05099518969655037 0.11056562513113022
v 0.02725779078900814 -0.05228623002767563 0.10612088441848755
v 0.034425146877765656 -0.05043374374508858 0.10141773521900177
v 0.02725779078900814 -0.05228623002767563 0.10612088441848755
v 0.029917357489466667 -0.051678888499736786 0.0971803367137909
v 0.029917357489466667 -0.051678888499736786 0.0971803367137909
v 0.02725779078900814 -0.05228623002767563 0.10612088441848755
v 0.02194974198937416 -0.0535762645304203 0.1010899543762207
v 0.029917357489466667 -0.051678888499736786 0.0971803367137909
v 0.02194974198937416 -0.0535762645304203 0.1010899543762207
v 0.02585914358496666 -0.052924029529094696 0.09247086942195892
v 0.02585914358496666 -0.052924029529094696 0.09247086942195892
v 0.02194974198937416 -0.0535762645304203 0.1010899543762207
v 0.017171483486890793 -0.05486730486154556 0.09550879150629044
v 0.02585914358496666 -0.052924029529094696 0.09247086942195892
v 0.017171483486890793 -0.05486730486154556 0.09550879150629044
v 0.02229253575205803 -0.05416916683316231 0.0873192697763443
v 0.02229253575205803 -0.05416916683316231 0.0873192697763443
v 0.017171483486890793 -0.05486730486154556 0.09550879150629044
v 0.01297206524759531 -0.05615735054016113 0.0894123762845993
v 0.02229253575205803 -0.05416916683316231 0.0873192697763443
v 0.01297206524759531 -0.05615735054016113 0.0894123762845993
v 0.01926157809793949 -0.05541430413722992 0.08175548166036606
v 0.01926157809793949 -0.05541430413722992 0.08175548166036606
v 0.01297206524759531 -0.05615735054016113 0.0894123762845993
v 0.00940252747386694 -0.05744839459657669 0.08283570408821106
v 0.0591069757938385 -0.04237748309969902 0.10639476031064987
v 0.05593875050544739 -0.04548434913158417 0.11301815509796143
v 0.05435075983405113 -0.04350949451327324 0.10477429628372192
v 0.05435075983405113 -0.04350949451327324 0.10477429628372192
v 0.05593875050544739 -0.04548434913158417 0.11301815509796143
v 0.05020976439118385 -0.046699408441782 0.11100522428750992
v 0.05435075983405113 -0.04350949451327324 0.10477429628372192
v 0.05020976439118385 -0.046699408441782 0.11100522428750992
v 0.049702100455760956 -0.04466957971453667 0.10262537747621536
v 0.049702100455760956 -0.04466957971453667 0.10262537747621536
v 0.05020976439118385 -0.046699408441782 0.11100522428750992
v 0.044614363461732864 -0.047944504767656326 0.10835960507392883
v 0.049702100455760956 -0.04466957971453667 0.10262537747621536
v 0.044614363461732864 -0.047944504767656326 0.10835960507392883
v 0.0453178696334362 -0.04582873359322548 0.10000685602426529
v 0.0453178696334362 -0.04582873359322548 0.10000685602426529
v 0.044614363461732864 -0.047944504767656326 0.10835960507392883
v 0.03933849185705185 -0.04918861389160156 0.1051541343331337
v 0.0453178696334362 -0.04582873359322548 0.10000685602426529
v 0.03933849185705185 -0.04918861389160156 0.1051541343331337
v 0.041233036667108536 -0.04698893055319786 0.09694361686706543
v 0.041233036667108536 -0.04698893055319786 0.09694361686706543
v 0.03933849185705185 -0.04918861389160156 0.1051541343331337
v 0.034425146877765656 -0.05043374374508858 0.10141773521900177
v 0.041233036667108536 -0.04698893055319786 0.09694361686706543
v 0.034425146877765656 -0.05043374374508858 0.10141773521900177
v 0.03748458996415138 -0.04814916476607323 0.09345956891775131
v 0.03748458996415138 -0.04814916476607323 0.09345956891775131
v 0.034425146877765656 -0.05043374374508858 0.10141773521900177
v 0.029917357489466667 -0.051678888499736786 0.0971803367137909
v 0.03748458996415138 -0.04814916476607323 0.09345956891775131
v 0.029917357489466667 -0.051678888499736786 0.0971803367137909
v 0.03410754352807999 -0.04930942505598068 0.08957863599061966
v 0.03410754352807999 -0.04930942505598068 0.08957863599061966
v 0.029917357489466667 -0.051678888499736786 0.0971803367137909
v 0.02585914358496666 -0.052924029529094696 0.09247086942195892
v 0.03410754352807999 -0.04930942505598068 0.08957863599061966
v 0.02585914358496666 -0.052924029529094696 0.09247086942195892
v 0.031138891354203224 -0.050469692796468735 0.08532671630382538
v 0.031138891354203224 -0.050469692796468735 0.08532671630382538
v 0.02585914358496666 -0.052924029529094696 0.09247086942195892
v 0.02229253575205803 -0.05416916683316231 0.0873192697763443
v 0.031138891354203224 -0.050469692796468735 0.08532671630382538
v 0.02229253575205803 -0.05416916683316231 0.0873192697763443
v 0.028614671900868416 -0.0516289584338665 0.08072672039270401
v 0.028614671900868416 -0.0516289584338665 0.08072672039270401
v 0.02229253575205803 -0.05416916683316231 0.0873192697763443
v 0.01926157809793949 -0.05541430413722992 0.08175548166036606
v 0.06201223284006119 -0.0379318930208683 0.10032445937395096
v 0.0591069757938385 -0.04237748309969902 0.10639476031064987
v 0.05814666301012039 -0.03894480690360069 0.09905827790498734
v 0.05814666301012039 -0.03894480690360069 0.09905827790498734
v 0.0591069757938385 -0.04237748309969902 0.10639476031064987
v 0.05435075983405113 -0.04350949451327324 0.10477429628372192
v 0.05814666301012039 -0.03894480690360069 0.09905827790498734
v 0.05435075983405113 -0.04350949451327324 0.10477429628372192
v 0.054366663098335266 -0.0399838350713253 0.09736187756061554
v 0.054366663098335266 -0.0399838350713253 0.09736187756061554
v 0.05435075983405113 -0.04350949451327324 0.10477429628372192
v 0.049702100455760956 -0.04466957971453667 0.10262537747621536
v 0.054366663098335266 -0.0399838350713253 0.09736187756061554
v 0.049702100455760956 -0.04466957971453667 0.10262537747621536
v 0.05079803243279457 -0.04102196916937828 0.09527905285358429
v 0.05079803243279457 -0.04102196916937828 0.09527905285358429
v 0.049702100455760956 -0.04466957971453667 0.10262537747621536
v 0.0453178696334362 -0.04582873359322548 0.10000685602426529
v 0.05079803243279457 -0.04102196916937828 0.09527905285358429
v 0.0453178696334362 -0.04582873359322548 0.10000685602426529
v 0.04747071489691734 -0.042060188949108124 0.09283171594142914
v 0.04747071489691734 -0.042060188949108124 0.09283171594142914
v 0.0453178696334362 -0.04582873359322548 0.10000685602426529
v 0.041233036667108536 -0.04698893055319786 0.09694361686706543
v 0.04747071489691734 -0.042060188949108124 0.09283171594142914
v 0.041233036667108536 -0.04698893055319786 0.09694361686706543
v 0.04441468045115471 -0.04309847205877304 0.09003777801990509
v 0.04441468045115471 -0.04309847205877304 0.09003777801990509
v 0.041233036667108536 -0.04698893055319786 0.09694361686706543
v 0.03748458996415138 -0.04814916476607323 0.09345956891775131
v 0.04441468045115471 -0.04309847205877304 0.09003777801990509
v 0.03748458996415138 -0.04814916476607323 0.09345956891775131
v 0.04165990650653839 -0.044136807322502136 0.08691811561584473
v 0.04165990650653839 -0.044136807322502136 0.08691811561584473
v 0.03748458996415138 -0.04814916476607323 0.09345956891775131
v 0.03410754352807999 -0.04930942505598068 0.08957863599061966
v 0.04165990650653839 -0.044136807322502136 0.08691811561584473
v 0.03410754352807999 -0.04930942505598068 0.08957863599061966
v 0.039235372096300125 -0.04517517238855362 0.08349163830280304
v 0.039235372096300125 -0.04517517238855362 0.08349163830280304
v 0.03410754352807999 -0.04930942505598068 0.08957863599061966
v 0.031138891354203224 -0.050469692796468735 0.08532671630382538
v 0.039235372096300125 -0.04517517238855362 0.08349163830280304
v 0.031138891354203224 -0.050469692796468735 0.08532671630382538
v 0.037170086055994034 -0.04621455818414688 0.07977920770645142
v 0.037170086055994034 -0.04621455818414688 0.07977920770645142
v 0.031138891354203224 -0.050469692796468735 0.08532671630382538
v 0.028614671900868416 -0.0516289584338665 0.08072672039270401
v 0.06456400454044342 -0.03228897601366043 0.09499350190162659
v 0.06201223284006119 -0.0379318930208683 0.10032445937395096
v 0.061480920761823654 -0.0331517793238163 0.09403443336486816
v 0.061480920761823654 -0.0331517793238163 0.09403443336486816
v 0.06201223284006119 -0.0379318930208683 0.10032445937395096
v 0.05814666301012039 -0.03894480690360069 0.09905827790498734
v 0.061480920761823654 -0.0331517793238163 0.09403443336486816
v 0.05814666301012039 -0.03894480690360069 0.09905827790498734
v 0.05846244841814041 -0.03403472527861595 0.09273126721382141
v 0.05846244841814041 -0.03403472527861595 0.09273126721382141
v 0.05814666301012039 -0.03894480690360069 0.09905827790498734
v 0.054366663098335266 -0.0399838350713253 0.09736187756061554
v 0.05846244841814041 -0.03403472527861595 0.09273126721382141
v 0.054366663098335266 -0.0399838350713253 0.09736187756061554
v 0.05560832843184471 -0.03491879627108574 0.09111685305833817
v 0.05560832843184471 -0.03491879627108574 0.09111685305833817
v 0.054366663098335266 -0.0399838350713253 0.09736187756061554
v 0.05079803243279457 -0.04102196916937828 0.09527905285358429
v 0.05560832843184471 -0.03491879627108574 0.09111685305833817
v 0.05079803243279457 -0.04102196916937828 0.09527905285358429
v 0.052944499999284744 -0.03580297529697418 0.08920909464359283
v 0.052944499999284744 -0.03580297529697418 0.08920909464359283
v 0.05079803243279457 -0.04102196916937828 0.09527905285358429
v 0.04747071489691734 -0.042060188949108124 0.09283171594142914
v 0.052944499999284744 -0.03580297529697418 0.08920909464359283
v 0.04747071489691734 -0.042060188949108124 0.09283171594142914
v 0.05049290508031845 -0.03668724372982979 0.08702190965414047
v 0.05049290508031845 -0.03668724372982979 0.08702190965414047
v 0.04747071489691734 -0.042060188949108124 0.09283171594142914
v 0.04441468045115471 -0.04309847205877304 0.09003777801990509
v 0.05049290508031845 -0.03668724372982979 0.08702190965414047
v 0.04441468045115471 -0.04309847205877304 0.09003777801990509
v 0.04827848821878433 -0.03757057711482048 0.08457117527723312
v 0.04827848821878433 -0.03757057711482048 0.08457117527723312
v 0.04441468045115471 -0.04309847205877304 0.09003777801990509
v 0.04165990650653839 -0.044136807322502136 0.08691811561584473
v 0.04827848821878433 -0.03757057711482048 0.08457117527723312
v 0.04165990650653839 -0.044136807322502136 0.08691811561584473
v 0.04632621631026268 -0.03845496103167534 0.08187180012464523
v 0.04632621631026268 -0.03845496103167534 0.08187180012464523
v 0.04165990650653839 -0.044136807322502136 0.08691811561584473
v 0.039235372096300125 -0.04517517238855362 0.08349163830280304
v 0.04632621631026268 -0.03845496103167534 0.08187180012464523
v 0.039235372096300125 -0.04517517238855362 0.08349163830280304
v 0.04465806111693382 -0.03933937847614288 0.07894064486026764
v 0.04465806111693382 -0.03933937847614288 0.07894064486026764
v 0.039235372096300125 -0.04517517238855362 0.08349163830280304
v 0.037170086055994034 -0.04621455818414688 0.07977920770645142
v 0.06667990237474442 -0.025626081973314285 0.09057222306728363
v 0.06456400454044342 -0.03228897601366043 0.09499350190162659
v 0.06424608826637268 -0.026310808956623077 0.08986298739910126
v 0.06424608826637268 -0.026310808956623077 0.08986298739910126
v 0.06456400454044342 -0.03228897601366043 0.09499350190162659
v 0.061480920761823654 -0.0331517793238163 0.09403443336486816
v 0.06424608826637268 -0.026310808956623077 0.08986298739910126
v 0.061480920761823654 -0.0331517793238163 0.09403443336486816
v 0.061857953667640686 -0.027012672275304794 0.0888807624578476
v 0.061857953667640686 -0.027012672275304794 0.0888807624578476
v 0.061480920761823654 -0.0331517793238163 0.09403443336486816
v 0.05846244841814041 -0.03403472527861595 0.09273126721382141
v 0.061857953667640686 -0.027012672275304794 0.0888807624578476
v 0.05846244841814041 -0.03403472527861595 0.09273126721382141
v 0.059595201164484024 -0.027713656425476074 0.08765340596437454
v 0.059595201164484024 -0.027713656425476074 0.08765340596437454
v 0.05846244841814041 -0.03403472527861595 0.09273126721382141
v 0.05560832843184471 -0.03491879627108574 0.09111685305833817
v 0.059595201164484024 -0.027713656425476074 0.08765340596437454
v 0.05560832843184471 -0.03491879627108574 0.09111685305833817
v 0.057477761059999466 -0.02841474674642086 0.0861908346414566
v 0.057477761059999466 -0.02841474674642086 0.0861908346414566
v 0.05560832843184471 -0.03491879627108574 0.09111685305833817
v 0.052944499999284744 -0.03580297529697418 0.08920909464359283
v 0.057477761059999466 -0.02841474674642086 0.0861908346414566
v 0.052944499999284744 -0.03580297529697418 0.08920909464359283
v 0.0555245615541935 -0.029116922989487648 0.08450596779584885
v 0.0555245615541935 -0.029116922989487648 0.08450596779584885
v 0.052944499999284744 -0.03580297529697418 0.08920909464359283
v 0.05049290508031845 -0.03668724372982979 0.08702190965414047
v 0.0555245615541935 -0.029116922989487648 0.08450596779584885
v 0.05049290508031845 -0.03668724372982979 0.08702190965414047
v 0.0537545345723629 -0.029818173497915268 0.08261173963546753
v 0.0537545345723629 -0.029818173497915268 0.08261173963546753
v 0.05049290508031845 -0.03668724372982979 0.08702190965414047
v 0.04827848821878433 -0.03757057711482048 0.08457117527723312
v 0.0537545345723629 -0.029818173497915268 0.08261173963546753
v 0.04827848821878433 -0.03757057711482048 0.08457117527723312
v 0.05218661576509476 -0.030519479885697365 0.08051805198192596
v 0.05218661576509476 -0.030519479885697365 0.08051805198192596
v 0.04827848821878433 -0.03757057711482048 0.08457117527723312
v 0.04632621631026268 -0.03845496103167534 0.08187180012464523
v 0.05218661576509476 -0.030519479885697365 0.08051805198192596
v 0.04632621631026268 -0.03845496103167534 0.08187180012464523
v 0.050840750336647034 -0.031221825629472733 0.07823775708675385
v 0.050840750336647034 -0.031221825629472733 0.07823775708675385
v 0.04632621631026268 -0.03845496103167534 0.08187180012464523
v 0.04465806111693382 -0.03933937847614288 0.07894064486026764
v 0.06829008460044861 -0.018154606223106384 0.08720827847719193
v 0.06667990237474442 -0.025626081973314285 0.09057222306728363
v 0.06634923815727234 -0.018639327958226204 0.08668260276317596
v 0.06634923815727234 -0.018639327958226204 0.08668260276317596
v 0.06667990237474442 -0.025626081973314285 0.09057222306728363
v 0.06424608826637268 -0.026310808956623077 0.08986298739910126
v 0.06634923815727234 -0.018639327958226204 0.08668260276317596
v 0.06424608826637268 -0.026310808956623077 0.08986298739910126
v 0.06444015353918076 -0.01913614571094513 0.08594199270009995
v 0.06444015353918076 -0.01913614571094513 0.08594199270009995
v 0.06424608826637268 -0.026310808956623077 0.08986298739910126
v 0.061857953667640686 -0.027012672275304794 0.0888807624578476
v 0.06444015353918076 -0.01913614571094513 0.08594199270009995
v 0.061857953667640686 -0.027012672275304794 0.0888807624578476
v 0.06262651830911636 -0.019633054733276367 0.08500431478023529
v 0.06262651830911636 -0.019633054733276367 0.08500431478023529
v 0.061857953667640686 -0.027012672275304794 0.0888807624578476
v 0.059595201164484024 -0.027713656425476074 0.08765340596437454
v 0.06262651830911636 -0.019633054733276367 0.08500431478023529
v 0.059595201164484024 -0.027713656425476074 0.08765340596437454
v 0.060923248529434204 -0.020130043849349022 0.08388052880764008
v 0.060923248529434204 -0.020130043849349022 0.08388052880764008
v 0.059595201164484024 -0.027713656425476074 0.08765340596437454
v 0.057477761059999466 -0.02841474674642086 0.0861908346414566
v 0.060923248529434204 -0.020130043849349022 0.08388052880764008
v 0.057477761059999466 -0.02841474674642086 0.0861908346414566
v 0.05934527516365051 -0.02062710002064705 0.08257856965065002
v 0.05934527516365051 -0.02062710002064705 0.08257856965065002
v 0.057477761059999466 -0.02841474674642086 0.0861908346414566
v 0.0555245615541935 -0.029116922989487648 0.08450596779584885
v 0.05934527516365051 -0.02062710002064705 0.08257856965065002
v 0.0555245615541935 -0.029116922989487648 0.08450596779584885
v 0.05790852755308151 -0.021124213933944702 0.08110737055540085
v 0.05790852755308151 -0.021124213933944702 0.08110737055540085
v 0.0555245615541935 -0.029116922989487648 0.08450596779584885
v 0.0537545345723629 -0.029818173497915268 0.08261173963546753
v 0.05790852755308151 -0.021124213933944702 0.08110737055540085
v 0.0537545345723629 -0.029818173497915268 0.08261173963546753
v 0.056627921760082245 -0.021621372550725937 0.07947685569524765
v 0.056627921760082245 -0.021621372550725937 0.07947685569524765
v 0.0537545345723629 -0.029818173497915268 0.08261173963546753
v 0.05218661576509476 -0.030519479885697365 0.08051805198192596
v 0.056627921760082245 -0.021621372550725937 0.07947685569524765
v 0.05218661576509476 -0.030519479885697365 0.08051805198192596
v 0.05551937595009804 -0.02211756817996502 0.07769593596458435
v 0.05551937595009804 -0.02211756817996502 0.07769593596458435
v 0.05218661576509476 -0.030519479885697365 0.08051805198192596
v 0.050840750336647034 -0.031221825629472733 0.07823775708675385
v -0.0377378948032856 -0.009103566408157349 0.11487443745136261
v -0.045866675674915314 -0.00931757502257824 0.10275986790657043
v -0.043658193200826645 -0.01837962679564953 0.10223769396543503
v -0.043658193200826645 -0.01837962679564953 0.10223769396543503
v -0.045866675674915314 -0.00931757502257824 0.10275986790657043
v -0.05042795091867447 -0.018801739439368248 0.0894528403878212
v -0.043658193200826645 -0.01837962679564953 0.10223769396543503
v -0.05042795091867447 -0.018801739439368248 0.0894528403878212
v -0.04663804545998573 -0.027557112276554108 0.08901846408843994
v -0.05274857580661774 -0.0095315957441926 0.0897226333618164
v -0.05042795091867447 -0.018801739439368248 0.0894528403878212
v -0.045866675674915314 -0.00931757502257824 0.10275986790657043
v 0 0.05590000003576279 0.07580000162124634
v 0 0.05590000003576279 0.0828000009059906
v -0.017274098470807076 0.05316389352083206 0.07580000162124634
v -0.017274098470807076 0.05316389352083206 0.07580000162124634
v 0 0.05590000003576279 0.0828000009059906
v -0.017274098470807076 0.05316389352083206 0.0828000009059906
v -0.017274098470807076 0.05316389352083206 0.07580000162124634
v -0.017274098470807076 0.05316389352083206 0.0828000009059906
v -0.032857220619916916 0.04522409662604332 0.07580000162124634
v -0.032857220619916916 0.04522409662604332 0.07580000162124634
v -0.017274098470807076 0.05316389352083206 0.0828000009059906
v -0.032857220619916916 0.04522409662604332 0.0828000009059906
v -0.032857220619916916 0.04522409662604332 0.07580000162124634
v -0.032857220619916916 0.04522409662604332 0.0828000009059906
v -0.04522409662604332 0.032857220619916916 0.07580000162124634
v -0.04522409662604332 0.032857220619916916 0.07580000162124634
v -0.032857220619916916 0.04522409662604332 0.0828000009059906
v -0.04522409662604332 0.032857220619916916 0.0828000009059906
v -0.04522409662604332 0.032857220619916916 0.07580000162124634
v -0.04522409662604332 0.032857220619916916 0.0828000009059906
v -0.05316389352083206 0.017274098470807076 0.07580000162124634
v -0.05316389352083206 0.017274098470807076 0.07580000162124634
v -0.04522409662604332 0.032857220619916916 0.0828000009059906
v -0.05316389352083206 0.017274098470807076 0.0828000009059906
v -0.05316389352083206 0.017274098470807076 0.07580000162124634
v -0.05316389352083206 0.017274098470807076 0.0828000009059906
v -0.05590000003576279 0 0.07580000162124634
v -0.05590000003576279 0 0.07580000162124634
v -0.05316389352083206 0.017274098470807076 0.0828000009059906
v -0.05590000003576279 0 0.0828000009059906
v -0.05590000003576279 0 0.07580000162124634
v -0.05590000003576279 0 0.0828000009059906
v -0.05316389352083206 -0.017274098470807076 0.07580000162124634
v -0.05316389352083206 -0.017274098470807076 0.07580000162124634
v -0.05590000003576279 0 0.0828000009059906
v -0.05316389352083206 -0.017274098470807076 0.0828000009059906
v -0.05316389352083206 -0.017274098470807076 0.07580000162124634
v -0.05316389352083206 -0.017274098470807076 0.0828000009059906
v -0.04522409662604332 -0.032857220619916916 0.07580000162124634
v -0.04522409662604332 -0.032857220619916916 0.07580000162124634
v -0.05316389352083206 -0.017274098470807076 0.0828000009059906
v -0.04522409662604332 -0.032857220619916916 0.0828000009059906
v -0.04522409662604332 -0.032857220619916916 0.07580000162124634
v -0.04522409662604332 -0.032857220619916916 0.0828000009059906
v -0.032857220619916916 -0.04522409662604332 0.07580000162124634
v -0.032857220619916916 -0.04522409662604332 0.07580000162124634
v -0.04522409662604332 -0.032857220619916916 0.0828000009059906
v -0.032857220619916916 -0.04522409662604332 0.0828000009059906
v -0.032857220619916916 -0.04522409662604332 0.07580000162124634
v -0.032857220619916916 -0.04522409662604332 0.0828000009059906
v -0.017274098470807076 -0.05316389352083206 0.07580000162124634
v -0.017274098470807076 -0.05316389352083206 0.07580000162124634
v -0.032857220619916916 -0.04522409662604332 0.0828000009059906
v -0.017274098470807076 -0.05316389352083206 0.0828000009059906
v -0.017274098470807076 -0.05316389352083206 0.07580000162124634
v -0.017274098470807076 -0.05316389352083206 0.0828000009059906
v 0 -0.05590000003576279 0.07580000162124634
v 0 -0.05590000003576279 0.07580000162124634
v -0.017274098470807076 -0.05316389352083206 0.0828000009059906
v 0 -0.05590000003576279 0.0828000009059906
v 0.0794999971985817 0.04360000044107437 0.12780000269412994
v 0.08449999988079071 0.04360000044107437 0.12780000269412994
v 0.0794999971985817 0.04097096994519234 0.11288779228925705
v 0.0794999971985817 0.04097096994519234 0.11288779228925705
v 0.08449999988079071 0.04360000044107437 0.12780000269412994
v 0.08449999988079071 0.04097096994519234 0.11288779228925705
v 0.0794999971985817 0.04097096994519234 0.11288779228925705
v 0.08449999988079071 0.04097096994519234 0.11288779228925705
v 0.0794999971985817 0.03339960426092148 0.09977472573518753
v 0.0794999971985817 0.03339960426092148 0.09977472573518753
v 0.08449999988079071 0.04097096994519234 0.11288779228925705
v 0.08449999988079071 0.03339960426092148 0.09977472573518753
v 0.0794999971985817 0.03339960426092148 0.09977472573518753
v 0.08449999988079071 0.03339960426092148 0.09977472573518753
v 0.0794999971985817 0.021800000220537186 0.0900413915514946
v 0.0794999971985817 0.021800000220537186 0.0900413915514946
v 0.08449999988079071 0.03339960426092148 0.09977472573518753
v 0.08449999988079071 0.021800000220537186 0.0900413915514946
v 0.0794999971985817 0.021800000220537186 0.0900413915514946
v 0.08449999988079071 0.021800000220537186 0.0900413915514946
v 0.0794999971985817 0.007571364752948284 0.08486251533031464
v 0.0794999971985817 0.007571364752948284 0.08486251533031464
v 0.08449999988079071 0.021800000220537186 0.0900413915514946
v 0.08449999988079071 0.007571364752948284 0.08486251533031464
v 0.0794999971985817 0.007571364752948284 0.08486251533031464
v 0.08449999988079071 0.007571364752948284 0.08486251533031464
v 0.0794999971985817 -0.007571364752948284 0.08486251533031464
v 0.0794999971985817 -0.007571364752948284 0.08486251533031464
v 0.08449999988079071 0.007571364752948284 0.08486251533031464
v 0.08449999988079071 -0.007571364752948284 0.08486251533031464
v 0.0794999971985817 -0.007571364752948284 0.08486251533031464
v 0.08449999988079071 -0.007571364752948284 0.08486251533031464
v 0.0794999971985817 -0.021800000220537186 0.0900413915514946
v 0.0794999971985817 -0.021800000220537186 0.0900413915514946
v 0.08449999988079071 -0.007571364752948284 0.08486251533031464
v 0.08449999988079071 -0.021800000220537186 0.0900413915514946
v 0.0794999971985817 -0.021800000220537186 0.0900413915514946
v 0.08449999988079071 -0.021800000220537186 0.0900413915514946
v 0.0794999971985817 -0.03339960426092148 0.09977472573518753
v 0.0794999971985817 -0.03339960426092148 0.09977472573518753
v 0.08449999988079071 -0.021800000220537186 0.0900413915514946
v 0.08449999988079071 -0.03339960426092148 0.09977472573518753
v 0.0794999971985817 -0.03339960426092148 0.09977472573518753
v 0.08449999988079071 -0.03339960426092148 0.09977472573518753
v 0.0794999971985817 -0.04097096994519234 0.11288779228925705
v 0.0794999971985817 -0.04097096994519234 0.11288779228925705
v 0.08449999988079071 -0.03339960426092148 0.09977472573518753
v 0.08449999988079071 -0.04097096994519234 0.11288779228925705
v 0.0794999971985817 -0.04097096994519234 0.11288779228925705
v 0.08449999988079071 -0.04097096994519234 0.11288779228925705
v 0.0794999971985817 -0.04360000044107437 0.12780000269412994
v 0.0794999971985817 -0.04360000044107437 0.12780000269412994
v 0.08449999988079071 -0.04097096994519234 0.11288779228925705
v 0.08449999988079071 -0.04360000044107437 0.12780000269412994
v 0.0794999971985817 -0.04360000044107437 0.12780000269412994
v 0.08449999988079071 -0.04360000044107437 0.12780000269412994
v 0.0794999971985817 -0.04097096994519234 0.14271219074726105
v 0.0794999971985817 -0.04097096994519234 0.14271219074726105
v 0.08449999988079071 -0.04360000044107437 0.12780000269412994
v 0.08449999988079071 -0.04097096994519234 0.14271219074726105
v 0.0794999971985817 -0.04097096994519234 0.14271219074726105
v 0.08449999988079071 -0.04097096994519234 0.14271219074726105
v 0.0794999971985817 -0.03339960426092148 0.15582528710365295
v 0.0794999971985817 -0.03339960426092148 0.15582528710365295
v 0.08449999988079071 -0.04097096994519234 0.14271219074726105
v 0.08449999988079071 -0.03339960426092148 0.15582528710365295
v 0.0794999971985817 -0.03339960426092148 0.15582528710365295
v 0.08449999988079071 -0.03339960426092148 0.15582528710365295
v 0.0794999971985817 -0.021800000220537186 0.1655586063861847
v 0.0794999971985817 -0.021800000220537186 0.1655586063861847
v 0.08449999988079071 -0.03339960426092148 0.15582528710365295
v 0.08449999988079071 -0.021800000220537186 0.1655586063861847
v 0.0794999971985817 -0.021800000220537186 0.1655586063861847
v 0.08449999988079071 -0.021800000220537186 0.1655586063861847
v 0.0794999971985817 -0.007571364752948284 0.17073747515678406
v 0.0794999971985817 -0.007571364752948284 0.17073747515678406
v 0.08449999988079071 -0.021800000220537186 0.1655586063861847
v 0.08449999988079071 -0.007571364752948284 0.17073747515678406
v 0.0794999971985817 -0.007571364752948284 0.17073747515678406
v 0.08449999988079071 -0.007571364752948284 0.17073747515678406
v 0.0794999971985817 0.007571364752948284 0.17073747515678406
v 0.0794999971985817 0.007571364752948284 0.17073747515678406
v 0.08449999988079071 -0.007571364752948284 0.17073747515678406
v 0.08449999988079071 0.007571364752948284 0.17073747515678406
v 0.0794999971985817 0.007571364752948284 0.17073747515678406
v 0.08449999988079071 0.007571364752948284 0.17073747515678406
v 0.0794999971985817 0.021800000220537186 0.1655586063861847
v 0.0794999971985817 0.021800000220537186 0.1655586063861847
v 0.08449999988079071 0.007571364752948284 0.17073747515678406
v 0.08449999988079071 0.021800000220537186 0.1655586063861847
v 0.0794999971985817 0.021800000220537186 0.1655586063861847
v 0.08449999988079071 0.021800000220537186 0.1655586063861847
v 0.0794999971985817 0.03339960426092148 0.15582528710365295
v 0.0794999971985817 0.03339960426092148 0.15582528710365295
v 0.08449999988079071 0.021800000220537186 0.1655586063861847
v 0.08449999988079071 0.03339960426092148 0.15582528710365295
v 0.0794999971985817 0.03339960426092148 0.15582528710365295
v 0.08449999988079071 0.03339960426092148 0.15582528710365295
v 0.0794999971985817 0.04097096994519234 0.14271219074726105
v 0.0794999971985817 0.04097096994519234 0.14271219074726105
v 0.08449999988079071 0.03339960426092148 0.15582528710365295
v 0.08449999988079071 0.04097096994519234 0.14271219074726105
v 0.0794999971985817 0.04097096994519234 0.14271219074726105
v 0.08449999988079071 0.04097096994519234 0.14271219074726105
v 0.0794999971985817 0.04360000044107437 0.12780000269412994
v 0.0794999971985817 0.04360000044107437 0.12780000269412994
v 0.08449999988079071 0.04097096994519234 0.14271219074726105
v 0.08449999988079071 0.04360000044107437 0.12780000269412994
v 0.07939999550580978 -0.040876999497413635 0.14267799258232117
v 0.07939999550580978 -0.040688998997211456 0.14260900020599365
v 0.07939999550580978 -0.04349999874830246 0.12780000269412994
v 0.07939999550580978 -0.04349999874830246 0.12780000269412994
v 0.07939999550580978 -0.040688998997211456 0.14260900020599365
v 0.07939999550580978 -0.043299999088048935 0.12780000269412994
v 0.07939999550580978 -0.04349999874830246 0.12780000269412994
v 0.07939999550580978 -0.043299999088048935 0.12780000269412994
v 0.07939999550580978 -0.040688998997211456 0.11299099773168564
v 0.07939999550580978 -0.040688998997211456 0.14260900020599365
v 0.07939999550580978 -0.040876999497413635 0.14267799258232117
v 0.07939999550580978 -0.03316999971866608 0.15563300251960754
v 0.07939999550580978 -0.03316999971866608 0.15563300251960754
v 0.07939999550580978 -0.040876999497413635 0.14267799258232117
v 0.07939999550580978 -0.033323001116514206 0.1557610034942627
v 0.07939999550580978 -0.03316999971866608 0.15563300251960754
v 0.07939999550580978 -0.033323001116514206 0.1557610034942627
v 0.07939999550580978 -0.021649999544024467 0.16529899835586548
v 0.07939999550580978 -0.021649999544024467 0.16529899835586548
v 0.07939999550580978 -0.033323001116514206 0.1557610034942627
v 0.07939999550580978 -0.02174999937415123 0.16547200083732605
v 0.07939999550580978 -0.021649999544024467 0.16529899835586548
v 0.07939999550580978 -0.02174999937415123 0.16547200083732605
v 0.07939999550580978 -0.007519000209867954 0.17044200003147125
v 0.07939999550580978 -0.007519000209867954 0.17044200003147125
v 0.07939999550580978 -0.02174999937415123 0.16547200083732605
v 0.07939999550580978 -0.007553999777883291 0.17063899338245392
v 0.07939999550580978 -0.007519000209867954 0.17044200003147125
v 0.07939999550580978 -0.007553999777883291 0.17063899338245392
v 0.07939999550580978 0.007553999777883291 0.17063899338245392
v 0.07939999550580978 -0.007519000209867954 0.17044200003147125
v 0.07939999550580978 0.007553999777883291 0.17063899338245392
v 0.07939999550580978 0.007519000209867954 0.17044200003147125
v 0.07939999550580978 0.007519000209867954 0.17044200003147125
v 0.07939999550580978 0.007553999777883291 0.17063899338245392
v 0.07939999550580978 0.02174999937415123 0.16547200083732605
v 0.07939999550580978 0.007519000209867954 0.17044200003147125
v 0.07939999550580978 0.02174999937415123 0.16547200083732605
v 0.07939999550580978 0.021649999544024467 0.16529899835586548
v 0.07939999550580978 0.021649999544024467 0.16529899835586548
v 0.07939999550580978 0.02174999937415123 0.16547200083732605
v 0.07939999550580978 0.033323001116514206 0.1557610034942627
v 0.07939999550580978 0.021649999544024467 0.16529899835586548
v 0.07939999550580978 0.033323001116514206 0.1557610034942627
v 0.07939999550580978 0.03316999971866608 0.15563300251960754
v 0.07939999550580978 0.03316999971866608 0.15563300251960754
v 0.07939999550580978 0.033323001116514206 0.1557610034942627
v 0.07939999550580978 0.040876999497413635 0.14267799258232117
v 0.07939999550580978 0.03316999971866608 0.15563300251960754
v 0.07939999550580978 0.040876999497413635 0.14267799258232117
v 0.07939999550580978 0.040688998997211456 0.14260900020599365
v 0.07939999550580978 0.040688998997211456 0.14260900020599365
v 0.07939999550580978 0.040876999497413635 0.14267799258232117
v 0.07939999550580978 0.04349999874830246 0.12780000269412994
v 0.07939999550580978 0.040688998997211456 0.14260900020599365
v 0.07939999550580978 0.04349999874830246 0.12780000269412994
v 0.07939999550580978 0.043299999088048935 0.12780000269412994
v 0.07939999550580978 0.043299999088048935 0.12780000269412994
v 0.07939999550580978 0.04349999874830246 0.12780000269412994
v 0.07939999550580978 0.040688998997211456 0.11299099773168564
v 0.07939999550580978 0.040688998997211456 0.11299099773168564
v 0.07939999550580978 0.04349999874830246 0.12780000269412994
v 0.07939999550580978 0.040876999497413635 0.11292199790477753
v 0.07939999550580978 0.040688998997211456 0.11299099773168564
v 0.07939999550580978 0.040876999497413635 0.11292199790477753
v 0.07939999550580978 0.03316999971866608 0.09996700286865234
v 0.07939999550580978 0.03316999971866608 0.09996700286865234
v 0.07939999550580978 0.040876999497413635 0.11292199790477753
v 0.07939999550580978 0.033323001116514206 0.09983900189399719
v 0.07939999550580978 0.03316999971866608 0.09996700286865234
v 0.07939999550580978 0.033323001116514206 0.09983900189399719
v 0.07939999550580978 0.021649999544024467 0.09030099958181381
v 0.07939999550580978 0.021649999544024467 0.09030099958181381
v 0.07939999550580978 0.033323001116514206 0.09983900189399719
v 0.07939999550580978 0.02174999937415123 0.09012799710035324
v 0.07939999550580978 0.021649999544024467 0.09030099958181381
v 0.07939999550580978 0.02174999937415123 0.09012799710035324
v 0.07939999550580978 0.007519000209867954 0.08515799790620804
v 0.07939999550580978 0.007519000209867954 0.08515799790620804
v 0.07939999550580978 0.02174999937415123 0.09012799710035324
v 0.07939999550580978 0.007553999777883291 0.08496099710464478
v 0.07939999550580978 0.007519000209867954 0.08515799790620804
v 0.07939999550580978 0.007553999777883291 0.08496099710464478
v 0.07939999550580978 -0.007553999777883291 0.08496099710464478
v 0.07939999550580978 0.007519000209867954 0.08515799790620804
v 0.07939999550580978 -0.007553999777883291 0.08496099710464478
v 0.07939999550580978 -0.007519000209867954 0.08515799790620804
v 0.07939999550580978 -0.007519000209867954 0.08515799790620804
v 0.07939999550580978 -0.007553999777883291 0.08496099710464478
v 0.07939999550580978 -0.02174999937415123 0.09012799710035324
v 0.07939999550580978 -0.007519000209867954 0.08515799790620804
v 0.07939999550580978 -0.02174999937415123 0.09012799710035324
v 0.07939999550580978 -0.021649999544024467 0.09030099958181381
v 0.07939999550580978 -0.021649999544024467 0.09030099958181381
v 0.07939999550580978 -0.02174999937415123 0.09012799710035324
v 0.07939999550580978 -0.033323001116514206 0.09983900189399719
v 0.07939999550580978 -0.021649999544024467 0.09030099958181381
v 0.07939999550580978 -0.033323001116514206 0.09983900189399719
v 0.07939999550580978 -0.03316999971866608 0.09996700286865234
v 0.07939999550580978 -0.03316999971866608 0.09996700286865234
v 0.07939999550580978 -0.033323001116514206 0.09983900189399719
v 0.07939999550580978 -0.040876999497413635 0.11292199790477753
v 0.07939999550580978 -0.03316999971866608 0.09996700286865234
v 0.07939999550580978 -0.040876999497413635 0.11292199790477753
v 0.07939999550580978 -0.040688998997211456 0.11299099773168564
v 0.07939999550580978 -0.040688998997211456 0.11299099773168564
v 0.07939999550580978 -0.040876999497413635 0.11292199790477753
v 0.07939999550580978 -0.04349999874830246 0.12780000269412994
v 0.07460000365972519 -0.008484000340104103 0.08513499796390533
v 0.07460000365972519 0 0.08430000394582748
v 0.07460000365972519 0 0.08449999988079071
v 0.07460000365972519 0 0.08449999988079071
v 0.07460000365972519 0 0.08430000394582748
v 0.07460000365972519 0.008484000340104103 0.08513499796390533
v 0.07460000365972519 0 0.08449999988079071
v 0.07460000365972519 0.008484000340104103 0.08513499796390533
v 0.07460000365972519 0.008446999825537205 0.0853319987654686
v 0.07460000365972519 0.008446999825537205 0.0853319987654686
v 0.07460000365972519 0.008484000340104103 0.08513499796390533
v 0.07460000365972519 0.016649000346660614 0.08761200308799744
v 0.07460000365972519 0.008446999825537205 0.0853319987654686
v 0.07460000365972519 0.016649000346660614 0.08761200308799744
v 0.07460000365972519 0.01656999997794628 0.08779600262641907
v 0.07460000365972519 0.01656999997794628 0.08779600262641907
v 0.07460000365972519 0.016649000346660614 0.08761200308799744
v 0.07460000365972519 0.024056000635027885 0.09179700165987015
v 0.07460000365972519 0.024056000635027885 0.09179700165987015
v 0.07460000365972519 0.016649000346660614 0.08761200308799744
v 0.07460000365972519 0.024167999625205994 0.09163200110197067
v 0.07460000365972519 0.024056000635027885 0.09179700165987015
v 0.07460000365972519 0.024167999625205994 0.09163200110197067
v 0.07460000365972519 0.030757000669836998 0.09703899919986725
v 0.07460000365972519 0.024056000635027885 0.09179700165987015
v 0.07460000365972519 0.030757000669836998 0.09703899919986725
v 0.07460000365972519 0.030618000775575638 0.09718199819326401
v 0.07460000365972519 0.030618000775575638 0.09718199819326401
v 0.07460000365972519 0.030757000669836998 0.09703899919986725
v 0.07460000365972519 0.03616800159215927 0.10363200306892395
v 0.07460000365972519 0.030618000775575638 0.09718199819326401
v 0.07460000365972519 0.03616800159215927 0.10363200306892395
v 0.07460000365972519 0.036003001034259796 0.10374400019645691
v 0.07460000365972519 0.036003001034259796 0.10374400019645691
v 0.07460000365972519 0.03616800159215927 0.10363200306892395
v 0.07460000365972519 0.04018799960613251 0.11115200072526932
v 0.07460000365972519 0.036003001034259796 0.10374400019645691
v 0.07460000365972519 0.04018799960613251 0.11115200072526932
v 0.07460000365972519 0.040004000067710876 0.11123000085353851
v 0.07460000365972519 0.040004000067710876 0.11123000085353851
v 0.07460000365972519 0.04018799960613251 0.11115200072526932
v 0.07460000365972519 0.042663998901844025 0.11931400001049042
v 0.07460000365972519 0.040004000067710876 0.11123000085353851
v 0.07460000365972519 0.042663998901844025 0.11931400001049042
v 0.07460000365972519 0.04246800020337105 0.11935299634933472
v 0.07460000365972519 0.04246800020337105 0.11935299634933472
v 0.07460000365972519 0.042663998901844025 0.11931400001049042
v 0.07460000365972519 0.04349999874830246 0.12780000269412994
v 0.07460000365972519 0.04246800020337105 0.11935299634933472
v 0.07460000365972519 0.04349999874830246 0.12780000269412994
v 0.07460000365972519 0.043299999088048935 0.12780000269412994
v 0.07460000365972519 0.043299999088048935 0.12780000269412994
v 0.07460000365972519 0.04349999874830246 0.12780000269412994
v 0.07460000365972519 0.04246800020337105 0.13624699413776398
v 0.07460000365972519 0.04246800020337105 0.13624699413776398
v 0.07460000365972519 0.04349999874830246 0.12780000269412994
v 0.07460000365972519 0.042663998901844025 0.13628600537776947
v 0.07460000365972519 0.04246800020337105 0.13624699413776398
v 0.07460000365972519 0.042663998901844025 0.13628600537776947
v 0.07460000365972519 0.040004000067710876 0.14437000453472137
v 0.07460000365972519 0.040004000067710876 0.14437000453472137
v 0.07460000365972519 0.042663998901844025 0.13628600537776947
v 0.07460000365972519 0.04018799960613251 0.14444799721240997
v 0.07460000365972519 0.040004000067710876 0.14437000453472137
v 0.07460000365972519 0.04018799960613251 0.14444799721240997
v 0.07460000365972519 0.036003001034259796 0.15185600519180298
v 0.07460000365972519 0.036003001034259796 0.15185600519180298
v 0.07460000365972519 0.04018799960613251 0.14444799721240997
v 0.07460000365972519 0.03616800159215927 0.15196800231933594
v 0.07460000365972519 0.036003001034259796 0.15185600519180298
v 0.07460000365972519 0.03616800159215927 0.15196800231933594
v 0.07460000365972519 0.030618000775575638 0.15841799974441528
v 0.07460000365972519 0.030618000775575638 0.15841799974441528
v 0.07460000365972519 0.03616800159215927 0.15196800231933594
v 0.07460000365972519 0.030757000669836998 0.15856099128723145
v 0.07460000365972519 0.030618000775575638 0.15841799974441528
v 0.07460000365972519 0.030757000669836998 0.15856099128723145
v 0.07460000365972519 0.024056000635027885 0.16380299627780914
v 0.07460000365972519 0.024056000635027885 0.16380299627780914
v 0.07460000365972519 0.030757000669836998 0.15856099128723145
v 0.07460000365972519 0.024167999625205994 0.16396799683570862
v 0.07460000365972519 0.024056000635027885 0.16380299627780914
v 0.07460000365972519 0.024167999625205994 0.16396799683570862
v 0.07460000365972519 0.016649000346660614 0.16798800230026245
v 0.07460000365972519 0.008484000340104103 0.17046499252319336
v 0.07460000365972519 0.008446999825537205 0.1702679991722107
v 0.07460000365972519 0.016649000346660614 0.16798800230026245
v 0.07460000365972519 0.016649000346660614 0.16798800230026245
v 0.07460000365972519 0.008446999825537205 0.1702679991722107
v 0.07460000365972519 0.01656999997794628 0.16780400276184082
v 0.07460000365972519 0.016649000346660614 0.16798800230026245
v 0.07460000365972519 0.01656999997794628 0.16780400276184082
v 0.07460000365972519 0.024056000635027885 0.16380299627780914
v 0.07460000365972519 0.008446999825537205 0.1702679991722107
v 0.07460000365972519 0.008484000340104103 0.17046499252319336
v 0.07460000365972519 0 0.17109999060630798
v 0.07460000365972519 0 0.17109999060630798
v 0.07460000365972519 0.008484000340104103 0.17046499252319336
v 0.07460000365972519 0 0.1712999939918518
v 0.07460000365972519 0 0.17109999060630798
v 0.07460000365972519 0 0.1712999939918518
v 0.07460000365972519 -0.008484000340104103 0.17046499252319336
v 0.07460000365972519 0 0.17109999060630798
v 0.07460000365972519 -0.008484000340104103 0.17046499252319336
v 0.07460000365972519 -0.008446999825537205 0.1702679991722107
v 0.07460000365972519 -0.008446999825537205 0.1702679991722107
v 0.07460000365972519 -0.008484000340104103 0.17046499252319336
v 0.07460000365972519 -0.016649000346660614 0.16798800230026245
v 0.07460000365972519 -0.008446999825537205 0.1702679991722107
v 0.07460000365972519 -0.016649000346660614 0.16798800230026245
v 0.07460000365972519 -0.01656999997794628 0.16780400276184082
v 0.07460000365972519 -0.01656999997794628 0.16780400276184082
v 0.07460000365972519 -0.016649000346660614 0.16798800230026245
v 0.07460000365972519 -0.024056000635027885 0.16380299627780914
v 0.07460000365972519 -0.024056000635027885 0.16380299627780914
v 0.07460000365972519 -0.016649000346660614 0.16798800230026245
v 0.07460000365972519 -0.024167999625205994 0.16396799683570862
v 0.07460000365972519 -0.024056000635027885 0.16380299627780914
v 0.07460000365972519 -0.024167999625205994 0.16396799683570862
v 0.07460000365972519 -0.030757000669836998 0.15856099128723145
v 0.07460000365972519 -0.024056000635027885 0.16380299627780914
v 0.07460000365972519 -0.030757000669836998 0.15856099128723145
v 0.07460000365972519 -0.030618000775575638 0.15841799974441528
v 0.07460000365972519 -0.030618000775575638 0.15841799974441528
v 0.07460000365972519 -0.030757000669836998 0.15856099128723145
v 0.07460000365972519 -0.03616800159215927 0.15196800231933594
v 0.07460000365972519 -0.030618000775575638 0.15841799974441528
v 0.07460000365972519 -0.03616800159215927 0.15196800231933594
v 0.07460000365972519 -0.036003001034259796 0.15185600519180298
v 0.07460000365972519 -0.036003001034259796 0.15185600519180298
v 0.07460000365972519 -0.03616800159215927 0.15196800231933594
v 0.07460000365972519 -0.04018799960613251 0.14444799721240997
v 0.07460000365972519 -0.036003001034259796 0.15185600519180298
v 0.07460000365972519 -0.04018799960613251 0.14444799721240997
v 0.07460000365972519 -0.040004000067710876 0.14437000453472137
v 0.07460000365972519 -0.040004000067710876 0.14437000453472137
v 0.07460000365972519 -0.04018799960613251 0.14444799721240997
v 0.07460000365972519 -0.042663998901844025 0.13628600537776947
v 0.07460000365972519 -0.040004000067710876 0.14437000453472137
v 0.07460000365972519 -0.042663998901844025 0.13628600537776947
v 0.07460000365972519 -0.04246800020337105 0.13624699413776398
v 0.07460000365972519 -0.04246800020337105 0.13624699413776398
v 0.07460000365972519 -0.042663998901844025 0.13628600537776947
v 0.07460000365972519 -0.04349999874830246 0.12780000269412994
v 0.07460000365972519 -0.04246800020337105 0.13624699413776398
v 0.07460000365972519 -0.04349999874830246 0.12780000269412994
v 0.07460000365972519 -0.043299999088048935 0.12780000269412994
v 0.07460000365972519 -0.043299999088048935 0.12780000269412994
v 0.07460000365972519 -0.04349999874830246 0.12780000269412994
v 0.07460000365972519 -0.04246800020337105 0.11935299634933472
v 0.07460000365972519 -0.04246800020337105 0.11935299634933472
v 0.07460000365972519 -0.04349999874830246 0.12780000269412994
v 0.07460000365972519 -0.042663998901844025 0.11931400001049042
v 0.07460000365972519 -0.04246800020337105 0.11935299634933472
v 0.07460000365972519 -0.042663998901844025 0.11931400001049042
v 0.07460000365972519 -0.040004000067710876 0.11123000085353851
v 0.07460000365972519 -0.040004000067710876 0.11123000085353851
v 0.07460000365972519 -0.042663998901844025 0.11931400001049042
v 0.07460000365972519 -0.04018799960613251 0.11115200072526932
v 0.07460000365972519 -0.040004000067710876 0.11123000085353851
v 0.07460000365972519 -0.04018799960613251 0.11115200072526932
v 0.07460000365972519 -0.036003001034259796 0.10374400019645691
v 0.07460000365972519 -0.036003001034259796 0.10374400019645691
v 0.07460000365972519 -0.04018799960613251 0.11115200072526932
v 0.07460000365972519 -0.03616800159215927 0.10363200306892395
v 0.07460000365972519 -0.036003001034259796 0.10374400019645691
v 0.07460000365972519 -0.03616800159215927 0.10363200306892395
v 0.07460000365972519 -0.030618000775575638 0.09718199819326401
v 0.07460000365972519 -0.030618000775575638 0.09718199819326401
v 0.07460000365972519 -0.03616800159215927 0.10363200306892395
v 0.07460000365972519 -0.030757000669836998 0.09703899919986725
v 0.07460000365972519 -0.030618000775575638 0.09718199819326401
v 0.07460000365972519 -0.030757000669836998 0.09703899919986725
v 0.07460000365972519 -0.024056000635027885 0.09179700165987015
v 0.07460000365972519 -0.024056000635027885 0.09179700165987015
v 0.07460000365972519 -0.030757000669836998 0.09703899919986725
v 0.07460000365972519 -0.024167999625205994 0.09163200110197067
v 0.07460000365972519 -0.024056000635027885 0.09179700165987015
v 0.07460000365972519 -0.024167999625205994 0.09163200110197067
v 0.07460000365972519 -0.016649000346660614 0.08761200308799744
v 0.07460000365972519 -0.008484000340104103 0.08513499796390533
v 0.07460000365972519 -0.008446999825537205 0.0853319987654686
v 0.07460000365972519 -0.016649000346660614 0.08761200308799744
v 0.07460000365972519 -0.016649000346660614 0.08761200308799744
v 0.07460000365972519 -0.008446999825537205 0.0853319987654686
v 0.07460000365972519 -0.01656999997794628 0.08779600262641907
v 0.07460000365972519 -0.016649000346660614 0.08761200308799744
v 0.07460000365972519 -0.01656999997794628 0.08779600262641907
v 0.07460000365972519 -0.024056000635027885 0.09179700165987015
v 0.07460000365972519 -0.008446999825537205 0.0853319987654686
v 0.07460000365972519 -0.008484000340104103 0.08513499796390533
v 0.07460000365972519 0 0.08449999988079071
v -0.017304999753832817 -0.053259000182151794 0.08269999921321869
v -0.017304999753832817 0.053259000182151794 0.08269999921321869
v 0 -0.0560000017285347 0.08269999921321869
v 0 -0.0560000017285347 0.08269999921321869
v -0.017304999753832817 0.053259000182151794 0.08269999921321869
v 0 0.0560000017285347 0.08269999921321869
v 0 -0.0560000017285347 0.08269999921321869
v 0 0.0560000017285347 0.08269999921321869
v 0.017304999753832817 -0.053259000182151794 0.08269999921321869
v 0.017304999753832817 -0.053259000182151794 0.08269999921321869
v 0 0.0560000017285347 0.08269999921321869
v 0.017304999753832817 0.053259000182151794 0.08269999921321869
v 0.017304999753832817 -0.053259000182151794 0.08269999921321869
v 0.017304999753832817 0.053259000182151794 0.08269999921321869
v 0.03291599825024605 -0.04530499875545502 0.08269999921321869
v 0.03291599825024605 -0.04530499875545502 0.08269999921321869
v 0.017304999753832817 0.053259000182151794 0.08269999921321869
v 0.03291599825024605 0.04530499875545502 0.08269999921321869
v 0.03291599825024605 -0.04530499875545502 0.08269999921321869
v 0.03291599825024605 0.04530499875545502 0.08269999921321869
v 0.04530499875545502 -0.03291599825024605 0.08269999921321869
v 0.04530499875545502 -0.03291599825024605 0.08269999921321869
v 0.03291599825024605 0.04530499875545502 0.08269999921321869
v 0.04530499875545502 0.03291599825024605 0.08269999921321869
v 0.04530499875545502 -0.03291599825024605 0.08269999921321869
v 0.04530499875545502 0.03291599825024605 0.08269999921321869
v 0.053259000182151794 -0.017304999753832817 0.08269999921321869
v 0.053259000182151794 -0.017304999753832817 0.08269999921321869
v 0.04530499875545502 0.03291599825024605 0.08269999921321869
v 0.053259000182151794 0.017304999753832817 0.08269999921321869
v 0.053259000182151794 -0.017304999753832817 0.08269999921321869
v 0.053259000182151794 0.017304999753832817 0.08269999921321869
v 0.0560000017285347 0 0.08269999921321869
v -0.017304999753832817 0.053259000182151794 0.08269999921321869
v -0.017304999753832817 -0.053259000182151794 0.08269999921321869
v -0.03291599825024605 0.04530499875545502 0.08269999921321869
v -0.03291599825024605 0.04530499875545502 0.08269999921321869
v -0.017304999753832817 -0.053259000182151794 0.08269999921321869
v -0.03291599825024605 -0.04530499875545502 0.08269999921321869
v -0.03291599825024605 0.04530499875545502 0.08269999921321869
v -0.03291599825024605 -0.04530499875545502 0.08269999921321869
v -0.04530499875545502 0.03291599825024605 0.08269999921321869
v -0.04530499875545502 0.03291599825024605 0.08269999921321869
v -0.03291599825024605 -0.04530499875545502 0.08269999921321869
v -0.04530499875545502 -0.03291599825024605 0.08269999921321869
v -0.04530499875545502 0.03291599825024605 0.08269999921321869
v -0.04530499875545502 -0.03291599825024605 0.08269999921321869
v -0.053259000182151794 0.017304999753832817 0.08269999921321869
v -0.053259000182151794 0.017304999753832817 0.08269999921321869
v -0.04530499875545502 -0.03291599825024605 0.08269999921321869
v -0.053259000182151794 -0.017304999753832817 0.08269999921321869
v -0.053259000182151794 0.017304999753832817 0.08269999921321869
v -0.053259000182151794 -0.017304999753832817 0.08269999921321869
v -0.0560000017285347 0 0.08269999921321869
v 0 -0.05590000003576279 0.07580000162124634
v 0 -0.05590000003576279 0.0828000009059906
v 0.017274098470807076 -0.05316389352083206 0.07580000162124634
v 0.017274098470807076 -0.05316389352083206 0.07580000162124634
v 0 -0.05590000003576279 0.0828000009059906
v 0.017274098470807076 -0.05316389352083206 0.0828000009059906
v 0.017274098470807076 -0.05316389352083206 0.07580000162124634
v 0.017274098470807076 -0.05316389352083206 0.0828000009059906
v 0.032857220619916916 -0.04522409662604332 0.07580000162124634
v 0.032857220619916916 -0.04522409662604332 0.07580000162124634
v 0.017274098470807076 -0.05316389352083206 0.0828000009059906
v 0.032857220619916916 -0.04522409662604332 0.0828000009059906
v 0.032857220619916916 -0.04522409662604332 0.07580000162124634
v 0.032857220619916916 -0.04522409662604332 0.0828000009059906
v 0.04522409662604332 -0.032857220619916916 0.07580000162124634
v 0.04522409662604332 -0.032857220619916916 0.07580000162124634
v 0.032857220619916916 -0.04522409662604332 0.0828000009059906
v 0.04522409662604332 -0.032857220619916916 0.0828000009059906
v 0.04522409662604332 -0.032857220619916916 0.07580000162124634
v 0.04522409662604332 -0.032857220619916916 0.0828000009059906
v 0.05316389352083206 -0.017274098470807076 0.07580000162124634
v 0.05316389352083206 -0.017274098470807076 0.07580000162124634
v 0.04522409662604332 -0.032857220619916916 0.0828000009059906
v 0.05316389352083206 -0.017274098470807076 0.0828000009059906
v 0.05316389352083206 -0.017274098470807076 0.07580000162124634
v 0.05316389352083206 -0.017274098470807076 0.0828000009059906
v 0.05590000003576279 0 0.07580000162124634
v 0.05590000003576279 0 0.07580000162124634
v 0.05316389352083206 -0.017274098470807076 0.0828000009059906
v 0.05590000003576279 0 0.0828000009059906
v 0.05590000003576279 0 0.07580000162124634
v 0.05590000003576279 0 0.0828000009059906
v 0.05316389352083206 0.017274098470807076 0.07580000162124634
v 0.05316389352083206 0.017274098470807076 0.07580000162124634
v 0.05590000003576279 0 0.0828000009059906
v 0.05316389352083206 0.017274098470807076 0.0828000009059906
v 0.05316389352083206 0.017274098470807076 0.07580000162124634
v 0.05316389352083206 0.017274098470807076 0.0828000009059906
v 0.04522409662604332 0.032857220619916916 0.07580000162124634
v 0.04522409662604332 0.032857220619916916 0.07580000162124634
v 0.05316389352083206 0.017274098470807076 0.0828000009059906
v 0.04522409662604332 0.032857220619916916 0.0828000009059906
v 0.04522409662604332 0.032857220619916916 0.07580000162124634
v 0.04522409662604332 0.032857220619916916 0.0828000009059906
v 0.032857220619916916 0.04522409662604332 0.07580000162124634
v 0.032857220619916916 0.04522409662604332 0.07580000162124634
v 0.04522409662604332 0.032857220619916916 0.0828000009059906
v 0.032857220619916916 0.04522409662604332 0.0828000009059906
v 0.032857220619916916 0.04522409662604332 0.07580000162124634
v 0.032857220619916916 0.04522409662604332 0.0828000009059906
v 0.017274098470807076 0.05316389352083206 0.07580000162124634
v 0.017274098470807076 0.05316389352083206 0.07580000162124634
v 0.032857220619916916 0.04522409662604332 0.0828000009059906
v 0.017274098470807076 0.05316389352083206 0.0828000009059906
v 0.017274098470807076 0.05316389352083206 0.07580000162124634
v 0.017274098470807076 0.05316389352083206 0.0828000009059906
v 0 0.05590000003576279 0.07580000162124634
v 0 0.05590000003576279 0.07580000162124634
v 0.017274098470807076 0.05316389352083206 0.0828000009059906
v 0 0.05590000003576279 0.0828000009059906
v 0.05786700174212456 0.011506999842822552 0.07569999992847443
v 0.05900000035762787 0 0.07569999992847443
v 0.0560000017285347 0 0.07569999992847443
v 0.0560000017285347 0 0.07569999992847443
v 0.05900000035762787 0 0.07569999992847443
v 0.05786700174212456 -0.011506999842822552 0.07569999992847443
v 0.0560000017285347 0 0.07569999992847443
v 0.05786700174212456 -0.011506999842822552 0.07569999992847443
v 0.053259000182151794 -0.017304999753832817 0.07569999992847443
v 0.053259000182151794 -0.017304999753832817 0.07569999992847443
v 0.05786700174212456 -0.011506999842822552 0.07569999992847443
v 0.05450800061225891 -0.022582000121474266 0.07569999992847443
v 0.053259000182151794 -0.017304999753832817 0.07569999992847443
v 0.05450800061225891 -0.022582000121474266 0.07569999992847443
v 0.04530499875545502 -0.03291599825024605 0.07569999992847443
v 0.04530499875545502 -0.03291599825024605 0.07569999992847443
v 0.05450800061225891 -0.022582000121474266 0.07569999992847443
v 0.04905499890446663 -0.0327799990773201 0.07569999992847443
v 0.04530499875545502 -0.03291599825024605 0.07569999992847443
v 0.04905499890446663 -0.0327799990773201 0.07569999992847443
v 0.041721999645233154 -0.04171700030565262 0.07569999992847443
v 0.04530499875545502 -0.03291599825024605 0.07569999992847443
v 0.041721999645233154 -0.04171700030565262 0.07569999992847443
v 0.03291599825024605 -0.04530499875545502 0.07569999992847443
v 0.03291599825024605 -0.04530499875545502 0.07569999992847443
v 0.041721999645233154 -0.04171700030565262 0.07569999992847443
v 0.0327799990773201 -0.04905499890446663 0.07569999992847443
v 0.03291599825024605 -0.04530499875545502 0.07569999992847443
v 0.0327799990773201 -0.04905499890446663 0.07569999992847443
v 0.022579999640583992 -0.05450800061225891 0.07569999992847443
v 0.03291599825024605 -0.04530499875545502 0.07569999992847443
v 0.022579999640583992 -0.05450800061225891 0.07569999992847443
v 0.017304999753832817 -0.053259000182151794 0.07569999992847443
v 0.017304999753832817 -0.053259000182151794 0.07569999992847443
v 0.022579999640583992 -0.05450800061225891 0.07569999992847443
v 0.011509999632835388 -0.05786599963903427 0.07569999992847443
v 0.017304999753832817 -0.053259000182151794 0.07569999992847443
v 0.011509999632835388 -0.05786599963903427 0.07569999992847443
v 0 -0.0560000017285347 0.07569999992847443
v 0 -0.0560000017285347 0.07569999992847443
v 0.011509999632835388 -0.05786599963903427 0.07569999992847443
v 0 -0.05900000035762787 0.07569999992847443
v 0 -0.0560000017285347 0.07569999992847443
v 0 -0.05900000035762787 0.07569999992847443
v -0.011509999632835388 -0.05786599963903427 0.07569999992847443
v 0 -0.0560000017285347 0.07569999992847443
v -0.011509999632835388 -0.05786599963903427 0.07569999992847443
v -0.017304999753832817 -0.053259000182151794 0.07569999992847443
v -0.017304999753832817 -0.053259000182151794 0.07569999992847443
v -0.011509999632835388 -0.05786599963903427 0.07569999992847443
v -0.022579999640583992 -0.05450800061225891 0.07569999992847443
v -0.017304999753832817 -0.053259000182151794 0.07569999992847443
v -0.022579999640583992 -0.05450800061225891 0.07569999992847443
v -0.03291599825024605 -0.04530499875545502 0.07569999992847443
v -0.03291599825024605 -0.04530499875545502 0.07569999992847443
v -0.022579999640583992 -0.05450800061225891 0.07569999992847443
v -0.0327799990773201 -0.04905499890446663 0.07569999992847443
v -0.03291599825024605 -0.04530499875545502 0.07569999992847443
v -0.0327799990773201 -0.04905499890446663 0.07569999992847443
v -0.041721999645233154 -0.04171700030565262 0.07569999992847443
v -0.03291599825024605 -0.04530499875545502 0.07569999992847443
v -0.041721999645233154 -0.04171700030565262 0.07569999992847443
v -0.04530499875545502 -0.03291599825024605 0.07569999992847443
v -0.04530499875545502 -0.03291599825024605 0.07569999992847443
v -0.041721999645233154 -0.04171700030565262 0.07569999992847443
v -0.04905499890446663 -0.0327799990773201 0.07569999992847443
v -0.04530499875545502 -0.03291599825024605 0.07569999992847443
v -0.04905499890446663 -0.0327799990773201 0.07569999992847443
v -0.05450800061225891 -0.022582000121474266 0.07569999992847443
v -0.04530499875545502 -0.03291599825024605 0.07569999992847443
v -0.05450800061225891 -0.022582000121474266 0.07569999992847443
v -0.053259000182151794 -0.017304999753832817 0.07569999992847443
v -0.053259000182151794 -0.017304999753832817 0.07569999992847443
v -0.05450800061225891 -0.022582000121474266 0.07569999992847443
v -0.05786700174212456 -0.011506999842822552 0.07569999992847443
v -0.053259000182151794 -0.017304999753832817 0.07569999992847443
v -0.05786700174212456 -0.011506999842822552 0.07569999992847443
v -0.0560000017285347 0 0.07569999992847443
v -0.0560000017285347 0 0.07569999992847443
v -0.05786700174212456 -0.011506999842822552 0.07569999992847443
v -0.05900000035762787 0 0.07569999992847443
v -0.0560000017285347 0 0.07569999992847443
v -0.05900000035762787 0 0.07569999992847443
v -0.05786700174212456 0.011506999842822552 0.07569999992847443
v -0.0560000017285347 0 0.07569999992847443
v -0.05786700174212456 0.011506999842822552 0.07569999992847443
v -0.053259000182151794 0.017304999753832817 0.07569999992847443
v -0.053259000182151794 0.017304999753832817 0.07569999992847443
v -0.05786700174212456 0.011506999842822552 0.07569999992847443
v -0.05450800061225891 0.022582000121474266 0.07569999992847443
v -0.053259000182151794 0.017304999753832817 0.07569999992847443
v -0.05450800061225891 0.022582000121474266 0.07569999992847443
v -0.04530499875545502 0.03291599825024605 0.07569999992847443
v -0.04530499875545502 0.03291599825024605 0.07569999992847443
v -0.05450800061225891 0.022582000121474266 0.07569999992847443
v -0.04905499890446663 0.0327799990773201 0.07569999992847443
v -0.04530499875545502 0.03291599825024605 0.07569999992847443
v -0.04905499890446663 0.0327799990773201 0.07569999992847443
v -0.041721999645233154 0.04171700030565262 0.07569999992847443
v -0.04530499875545502 0.03291599825024605 0.07569999992847443
v -0.041721999645233154 0.04171700030565262 0.07569999992847443
v -0.03291599825024605 0.04530499875545502 0.07569999992847443
v -0.03291599825024605 0.04530499875545502 0.07569999992847443
v -0.041721999645233154 0.04171700030565262 0.07569999992847443
v -0.0327799990773201 0.04905499890446663 0.07569999992847443
v -0.03291599825024605 0.04530499875545502 0.07569999992847443
v -0.0327799990773201 0.04905499890446663 0.07569999992847443
v -0.022579999640583992 0.05450800061225891 0.07569999992847443
v -0.03291599825024605 0.04530499875545502 0.07569999992847443
v -0.022579999640583992 0.05450800061225891 0.07569999992847443
v -0.017304999753832817 0.053259000182151794 0.07569999992847443
v -0.017304999753832817 0.053259000182151794 0.07569999992847443
v -0.022579999640583992 0.05450800061225891 0.07569999992847443
v -0.011509999632835388 0.05786599963903427 0.07569999992847443
v -0.017304999753832817 0.053259000182151794 0.07569999992847443
v -0.011509999632835388 0.05786599963903427 0.07569999992847443
v 0 0.0560000017285347 0.07569999992847443
v 0 0.0560000017285347 0.07569999992847443
v -0.011509999632835388 0.05786599963903427 0.07569999992847443
v 0 0.05900000035762787 0.07569999992847443
v 0 0.0560000017285347 0.07569999992847443
v 0 0.05900000035762787 0.07569999992847443
v 0.011509999632835388 0.05786599963903427 0.07569999992847443
v 0 0.0560000017285347 0.07569999992847443
v 0.011509999632835388 0.05786599963903427 0.07569999992847443
v 0.017304999753832817 0.053259000182151794 0.07569999992847443
v 0.017304999753832817 0.053259000182151794 0.07569999992847443
v 0.011509999632835388 0.05786599963903427 0.07569999992847443
v 0.022579999640583992 0.05450800061225891 0.07569999992847443
v 0.017304999753832817 0.053259000182151794 0.07569999992847443
v 0.022579999640583992 0.05450800061225891 0.07569999992847443
v 0.03291599825024605 0.04530499875545502 0.07569999992847443
v 0.03291599825024605 0.04530499875545502 0.07569999992847443
v 0.022579999640583992 0.05450800061225891 0.07569999992847443
v 0.0327799990773201 0.04905499890446663 0.07569999992847443
v 0.03291599825024605 0.04530499875545502 0.07569999992847443
v 0.0327799990773201 0.04905499890446663 0.07569999992847443
v 0.041721999645233154 0.04171700030565262 0.07569999992847443
v 0.03291599825024605 0.04530499875545502 0.07569999992847443
v 0.041721999645233154 0.04171700030565262 0.07569999992847443
v 0.04530499875545502 0.03291599825024605 0.07569999992847443
v 0.04530499875545502 0.03291599825024605 0.07569999992847443
v 0.041721999645233154 0.04171700030565262 0.07569999992847443
v 0.04905499890446663 0.0327799990773201 0.07569999992847443
v 0.04530499875545502 0.03291599825024605 0.07569999992847443
v 0.04905499890446663 0.0327799990773201 0.07569999992847443
v 0.05450800061225891 0.022582000121474266 0.07569999992847443
v 0.04530499875545502 0.03291599825024605 0.07569999992847443
v 0.05450800061225891 0.022582000121474266 0.07569999992847443
v 0.053259000182151794 0.017304999753832817 0.07569999992847443
v 0.053259000182151794 0.017304999753832817 0.07569999992847443
v 0.05450800061225891 0.022582000121474266 0.07569999992847443
v 0.05786700174212456 0.011506999842822552 0.07569999992847443
v 0.053259000182151794 0.017304999753832817 0.07569999992847443
v 0.05786700174212456 0.011506999842822552 0.07569999992847443
v 0.0560000017285347 0 0.07569999992847443
v -0.057959992438554764 0.011525491252541542 0.07583179324865341
v -0.05909475311636925 0 0.07583196461200714
v -0.05250118672847748 0.010927879251539707 0.08969354629516602
v -0.05250118672847748 0.010927879251539707 0.08969354629516602
v -0.05909475311636925 0 0.07583196461200714
v -0.050317514687776566 0 0.09633153676986694
v -0.05250118672847748 0.010927879251539707 0.08969354629516602
v -0.050317514687776566 0 0.09633153676986694
v -0.04563130438327789 0.010681848973035812 0.10270374268293381
v -0.04563130438327789 0.010681848973035812 0.10270374268293381
v -0.050317514687776566 0 0.09633153676986694
v -0.03864717856049538 0 0.11485276371240616
v -0.04563130438327789 0.010681848973035812 0.10270374268293381
v -0.03864717856049538 0 0.11485276371240616
v -0.03751653805375099 0.0104368319734931 0.11479328572750092
v -0.03751653805375099 0.0104368319734931 0.11479328572750092
v -0.03864717856049538 0 0.11485276371240616
v -0.02825496904551983 0.010190831497311592 0.12589110434055328
v -0.03751653805375099 0.0104368319734931 0.11479328572750092
v -0.02825496904551983 0.010190831497311592 0.12589110434055328
v -0.025752894580364227 0.020013784989714622 0.1246226578950882
v -0.025752894580364227 0.020013784989714622 0.1246226578950882
v -0.02825496904551983 0.010190831497311592 0.12589110434055328
v -0.01568390242755413 0.01953178085386753 0.13440828025341034
v -0.025752894580364227 0.020013784989714622 0.1246226578950882
v -0.01568390242755413 0.01953178085386753 0.13440828025341034
v -0.01203780435025692 0.02841356210410595 0.13197463750839233
v -0.01203780435025692 0.02841356210410595 0.13197463750839233
v -0.01568390242755413 0.01953178085386753 0.13440828025341034
v -0.0014796964824199677 0.027712633833289146 0.14030084013938904
v -0.01203780435025692 0.02841356210410595 0.13197463750839233
v -0.0014796964824199677 0.027712633833289146 0.14030084013938904
v 0.0028189364820718765 0.03537600859999657 0.1365775614976883
v 0.0028189364820718765 0.03537600859999657 0.1365775614976883
v -0.0014796964824199677 0.027712633833289146 0.14030084013938904
v 0.013536821119487286 0.034481246024370193 0.14336812496185303
v 0.0028189364820718765 0.03537600859999657 0.1365775614976883
v 0.013536821119487286 0.034481246024370193 0.14336812496185303
v 0.01798747479915619 0.040706817060709 0.13834582269191742
v 0.01798747479915619 0.040706817060709 0.13834582269191742
v 0.013536821119487286 0.034481246024370193 0.14336812496185303
v 0.028539709746837616 0.03965020552277565 0.14359457790851593
v 0.01798747479915619 0.040706817060709 0.13834582269191742
v 0.028539709746837616 0.03965020552277565 0.14359457790851593
v 0.032673656940460205 0.04428529366850853 0.1373790204524994
v 0.032673656940460205 0.04428529366850853 0.1373790204524994
v 0.028539709746837616 0.03965020552277565 0.14359457790851593
v 0.04251856356859207 0.043133705854415894 0.14106296002864838
v 0.032673656940460205 0.04428529366850853 0.1373790204524994
v 0.04251856356859207 0.043133705854415894 0.14106296002864838
v 0.04595984145998955 0.046091482043266296 0.13387547433376312
v 0.04595984145998955 0.046091482043266296 0.13387547433376312
v 0.04251856356859207 0.043133705854415894 0.14106296002864838
v 0.055098943412303925 0.044860757887363434 0.13624297082424164
v 0.04595984145998955 0.046091482043266296 0.13387547433376312
v 0.055098943412303925 0.044860757887363434 0.13624297082424164
v 0.05754746124148369 0.04612062871456146 0.1283835470676422
v 0.05754746124148369 0.04612062871456146 0.1283835470676422
v 0.055098943412303925 0.044860757887363434 0.13624297082424164
v 0.06578828394412994 0.04485470429062843 0.12959130108356476
v 0.05754746124148369 0.04612062871456146 0.1283835470676422
v 0.06578828394412994 0.04485470429062843 0.12959130108356476
v 0.06697995960712433 0.04453681781888008 0.1219535693526268
v 0.06697995960712433 0.04453681781888008 0.1219535693526268
v 0.06578828394412994 0.04485470429062843 0.12959130108356476
v 0.07451527565717697 0.04359882324934006 0.12780000269412994
v 0.06697995960712433 0.04453681781888008 0.1219535693526268
v 0.07451527565717697 0.04359882324934006 0.12780000269412994
v 0.07426848262548447 0.043279822915792465 0.12220240384340286
v 0.07426848262548447 0.043279822915792465 0.12220240384340286
v 0.07451527565717697 0.04359882324934006 0.12780000269412994
v 0.07451693713665009 0.042760662734508514 0.11929477006196976
v 0.07426848262548447 0.043279822915792465 0.12220240384340286
v 0.07451693713665009 0.042760662734508514 0.11929477006196976
v 0.06697995960712433 0.04453681781888008 0.1219535693526268
v 0.06697995960712433 0.04453681781888008 0.1219535693526268
v 0.07451693713665009 0.042760662734508514 0.11929477006196976
v 0.06814372539520264 0.0428118035197258 0.11448822170495987
v 0.06697995960712433 0.04453681781888008 0.1219535693526268
v 0.06814372539520264 0.0428118035197258 0.11448822170495987
v 0.05985907092690468 0.04579383507370949 0.12096093595027924
v 0.05985907092690468 0.04579383507370949 0.12096093595027924
v 0.06814372539520264 0.0428118035197258 0.11448822170495987
v 0.0621197372674942 0.04401976615190506 0.11370361596345901
v 0.05985907092690468 0.04579383507370949 0.12096093595027924
v 0.0621197372674942 0.04401976615190506 0.11370361596345901
v 0.0529538132250309 0.047049861401319504 0.11925644427537918
v 0.0529538132250309 0.047049861401319504 0.11925644427537918
v 0.0621197372674942 0.04401976615190506 0.11370361596345901
v 0.056275367736816406 0.0452277809381485 0.1123134195804596
v 0.0529538132250309 0.047049861401319504 0.11925644427537918
v 0.056275367736816406 0.0452277809381485 0.1123134195804596
v 0.04630918800830841 0.048306893557310104 0.11687299609184265
v 0.04630918800830841 0.048306893557310104 0.11687299609184265
v 0.056275367736816406 0.0452277809381485 0.1123134195804596
v 0.050650566816329956 0.04643583670258522 0.11034254729747772
v 0.04630918800830841 0.048306893557310104 0.11687299609184265
v 0.050650566816329956 0.04643583670258522 0.11034254729747772
v 0.03982120007276535 0.0495949387550354 0.11375860124826431
v 0.03982120007276535 0.0495949387550354 0.11375860124826431
v 0.050650566816329956 0.04643583670258522 0.11034254729747772
v 0.04515634849667549 0.04767393320798874 0.10775001347064972
v 0.03982120007276535 0.0495949387550354 0.11375860124826431
v 0.04515634849667549 0.04767393320798874 0.10775001347064972
v 0.033704861998558044 0.050882983952760696 0.10999813675880432
v 0.033704861998558044 0.050882983952760696 0.10999813675880432
v 0.04515634849667549 0.04767393320798874 0.10775001347064972
v 0.039974644780159 0.04891205206513405 0.10460665076971054
v 0.033704861998558044 0.050882983952760696 0.10999813675880432
v 0.039974644780159 0.04891205206513405 0.10460665076971054
v 0.028009215369820595 0.052170030772686005 0.10562753677368164
v 0.028009215369820595 0.052170030772686005 0.10562753677368164
v 0.039974644780159 0.04891205206513405 0.10460665076971054
v 0.035149458795785904 0.05015018954873085 0.10094237327575684
v 0.028009215369820595 0.052170030772686005 0.10562753677368164
v 0.035149458795785904 0.05015018954873085 0.10094237327575684
v 0.022785291075706482 0.0534580796957016 0.10067976266145706
v 0.022785291075706482 0.0534580796957016 0.10067976266145706
v 0.035149458795785904 0.05015018954873085 0.10094237327575684
v 0.030722802504897118 0.051388341933488846 0.09678512811660767
v 0.022785291075706482 0.0534580796957016 0.10067976266145706
v 0.030722802504897118 0.051388341933488846 0.09678512811660767
v 0.018082136288285255 0.054746128618717194 0.09519078582525253
v 0.018082136288285255 0.054746128618717194 0.09519078582525253
v 0.030722802504897118 0.051388341933488846 0.09678512811660767
v 0.026736700907349586 0.05262649431824684 0.0921638235449791
v 0.018082136288285255 0.054746128618717194 0.09519078582525253
v 0.026736700907349586 0.05262649431824684 0.0921638235449791
v 0.013949796557426453 0.0560331754386425 0.08919256180524826
v 0.013949796557426453 0.0560331754386425 0.08919256180524826
v 0.026736700907349586 0.05262649431824684 0.0921638235449791
v 0.023234186694025993 0.05386364832520485 0.08710740506649017
v 0.013949796557426453 0.0560331754386425 0.08919256180524826
v 0.023234186694025993 0.05386364832520485 0.08710740506649017
v 0.0104373125359416 0.057321228086948395 0.08272208273410797
v 0.0104373125359416 0.057321228086948395 0.08272208273410797
v 0.023234186694025993 0.05386364832520485 0.08710740506649017
v 0.02025729790329933 0.055101796984672546 0.08164681494235992
v 0.0104373125359416 0.057321228086948395 0.08272208273410797
v 0.02025729790329933 0.055101796984672546 0.08164681494235992
v 0.011529373936355114 0.057963401079177856 0.07581174373626709
v 0.011529373936355114 0.057963401079177856 0.07581174373626709
v 0.02025729790329933 0.055101796984672546 0.08164681494235992
v 0.022618185728788376 0.05460018292069435 0.07580666989088058
v 0.022618185728788376 0.05460018292069435 0.07580666989088058
v 0.02025729790329933 0.055101796984672546 0.08164681494235992
v 0.02954225055873394 0.0511421263217926 0.08062397688627243
v 0.022618185728788376 0.05460018292069435 0.07580666989088058
v 0.02954225055873394 0.0511421263217926 0.08062397688627243
v 0.03283555805683136 0.049138143658638 0.07580065727233887
v 0.03283555805683136 0.049138143658638 0.07580065727233887
v 0.02954225055873394 0.0511421263217926 0.08062397688627243
v 0.03799944743514061 0.04556741937994957 0.07968638092279434
v 0.03283555805683136 0.049138143658638 0.07580065727233887
v 0.03799944743514061 0.04556741937994957 0.07968638092279434
v 0.041792549192905426 0.04178754240274429 0.07579319924116135
v 0.041792549192905426 0.04178754240274429 0.07579319924116135
v 0.03799944743514061 0.04556741937994957 0.07968638092279434
v 0.04536212608218193 0.03855297341942787 0.07886069267988205
v 0.041792549192905426 0.04178754240274429 0.07579319924116135
v 0.04536212608218193 0.03855297341942787 0.07886069267988205
v 0.04913703724741936 0.032834820449352264 0.07578373700380325
v 0.04913703724741936 0.032834820449352264 0.07578373700380325
v 0.04536212608218193 0.03855297341942787 0.07886069267988205
v 0.051397427916526794 0.030321208760142326 0.0781736671924591
v 0.04913703724741936 0.032834820449352264 0.07578373700380325
v 0.051397427916526794 0.030321208760142326 0.0781736671924591
v 0.05459681525826454 0.022618794813752174 0.0757724717259407
v 0.05459681525826454 0.022618794813752174 0.0757724717259407
v 0.051397427916526794 0.030321208760142326 0.0781736671924591
v 0.05591161549091339 0.021130826324224472 0.07764982432126999
v 0.05459681525826454 0.022618794813752174 0.0757724717259407
v 0.05591161549091339 0.021130826324224472 0.07764982432126999
v 0.0579577274620533 0.011525040492415428 0.07576201111078262
v 0.0579577274620533 0.011525040492415428 0.07576201111078262
v 0.05591161549091339 0.021130826324224472 0.07764982432126999
v 0.05875809118151665 0.011275001801550388 0.07731141149997711
v 0.0579577274620533 0.011525040492415428 0.07576201111078262
v 0.05875809118151665 0.011275001801550388 0.07731141149997711
v 0.059090517461299896 0 0.07575749605894089
v 0.059090517461299896 0 0.07575749605894089
v 0.05875809118151665 0.011275001801550388 0.07731141149997711
v 0.06175461784005165 0 0.07966524362564087
v 0.06175461784005165 0 0.07966524362564087
v 0.05875809118151665 0.011275001801550388 0.07731141149997711
v 0.059707485139369965 0.011021970771253109 0.07874243706464767
v 0.06175461784005165 0 0.07966524362564087
v 0.059707485139369965 0.011021970771253109 0.07874243706464767
v 0.06079200655221939 0.010767958126962185 0.08004818856716156
v 0.06079200655221939 0.010767958126962185 0.08004818856716156
v 0.059707485139369965 0.011021970771253109 0.07874243706464767
v 0.05700002983212471 0.0206566471606493 0.07938873767852783
v 0.06079200655221939 0.010767958126962185 0.08004818856716156
v 0.05700002983212471 0.0206566471606493 0.07938873767852783
v 0.05825651437044144 0.020181505009531975 0.08098026365041733
v 0.05825651437044144 0.020181505009531975 0.08098026365041733
v 0.05700002983212471 0.0206566471606493 0.07938873767852783
v 0.052715152502059937 0.029639871791005135 0.08039488643407822
v 0.05825651437044144 0.020181505009531975 0.08098026365041733
v 0.052715152502059937 0.029639871791005135 0.08039488643407822
v 0.05424792692065239 0.028957579284906387 0.0824335440993309
v 0.05424792692065239 0.028957579284906387 0.0824335440993309
v 0.052715152502059937 0.029639871791005135 0.08039488643407822
v 0.046993155032396317 0.037686560302972794 0.08171872794628143
v 0.05424792692065239 0.028957579284906387 0.0824335440993309
v 0.046993155032396317 0.037686560302972794 0.08171872794628143
v 0.04890129342675209 0.0368201807141304 0.08434901386499405
v 0.04890129342675209 0.0368201807141304 0.08434901386499405
v 0.046993155032396317 0.037686560302972794 0.08171872794628143
v 0.040018629282712936 0.044543031603097916 0.08331365138292313
v 0.04890129342675209 0.0368201807141304 0.08434901386499405
v 0.040018629282712936 0.044543031603097916 0.08331365138292313
v 0.04239103943109512 0.04351965710520744 0.0866590067744255
v 0.04239103943109512 0.04351965710520744 0.0866590067744255
v 0.040018629282712936 0.044543031603097916 0.08331365138292313
v 0.03201538324356079 0.049992840737104416 0.0851278007030487
v 0.04239103943109512 0.04351965710520744 0.0866590067744255
v 0.03201538324356079 0.049992840737104416 0.0851278007030487
v 0.03492492437362671 0.048843562602996826 0.08929156512022018
v 0.03492492437362671 0.048843562602996826 0.08929156512022018
v 0.03201538324356079 0.049992840737104416 0.0851278007030487
v 0.023234186694025993 0.05386364832520485 0.08710740506649017
v 0.03492492437362671 0.048843562602996826 0.08929156512022018
v 0.023234186694025993 0.05386364832520485 0.08710740506649017
v 0.026736700907349586 0.05262649431824684 0.0921638235449791
v -0.03864717856049538 0 0.11485276371240616
v -0.02440703473985195 0 0.1311623752117157
v -0.02825496904551983 0.010190831497311592 0.12589110434055328
v -0.02825496904551983 0.010190831497311592 0.12589110434055328
v -0.02440703473985195 0 0.1311623752117157
v -0.01794368028640747 0.009945848025381565 0.13592815399169922
v -0.02825496904551983 0.010190831497311592 0.12589110434055328
v -0.01794368028640747 0.009945848025381565 0.13592815399169922
v -0.01568390242755413 0.01953178085386753 0.13440828025341034
v -0.01568390242755413 0.01953178085386753 0.13440828025341034
v -0.01794368028640747 0.009945848025381565 0.13592815399169922
v -0.0046892790123820305 0.019049838185310364 0.14309310913085938
v -0.01568390242755413 0.01953178085386753 0.13440828025341034
v -0.0046892790123820305 0.019049838185310364 0.14309310913085938
v -0.0014796964824199677 0.027712633833289146 0.14030084013938904
v -0.0014796964824199677 0.027712633833289146 0.14030084013938904
v -0.0046892790123820305 0.019049838185310364 0.14309310913085938
v 0.00987393781542778 0.027011824771761894 0.14750923216342926
v -0.0014796964824199677 0.027712633833289146 0.14030084013938904
v 0.00987393781542778 0.027011824771761894 0.14750923216342926
v 0.013536821119487286 0.034481246024370193 0.14336812496185303
v 0.013536821119487286 0.034481246024370193 0.14336812496185303
v 0.00987393781542778 0.027011824771761894 0.14750923216342926
v 0.024915099143981934 0.033585626631975174 0.14904487133026123
v 0.013536821119487286 0.034481246024370193 0.14336812496185303
v 0.024915099143981934 0.033585626631975174 0.14904487133026123
v 0.028539709746837616 0.03965020552277565 0.14359457790851593
v 0.028539709746837616 0.03965020552277565 0.14359457790851593
v 0.024915099143981934 0.033585626631975174 0.14904487133026123
v 0.039354994893074036 0.03861972689628601 0.14766548573970795
v 0.028539709746837616 0.03965020552277565 0.14359457790851593
v 0.039354994893074036 0.03861972689628601 0.14766548573970795
v 0.04251856356859207 0.043133705854415894 0.14106296002864838
v 0.04251856356859207 0.043133705854415894 0.14106296002864838
v 0.039354994893074036 0.03861972689628601 0.14766548573970795
v 0.052756424993276596 0.04198120906949043 0.14375217258930206
v 0.04251856356859207 0.043133705854415894 0.14106296002864838
v 0.052756424993276596 0.04198120906949043 0.14375217258930206
v 0.055098943412303925 0.044860757887363434 0.13624297082424164
v 0.055098943412303925 0.044860757887363434 0.13624297082424164
v 0.052756424993276596 0.04198120906949043 0.14375217258930206
v 0.06452678143978119 0.04362906515598297 0.13767699897289276
v 0.055098943412303925 0.044860757887363434 0.13624297082424164
v 0.06452678143978119 0.04362906515598297 0.13767699897289276
v 0.06578828394412994 0.04485470429062843 0.12959130108356476
v 0.06578828394412994 0.04485470429062843 0.12959130108356476
v 0.06452678143978119 0.04362906515598297 0.13767699897289276
v 0.07451286911964417 0.04276126250624657 0.13630534708499908
v 0.06578828394412994 0.04485470429062843 0.12959130108356476
v 0.07451286911964417 0.04276126250624657 0.13630534708499908
v 0.0742267295718193 0.043588787317276 0.129941925406456
v 0.0742267295718193 0.043588787317276 0.129941925406456
v 0.07451286911964417 0.04276126250624657 0.13630534708499908
v 0.07451527565717697 0.04359882324934006 0.12780000269412994
v 0.0742267295718193 0.043588787317276 0.129941925406456
v 0.07451527565717697 0.04359882324934006 0.12780000269412994
v 0.06578828394412994 0.04485470429062843 0.12959130108356476
v -0.02440703473985195 0 0.1311623752117157
v -0.00792232621461153 0 0.145028218626976
v -0.01794368028640747 0.009945848025381565 0.13592815399169922
v -0.01794368028640747 0.009945848025381565 0.13592815399169922
v -0.00792232621461153 0 0.145028218626976
v -0.006680733524262905 0.009699886664748192 0.14483337104320526
v -0.01794368028640747 0.009945848025381565 0.13592815399169922
v -0.006680733524262905 0.009699886664748192 0.14483337104320526
v -0.0046892790123820305 0.019049838185310364 0.14309310913085938
v -0.0046892790123820305 0.019049838185310364 0.14309310913085938
v -0.006680733524262905 0.009699886664748192 0.14483337104320526
v 0.007136913016438484 0.018567970022559166 0.1506091207265854
v -0.0046892790123820305 0.019049838185310364 0.14309310913085938
v 0.007136913016438484 0.018567970022559166 0.1506091207265854
v 0.00987393781542778 0.027011824771761894 0.14750923216342926
v 0.00987393781542778 0.027011824771761894 0.14750923216342926
v 0.007136913016438484 0.018567970022559166 0.1506091207265854
v 0.021931035444140434 0.026310142129659653 0.15353275835514069
v 0.00987393781542778 0.027011824771761894 0.14750923216342926
v 0.021931035444140434 0.026310142129659653 0.15353275835514069
v 0.024915099143981934 0.033585626631975174 0.14904487133026123
v 0.024915099143981934 0.033585626631975174 0.14904487133026123
v 0.021931035444140434 0.026310142129659653 0.15353275835514069
v 0.036578502506017685 0.032712165266275406 0.15345065295696259
v 0.024915099143981934 0.033585626631975174 0.14904487133026123
v 0.036578502506017685 0.032712165266275406 0.15345065295696259
v 0.039354994893074036 0.03861972689628601 0.14766548573970795
v 0.039354994893074036 0.03861972689628601 0.14766548573970795
v 0.036578502506017685 0.032712165266275406 0.15345065295696259
v 0.05060236528515816 0.03758839890360832 0.15064653754234314
v 0.039354994893074036 0.03861972689628601 0.14766548573970795
v 0.05060236528515816 0.03758839890360832 0.15064653754234314
v 0.052756424993276596 0.04198120906949043 0.14375217258930206
v 0.052756424993276596 0.04198120906949043 0.14375217258930206
v 0.05060236528515816 0.03758839890360832 0.15064653754234314
v 0.06332012265920639 0.040829796344041824 0.14539870619773865
v 0.052756424993276596 0.04198120906949043 0.14375217258930206
v 0.06332012265920639 0.040829796344041824 0.14539870619773865
v 0.06452678143978119 0.04362906515598297 0.13767699897289276
v 0.06452678143978119 0.04362906515598297 0.13767699897289276
v 0.06332012265920639 0.040829796344041824 0.14539870619773865
v 0.07451009005308151 0.04027991369366646 0.14448606967926025
v 0.06452678143978119 0.04362906515598297 0.13767699897289276
v 0.07451009005308151 0.04027991369366646 0.14448606967926025
v 0.07418327033519745 0.04239839315414429 0.1381356120109558
v 0.07418327033519745 0.04239839315414429 0.1381356120109558
v 0.07451009005308151 0.04027991369366646 0.14448606967926025
v 0.07451286911964417 0.04276126250624657 0.13630534708499908
v 0.07418327033519745 0.04239839315414429 0.1381356120109558
v 0.07451286911964417 0.04276126250624657 0.13630534708499908
v 0.06452678143978119 0.04362906515598297 0.13767699897289276
v -0.006680733524262905 0.009699886664748192 0.14483337104320526
v -0.00792232621461153 0 0.145028218626976
v 0.0054378146305680275 0.00945495255291462 0.15253877639770508
v 0.0054378146305680275 0.00945495255291462 0.15253877639770508
v -0.00792232621461153 0 0.145028218626976
v 0.010485748760402203 0 0.15621717274188995
v 0.0054378146305680275 0.00945495255291462 0.15253877639770508
v 0.010485748760402203 0 0.15621717274188995
v 0.018312908709049225 0.009209047071635723 0.15897324681282043
v 0.018312908709049225 0.009209047071635723 0.15897324681282043
v 0.010485748760402203 0 0.15621717274188995
v 0.030491001904010773 0 0.16449706256389618
v 0.018312908709049225 0.009209047071635723 0.15897324681282043
v 0.030491001904010773 0 0.16449706256389618
v 0.03151924908161163 0.00896917749196291 0.163961723446846
v 0.03151924908161163 0.00896917749196291 0.163961723446846
v 0.030491001904010773 0 0.16449706256389618
v 0.04526298865675926 0.008730352856218815 0.16760824620723724
v 0.03151924908161163 0.00896917749196291 0.163961723446846
v 0.04526298865675926 0.008730352856218815 0.16760824620723724
v 0.04598783329129219 0.017144886776804924 0.16532455384731293
v 0.04598783329129219 0.017144886776804924 0.16532455384731293
v 0.04526298865675926 0.008730352856218815 0.16760824620723724
v 0.05982937663793564 0.016675418242812157 0.1675197333097458
v 0.04598783329129219 0.017144886776804924 0.16532455384731293
v 0.05982937663793564 0.016675418242812157 0.1675197333097458
v 0.060430653393268585 0.024257980287075043 0.16374757885932922
v 0.060430653393268585 0.024257980287075043 0.16374757885932922
v 0.05982937663793564 0.016675418242812157 0.1675197333097458
v 0.07403846085071564 0.023574955761432648 0.16449016332626343
v 0.060430653393268585 0.024257980287075043 0.16374757885932922
v 0.07403846085071564 0.023574955761432648 0.16449016332626343
v 0.07450263202190399 0.024223539978265762 0.1640511155128479
v 0.07450263202190399 0.024223539978265762 0.1640511155128479
v 0.07403846085071564 0.023574955761432648 0.16449016332626343
v 0.07450113445520401 0.016687272116541862 0.1680803745985031
v 0.07450113445520401 0.016687272116541862 0.1680803745985031
v 0.07403846085071564 0.023574955761432648 0.16449016332626343
v 0.05982937663793564 0.016675418242812157 0.1675197333097458
v 0.07450113445520401 0.016687272116541862 0.1680803745985031
v 0.05982937663793564 0.016675418242812157 0.1675197333097458
v 0.07401806116104126 0.01620510034263134 0.16828186810016632
v 0.07401806116104126 0.01620510034263134 0.16828186810016632
v 0.05982937663793564 0.016675418242812157 0.1675197333097458
v 0.0594550222158432 0.008490586653351784 0.16984674334526062
v 0.07401806116104126 0.01620510034263134 0.16828186810016632
v 0.0594550222158432 0.008490586653351784 0.16984674334526062
v 0.07400424778461456 0.00825189147144556 0.17061319947242737
v 0.07400424778461456 0.00825189147144556 0.17061319947242737
v 0.0594550222158432 0.008490586653351784 0.16984674334526062
v 0.07400000095367432 0 0.17139999568462372
v 0.07400424778461456 0.00825189147144556 0.17061319947242737
v 0.07400000095367432 0 0.17139999568462372
v 0.0742499977350235 0 0.17139999568462372
v 0.030491001904010773 0 0.16449706256389618
v 0.051770199090242386 0 0.16963574290275574
v 0.04526298865675926 0.008730352856218815 0.16760824620723724
v 0.04526298865675926 0.008730352856218815 0.16760824620723724
v 0.051770199090242386 0 0.16963574290275574
v 0.0594550222158432 0.008490586653351784 0.16984674334526062
v 0.04526298865675926 0.008730352856218815 0.16760824620723724
v 0.0594550222158432 0.008490586653351784 0.16984674334526062
v 0.05982937663793564 0.016675418242812157 0.1675197333097458
v 0.051770199090242386 0 0.16963574290275574
v 0.07400000095367432 0 0.17139999568462372
v 0.0594550222158432 0.008490586653351784 0.16984674334526062
v 0.0742499977350235 0 0.17139999568462372
v 0.07450000196695328 0 0.17139999568462372
v 0.07400424778461456 0.00825189147144556 0.17061319947242737
v 0.07400424778461456 0.00825189147144556 0.17061319947242737
v 0.07450000196695328 0 0.17139999568462372
v 0.07450027018785477 0.008503502234816551 0.17056307196617126
v 0.07400424778461456 0.00825189147144556 0.17061319947242737
v 0.07450027018785477 0.008503502234816551 0.17056307196617126
v 0.07401806116104126 0.01620510034263134 0.16828186810016632
v 0.07401806116104126 0.01620510034263134 0.16828186810016632
v 0.07450027018785477 0.008503502234816551 0.17056307196617126
v 0.07450113445520401 0.016687272116541862 0.1680803745985031
v 0.07450472563505173 0.030827628448605537 0.15863162279129028
v 0.07406742870807648 0.030093833804130554 0.15937539935112
v 0.07450263202190399 0.024223539978265762 0.1640511155128479
v 0.07450263202190399 0.024223539978265762 0.1640511155128479
v 0.07406742870807648 0.030093833804130554 0.15937539935112
v 0.061233799904584885 0.030966756865382195 0.1586734801530838
v 0.07450263202190399 0.024223539978265762 0.1640511155128479
v 0.061233799904584885 0.030966756865382195 0.1586734801530838
v 0.060430653393268585 0.024257980287075043 0.16374757885932922
v 0.060430653393268585 0.024257980287075043 0.16374757885932922
v 0.061233799904584885 0.030966756865382195 0.1586734801530838
v 0.04715389385819435 0.024942200630903244 0.1616339534521103
v 0.060430653393268585 0.024257980287075043 0.16374757885932922
v 0.04715389385819435 0.024942200630903244 0.1616339534521103
v 0.04598783329129219 0.017144886776804924 0.16532455384731293
v 0.04598783329129219 0.017144886776804924 0.16532455384731293
v 0.04715389385819435 0.024942200630903244 0.1616339534521103
v 0.03258254751563072 0.017615482211112976 0.1617593765258789
v 0.04598783329129219 0.017144886776804924 0.16532455384731293
v 0.03258254751563072 0.017615482211112976 0.1617593765258789
v 0.03151924908161163 0.00896917749196291 0.163961723446846
v 0.03151924908161163 0.00896917749196291 0.163961723446846
v 0.03258254751563072 0.017615482211112976 0.1617593765258789
v 0.018312908709049225 0.009209047071635723 0.15897324681282043
v 0.07450728118419647 0.03625092655420303 0.15202341973781586
v 0.07410185039043427 0.03552616387605667 0.15312300622463226
v 0.07450472563505173 0.030827628448605537 0.15863162279129028
v 0.07450472563505173 0.030827628448605537 0.15863162279129028
v 0.07410185039043427 0.03552616387605667 0.15312300622463226
v 0.06220870092511177 0.03655720874667168 0.15248271822929382
v 0.07450472563505173 0.030827628448605537 0.15863162279129028
v 0.06220870092511177 0.03655720874667168 0.15248271822929382
v 0.061233799904584885 0.030966756865382195 0.1586734801530838
v 0.061233799904584885 0.030966756865382195 0.1586734801530838
v 0.06220870092511177 0.03655720874667168 0.15248271822929382
v 0.04871110990643501 0.03183886781334877 0.15667955577373505
v 0.061233799904584885 0.030966756865382195 0.1586734801530838
v 0.04871110990643501 0.03183886781334877 0.15667955577373505
v 0.04715389385819435 0.024942200630903244 0.1616339534521103
v 0.04715389385819435 0.024942200630903244 0.1616339534521103
v 0.04871110990643501 0.03183886781334877 0.15667955577373505
v 0.0342923179268837 0.025625593960285187 0.15820832550525665
v 0.04715389385819435 0.024942200630903244 0.1616339534521103
v 0.0342923179268837 0.025625593960285187 0.15820832550525665
v 0.03258254751563072 0.017615482211112976 0.1617593765258789
v 0.03258254751563072 0.017615482211112976 0.1617593765258789
v 0.0342923179268837 0.025625593960285187 0.15820832550525665
v 0.019699616357684135 0.018086181953549385 0.15688824653625488
v 0.03258254751563072 0.017615482211112976 0.1617593765258789
v 0.019699616357684135 0.018086181953549385 0.15688824653625488
v 0.018312908709049225 0.009209047071635723 0.15897324681282043
v 0.018312908709049225 0.009209047071635723 0.15897324681282043
v 0.019699616357684135 0.018086181953549385 0.15688824653625488
v 0.0054378146305680275 0.00945495255291462 0.15253877639770508
v 0.07451009005308151 0.04027991369366646 0.14448606967926025
v 0.07414054125547409 0.039678461849689484 0.14595654606819153
v 0.07450728118419647 0.03625092655420303 0.15202341973781586
v 0.07450728118419647 0.03625092655420303 0.15202341973781586
v 0.07414054125547409 0.039678461849689484 0.14595654606819153
v 0.06332012265920639 0.040829796344041824 0.14539870619773865
v 0.07450728118419647 0.03625092655420303 0.15202341973781586
v 0.06332012265920639 0.040829796344041824 0.14539870619773865
v 0.06220870092511177 0.03655720874667168 0.15248271822929382
v 0.06220870092511177 0.03655720874667168 0.15248271822929382
v 0.06332012265920639 0.040829796344041824 0.14539870619773865
v 0.05060236528515816 0.03758839890360832 0.15064653754234314
v 0.06220870092511177 0.03655720874667168 0.15248271822929382
v 0.05060236528515816 0.03758839890360832 0.15064653754234314
v 0.04871110990643501 0.03183886781334877 0.15667955577373505
v 0.04871110990643501 0.03183886781334877 0.15667955577373505
v 0.05060236528515816 0.03758839890360832 0.15064653754234314
v 0.036578502506017685 0.032712165266275406 0.15345065295696259
v 0.04871110990643501 0.03183886781334877 0.15667955577373505
v 0.036578502506017685 0.032712165266275406 0.15345065295696259
v 0.0342923179268837 0.025625593960285187 0.15820832550525665
v 0.0342923179268837 0.025625593960285187 0.15820832550525665
v 0.036578502506017685 0.032712165266275406 0.15345065295696259
v 0.021931035444140434 0.026310142129659653 0.15353275835514069
v 0.0342923179268837 0.025625593960285187 0.15820832550525665
v 0.021931035444140434 0.026310142129659653 0.15353275835514069
v 0.019699616357684135 0.018086181953549385 0.15688824653625488
v 0.019699616357684135 0.018086181953549385 0.15688824653625488
v 0.021931035444140434 0.026310142129659653 0.15353275835514069
v 0.007136913016438484 0.018567970022559166 0.1506091207265854
v 0.019699616357684135 0.018086181953549385 0.15688824653625488
v 0.007136913016438484 0.018567970022559166 0.1506091207265854
v 0.0054378146305680275 0.00945495255291462 0.15253877639770508
v 0.0054378146305680275 0.00945495255291462 0.15253877639770508
v 0.007136913016438484 0.018567970022559166 0.1506091207265854
v -0.006680733524262905 0.009699886664748192 0.14483337104320526
v 0.06814372539520264 0.0428118035197258 0.11448822170495987
v 0.07451693713665009 0.042760662734508514 0.11929477006196976
v 0.0743073970079422 0.04160389304161072 0.11463931202888489
v 0.0743073970079422 0.04160389304161072 0.11463931202888489
v 0.07451693713665009 0.042760662734508514 0.11929477006196976
v 0.07451741397380829 0.040278974920511246 0.11111431568861008
v 0.0743073970079422 0.04160389304161072 0.11463931202888489
v 0.07451741397380829 0.040278974920511246 0.11111431568861008
v 0.06814372539520264 0.0428118035197258 0.11448822170495987
v 0.06814372539520264 0.0428118035197258 0.11448822170495987
v 0.07451741397380829 0.040278974920511246 0.11111431568861008
v 0.06924520432949066 0.039734892547130585 0.10742776840925217
v 0.06814372539520264 0.0428118035197258 0.11448822170495987
v 0.06924520432949066 0.039734892547130585 0.10742776840925217
v 0.0621197372674942 0.04401976615190506 0.11370361596345901
v 0.0621197372674942 0.04401976615190506 0.11370361596345901
v 0.06924520432949066 0.039734892547130585 0.10742776840925217
v 0.06425999850034714 0.04085570201277733 0.10683611780405045
v 0.0621197372674942 0.04401976615190506 0.11370361596345901
v 0.06425999850034714 0.04085570201277733 0.10683611780405045
v 0.056275367736816406 0.0452277809381485 0.1123134195804596
v 0.056275367736816406 0.0452277809381485 0.1123134195804596
v 0.06425999850034714 0.04085570201277733 0.10683611780405045
v 0.05942141264677048 0.04197761416435242 0.10573812574148178
v 0.056275367736816406 0.0452277809381485 0.1123134195804596
v 0.05942141264677048 0.04197761416435242 0.10573812574148178
v 0.050650566816329956 0.04643583670258522 0.11034254729747772
v 0.050650566816329956 0.04643583670258522 0.11034254729747772
v 0.05942141264677048 0.04197761416435242 0.10573812574148178
v 0.0547613725066185 0.04309861734509468 0.10415568947792053
v 0.050650566816329956 0.04643583670258522 0.11034254729747772
v 0.0547613725066185 0.04309861734509468 0.10415568947792053
v 0.04515634849667549 0.04767393320798874 0.10775001347064972
v 0.04515634849667549 0.04767393320798874 0.10775001347064972
v 0.0547613725066185 0.04309861734509468 0.10415568947792053
v 0.05020689219236374 0.04424769803881645 0.10205584019422531
v 0.04515634849667549 0.04767393320798874 0.10775001347064972
v 0.05020689219236374 0.04424769803881645 0.10205584019422531
v 0.039974644780159 0.04891205206513405 0.10460665076971054
v 0.039974644780159 0.04891205206513405 0.10460665076971054
v 0.05020689219236374 0.04424769803881645 0.10205584019422531
v 0.045910827815532684 0.04539685323834419 0.09949640184640884
v 0.039974644780159 0.04891205206513405 0.10460665076971054
v 0.045910827815532684 0.04539685323834419 0.09949640184640884
v 0.035149458795785904 0.05015018954873085 0.10094237327575684
v 0.035149458795785904 0.05015018954873085 0.10094237327575684
v 0.045910827815532684 0.04539685323834419 0.09949640184640884
v 0.041908152401447296 0.046546053141355515 0.09649926424026489
v 0.035149458795785904 0.05015018954873085 0.10094237327575684
v 0.041908152401447296 0.046546053141355515 0.09649926424026489
v 0.030722802504897118 0.051388341933488846 0.09678512811660767
v 0.030722802504897118 0.051388341933488846 0.09678512811660767
v 0.041908152401447296 0.046546053141355515 0.09649926424026489
v 0.03823485225439072 0.04769529774785042 0.09308935701847076
v 0.030722802504897118 0.051388341933488846 0.09678512811660767
v 0.03823485225439072 0.04769529774785042 0.09308935701847076
v 0.026736700907349586 0.05262649431824684 0.0921638235449791
v 0.026736700907349586 0.05262649431824684 0.0921638235449791
v 0.03823485225439072 0.04769529774785042 0.09308935701847076
v 0.03492492437362671 0.048843562602996826 0.08929156512022018
v 0.06924520432949066 0.039734892547130585 0.10742776840925217
v 0.07451741397380829 0.040278974920511246 0.11111431568861008
v 0.07434314489364624 0.03861318156123161 0.10749112069606781
v 0.07434314489364624 0.03861318156123161 0.10749112069606781
v 0.07451741397380829 0.040278974920511246 0.11111431568861008
v 0.07451624423265457 0.0362500436604023 0.10357718169689178
v 0.07434314489364624 0.03861318156123161 0.10749112069606781
v 0.07451624423265457 0.0362500436604023 0.10357718169689178
v 0.06924520432949066 0.039734892547130585 0.10742776840925217
v 0.06924520432949066 0.039734892547130585 0.10742776840925217
v 0.07451624423265457 0.0362500436604023 0.10357718169689178
v 0.0702509731054306 0.03540337458252907 0.1009935811161995
v 0.06924520432949066 0.039734892547130585 0.10742776840925217
v 0.0702509731054306 0.03540337458252907 0.1009935811161995
v 0.06425999850034714 0.04085570201277733 0.10683611780405045
v 0.06425999850034714 0.04085570201277733 0.10683611780405045
v 0.0702509731054306 0.03540337458252907 0.1009935811161995
v 0.066215381026268 0.03640199452638626 0.10057085007429123
v 0.06425999850034714 0.04085570201277733 0.10683611780405045
v 0.066215381026268 0.03640199452638626 0.10057085007429123
v 0.05942141264677048 0.04197761416435242 0.10573812574148178
v 0.05942141264677048 0.04197761416435242 0.10573812574148178
v 0.066215381026268 0.03640199452638626 0.10057085007429123
v 0.062294431030750275 0.03740076348185539 0.09973494708538055
v 0.05942141264677048 0.04197761416435242 0.10573812574148178
v 0.062294431030750275 0.03740076348185539 0.09973494708538055
v 0.0547613725066185 0.04309861734509468 0.10415568947792053
v 0.0547613725066185 0.04309861734509468 0.10415568947792053
v 0.062294431030750275 0.03740076348185539 0.09973494708538055
v 0.0585150271654129 0.03839966282248497 0.09850379824638367
v 0.0547613725066185 0.04309861734509468 0.10415568947792053
v 0.0585150271654129 0.03839966282248497 0.09850379824638367
v 0.05020689219236374 0.04424769803881645 0.10205584019422531
v 0.05020689219236374 0.04424769803881645 0.10205584019422531
v 0.0585150271654129 0.03839966282248497 0.09850379824638367
v 0.05481919273734093 0.039423685520887375 0.0968504250049591
v 0.05020689219236374 0.04424769803881645 0.10205584019422531
v 0.05481919273734093 0.039423685520887375 0.0968504250049591
v 0.045910827815532684 0.04539685323834419 0.09949640184640884
v 0.045910827815532684 0.04539685323834419 0.09949640184640884
v 0.05481919273734093 0.039423685520887375 0.0968504250049591
v 0.05132972076535225 0.040447816252708435 0.09482066333293915
v 0.045910827815532684 0.04539685323834419 0.09949640184640884
v 0.05132972076535225 0.040447816252708435 0.09482066333293915
v 0.041908152401447296 0.046546053141355515 0.09649926424026489
v 0.041908152401447296 0.046546053141355515 0.09649926424026489
v 0.05132972076535225 0.040447816252708435 0.09482066333293915
v 0.048075560480356216 0.041471030563116074 0.0924324095249176
v 0.041908152401447296 0.046546053141355515 0.09649926424026489
v 0.048075560480356216 0.041471030563116074 0.0924324095249176
v 0.03823485225439072 0.04769529774785042 0.09308935701847076
v 0.03823485225439072 0.04769529774785042 0.09308935701847076
v 0.048075560480356216 0.041471030563116074 0.0924324095249176
v 0.04508667811751366 0.04249532148241997 0.08970555663108826
v 0.03823485225439072 0.04769529774785042 0.09308935701847076
v 0.04508667811751366 0.04249532148241997 0.08970555663108826
v 0.03492492437362671 0.048843562602996826 0.08929156512022018
v 0.03492492437362671 0.048843562602996826 0.08929156512022018
v 0.04508667811751366 0.04249532148241997 0.08970555663108826
v 0.04239103943109512 0.04351965710520744 0.0866590067744255
v 0.0702509731054306 0.03540337458252907 0.1009935811161995
v 0.07451624423265457 0.0362500436604023 0.10357718169689178
v 0.07437433302402496 0.03440490737557411 0.10098420828580856
v 0.07437433302402496 0.03440490737557411 0.10098420828580856
v 0.07451624423265457 0.0362500436604023 0.10357718169689178
v 0.07451288402080536 0.030827118083834648 0.096968874335289
v 0.07437433302402496 0.03440490737557411 0.10098420828580856
v 0.07451288402080536 0.030827118083834648 0.096968874335289
v 0.0702509731054306 0.03540337458252907 0.1009935811161995
v 0.0702509731054306 0.03540337458252907 0.1009935811161995
v 0.07451288402080536 0.030827118083834648 0.096968874335289
v 0.07112859189510345 0.029953520745038986 0.0953870341181755
v 0.0702509731054306 0.03540337458252907 0.1009935811161995
v 0.07112859189510345 0.029953520745038986 0.0953870341181755
v 0.066215381026268 0.03640199452638626 0.10057085007429123
v 0.066215381026268 0.03640199452638626 0.10057085007429123
v 0.07112859189510345 0.029953520745038986 0.0953870341181755
v 0.0679224282503128 0.030798986554145813 0.09510411322116852
v 0.066215381026268 0.03640199452638626 0.10057085007429123
v 0.0679224282503128 0.030798986554145813 0.09510411322116852
v 0.062294431030750275 0.03740076348185539 0.09973494708538055
v 0.062294431030750275 0.03740076348185539 0.09973494708538055
v 0.0679224282503128 0.030798986554145813 0.09510411322116852
v 0.06480392813682556 0.03164362162351608 0.094491146504879
v 0.062294431030750275 0.03740076348185539 0.09973494708538055
v 0.06480392813682556 0.03164362162351608 0.094491146504879
v 0.0585150271654129 0.03839966282248497 0.09850379824638367
v 0.0585150271654129 0.03839966282248497 0.09850379824638367
v 0.06480392813682556 0.03164362162351608 0.094491146504879
v 0.061794985085725784 0.03248942270874977 0.0935610681772232
v 0.0585150271654129 0.03839966282248497 0.09850379824638367
v 0.061794985085725784 0.03248942270874977 0.0935610681772232
v 0.05481919273734093 0.039423685520887375 0.0968504250049591
v 0.05481919273734093 0.039423685520887375 0.0968504250049591
v 0.061794985085725784 0.03248942270874977 0.0935610681772232
v 0.05884765833616257 0.03335535526275635 0.09229391813278198
v 0.05481919273734093 0.039423685520887375 0.0968504250049591
v 0.05884765833616257 0.03335535526275635 0.09229391813278198
v 0.05132972076535225 0.040447816252708435 0.09482066333293915
v 0.05132972076535225 0.040447816252708435 0.09482066333293915
v 0.05884765833616257 0.03335535526275635 0.09229391813278198
v 0.05606169253587723 0.03422141820192337 0.09072452783584595
v 0.05132972076535225 0.040447816252708435 0.09482066333293915
v 0.05606169253587723 0.03422141820192337 0.09072452783584595
v 0.048075560480356216 0.041471030563116074 0.0924324095249176
v 0.048075560480356216 0.041471030563116074 0.0924324095249176
v 0.05606169253587723 0.03422141820192337 0.09072452783584595
v 0.053459011018276215 0.03508758917450905 0.08886680752038956
v 0.048075560480356216 0.041471030563116074 0.0924324095249176
v 0.053459011018276215 0.03508758917450905 0.08886680752038956
v 0.04508667811751366 0.04249532148241997 0.08970555663108826
v 0.04508667811751366 0.04249532148241997 0.08970555663108826
v 0.053459011018276215 0.03508758917450905 0.08886680752038956
v 0.05106455832719803 0.03595384955406189 0.08673667162656784
v 0.04508667811751366 0.04249532148241997 0.08970555663108826
v 0.05106455832719803 0.03595384955406189 0.08673667162656784
v 0.04239103943109512 0.04351965710520744 0.0866590067744255
v 0.04239103943109512 0.04351965710520744 0.0866590067744255
v 0.05106455832719803 0.03595384955406189 0.08673667162656784
v 0.04890129342675209 0.0368201807141304 0.08434901386499405
v 0.07112859189510345 0.029953520745038986 0.0953870341181755
v 0.07451288402080536 0.030827118083834648 0.096968874335289
v 0.07439958304166794 0.02910923957824707 0.09532398730516434
v 0.07439958304166794 0.02910923957824707 0.09532398730516434
v 0.07451288402080536 0.030827118083834648 0.096968874335289
v 0.07450691610574722 0.02422342449426651 0.09154905378818512
v 0.07439958304166794 0.02910923957824707 0.09532398730516434
v 0.07450691610574722 0.02422342449426651 0.09154905378818512
v 0.07112859189510345 0.029953520745038986 0.0953870341181755
v 0.07112859189510345 0.029953520745038986 0.0953870341181755
v 0.07450691610574722 0.02422342449426651 0.09154905378818512
v 0.07184980809688568 0.023558564484119415 0.09078560769557953
v 0.07112859189510345 0.029953520745038986 0.0953870341181755
v 0.07184980809688568 0.023558564484119415 0.09078560769557953
v 0.0679224282503128 0.030798986554145813 0.09510411322116852
v 0.0679224282503128 0.030798986554145813 0.09510411322116852
v 0.07184980809688568 0.023558564484119415 0.09078560769557953
v 0.06932880729436874 0.02422296814620495 0.0906103178858757
v 0.0679224282503128 0.030798986554145813 0.09510411322116852
v 0.06932880729436874 0.02422296814620495 0.0906103178858757
v 0.06480392813682556 0.03164362162351608 0.094491146504879
v 0.06480392813682556 0.03164362162351608 0.094491146504879
v 0.06932880729436874 0.02422296814620495 0.0906103178858757
v 0.0668715164065361 0.02488754317164421 0.09017308056354523
v 0.06480392813682556 0.03164362162351608 0.094491146504879
v 0.0668715164065361 0.02488754317164421 0.09017308056354523
v 0.061794985085725784 0.03248942270874977 0.0935610681772232
v 0.061794985085725784 0.03248942270874977 0.0935610681772232
v 0.0668715164065361 0.02488754317164421 0.09017308056354523
v 0.06449582427740097 0.02555226720869541 0.08948579430580139
v 0.061794985085725784 0.03248942270874977 0.0935610681772232
v 0.06449582427740097 0.02555226720869541 0.08948579430580139
v 0.05884765833616257 0.03335535526275635 0.09229391813278198
v 0.05884765833616257 0.03335535526275635 0.09229391813278198
v 0.06449582427740097 0.02555226720869541 0.08948579430580139
v 0.062163807451725006 0.026233121752738953 0.08853255212306976
v 0.05884765833616257 0.03335535526275635 0.09229391813278198
v 0.062163807451725006 0.026233121752738953 0.08853255212306976
v 0.05606169253587723 0.03422141820192337 0.09072452783584595
v 0.05606169253587723 0.03422141820192337 0.09072452783584595
v 0.062163807451725006 0.026233121752738953 0.08853255212306976
v 0.059955183416604996 0.026914097368717194 0.08733917772769928
v 0.05606169253587723 0.03422141820192337 0.09072452783584595
v 0.059955183416604996 0.026914097368717194 0.08733917772769928
v 0.053459011018276215 0.03508758917450905 0.08886680752038956
v 0.053459011018276215 0.03508758917450905 0.08886680752038956
v 0.059955183416604996 0.026914097368717194 0.08733917772769928
v 0.05788687989115715 0.027595175430178642 0.08591759949922562
v 0.053459011018276215 0.03508758917450905 0.08886680752038956
v 0.05788687989115715 0.027595175430178642 0.08591759949922562
v 0.05106455832719803 0.03595384955406189 0.08673667162656784
v 0.05106455832719803 0.03595384955406189 0.08673667162656784
v 0.05788687989115715 0.027595175430178642 0.08591759949922562
v 0.05597881227731705 0.028276341035962105 0.08427874743938446
v 0.05106455832719803 0.03595384955406189 0.08673667162656784
v 0.05597881227731705 0.028276341035962105 0.08427874743938446
v 0.04890129342675209 0.0368201807141304 0.08434901386499405
v 0.04890129342675209 0.0368201807141304 0.08434901386499405
v 0.05597881227731705 0.028276341035962105 0.08427874743938446
v 0.05424792692065239 0.028957579284906387 0.0824335440993309
v 0.07184980809688568 0.023558564484119415 0.09078560769557953
v 0.07450691610574722 0.02422342449426651 0.09154905378818512
v 0.07441767305135727 0.022894347086548805 0.09068898111581802
v 0.07441767305135727 0.022894347086548805 0.09068898111581802
v 0.07450691610574722 0.02422342449426651 0.09154905378818512
v 0.07449868321418762 0.016687270253896713 0.08751962333917618
v 0.07441767305135727 0.022894347086548805 0.09068898111581802
v 0.07449868321418762 0.016687270253896713 0.08751962333917618
v 0.07184980809688568 0.023558564484119415 0.09078560769557953
v 0.07184980809688568 0.023558564484119415 0.09078560769557953
v 0.07449868321418762 0.016687270253896713 0.08751962333917618
v 0.07239104062318802 0.01641884446144104 0.08733899146318436
v 0.07184980809688568 0.023558564484119415 0.09078560769557953
v 0.07239104062318802 0.01641884446144104 0.08733899146318436
v 0.06932880729436874 0.02422296814620495 0.0906103178858757
v 0.06932880729436874 0.02422296814620495 0.0906103178858757
v 0.07239104062318802 0.01641884446144104 0.08733899146318436
v 0.07038487493991852 0.01688232272863388 0.08723617345094681
v 0.06932880729436874 0.02422296814620495 0.0906103178858757
v 0.07038487493991852 0.01688232272863388 0.08723617345094681
v 0.0668715164065361 0.02488754317164421 0.09017308056354523
v 0.0668715164065361 0.02488754317164421 0.09017308056354523
v 0.07038487493991852 0.01688232272863388 0.08723617345094681
v 0.06842546910047531 0.01734493300318718 0.08692542463541031
v 0.0668715164065361 0.02488754317164421 0.09017308056354523
v 0.06842546910047531 0.01734493300318718 0.08692542463541031
v 0.06449582427740097 0.02555226720869541 0.08948579430580139
v 0.06449582427740097 0.02555226720869541 0.08948579430580139
v 0.06842546910047531 0.01734493300318718 0.08692542463541031
v 0.06652671843767166 0.01780766062438488 0.08641468733549118
v 0.06449582427740097 0.02555226720869541 0.08948579430580139
v 0.06652671843767166 0.01780766062438488 0.08641468733549118
v 0.062163807451725006 0.026233121752738953 0.08853255212306976
v 0.062163807451725006 0.026233121752738953 0.08853255212306976
v 0.06652671843767166 0.01780766062438488 0.08641468733549118
v 0.06465771794319153 0.01828247681260109 0.08569402247667313
v 0.062163807451725006 0.026233121752738953 0.08853255212306976
v 0.06465771794319153 0.01828247681260109 0.08569402247667313
v 0.059955183416604996 0.026914097368717194 0.08733917772769928
v 0.059955183416604996 0.026914097368717194 0.08733917772769928
v 0.06465771794319153 0.01828247681260109 0.08569402247667313
v 0.06288117170333862 0.01875738427042961 0.08478129655122757
v 0.059955183416604996 0.026914097368717194 0.08733917772769928
v 0.06288117170333862 0.01875738427042961 0.08478129655122757
v 0.05788687989115715 0.027595175430178642 0.08591759949922562
v 0.05788687989115715 0.027595175430178642 0.08591759949922562
v 0.06288117170333862 0.01875738427042961 0.08478129655122757
v 0.06121200695633888 0.019232364371418953 0.08368547260761261
v 0.05788687989115715 0.027595175430178642 0.08591759949922562
v 0.06121200695633888 0.019232364371418953 0.08368547260761261
v 0.05597881227731705 0.028276341035962105 0.08427874743938446
v 0.05597881227731705 0.028276341035962105 0.08427874743938446
v 0.06121200695633888 0.019232364371418953 0.08368547260761261
v 0.05966614559292793 0.01970640756189823 0.08241547644138336
v 0.05597881227731705 0.028276341035962105 0.08427874743938446
v 0.05966614559292793 0.01970640756189823 0.08241547644138336
v 0.05424792692065239 0.028957579284906387 0.0824335440993309
v 0.05424792692065239 0.028957579284906387 0.0824335440993309
v 0.05966614559292793 0.01970640756189823 0.08241547644138336
v 0.05825651437044144 0.020181505009531975 0.08098026365041733
v 0.07239104062318802 0.01641884446144104 0.08733899146318436
v 0.07449868321418762 0.016687270253896713 0.08751962333917618
v 0.07442809641361237 0.015956522896885872 0.08722592890262604
v 0.07442809641361237 0.015956522896885872 0.08722592890262604
v 0.07449868321418762 0.016687270253896713 0.08751962333917618
v 0.07449062168598175 0.008503416553139687 0.08503735065460205
v 0.07442809641361237 0.015956522896885872 0.08722592890262604
v 0.07449062168598175 0.008503416553139687 0.08503735065460205
v 0.07443293929100037 0.00851440615952015 0.08504532277584076
v 0.07443293929100037 0.00851440615952015 0.08504532277584076
v 0.07449062168598175 0.008503416553139687 0.08503735065460205
v 0.07448718696832657 0 0.08420082926750183
v 0.07443293929100037 0.00851440615952015 0.08504532277584076
v 0.07448718696832657 0 0.08420082926750183
v 0.06975993514060974 0 0.0840558111667633
v 0.06541308760643005 0 0.0824873223900795
v 0.066240094602108 0.009755153208971024 0.08388466387987137
v 0.06975993514060974 0 0.0840558111667633
v 0.06975993514060974 0 0.0840558111667633
v 0.066240094602108 0.009755153208971024 0.08388466387987137
v 0.06781548261642456 0.009502287954092026 0.08446086943149567
v 0.06975993514060974 0 0.0840558111667633
v 0.06781548261642456 0.009502287954092026 0.08446086943149567
v 0.0694127008318901 0.009255466982722282 0.08486215025186539
v 0.0694127008318901 0.009255466982722282 0.08486215025186539
v 0.06781548261642456 0.009502287954092026 0.08446086943149567
v 0.06652671843767166 0.01780766062438488 0.08641468733549118
v 0.0694127008318901 0.009255466982722282 0.08486215025186539
v 0.06652671843767166 0.01780766062438488 0.08641468733549118
v 0.06842546910047531 0.01734493300318718 0.08692542463541031
v 0.06175461784005165 0 0.07966524362564087
v 0.06200074777007103 0.010514965280890465 0.08122273534536362
v 0.06541308760643005 0 0.0824873223900795
v 0.06541308760643005 0 0.0824873223900795
v 0.06200074777007103 0.010514965280890465 0.08122273534536362
v 0.06331979483366013 0.01026199758052826 0.08225813508033752
v 0.06541308760643005 0 0.0824873223900795
v 0.06331979483366013 0.01026199758052826 0.08225813508033752
v 0.0647372156381607 0.01000805851072073 0.08314742892980576
v 0.0647372156381607 0.01000805851072073 0.08314742892980576
v 0.06331979483366013 0.01026199758052826 0.08225813508033752
v 0.06121200695633888 0.019232364371418953 0.08368547260761261
v 0.0647372156381607 0.01000805851072073 0.08314742892980576
v 0.06121200695633888 0.019232364371418953 0.08368547260761261
v 0.06288117170333862 0.01875738427042961 0.08478129655122757
v 0.011529373936355114 0.057963401079177856 0.07581174373626709
v 0 0.05909868702292442 0.07581616193056107
v 0.0104373125359416 0.057321228086948395 0.08272208273410797
v 0.0104373125359416 0.057321228086948395 0.08272208273410797
v 0 0.05909868702292442 0.07581616193056107
v 0.00038900456274859607 0.05773034691810608 0.08382085710763931
v 0.0104373125359416 0.057321228086948395 0.08272208273410797
v 0.00038900456274859607 0.05773034691810608 0.08382085710763931
v 0.013949796557426453 0.0560331754386425 0.08919256180524826
v 0.013949796557426453 0.0560331754386425 0.08919256180524826
v 0.00038900456274859607 0.05773034691810608 0.08382085710763931
v 0.004450974985957146 0.05643331632018089 0.09132324904203415
v 0.013949796557426453 0.0560331754386425 0.08919256180524826
v 0.004450974985957146 0.05643331632018089 0.09132324904203415
v 0.018082136288285255 0.054746128618717194 0.09519078582525253
v 0.018082136288285255 0.054746128618717194 0.09519078582525253
v 0.004450974985957146 0.05643331632018089 0.09132324904203415
v 0.009229032322764397 0.0551363043487072 0.09828230738639832
v 0.018082136288285255 0.054746128618717194 0.09519078582525253
v 0.009229032322764397 0.0551363043487072 0.09828230738639832
v 0.022785291075706482 0.0534580796957016 0.10067976266145706
v 0.022785291075706482 0.0534580796957016 0.10067976266145706
v 0.009229032322764397 0.0551363043487072 0.09828230738639832
v 0.014667129144072533 0.053839311003685 0.1046600341796875
v 0.022785291075706482 0.0534580796957016 0.10067976266145706
v 0.014667129144072533 0.053839311003685 0.1046600341796875
v 0.028009215369820595 0.052170030772686005 0.10562753677368164
v 0.028009215369820595 0.052170030772686005 0.10562753677368164
v 0.014667129144072533 0.053839311003685 0.1046600341796875
v 0.02070721797645092 0.052543334662914276 0.11041541397571564
v 0.028009215369820595 0.052170030772686005 0.10562753677368164
v 0.02070721797645092 0.052543334662914276 0.11041541397571564
v 0.033704861998558044 0.050882983952760696 0.10999813675880432
v 0.033704861998558044 0.050882983952760696 0.10999813675880432
v 0.02070721797645092 0.052543334662914276 0.11041541397571564
v 0.027292240411043167 0.05124637484550476 0.11550843715667725
v 0.033704861998558044 0.050882983952760696 0.10999813675880432
v 0.027292240411043167 0.05124637484550476 0.11550843715667725
v 0.03982120007276535 0.0495949387550354 0.11375860124826431
v 0.03982120007276535 0.0495949387550354 0.11375860124826431
v 0.027292240411043167 0.05124637484550476 0.11550843715667725
v 0.03436614200472832 0.04994942620396614 0.11990012973546982
v 0.03982120007276535 0.0495949387550354 0.11375860124826431
v 0.03436614200472832 0.04994942620396614 0.11990012973546982
v 0.04630918800830841 0.048306893557310104 0.11687299609184265
v 0.04630918800830841 0.048306893557310104 0.11687299609184265
v 0.03436614200472832 0.04994942620396614 0.11990012973546982
v 0.041870858520269394 0.048652488738298416 0.12354949861764908
v 0.04630918800830841 0.048306893557310104 0.11687299609184265
v 0.041870858520269394 0.048652488738298416 0.12354949861764908
v 0.0529538132250309 0.047049861401319504 0.11925644427537918
v 0.0529538132250309 0.047049861401319504 0.11925644427537918
v 0.041870858520269394 0.048652488738298416 0.12354949861764908
v 0.04955730214715004 0.04738655686378479 0.12635764479637146
v 0.0529538132250309 0.047049861401319504 0.11925644427537918
v 0.04955730214715004 0.04738655686378479 0.12635764479637146
v 0.05985907092690468 0.04579383507370949 0.12096093595027924
v 0.05985907092690468 0.04579383507370949 0.12096093595027924
v 0.04955730214715004 0.04738655686378479 0.12635764479637146
v 0.05754746124148369 0.04612062871456146 0.1283835470676422
v 0.05985907092690468 0.04579383507370949 0.12096093595027924
v 0.05754746124148369 0.04612062871456146 0.1283835470676422
v 0.06697995960712433 0.04453681781888008 0.1219535693526268
v 0 0.05909868702292442 0.07581616193056107
v -0.011529113166034222 0.0579620897769928 0.07582003623247147
v 0.00038900456274859607 0.05773034691810608 0.08382085710763931
v 0.00038900456274859607 0.05773034691810608 0.08382085710763931
v -0.011529113166034222 0.0579620897769928 0.07582003623247147
v -0.010248088277876377 0.056151892989873886 0.08498446643352509
v 0.00038900456274859607 0.05773034691810608 0.08382085710763931
v -0.010248088277876377 0.056151892989873886 0.08498446643352509
v 0.004450974985957146 0.05643331632018089 0.09132324904203415
v 0.004450974985957146 0.05643331632018089 0.09132324904203415
v -0.010248088277876377 0.056151892989873886 0.08498446643352509
v -0.005604643374681473 0.054890796542167664 0.0935778021812439
v 0.004450974985957146 0.05643331632018089 0.09132324904203415
v -0.005604643374681473 0.054890796542167664 0.0935778021812439
v 0.009229032322764397 0.0551363043487072 0.09828230738639832
v 0.009229032322764397 0.0551363043487072 0.09828230738639832
v -0.005604643374681473 0.054890796542167664 0.0935778021812439
v -0.00014289378304965794 0.05362875014543533 0.10155675560235977
v 0.009229032322764397 0.0551363043487072 0.09828230738639832
v -0.00014289378304965794 0.05362875014543533 0.10155675560235977
v 0.014667129144072533 0.053839311003685 0.1046600341796875
v 0.014667129144072533 0.053839311003685 0.1046600341796875
v -0.00014289378304965794 0.05362875014543533 0.10155675560235977
v 0.006071115378290415 0.05236774682998657 0.10887429118156433
v 0.014667129144072533 0.053839311003685 0.1046600341796875
v 0.006071115378290415 0.05236774682998657 0.10887429118156433
v 0.02070721797645092 0.052543334662914276 0.11041541397571564
v 0.02070721797645092 0.052543334662914276 0.11041541397571564
v 0.006071115378290415 0.05236774682998657 0.10887429118156433
v 0.012975330464541912 0.05110678821802139 0.11548534780740738
v 0.02070721797645092 0.052543334662914276 0.11041541397571564
v 0.012975330464541912 0.05110678821802139 0.11548534780740738
v 0.027292240411043167 0.05124637484550476 0.11550843715667725
v 0.027292240411043167 0.05124637484550476 0.11550843715667725
v 0.012975330464541912 0.05110678821802139 0.11548534780740738
v 0.020502692088484764 0.049844890832901 0.12134291976690292
v 0.027292240411043167 0.05124637484550476 0.11550843715667725
v 0.020502692088484764 0.049844890832901 0.12134291976690292
v 0.03436614200472832 0.04994942620396614 0.11990012973546982
v 0.03436614200472832 0.04994942620396614 0.11990012973546982
v 0.020502692088484764 0.049844890832901 0.12134291976690292
v 0.02858912944793701 0.048584043979644775 0.12640295922756195
v 0.03436614200472832 0.04994942620396614 0.11990012973546982
v 0.02858912944793701 0.048584043979644775 0.12640295922756195
v 0.041870858520269394 0.048652488738298416 0.12354949861764908
v 0.041870858520269394 0.048652488738298416 0.12354949861764908
v 0.02858912944793701 0.048584043979644775 0.12640295922756195
v 0.03716956451535225 0.047322243452072144 0.13061846792697906
v 0.041870858520269394 0.048652488738298416 0.12354949861764908
v 0.03716956451535225 0.047322243452072144 0.13061846792697906
v 0.04955730214715004 0.04738655686378479 0.12635764479637146
v 0.04955730214715004 0.04738655686378479 0.12635764479637146
v 0.03716956451535225 0.047322243452072144 0.13061846792697906
v 0.04595984145998955 0.046091482043266296 0.13387547433376312
v 0.04955730214715004 0.04738655686378479 0.12635764479637146
v 0.04595984145998955 0.046091482043266296 0.13387547433376312
v 0.05754746124148369 0.04612062871456146 0.1283835470676422
v -0.011529113166034222 0.0579620897769928 0.07582003623247147
v -0.02261720970273018 0.054597824811935425 0.07582338899374008
v -0.010248088277876377 0.056151892989873886 0.08498446643352509
v -0.010248088277876377 0.056151892989873886 0.08498446643352509
v -0.02261720970273018 0.054597824811935425 0.07582338899374008
v -0.020404037088155746 0.052548009902238846 0.08609841763973236
v -0.010248088277876377 0.056151892989873886 0.08498446643352509
v -0.020404037088155746 0.052548009902238846 0.08609841763973236
v -0.005604643374681473 0.054890796542167664 0.0935778021812439
v -0.005604643374681473 0.054890796542167664 0.0935778021812439
v -0.020404037088155746 0.052548009902238846 0.08609841763973236
v -0.01520911231637001 0.051367804408073425 0.0957375168800354
v -0.005604643374681473 0.054890796542167664 0.0935778021812439
v -0.01520911231637001 0.051367804408073425 0.0957375168800354
v -0.00014289378304965794 0.05362875014543533 0.10155675560235977
v -0.00014289378304965794 0.05362875014543533 0.10155675560235977
v -0.01520911231637001 0.051367804408073425 0.0957375168800354
v -0.009097701869904995 0.05018666759133339 0.10469219088554382
v -0.00014289378304965794 0.05362875014543533 0.10155675560235977
v -0.009097701869904995 0.05018666759133339 0.10469219088554382
v 0.006071115378290415 0.05236774682998657 0.10887429118156433
v 0.006071115378290415 0.05236774682998657 0.10887429118156433
v -0.009097701869904995 0.05018666759133339 0.10469219088554382
v -0.002142857061699033 0.04900660365819931 0.11290836334228516
v 0.006071115378290415 0.05236774682998657 0.10887429118156433
v -0.002142857061699033 0.04900660365819931 0.11290836334228516
v 0.012975330464541912 0.05110678821802139 0.11548534780740738
v 0.012975330464541912 0.05110678821802139 0.11548534780740738
v -0.002142857061699033 0.04900660365819931 0.11290836334228516
v 0.005584368947893381 0.04782563075423241 0.12033698707818985
v 0.012975330464541912 0.05110678821802139 0.11548534780740738
v 0.005584368947893381 0.04782563075423241 0.12033698707818985
v 0.020502692088484764 0.049844890832901 0.12134291976690292
v 0.020502692088484764 0.049844890832901 0.12134291976690292
v 0.005584368947893381 0.04782563075423241 0.12033698707818985
v 0.014010913670063019 0.04664575308561325 0.126925989985466
v 0.020502692088484764 0.049844890832901 0.12134291976690292
v 0.014010913670063019 0.04664575308561325 0.126925989985466
v 0.02858912944793701 0.048584043979644775 0.12640295922756195
v 0.02858912944793701 0.048584043979644775 0.12640295922756195
v 0.014010913670063019 0.04664575308561325 0.126925989985466
v 0.02306470461189747 0.04546497389674187 0.1326233446598053
v 0.02858912944793701 0.048584043979644775 0.12640295922756195
v 0.02306470461189747 0.04546497389674187 0.1326233446598053
v 0.03716956451535225 0.047322243452072144 0.13061846792697906
v 0.03716956451535225 0.047322243452072144 0.13061846792697906
v 0.02306470461189747 0.04546497389674187 0.1326233446598053
v 0.032673656940460205 0.04428529366850853 0.1373790204524994
v 0.03716956451535225 0.047322243452072144 0.13061846792697906
v 0.032673656940460205 0.04428529366850853 0.1373790204524994
v 0.04595984145998955 0.046091482043266296 0.13387547433376312
v -0.02261720970273018 0.054597824811935425 0.07582338899374008
v -0.03283361718058586 0.0491352416574955 0.07582619786262512
v -0.020404037088155746 0.052548009902238846 0.08609841763973236
v -0.020404037088155746 0.052548009902238846 0.08609841763973236
v -0.03283361718058586 0.0491352416574955 0.07582619786262512
v -0.029715240001678467 0.047049108892679214 0.08712462335824966
v -0.020404037088155746 0.052548009902238846 0.08609841763973236
v -0.029715240001678467 0.047049108892679214 0.08712462335824966
v -0.01520911231637001 0.051367804408073425 0.0957375168800354
v -0.01520911231637001 0.051367804408073425 0.0957375168800354
v -0.029715240001678467 0.047049108892679214 0.08712462335824966
v -0.024019813165068626 0.04599181190133095 0.09772826731204987
v -0.01520911231637001 0.051367804408073425 0.0957375168800354
v -0.024019813165068626 0.04599181190133095 0.09772826731204987
v -0.009097701869904995 0.05018666759133339 0.10469219088554382
v -0.009097701869904995 0.05018666759133339 0.10469219088554382
v -0.024019813165068626 0.04599181190133095 0.09772826731204987
v -0.01731676608324051 0.04493458941578865 0.10758042335510254
v -0.009097701869904995 0.05018666759133339 0.10469219088554382
v -0.01731676608324051 0.04493458941578865 0.10758042335510254
v -0.002142857061699033 0.04900660365819931 0.11290836334228516
v -0.002142857061699033 0.04900660365819931 0.11290836334228516
v -0.01731676608324051 0.04493458941578865 0.10758042335510254
v -0.009685150347650051 0.04387746751308441 0.11662501096725464
v -0.002142857061699033 0.04900660365819931 0.11290836334228516
v -0.009685150347650051 0.04387746751308441 0.11662501096725464
v 0.005584368947893381 0.04782563075423241 0.12033698707818985
v 0.005584368947893381 0.04782563075423241 0.12033698707818985
v -0.009685150347650051 0.04387746751308441 0.11662501096725464
v -0.0012050295481458306 0.04282045736908913 0.12480498105287552
v 0.005584368947893381 0.04782563075423241 0.12033698707818985
v -0.0012050295481458306 0.04282045736908913 0.12480498105287552
v 0.014010913670063019 0.04664575308561325 0.126925989985466
v 0.014010913670063019 0.04664575308561325 0.126925989985466
v -0.0012050295481458306 0.04282045736908913 0.12480498105287552
v 0.00804553460329771 0.04176357015967369 0.13206426799297333
v 0.014010913670063019 0.04664575308561325 0.126925989985466
v 0.00804553460329771 0.04176357015967369 0.13206426799297333
v 0.02306470461189747 0.04546497389674187 0.1326233446598053
v 0.02306470461189747 0.04546497389674187 0.1326233446598053
v 0.00804553460329771 0.04176357015967369 0.13206426799297333
v 0.01798747479915619 0.040706817060709 0.13834582269191742
v 0.02306470461189747 0.04546497389674187 0.1326233446598053
v 0.01798747479915619 0.040706817060709 0.13834582269191742
v 0.032673656940460205 0.04428529366850853 0.1373790204524994
v -0.03283361718058586 0.0491352416574955 0.07582619786262512
v -0.04178979620337486 0.04178478941321373 0.0758284404873848
v -0.029715240001678467 0.047049108892679214 0.08712462335824966
v -0.029715240001678467 0.047049108892679214 0.08712462335824966
v -0.04178979620337486 0.04178478941321373 0.0758284404873848
v -0.03784824162721634 0.039853665977716446 0.08802904933691025
v -0.029715240001678467 0.047049108892679214 0.08712462335824966
v -0.03784824162721634 0.039853665977716446 0.08802904933691025
v -0.024019813165068626 0.04599181190133095 0.09772826731204987
v -0.024019813165068626 0.04599181190133095 0.09772826731204987
v -0.03784824162721634 0.039853665977716446 0.08802904933691025
v -0.03172232210636139 0.03895734250545502 0.09947997331619263
v -0.024019813165068626 0.04599181190133095 0.09772826731204987
v -0.03172232210636139 0.03895734250545502 0.09947997331619263
v -0.01731676608324051 0.04493458941578865 0.10758042335510254
v -0.01731676608324051 0.04493458941578865 0.10758042335510254
v -0.03172232210636139 0.03895734250545502 0.09947997331619263
v -0.024506675079464912 0.03806209936738014 0.11012235283851624
v -0.01731676608324051 0.04493458941578865 0.10758042335510254
v -0.024506675079464912 0.03806209936738014 0.11012235283851624
v -0.009685150347650051 0.04387746751308441 0.11662501096725464
v -0.009685150347650051 0.04387746751308441 0.11662501096725464
v -0.024506675079464912 0.03806209936738014 0.11012235283851624
v -0.016288375481963158 0.03716695308685303 0.11989311873912811
v -0.009685150347650051 0.04387746751308441 0.11662501096725464
v -0.016288375481963158 0.03716695308685303 0.11989311873912811
v -0.0012050295481458306 0.04282045736908913 0.12480498105287552
v -0.0012050295481458306 0.04282045736908913 0.12480498105287552
v -0.016288375481963158 0.03716695308685303 0.11989311873912811
v -0.007150483317673206 0.03627092018723488 0.12873120605945587
v -0.0012050295481458306 0.04282045736908913 0.12480498105287552
v -0.007150483317673206 0.03627092018723488 0.12873120605945587
v 0.00804553460329771 0.04176357015967369 0.13206426799297333
v 0.00804553460329771 0.04176357015967369 0.13206426799297333
v -0.007150483317673206 0.03627092018723488 0.12873120605945587
v 0.0028189364820718765 0.03537600859999657 0.1365775614976883
v 0.00804553460329771 0.04176357015967369 0.13206426799297333
v 0.0028189364820718765 0.03537600859999657 0.1365775614976883
v 0.01798747479915619 0.040706817060709 0.13834582269191742
v -0.04178979620337486 0.04178478941321373 0.0758284404873848
v -0.04913428798317909 0.03283298388123512 0.07583009451627731
v -0.03784824162721634 0.039853665977716446 0.08802904933691025
v -0.03784824162721634 0.039853665977716446 0.08802904933691025
v -0.04913428798317909 0.03283298388123512 0.07583009451627731
v -0.04450872167944908 0.031220169737935066 0.08877667039632797
v -0.03784824162721634 0.039853665977716446 0.08802904933691025
v -0.04450872167944908 0.031220169737935066 0.08877667039632797
v -0.03172232210636139 0.03895734250545502 0.09947997331619263
v -0.03172232210636139 0.03895734250545502 0.09947997331619263
v -0.04450872167944908 0.031220169737935066 0.08877667039632797
v -0.03803735598921776 0.030517907813191414 0.1009296104311943
v -0.03172232210636139 0.03895734250545502 0.09947997331619263
v -0.03803735598921776 0.030517907813191414 0.1009296104311943
v -0.024506675079464912 0.03806209936738014 0.11012235283851624
v -0.024506675079464912 0.03806209936738014 0.11012235283851624
v -0.03803735598921776 0.030517907813191414 0.1009296104311943
v -0.030407199636101723 0.029816709458827972 0.11222396790981293
v -0.024506675079464912 0.03806209936738014 0.11012235283851624
v -0.030407199636101723 0.029816709458827972 0.11222396790981293
v -0.016288375481963158 0.03716695308685303 0.11989311873912811
v -0.016288375481963158 0.03716695308685303 0.11989311873912811
v -0.030407199636101723 0.029816709458827972 0.11222396790981293
v -0.021711327135562897 0.0291155893355608 0.12259366363286972
v -0.016288375481963158 0.03716695308685303 0.11989311873912811
v -0.021711327135562897 0.0291155893355608 0.12259366363286972
v -0.007150483317673206 0.03627092018723488 0.12873120605945587
v -0.007150483317673206 0.03627092018723488 0.12873120605945587
v -0.021711327135562897 0.0291155893355608 0.12259366363286972
v -0.01203780435025692 0.02841356210410595 0.13197463750839233
v -0.007150483317673206 0.03627092018723488 0.12873120605945587
v -0.01203780435025692 0.02841356210410595 0.13197463750839233
v 0.0028189364820718765 0.03537600859999657 0.1365775614976883
v -0.04913428798317909 0.03283298388123512 0.07583009451627731
v -0.05459577590227127 0.022618364542722702 0.07583119720220566
v -0.04450872167944908 0.031220169737935066 0.08877667039632797
v -0.04450872167944908 0.031220169737935066 0.08877667039632797
v -0.05459577590227127 0.022618364542722702 0.07583119720220566
v -0.04945443198084831 0.021461091935634613 0.08934048563241959
v -0.04450872167944908 0.031220169737935066 0.08877667039632797
v -0.04945443198084831 0.021461091935634613 0.08934048563241959
v -0.03803735598921776 0.030517907813191414 0.1009296104311943
v -0.03803735598921776 0.030517907813191414 0.1009296104311943
v -0.04945443198084831 0.021461091935634613 0.08934048563241959
v -0.04273274168372154 0.02097894623875618 0.10202119499444962
v -0.03803735598921776 0.030517907813191414 0.1009296104311943
v -0.04273274168372154 0.02097894623875618 0.10202119499444962
v -0.030407199636101723 0.029816709458827972 0.11222396790981293
v -0.030407199636101723 0.029816709458827972 0.11222396790981293
v -0.04273274168372154 0.02097894623875618 0.10202119499444962
v -0.034800201654434204 0.020495843142271042 0.11380427330732346
v -0.030407199636101723 0.029816709458827972 0.11222396790981293
v -0.034800201654434204 0.020495843142271042 0.11380427330732346
v -0.021711327135562897 0.0291155893355608 0.12259366363286972
v -0.021711327135562897 0.0291155893355608 0.12259366363286972
v -0.034800201654434204 0.020495843142271042 0.11380427330732346
v -0.025752894580364227 0.020013784989714622 0.1246226578950882
v -0.021711327135562897 0.0291155893355608 0.12259366363286972
v -0.025752894580364227 0.020013784989714622 0.1246226578950882
v -0.01203780435025692 0.02841356210410595 0.13197463750839233
v -0.05459577590227127 0.022618364542722702 0.07583119720220566
v -0.057959992438554764 0.011525491252541542 0.07583179324865341
v -0.04945443198084831 0.021461091935634613 0.08934048563241959
v -0.04945443198084831 0.021461091935634613 0.08934048563241959
v -0.057959992438554764 0.011525491252541542 0.07583179324865341
v -0.05250118672847748 0.010927879251539707 0.08969354629516602
v -0.04945443198084831 0.021461091935634613 0.08934048563241959
v -0.05250118672847748 0.010927879251539707 0.08969354629516602
v -0.04273274168372154 0.02097894623875618 0.10202119499444962
v -0.04273274168372154 0.02097894623875618 0.10202119499444962
v -0.05250118672847748 0.010927879251539707 0.08969354629516602
v -0.04563130438327789 0.010681848973035812 0.10270374268293381
v -0.04273274168372154 0.02097894623875618 0.10202119499444962
v -0.04563130438327789 0.010681848973035812 0.10270374268293381
v -0.034800201654434204 0.020495843142271042 0.11380427330732346
v -0.034800201654434204 0.020495843142271042 0.11380427330732346
v -0.04563130438327789 0.010681848973035812 0.10270374268293381
v -0.03751653805375099 0.0104368319734931 0.11479328572750092
v -0.034800201654434204 0.020495843142271042 0.11380427330732346
v -0.03751653805375099 0.0104368319734931 0.11479328572750092
v -0.025752894580364227 0.020013784989714622 0.1246226578950882
v 0.06975993514060974 0 0.0840558111667633
v 0.0694127008318901 0.009255466982722282 0.08486215025186539
v 0.07105561345815659 0.009007703512907028 0.08509745448827744
v 0.07105561345815659 0.009007703512907028 0.08509745448827744
v 0.0694127008318901 0.009255466982722282 0.08486215025186539
v 0.06842546910047531 0.01734493300318718 0.08692542463541031
v 0.07105561345815659 0.009007703512907028 0.08509745448827744
v 0.06842546910047531 0.01734493300318718 0.08692542463541031
v 0.07038487493991852 0.01688232272863388 0.08723617345094681
v 0.06541308760643005 0 0.0824873223900795
v 0.0647372156381607 0.01000805851072073 0.08314742892980576
v 0.066240094602108 0.009755153208971024 0.08388466387987137
v 0.066240094602108 0.009755153208971024 0.08388466387987137
v 0.0647372156381607 0.01000805851072073 0.08314742892980576
v 0.06288117170333862 0.01875738427042961 0.08478129655122757
v 0.066240094602108 0.009755153208971024 0.08388466387987137
v 0.06288117170333862 0.01875738427042961 0.08478129655122757
v 0.06465771794319153 0.01828247681260109 0.08569402247667313
v 0.06175461784005165 0 0.07966524362564087
v 0.06079200655221939 0.010767958126962185 0.08004818856716156
v 0.06200074777007103 0.010514965280890465 0.08122273534536362
v 0.06200074777007103 0.010514965280890465 0.08122273534536362
v 0.06079200655221939 0.010767958126962185 0.08004818856716156
v 0.05825651437044144 0.020181505009531975 0.08098026365041733
v 0.06200074777007103 0.010514965280890465 0.08122273534536362
v 0.05825651437044144 0.020181505009531975 0.08098026365041733
v 0.05966614559292793 0.01970640756189823 0.08241547644138336
v 0.023234186694025993 0.05386364832520485 0.08710740506649017
v 0.03201538324356079 0.049992840737104416 0.0851278007030487
v 0.02025729790329933 0.055101796984672546 0.08164681494235992
v 0.02025729790329933 0.055101796984672546 0.08164681494235992
v 0.03201538324356079 0.049992840737104416 0.0851278007030487
v 0.02954225055873394 0.0511421263217926 0.08062397688627243
v 0.03201538324356079 0.049992840737104416 0.0851278007030487
v 0.040018629282712936 0.044543031603097916 0.08331365138292313
v 0.02954225055873394 0.0511421263217926 0.08062397688627243
v 0.02954225055873394 0.0511421263217926 0.08062397688627243
v 0.040018629282712936 0.044543031603097916 0.08331365138292313
v 0.03799944743514061 0.04556741937994957 0.07968638092279434
v 0.040018629282712936 0.044543031603097916 0.08331365138292313
v 0.046993155032396317 0.037686560302972794 0.08171872794628143
v 0.03799944743514061 0.04556741937994957 0.07968638092279434
v 0.03799944743514061 0.04556741937994957 0.07968638092279434
v 0.046993155032396317 0.037686560302972794 0.08171872794628143
v 0.04536212608218193 0.03855297341942787 0.07886069267988205
v 0.046993155032396317 0.037686560302972794 0.08171872794628143
v 0.052715152502059937 0.029639871791005135 0.08039488643407822
v 0.04536212608218193 0.03855297341942787 0.07886069267988205
v 0.04536212608218193 0.03855297341942787 0.07886069267988205
v 0.052715152502059937 0.029639871791005135 0.08039488643407822
v 0.051397427916526794 0.030321208760142326 0.0781736671924591
v 0.059707485139369965 0.011021970771253109 0.07874243706464767
v 0.05875809118151665 0.011275001801550388 0.07731141149997711
v 0.05591161549091339 0.021130826324224472 0.07764982432126999
v 0.052715152502059937 0.029639871791005135 0.08039488643407822
v 0.05700002983212471 0.0206566471606493 0.07938873767852783
v 0.051397427916526794 0.030321208760142326 0.0781736671924591
v 0.051397427916526794 0.030321208760142326 0.0781736671924591
v 0.05700002983212471 0.0206566471606493 0.07938873767852783
v 0.05591161549091339 0.021130826324224472 0.07764982432126999
v 0.05700002983212471 0.0206566471606493 0.07938873767852783
v 0.059707485139369965 0.011021970771253109 0.07874243706464767
v 0.05591161549091339 0.021130826324224472 0.07764982432126999
v 0.06200074777007103 0.010514965280890465 0.08122273534536362
v 0.05966614559292793 0.01970640756189823 0.08241547644138336
v 0.06331979483366013 0.01026199758052826 0.08225813508033752
v 0.06331979483366013 0.01026199758052826 0.08225813508033752
v 0.05966614559292793 0.01970640756189823 0.08241547644138336
v 0.06121200695633888 0.019232364371418953 0.08368547260761261
v 0.066240094602108 0.009755153208971024 0.08388466387987137
v 0.06465771794319153 0.01828247681260109 0.08569402247667313
v 0.06781548261642456 0.009502287954092026 0.08446086943149567
v 0.06781548261642456 0.009502287954092026 0.08446086943149567
v 0.06465771794319153 0.01828247681260109 0.08569402247667313
v 0.06652671843767166 0.01780766062438488 0.08641468733549118
v 0.06975993514060974 0 0.0840558111667633
v 0.07105561345815659 0.009007703512907028 0.08509745448827744
v 0.0727333202958107 0.008761011064052582 0.08516082912683487
v 0.0727333202958107 0.008761011064052582 0.08516082912683487
v 0.07105561345815659 0.009007703512907028 0.08509745448827744
v 0.07038487493991852 0.01688232272863388 0.08723617345094681
v 0.0727333202958107 0.008761011064052582 0.08516082912683487
v 0.07038487493991852 0.01688232272863388 0.08723617345094681
v 0.07239104062318802 0.01641884446144104 0.08733899146318436
v 0.07406742870807648 0.030093833804130554 0.15937539935112
v 0.07450472563505173 0.030827628448605537 0.15863162279129028
v 0.061233799904584885 0.030966756865382195 0.1586734801530838
v 0.07410185039043427 0.03552616387605667 0.15312300622463226
v 0.07450728118419647 0.03625092655420303 0.15202341973781586
v 0.06220870092511177 0.03655720874667168 0.15248271822929382
v 0.07414054125547409 0.039678461849689484 0.14595654606819153
v 0.07451009005308151 0.04027991369366646 0.14448606967926025
v 0.06332012265920639 0.040829796344041824 0.14539870619773865
v 0.07442809641361237 0.015956522896885872 0.08722592890262604
v 0.07443293929100037 0.00851440615952015 0.08504532277584076
v 0.07239104062318802 0.01641884446144104 0.08733899146318436
v 0.07239104062318802 0.01641884446144104 0.08733899146318436
v 0.07443293929100037 0.00851440615952015 0.08504532277584076
v 0.0727333202958107 0.008761011064052582 0.08516082912683487
v 0.07443293929100037 0.00851440615952015 0.08504532277584076
v 0.06975993514060974 0 0.0840558111667633
v 0.0727333202958107 0.008761011064052582 0.08516082912683487
v 0.5473999977111816 0.040876999497413635 0.11292199790477753
v 0.5473999977111816 0.03664800152182579 0.11446099728345871
v 0.5473999977111816 0.04349999874830246 0.12780000269412994
v 0.5473999977111816 0.04349999874830246 0.12780000269412994
v 0.5473999977111816 0.03664800152182579 0.11446099728345871
v 0.5473999977111816 0.039000000804662704 0.12780000269412994
v 0.5473999977111816 0.04349999874830246 0.12780000269412994
v 0.5473999977111816 0.039000000804662704 0.12780000269412994
v 0.5473999977111816 0.03664800152182579 0.14113900065422058
v 0.5473999977111816 0.03664800152182579 0.11446099728345871
v 0.5473999977111816 0.040876999497413635 0.11292199790477753
v 0.5473999977111816 0.029875999316573143 0.10273100435733795
v 0.5473999977111816 0.029875999316573143 0.10273100435733795
v 0.5473999977111816 0.040876999497413635 0.11292199790477753
v 0.5473999977111816 0.033323001116514206 0.09983900189399719
v 0.5473999977111816 0.029875999316573143 0.10273100435733795
v 0.5473999977111816 0.033323001116514206 0.09983900189399719
v 0.5473999977111816 0.019500000402331352 0.09402500092983246
v 0.5473999977111816 0.019500000402331352 0.09402500092983246
v 0.5473999977111816 0.033323001116514206 0.09983900189399719
v 0.5473999977111816 0.02174999937415123 0.09012799710035324
v 0.5473999977111816 0.019500000402331352 0.09402500092983246
v 0.5473999977111816 0.02174999937415123 0.09012799710035324
v 0.5473999977111816 0.006771999876946211 0.08939199894666672
v 0.5473999977111816 0.006771999876946211 0.08939199894666672
v 0.5473999977111816 0.02174999937415123 0.09012799710035324
v 0.5473999977111816 0.007553999777883291 0.08496099710464478
v 0.5473999977111816 0.006771999876946211 0.08939199894666672
v 0.5473999977111816 0.007553999777883291 0.08496099710464478
v 0.5473999977111816 -0.007553999777883291 0.08496099710464478
v 0.5473999977111816 0.006771999876946211 0.08939199894666672
v 0.5473999977111816 -0.007553999777883291 0.08496099710464478
v 0.5473999977111816 -0.006771999876946211 0.08939199894666672
v 0.5473999977111816 -0.006771999876946211 0.08939199894666672
v 0.5473999977111816 -0.007553999777883291 0.08496099710464478
v 0.5473999977111816 -0.02174999937415123 0.09012799710035324
v 0.5473999977111816 -0.006771999876946211 0.08939199894666672
v 0.5473999977111816 -0.02174999937415123 0.09012799710035324
v 0.5473999977111816 -0.019500000402331352 0.09402500092983246
v 0.5473999977111816 -0.019500000402331352 0.09402500092983246
v 0.5473999977111816 -0.02174999937415123 0.09012799710035324
v 0.5473999977111816 -0.033323001116514206 0.09983900189399719
v 0.5473999977111816 -0.019500000402331352 0.09402500092983246
v 0.5473999977111816 -0.033323001116514206 0.09983900189399719
v 0.5473999977111816 -0.029875999316573143 0.10273100435733795
v 0.5473999977111816 -0.029875999316573143 0.10273100435733795
v 0.5473999977111816 -0.033323001116514206 0.09983900189399719
v 0.5473999977111816 -0.040876999497413635 0.11292199790477753
v 0.5473999977111816 -0.029875999316573143 0.10273100435733795
v 0.5473999977111816 -0.040876999497413635 0.11292199790477753
v 0.5473999977111816 -0.03664800152182579 0.11446099728345871
v 0.5473999977111816 -0.03664800152182579 0.11446099728345871
v 0.5473999977111816 -0.040876999497413635 0.11292199790477753
v 0.5473999977111816 -0.04349999874830246 0.12780000269412994
v 0.5473999977111816 -0.03664800152182579 0.11446099728345871
v 0.5473999977111816 -0.04349999874830246 0.12780000269412994
v 0.5473999977111816 -0.039000000804662704 0.12780000269412994
v 0.5473999977111816 -0.039000000804662704 0.12780000269412994
v 0.5473999977111816 -0.04349999874830246 0.12780000269412994
v 0.5473999977111816 -0.03664800152182579 0.14113900065422058
v 0.5473999977111816 -0.03664800152182579 0.14113900065422058
v 0.5473999977111816 -0.04349999874830246 0.12780000269412994
v 0.5473999977111816 -0.040876999497413635 0.14267799258232117
v 0.5473999977111816 -0.03664800152182579 0.14113900065422058
v 0.5473999977111816 -0.040876999497413635 0.14267799258232117
v 0.5473999977111816 -0.029875999316573143 0.15286900103092194
v 0.5473999977111816 -0.029875999316573143 0.15286900103092194
v 0.5473999977111816 -0.040876999497413635 0.14267799258232117
v 0.5473999977111816 -0.033323001116514206 0.1557610034942627
v 0.5473999977111816 -0.029875999316573143 0.15286900103092194
v 0.5473999977111816 -0.033323001116514206 0.1557610034942627
v 0.5473999977111816 -0.019500000402331352 0.16157500445842743
v 0.5473999977111816 -0.019500000402331352 0.16157500445842743
v 0.5473999977111816 -0.033323001116514206 0.1557610034942627
v 0.5473999977111816 -0.02174999937415123 0.16547200083732605
v 0.5473999977111816 -0.019500000402331352 0.16157500445842743
v 0.5473999977111816 -0.02174999937415123 0.16547200083732605
v 0.5473999977111816 -0.006771999876946211 0.16620799899101257
v 0.5473999977111816 -0.006771999876946211 0.16620799899101257
v 0.5473999977111816 -0.02174999937415123 0.16547200083732605
v 0.5473999977111816 -0.007553999777883291 0.17063899338245392
v 0.5473999977111816 -0.006771999876946211 0.16620799899101257
v 0.5473999977111816 -0.007553999777883291 0.17063899338245392
v 0.5473999977111816 0.007553999777883291 0.17063899338245392
v 0.5473999977111816 -0.006771999876946211 0.16620799899101257
v 0.5473999977111816 0.007553999777883291 0.17063899338245392
v 0.5473999977111816 0.006771999876946211 0.16620799899101257
v 0.5473999977111816 0.006771999876946211 0.16620799899101257
v 0.5473999977111816 0.007553999777883291 0.17063899338245392
v 0.5473999977111816 0.02174999937415123 0.16547200083732605
v 0.5473999977111816 0.006771999876946211 0.16620799899101257
v 0.5473999977111816 0.02174999937415123 0.16547200083732605
v 0.5473999977111816 0.019500000402331352 0.16157500445842743
v 0.5473999977111816 0.019500000402331352 0.16157500445842743
v 0.5473999977111816 0.02174999937415123 0.16547200083732605
v 0.5473999977111816 0.033323001116514206 0.1557610034942627
v 0.5473999977111816 0.019500000402331352 0.16157500445842743
v 0.5473999977111816 0.033323001116514206 0.1557610034942627
v 0.5473999977111816 0.029875999316573143 0.15286900103092194
v 0.5473999977111816 0.029875999316573143 0.15286900103092194
v 0.5473999977111816 0.033323001116514206 0.1557610034942627
v 0.5473999977111816 0.040876999497413635 0.14267799258232117
v 0.5473999977111816 0.029875999316573143 0.15286900103092194
v 0.5473999977111816 0.040876999497413635 0.14267799258232117
v 0.5473999977111816 0.03664800152182579 0.14113900065422058
v 0.5473999977111816 0.03664800152182579 0.14113900065422058
v 0.5473999977111816 0.040876999497413635 0.14267799258232117
v 0.5473999977111816 0.04349999874830246 0.12780000269412994
v 0.08460000157356262 -0.040876999497413635 0.11292199790477753
v 0.08460000157356262 -0.03664800152182579 0.11446099728345871
v 0.08460000157356262 -0.04349999874830246 0.12780000269412994
v 0.08460000157356262 -0.04349999874830246 0.12780000269412994
v 0.08460000157356262 -0.03664800152182579 0.11446099728345871
v 0.08460000157356262 -0.039000000804662704 0.12780000269412994
v 0.08460000157356262 -0.04349999874830246 0.12780000269412994
v 0.08460000157356262 -0.039000000804662704 0.12780000269412994
v 0.08460000157356262 -0.03664800152182579 0.14113900065422058
v 0.08460000157356262 -0.03664800152182579 0.11446099728345871
v 0.08460000157356262 -0.040876999497413635 0.11292199790477753
v 0.08460000157356262 -0.029875999316573143 0.10273100435733795
v 0.08460000157356262 -0.029875999316573143 0.10273100435733795
v 0.08460000157356262 -0.040876999497413635 0.11292199790477753
v 0.08460000157356262 -0.033323001116514206 0.09983900189399719
v 0.08460000157356262 -0.029875999316573143 0.10273100435733795
v 0.08460000157356262 -0.033323001116514206 0.09983900189399719
v 0.08460000157356262 -0.019500000402331352 0.09402500092983246
v 0.08460000157356262 -0.019500000402331352 0.09402500092983246
v 0.08460000157356262 -0.033323001116514206 0.09983900189399719
v 0.08460000157356262 -0.02174999937415123 0.09012799710035324
v 0.08460000157356262 -0.019500000402331352 0.09402500092983246
v 0.08460000157356262 -0.02174999937415123 0.09012799710035324
v 0.08460000157356262 -0.006771999876946211 0.08939199894666672
v 0.08460000157356262 -0.006771999876946211 0.08939199894666672
v 0.08460000157356262 -0.02174999937415123 0.09012799710035324
v 0.08460000157356262 -0.007553999777883291 0.08496099710464478
v 0.08460000157356262 -0.006771999876946211 0.08939199894666672
v 0.08460000157356262 -0.007553999777883291 0.08496099710464478
v 0.08460000157356262 0.007553999777883291 0.08496099710464478
v 0.08460000157356262 -0.006771999876946211 0.08939199894666672
v 0.08460000157356262 0.007553999777883291 0.08496099710464478
v 0.08460000157356262 0.006771999876946211 0.08939199894666672
v 0.08460000157356262 0.006771999876946211 0.08939199894666672
v 0.08460000157356262 0.007553999777883291 0.08496099710464478
v 0.08460000157356262 0.02174999937415123 0.09012799710035324
v 0.08460000157356262 0.006771999876946211 0.08939199894666672
v 0.08460000157356262 0.02174999937415123 0.09012799710035324
v 0.08460000157356262 0.019500000402331352 0.09402500092983246
v 0.08460000157356262 0.019500000402331352 0.09402500092983246
v 0.08460000157356262 0.02174999937415123 0.09012799710035324
v 0.08460000157356262 0.033323001116514206 0.09983900189399719
v 0.08460000157356262 0.019500000402331352 0.09402500092983246
v 0.08460000157356262 0.033323001116514206 0.09983900189399719
v 0.08460000157356262 0.029875999316573143 0.10273100435733795
v 0.08460000157356262 0.029875999316573143 0.10273100435733795
v 0.08460000157356262 0.033323001116514206 0.09983900189399719
v 0.08460000157356262 0.040876999497413635 0.11292199790477753
v 0.08460000157356262 0.029875999316573143 0.10273100435733795
v 0.08460000157356262 0.040876999497413635 0.11292199790477753
v 0.08460000157356262 0.03664800152182579 0.11446099728345871
v 0.08460000157356262 0.03664800152182579 0.11446099728345871
v 0.08460000157356262 0.040876999497413635 0.11292199790477753
v 0.08460000157356262 0.04349999874830246 0.12780000269412994
v 0.08460000157356262 0.03664800152182579 0.11446099728345871
v 0.08460000157356262 0.04349999874830246 0.12780000269412994
v 0.08460000157356262 0.039000000804662704 0.12780000269412994
v 0.08460000157356262 0.039000000804662704 0.12780000269412994
v 0.08460000157356262 0.04349999874830246 0.12780000269412994
v 0.08460000157356262 0.03664800152182579 0.14113900065422058
v 0.08460000157356262 0.03664800152182579 0.14113900065422058
v 0.08460000157356262 0.04349999874830246 0.12780000269412994
v 0.08460000157356262 0.040876999497413635 0.14267799258232117
v 0.08460000157356262 0.03664800152182579 0.14113900065422058
v 0.08460000157356262 0.040876999497413635 0.14267799258232117
v 0.08460000157356262 0.029875999316573143 0.15286900103092194
v 0.08460000157356262 0.029875999316573143 0.15286900103092194
v 0.08460000157356262 0.040876999497413635 0.14267799258232117
v 0.08460000157356262 0.033323001116514206 0.1557610034942627
v 0.08460000157356262 0.029875999316573143 0.15286900103092194
v 0.08460000157356262 0.033323001116514206 0.1557610034942627
v 0.08460000157356262 0.019500000402331352 0.16157500445842743
v 0.08460000157356262 0.019500000402331352 0.16157500445842743
v 0.08460000157356262 0.033323001116514206 0.1557610034942627
v 0.08460000157356262 0.02174999937415123 0.16547200083732605
v 0.08460000157356262 0.019500000402331352 0.16157500445842743
v 0.08460000157356262 0.02174999937415123 0.16547200083732605
v 0.08460000157356262 0.006771999876946211 0.16620799899101257
v 0.08460000157356262 0.006771999876946211 0.16620799899101257
v 0.08460000157356262 0.02174999937415123 0.16547200083732605
v 0.08460000157356262 0.007553999777883291 0.17063899338245392
v 0.08460000157356262 0.006771999876946211 0.16620799899101257
v 0.08460000157356262 0.007553999777883291 0.17063899338245392
v 0.08460000157356262 -0.007553999777883291 0.17063899338245392
v 0.08460000157356262 0.006771999876946211 0.16620799899101257
v 0.08460000157356262 -0.007553999777883291 0.17063899338245392
v 0.08460000157356262 -0.006771999876946211 0.16620799899101257
v 0.08460000157356262 -0.006771999876946211 0.16620799899101257
v 0.08460000157356262 -0.007553999777883291 0.17063899338245392
v 0.08460000157356262 -0.02174999937415123 0.16547200083732605
v 0.08460000157356262 -0.006771999876946211 0.16620799899101257
v 0.08460000157356262 -0.02174999937415123 0.16547200083732605
v 0.08460000157356262 -0.019500000402331352 0.16157500445842743
v 0.08460000157356262 -0.019500000402331352 0.16157500445842743
v 0.08460000157356262 -0.02174999937415123 0.16547200083732605
v 0.08460000157356262 -0.033323001116514206 0.1557610034942627
v 0.08460000157356262 -0.019500000402331352 0.16157500445842743
v 0.08460000157356262 -0.033323001116514206 0.1557610034942627
v 0.08460000157356262 -0.029875999316573143 0.15286900103092194
v 0.08460000157356262 -0.029875999316573143 0.15286900103092194
v 0.08460000157356262 -0.033323001116514206 0.1557610034942627
v 0.08460000157356262 -0.040876999497413635 0.14267799258232117
v 0.08460000157356262 -0.029875999316573143 0.15286900103092194
v 0.08460000157356262 -0.040876999497413635 0.14267799258232117
v 0.08460000157356262 -0.03664800152182579 0.14113900065422058
v 0.08460000157356262 -0.03664800152182579 0.14113900065422058
v 0.08460000157356262 -0.040876999497413635 0.14267799258232117
v 0.08460000157356262 -0.04349999874830246 0.12780000269412994
v 0.08449999988079071 -0.039100002497434616 0.12780000269412994
v 0.5475000143051147 -0.039100002497434616 0.12780000269412994
v 0.08449999988079071 -0.03674197196960449 0.14117319881916046
v 0.08449999988079071 -0.03674197196960449 0.14117319881916046
v 0.5475000143051147 -0.039100002497434616 0.12780000269412994
v 0.5475000143051147 -0.03674197196960449 0.14117319881916046
v 0.08449999988079071 -0.03674197196960449 0.14117319881916046
v 0.5475000143051147 -0.03674197196960449 0.14117319881916046
v 0.08449999988079071 -0.029952604323625565 0.1529332846403122
v 0.08449999988079071 -0.029952604323625565 0.1529332846403122
v 0.5475000143051147 -0.03674197196960449 0.14117319881916046
v 0.5475000143051147 -0.029952604323625565 0.1529332846403122
v 0.08449999988079071 -0.029952604323625565 0.1529332846403122
v 0.5475000143051147 -0.029952604323625565 0.1529332846403122
v 0.08449999988079071 -0.019550001248717308 0.16166161000728607
v 0.08449999988079071 -0.019550001248717308 0.16166161000728607
v 0.5475000143051147 -0.029952604323625565 0.1529332846403122
v 0.5475000143051147 -0.019550001248717308 0.16166161000728607
v 0.08449999988079071 -0.019550001248717308 0.16166161000728607
v 0.5475000143051147 -0.019550001248717308 0.16166161000728607
v 0.08449999988079071 -0.006789364852011204 0.1663064807653427
v 0.08449999988079071 -0.006789364852011204 0.1663064807653427
v 0.5475000143051147 -0.019550001248717308 0.16166161000728607
v 0.5475000143051147 -0.006789364852011204 0.1663064807653427
v 0.08449999988079071 -0.006789364852011204 0.1663064807653427
v 0.5475000143051147 -0.006789364852011204 0.1663064807653427
v 0.08449999988079071 0.006789364852011204 0.1663064807653427
v 0.08449999988079071 0.006789364852011204 0.1663064807653427
v 0.5475000143051147 -0.006789364852011204 0.1663064807653427
v 0.5475000143051147 0.006789364852011204 0.1663064807653427
v 0.08449999988079071 0.006789364852011204 0.1663064807653427
v 0.5475000143051147 0.006789364852011204 0.1663064807653427
v 0.08449999988079071 0.019550001248717308 0.16166161000728607
v 0.08449999988079071 0.019550001248717308 0.16166161000728607
v 0.5475000143051147 0.006789364852011204 0.1663064807653427
v 0.5475000143051147 0.019550001248717308 0.16166161000728607
v 0.08449999988079071 0.019550001248717308 0.16166161000728607
v 0.5475000143051147 0.019550001248717308 0.16166161000728607
v 0.08449999988079071 0.029952604323625565 0.1529332846403122
v 0.08449999988079071 0.029952604323625565 0.1529332846403122
v 0.5475000143051147 0.019550001248717308 0.16166161000728607
v 0.5475000143051147 0.029952604323625565 0.1529332846403122
v 0.08449999988079071 0.029952604323625565 0.1529332846403122
v 0.5475000143051147 0.029952604323625565 0.1529332846403122
v 0.08449999988079071 0.03674197196960449 0.14117319881916046
v 0.08449999988079071 0.03674197196960449 0.14117319881916046
v 0.5475000143051147 0.029952604323625565 0.1529332846403122
v 0.5475000143051147 0.03674197196960449 0.14117319881916046
v 0.08449999988079071 0.03674197196960449 0.14117319881916046
v 0.5475000143051147 0.03674197196960449 0.14117319881916046
v 0.08449999988079071 0.039100002497434616 0.12780000269412994
v 0.08449999988079071 0.039100002497434616 0.12780000269412994
v 0.5475000143051147 0.03674197196960449 0.14117319881916046
v 0.5475000143051147 0.039100002497434616 0.12780000269412994
v 0.5856478810310364 -0.040876999497413635 0.1700015813112259
v 0.6005258560180664 -0.04349999874830246 0.16601458191871643
v 0.6005258560180664 -0.043299999088048935 0.16601458191871643
v 0.6005258560180664 -0.043299999088048935 0.16601458191871643
v 0.6005258560180664 -0.04349999874830246 0.16601458191871643
v 0.6154038906097412 -0.040876999497413635 0.16202858090400696
v 0.6005258560180664 -0.043299999088048935 0.16601458191871643
v 0.6154038906097412 -0.040876999497413635 0.16202858090400696
v 0.6153348684310913 -0.040688998997211456 0.16204658150672913
v 0.6153348684310913 -0.040688998997211456 0.16204658150672913
v 0.6154038906097412 -0.040876999497413635 0.16202858090400696
v 0.6284868717193604 -0.033323001116514206 0.1585225909948349
v 0.6153348684310913 -0.040688998997211456 0.16204658150672913
v 0.6284868717193604 -0.033323001116514206 0.1585225909948349
v 0.6283588409423828 -0.03316999971866608 0.15855658054351807
v 0.6283588409423828 -0.03316999971866608 0.15855658054351807
v 0.6284868717193604 -0.033323001116514206 0.1585225909948349
v 0.6381978392601013 -0.02174999937415123 0.1559205800294876
v 0.6283588409423828 -0.03316999971866608 0.15855658054351807
v 0.6381978392601013 -0.02174999937415123 0.1559205800294876
v 0.6380248665809631 -0.021649999544024467 0.15596657991409302
v 0.6380248665809631 -0.021649999544024467 0.15596657991409302
v 0.6381978392601013 -0.02174999937415123 0.1559205800294876
v 0.6433648467063904 -0.007553999777883291 0.15453559160232544
v 0.6380248665809631 -0.021649999544024467 0.15596657991409302
v 0.6433648467063904 -0.007553999777883291 0.15453559160232544
v 0.6431678533554077 -0.007519000209867954 0.15458858013153076
v 0.6431678533554077 -0.007519000209867954 0.15458858013153076
v 0.6433648467063904 -0.007553999777883291 0.15453559160232544
v 0.6433648467063904 0.007553999777883291 0.15453559160232544
v 0.6431678533554077 -0.007519000209867954 0.15458858013153076
v 0.6433648467063904 0.007553999777883291 0.15453559160232544
v 0.6431678533554077 0.007519000209867954 0.15458858013153076
v 0.6431678533554077 0.007519000209867954 0.15458858013153076
v 0.6433648467063904 0.007553999777883291 0.15453559160232544
v 0.6380248665809631 0.021649999544024467 0.15596657991409302
v 0.6380248665809631 0.021649999544024467 0.15596657991409302
v 0.6433648467063904 0.007553999777883291 0.15453559160232544
v 0.6381978392601013 0.02174999937415123 0.1559205800294876
v 0.6380248665809631 0.021649999544024467 0.15596657991409302
v 0.6381978392601013 0.02174999937415123 0.1559205800294876
v 0.6283588409423828 0.03316999971866608 0.15855658054351807
v 0.6283588409423828 0.03316999971866608 0.15855658054351807
v 0.6381978392601013 0.02174999937415123 0.1559205800294876
v 0.6284868717193604 0.033323001116514206 0.1585225909948349
v 0.6283588409423828 0.03316999971866608 0.15855658054351807
v 0.6284868717193604 0.033323001116514206 0.1585225909948349
v 0.6153348684310913 0.040688998997211456 0.16204658150672913
v 0.6153348684310913 0.040688998997211456 0.16204658150672913
v 0.6284868717193604 0.033323001116514206 0.1585225909948349
v 0.6154038906097412 0.040876999497413635 0.16202858090400696
v 0.6153348684310913 0.040688998997211456 0.16204658150672913
v 0.6154038906097412 0.040876999497413635 0.16202858090400696
v 0.6005258560180664 0.043299999088048935 0.16601458191871643
v 0.6005258560180664 0.043299999088048935 0.16601458191871643
v 0.6154038906097412 0.040876999497413635 0.16202858090400696
v 0.6005258560180664 0.04349999874830246 0.16601458191871643
v 0.6005258560180664 0.043299999088048935 0.16601458191871643
v 0.6005258560180664 0.04349999874830246 0.16601458191871643
v 0.5856478810310364 0.040876999497413635 0.1700015813112259
v 0.6005258560180664 0.043299999088048935 0.16601458191871643
v 0.5856478810310364 0.040876999497413635 0.1700015813112259
v 0.5857158899307251 0.040688998997211456 0.16998258233070374
v 0.5857158899307251 0.040688998997211456 0.16998258233070374
v 0.5856478810310364 0.040876999497413635 0.1700015813112259
v 0.5725648403167725 0.033323001116514206 0.17350658774375916
v 0.5857158899307251 0.040688998997211456 0.16998258233070374
v 0.5725648403167725 0.033323001116514206 0.17350658774375916
v 0.57269287109375 0.03316999971866608 0.1734725832939148
v 0.57269287109375 0.03316999971866608 0.1734725832939148
v 0.5725648403167725 0.033323001116514206 0.17350658774375916
v 0.5628538727760315 0.02174999937415123 0.17610858380794525
v 0.57269287109375 0.03316999971866608 0.1734725832939148
v 0.5628538727760315 0.02174999937415123 0.17610858380794525
v 0.5630268454551697 0.021649999544024467 0.17606258392333984
v 0.5630268454551697 0.021649999544024467 0.17606258392333984
v 0.5628538727760315 0.02174999937415123 0.17610858380794525
v 0.5576868653297424 0.007553999777883291 0.17749358713626862
v 0.5630268454551697 0.021649999544024467 0.17606258392333984
v 0.5576868653297424 0.007553999777883291 0.17749358713626862
v 0.5578838586807251 0.007519000209867954 0.1774405837059021
v 0.5578838586807251 0.007519000209867954 0.1774405837059021
v 0.5576868653297424 0.007553999777883291 0.17749358713626862
v 0.5578838586807251 -0.007519000209867954 0.1774405837059021
v 0.5578838586807251 -0.007519000209867954 0.1774405837059021
v 0.5576868653297424 0.007553999777883291 0.17749358713626862
v 0.5576868653297424 -0.007553999777883291 0.17749358713626862
v 0.5578838586807251 -0.007519000209867954 0.1774405837059021
v 0.5576868653297424 -0.007553999777883291 0.17749358713626862
v 0.5630268454551697 -0.021649999544024467 0.17606258392333984
v 0.5630268454551697 -0.021649999544024467 0.17606258392333984
v 0.5576868653297424 -0.007553999777883291 0.17749358713626862
v 0.5628538727760315 -0.02174999937415123 0.17610858380794525
v 0.5630268454551697 -0.021649999544024467 0.17606258392333984
v 0.5628538727760315 -0.02174999937415123 0.17610858380794525
v 0.57269287109375 -0.03316999971866608 0.1734725832939148
v 0.57269287109375 -0.03316999971866608 0.1734725832939148
v 0.5628538727760315 -0.02174999937415123 0.17610858380794525
v 0.5725648403167725 -0.033323001116514206 0.17350658774375916
v 0.57269287109375 -0.03316999971866608 0.1734725832939148
v 0.5725648403167725 -0.033323001116514206 0.17350658774375916
v 0.5857158899307251 -0.040688998997211456 0.16998258233070374
v 0.5857158899307251 -0.040688998997211456 0.16998258233070374
v 0.5725648403167725 -0.033323001116514206 0.17350658774375916
v 0.5856478810310364 -0.040876999497413635 0.1700015813112259
v 0.5857158899307251 -0.040688998997211456 0.16998258233070374
v 0.5856478810310364 -0.040876999497413635 0.1700015813112259
v 0.6005258560180664 -0.043299999088048935 0.16601458191871643
v 0.5856220126152039 -0.040876999497413635 0.06839999556541443
v 0.5856900215148926 -0.040688998997211456 0.06839999556541443
v 0.6004999876022339 -0.04349999874830246 0.06839999556541443
v 0.6004999876022339 -0.04349999874830246 0.06839999556541443
v 0.5856900215148926 -0.040688998997211456 0.06839999556541443
v 0.6004999876022339 -0.043299999088048935 0.06839999556541443
v 0.6004999876022339 -0.04349999874830246 0.06839999556541443
v 0.6004999876022339 -0.043299999088048935 0.06839999556541443
v 0.6153090000152588 -0.040688998997211456 0.06839999556541443
v 0.5856900215148926 -0.040688998997211456 0.06839999556541443
v 0.5856220126152039 -0.040876999497413635 0.06839999556541443
v 0.5726670026779175 -0.03316999971866608 0.06839999556541443
v 0.5726670026779175 -0.03316999971866608 0.06839999556541443
v 0.5856220126152039 -0.040876999497413635 0.06839999556541443
v 0.5725389719009399 -0.033323001116514206 0.06839999556541443
v 0.5726670026779175 -0.03316999971866608 0.06839999556541443
v 0.5725389719009399 -0.033323001116514206 0.06839999556541443
v 0.5630009770393372 -0.021649999544024467 0.06839999556541443
v 0.5630009770393372 -0.021649999544024467 0.06839999556541443
v 0.5725389719009399 -0.033323001116514206 0.06839999556541443
v 0.562828004360199 -0.02174999937415123 0.06839999556541443
v 0.5630009770393372 -0.021649999544024467 0.06839999556541443
v 0.562828004360199 -0.02174999937415123 0.06839999556541443
v 0.5578579902648926 -0.007519000209867954 0.06839999556541443
v 0.5578579902648926 -0.007519000209867954 0.06839999556541443
v 0.562828004360199 -0.02174999937415123 0.06839999556541443
v 0.5576609969139099 -0.007553999777883291 0.06839999556541443
v 0.5578579902648926 -0.007519000209867954 0.06839999556541443
v 0.5576609969139099 -0.007553999777883291 0.06839999556541443
v 0.5576609969139099 0.007553999777883291 0.06839999556541443
v 0.5578579902648926 -0.007519000209867954 0.06839999556541443
v 0.5576609969139099 0.007553999777883291 0.06839999556541443
v 0.5578579902648926 0.007519000209867954 0.06839999556541443
v 0.5578579902648926 0.007519000209867954 0.06839999556541443
v 0.5576609969139099 0.007553999777883291 0.06839999556541443
v 0.562828004360199 0.02174999937415123 0.06839999556541443
v 0.5578579902648926 0.007519000209867954 0.06839999556541443
v 0.562828004360199 0.02174999937415123 0.06839999556541443
v 0.5630009770393372 0.021649999544024467 0.06839999556541443
v 0.5630009770393372 0.021649999544024467 0.06839999556541443
v 0.562828004360199 0.02174999937415123 0.06839999556541443
v 0.5725389719009399 0.033323001116514206 0.06839999556541443
v 0.5630009770393372 0.021649999544024467 0.06839999556541443
v 0.5725389719009399 0.033323001116514206 0.06839999556541443
v 0.5726670026779175 0.03316999971866608 0.06839999556541443
v 0.5726670026779175 0.03316999971866608 0.06839999556541443
v 0.5725389719009399 0.033323001116514206 0.06839999556541443
v 0.5856220126152039 0.040876999497413635 0.06839999556541443
v 0.5726670026779175 0.03316999971866608 0.06839999556541443
v 0.5856220126152039 0.040876999497413635 0.06839999556541443
v 0.5856900215148926 0.040688998997211456 0.06839999556541443
v 0.5856900215148926 0.040688998997211456 0.06839999556541443
v 0.5856220126152039 0.040876999497413635 0.06839999556541443
v 0.6004999876022339 0.04349999874830246 0.06839999556541443
v 0.5856900215148926 0.040688998997211456 0.06839999556541443
v 0.6004999876022339 0.04349999874830246 0.06839999556541443
v 0.6004999876022339 0.043299999088048935 0.06839999556541443
v 0.6004999876022339 0.043299999088048935 0.06839999556541443
v 0.6004999876022339 0.04349999874830246 0.06839999556541443
v 0.6153090000152588 0.040688998997211456 0.06839999556541443
v 0.6153090000152588 0.040688998997211456 0.06839999556541443
v 0.6004999876022339 0.04349999874830246 0.06839999556541443
v 0.6153780221939087 0.040876999497413635 0.06839999556541443
v 0.6153090000152588 0.040688998997211456 0.06839999556541443
v 0.6153780221939087 0.040876999497413635 0.06839999556541443
v 0.6283329725265503 0.03316999971866608 0.06839999556541443
v 0.6283329725265503 0.03316999971866608 0.06839999556541443
v 0.6153780221939087 0.040876999497413635 0.06839999556541443
v 0.6284610033035278 0.033323001116514206 0.06839999556541443
v 0.6283329725265503 0.03316999971866608 0.06839999556541443
v 0.6284610033035278 0.033323001116514206 0.06839999556541443
v 0.6379989981651306 0.021649999544024467 0.06839999556541443
v 0.6379989981651306 0.021649999544024467 0.06839999556541443
v 0.6284610033035278 0.033323001116514206 0.06839999556541443
v 0.6381719708442688 0.02174999937415123 0.06839999556541443
v 0.6379989981651306 0.021649999544024467 0.06839999556541443
v 0.6381719708442688 0.02174999937415123 0.06839999556541443
v 0.6431419849395752 0.007519000209867954 0.06839999556541443
v 0.6431419849395752 0.007519000209867954 0.06839999556541443
v 0.6381719708442688 0.02174999937415123 0.06839999556541443
v 0.6433389782905579 0.007553999777883291 0.06839999556541443
v 0.6431419849395752 0.007519000209867954 0.06839999556541443
v 0.6433389782905579 0.007553999777883291 0.06839999556541443
v 0.6433389782905579 -0.007553999777883291 0.06839999556541443
v 0.6431419849395752 0.007519000209867954 0.06839999556541443
v 0.6433389782905579 -0.007553999777883291 0.06839999556541443
v 0.6431419849395752 -0.007519000209867954 0.06839999556541443
v 0.6431419849395752 -0.007519000209867954 0.06839999556541443
v 0.6433389782905579 -0.007553999777883291 0.06839999556541443
v 0.6381719708442688 -0.02174999937415123 0.06839999556541443
v 0.6431419849395752 -0.007519000209867954 0.06839999556541443
v 0.6381719708442688 -0.02174999937415123 0.06839999556541443
v 0.6379989981651306 -0.021649999544024467 0.06839999556541443
v 0.6379989981651306 -0.021649999544024467 0.06839999556541443
v 0.6381719708442688 -0.02174999937415123 0.06839999556541443
v 0.6284610033035278 -0.033323001116514206 0.06839999556541443
v 0.6379989981651306 -0.021649999544024467 0.06839999556541443
v 0.6284610033035278 -0.033323001116514206 0.06839999556541443
v 0.6283329725265503 -0.03316999971866608 0.06839999556541443
v 0.6283329725265503 -0.03316999971866608 0.06839999556541443
v 0.6284610033035278 -0.033323001116514206 0.06839999556541443
v 0.6153780221939087 -0.040876999497413635 0.06839999556541443
v 0.6283329725265503 -0.03316999971866608 0.06839999556541443
v 0.6153780221939087 -0.040876999497413635 0.06839999556541443
v 0.6153090000152588 -0.040688998997211456 0.06839999556541443
v 0.6153090000152588 -0.040688998997211456 0.06839999556541443
v 0.6153780221939087 -0.040876999497413635 0.06839999556541443
v 0.6004999876022339 -0.04349999874830246 0.06839999556541443
v 0.6004999876022339 -0.04360000044107437 0.12780000269412994
v 0.591993510723114 -0.04276207834482193 0.11931400001049042
v 0.6004999876022339 -0.04360000044107437 0.06849999725818634
v 0.6004999876022339 -0.04360000044107437 0.06849999725818634
v 0.591993510723114 -0.04276207834482193 0.11931400001049042
v 0.5855877995491028 -0.04097096994519234 0.06849999725818634
v 0.5855877995491028 -0.04097096994519234 0.06849999725818634
v 0.591993510723114 -0.04276207834482193 0.11931400001049042
v 0.5838147401809692 -0.04028138890862465 0.1111529991030693
v 0.5855877995491028 -0.04097096994519234 0.06849999725818634
v 0.5838147401809692 -0.04028138890862465 0.1111529991030693
v 0.5762774348258972 -0.03625214844942093 0.10363300144672394
v 0.5855877995491028 -0.04097096994519234 0.06849999725818634
v 0.5762774348258972 -0.03625214844942093 0.10363300144672394
v 0.5724747180938721 -0.03339960426092148 0.06849999725818634
v 0.5724747180938721 -0.03339960426092148 0.06849999725818634
v 0.5762774348258972 -0.03625214844942093 0.10363300144672394
v 0.5696703195571899 -0.030829710885882378 0.09704100340604782
v 0.5724747180938721 -0.03339960426092148 0.06849999725818634
v 0.5696703195571899 -0.030829710885882378 0.09704100340604782
v 0.5642478466033936 -0.02422255650162697 0.09163100272417068
v 0.5724747180938721 -0.03339960426092148 0.06849999725818634
v 0.5642478466033936 -0.02422255650162697 0.09163100272417068
v 0.5627413988113403 -0.021800000220537186 0.06849999725818634
v 0.5627413988113403 -0.021800000220537186 0.06849999725818634
v 0.5642478466033936 -0.02422255650162697 0.09163100272417068
v 0.5602186322212219 -0.01668526791036129 0.08761099725961685
v 0.5627413988113403 -0.021800000220537186 0.06849999725818634
v 0.5602186322212219 -0.01668526791036129 0.08761099725961685
v 0.557562530040741 -0.007571364752948284 0.06849999725818634
v 0.557562530040741 -0.007571364752948284 0.06849999725818634
v 0.5602186322212219 -0.01668526791036129 0.08761099725961685
v 0.5577379465103149 -0.008505509234964848 0.08513600379228592
v 0.557562530040741 -0.007571364752948284 0.06849999725818634
v 0.5577379465103149 -0.008505509234964848 0.08513600379228592
v 0.5568999648094177 0 0.08430000394582748
v 0.557562530040741 -0.007571364752948284 0.06849999725818634
v 0.5568999648094177 0 0.08430000394582748
v 0.557562530040741 0.007571364752948284 0.06849999725818634
v 0.557562530040741 0.007571364752948284 0.06849999725818634
v 0.5568999648094177 0 0.08430000394582748
v 0.5577379465103149 0.008505509234964848 0.08513600379228592
v 0.557562530040741 0.007571364752948284 0.06849999725818634
v 0.5577379465103149 0.008505509234964848 0.08513600379228592
v 0.5602186322212219 0.01668526791036129 0.08761099725961685
v 0.557562530040741 0.007571364752948284 0.06849999725818634
v 0.5602186322212219 0.01668526791036129 0.08761099725961685
v 0.5627413988113403 0.021800000220537186 0.06849999725818634
v 0.5627413988113403 0.021800000220537186 0.06849999725818634
v 0.5602186322212219 0.01668526791036129 0.08761099725961685
v 0.5642478466033936 0.02422255650162697 0.09163100272417068
v 0.5627413988113403 0.021800000220537186 0.06849999725818634
v 0.5642478466033936 0.02422255650162697 0.09163100272417068
v 0.5696703195571899 0.030829710885882378 0.09704100340604782
v 0.5627413988113403 0.021800000220537186 0.06849999725818634
v 0.5696703195571899 0.030829710885882378 0.09704100340604782
v 0.5724747180938721 0.03339960426092148 0.06849999725818634
v 0.5724747180938721 0.03339960426092148 0.06849999725818634
v 0.5696703195571899 0.030829710885882378 0.09704100340604782
v 0.5762774348258972 0.03625214844942093 0.10363300144672394
v 0.5724747180938721 0.03339960426092148 0.06849999725818634
v 0.5762774348258972 0.03625214844942093 0.10363300144672394
v 0.5855877995491028 0.04097096994519234 0.06849999725818634
v 0.5855877995491028 0.04097096994519234 0.06849999725818634
v 0.5762774348258972 0.03625214844942093 0.10363300144672394
v 0.5838147401809692 0.04028138890862465 0.1111529991030693
v 0.5855877995491028 0.04097096994519234 0.06849999725818634
v 0.5838147401809692 0.04028138890862465 0.1111529991030693
v 0.591993510723114 0.04276207834482193 0.11931400001049042
v 0.6004999876022339 0.04360000044107437 0.12780000269412994
v 0.6004999876022339 0.04360000044107437 0.06849999725818634
v 0.591993510723114 0.04276207834482193 0.11931400001049042
v 0.591993510723114 0.04276207834482193 0.11931400001049042
v 0.6004999876022339 0.04360000044107437 0.06849999725818634
v 0.5855877995491028 0.04097096994519234 0.06849999725818634
v 0.6004999876022339 -0.04360000044107437 0.12780000269412994
v 0.5920130014419556 -0.04276207834482193 0.13630551099777222
v 0.5475000143051147 -0.04360000044107437 0.12780000269412994
v 0.5475000143051147 -0.04360000044107437 0.12780000269412994
v 0.5920130014419556 -0.04276207834482193 0.13630551099777222
v 0.5475000143051147 -0.04097096994519234 0.14271219074726105
v 0.5475000143051147 -0.04097096994519234 0.14271219074726105
v 0.5920130014419556 -0.04276207834482193 0.13630551099777222
v 0.583853006362915 -0.04028138890862465 0.1444852650165558
v 0.5475000143051147 -0.04097096994519234 0.14271219074726105
v 0.583853006362915 -0.04028138890862465 0.1444852650165558
v 0.5763329863548279 -0.03625214844942093 0.1520225554704666
v 0.5475000143051147 -0.04097096994519234 0.14271219074726105
v 0.5763329863548279 -0.03625214844942093 0.1520225554704666
v 0.5475000143051147 -0.03339960426092148 0.15582528710365295
v 0.5475000143051147 -0.03339960426092148 0.15582528710365295
v 0.5763329863548279 -0.03625214844942093 0.1520225554704666
v 0.5697410106658936 -0.030829710885882378 0.15862970054149628
v 0.5475000143051147 -0.03339960426092148 0.15582528710365295
v 0.5697410106658936 -0.030829710885882378 0.15862970054149628
v 0.5643309950828552 -0.02422255650162697 0.16405214369297028
v 0.5475000143051147 -0.03339960426092148 0.15582528710365295
v 0.5643309950828552 -0.02422255650162697 0.16405214369297028
v 0.5475000143051147 -0.021800000220537186 0.1655586063861847
v 0.5475000143051147 -0.021800000220537186 0.1655586063861847
v 0.5643309950828552 -0.02422255650162697 0.16405214369297028
v 0.5603110194206238 -0.01668526791036129 0.1680813878774643
v 0.5475000143051147 -0.021800000220537186 0.1655586063861847
v 0.5603110194206238 -0.01668526791036129 0.1680813878774643
v 0.5475000143051147 -0.007571364752948284 0.17073747515678406
v 0.5475000143051147 -0.007571364752948284 0.17073747515678406
v 0.5603110194206238 -0.01668526791036129 0.1680813878774643
v 0.5578359961509705 -0.008505509234964848 0.17056207358837128
v 0.5475000143051147 -0.007571364752948284 0.17073747515678406
v 0.5578359961509705 -0.008505509234964848 0.17056207358837128
v 0.5569999814033508 0 0.17139999568462372
v 0.5475000143051147 -0.007571364752948284 0.17073747515678406
v 0.5569999814033508 0 0.17139999568462372
v 0.5475000143051147 0.007571364752948284 0.17073747515678406
v 0.5475000143051147 0.007571364752948284 0.17073747515678406
v 0.5569999814033508 0 0.17139999568462372
v 0.5578359961509705 0.008505509234964848 0.17056207358837128
v 0.5475000143051147 0.007571364752948284 0.17073747515678406
v 0.5578359961509705 0.008505509234964848 0.17056207358837128
v 0.5603110194206238 0.01668526791036129 0.1680813878774643
v 0.5475000143051147 0.007571364752948284 0.17073747515678406
v 0.5603110194206238 0.01668526791036129 0.1680813878774643
v 0.5475000143051147 0.021800000220537186 0.1655586063861847
v 0.5475000143051147 0.021800000220537186 0.1655586063861847
v 0.5603110194206238 0.01668526791036129 0.1680813878774643
v 0.5643309950828552 0.02422255650162697 0.16405214369297028
v 0.5475000143051147 0.021800000220537186 0.1655586063861847
v 0.5643309950828552 0.02422255650162697 0.16405214369297028
v 0.5697410106658936 0.030829710885882378 0.15862970054149628
v 0.5475000143051147 0.021800000220537186 0.1655586063861847
v 0.5697410106658936 0.030829710885882378 0.15862970054149628
v 0.5475000143051147 0.03339960426092148 0.15582528710365295
v 0.5475000143051147 0.03339960426092148 0.15582528710365295
v 0.5697410106658936 0.030829710885882378 0.15862970054149628
v 0.5763329863548279 0.03625214844942093 0.1520225554704666
v 0.5475000143051147 0.03339960426092148 0.15582528710365295
v 0.5763329863548279 0.03625214844942093 0.1520225554704666
v 0.5475000143051147 0.04097096994519234 0.14271219074726105
v 0.5475000143051147 0.04097096994519234 0.14271219074726105
v 0.5763329863548279 0.03625214844942093 0.1520225554704666
v 0.583853006362915 0.04028138890862465 0.1444852650165558
v 0.5475000143051147 0.04097096994519234 0.14271219074726105
v 0.583853006362915 0.04028138890862465 0.1444852650165558
v 0.5920130014419556 0.04276207834482193 0.13630551099777222
v 0.6004999876022339 0.04360000044107437 0.12780000269412994
v 0.5475000143051147 0.04360000044107437 0.12780000269412994
v 0.5920130014419556 0.04276207834482193 0.13630551099777222
v 0.5920130014419556 0.04276207834482193 0.13630551099777222
v 0.5475000143051147 0.04360000044107437 0.12780000269412994
v 0.5475000143051147 0.04097096994519234 0.14271219074726105
vt -12.303657531738281 0
vt -13.152300834655762 0.8541200160980225
vt -17.60365867614746 0
vt -17.60365867614746 0
vt -13.152300834655762 0.8541200160980225
vt -17.60365867614746 1.5184359550476074
vt -17.60365867614746 1.5184359550476074
vt -13.152300834655762 0.8541200160980225
vt -13.968331336975098 1.7082409858703613
vt -17.60365867614746 1.5184359550476074
vt -13.968331336975098 1.7082409858703613
vt -14.720388412475586 2.562361001968384
vt -17.60365867614746 1.5184359550476074
vt -14.720388412475586 2.562361001968384
vt -17.60365867614746 3.0368731021881104
vt -17.60365867614746 3.0368731021881104
vt -14.720388412475586 2.562361001968384
vt -15.379572868347168 3.4164819717407227
vt -17.60365867614746 3.0368731021881104
vt -15.379572868347168 3.4164819717407227
vt -15.920550346374512 4.270603179931641
vt -17.60365867614746 3.0368731021881104
vt -15.920550346374512 4.270603179931641
vt -17.60365867614746 4.555308818817139
vt -17.60365867614746 4.555308818817139
vt -15.920550346374512 4.270603179931641
vt -16.322534561157227 5.124722957611084
vt -17.60365867614746 4.555308818817139
vt -16.322534561157227 5.124722957611084
vt -17.60365867614746 6.073746204376221
vt -17.60365867614746 6.073746204376221
vt -16.322534561157227 5.124722957611084
vt -16.5700740814209 5.978844165802002
vt -17.60365867614746 6.073746204376221
vt -16.5700740814209 5.978844165802002
vt -16.653657913208008 6.832963943481445
vt -17.60365867614746 6.073746204376221
vt -16.653657913208008 6.832963943481445
vt -17.60365867614746 7.592182159423828
vt -17.60365867614746 7.592182159423828
vt -16.653657913208008 6.832963943481445
vt -16.5700740814209 7.687085151672363
vt -17.60365867614746 7.592182159423828
vt -16.5700740814209 7.687085151672363
vt -16.322534561157227 8.541205406188965
vt -17.60365867614746 7.592182159423828
vt -16.322534561157227 8.541205406188965
vt -17.60365867614746 9.110618591308594
vt -17.60365867614746 9.110618591308594
vt -16.322534561157227 8.541205406188965
vt -15.920550346374512 9.395325660705566
vt -17.60365867614746 9.110618591308594
vt -15.920550346374512 9.395325660705566
vt -15.379572868347168 10.249445915222168
vt -17.60365867614746 9.110618591308594
vt -15.379572868347168 10.249445915222168
vt -17.60365867614746 10.62905502319336
vt -17.60365867614746 10.62905502319336
vt -15.379572868347168 10.249445915222168
vt -14.720388412475586 11.10356616973877
vt -17.60365867614746 10.62905502319336
vt -14.720388412475586 11.10356616973877
vt -17.60365867614746 12.147491455078125
vt -17.60365867614746 12.147491455078125
vt -14.720388412475586 11.10356616973877
vt -13.968331336975098 11.957687377929688
vt -17.60365867614746 12.147491455078125
vt -13.968331336975098 11.957687377929688
vt -13.152300834655762 12.811807632446289
vt -12.303657531738281 13.66592788696289
vt -17.60365867614746 13.66592788696289
vt -13.152300834655762 12.811807632446289
vt -13.152300834655762 12.811807632446289
vt -17.60365867614746 13.66592788696289
vt -17.60365867614746 12.147491455078125
vt -2.588191032409668 0
vt -2.986841917037964 1.5184359550476074
vt -6.400000095367432 0
vt -6.400000095367432 0
vt -2.986841917037964 1.5184359550476074
vt -12.329999923706055 1.5184359550476074
vt -6.400000095367432 0
vt -12.329999923706055 1.5184359550476074
vt -12.329999923706055 0
vt -2.986841917037964 1.5184359550476074
vt -3.3374099731445312 3.0368731021881104
vt -12.329999923706055 1.5184359550476074
vt -12.329999923706055 1.5184359550476074
vt -3.3374099731445312 3.0368731021881104
vt -12.329999923706055 3.0368731021881104
vt -12.329999923706055 3.0368731021881104
vt -3.3374099731445312 3.0368731021881104
vt -3.5976109504699707 4.555308818817139
vt -12.329999923706055 3.0368731021881104
vt -3.5976109504699707 4.555308818817139
vt -12.329999923706055 4.555308818817139
vt -12.329999923706055 4.555308818817139
vt -3.5976109504699707 4.555308818817139
vt -3.7360620498657227 6.073746204376221
vt -12.329999923706055 4.555308818817139
vt -3.7360620498657227 6.073746204376221
vt -12.329999923706055 6.073746204376221
vt -12.329999923706055 6.073746204376221
vt -3.7360620498657227 6.073746204376221
vt -12.329999923706055 7.592182159423828
vt -12.329999923706055 7.592182159423828
vt -3.7360620498657227 6.073746204376221
vt -3.7360620498657227 7.592182159423828
vt -12.329999923706055 7.592182159423828
vt -3.7360620498657227 7.592182159423828
vt -12.329999923706055 9.110618591308594
vt -12.329999923706055 9.110618591308594
vt -3.7360620498657227 7.592182159423828
vt -3.5976109504699707 9.110618591308594
vt -12.329999923706055 9.110618591308594
vt -3.5976109504699707 9.110618591308594
vt -12.329999923706055 10.62905502319336
vt -12.329999923706055 10.62905502319336
vt -3.5976109504699707 9.110618591308594
vt -3.3374099731445312 10.62905502319336
vt -12.329999923706055 10.62905502319336
vt -3.3374099731445312 10.62905502319336
vt -12.329999923706055 12.147491455078125
vt -12.329999923706055 12.147491455078125
vt -3.3374099731445312 10.62905502319336
vt -2.986841917037964 12.147491455078125
vt -12.329999923706055 12.147491455078125
vt -2.986841917037964 12.147491455078125
vt -6.400000095367432 13.66592788696289
vt -6.400000095367432 13.66592788696289
vt -2.986841917037964 12.147491455078125
vt -2.588191032409668 13.66592788696289
vt -6.400000095367432 13.66592788696289
vt -12.329999923706055 13.66592788696289
vt -12.329999923706055 12.147491455078125
vt -6.400000095367432 -13.66592788696289
vt -2.588191032409668 -13.66592788696289
vt -5.551356792449951 -12.811807632446289
vt -5.551356792449951 -12.811807632446289
vt -2.588191032409668 -13.66592788696289
vt -2.1895389556884766 -12.147491455078125
vt -5.551356792449951 -12.811807632446289
vt -2.1895389556884766 -12.147491455078125
vt -4.735326766967773 -11.957687377929688
vt -4.735326766967773 -11.957687377929688
vt -2.1895389556884766 -12.147491455078125
vt -3.983268976211548 -11.10356616973877
vt -3.983268976211548 -11.10356616973877
vt -2.1895389556884766 -12.147491455078125
vt -1.8389710187911987 -10.62905502319336
vt -3.983268976211548 -11.10356616973877
vt -1.8389710187911987 -10.62905502319336
vt -3.324084997177124 -10.249445915222168
vt -3.324084997177124 -10.249445915222168
vt -1.8389710187911987 -10.62905502319336
vt -2.783107042312622 -9.395325660705566
vt -2.783107042312622 -9.395325660705566
vt -1.8389710187911987 -10.62905502319336
vt -1.5787689685821533 -9.110618591308594
vt -2.783107042312622 -9.395325660705566
vt -1.5787689685821533 -9.110618591308594
vt -2.3811240196228027 -8.541205406188965
vt -2.3811240196228027 -8.541205406188965
vt -1.5787689685821533 -9.110618591308594
vt -1.4403189420700073 -7.592182159423828
vt -2.3811240196228027 -8.541205406188965
vt -1.4403189420700073 -7.592182159423828
vt -2.1335840225219727 -7.687085151672363
vt -2.1335840225219727 -7.687085151672363
vt -1.4403189420700073 -7.592182159423828
vt -2.049999952316284 -6.832963943481445
vt -2.049999952316284 -6.832963943481445
vt -1.4403189420700073 -7.592182159423828
vt -1.4403189420700073 -6.073746204376221
vt -2.049999952316284 -6.832963943481445
vt -1.4403189420700073 -6.073746204376221
vt -2.1335840225219727 -5.978844165802002
vt -2.1335840225219727 -5.978844165802002
vt -1.4403189420700073 -6.073746204376221
vt -2.3811240196228027 -5.124722957611084
vt -2.3811240196228027 -5.124722957611084
vt -1.4403189420700073 -6.073746204376221
vt -1.5787689685821533 -4.555308818817139
vt -2.3811240196228027 -5.124722957611084
vt -1.5787689685821533 -4.555308818817139
vt -2.783107042312622 -4.270603179931641
vt -2.783107042312622 -4.270603179931641
vt -1.5787689685821533 -4.555308818817139
vt -3.324084997177124 -3.4164819717407227
vt -3.324084997177124 -3.4164819717407227
vt -1.5787689685821533 -4.555308818817139
vt -1.8389710187911987 -3.0368731021881104
vt -3.324084997177124 -3.4164819717407227
vt -1.8389710187911987 -3.0368731021881104
vt -3.983268976211548 -2.562361001968384
vt -3.983268976211548 -2.562361001968384
vt -1.8389710187911987 -3.0368731021881104
vt -2.1895389556884766 -1.5184359550476074
vt -3.983268976211548 -2.562361001968384
vt -2.1895389556884766 -1.5184359550476074
vt -4.735326766967773 -1.7082409858703613
vt -4.735326766967773 -1.7082409858703613
vt -2.1895389556884766 -1.5184359550476074
vt -5.551356792449951 -0.8541200160980225
vt -5.551356792449951 -0.8541200160980225
vt -2.1895389556884766 -1.5184359550476074
vt -2.588191032409668 0
vt -5.551356792449951 -0.8541200160980225
vt -2.588191032409668 0
vt -6.400000095367432 0
vt -46.29999923706055 0
vt 0 0
vt -46.29999923706055 1.3613569736480713
vt -46.29999923706055 1.3613569736480713
vt 0 0
vt 0 1.3613569736480713
vt -46.29999923706055 1.3613569736480713
vt 0 1.3613569736480713
vt -46.29999923706055 2.7227139472961426
vt -46.29999923706055 2.7227139472961426
vt 0 1.3613569736480713
vt 0 2.7227139472961426
vt -46.29999923706055 2.7227139472961426
vt 0 2.7227139472961426
vt -46.29999923706055 4.084071159362793
vt -46.29999923706055 4.084071159362793
vt 0 2.7227139472961426
vt 0 4.084071159362793
vt -46.29999923706055 4.084071159362793
vt 0 4.084071159362793
vt -46.29999923706055 5.445426940917969
vt -46.29999923706055 5.445426940917969
vt 0 4.084071159362793
vt 0 5.445426940917969
vt -46.29999923706055 5.445426940917969
vt 0 5.445426940917969
vt -46.29999923706055 6.806784152984619
vt -46.29999923706055 6.806784152984619
vt 0 5.445426940917969
vt 0 6.806784152984619
vt -46.29999923706055 6.806784152984619
vt 0 6.806784152984619
vt -46.29999923706055 8.16814136505127
vt -46.29999923706055 8.16814136505127
vt 0 6.806784152984619
vt 0 8.16814136505127
vt -46.29999923706055 8.16814136505127
vt 0 8.16814136505127
vt -46.29999923706055 9.529498100280762
vt -46.29999923706055 9.529498100280762
vt 0 8.16814136505127
vt 0 9.529498100280762
vt -46.29999923706055 9.529498100280762
vt 0 9.529498100280762
vt -46.29999923706055 10.890854835510254
vt -46.29999923706055 10.890854835510254
vt 0 9.529498100280762
vt 0 10.890854835510254
vt -46.29999923706055 10.890854835510254
vt 0 10.890854835510254
vt -46.29999923706055 12.252211570739746
vt -46.29999923706055 12.252211570739746
vt 0 10.890854835510254
vt 0 12.252211570739746
vt 0.9333109855651855 0
vt 0.9335989952087402 0.026732999831438065
vt 0 0
vt 0 0
vt 0.9335989952087402 0.026732999831438065
vt 0.9335989952087402 0.818693995475769
vt 0 0
vt 0.9335989952087402 0.818693995475769
vt 0.9335989952087402 1.6106539964675903
vt 0.9335989952087402 1.6106539964675903
vt 0.9335989952087402 0.818693995475769
vt 1.8671989440917969 0.818693995475769
vt 0.9335989952087402 1.6106539964675903
vt 1.8671989440917969 0.818693995475769
vt 1.8671989440917969 1.6106539964675903
vt 1.8671989440917969 1.6106539964675903
vt 1.8671989440917969 0.818693995475769
vt 2.713273048400879 0.818693995475769
vt 1.8671989440917969 1.6106539964675903
vt 2.713273048400879 0.818693995475769
vt 2.713273048400879 1.6106539964675903
vt 2.713273048400879 1.6106539964675903
vt 2.713273048400879 0.818693995475769
vt 3.5593481063842773 0.818693995475769
vt 2.713273048400879 1.6106539964675903
vt 3.5593481063842773 0.818693995475769
vt 3.5593481063842773 1.6106539964675903
vt 3.5593481063842773 1.6106539964675903
vt 3.5593481063842773 0.818693995475769
vt 4.405422210693359 0.818693995475769
vt 3.5593481063842773 1.6106539964675903
vt 4.405422210693359 0.818693995475769
vt 4.405422210693359 1.6106539964675903
vt 4.405422210693359 1.6106539964675903
vt 4.405422210693359 0.818693995475769
vt 5.251495838165283 0.818693995475769
vt 4.405422210693359 1.6106539964675903
vt 5.251495838165283 0.818693995475769
vt 5.251495838165283 1.6106539964675903
vt 5.251495838165283 1.6106539964675903
vt 5.251495838165283 0.818693995475769
vt 6.097570896148682 0.818693995475769
vt 5.251495838165283 1.6106539964675903
vt 6.097570896148682 0.818693995475769
vt 6.097570896148682 1.6106539964675903
vt 6.097570896148682 1.6106539964675903
vt 6.097570896148682 0.818693995475769
vt 6.943645000457764 0.818693995475769
vt 6.097570896148682 1.6106539964675903
vt 6.943645000457764 0.818693995475769
vt 6.943645000457764 1.6106539964675903
vt 6.943645000457764 1.6106539964675903
vt 6.943645000457764 0.818693995475769
vt 7.789720058441162 0.818693995475769
vt 6.943645000457764 1.6106539964675903
vt 7.789720058441162 0.818693995475769
vt 7.789720058441162 1.6106539964675903
vt 7.789720058441162 1.6106539964675903
vt 7.789720058441162 0.818693995475769
vt 8.635793685913086 0.818693995475769
vt 7.789720058441162 1.6106539964675903
vt 8.635793685913086 0.818693995475769
vt 8.635793685913086 1.6106539964675903
vt 8.635793685913086 1.6106539964675903
vt 8.635793685913086 0.818693995475769
vt 9.423518180847168 0.818693995475769
vt 8.635793685913086 1.6106539964675903
vt 9.423518180847168 0.818693995475769
vt 9.423518180847168 1.6106539964675903
vt 9.423518180847168 1.6106539964675903
vt 9.423518180847168 0.818693995475769
vt 10.21124267578125 0.818693995475769
vt 9.423518180847168 1.6106539964675903
vt 10.21124267578125 0.818693995475769
vt 10.21124267578125 1.6106539964675903
vt 10.21124267578125 1.6106539964675903
vt 10.21124267578125 0.818693995475769
vt 10.998967170715332 0.818693995475769
vt 10.21124267578125 1.6106539964675903
vt 10.998967170715332 0.818693995475769
vt 10.998967170715332 1.6106539964675903
vt 10.998967170715332 1.6106539964675903
vt 10.998967170715332 0.818693995475769
vt 11.786691665649414 0.818693995475769
vt 10.998967170715332 1.6106539964675903
vt 11.786691665649414 0.818693995475769
vt 11.786691665649414 1.6106539964675903
vt 11.786691665649414 1.6106539964675903
vt 11.786691665649414 0.818693995475769
vt 12.574416160583496 0.818693995475769
vt 11.786691665649414 1.6106539964675903
vt 12.574416160583496 0.818693995475769
vt 12.574416160583496 1.6106539964675903
vt 12.574416160583496 1.6106539964675903
vt 12.574416160583496 0.818693995475769
vt 13.362140655517578 0.818693995475769
vt 12.574416160583496 1.6106539964675903
vt 13.362140655517578 0.818693995475769
vt 13.362140655517578 1.6106539964675903
vt 13.362140655517578 1.6106539964675903
vt 13.362140655517578 0.818693995475769
vt 14.14986515045166 0.818693995475769
vt 13.362140655517578 1.6106539964675903
vt 14.14986515045166 0.818693995475769
vt 14.14986515045166 1.6106539964675903
vt 14.14986515045166 1.6106539964675903
vt 14.14986515045166 0.818693995475769
vt 14.937589645385742 1.2340569496154785
vt 14.14986515045166 1.6106539964675903
vt 14.937589645385742 1.2340569496154785
vt 14.937589645385742 2.4413809776306152
vt 0.9333109855651855 0
vt 1.8674689531326294 0
vt 0.9335989952087402 0.026732999831438065
vt 0.9335989952087402 0.026732999831438065
vt 1.8674689531326294 0
vt 1.8671989440917969 0.026732999831438065
vt 0.9335989952087402 0.026732999831438065
vt 1.8671989440917969 0.026732999831438065
vt 0.9335989952087402 0.818693995475769
vt 0.9335989952087402 0.818693995475769
vt 1.8671989440917969 0.026732999831438065
vt 1.8671989440917969 0.818693995475769
vt 1.8671989440917969 0.026732999831438065
vt 1.8674689531326294 0
vt 2.713273048400879 0.026732999831438065
vt 2.713273048400879 0.026732999831438065
vt 1.8674689531326294 0
vt 2.800899028778076 0
vt 2.713273048400879 0.026732999831438065
vt 2.800899028778076 0
vt 2.713273048400879 0.818693995475769
vt 2.713273048400879 0.818693995475769
vt 2.800899028778076 0
vt 3.5593481063842773 0.818693995475769
vt 3.5593481063842773 0.818693995475769
vt 2.800899028778076 0
vt 3.5593481063842773 0.026732999831438065
vt 3.5593481063842773 0.026732999831438065
vt 2.800899028778076 0
vt 3.734127998352051 0
vt 3.5593481063842773 0.026732999831438065
vt 3.734127998352051 0
vt 3.5593481063842773 0.818693995475769
vt 3.5593481063842773 0.818693995475769
vt 3.734127998352051 0
vt 4.405422210693359 0.818693995475769
vt 4.405422210693359 0.818693995475769
vt 3.734127998352051 0
vt 4.405422210693359 0.026732999831438065
vt 4.405422210693359 0.026732999831438065
vt 3.734127998352051 0
vt 4.667853832244873 0
vt 4.405422210693359 0.026732999831438065
vt 4.667853832244873 0
vt 4.405422210693359 0.818693995475769
vt 4.405422210693359 0.818693995475769
vt 4.667853832244873 0
vt 5.251495838165283 0.818693995475769
vt 5.251495838165283 0.818693995475769
vt 4.667853832244873 0
vt 5.251495838165283 0.026732999831438065
vt 5.251495838165283 0.026732999831438065
vt 4.667853832244873 0
vt 5.601416110992432 0
vt 5.251495838165283 0.026732999831438065
vt 5.601416110992432 0
vt 5.251495838165283 0.818693995475769
vt 5.251495838165283 0.818693995475769
vt 5.601416110992432 0
vt 6.097570896148682 0.818693995475769
vt 6.097570896148682 0.818693995475769
vt 5.601416110992432 0
vt 6.097570896148682 0.026732999831438065
vt 6.097570896148682 0.026732999831438065
vt 5.601416110992432 0
vt 6.535181999206543 0
vt 6.097570896148682 0.026732999831438065
vt 6.535181999206543 0
vt 6.097570896148682 0.818693995475769
vt 6.097570896148682 0.818693995475769
vt 6.535181999206543 0
vt 6.943645000457764 0.818693995475769
vt 6.943645000457764 0.818693995475769
vt 6.535181999206543 0
vt 6.943645000457764 0.026732999831438065
vt 6.943645000457764 0.026732999831438065
vt 6.535181999206543 0
vt 7.468794822692871 0
vt 6.943645000457764 0.026732999831438065
vt 7.468794822692871 0
vt 6.943645000457764 0.818693995475769
vt 6.943645000457764 0.818693995475769
vt 7.468794822692871 0
vt 7.789720058441162 0.818693995475769
vt 7.789720058441162 0.818693995475769
vt 7.468794822692871 0
vt 7.789720058441162 0.026732999831438065
vt 7.789720058441162 0.026732999831438065
vt 7.468794822692871 0
vt 8.4024076461792 0
vt 7.789720058441162 0.026732999831438065
vt 8.4024076461792 0
vt 7.789720058441162 0.818693995475769
vt 7.789720058441162 0.818693995475769
vt 8.4024076461792 0
vt 8.635793685913086 0.818693995475769
vt 8.635793685913086 0.818693995475769
vt 8.4024076461792 0
vt 8.635793685913086 0.026732999831438065
vt 8.635793685913086 0.026732999831438065
vt 8.4024076461792 0
vt 9.336174011230469 0
vt 8.635793685913086 0.026732999831438065
vt 9.336174011230469 0
vt 8.635793685913086 0.818693995475769
vt 8.635793685913086 0.818693995475769
vt 9.336174011230469 0
vt 9.423518180847168 0.818693995475769
vt 9.423518180847168 0.818693995475769
vt 9.336174011230469 0
vt 9.423518180847168 0.026732999831438065
vt 9.423518180847168 0.026732999831438065
vt 9.336174011230469 0
vt 10.269736289978027 0
vt 9.423518180847168 0.026732999831438065
vt 10.269736289978027 0
vt 10.21124267578125 0.026732999831438065
vt 10.21124267578125 0.026732999831438065
vt 10.269736289978027 0
vt 10.21124267578125 0.818693995475769
vt 10.21124267578125 0.026732999831438065
vt 10.21124267578125 0.818693995475769
vt 9.423518180847168 0.818693995475769
vt 10.21124267578125 0.818693995475769
vt 10.269736289978027 0
vt 10.998967170715332 0.026732999831438065
vt 10.998967170715332 0.026732999831438065
vt 10.269736289978027 0
vt 11.203461647033691 0
vt 10.998967170715332 0.026732999831438065
vt 11.203461647033691 0
vt 10.998967170715332 0.818693995475769
vt 10.998967170715332 0.818693995475769
vt 11.203461647033691 0
vt 11.786691665649414 0.026732999831438065
vt 10.998967170715332 0.818693995475769
vt 11.786691665649414 0.026732999831438065
vt 11.786691665649414 0.818693995475769
vt 11.786691665649414 0.818693995475769
vt 11.786691665649414 0.026732999831438065
vt 12.574416160583496 0.026732999831438065
vt 11.786691665649414 0.818693995475769
vt 12.574416160583496 0.026732999831438065
vt 12.574416160583496 0.818693995475769
vt 12.574416160583496 0.818693995475769
vt 12.574416160583496 0.026732999831438065
vt 13.362140655517578 0.026732999831438065
vt 12.574416160583496 0.818693995475769
vt 13.362140655517578 0.026732999831438065
vt 13.362140655517578 0.818693995475769
vt 13.362140655517578 0.818693995475769
vt 13.362140655517578 0.026732999831438065
vt 14.14986515045166 0.026732999831438065
vt 13.362140655517578 0.818693995475769
vt 14.14986515045166 0.026732999831438065
vt 14.14986515045166 0.818693995475769
vt 14.14986515045166 0.818693995475769
vt 14.14986515045166 0.026732999831438065
vt 14.937589645385742 0.026732999831438065
vt 14.14986515045166 0.818693995475769
vt 14.937589645385742 0.026732999831438065
vt 14.937589645385742 1.2340569496154785
vt 11.203461647033691 0
vt 12.136691093444824 0
vt 11.786691665649414 0.026732999831438065
vt 11.786691665649414 0.026732999831438065
vt 12.136691093444824 0
vt 12.574416160583496 0.026732999831438065
vt 12.136691093444824 0
vt 13.070120811462402 0
vt 12.574416160583496 0.026732999831438065
vt 12.574416160583496 0.026732999831438065
vt 13.070120811462402 0
vt 13.362140655517578 0.026732999831438065
vt 13.070120811462402 0
vt 14.004278182983398 0
vt 13.362140655517578 0.026732999831438065
vt 13.362140655517578 0.026732999831438065
vt 14.004278182983398 0
vt 14.14986515045166 0.026732999831438065
vt 14.004278182983398 0
vt 14.937589645385742 0
vt 14.14986515045166 0.026732999831438065
vt 14.14986515045166 0.026732999831438065
vt 14.937589645385742 0
vt 14.937589645385742 0.0133670000359416
vt 14.14986515045166 0.026732999831438065
vt 14.937589645385742 0.0133670000359416
vt 14.937589645385742 0.026732999831438065
vt 14.937589645385742 3.648705005645752
vt 14.14986515045166 3.1945741176605225
vt 14.937589645385742 2.4413809776306152
vt 14.937589645385742 2.4413809776306152
vt 14.14986515045166 3.1945741176605225
vt 14.14986515045166 2.402614116668701
vt 14.937589645385742 2.4413809776306152
vt 14.14986515045166 2.402614116668701
vt 14.14986515045166 1.6106539964675903
vt 14.14986515045166 1.6106539964675903
vt 14.14986515045166 2.402614116668701
vt 13.362140655517578 2.402614116668701
vt 14.14986515045166 1.6106539964675903
vt 13.362140655517578 2.402614116668701
vt 13.362140655517578 1.6106539964675903
vt 13.362140655517578 1.6106539964675903
vt 13.362140655517578 2.402614116668701
vt 12.574416160583496 2.402614116668701
vt 13.362140655517578 1.6106539964675903
vt 12.574416160583496 2.402614116668701
vt 12.574416160583496 1.6106539964675903
vt 12.574416160583496 1.6106539964675903
vt 12.574416160583496 2.402614116668701
vt 11.786691665649414 2.402614116668701
vt 12.574416160583496 1.6106539964675903
vt 11.786691665649414 2.402614116668701
vt 11.786691665649414 1.6106539964675903
vt 11.786691665649414 1.6106539964675903
vt 11.786691665649414 2.402614116668701
vt 10.998967170715332 2.402614116668701
vt 11.786691665649414 1.6106539964675903
vt 10.998967170715332 2.402614116668701
vt 10.998967170715332 1.6106539964675903
vt 10.998967170715332 1.6106539964675903
vt 10.998967170715332 2.402614116668701
vt 10.21124267578125 2.402614116668701
vt 10.998967170715332 1.6106539964675903
vt 10.21124267578125 2.402614116668701
vt 10.21124267578125 1.6106539964675903
vt 10.21124267578125 1.6106539964675903
vt 10.21124267578125 2.402614116668701
vt 9.423518180847168 2.402614116668701
vt 10.21124267578125 1.6106539964675903
vt 9.423518180847168 2.402614116668701
vt 9.423518180847168 1.6106539964675903
vt 9.423518180847168 1.6106539964675903
vt 9.423518180847168 2.402614116668701
vt 8.635793685913086 2.402614116668701
vt 9.423518180847168 1.6106539964675903
vt 8.635793685913086 2.402614116668701
vt 8.635793685913086 1.6106539964675903
vt 8.635793685913086 1.6106539964675903
vt 8.635793685913086 2.402614116668701
vt 7.789720058441162 2.402614116668701
vt 8.635793685913086 1.6106539964675903
vt 7.789720058441162 2.402614116668701
vt 7.789720058441162 1.6106539964675903
vt 7.789720058441162 1.6106539964675903
vt 7.789720058441162 2.402614116668701
vt 6.943645000457764 2.402614116668701
vt 7.789720058441162 1.6106539964675903
vt 6.943645000457764 2.402614116668701
vt 6.943645000457764 1.6106539964675903
vt 6.943645000457764 1.6106539964675903
vt 6.943645000457764 2.402614116668701
vt 6.097570896148682 2.402614116668701
vt 6.943645000457764 1.6106539964675903
vt 6.097570896148682 2.402614116668701
vt 6.097570896148682 1.6106539964675903
vt 6.097570896148682 1.6106539964675903
vt 6.097570896148682 2.402614116668701
vt 5.251495838165283 2.402614116668701
vt 6.097570896148682 1.6106539964675903
vt 5.251495838165283 2.402614116668701
vt 5.251495838165283 1.6106539964675903
vt 5.251495838165283 1.6106539964675903
vt 5.251495838165283 2.402614116668701
vt 4.405422210693359 2.402614116668701
vt 5.251495838165283 1.6106539964675903
vt 4.405422210693359 2.402614116668701
vt 4.405422210693359 1.6106539964675903
vt 4.405422210693359 1.6106539964675903
vt 4.405422210693359 2.402614116668701
vt 3.5593481063842773 2.402614116668701
vt 4.405422210693359 1.6106539964675903
vt 3.5593481063842773 2.402614116668701
vt 3.5593481063842773 1.6106539964675903
vt 3.5593481063842773 1.6106539964675903
vt 3.5593481063842773 2.402614116668701
vt 2.713273048400879 2.402614116668701
vt 3.5593481063842773 1.6106539964675903
vt 2.713273048400879 2.402614116668701
vt 2.713273048400879 1.6106539964675903
vt 2.713273048400879 1.6106539964675903
vt 2.713273048400879 2.402614116668701
vt 1.8671989440917969 2.402614116668701
vt 2.713273048400879 1.6106539964675903
vt 1.8671989440917969 2.402614116668701
vt 1.8671989440917969 1.6106539964675903
vt 1.8671989440917969 1.6106539964675903
vt 1.8671989440917969 2.402614116668701
vt 0.9335989952087402 2.402614116668701
vt 1.8671989440917969 1.6106539964675903
vt 0.9335989952087402 2.402614116668701
vt 0.9335989952087402 1.6106539964675903
vt 0.9335989952087402 1.6106539964675903
vt 0.9335989952087402 2.402614116668701
vt 0 0
vt 14.14986515045166 3.1945741176605225
vt 14.937589645385742 3.648705005645752
vt 14.14986515045166 4.005918979644775
vt 14.14986515045166 4.005918979644775
vt 14.937589645385742 3.648705005645752
vt 14.937589645385742 4.856029987335205
vt 14.14986515045166 4.005918979644775
vt 14.937589645385742 4.856029987335205
vt 14.14986515045166 4.817262172698975
vt 14.14986515045166 4.817262172698975
vt 14.937589645385742 4.856029987335205
vt 14.14986515045166 5.628605842590332
vt 14.14986515045166 4.817262172698975
vt 14.14986515045166 5.628605842590332
vt 13.362140655517578 5.628605842590332
vt 13.362140655517578 5.628605842590332
vt 14.14986515045166 5.628605842590332
vt 13.362140655517578 6.439949989318848
vt 13.362140655517578 5.628605842590332
vt 13.362140655517578 6.439949989318848
vt 12.574416160583496 6.439949989318848
vt 12.574416160583496 6.439949989318848
vt 13.362140655517578 6.439949989318848
vt 12.574416160583496 7.251294136047363
vt 12.574416160583496 6.439949989318848
vt 12.574416160583496 7.251294136047363
vt 11.786691665649414 7.251294136047363
vt 11.786691665649414 7.251294136047363
vt 12.574416160583496 7.251294136047363
vt 11.786691665649414 8.062638282775879
vt 11.786691665649414 7.251294136047363
vt 11.786691665649414 8.062638282775879
vt 10.998967170715332 8.062638282775879
vt 10.998967170715332 8.062638282775879
vt 11.786691665649414 8.062638282775879
vt 10.998967170715332 8.873982429504395
vt 10.998967170715332 8.062638282775879
vt 10.998967170715332 8.873982429504395
vt 10.21124267578125 8.873982429504395
vt 10.21124267578125 8.873982429504395
vt 10.998967170715332 8.873982429504395
vt 10.269719123840332 9.685311317443848
vt 10.21124267578125 8.873982429504395
vt 10.269719123840332 9.685311317443848
vt 9.336161613464355 9.68532657623291
vt 14.937589645385742 4.856029987335205
vt 14.937589645385742 6.063354015350342
vt 14.14986515045166 5.628605842590332
vt 14.14986515045166 5.628605842590332
vt 14.937589645385742 6.063354015350342
vt 14.14986515045166 6.439949989318848
vt 14.14986515045166 5.628605842590332
vt 14.14986515045166 6.439949989318848
vt 13.362140655517578 6.439949989318848
vt 13.362140655517578 6.439949989318848
vt 14.14986515045166 6.439949989318848
vt 13.362140655517578 7.251294136047363
vt 13.362140655517578 6.439949989318848
vt 13.362140655517578 7.251294136047363
vt 12.574416160583496 7.251294136047363
vt 12.574416160583496 7.251294136047363
vt 13.362140655517578 7.251294136047363
vt 12.574416160583496 8.062638282775879
vt 12.574416160583496 7.251294136047363
vt 12.574416160583496 8.062638282775879
vt 11.786691665649414 8.062638282775879
vt 11.786691665649414 8.062638282775879
vt 12.574416160583496 8.062638282775879
vt 11.786691665649414 8.873982429504395
vt 11.786691665649414 8.062638282775879
vt 11.786691665649414 8.873982429504395
vt 10.998967170715332 8.873982429504395
vt 10.998967170715332 8.873982429504395
vt 11.786691665649414 8.873982429504395
vt 11.203434944152832 9.68532657623291
vt 10.998967170715332 8.873982429504395
vt 11.203434944152832 9.68532657623291
vt 10.269719123840332 9.685311317443848
vt 14.937589645385742 6.063354015350342
vt 14.937589645385742 7.2706780433654785
vt 14.14986515045166 6.439949989318848
vt 14.14986515045166 6.439949989318848
vt 14.937589645385742 7.2706780433654785
vt 14.14986515045166 7.251294136047363
vt 14.14986515045166 6.439949989318848
vt 14.14986515045166 7.251294136047363
vt 13.362140655517578 7.251294136047363
vt 13.362140655517578 7.251294136047363
vt 14.14986515045166 7.251294136047363
vt 13.362140655517578 8.062638282775879
vt 13.362140655517578 7.251294136047363
vt 13.362140655517578 8.062638282775879
vt 12.574416160583496 8.062638282775879
vt 12.574416160583496 8.062638282775879
vt 13.362140655517578 8.062638282775879
vt 12.574416160583496 8.873982429504395
vt 12.574416160583496 8.062638282775879
vt 12.574416160583496 8.873982429504395
vt 11.786691665649414 8.873982429504395
vt 11.786691665649414 8.873982429504395
vt 12.574416160583496 8.873982429504395
vt 12.136661529541016 9.685312271118164
vt 11.786691665649414 8.873982429504395
vt 12.136661529541016 9.685312271118164
vt 11.203434944152832 9.68532657623291
vt 14.14986515045166 7.251294136047363
vt 14.937589645385742 7.2706780433654785
vt 14.14986515045166 8.062638282775879
vt 14.14986515045166 8.062638282775879
vt 14.937589645385742 7.2706780433654785
vt 14.937589645385742 8.478001594543457
vt 14.14986515045166 8.062638282775879
vt 14.937589645385742 8.478001594543457
vt 14.14986515045166 8.873982429504395
vt 14.14986515045166 8.873982429504395
vt 14.937589645385742 8.478001594543457
vt 14.937589645385742 9.68532657623291
vt 14.14986515045166 8.873982429504395
vt 14.937589645385742 9.68532657623291
vt 14.004263877868652 9.68532657623291
vt 14.14986515045166 8.873982429504395
vt 14.004263877868652 9.68532657623291
vt 13.362140655517578 8.873982429504395
vt 13.362140655517578 8.873982429504395
vt 14.004263877868652 9.68532657623291
vt 13.070090293884277 9.68532657623291
vt 13.362140655517578 8.873982429504395
vt 13.070090293884277 9.68532657623291
vt 12.574416160583496 8.873982429504395
vt 12.574416160583496 8.873982429504395
vt 13.070090293884277 9.68532657623291
vt 12.136661529541016 9.685312271118164
vt 8.40240478515625 9.685310363769531
vt 8.635793685913086 8.873982429504395
vt 9.336161613464355 9.68532657623291
vt 9.336161613464355 9.68532657623291
vt 8.635793685913086 8.873982429504395
vt 9.423518180847168 8.873982429504395
vt 9.336161613464355 9.68532657623291
vt 9.423518180847168 8.873982429504395
vt 10.21124267578125 8.873982429504395
vt 10.21124267578125 8.873982429504395
vt 9.423518180847168 8.873982429504395
vt 10.21124267578125 8.062638282775879
vt 10.21124267578125 8.873982429504395
vt 10.21124267578125 8.062638282775879
vt 10.998967170715332 8.062638282775879
vt 10.998967170715332 8.062638282775879
vt 10.21124267578125 8.062638282775879
vt 10.998967170715332 7.251294136047363
vt 10.998967170715332 8.062638282775879
vt 10.998967170715332 7.251294136047363
vt 11.786691665649414 7.251294136047363
vt 11.786691665649414 7.251294136047363
vt 10.998967170715332 7.251294136047363
vt 11.786691665649414 6.439949989318848
vt 11.786691665649414 7.251294136047363
vt 11.786691665649414 6.439949989318848
vt 12.574416160583496 6.439949989318848
vt 12.574416160583496 6.439949989318848
vt 11.786691665649414 6.439949989318848
vt 12.574416160583496 5.628605842590332
vt 12.574416160583496 6.439949989318848
vt 12.574416160583496 5.628605842590332
vt 13.362140655517578 5.628605842590332
vt 13.362140655517578 5.628605842590332
vt 12.574416160583496 5.628605842590332
vt 13.362140655517578 4.817262172698975
vt 13.362140655517578 5.628605842590332
vt 13.362140655517578 4.817262172698975
vt 14.14986515045166 4.817262172698975
vt 14.14986515045166 4.817262172698975
vt 13.362140655517578 4.817262172698975
vt 14.14986515045166 4.005918979644775
vt 8.635793685913086 8.873982429504395
vt 8.40240478515625 9.685310363769531
vt 7.789720058441162 8.873982429504395
vt 7.789720058441162 8.873982429504395
vt 8.40240478515625 9.685310363769531
vt 7.468794822692871 9.68532657623291
vt 7.789720058441162 8.873982429504395
vt 7.468794822692871 9.68532657623291
vt 6.943645000457764 8.873982429504395
vt 6.943645000457764 8.873982429504395
vt 7.468794822692871 9.68532657623291
vt 6.535192012786865 9.68531322479248
vt 6.943645000457764 8.873982429504395
vt 6.535192012786865 9.68531322479248
vt 6.097570896148682 8.873982429504395
vt 6.097570896148682 8.873982429504395
vt 6.535192012786865 9.68531322479248
vt 5.601428985595703 9.68532657623291
vt 6.097570896148682 8.873982429504395
vt 5.601428985595703 9.68532657623291
vt 5.251495838165283 8.873982429504395
vt 5.251495838165283 8.873982429504395
vt 5.601428985595703 9.68532657623291
vt 4.667874813079834 9.685324668884277
vt 5.251495838165283 8.873982429504395
vt 4.667874813079834 9.685324668884277
vt 4.405422210693359 8.873982429504395
vt 4.405422210693359 8.873982429504395
vt 4.667874813079834 9.685324668884277
vt 3.734153985977173 9.68532657623291
vt 4.405422210693359 8.873982429504395
vt 3.734153985977173 9.68532657623291
vt 3.5593481063842773 8.873982429504395
vt 3.5593481063842773 8.873982429504395
vt 3.734153985977173 9.68532657623291
vt 2.800930976867676 9.68532657623291
vt 3.5593481063842773 8.873982429504395
vt 2.800930976867676 9.68532657623291
vt 2.713273048400879 8.873982429504395
vt 2.713273048400879 8.873982429504395
vt 2.800930976867676 9.68532657623291
vt 1.8674989938735962 9.685325622558594
vt 2.713273048400879 8.873982429504395
vt 1.8674989938735962 9.685325622558594
vt 1.8671989440917969 8.873982429504395
vt 1.8671989440917969 8.873982429504395
vt 1.8674989938735962 9.685325622558594
vt 0.9335989952087402 8.873982429504395
vt 1.8671989440917969 8.873982429504395
vt 0.9335989952087402 8.873982429504395
vt 1.8671989440917969 8.062638282775879
vt 1.8671989440917969 8.062638282775879
vt 0.9335989952087402 8.873982429504395
vt 0.9335989952087402 8.062638282775879
vt 1.8671989440917969 8.062638282775879
vt 0.9335989952087402 8.062638282775879
vt 1.8671989440917969 7.251294136047363
vt 1.8671989440917969 7.251294136047363
vt 0.9335989952087402 8.062638282775879
vt 0.9335989952087402 7.251294136047363
vt 1.8671989440917969 7.251294136047363
vt 0.9335989952087402 7.251294136047363
vt 1.8671989440917969 6.439949989318848
vt 1.8671989440917969 6.439949989318848
vt 0.9335989952087402 7.251294136047363
vt 0.9335989952087402 6.439949989318848
vt 1.8671989440917969 6.439949989318848
vt 0.9335989952087402 6.439949989318848
vt 1.8671989440917969 5.628605842590332
vt 1.8671989440917969 5.628605842590332
vt 0.9335989952087402 6.439949989318848
vt 0.9335989952087402 5.628605842590332
vt 1.8671989440917969 5.628605842590332
vt 0.9335989952087402 5.628605842590332
vt 1.8671989440917969 4.817262172698975
vt 1.8671989440917969 4.817262172698975
vt 0.9335989952087402 5.628605842590332
vt 0.9335989952087402 4.817262172698975
vt 1.8671989440917969 4.817262172698975
vt 0.9335989952087402 4.817262172698975
vt 1.8671989440917969 4.005918979644775
vt 1.8671989440917969 4.005918979644775
vt 0.9335989952087402 4.817262172698975
vt 0.9335989952087402 4.005918979644775
vt 1.8671989440917969 4.005918979644775
vt 0.9335989952087402 4.005918979644775
vt 1.8671989440917969 3.1945741176605225
vt 1.8671989440917969 3.1945741176605225
vt 0.9335989952087402 4.005918979644775
vt 0.9335989952087402 3.1945741176605225
vt 1.8671989440917969 3.1945741176605225
vt 0.9335989952087402 3.1945741176605225
vt 1.8671989440917969 2.402614116668701
vt 1.8671989440917969 2.402614116668701
vt 0.9335989952087402 3.1945741176605225
vt 0.9335989952087402 2.402614116668701
vt 1.8674989938735962 9.685325622558594
vt 0.933326005935669 9.685325622558594
vt 0.9335989952087402 8.873982429504395
vt 0.9335989952087402 8.873982429504395
vt 0.933326005935669 9.685325622558594
vt 0 7.263995170593262
vt 0.9335989952087402 8.873982429504395
vt 0 7.263995170593262
vt 0.9335989952087402 8.062638282775879
vt 0.9335989952087402 8.062638282775879
vt 0 7.263995170593262
vt 0.9335989952087402 7.251294136047363
vt 0.933326005935669 9.685325622558594
vt 0 9.68532657623291
vt 0 7.263995170593262
vt 0 7.263995170593262
vt 0 4.842662811279297
vt 0.9335989952087402 7.251294136047363
vt 0.9335989952087402 7.251294136047363
vt 0 4.842662811279297
vt 0.9335989952087402 6.439949989318848
vt 0 2.4213318824768066
vt 0.9335989952087402 4.817262172698975
vt 0 4.842662811279297
vt 0 4.842662811279297
vt 0.9335989952087402 4.817262172698975
vt 0.9335989952087402 5.628605842590332
vt 0 4.842662811279297
vt 0.9335989952087402 5.628605842590332
vt 0.9335989952087402 6.439949989318848
vt 0 0
vt 0.9335989952087402 2.402614116668701
vt 0 2.4213318824768066
vt 0 2.4213318824768066
vt 0.9335989952087402 2.402614116668701
vt 0.9335989952087402 3.1945741176605225
vt 0 2.4213318824768066
vt 0.9335989952087402 3.1945741176605225
vt 0.9335989952087402 4.005918979644775
vt 0.9335989952087402 4.817262172698975
vt 0 2.4213318824768066
vt 0.9335989952087402 4.005918979644775
vt 10.21124267578125 0.818693995475769
vt 10.998967170715332 0.026732999831438065
vt 10.998967170715332 0.818693995475769
vt 9.423518180847168 0.818693995475769
vt 9.423518180847168 0.026732999831438065
vt 10.21124267578125 0.026732999831438065
vt 1.8671989440917969 0.818693995475769
vt 1.8671989440917969 0.026732999831438065
vt 2.713273048400879 0.026732999831438065
vt 2.713273048400879 0.818693995475769
vt 1.8671989440917969 0.818693995475769
vt 2.713273048400879 0.026732999831438065
vt 13.362140655517578 2.402614116668701
vt 14.14986515045166 2.402614116668701
vt 13.362140655517578 3.1945741176605225
vt 13.362140655517578 3.1945741176605225
vt 14.14986515045166 2.402614116668701
vt 14.14986515045166 3.1945741176605225
vt 13.362140655517578 3.1945741176605225
vt 14.14986515045166 3.1945741176605225
vt 13.362140655517578 4.005918979644775
vt 13.362140655517578 4.005918979644775
vt 14.14986515045166 3.1945741176605225
vt 14.14986515045166 4.005918979644775
vt 13.362140655517578 4.005918979644775
vt 14.14986515045166 4.005918979644775
vt 13.362140655517578 4.817262172698975
vt 12.574416160583496 2.402614116668701
vt 13.362140655517578 2.402614116668701
vt 12.574416160583496 3.1945741176605225
vt 12.574416160583496 3.1945741176605225
vt 13.362140655517578 2.402614116668701
vt 13.362140655517578 3.1945741176605225
vt 12.574416160583496 3.1945741176605225
vt 13.362140655517578 3.1945741176605225
vt 12.574416160583496 4.005918979644775
vt 12.574416160583496 4.005918979644775
vt 13.362140655517578 3.1945741176605225
vt 13.362140655517578 4.005918979644775
vt 12.574416160583496 4.005918979644775
vt 13.362140655517578 4.005918979644775
vt 12.574416160583496 4.817262172698975
vt 12.574416160583496 4.817262172698975
vt 13.362140655517578 4.005918979644775
vt 13.362140655517578 4.817262172698975
vt 12.574416160583496 4.817262172698975
vt 13.362140655517578 4.817262172698975
vt 12.574416160583496 5.628605842590332
vt 11.786691665649414 2.402614116668701
vt 12.574416160583496 2.402614116668701
vt 11.786691665649414 3.1945741176605225
vt 11.786691665649414 3.1945741176605225
vt 12.574416160583496 2.402614116668701
vt 12.574416160583496 3.1945741176605225
vt 11.786691665649414 3.1945741176605225
vt 12.574416160583496 3.1945741176605225
vt 11.786691665649414 4.005918979644775
vt 11.786691665649414 4.005918979644775
vt 12.574416160583496 3.1945741176605225
vt 12.574416160583496 4.005918979644775
vt 11.786691665649414 4.005918979644775
vt 12.574416160583496 4.005918979644775
vt 11.786691665649414 4.817262172698975
vt 11.786691665649414 4.817262172698975
vt 12.574416160583496 4.005918979644775
vt 12.574416160583496 4.817262172698975
vt 11.786691665649414 4.817262172698975
vt 12.574416160583496 4.817262172698975
vt 11.786691665649414 5.628605842590332
vt 11.786691665649414 5.628605842590332
vt 12.574416160583496 4.817262172698975
vt 12.574416160583496 5.628605842590332
vt 11.786691665649414 5.628605842590332
vt 12.574416160583496 5.628605842590332
vt 11.786691665649414 6.439949989318848
vt 10.998967170715332 2.402614116668701
vt 11.786691665649414 2.402614116668701
vt 10.998967170715332 3.1945741176605225
vt 10.998967170715332 3.1945741176605225
vt 11.786691665649414 2.402614116668701
vt 11.786691665649414 3.1945741176605225
vt 10.998967170715332 3.1945741176605225
vt 11.786691665649414 3.1945741176605225
vt 10.998967170715332 4.005918979644775
vt 10.998967170715332 4.005918979644775
vt 11.786691665649414 3.1945741176605225
vt 11.786691665649414 4.005918979644775
vt 10.998967170715332 4.005918979644775
vt 11.786691665649414 4.005918979644775
vt 10.998967170715332 4.817262172698975
vt 10.998967170715332 4.817262172698975
vt 11.786691665649414 4.005918979644775
vt 11.786691665649414 4.817262172698975
vt 10.998967170715332 4.817262172698975
vt 11.786691665649414 4.817262172698975
vt 10.998967170715332 5.628605842590332
vt 10.998967170715332 5.628605842590332
vt 11.786691665649414 4.817262172698975
vt 11.786691665649414 5.628605842590332
vt 10.998967170715332 5.628605842590332
vt 11.786691665649414 5.628605842590332
vt 10.998967170715332 6.439949989318848
vt 10.998967170715332 6.439949989318848
vt 11.786691665649414 5.628605842590332
vt 11.786691665649414 6.439949989318848
vt 10.998967170715332 6.439949989318848
vt 11.786691665649414 6.439949989318848
vt 10.998967170715332 7.251294136047363
vt 10.21124267578125 2.402614116668701
vt 10.998967170715332 2.402614116668701
vt 10.21124267578125 3.1945741176605225
vt 10.21124267578125 3.1945741176605225
vt 10.998967170715332 2.402614116668701
vt 10.998967170715332 3.1945741176605225
vt 10.21124267578125 3.1945741176605225
vt 10.998967170715332 3.1945741176605225
vt 10.21124267578125 4.005918979644775
vt 10.21124267578125 4.005918979644775
vt 10.998967170715332 3.1945741176605225
vt 10.998967170715332 4.005918979644775
vt 10.21124267578125 4.005918979644775
vt 10.998967170715332 4.005918979644775
vt 10.21124267578125 4.817262172698975
vt 10.21124267578125 4.817262172698975
vt 10.998967170715332 4.005918979644775
vt 10.998967170715332 4.817262172698975
vt 10.21124267578125 4.817262172698975
vt 10.998967170715332 4.817262172698975
vt 10.21124267578125 5.628605842590332
vt 10.21124267578125 5.628605842590332
vt 10.998967170715332 4.817262172698975
vt 10.998967170715332 5.628605842590332
vt 10.21124267578125 5.628605842590332
vt 10.998967170715332 5.628605842590332
vt 10.21124267578125 6.439949989318848
vt 10.21124267578125 6.439949989318848
vt 10.998967170715332 5.628605842590332
vt 10.998967170715332 6.439949989318848
vt 10.21124267578125 6.439949989318848
vt 10.998967170715332 6.439949989318848
vt 10.21124267578125 7.251294136047363
vt 10.21124267578125 7.251294136047363
vt 10.998967170715332 6.439949989318848
vt 10.998967170715332 7.251294136047363
vt 10.21124267578125 7.251294136047363
vt 10.998967170715332 7.251294136047363
vt 10.21124267578125 8.062638282775879
vt 9.423518180847168 2.402614116668701
vt 10.21124267578125 2.402614116668701
vt 9.423518180847168 3.1945741176605225
vt 9.423518180847168 3.1945741176605225
vt 10.21124267578125 2.402614116668701
vt 10.21124267578125 3.1945741176605225
vt 9.423518180847168 3.1945741176605225
vt 10.21124267578125 3.1945741176605225
vt 9.423518180847168 4.005918979644775
vt 9.423518180847168 4.005918979644775
vt 10.21124267578125 3.1945741176605225
vt 10.21124267578125 4.005918979644775
vt 9.423518180847168 4.005918979644775
vt 10.21124267578125 4.005918979644775
vt 9.423518180847168 4.817262172698975
vt 9.423518180847168 4.817262172698975
vt 10.21124267578125 4.005918979644775
vt 10.21124267578125 4.817262172698975
vt 9.423518180847168 4.817262172698975
vt 10.21124267578125 4.817262172698975
vt 9.423518180847168 5.628605842590332
vt 9.423518180847168 5.628605842590332
vt 10.21124267578125 4.817262172698975
vt 10.21124267578125 5.628605842590332
vt 9.423518180847168 5.628605842590332
vt 10.21124267578125 5.628605842590332
vt 9.423518180847168 6.439949989318848
vt 9.423518180847168 6.439949989318848
vt 10.21124267578125 5.628605842590332
vt 10.21124267578125 6.439949989318848
vt 9.423518180847168 6.439949989318848
vt 10.21124267578125 6.439949989318848
vt 9.423518180847168 7.251294136047363
vt 9.423518180847168 7.251294136047363
vt 10.21124267578125 6.439949989318848
vt 10.21124267578125 7.251294136047363
vt 9.423518180847168 7.251294136047363
vt 10.21124267578125 7.251294136047363
vt 9.423518180847168 8.062638282775879
vt 9.423518180847168 8.062638282775879
vt 10.21124267578125 7.251294136047363
vt 10.21124267578125 8.062638282775879
vt 9.423518180847168 8.062638282775879
vt 10.21124267578125 8.062638282775879
vt 9.423518180847168 8.873982429504395
vt 8.635793685913086 2.402614116668701
vt 9.423518180847168 2.402614116668701
vt 8.635793685913086 3.1945741176605225
vt 8.635793685913086 3.1945741176605225
vt 9.423518180847168 2.402614116668701
vt 9.423518180847168 3.1945741176605225
vt 8.635793685913086 3.1945741176605225
vt 9.423518180847168 3.1945741176605225
vt 8.635793685913086 4.005918979644775
vt 8.635793685913086 4.005918979644775
vt 9.423518180847168 3.1945741176605225
vt 9.423518180847168 4.005918979644775
vt 8.635793685913086 4.005918979644775
vt 9.423518180847168 4.005918979644775
vt 8.635793685913086 4.817262172698975
vt 8.635793685913086 4.817262172698975
vt 9.423518180847168 4.005918979644775
vt 9.423518180847168 4.817262172698975
vt 8.635793685913086 4.817262172698975
vt 9.423518180847168 4.817262172698975
vt 8.635793685913086 5.628605842590332
vt 8.635793685913086 5.628605842590332
vt 9.423518180847168 4.817262172698975
vt 9.423518180847168 5.628605842590332
vt 8.635793685913086 5.628605842590332
vt 9.423518180847168 5.628605842590332
vt 8.635793685913086 6.439949989318848
vt 8.635793685913086 6.439949989318848
vt 9.423518180847168 5.628605842590332
vt 9.423518180847168 6.439949989318848
vt 8.635793685913086 6.439949989318848
vt 9.423518180847168 6.439949989318848
vt 8.635793685913086 7.251294136047363
vt 8.635793685913086 7.251294136047363
vt 9.423518180847168 6.439949989318848
vt 9.423518180847168 7.251294136047363
vt 8.635793685913086 7.251294136047363
vt 9.423518180847168 7.251294136047363
vt 8.635793685913086 8.062638282775879
vt 8.635793685913086 8.062638282775879
vt 9.423518180847168 7.251294136047363
vt 9.423518180847168 8.062638282775879
vt 8.635793685913086 8.062638282775879
vt 9.423518180847168 8.062638282775879
vt 8.635793685913086 8.873982429504395
vt 8.635793685913086 8.873982429504395
vt 9.423518180847168 8.062638282775879
vt 9.423518180847168 8.873982429504395
vt 7.789720058441162 2.402614116668701
vt 8.635793685913086 2.402614116668701
vt 7.789720058441162 3.1945741176605225
vt 7.789720058441162 3.1945741176605225
vt 8.635793685913086 2.402614116668701
vt 8.635793685913086 3.1945741176605225
vt 7.789720058441162 3.1945741176605225
vt 8.635793685913086 3.1945741176605225
vt 7.789720058441162 4.005918979644775
vt 7.789720058441162 4.005918979644775
vt 8.635793685913086 3.1945741176605225
vt 8.635793685913086 4.005918979644775
vt 7.789720058441162 4.005918979644775
vt 8.635793685913086 4.005918979644775
vt 7.789720058441162 4.817262172698975
vt 7.789720058441162 4.817262172698975
vt 8.635793685913086 4.005918979644775
vt 8.635793685913086 4.817262172698975
vt 7.789720058441162 4.817262172698975
vt 8.635793685913086 4.817262172698975
vt 7.789720058441162 5.628605842590332
vt 7.789720058441162 5.628605842590332
vt 8.635793685913086 4.817262172698975
vt 8.635793685913086 5.628605842590332
vt 7.789720058441162 5.628605842590332
vt 8.635793685913086 5.628605842590332
vt 7.789720058441162 6.439949989318848
vt 7.789720058441162 6.439949989318848
vt 8.635793685913086 5.628605842590332
vt 8.635793685913086 6.439949989318848
vt 7.789720058441162 6.439949989318848
vt 8.635793685913086 6.439949989318848
vt 7.789720058441162 7.251294136047363
vt 7.789720058441162 7.251294136047363
vt 8.635793685913086 6.439949989318848
vt 8.635793685913086 7.251294136047363
vt 7.789720058441162 7.251294136047363
vt 8.635793685913086 7.251294136047363
vt 7.789720058441162 8.062638282775879
vt 7.789720058441162 8.062638282775879
vt 8.635793685913086 7.251294136047363
vt 8.635793685913086 8.062638282775879
vt 7.789720058441162 8.062638282775879
vt 8.635793685913086 8.062638282775879
vt 7.789720058441162 8.873982429504395
vt 7.789720058441162 8.873982429504395
vt 8.635793685913086 8.062638282775879
vt 8.635793685913086 8.873982429504395
vt 6.943645000457764 2.402614116668701
vt 7.789720058441162 2.402614116668701
vt 6.943645000457764 3.1945741176605225
vt 6.943645000457764 3.1945741176605225
vt 7.789720058441162 2.402614116668701
vt 7.789720058441162 3.1945741176605225
vt 6.943645000457764 3.1945741176605225
vt 7.789720058441162 3.1945741176605225
vt 6.943645000457764 4.005918979644775
vt 6.943645000457764 4.005918979644775
vt 7.789720058441162 3.1945741176605225
vt 7.789720058441162 4.005918979644775
vt 6.943645000457764 4.005918979644775
vt 7.789720058441162 4.005918979644775
vt 6.943645000457764 4.817262172698975
vt 6.943645000457764 4.817262172698975
vt 7.789720058441162 4.005918979644775
vt 7.789720058441162 4.817262172698975
vt 6.943645000457764 4.817262172698975
vt 7.789720058441162 4.817262172698975
vt 6.943645000457764 5.628605842590332
vt 6.943645000457764 5.628605842590332
vt 7.789720058441162 4.817262172698975
vt 7.789720058441162 5.628605842590332
vt 6.943645000457764 5.628605842590332
vt 7.789720058441162 5.628605842590332
vt 6.943645000457764 6.439949989318848
vt 6.943645000457764 6.439949989318848
vt 7.789720058441162 5.628605842590332
vt 7.789720058441162 6.439949989318848
vt 6.943645000457764 6.439949989318848
vt 7.789720058441162 6.439949989318848
vt 6.943645000457764 7.251294136047363
vt 6.943645000457764 7.251294136047363
vt 7.789720058441162 6.439949989318848
vt 7.789720058441162 7.251294136047363
vt 6.943645000457764 7.251294136047363
vt 7.789720058441162 7.251294136047363
vt 6.943645000457764 8.062638282775879
vt 6.943645000457764 8.062638282775879
vt 7.789720058441162 7.251294136047363
vt 7.789720058441162 8.062638282775879
vt 6.943645000457764 8.062638282775879
vt 7.789720058441162 8.062638282775879
vt 6.943645000457764 8.873982429504395
vt 6.943645000457764 8.873982429504395
vt 7.789720058441162 8.062638282775879
vt 7.789720058441162 8.873982429504395
vt 6.097570896148682 2.402614116668701
vt 6.943645000457764 2.402614116668701
vt 6.097570896148682 3.1945741176605225
vt 6.097570896148682 3.1945741176605225
vt 6.943645000457764 2.402614116668701
vt 6.943645000457764 3.1945741176605225
vt 6.097570896148682 3.1945741176605225
vt 6.943645000457764 3.1945741176605225
vt 6.097570896148682 4.005918979644775
vt 6.097570896148682 4.005918979644775
vt 6.943645000457764 3.1945741176605225
vt 6.943645000457764 4.005918979644775
vt 6.097570896148682 4.005918979644775
vt 6.943645000457764 4.005918979644775
vt 6.097570896148682 4.817262172698975
vt 6.097570896148682 4.817262172698975
vt 6.943645000457764 4.005918979644775
vt 6.943645000457764 4.817262172698975
vt 6.097570896148682 4.817262172698975
vt 6.943645000457764 4.817262172698975
vt 6.097570896148682 5.628605842590332
vt 6.097570896148682 5.628605842590332
vt 6.943645000457764 4.817262172698975
vt 6.943645000457764 5.628605842590332
vt 6.097570896148682 5.628605842590332
vt 6.943645000457764 5.628605842590332
vt 6.097570896148682 6.439949989318848
vt 6.097570896148682 6.439949989318848
vt 6.943645000457764 5.628605842590332
vt 6.943645000457764 6.439949989318848
vt 6.097570896148682 6.439949989318848
vt 6.943645000457764 6.439949989318848
vt 6.097570896148682 7.251294136047363
vt 6.097570896148682 7.251294136047363
vt 6.943645000457764 6.439949989318848
vt 6.943645000457764 7.251294136047363
vt 6.097570896148682 7.251294136047363
vt 6.943645000457764 7.251294136047363
vt 6.097570896148682 8.062638282775879
vt 6.097570896148682 8.062638282775879
vt 6.943645000457764 7.251294136047363
vt 6.943645000457764 8.062638282775879
vt 6.097570896148682 8.062638282775879
vt 6.943645000457764 8.062638282775879
vt 6.097570896148682 8.873982429504395
vt 6.097570896148682 8.873982429504395
vt 6.943645000457764 8.062638282775879
vt 6.943645000457764 8.873982429504395
vt 5.251495838165283 2.402614116668701
vt 6.097570896148682 2.402614116668701
vt 5.251495838165283 3.1945741176605225
vt 5.251495838165283 3.1945741176605225
vt 6.097570896148682 2.402614116668701
vt 6.097570896148682 3.1945741176605225
vt 5.251495838165283 3.1945741176605225
vt 6.097570896148682 3.1945741176605225
vt 5.251495838165283 4.005918979644775
vt 5.251495838165283 4.005918979644775
vt 6.097570896148682 3.1945741176605225
vt 6.097570896148682 4.005918979644775
vt 5.251495838165283 4.005918979644775
vt 6.097570896148682 4.005918979644775
vt 5.251495838165283 4.817262172698975
vt 5.251495838165283 4.817262172698975
vt 6.097570896148682 4.005918979644775
vt 6.097570896148682 4.817262172698975
vt 5.251495838165283 4.817262172698975
vt 6.097570896148682 4.817262172698975
vt 5.251495838165283 5.628605842590332
vt 5.251495838165283 5.628605842590332
vt 6.097570896148682 4.817262172698975
vt 6.097570896148682 5.628605842590332
vt 5.251495838165283 5.628605842590332
vt 6.097570896148682 5.628605842590332
vt 5.251495838165283 6.439949989318848
vt 5.251495838165283 6.439949989318848
vt 6.097570896148682 5.628605842590332
vt 6.097570896148682 6.439949989318848
vt 5.251495838165283 6.439949989318848
vt 6.097570896148682 6.439949989318848
vt 5.251495838165283 7.251294136047363
vt 5.251495838165283 7.251294136047363
vt 6.097570896148682 6.439949989318848
vt 6.097570896148682 7.251294136047363
vt 5.251495838165283 7.251294136047363
vt 6.097570896148682 7.251294136047363
vt 5.251495838165283 8.062638282775879
vt 5.251495838165283 8.062638282775879
vt 6.097570896148682 7.251294136047363
vt 6.097570896148682 8.062638282775879
vt 5.251495838165283 8.062638282775879
vt 6.097570896148682 8.062638282775879
vt 5.251495838165283 8.873982429504395
vt 5.251495838165283 8.873982429504395
vt 6.097570896148682 8.062638282775879
vt 6.097570896148682 8.873982429504395
vt 4.405422210693359 2.402614116668701
vt 5.251495838165283 2.402614116668701
vt 4.405422210693359 3.1945741176605225
vt 4.405422210693359 3.1945741176605225
vt 5.251495838165283 2.402614116668701
vt 5.251495838165283 3.1945741176605225
vt 4.405422210693359 3.1945741176605225
vt 5.251495838165283 3.1945741176605225
vt 4.405422210693359 4.005918979644775
vt 4.405422210693359 4.005918979644775
vt 5.251495838165283 3.1945741176605225
vt 5.251495838165283 4.005918979644775
vt 4.405422210693359 4.005918979644775
vt 5.251495838165283 4.005918979644775
vt 4.405422210693359 4.817262172698975
vt 4.405422210693359 4.817262172698975
vt 5.251495838165283 4.005918979644775
vt 5.251495838165283 4.817262172698975
vt 4.405422210693359 4.817262172698975
vt 5.251495838165283 4.817262172698975
vt 4.405422210693359 5.628605842590332
vt 4.405422210693359 5.628605842590332
vt 5.251495838165283 4.817262172698975
vt 5.251495838165283 5.628605842590332
vt 4.405422210693359 5.628605842590332
vt 5.251495838165283 5.628605842590332
vt 4.405422210693359 6.439949989318848
vt 4.405422210693359 6.439949989318848
vt 5.251495838165283 5.628605842590332
vt 5.251495838165283 6.439949989318848
vt 4.405422210693359 6.439949989318848
vt 5.251495838165283 6.439949989318848
vt 4.405422210693359 7.251294136047363
vt 4.405422210693359 7.251294136047363
vt 5.251495838165283 6.439949989318848
vt 5.251495838165283 7.251294136047363
vt 4.405422210693359 7.251294136047363
vt 5.251495838165283 7.251294136047363
vt 4.405422210693359 8.062638282775879
vt 4.405422210693359 8.062638282775879
vt 5.251495838165283 7.251294136047363
vt 5.251495838165283 8.062638282775879
vt 4.405422210693359 8.062638282775879
vt 5.251495838165283 8.062638282775879
vt 4.405422210693359 8.873982429504395
vt 4.405422210693359 8.873982429504395
vt 5.251495838165283 8.062638282775879
vt 5.251495838165283 8.873982429504395
vt 3.5593481063842773 2.402614116668701
vt 4.405422210693359 2.402614116668701
vt 3.5593481063842773 3.1945741176605225
vt 3.5593481063842773 3.1945741176605225
vt 4.405422210693359 2.402614116668701
vt 4.405422210693359 3.1945741176605225
vt 3.5593481063842773 3.1945741176605225
vt 4.405422210693359 3.1945741176605225
vt 3.5593481063842773 4.005918979644775
vt 3.5593481063842773 4.005918979644775
vt 4.405422210693359 3.1945741176605225
vt 4.405422210693359 4.005918979644775
vt 3.5593481063842773 4.005918979644775
vt 4.405422210693359 4.005918979644775
vt 3.5593481063842773 4.817262172698975
vt 3.5593481063842773 4.817262172698975
vt 4.405422210693359 4.005918979644775
vt 4.405422210693359 4.817262172698975
vt 3.5593481063842773 4.817262172698975
vt 4.405422210693359 4.817262172698975
vt 3.5593481063842773 5.628605842590332
vt 3.5593481063842773 5.628605842590332
vt 4.405422210693359 4.817262172698975
vt 4.405422210693359 5.628605842590332
vt 3.5593481063842773 5.628605842590332
vt 4.405422210693359 5.628605842590332
vt 3.5593481063842773 6.439949989318848
vt 3.5593481063842773 6.439949989318848
vt 4.405422210693359 5.628605842590332
vt 4.405422210693359 6.439949989318848
vt 3.5593481063842773 6.439949989318848
vt 4.405422210693359 6.439949989318848
vt 3.5593481063842773 7.251294136047363
vt 3.5593481063842773 7.251294136047363
vt 4.405422210693359 6.439949989318848
vt 4.405422210693359 7.251294136047363
vt 3.5593481063842773 7.251294136047363
vt 4.405422210693359 7.251294136047363
vt 3.5593481063842773 8.062638282775879
vt 3.5593481063842773 8.062638282775879
vt 4.405422210693359 7.251294136047363
vt 4.405422210693359 8.062638282775879
vt 3.5593481063842773 8.062638282775879
vt 4.405422210693359 8.062638282775879
vt 3.5593481063842773 8.873982429504395
vt 3.5593481063842773 8.873982429504395
vt 4.405422210693359 8.062638282775879
vt 4.405422210693359 8.873982429504395
vt 2.713273048400879 2.402614116668701
vt 3.5593481063842773 2.402614116668701
vt 2.713273048400879 3.1945741176605225
vt 2.713273048400879 3.1945741176605225
vt 3.5593481063842773 2.402614116668701
vt 3.5593481063842773 3.1945741176605225
vt 2.713273048400879 3.1945741176605225
vt 3.5593481063842773 3.1945741176605225
vt 2.713273048400879 4.005918979644775
vt 2.713273048400879 4.005918979644775
vt 3.5593481063842773 3.1945741176605225
vt 3.5593481063842773 4.005918979644775
vt 2.713273048400879 4.005918979644775
vt 3.5593481063842773 4.005918979644775
vt 2.713273048400879 4.817262172698975
vt 2.713273048400879 4.817262172698975
vt 3.5593481063842773 4.005918979644775
vt 3.5593481063842773 4.817262172698975
vt 2.713273048400879 4.817262172698975
vt 3.5593481063842773 4.817262172698975
vt 2.713273048400879 5.628605842590332
vt 2.713273048400879 5.628605842590332
vt 3.5593481063842773 4.817262172698975
vt 3.5593481063842773 5.628605842590332
vt 2.713273048400879 5.628605842590332
vt 3.5593481063842773 5.628605842590332
vt 2.713273048400879 6.439949989318848
vt 2.713273048400879 6.439949989318848
vt 3.5593481063842773 5.628605842590332
vt 3.5593481063842773 6.439949989318848
vt 2.713273048400879 6.439949989318848
vt 3.5593481063842773 6.439949989318848
vt 2.713273048400879 7.251294136047363
vt 2.713273048400879 7.251294136047363
vt 3.5593481063842773 6.439949989318848
vt 3.5593481063842773 7.251294136047363
vt 2.713273048400879 7.251294136047363
vt 3.5593481063842773 7.251294136047363
vt 2.713273048400879 8.062638282775879
vt 2.713273048400879 8.062638282775879
vt 3.5593481063842773 7.251294136047363
vt 3.5593481063842773 8.062638282775879
vt 2.713273048400879 8.062638282775879
vt 3.5593481063842773 8.062638282775879
vt 2.713273048400879 8.873982429504395
vt 2.713273048400879 8.873982429504395
vt 3.5593481063842773 8.062638282775879
vt 3.5593481063842773 8.873982429504395
vt 1.8671989440917969 2.402614116668701
vt 2.713273048400879 2.402614116668701
vt 1.8671989440917969 3.1945741176605225
vt 1.8671989440917969 3.1945741176605225
vt 2.713273048400879 2.402614116668701
vt 2.713273048400879 3.1945741176605225
vt 1.8671989440917969 3.1945741176605225
vt 2.713273048400879 3.1945741176605225
vt 1.8671989440917969 4.005918979644775
vt 1.8671989440917969 4.005918979644775
vt 2.713273048400879 3.1945741176605225
vt 2.713273048400879 4.005918979644775
vt 1.8671989440917969 4.005918979644775
vt 2.713273048400879 4.005918979644775
vt 1.8671989440917969 4.817262172698975
vt 1.8671989440917969 4.817262172698975
vt 2.713273048400879 4.005918979644775
vt 2.713273048400879 4.817262172698975
vt 1.8671989440917969 4.817262172698975
vt 2.713273048400879 4.817262172698975
vt 1.8671989440917969 5.628605842590332
vt 1.8671989440917969 5.628605842590332
vt 2.713273048400879 4.817262172698975
vt 2.713273048400879 5.628605842590332
vt 1.8671989440917969 5.628605842590332
vt 2.713273048400879 5.628605842590332
vt 1.8671989440917969 6.439949989318848
vt 1.8671989440917969 6.439949989318848
vt 2.713273048400879 5.628605842590332
vt 2.713273048400879 6.439949989318848
vt 1.8671989440917969 6.439949989318848
vt 2.713273048400879 6.439949989318848
vt 1.8671989440917969 7.251294136047363
vt 1.8671989440917969 7.251294136047363
vt 2.713273048400879 6.439949989318848
vt 2.713273048400879 7.251294136047363
vt 1.8671989440917969 7.251294136047363
vt 2.713273048400879 7.251294136047363
vt 1.8671989440917969 8.062638282775879
vt 1.8671989440917969 8.062638282775879
vt 2.713273048400879 7.251294136047363
vt 2.713273048400879 8.062638282775879
vt 1.8671989440917969 8.062638282775879
vt 2.713273048400879 8.062638282775879
vt 1.8671989440917969 8.873982429504395
vt 1.8671989440917969 8.873982429504395
vt 2.713273048400879 8.062638282775879
vt 2.713273048400879 8.873982429504395
vt 14.14986515045166 7.251294136047363
vt 14.14986515045166 8.062638282775879
vt 13.362140655517578 8.062638282775879
vt 13.362140655517578 8.062638282775879
vt 14.14986515045166 8.062638282775879
vt 13.362140655517578 8.873982429504395
vt 13.362140655517578 8.062638282775879
vt 13.362140655517578 8.873982429504395
vt 12.574416160583496 8.873982429504395
vt 14.14986515045166 8.873982429504395
vt 13.362140655517578 8.873982429504395
vt 14.14986515045166 8.062638282775879
vt 21.03919219970703 0
vt 20.339191436767578 0
vt 21.03919219970703 -1.7592920064926147
vt 21.03919219970703 -1.7592920064926147
vt 20.339191436767578 0
vt 20.339191436767578 -1.7592920064926147
vt 21.03919219970703 -1.7592920064926147
vt 20.339191436767578 -1.7592920064926147
vt 21.03919219970703 -3.5185840129852295
vt 21.03919219970703 -3.5185840129852295
vt 20.339191436767578 -1.7592920064926147
vt 20.339191436767578 -3.5185840129852295
vt 21.03919219970703 -3.5185840129852295
vt 20.339191436767578 -3.5185840129852295
vt 21.03919219970703 -5.277874946594238
vt 21.03919219970703 -5.277874946594238
vt 20.339191436767578 -3.5185840129852295
vt 20.339191436767578 -5.277874946594238
vt 21.03919219970703 -5.277874946594238
vt 20.339191436767578 -5.277874946594238
vt 21.03919219970703 -7.037168025970459
vt 21.03919219970703 -7.037168025970459
vt 20.339191436767578 -5.277874946594238
vt 20.339191436767578 -7.037168025970459
vt 21.03919219970703 -7.037168025970459
vt 20.339191436767578 -7.037168025970459
vt 21.03919219970703 -8.796459197998047
vt 21.03919219970703 -8.796459197998047
vt 20.339191436767578 -7.037168025970459
vt 20.339191436767578 -8.796459197998047
vt 21.03919219970703 -8.796459197998047
vt 20.339191436767578 -8.796459197998047
vt 21.03919219970703 -10.555750846862793
vt 21.03919219970703 -10.555750846862793
vt 20.339191436767578 -8.796459197998047
vt 20.339191436767578 -10.555750846862793
vt 21.03919219970703 -10.555750846862793
vt 20.339191436767578 -10.555750846862793
vt 21.03919219970703 -12.315043449401855
vt 21.03919219970703 -12.315043449401855
vt 20.339191436767578 -10.555750846862793
vt 20.339191436767578 -12.315043449401855
vt 21.03919219970703 -12.315043449401855
vt 20.339191436767578 -12.315043449401855
vt 21.03919219970703 -14.074335098266602
vt 21.03919219970703 -14.074335098266602
vt 20.339191436767578 -12.315043449401855
vt 20.339191436767578 -14.074335098266602
vt 21.03919219970703 -14.074335098266602
vt 20.339191436767578 -14.074335098266602
vt 21.03919219970703 -15.833626747131348
vt 21.03919219970703 -15.833626747131348
vt 20.339191436767578 -14.074335098266602
vt 20.339191436767578 -15.833626747131348
vt 21.03919219970703 -15.833626747131348
vt 20.339191436767578 -15.833626747131348
vt 21.03919219970703 -17.592918395996094
vt 21.03919219970703 -17.592918395996094
vt 20.339191436767578 -15.833626747131348
vt 20.339191436767578 -17.592918395996094
vt -64.40365600585938 0
vt -63.90365982055664 0
vt -64.40365600585938 1.5184359550476074
vt -64.40365600585938 1.5184359550476074
vt -63.90365982055664 0
vt -63.90365982055664 1.5184359550476074
vt -64.40365600585938 1.5184359550476074
vt -63.90365982055664 1.5184359550476074
vt -64.40365600585938 3.0368731021881104
vt -64.40365600585938 3.0368731021881104
vt -63.90365982055664 1.5184359550476074
vt -63.90365982055664 3.0368731021881104
vt -64.40365600585938 3.0368731021881104
vt -63.90365982055664 3.0368731021881104
vt -64.40365600585938 4.555308818817139
vt -64.40365600585938 4.555308818817139
vt -63.90365982055664 3.0368731021881104
vt -63.90365982055664 4.555308818817139
vt -64.40365600585938 4.555308818817139
vt -63.90365982055664 4.555308818817139
vt -64.40365600585938 6.073746204376221
vt -64.40365600585938 6.073746204376221
vt -63.90365982055664 4.555308818817139
vt -63.90365982055664 6.073746204376221
vt -64.40365600585938 6.073746204376221
vt -63.90365982055664 6.073746204376221
vt -64.40365600585938 7.592182159423828
vt -64.40365600585938 7.592182159423828
vt -63.90365982055664 6.073746204376221
vt -63.90365982055664 7.592182159423828
vt -64.40365600585938 7.592182159423828
vt -63.90365982055664 7.592182159423828
vt -64.40365600585938 9.110618591308594
vt -64.40365600585938 9.110618591308594
vt -63.90365982055664 7.592182159423828
vt -63.90365982055664 9.110618591308594
vt -64.40365600585938 9.110618591308594
vt -63.90365982055664 9.110618591308594
vt -64.40365600585938 10.62905502319336
vt -64.40365600585938 10.62905502319336
vt -63.90365982055664 9.110618591308594
vt -63.90365982055664 10.62905502319336
vt -64.40365600585938 10.62905502319336
vt -63.90365982055664 10.62905502319336
vt -64.40365600585938 12.147491455078125
vt -64.40365600585938 12.147491455078125
vt -63.90365982055664 10.62905502319336
vt -63.90365982055664 12.147491455078125
vt -64.40365600585938 12.147491455078125
vt -63.90365982055664 12.147491455078125
vt -64.40365600585938 13.66592788696289
vt -64.40365600585938 13.66592788696289
vt -63.90365982055664 12.147491455078125
vt -63.90365982055664 13.66592788696289
vt -64.40365600585938 -13.66592788696289
vt -63.90365982055664 -13.66592788696289
vt -64.40365600585938 -12.147491455078125
vt -64.40365600585938 -12.147491455078125
vt -63.90365982055664 -13.66592788696289
vt -63.90365982055664 -12.147491455078125
vt -64.40365600585938 -12.147491455078125
vt -63.90365982055664 -12.147491455078125
vt -64.40365600585938 -10.62905502319336
vt -64.40365600585938 -10.62905502319336
vt -63.90365982055664 -12.147491455078125
vt -63.90365982055664 -10.62905502319336
vt -64.40365600585938 -10.62905502319336
vt -63.90365982055664 -10.62905502319336
vt -64.40365600585938 -9.110618591308594
vt -64.40365600585938 -9.110618591308594
vt -63.90365982055664 -10.62905502319336
vt -63.90365982055664 -9.110618591308594
vt -64.40365600585938 -9.110618591308594
vt -63.90365982055664 -9.110618591308594
vt -64.40365600585938 -7.592182159423828
vt -64.40365600585938 -7.592182159423828
vt -63.90365982055664 -9.110618591308594
vt -63.90365982055664 -7.592182159423828
vt -64.40365600585938 -7.592182159423828
vt -63.90365982055664 -7.592182159423828
vt -64.40365600585938 -6.073746204376221
vt -64.40365600585938 -6.073746204376221
vt -63.90365982055664 -7.592182159423828
vt -63.90365982055664 -6.073746204376221
vt -64.40365600585938 -6.073746204376221
vt -63.90365982055664 -6.073746204376221
vt -64.40365600585938 -4.555308818817139
vt -64.40365600585938 -4.555308818817139
vt -63.90365982055664 -6.073746204376221
vt -63.90365982055664 -4.555308818817139
vt -64.40365600585938 -4.555308818817139
vt -63.90365982055664 -4.555308818817139
vt -64.40365600585938 -3.0368731021881104
vt -64.40365600585938 -3.0368731021881104
vt -63.90365982055664 -4.555308818817139
vt -63.90365982055664 -3.0368731021881104
vt -64.40365600585938 -3.0368731021881104
vt -63.90365982055664 -3.0368731021881104
vt -64.40365600585938 -1.5184359550476074
vt -64.40365600585938 -1.5184359550476074
vt -63.90365982055664 -3.0368731021881104
vt -63.90365982055664 -1.5184359550476074
vt -64.40365600585938 -1.5184359550476074
vt -63.90365982055664 -1.5184359550476074
vt -64.40365600585938 0
vt -64.40365600585938 0
vt -63.90365982055664 -1.5184359550476074
vt -63.90365982055664 0
vt -4.087663173675537 -1.4877879619598389
vt -4.068869113922119 -1.4809470176696777
vt -4.349999904632568 0
vt -4.349999904632568 0
vt -4.068869113922119 -1.4809470176696777
vt -4.329999923706055 0
vt -4.349999904632568 0
vt -4.329999923706055 0
vt -4.068869113922119 1.4809470176696777
vt -4.068869113922119 -1.4809470176696777
vt -4.087663173675537 -1.4877879619598389
vt -3.316972017288208 -2.7832698822021484
vt -3.316972017288208 -2.7832698822021484
vt -4.087663173675537 -1.4877879619598389
vt -3.3322930335998535 -2.796125888824463
vt -3.316972017288208 -2.7832698822021484
vt -3.3322930335998535 -2.796125888824463
vt -2.1649999618530273 -3.749890089035034
vt -2.1649999618530273 -3.749890089035034
vt -3.3322930335998535 -2.796125888824463
vt -2.174999952316284 -3.767210006713867
vt -2.1649999618530273 -3.749890089035034
vt -2.174999952316284 -3.767210006713867
vt -0.7518969774246216 -4.264216899871826
vt -0.7518969774246216 -4.264216899871826
vt -2.174999952316284 -3.767210006713867
vt -0.755370020866394 -4.283914089202881
vt -0.7518969774246216 -4.264216899871826
vt -0.755370020866394 -4.283914089202881
vt 0.755370020866394 -4.283914089202881
vt -0.7518969774246216 -4.264216899871826
vt 0.755370020866394 -4.283914089202881
vt 0.7518969774246216 -4.264216899871826
vt 0.7518969774246216 -4.264216899871826
vt 0.755370020866394 -4.283914089202881
vt 2.174999952316284 -3.767210006713867
vt 0.7518969774246216 -4.264216899871826
vt 2.174999952316284 -3.767210006713867
vt 2.1649999618530273 -3.749890089035034
vt 2.1649999618530273 -3.749890089035034
vt 2.174999952316284 -3.767210006713867
vt 3.3322930335998535 -2.796125888824463
vt 2.1649999618530273 -3.749890089035034
vt 3.3322930335998535 -2.796125888824463
vt 3.316972017288208 -2.7832698822021484
vt 3.316972017288208 -2.7832698822021484
vt 3.3322930335998535 -2.796125888824463
vt 4.087663173675537 -1.4877879619598389
vt 3.316972017288208 -2.7832698822021484
vt 4.087663173675537 -1.4877879619598389
vt 4.068869113922119 -1.4809470176696777
vt 4.068869113922119 -1.4809470176696777
vt 4.087663173675537 -1.4877879619598389
vt 4.349999904632568 0
vt 4.068869113922119 -1.4809470176696777
vt 4.349999904632568 0
vt 4.329999923706055 0
vt 4.329999923706055 0
vt 4.349999904632568 0
vt 4.068869113922119 1.4809470176696777
vt 4.068869113922119 1.4809470176696777
vt 4.349999904632568 0
vt 4.087663173675537 1.4877879619598389
vt 4.068869113922119 1.4809470176696777
vt 4.087663173675537 1.4877879619598389
vt 3.316972017288208 2.7832698822021484
vt 3.316972017288208 2.7832698822021484
vt 4.087663173675537 1.4877879619598389
vt 3.3322930335998535 2.796125888824463
vt 3.316972017288208 2.7832698822021484
vt 3.3322930335998535 2.796125888824463
vt 2.1649999618530273 3.749890089035034
vt 2.1649999618530273 3.749890089035034
vt 3.3322930335998535 2.796125888824463
vt 2.174999952316284 3.767210006713867
vt 2.1649999618530273 3.749890089035034
vt 2.174999952316284 3.767210006713867
vt 0.7518969774246216 4.264216899871826
vt 0.7518969774246216 4.264216899871826
vt 2.174999952316284 3.767210006713867
vt 0.755370020866394 4.283914089202881
vt 0.7518969774246216 4.264216899871826
vt 0.755370020866394 4.283914089202881
vt -0.755370020866394 4.283914089202881
vt 0.7518969774246216 4.264216899871826
vt -0.755370020866394 4.283914089202881
vt -0.7518969774246216 4.264216899871826
vt -0.7518969774246216 4.264216899871826
vt -0.755370020866394 4.283914089202881
vt -2.174999952316284 3.767210006713867
vt -0.7518969774246216 4.264216899871826
vt -2.174999952316284 3.767210006713867
vt -2.1649999618530273 3.749890089035034
vt -2.1649999618530273 3.749890089035034
vt -2.174999952316284 3.767210006713867
vt -3.3322930335998535 2.796125888824463
vt -2.1649999618530273 3.749890089035034
vt -3.3322930335998535 2.796125888824463
vt -3.316972017288208 2.7832698822021484
vt -3.316972017288208 2.7832698822021484
vt -3.3322930335998535 2.796125888824463
vt -4.087663173675537 1.4877879619598389
vt -3.316972017288208 2.7832698822021484
vt -4.087663173675537 1.4877879619598389
vt -4.068869113922119 1.4809470176696777
vt -4.068869113922119 1.4809470176696777
vt -4.087663173675537 1.4877879619598389
vt -4.349999904632568 0
vt 0.8483859896659851 4.266478061676025
vt 0 4.349999904632568
vt 0 4.329999923706055
vt 0 4.329999923706055
vt 0 4.349999904632568
vt -0.8483859896659851 4.266478061676025
vt 0 4.329999923706055
vt -0.8483859896659851 4.266478061676025
vt -0.8447409868240356 4.246799945831299
vt -0.8447409868240356 4.246799945831299
vt -0.8483859896659851 4.266478061676025
vt -1.6649069786071777 4.018787860870361
vt -0.8447409868240356 4.246799945831299
vt -1.6649069786071777 4.018787860870361
vt -1.657019019126892 4.0003981590271
vt -1.657019019126892 4.0003981590271
vt -1.6649069786071777 4.018787860870361
vt -2.405618906021118 3.6002631187438965
vt -2.405618906021118 3.6002631187438965
vt -1.6649069786071777 4.018787860870361
vt -2.4167819023132324 3.61680006980896
vt -2.405618906021118 3.6002631187438965
vt -2.4167819023132324 3.61680006980896
vt -3.0757479667663574 3.076093912124634
vt -2.405618906021118 3.6002631187438965
vt -3.0757479667663574 3.076093912124634
vt -3.061772108078003 3.061772108078003
vt -3.061772108078003 3.061772108078003
vt -3.0757479667663574 3.076093912124634
vt -3.616776943206787 2.4168100357055664
vt -3.061772108078003 3.061772108078003
vt -3.616776943206787 2.4168100357055664
vt -3.6002631187438965 2.405618906021118
vt -3.6002631187438965 2.405618906021118
vt -3.616776943206787 2.4168100357055664
vt -4.018820762634277 1.6648290157318115
vt -3.6002631187438965 2.405618906021118
vt -4.018820762634277 1.6648290157318115
vt -4.0003981590271 1.657019019126892
vt -4.0003981590271 1.657019019126892
vt -4.018820762634277 1.6648290157318115
vt -4.266357898712158 0.8486430048942566
vt -4.0003981590271 1.657019019126892
vt -4.266357898712158 0.8486430048942566
vt -4.246799945831299 0.8447409868240356
vt -4.246799945831299 0.8447409868240356
vt -4.266357898712158 0.8486430048942566
vt -4.350008964538574 0
vt -4.246799945831299 0.8447409868240356
vt -4.350008964538574 0
vt -4.329999923706055 0
vt -4.329999923706055 0
vt -4.350008964538574 0
vt -4.246799945831299 -0.8447409868240356
vt -4.246799945831299 -0.8447409868240356
vt -4.350008964538574 0
vt -4.266357898712158 -0.8486430048942566
vt -4.246799945831299 -0.8447409868240356
vt -4.266357898712158 -0.8486430048942566
vt -4.0003981590271 -1.657019019126892
vt -4.0003981590271 -1.657019019126892
vt -4.266357898712158 -0.8486430048942566
vt -4.018820762634277 -1.6648290157318115
vt -4.0003981590271 -1.657019019126892
vt -4.018820762634277 -1.6648290157318115
vt -3.6002631187438965 -2.405618906021118
vt -3.6002631187438965 -2.405618906021118
vt -4.018820762634277 -1.6648290157318115
vt -3.616776943206787 -2.4168100357055664
vt -3.6002631187438965 -2.405618906021118
vt -3.616776943206787 -2.4168100357055664
vt -3.061772108078003 -3.061772108078003
vt -3.061772108078003 -3.061772108078003
vt -3.616776943206787 -2.4168100357055664
vt -3.0757479667663574 -3.076093912124634
vt -3.061772108078003 -3.061772108078003
vt -3.0757479667663574 -3.076093912124634
vt -2.405618906021118 -3.6002631187438965
vt -2.405618906021118 -3.6002631187438965
vt -3.0757479667663574 -3.076093912124634
vt -2.4167819023132324 -3.61680006980896
vt -2.405618906021118 -3.6002631187438965
vt -2.4167819023132324 -3.61680006980896
vt -1.6649069786071777 -4.018787860870361
vt -0.8483859896659851 -4.266478061676025
vt -0.8447409868240356 -4.246799945831299
vt -1.6649069786071777 -4.018787860870361
vt -1.6649069786071777 -4.018787860870361
vt -0.8447409868240356 -4.246799945831299
vt -1.657019019126892 -4.0003981590271
vt -1.6649069786071777 -4.018787860870361
vt -1.657019019126892 -4.0003981590271
vt -2.405618906021118 -3.6002631187438965
vt -0.8447409868240356 -4.246799945831299
vt -0.8483859896659851 -4.266478061676025
vt 0 -4.329999923706055
vt 0 -4.329999923706055
vt -0.8483859896659851 -4.266478061676025
vt 0 -4.349999904632568
vt 0 -4.329999923706055
vt 0 -4.349999904632568
vt 0.8483859896659851 -4.266478061676025
vt 0 -4.329999923706055
vt 0.8483859896659851 -4.266478061676025
vt 0.8447409868240356 -4.246799945831299
vt 0.8447409868240356 -4.246799945831299
vt 0.8483859896659851 -4.266478061676025
vt 1.6649069786071777 -4.018787860870361
vt 0.8447409868240356 -4.246799945831299
vt 1.6649069786071777 -4.018787860870361
vt 1.657019019126892 -4.0003981590271
vt 1.657019019126892 -4.0003981590271
vt 1.6649069786071777 -4.018787860870361
vt 2.405618906021118 -3.6002631187438965
vt 2.405618906021118 -3.6002631187438965
vt 1.6649069786071777 -4.018787860870361
vt 2.4167819023132324 -3.61680006980896
vt 2.405618906021118 -3.6002631187438965
vt 2.4167819023132324 -3.61680006980896
vt 3.0757479667663574 -3.076093912124634
vt 2.405618906021118 -3.6002631187438965
vt 3.0757479667663574 -3.076093912124634
vt 3.061772108078003 -3.061772108078003
vt 3.061772108078003 -3.061772108078003
vt 3.0757479667663574 -3.076093912124634
vt 3.616776943206787 -2.4168100357055664
vt 3.061772108078003 -3.061772108078003
vt 3.616776943206787 -2.4168100357055664
vt 3.6002631187438965 -2.405618906021118
vt 3.6002631187438965 -2.405618906021118
vt 3.616776943206787 -2.4168100357055664
vt 4.018820762634277 -1.6648290157318115
vt 3.6002631187438965 -2.405618906021118
vt 4.018820762634277 -1.6648290157318115
vt 4.0003981590271 -1.657019019126892
vt 4.0003981590271 -1.657019019126892
vt 4.018820762634277 -1.6648290157318115
vt 4.266357898712158 -0.8486430048942566
vt 4.0003981590271 -1.657019019126892
vt 4.266357898712158 -0.8486430048942566
vt 4.246799945831299 -0.8447409868240356
vt 4.246799945831299 -0.8447409868240356
vt 4.266357898712158 -0.8486430048942566
vt 4.350008964538574 0
vt 4.246799945831299 -0.8447409868240356
vt 4.350008964538574 0
vt 4.329999923706055 0
vt 4.329999923706055 0
vt 4.350008964538574 0
vt 4.246799945831299 0.8447409868240356
vt 4.246799945831299 0.8447409868240356
vt 4.350008964538574 0
vt 4.266357898712158 0.8486430048942566
vt 4.246799945831299 0.8447409868240356
vt 4.266357898712158 0.8486430048942566
vt 4.0003981590271 1.657019019126892
vt 4.0003981590271 1.657019019126892
vt 4.266357898712158 0.8486430048942566
vt 4.018820762634277 1.6648290157318115
vt 4.0003981590271 1.657019019126892
vt 4.018820762634277 1.6648290157318115
vt 3.6002631187438965 2.405618906021118
vt 3.6002631187438965 2.405618906021118
vt 4.018820762634277 1.6648290157318115
vt 3.616776943206787 2.4168100357055664
vt 3.6002631187438965 2.405618906021118
vt 3.616776943206787 2.4168100357055664
vt 3.061772108078003 3.061772108078003
vt 3.061772108078003 3.061772108078003
vt 3.616776943206787 2.4168100357055664
vt 3.0757479667663574 3.076093912124634
vt 3.061772108078003 3.061772108078003
vt 3.0757479667663574 3.076093912124634
vt 2.405618906021118 3.6002631187438965
vt 2.405618906021118 3.6002631187438965
vt 3.0757479667663574 3.076093912124634
vt 2.4167819023132324 3.61680006980896
vt 2.405618906021118 3.6002631187438965
vt 2.4167819023132324 3.61680006980896
vt 1.6649069786071777 4.018787860870361
vt 0.8483859896659851 4.266478061676025
vt 0.8447409868240356 4.246799945831299
vt 1.6649069786071777 4.018787860870361
vt 1.6649069786071777 4.018787860870361
vt 0.8447409868240356 4.246799945831299
vt 1.657019019126892 4.0003981590271
vt 1.6649069786071777 4.018787860870361
vt 1.657019019126892 4.0003981590271
vt 2.405618906021118 3.6002631187438965
vt 0.8447409868240356 4.246799945831299
vt 0.8483859896659851 4.266478061676025
vt 0 4.329999923706055
vt -5.325915813446045 -1.7304949760437012
vt 5.325915813446045 -1.7304949760437012
vt -5.599999904632568 0
vt -5.599999904632568 0
vt 5.325915813446045 -1.7304949760437012
vt 5.599999904632568 0
vt -5.599999904632568 0
vt 5.599999904632568 0
vt -5.325915813446045 1.7304949760437012
vt -5.325915813446045 1.7304949760437012
vt 5.599999904632568 0
vt 5.325915813446045 1.7304949760437012
vt -5.325915813446045 1.7304949760437012
vt 5.325915813446045 1.7304949760437012
vt -4.5304951667785645 3.2915968894958496
vt -4.5304951667785645 3.2915968894958496
vt 5.325915813446045 1.7304949760437012
vt 4.5304951667785645 3.2915968894958496
vt -4.5304951667785645 3.2915968894958496
vt 4.5304951667785645 3.2915968894958496
vt -3.2915968894958496 4.5304951667785645
vt -3.2915968894958496 4.5304951667785645
vt 4.5304951667785645 3.2915968894958496
vt 3.2915968894958496 4.5304951667785645
vt -3.2915968894958496 4.5304951667785645
vt 3.2915968894958496 4.5304951667785645
vt -1.7304949760437012 5.325915813446045
vt -1.7304949760437012 5.325915813446045
vt 3.2915968894958496 4.5304951667785645
vt 1.7304949760437012 5.325915813446045
vt -1.7304949760437012 5.325915813446045
vt 1.7304949760437012 5.325915813446045
vt 0 5.599999904632568
vt 5.325915813446045 -1.7304949760437012
vt -5.325915813446045 -1.7304949760437012
vt 4.5304951667785645 -3.2915968894958496
vt 4.5304951667785645 -3.2915968894958496
vt -5.325915813446045 -1.7304949760437012
vt -4.5304951667785645 -3.2915968894958496
vt 4.5304951667785645 -3.2915968894958496
vt -4.5304951667785645 -3.2915968894958496
vt 3.2915968894958496 -4.5304951667785645
vt 3.2915968894958496 -4.5304951667785645
vt -4.5304951667785645 -3.2915968894958496
vt -3.2915968894958496 -4.5304951667785645
vt 3.2915968894958496 -4.5304951667785645
vt -3.2915968894958496 -4.5304951667785645
vt 1.7304949760437012 -5.325915813446045
vt 1.7304949760437012 -5.325915813446045
vt -3.2915968894958496 -4.5304951667785645
vt -1.7304949760437012 -5.325915813446045
vt 1.7304949760437012 -5.325915813446045
vt -1.7304949760437012 -5.325915813446045
vt 0 -5.599999904632568
vt 21.03919219970703 17.592918395996094
vt 20.339191436767578 17.592918395996094
vt 21.03919219970703 15.833626747131348
vt 21.03919219970703 15.833626747131348
vt 20.339191436767578 17.592918395996094
vt 20.339191436767578 15.833626747131348
vt 21.03919219970703 15.833626747131348
vt 20.339191436767578 15.833626747131348
vt 21.03919219970703 14.074335098266602
vt 21.03919219970703 14.074335098266602
vt 20.339191436767578 15.833626747131348
vt 20.339191436767578 14.074335098266602
vt 21.03919219970703 14.074335098266602
vt 20.339191436767578 14.074335098266602
vt 21.03919219970703 12.315043449401855
vt 21.03919219970703 12.315043449401855
vt 20.339191436767578 14.074335098266602
vt 20.339191436767578 12.315043449401855
vt 21.03919219970703 12.315043449401855
vt 20.339191436767578 12.315043449401855
vt 21.03919219970703 10.555750846862793
vt 21.03919219970703 10.555750846862793
vt 20.339191436767578 12.315043449401855
vt 20.339191436767578 10.555750846862793
vt 21.03919219970703 10.555750846862793
vt 20.339191436767578 10.555750846862793
vt 21.03919219970703 8.796459197998047
vt 21.03919219970703 8.796459197998047
vt 20.339191436767578 10.555750846862793
vt 20.339191436767578 8.796459197998047
vt 21.03919219970703 8.796459197998047
vt 20.339191436767578 8.796459197998047
vt 21.03919219970703 7.037168025970459
vt 21.03919219970703 7.037168025970459
vt 20.339191436767578 8.796459197998047
vt 20.339191436767578 7.037168025970459
vt 21.03919219970703 7.037168025970459
vt 20.339191436767578 7.037168025970459
vt 21.03919219970703 5.277874946594238
vt 21.03919219970703 5.277874946594238
vt 20.339191436767578 7.037168025970459
vt 20.339191436767578 5.277874946594238
vt 21.03919219970703 5.277874946594238
vt 20.339191436767578 5.277874946594238
vt 21.03919219970703 3.5185840129852295
vt 21.03919219970703 3.5185840129852295
vt 20.339191436767578 5.277874946594238
vt 20.339191436767578 3.5185840129852295
vt 21.03919219970703 3.5185840129852295
vt 20.339191436767578 3.5185840129852295
vt 21.03919219970703 1.7592920064926147
vt 21.03919219970703 1.7592920064926147
vt 20.339191436767578 3.5185840129852295
vt 20.339191436767578 1.7592920064926147
vt 21.03919219970703 1.7592920064926147
vt 20.339191436767578 1.7592920064926147
vt 21.03919219970703 0
vt 21.03919219970703 0
vt 20.339191436767578 1.7592920064926147
vt 20.339191436767578 0
vt 1.150702953338623 5.78671407699585
vt 0 5.900000095367432
vt 0 5.599999904632568
vt 0 5.599999904632568
vt 0 5.900000095367432
vt -1.150702953338623 5.78671407699585
vt 0 5.599999904632568
vt -1.150702953338623 5.78671407699585
vt -1.7304949760437012 5.325915813446045
vt -1.7304949760437012 5.325915813446045
vt -1.150702953338623 5.78671407699585
vt -2.258183002471924 5.450757026672363
vt -1.7304949760437012 5.325915813446045
vt -2.258183002471924 5.450757026672363
vt -3.2915968894958496 4.5304951667785645
vt -3.2915968894958496 4.5304951667785645
vt -2.258183002471924 5.450757026672363
vt -3.277966022491455 4.905526161193848
vt -3.2915968894958496 4.5304951667785645
vt -3.277966022491455 4.905526161193848
vt -4.171724796295166 4.172152042388916
vt -3.2915968894958496 4.5304951667785645
vt -4.171724796295166 4.172152042388916
vt -4.5304951667785645 3.2915968894958496
vt -4.5304951667785645 3.2915968894958496
vt -4.171724796295166 4.172152042388916
vt -4.9055280685424805 3.277951955795288
vt -4.5304951667785645 3.2915968894958496
vt -4.9055280685424805 3.277951955795288
vt -5.4508209228515625 2.2580299377441406
vt -4.5304951667785645 3.2915968894958496
vt -5.4508209228515625 2.2580299377441406
vt -5.325915813446045 1.7304949760437012
vt -5.325915813446045 1.7304949760437012
vt -5.4508209228515625 2.2580299377441406
vt -5.786555767059326 1.1510260105133057
vt -5.325915813446045 1.7304949760437012
vt -5.786555767059326 1.1510260105133057
vt -5.599999904632568 0
vt -5.599999904632568 0
vt -5.786555767059326 1.1510260105133057
vt -5.900012016296387 0
vt -5.599999904632568 0
vt -5.900012016296387 0
vt -5.786555767059326 -1.1510260105133057
vt -5.599999904632568 0
vt -5.786555767059326 -1.1510260105133057
vt -5.325915813446045 -1.7304949760437012
vt -5.325915813446045 -1.7304949760437012
vt -5.786555767059326 -1.1510260105133057
vt -5.4508209228515625 -2.2580299377441406
vt -5.325915813446045 -1.7304949760437012
vt -5.4508209228515625 -2.2580299377441406
vt -4.5304951667785645 -3.2915968894958496
vt -4.5304951667785645 -3.2915968894958496
vt -5.4508209228515625 -2.2580299377441406
vt -4.9055280685424805 -3.277951955795288
vt -4.5304951667785645 -3.2915968894958496
vt -4.9055280685424805 -3.277951955795288
vt -4.171724796295166 -4.172152042388916
vt -4.5304951667785645 -3.2915968894958496
vt -4.171724796295166 -4.172152042388916
vt -3.2915968894958496 -4.5304951667785645
vt -3.2915968894958496 -4.5304951667785645
vt -4.171724796295166 -4.172152042388916
vt -3.277966022491455 -4.905526161193848
vt -3.2915968894958496 -4.5304951667785645
vt -3.277966022491455 -4.905526161193848
vt -2.258183002471924 -5.450757026672363
vt -3.2915968894958496 -4.5304951667785645
vt -2.258183002471924 -5.450757026672363
vt -1.7304949760437012 -5.325915813446045
vt -1.7304949760437012 -5.325915813446045
vt -2.258183002471924 -5.450757026672363
vt -1.150702953338623 -5.78671407699585
vt -1.7304949760437012 -5.325915813446045
vt -1.150702953338623 -5.78671407699585
vt 0 -5.599999904632568
vt 0 -5.599999904632568
vt -1.150702953338623 -5.78671407699585
vt 0 -5.900000095367432
vt 0 -5.599999904632568
vt 0 -5.900000095367432
vt 1.150702953338623 -5.78671407699585
vt 0 -5.599999904632568
vt 1.150702953338623 -5.78671407699585
vt 1.7304949760437012 -5.325915813446045
vt 1.7304949760437012 -5.325915813446045
vt 1.150702953338623 -5.78671407699585
vt 2.258183002471924 -5.450757026672363
vt 1.7304949760437012 -5.325915813446045
vt 2.258183002471924 -5.450757026672363
vt 3.2915968894958496 -4.5304951667785645
vt 3.2915968894958496 -4.5304951667785645
vt 2.258183002471924 -5.450757026672363
vt 3.277966022491455 -4.905526161193848
vt 3.2915968894958496 -4.5304951667785645
vt 3.277966022491455 -4.905526161193848
vt 4.171724796295166 -4.172152042388916
vt 3.2915968894958496 -4.5304951667785645
vt 4.171724796295166 -4.172152042388916
vt 4.5304951667785645 -3.2915968894958496
vt 4.5304951667785645 -3.2915968894958496
vt 4.171724796295166 -4.172152042388916
vt 4.9055280685424805 -3.277951955795288
vt 4.5304951667785645 -3.2915968894958496
vt 4.9055280685424805 -3.277951955795288
vt 5.4508209228515625 -2.2580299377441406
vt 4.5304951667785645 -3.2915968894958496
vt 5.4508209228515625 -2.2580299377441406
vt 5.325915813446045 -1.7304949760437012
vt 5.325915813446045 -1.7304949760437012
vt 5.4508209228515625 -2.2580299377441406
vt 5.786555767059326 -1.1510260105133057
vt 5.325915813446045 -1.7304949760437012
vt 5.786555767059326 -1.1510260105133057
vt 5.599999904632568 0
vt 5.599999904632568 0
vt 5.786555767059326 -1.1510260105133057
vt 5.900012016296387 0
vt 5.599999904632568 0
vt 5.900012016296387 0
vt 5.786555767059326 1.1510260105133057
vt 5.599999904632568 0
vt 5.786555767059326 1.1510260105133057
vt 5.325915813446045 1.7304949760437012
vt 5.325915813446045 1.7304949760437012
vt 5.786555767059326 1.1510260105133057
vt 5.4508209228515625 2.2580299377441406
vt 5.325915813446045 1.7304949760437012
vt 5.4508209228515625 2.2580299377441406
vt 4.5304951667785645 3.2915968894958496
vt 4.5304951667785645 3.2915968894958496
vt 5.4508209228515625 2.2580299377441406
vt 4.9055280685424805 3.277951955795288
vt 4.5304951667785645 3.2915968894958496
vt 4.9055280685424805 3.277951955795288
vt 4.171724796295166 4.172152042388916
vt 4.5304951667785645 3.2915968894958496
vt 4.171724796295166 4.172152042388916
vt 3.2915968894958496 4.5304951667785645
vt 3.2915968894958496 4.5304951667785645
vt 4.171724796295166 4.172152042388916
vt 3.277966022491455 4.905526161193848
vt 3.2915968894958496 4.5304951667785645
vt 3.277966022491455 4.905526161193848
vt 2.258183002471924 5.450757026672363
vt 3.2915968894958496 4.5304951667785645
vt 2.258183002471924 5.450757026672363
vt 1.7304949760437012 5.325915813446045
vt 1.7304949760437012 5.325915813446045
vt 2.258183002471924 5.450757026672363
vt 1.150702953338623 5.78671407699585
vt 1.7304949760437012 5.325915813446045
vt 1.150702953338623 5.78671407699585
vt 0 5.599999904632568
vt 15.870915412902832 9.68532657623291
vt 14.937589645385742 9.68532657623291
vt 15.84201431274414 8.873982429504395
vt 15.84201431274414 8.873982429504395
vt 14.937589645385742 9.68532657623291
vt 14.937589645385742 8.478001594543457
vt 15.84201431274414 8.873982429504395
vt 14.937589645385742 8.478001594543457
vt 15.84201431274414 8.062638282775879
vt 15.84201431274414 8.062638282775879
vt 14.937589645385742 8.478001594543457
vt 14.937589645385742 7.2706780433654785
vt 15.84201431274414 8.062638282775879
vt 14.937589645385742 7.2706780433654785
vt 15.84201431274414 7.251294136047363
vt 15.84201431274414 7.251294136047363
vt 14.937589645385742 7.2706780433654785
vt 15.84201431274414 6.439949989318848
vt 15.84201431274414 7.251294136047363
vt 15.84201431274414 6.439949989318848
vt 16.74643898010254 6.439949989318848
vt 16.74643898010254 6.439949989318848
vt 15.84201431274414 6.439949989318848
vt 16.74643898010254 5.628605842590332
vt 16.74643898010254 6.439949989318848
vt 16.74643898010254 5.628605842590332
vt 17.650863647460938 5.628605842590332
vt 17.650863647460938 5.628605842590332
vt 16.74643898010254 5.628605842590332
vt 17.650863647460938 4.817262172698975
vt 17.650863647460938 5.628605842590332
vt 17.650863647460938 4.817262172698975
vt 18.555286407470703 4.817262172698975
vt 18.555286407470703 4.817262172698975
vt 17.650863647460938 4.817262172698975
vt 18.555286407470703 4.005918979644775
vt 18.555286407470703 4.817262172698975
vt 18.555286407470703 4.005918979644775
vt 19.4597110748291 4.005918979644775
vt 19.4597110748291 4.005918979644775
vt 18.555286407470703 4.005918979644775
vt 19.4597110748291 3.1945741176605225
vt 19.4597110748291 4.005918979644775
vt 19.4597110748291 3.1945741176605225
vt 20.3641357421875 3.1945741176605225
vt 20.3641357421875 3.1945741176605225
vt 19.4597110748291 3.1945741176605225
vt 20.3641357421875 2.402614116668701
vt 20.3641357421875 3.1945741176605225
vt 20.3641357421875 2.402614116668701
vt 21.2685604095459 2.402614116668701
vt 21.2685604095459 2.402614116668701
vt 20.3641357421875 2.402614116668701
vt 21.2685604095459 1.6106539964675903
vt 21.2685604095459 2.402614116668701
vt 21.2685604095459 1.6106539964675903
vt 22.172985076904297 1.6106539964675903
vt 22.172985076904297 1.6106539964675903
vt 21.2685604095459 1.6106539964675903
vt 22.172985076904297 0.818693995475769
vt 22.172985076904297 1.6106539964675903
vt 22.172985076904297 0.818693995475769
vt 23.019060134887695 0.818693995475769
vt 23.019060134887695 0.818693995475769
vt 22.172985076904297 0.818693995475769
vt 22.40638542175293 0
vt 23.019060134887695 0.818693995475769
vt 22.40638542175293 0
vt 23.019060134887695 0.026732999831438065
vt 23.019060134887695 0.026732999831438065
vt 22.40638542175293 0
vt 23.339996337890625 0
vt 23.019060134887695 0.026732999831438065
vt 23.339996337890625 0
vt 23.019060134887695 0.818693995475769
vt 23.019060134887695 0.818693995475769
vt 23.339996337890625 0
vt 23.86513328552246 0.818693995475769
vt 23.019060134887695 0.818693995475769
vt 23.86513328552246 0.818693995475769
vt 23.019060134887695 1.6106539964675903
vt 23.019060134887695 1.6106539964675903
vt 23.86513328552246 0.818693995475769
vt 23.86513328552246 1.6106539964675903
vt 23.019060134887695 1.6106539964675903
vt 23.86513328552246 1.6106539964675903
vt 23.019060134887695 2.402614116668701
vt 23.019060134887695 2.402614116668701
vt 23.86513328552246 1.6106539964675903
vt 23.86513328552246 2.402614116668701
vt 23.019060134887695 2.402614116668701
vt 23.86513328552246 2.402614116668701
vt 23.019060134887695 3.1945741176605225
vt 23.019060134887695 3.1945741176605225
vt 23.86513328552246 2.402614116668701
vt 23.86513328552246 3.1945741176605225
vt 23.019060134887695 3.1945741176605225
vt 23.86513328552246 3.1945741176605225
vt 23.019060134887695 4.005918979644775
vt 23.019060134887695 4.005918979644775
vt 23.86513328552246 3.1945741176605225
vt 23.86513328552246 4.005918979644775
vt 23.019060134887695 4.005918979644775
vt 23.86513328552246 4.005918979644775
vt 23.019060134887695 4.817262172698975
vt 23.019060134887695 4.817262172698975
vt 23.86513328552246 4.005918979644775
vt 23.86513328552246 4.817262172698975
vt 23.019060134887695 4.817262172698975
vt 23.86513328552246 4.817262172698975
vt 23.019060134887695 5.628605842590332
vt 23.019060134887695 5.628605842590332
vt 23.86513328552246 4.817262172698975
vt 23.86513328552246 5.628605842590332
vt 23.019060134887695 5.628605842590332
vt 23.86513328552246 5.628605842590332
vt 23.019060134887695 6.439949989318848
vt 23.019060134887695 6.439949989318848
vt 23.86513328552246 5.628605842590332
vt 23.86513328552246 6.439949989318848
vt 23.019060134887695 6.439949989318848
vt 23.86513328552246 6.439949989318848
vt 23.019060134887695 7.251294136047363
vt 23.019060134887695 7.251294136047363
vt 23.86513328552246 6.439949989318848
vt 23.86513328552246 7.251294136047363
vt 23.019060134887695 7.251294136047363
vt 23.86513328552246 7.251294136047363
vt 23.019060134887695 8.062638282775879
vt 23.019060134887695 8.062638282775879
vt 23.86513328552246 7.251294136047363
vt 23.86513328552246 8.062638282775879
vt 23.019060134887695 8.062638282775879
vt 23.86513328552246 8.062638282775879
vt 23.019060134887695 8.873982429504395
vt 23.019060134887695 8.873982429504395
vt 23.86513328552246 8.062638282775879
vt 23.86513328552246 8.873982429504395
vt 23.019060134887695 8.873982429504395
vt 23.86513328552246 8.873982429504395
vt 23.33998680114746 9.68531322479248
vt 23.33998680114746 9.68531322479248
vt 23.86513328552246 8.873982429504395
vt 24.27375030517578 9.68532657623291
vt 24.27375030517578 9.68532657623291
vt 23.86513328552246 8.873982429504395
vt 24.71120834350586 8.873982429504395
vt 24.27375030517578 9.68532657623291
vt 24.71120834350586 8.873982429504395
vt 25.207304000854492 9.685324668884277
vt 25.207304000854492 9.685324668884277
vt 24.71120834350586 8.873982429504395
vt 25.557283401489258 8.873982429504395
vt 25.207304000854492 9.685324668884277
vt 25.557283401489258 8.873982429504395
vt 26.14102554321289 9.68532657623291
vt 26.14102554321289 9.68532657623291
vt 25.557283401489258 8.873982429504395
vt 26.403356552124023 8.873982429504395
vt 26.14102554321289 9.68532657623291
vt 26.403356552124023 8.873982429504395
vt 27.074249267578125 9.68532657623291
vt 27.074249267578125 9.68532657623291
vt 26.403356552124023 8.873982429504395
vt 27.249431610107422 8.873982429504395
vt 27.074249267578125 9.68532657623291
vt 27.249431610107422 8.873982429504395
vt 28.007680892944336 9.685325622558594
vt 28.007680892944336 9.685325622558594
vt 27.249431610107422 8.873982429504395
vt 28.09550666809082 8.873982429504395
vt 28.007680892944336 9.685325622558594
vt 28.09550666809082 8.873982429504395
vt 28.94185447692871 9.685325622558594
vt 28.94185447692871 9.685325622558594
vt 28.09550666809082 8.873982429504395
vt 28.941579818725586 8.873982429504395
vt 28.94185447692871 9.685325622558594
vt 28.941579818725586 8.873982429504395
vt 29.875179290771484 9.68532657623291
vt 29.875179290771484 9.68532657623291
vt 28.941579818725586 8.873982429504395
vt 29.875179290771484 7.263995170593262
vt 29.875179290771484 7.263995170593262
vt 28.941579818725586 8.873982429504395
vt 28.941579818725586 8.062638282775879
vt 29.875179290771484 7.263995170593262
vt 28.941579818725586 8.062638282775879
vt 28.941579818725586 7.251294136047363
vt 28.941579818725586 7.251294136047363
vt 28.941579818725586 8.062638282775879
vt 28.09550666809082 8.062638282775879
vt 28.941579818725586 7.251294136047363
vt 28.09550666809082 8.062638282775879
vt 28.09550666809082 7.251294136047363
vt 28.09550666809082 7.251294136047363
vt 28.09550666809082 8.062638282775879
vt 27.249431610107422 8.062638282775879
vt 28.09550666809082 7.251294136047363
vt 27.249431610107422 8.062638282775879
vt 27.249431610107422 7.251294136047363
vt 27.249431610107422 7.251294136047363
vt 27.249431610107422 8.062638282775879
vt 26.403356552124023 8.062638282775879
vt 27.249431610107422 7.251294136047363
vt 26.403356552124023 8.062638282775879
vt 26.403356552124023 7.251294136047363
vt 26.403356552124023 7.251294136047363
vt 26.403356552124023 8.062638282775879
vt 25.557283401489258 8.062638282775879
vt 26.403356552124023 7.251294136047363
vt 25.557283401489258 8.062638282775879
vt 25.557283401489258 7.251294136047363
vt 25.557283401489258 7.251294136047363
vt 25.557283401489258 8.062638282775879
vt 24.71120834350586 8.062638282775879
vt 25.557283401489258 7.251294136047363
vt 24.71120834350586 8.062638282775879
vt 24.71120834350586 7.251294136047363
vt 24.71120834350586 7.251294136047363
vt 24.71120834350586 8.062638282775879
vt 23.86513328552246 8.062638282775879
vt 24.71120834350586 7.251294136047363
vt 23.86513328552246 8.062638282775879
vt 23.86513328552246 7.251294136047363
vt 14.937589645385742 7.2706780433654785
vt 14.937589645385742 6.063354015350342
vt 15.84201431274414 6.439949989318848
vt 15.84201431274414 6.439949989318848
vt 14.937589645385742 6.063354015350342
vt 15.84201431274414 5.628605842590332
vt 15.84201431274414 6.439949989318848
vt 15.84201431274414 5.628605842590332
vt 16.74643898010254 5.628605842590332
vt 16.74643898010254 5.628605842590332
vt 15.84201431274414 5.628605842590332
vt 16.74643898010254 4.817262172698975
vt 16.74643898010254 5.628605842590332
vt 16.74643898010254 4.817262172698975
vt 17.650863647460938 4.817262172698975
vt 17.650863647460938 4.817262172698975
vt 16.74643898010254 4.817262172698975
vt 17.650863647460938 4.005918979644775
vt 17.650863647460938 4.817262172698975
vt 17.650863647460938 4.005918979644775
vt 18.555286407470703 4.005918979644775
vt 18.555286407470703 4.005918979644775
vt 17.650863647460938 4.005918979644775
vt 18.555286407470703 3.1945741176605225
vt 18.555286407470703 4.005918979644775
vt 18.555286407470703 3.1945741176605225
vt 19.4597110748291 3.1945741176605225
vt 19.4597110748291 3.1945741176605225
vt 18.555286407470703 3.1945741176605225
vt 19.4597110748291 2.402614116668701
vt 19.4597110748291 3.1945741176605225
vt 19.4597110748291 2.402614116668701
vt 20.3641357421875 2.402614116668701
vt 20.3641357421875 2.402614116668701
vt 19.4597110748291 2.402614116668701
vt 20.3641357421875 1.6106539964675903
vt 20.3641357421875 2.402614116668701
vt 20.3641357421875 1.6106539964675903
vt 21.2685604095459 1.6106539964675903
vt 21.2685604095459 1.6106539964675903
vt 20.3641357421875 1.6106539964675903
vt 21.2685604095459 0.818693995475769
vt 21.2685604095459 1.6106539964675903
vt 21.2685604095459 0.818693995475769
vt 22.172985076904297 0.818693995475769
vt 22.172985076904297 0.818693995475769
vt 21.2685604095459 0.818693995475769
vt 21.4727725982666 0
vt 22.172985076904297 0.818693995475769
vt 21.4727725982666 0
vt 22.172985076904297 0.026732999831438065
vt 22.172985076904297 0.026732999831438065
vt 21.4727725982666 0
vt 22.40638542175293 0
vt 22.172985076904297 0.026732999831438065
vt 22.40638542175293 0
vt 22.172985076904297 0.818693995475769
vt 14.937589645385742 6.063354015350342
vt 14.937589645385742 4.856029987335205
vt 15.84201431274414 5.628605842590332
vt 15.84201431274414 5.628605842590332
vt 14.937589645385742 4.856029987335205
vt 15.84201431274414 4.817262172698975
vt 15.84201431274414 5.628605842590332
vt 15.84201431274414 4.817262172698975
vt 16.74643898010254 4.817262172698975
vt 16.74643898010254 4.817262172698975
vt 15.84201431274414 4.817262172698975
vt 16.74643898010254 4.005918979644775
vt 16.74643898010254 4.817262172698975
vt 16.74643898010254 4.005918979644775
vt 17.650863647460938 4.005918979644775
vt 17.650863647460938 4.005918979644775
vt 16.74643898010254 4.005918979644775
vt 17.650863647460938 3.1945741176605225
vt 17.650863647460938 4.005918979644775
vt 17.650863647460938 3.1945741176605225
vt 18.555286407470703 3.1945741176605225
vt 18.555286407470703 3.1945741176605225
vt 17.650863647460938 3.1945741176605225
vt 18.555286407470703 2.402614116668701
vt 18.555286407470703 3.1945741176605225
vt 18.555286407470703 2.402614116668701
vt 19.4597110748291 2.402614116668701
vt 19.4597110748291 2.402614116668701
vt 18.555286407470703 2.402614116668701
vt 19.4597110748291 1.6106539964675903
vt 19.4597110748291 2.402614116668701
vt 19.4597110748291 1.6106539964675903
vt 20.3641357421875 1.6106539964675903
vt 20.3641357421875 1.6106539964675903
vt 19.4597110748291 1.6106539964675903
vt 20.3641357421875 0.818693995475769
vt 20.3641357421875 1.6106539964675903
vt 20.3641357421875 0.818693995475769
vt 21.2685604095459 0.818693995475769
vt 21.2685604095459 0.818693995475769
vt 20.3641357421875 0.818693995475769
vt 20.539005279541016 0
vt 21.2685604095459 0.818693995475769
vt 20.539005279541016 0
vt 21.2685604095459 0.026732999831438065
vt 21.2685604095459 0.026732999831438065
vt 20.539005279541016 0
vt 21.4727725982666 0
vt 21.2685604095459 0.026732999831438065
vt 21.4727725982666 0
vt 21.2685604095459 0.818693995475769
vt 15.84201431274414 4.817262172698975
vt 14.937589645385742 4.856029987335205
vt 15.84201431274414 4.005918979644775
vt 15.84201431274414 4.005918979644775
vt 14.937589645385742 4.856029987335205
vt 14.937589645385742 3.648705005645752
vt 15.84201431274414 4.005918979644775
vt 14.937589645385742 3.648705005645752
vt 15.84201431274414 3.1945741176605225
vt 15.84201431274414 3.1945741176605225
vt 14.937589645385742 3.648705005645752
vt 14.937589645385742 2.4413809776306152
vt 15.84201431274414 3.1945741176605225
vt 14.937589645385742 2.4413809776306152
vt 15.84201431274414 2.402614116668701
vt 15.84201431274414 2.402614116668701
vt 14.937589645385742 2.4413809776306152
vt 15.84201431274414 1.6106539964675903
vt 15.84201431274414 2.402614116668701
vt 15.84201431274414 1.6106539964675903
vt 16.74643898010254 1.6106539964675903
vt 16.74643898010254 1.6106539964675903
vt 15.84201431274414 1.6106539964675903
vt 16.74643898010254 0.818693995475769
vt 16.74643898010254 1.6106539964675903
vt 16.74643898010254 0.818693995475769
vt 17.650863647460938 0.818693995475769
vt 17.650863647460938 0.818693995475769
vt 16.74643898010254 0.818693995475769
vt 17.650863647460938 0.026732999831438065
vt 17.650863647460938 0.818693995475769
vt 17.650863647460938 0.026732999831438065
vt 17.738489151000977 0
vt 17.738489151000977 0
vt 17.650863647460938 0.026732999831438065
vt 16.8050594329834 0
vt 16.8050594329834 0
vt 17.650863647460938 0.026732999831438065
vt 16.74643898010254 0.818693995475769
vt 16.8050594329834 0
vt 16.74643898010254 0.818693995475769
vt 16.74643898010254 0.026732999831438065
vt 16.74643898010254 0.026732999831438065
vt 16.74643898010254 0.818693995475769
vt 15.84201431274414 0.818693995475769
vt 16.74643898010254 0.026732999831438065
vt 15.84201431274414 0.818693995475769
vt 15.84201431274414 0.026732999831438065
vt 15.84201431274414 0.026732999831438065
vt 15.84201431274414 0.818693995475769
vt 14.937589645385742 0.026732999831438065
vt 15.84201431274414 0.026732999831438065
vt 14.937589645385742 0.026732999831438065
vt 14.937589645385742 0.0133670000359416
vt 14.937589645385742 2.4413809776306152
vt 14.937589645385742 1.2340569496154785
vt 15.84201431274414 1.6106539964675903
vt 15.84201431274414 1.6106539964675903
vt 14.937589645385742 1.2340569496154785
vt 15.84201431274414 0.818693995475769
vt 15.84201431274414 1.6106539964675903
vt 15.84201431274414 0.818693995475769
vt 16.74643898010254 0.818693995475769
vt 14.937589645385742 1.2340569496154785
vt 14.937589645385742 0.026732999831438065
vt 15.84201431274414 0.818693995475769
vt 14.937589645385742 0.0133670000359416
vt 14.937589645385742 0
vt 15.84201431274414 0.026732999831438065
vt 15.84201431274414 0.026732999831438065
vt 14.937589645385742 0
vt 15.870901107788086 0
vt 15.84201431274414 0.026732999831438065
vt 15.870901107788086 0
vt 16.74643898010254 0.026732999831438065
vt 16.74643898010254 0.026732999831438065
vt 15.870901107788086 0
vt 16.8050594329834 0
vt 18.67171859741211 0
vt 18.555286407470703 0.026732999831438065
vt 17.738489151000977 0
vt 17.738489151000977 0
vt 18.555286407470703 0.026732999831438065
vt 18.555286407470703 0.818693995475769
vt 17.738489151000977 0
vt 18.555286407470703 0.818693995475769
vt 17.650863647460938 0.818693995475769
vt 17.650863647460938 0.818693995475769
vt 18.555286407470703 0.818693995475769
vt 17.650863647460938 1.6106539964675903
vt 17.650863647460938 0.818693995475769
vt 17.650863647460938 1.6106539964675903
vt 16.74643898010254 1.6106539964675903
vt 16.74643898010254 1.6106539964675903
vt 17.650863647460938 1.6106539964675903
vt 16.74643898010254 2.402614116668701
vt 16.74643898010254 1.6106539964675903
vt 16.74643898010254 2.402614116668701
vt 15.84201431274414 2.402614116668701
vt 15.84201431274414 2.402614116668701
vt 16.74643898010254 2.402614116668701
vt 15.84201431274414 3.1945741176605225
vt 19.605443954467773 0
vt 19.4597110748291 0.026732999831438065
vt 18.67171859741211 0
vt 18.67171859741211 0
vt 19.4597110748291 0.026732999831438065
vt 19.4597110748291 0.818693995475769
vt 18.67171859741211 0
vt 19.4597110748291 0.818693995475769
vt 18.555286407470703 0.818693995475769
vt 18.555286407470703 0.818693995475769
vt 19.4597110748291 0.818693995475769
vt 18.555286407470703 1.6106539964675903
vt 18.555286407470703 0.818693995475769
vt 18.555286407470703 1.6106539964675903
vt 17.650863647460938 1.6106539964675903
vt 17.650863647460938 1.6106539964675903
vt 18.555286407470703 1.6106539964675903
vt 17.650863647460938 2.402614116668701
vt 17.650863647460938 1.6106539964675903
vt 17.650863647460938 2.402614116668701
vt 16.74643898010254 2.402614116668701
vt 16.74643898010254 2.402614116668701
vt 17.650863647460938 2.402614116668701
vt 16.74643898010254 3.1945741176605225
vt 16.74643898010254 2.402614116668701
vt 16.74643898010254 3.1945741176605225
vt 15.84201431274414 3.1945741176605225
vt 15.84201431274414 3.1945741176605225
vt 16.74643898010254 3.1945741176605225
vt 15.84201431274414 4.005918979644775
vt 20.539005279541016 0
vt 20.3641357421875 0.026732999831438065
vt 19.605443954467773 0
vt 19.605443954467773 0
vt 20.3641357421875 0.026732999831438065
vt 20.3641357421875 0.818693995475769
vt 19.605443954467773 0
vt 20.3641357421875 0.818693995475769
vt 19.4597110748291 0.818693995475769
vt 19.4597110748291 0.818693995475769
vt 20.3641357421875 0.818693995475769
vt 19.4597110748291 1.6106539964675903
vt 19.4597110748291 0.818693995475769
vt 19.4597110748291 1.6106539964675903
vt 18.555286407470703 1.6106539964675903
vt 18.555286407470703 1.6106539964675903
vt 19.4597110748291 1.6106539964675903
vt 18.555286407470703 2.402614116668701
vt 18.555286407470703 1.6106539964675903
vt 18.555286407470703 2.402614116668701
vt 17.650863647460938 2.402614116668701
vt 17.650863647460938 2.402614116668701
vt 18.555286407470703 2.402614116668701
vt 17.650863647460938 3.1945741176605225
vt 17.650863647460938 2.402614116668701
vt 17.650863647460938 3.1945741176605225
vt 16.74643898010254 3.1945741176605225
vt 16.74643898010254 3.1945741176605225
vt 17.650863647460938 3.1945741176605225
vt 16.74643898010254 4.005918979644775
vt 16.74643898010254 3.1945741176605225
vt 16.74643898010254 4.005918979644775
vt 15.84201431274414 4.005918979644775
vt 15.84201431274414 4.005918979644775
vt 16.74643898010254 4.005918979644775
vt 15.84201431274414 4.817262172698975
vt 23.86513328552246 0.818693995475769
vt 23.339996337890625 0
vt 23.86513328552246 0.026732999831438065
vt 23.86513328552246 0.026732999831438065
vt 23.339996337890625 0
vt 24.27376365661621 0
vt 23.86513328552246 0.026732999831438065
vt 24.27376365661621 0
vt 23.86513328552246 0.818693995475769
vt 23.86513328552246 0.818693995475769
vt 24.27376365661621 0
vt 24.71120834350586 0.818693995475769
vt 23.86513328552246 0.818693995475769
vt 24.71120834350586 0.818693995475769
vt 23.86513328552246 1.6106539964675903
vt 23.86513328552246 1.6106539964675903
vt 24.71120834350586 0.818693995475769
vt 24.71120834350586 1.6106539964675903
vt 23.86513328552246 1.6106539964675903
vt 24.71120834350586 1.6106539964675903
vt 23.86513328552246 2.402614116668701
vt 23.86513328552246 2.402614116668701
vt 24.71120834350586 1.6106539964675903
vt 24.71120834350586 2.402614116668701
vt 23.86513328552246 2.402614116668701
vt 24.71120834350586 2.402614116668701
vt 23.86513328552246 3.1945741176605225
vt 23.86513328552246 3.1945741176605225
vt 24.71120834350586 2.402614116668701
vt 24.71120834350586 3.1945741176605225
vt 23.86513328552246 3.1945741176605225
vt 24.71120834350586 3.1945741176605225
vt 23.86513328552246 4.005918979644775
vt 23.86513328552246 4.005918979644775
vt 24.71120834350586 3.1945741176605225
vt 24.71120834350586 4.005918979644775
vt 23.86513328552246 4.005918979644775
vt 24.71120834350586 4.005918979644775
vt 23.86513328552246 4.817262172698975
vt 23.86513328552246 4.817262172698975
vt 24.71120834350586 4.005918979644775
vt 24.71120834350586 4.817262172698975
vt 23.86513328552246 4.817262172698975
vt 24.71120834350586 4.817262172698975
vt 23.86513328552246 5.628605842590332
vt 23.86513328552246 5.628605842590332
vt 24.71120834350586 4.817262172698975
vt 24.71120834350586 5.628605842590332
vt 23.86513328552246 5.628605842590332
vt 24.71120834350586 5.628605842590332
vt 23.86513328552246 6.439949989318848
vt 23.86513328552246 6.439949989318848
vt 24.71120834350586 5.628605842590332
vt 24.71120834350586 6.439949989318848
vt 23.86513328552246 6.439949989318848
vt 24.71120834350586 6.439949989318848
vt 23.86513328552246 7.251294136047363
vt 23.86513328552246 7.251294136047363
vt 24.71120834350586 6.439949989318848
vt 24.71120834350586 7.251294136047363
vt 24.71120834350586 0.818693995475769
vt 24.27376365661621 0
vt 24.71120834350586 0.026732999831438065
vt 24.71120834350586 0.026732999831438065
vt 24.27376365661621 0
vt 25.207324981689453 0
vt 24.71120834350586 0.026732999831438065
vt 25.207324981689453 0
vt 24.71120834350586 0.818693995475769
vt 24.71120834350586 0.818693995475769
vt 25.207324981689453 0
vt 25.557283401489258 0.818693995475769
vt 24.71120834350586 0.818693995475769
vt 25.557283401489258 0.818693995475769
vt 24.71120834350586 1.6106539964675903
vt 24.71120834350586 1.6106539964675903
vt 25.557283401489258 0.818693995475769
vt 25.557283401489258 1.6106539964675903
vt 24.71120834350586 1.6106539964675903
vt 25.557283401489258 1.6106539964675903
vt 24.71120834350586 2.402614116668701
vt 24.71120834350586 2.402614116668701
vt 25.557283401489258 1.6106539964675903
vt 25.557283401489258 2.402614116668701
vt 24.71120834350586 2.402614116668701
vt 25.557283401489258 2.402614116668701
vt 24.71120834350586 3.1945741176605225
vt 24.71120834350586 3.1945741176605225
vt 25.557283401489258 2.402614116668701
vt 25.557283401489258 3.1945741176605225
vt 24.71120834350586 3.1945741176605225
vt 25.557283401489258 3.1945741176605225
vt 24.71120834350586 4.005918979644775
vt 24.71120834350586 4.005918979644775
vt 25.557283401489258 3.1945741176605225
vt 25.557283401489258 4.005918979644775
vt 24.71120834350586 4.005918979644775
vt 25.557283401489258 4.005918979644775
vt 24.71120834350586 4.817262172698975
vt 24.71120834350586 4.817262172698975
vt 25.557283401489258 4.005918979644775
vt 25.557283401489258 4.817262172698975
vt 24.71120834350586 4.817262172698975
vt 25.557283401489258 4.817262172698975
vt 24.71120834350586 5.628605842590332
vt 24.71120834350586 5.628605842590332
vt 25.557283401489258 4.817262172698975
vt 25.557283401489258 5.628605842590332
vt 24.71120834350586 5.628605842590332
vt 25.557283401489258 5.628605842590332
vt 24.71120834350586 6.439949989318848
vt 24.71120834350586 6.439949989318848
vt 25.557283401489258 5.628605842590332
vt 25.557283401489258 6.439949989318848
vt 24.71120834350586 6.439949989318848
vt 25.557283401489258 6.439949989318848
vt 24.71120834350586 7.251294136047363
vt 24.71120834350586 7.251294136047363
vt 25.557283401489258 6.439949989318848
vt 25.557283401489258 7.251294136047363
vt 25.557283401489258 0.818693995475769
vt 25.207324981689453 0
vt 25.557283401489258 0.026732999831438065
vt 25.557283401489258 0.026732999831438065
vt 25.207324981689453 0
vt 26.141050338745117 0
vt 25.557283401489258 0.026732999831438065
vt 26.141050338745117 0
vt 25.557283401489258 0.818693995475769
vt 25.557283401489258 0.818693995475769
vt 26.141050338745117 0
vt 26.403356552124023 0.818693995475769
vt 25.557283401489258 0.818693995475769
vt 26.403356552124023 0.818693995475769
vt 25.557283401489258 1.6106539964675903
vt 25.557283401489258 1.6106539964675903
vt 26.403356552124023 0.818693995475769
vt 26.403356552124023 1.6106539964675903
vt 25.557283401489258 1.6106539964675903
vt 26.403356552124023 1.6106539964675903
vt 25.557283401489258 2.402614116668701
vt 25.557283401489258 2.402614116668701
vt 26.403356552124023 1.6106539964675903
vt 26.403356552124023 2.402614116668701
vt 25.557283401489258 2.402614116668701
vt 26.403356552124023 2.402614116668701
vt 25.557283401489258 3.1945741176605225
vt 25.557283401489258 3.1945741176605225
vt 26.403356552124023 2.402614116668701
vt 26.403356552124023 3.1945741176605225
vt 25.557283401489258 3.1945741176605225
vt 26.403356552124023 3.1945741176605225
vt 25.557283401489258 4.005918979644775
vt 25.557283401489258 4.005918979644775
vt 26.403356552124023 3.1945741176605225
vt 26.403356552124023 4.005918979644775
vt 25.557283401489258 4.005918979644775
vt 26.403356552124023 4.005918979644775
vt 25.557283401489258 4.817262172698975
vt 25.557283401489258 4.817262172698975
vt 26.403356552124023 4.005918979644775
vt 26.403356552124023 4.817262172698975
vt 25.557283401489258 4.817262172698975
vt 26.403356552124023 4.817262172698975
vt 25.557283401489258 5.628605842590332
vt 25.557283401489258 5.628605842590332
vt 26.403356552124023 4.817262172698975
vt 26.403356552124023 5.628605842590332
vt 25.557283401489258 5.628605842590332
vt 26.403356552124023 5.628605842590332
vt 25.557283401489258 6.439949989318848
vt 25.557283401489258 6.439949989318848
vt 26.403356552124023 5.628605842590332
vt 26.403356552124023 6.439949989318848
vt 25.557283401489258 6.439949989318848
vt 26.403356552124023 6.439949989318848
vt 25.557283401489258 7.251294136047363
vt 25.557283401489258 7.251294136047363
vt 26.403356552124023 6.439949989318848
vt 26.403356552124023 7.251294136047363
vt 26.403356552124023 0.818693995475769
vt 26.141050338745117 0
vt 26.403356552124023 0.026732999831438065
vt 26.403356552124023 0.026732999831438065
vt 26.141050338745117 0
vt 27.074281692504883 0
vt 26.403356552124023 0.026732999831438065
vt 27.074281692504883 0
vt 26.403356552124023 0.818693995475769
vt 26.403356552124023 0.818693995475769
vt 27.074281692504883 0
vt 27.249431610107422 0.818693995475769
vt 26.403356552124023 0.818693995475769
vt 27.249431610107422 0.818693995475769
vt 26.403356552124023 1.6106539964675903
vt 26.403356552124023 1.6106539964675903
vt 27.249431610107422 0.818693995475769
vt 27.249431610107422 1.6106539964675903
vt 26.403356552124023 1.6106539964675903
vt 27.249431610107422 1.6106539964675903
vt 26.403356552124023 2.402614116668701
vt 26.403356552124023 2.402614116668701
vt 27.249431610107422 1.6106539964675903
vt 27.249431610107422 2.402614116668701
vt 26.403356552124023 2.402614116668701
vt 27.249431610107422 2.402614116668701
vt 26.403356552124023 3.1945741176605225
vt 26.403356552124023 3.1945741176605225
vt 27.249431610107422 2.402614116668701
vt 27.249431610107422 3.1945741176605225
vt 26.403356552124023 3.1945741176605225
vt 27.249431610107422 3.1945741176605225
vt 26.403356552124023 4.005918979644775
vt 26.403356552124023 4.005918979644775
vt 27.249431610107422 3.1945741176605225
vt 27.249431610107422 4.005918979644775
vt 26.403356552124023 4.005918979644775
vt 27.249431610107422 4.005918979644775
vt 26.403356552124023 4.817262172698975
vt 26.403356552124023 4.817262172698975
vt 27.249431610107422 4.005918979644775
vt 27.249431610107422 4.817262172698975
vt 26.403356552124023 4.817262172698975
vt 27.249431610107422 4.817262172698975
vt 26.403356552124023 5.628605842590332
vt 26.403356552124023 5.628605842590332
vt 27.249431610107422 4.817262172698975
vt 27.249431610107422 5.628605842590332
vt 26.403356552124023 5.628605842590332
vt 27.249431610107422 5.628605842590332
vt 26.403356552124023 6.439949989318848
vt 26.403356552124023 6.439949989318848
vt 27.249431610107422 5.628605842590332
vt 27.249431610107422 6.439949989318848
vt 26.403356552124023 6.439949989318848
vt 27.249431610107422 6.439949989318848
vt 26.403356552124023 7.251294136047363
vt 26.403356552124023 7.251294136047363
vt 27.249431610107422 6.439949989318848
vt 27.249431610107422 7.251294136047363
vt 27.249431610107422 0.818693995475769
vt 27.074281692504883 0
vt 27.249431610107422 0.026732999831438065
vt 27.249431610107422 0.026732999831438065
vt 27.074281692504883 0
vt 28.007709503173828 0
vt 27.249431610107422 0.026732999831438065
vt 28.007709503173828 0
vt 27.249431610107422 0.818693995475769
vt 27.249431610107422 0.818693995475769
vt 28.007709503173828 0
vt 28.09550666809082 0.818693995475769
vt 27.249431610107422 0.818693995475769
vt 28.09550666809082 0.818693995475769
vt 27.249431610107422 1.6106539964675903
vt 27.249431610107422 1.6106539964675903
vt 28.09550666809082 0.818693995475769
vt 28.09550666809082 1.6106539964675903
vt 27.249431610107422 1.6106539964675903
vt 28.09550666809082 1.6106539964675903
vt 27.249431610107422 2.402614116668701
vt 27.249431610107422 2.402614116668701
vt 28.09550666809082 1.6106539964675903
vt 28.09550666809082 2.402614116668701
vt 27.249431610107422 2.402614116668701
vt 28.09550666809082 2.402614116668701
vt 27.249431610107422 3.1945741176605225
vt 27.249431610107422 3.1945741176605225
vt 28.09550666809082 2.402614116668701
vt 28.09550666809082 3.1945741176605225
vt 27.249431610107422 3.1945741176605225
vt 28.09550666809082 3.1945741176605225
vt 27.249431610107422 4.005918979644775
vt 27.249431610107422 4.005918979644775
vt 28.09550666809082 3.1945741176605225
vt 28.09550666809082 4.005918979644775
vt 27.249431610107422 4.005918979644775
vt 28.09550666809082 4.005918979644775
vt 27.249431610107422 4.817262172698975
vt 27.249431610107422 4.817262172698975
vt 28.09550666809082 4.005918979644775
vt 28.09550666809082 4.817262172698975
vt 27.249431610107422 4.817262172698975
vt 28.09550666809082 4.817262172698975
vt 27.249431610107422 5.628605842590332
vt 27.249431610107422 5.628605842590332
vt 28.09550666809082 4.817262172698975
vt 28.09550666809082 5.628605842590332
vt 27.249431610107422 5.628605842590332
vt 28.09550666809082 5.628605842590332
vt 27.249431610107422 6.439949989318848
vt 27.249431610107422 6.439949989318848
vt 28.09550666809082 5.628605842590332
vt 28.09550666809082 6.439949989318848
vt 27.249431610107422 6.439949989318848
vt 28.09550666809082 6.439949989318848
vt 27.249431610107422 7.251294136047363
vt 27.249431610107422 7.251294136047363
vt 28.09550666809082 6.439949989318848
vt 28.09550666809082 7.251294136047363
vt 28.09550666809082 0.818693995475769
vt 28.007709503173828 0
vt 28.09550666809082 0.026732999831438065
vt 28.09550666809082 0.026732999831438065
vt 28.007709503173828 0
vt 28.94186782836914 0
vt 28.09550666809082 0.026732999831438065
vt 28.94186782836914 0
vt 28.941579818725586 0.026732999831438065
vt 28.941579818725586 0.026732999831438065
vt 28.94186782836914 0
vt 29.875179290771484 0
vt 28.941579818725586 0.026732999831438065
vt 29.875179290771484 0
vt 29.875179290771484 2.4213318824768066
vt 29.875179290771484 4.842662811279297
vt 28.941579818725586 4.005918979644775
vt 29.875179290771484 2.4213318824768066
vt 29.875179290771484 2.4213318824768066
vt 28.941579818725586 4.005918979644775
vt 28.941579818725586 3.1945741176605225
vt 29.875179290771484 2.4213318824768066
vt 28.941579818725586 3.1945741176605225
vt 28.941579818725586 2.402614116668701
vt 28.941579818725586 2.402614116668701
vt 28.941579818725586 3.1945741176605225
vt 28.09550666809082 3.1945741176605225
vt 28.941579818725586 2.402614116668701
vt 28.09550666809082 3.1945741176605225
vt 28.09550666809082 2.402614116668701
vt 29.875179290771484 7.263995170593262
vt 28.941579818725586 6.439949989318848
vt 29.875179290771484 4.842662811279297
vt 29.875179290771484 4.842662811279297
vt 28.941579818725586 6.439949989318848
vt 28.941579818725586 5.628605842590332
vt 29.875179290771484 4.842662811279297
vt 28.941579818725586 5.628605842590332
vt 28.941579818725586 4.817262172698975
vt 28.941579818725586 4.817262172698975
vt 28.941579818725586 5.628605842590332
vt 28.09550666809082 5.628605842590332
vt 28.941579818725586 4.817262172698975
vt 28.09550666809082 5.628605842590332
vt 28.09550666809082 4.817262172698975
vt 23.33998680114746 9.68531322479248
vt 22.40638542175293 9.68532657623291
vt 23.019060134887695 8.873982429504395
vt 23.019060134887695 8.873982429504395
vt 22.40638542175293 9.68532657623291
vt 22.172985076904297 8.873982429504395
vt 23.019060134887695 8.873982429504395
vt 22.172985076904297 8.873982429504395
vt 23.019060134887695 8.062638282775879
vt 23.019060134887695 8.062638282775879
vt 22.172985076904297 8.873982429504395
vt 22.172985076904297 8.062638282775879
vt 23.019060134887695 8.062638282775879
vt 22.172985076904297 8.062638282775879
vt 23.019060134887695 7.251294136047363
vt 23.019060134887695 7.251294136047363
vt 22.172985076904297 8.062638282775879
vt 22.172985076904297 7.251294136047363
vt 23.019060134887695 7.251294136047363
vt 22.172985076904297 7.251294136047363
vt 23.019060134887695 6.439949989318848
vt 23.019060134887695 6.439949989318848
vt 22.172985076904297 7.251294136047363
vt 22.172985076904297 6.439949989318848
vt 23.019060134887695 6.439949989318848
vt 22.172985076904297 6.439949989318848
vt 23.019060134887695 5.628605842590332
vt 23.019060134887695 5.628605842590332
vt 22.172985076904297 6.439949989318848
vt 22.172985076904297 5.628605842590332
vt 23.019060134887695 5.628605842590332
vt 22.172985076904297 5.628605842590332
vt 23.019060134887695 4.817262172698975
vt 23.019060134887695 4.817262172698975
vt 22.172985076904297 5.628605842590332
vt 22.172985076904297 4.817262172698975
vt 23.019060134887695 4.817262172698975
vt 22.172985076904297 4.817262172698975
vt 23.019060134887695 4.005918979644775
vt 23.019060134887695 4.005918979644775
vt 22.172985076904297 4.817262172698975
vt 22.172985076904297 4.005918979644775
vt 23.019060134887695 4.005918979644775
vt 22.172985076904297 4.005918979644775
vt 23.019060134887695 3.1945741176605225
vt 23.019060134887695 3.1945741176605225
vt 22.172985076904297 4.005918979644775
vt 22.172985076904297 3.1945741176605225
vt 23.019060134887695 3.1945741176605225
vt 22.172985076904297 3.1945741176605225
vt 23.019060134887695 2.402614116668701
vt 23.019060134887695 2.402614116668701
vt 22.172985076904297 3.1945741176605225
vt 22.172985076904297 2.402614116668701
vt 23.019060134887695 2.402614116668701
vt 22.172985076904297 2.402614116668701
vt 23.019060134887695 1.6106539964675903
vt 23.019060134887695 1.6106539964675903
vt 22.172985076904297 2.402614116668701
vt 22.172985076904297 1.6106539964675903
vt 23.019060134887695 1.6106539964675903
vt 22.172985076904297 1.6106539964675903
vt 23.019060134887695 0.818693995475769
vt 22.40638542175293 9.68532657623291
vt 21.472774505615234 9.685310363769531
vt 22.172985076904297 8.873982429504395
vt 22.172985076904297 8.873982429504395
vt 21.472774505615234 9.685310363769531
vt 21.2685604095459 8.873982429504395
vt 22.172985076904297 8.873982429504395
vt 21.2685604095459 8.873982429504395
vt 22.172985076904297 8.062638282775879
vt 22.172985076904297 8.062638282775879
vt 21.2685604095459 8.873982429504395
vt 21.2685604095459 8.062638282775879
vt 22.172985076904297 8.062638282775879
vt 21.2685604095459 8.062638282775879
vt 22.172985076904297 7.251294136047363
vt 22.172985076904297 7.251294136047363
vt 21.2685604095459 8.062638282775879
vt 21.2685604095459 7.251294136047363
vt 22.172985076904297 7.251294136047363
vt 21.2685604095459 7.251294136047363
vt 22.172985076904297 6.439949989318848
vt 22.172985076904297 6.439949989318848
vt 21.2685604095459 7.251294136047363
vt 21.2685604095459 6.439949989318848
vt 22.172985076904297 6.439949989318848
vt 21.2685604095459 6.439949989318848
vt 22.172985076904297 5.628605842590332
vt 22.172985076904297 5.628605842590332
vt 21.2685604095459 6.439949989318848
vt 21.2685604095459 5.628605842590332
vt 22.172985076904297 5.628605842590332
vt 21.2685604095459 5.628605842590332
vt 22.172985076904297 4.817262172698975
vt 22.172985076904297 4.817262172698975
vt 21.2685604095459 5.628605842590332
vt 21.2685604095459 4.817262172698975
vt 22.172985076904297 4.817262172698975
vt 21.2685604095459 4.817262172698975
vt 22.172985076904297 4.005918979644775
vt 22.172985076904297 4.005918979644775
vt 21.2685604095459 4.817262172698975
vt 21.2685604095459 4.005918979644775
vt 22.172985076904297 4.005918979644775
vt 21.2685604095459 4.005918979644775
vt 22.172985076904297 3.1945741176605225
vt 22.172985076904297 3.1945741176605225
vt 21.2685604095459 4.005918979644775
vt 21.2685604095459 3.1945741176605225
vt 22.172985076904297 3.1945741176605225
vt 21.2685604095459 3.1945741176605225
vt 22.172985076904297 2.402614116668701
vt 22.172985076904297 2.402614116668701
vt 21.2685604095459 3.1945741176605225
vt 21.2685604095459 2.402614116668701
vt 22.172985076904297 2.402614116668701
vt 21.2685604095459 2.402614116668701
vt 22.172985076904297 1.6106539964675903
vt 21.472774505615234 9.685310363769531
vt 20.539018630981445 9.68532657623291
vt 21.2685604095459 8.873982429504395
vt 21.2685604095459 8.873982429504395
vt 20.539018630981445 9.68532657623291
vt 20.3641357421875 8.873982429504395
vt 21.2685604095459 8.873982429504395
vt 20.3641357421875 8.873982429504395
vt 21.2685604095459 8.062638282775879
vt 21.2685604095459 8.062638282775879
vt 20.3641357421875 8.873982429504395
vt 20.3641357421875 8.062638282775879
vt 21.2685604095459 8.062638282775879
vt 20.3641357421875 8.062638282775879
vt 21.2685604095459 7.251294136047363
vt 21.2685604095459 7.251294136047363
vt 20.3641357421875 8.062638282775879
vt 20.3641357421875 7.251294136047363
vt 21.2685604095459 7.251294136047363
vt 20.3641357421875 7.251294136047363
vt 21.2685604095459 6.439949989318848
vt 21.2685604095459 6.439949989318848
vt 20.3641357421875 7.251294136047363
vt 20.3641357421875 6.439949989318848
vt 21.2685604095459 6.439949989318848
vt 20.3641357421875 6.439949989318848
vt 21.2685604095459 5.628605842590332
vt 21.2685604095459 5.628605842590332
vt 20.3641357421875 6.439949989318848
vt 20.3641357421875 5.628605842590332
vt 21.2685604095459 5.628605842590332
vt 20.3641357421875 5.628605842590332
vt 21.2685604095459 4.817262172698975
vt 21.2685604095459 4.817262172698975
vt 20.3641357421875 5.628605842590332
vt 20.3641357421875 4.817262172698975
vt 21.2685604095459 4.817262172698975
vt 20.3641357421875 4.817262172698975
vt 21.2685604095459 4.005918979644775
vt 21.2685604095459 4.005918979644775
vt 20.3641357421875 4.817262172698975
vt 20.3641357421875 4.005918979644775
vt 21.2685604095459 4.005918979644775
vt 20.3641357421875 4.005918979644775
vt 21.2685604095459 3.1945741176605225
vt 21.2685604095459 3.1945741176605225
vt 20.3641357421875 4.005918979644775
vt 20.3641357421875 3.1945741176605225
vt 21.2685604095459 3.1945741176605225
vt 20.3641357421875 3.1945741176605225
vt 21.2685604095459 2.402614116668701
vt 20.539018630981445 9.68532657623291
vt 19.60546112060547 9.685311317443848
vt 20.3641357421875 8.873982429504395
vt 20.3641357421875 8.873982429504395
vt 19.60546112060547 9.685311317443848
vt 19.4597110748291 8.873982429504395
vt 20.3641357421875 8.873982429504395
vt 19.4597110748291 8.873982429504395
vt 20.3641357421875 8.062638282775879
vt 20.3641357421875 8.062638282775879
vt 19.4597110748291 8.873982429504395
vt 19.4597110748291 8.062638282775879
vt 20.3641357421875 8.062638282775879
vt 19.4597110748291 8.062638282775879
vt 20.3641357421875 7.251294136047363
vt 20.3641357421875 7.251294136047363
vt 19.4597110748291 8.062638282775879
vt 19.4597110748291 7.251294136047363
vt 20.3641357421875 7.251294136047363
vt 19.4597110748291 7.251294136047363
vt 20.3641357421875 6.439949989318848
vt 20.3641357421875 6.439949989318848
vt 19.4597110748291 7.251294136047363
vt 19.4597110748291 6.439949989318848
vt 20.3641357421875 6.439949989318848
vt 19.4597110748291 6.439949989318848
vt 20.3641357421875 5.628605842590332
vt 20.3641357421875 5.628605842590332
vt 19.4597110748291 6.439949989318848
vt 19.4597110748291 5.628605842590332
vt 20.3641357421875 5.628605842590332
vt 19.4597110748291 5.628605842590332
vt 20.3641357421875 4.817262172698975
vt 20.3641357421875 4.817262172698975
vt 19.4597110748291 5.628605842590332
vt 19.4597110748291 4.817262172698975
vt 20.3641357421875 4.817262172698975
vt 19.4597110748291 4.817262172698975
vt 20.3641357421875 4.005918979644775
vt 20.3641357421875 4.005918979644775
vt 19.4597110748291 4.817262172698975
vt 19.4597110748291 4.005918979644775
vt 20.3641357421875 4.005918979644775
vt 19.4597110748291 4.005918979644775
vt 20.3641357421875 3.1945741176605225
vt 19.60546112060547 9.685311317443848
vt 18.671743392944336 9.68532657623291
vt 19.4597110748291 8.873982429504395
vt 19.4597110748291 8.873982429504395
vt 18.671743392944336 9.68532657623291
vt 18.555286407470703 8.873982429504395
vt 19.4597110748291 8.873982429504395
vt 18.555286407470703 8.873982429504395
vt 19.4597110748291 8.062638282775879
vt 19.4597110748291 8.062638282775879
vt 18.555286407470703 8.873982429504395
vt 18.555286407470703 8.062638282775879
vt 19.4597110748291 8.062638282775879
vt 18.555286407470703 8.062638282775879
vt 19.4597110748291 7.251294136047363
vt 19.4597110748291 7.251294136047363
vt 18.555286407470703 8.062638282775879
vt 18.555286407470703 7.251294136047363
vt 19.4597110748291 7.251294136047363
vt 18.555286407470703 7.251294136047363
vt 19.4597110748291 6.439949989318848
vt 19.4597110748291 6.439949989318848
vt 18.555286407470703 7.251294136047363
vt 18.555286407470703 6.439949989318848
vt 19.4597110748291 6.439949989318848
vt 18.555286407470703 6.439949989318848
vt 19.4597110748291 5.628605842590332
vt 19.4597110748291 5.628605842590332
vt 18.555286407470703 6.439949989318848
vt 18.555286407470703 5.628605842590332
vt 19.4597110748291 5.628605842590332
vt 18.555286407470703 5.628605842590332
vt 19.4597110748291 4.817262172698975
vt 19.4597110748291 4.817262172698975
vt 18.555286407470703 5.628605842590332
vt 18.555286407470703 4.817262172698975
vt 19.4597110748291 4.817262172698975
vt 18.555286407470703 4.817262172698975
vt 19.4597110748291 4.005918979644775
vt 18.671743392944336 9.68532657623291
vt 17.73851776123047 9.685312271118164
vt 18.555286407470703 8.873982429504395
vt 18.555286407470703 8.873982429504395
vt 17.73851776123047 9.685312271118164
vt 17.650863647460938 8.873982429504395
vt 18.555286407470703 8.873982429504395
vt 17.650863647460938 8.873982429504395
vt 18.555286407470703 8.062638282775879
vt 18.555286407470703 8.062638282775879
vt 17.650863647460938 8.873982429504395
vt 17.650863647460938 8.062638282775879
vt 18.555286407470703 8.062638282775879
vt 17.650863647460938 8.062638282775879
vt 18.555286407470703 7.251294136047363
vt 18.555286407470703 7.251294136047363
vt 17.650863647460938 8.062638282775879
vt 17.650863647460938 7.251294136047363
vt 18.555286407470703 7.251294136047363
vt 17.650863647460938 7.251294136047363
vt 18.555286407470703 6.439949989318848
vt 18.555286407470703 6.439949989318848
vt 17.650863647460938 7.251294136047363
vt 17.650863647460938 6.439949989318848
vt 18.555286407470703 6.439949989318848
vt 17.650863647460938 6.439949989318848
vt 18.555286407470703 5.628605842590332
vt 18.555286407470703 5.628605842590332
vt 17.650863647460938 6.439949989318848
vt 17.650863647460938 5.628605842590332
vt 18.555286407470703 5.628605842590332
vt 17.650863647460938 5.628605842590332
vt 18.555286407470703 4.817262172698975
vt 17.73851776123047 9.685312271118164
vt 16.80508804321289 9.68532657623291
vt 17.650863647460938 8.873982429504395
vt 17.650863647460938 8.873982429504395
vt 16.80508804321289 9.68532657623291
vt 16.74643898010254 8.873982429504395
vt 17.650863647460938 8.873982429504395
vt 16.74643898010254 8.873982429504395
vt 17.650863647460938 8.062638282775879
vt 17.650863647460938 8.062638282775879
vt 16.74643898010254 8.873982429504395
vt 16.74643898010254 8.062638282775879
vt 17.650863647460938 8.062638282775879
vt 16.74643898010254 8.062638282775879
vt 17.650863647460938 7.251294136047363
vt 17.650863647460938 7.251294136047363
vt 16.74643898010254 8.062638282775879
vt 16.74643898010254 7.251294136047363
vt 17.650863647460938 7.251294136047363
vt 16.74643898010254 7.251294136047363
vt 17.650863647460938 6.439949989318848
vt 17.650863647460938 6.439949989318848
vt 16.74643898010254 7.251294136047363
vt 16.74643898010254 6.439949989318848
vt 17.650863647460938 6.439949989318848
vt 16.74643898010254 6.439949989318848
vt 17.650863647460938 5.628605842590332
vt 16.80508804321289 9.68532657623291
vt 15.870915412902832 9.68532657623291
vt 16.74643898010254 8.873982429504395
vt 16.74643898010254 8.873982429504395
vt 15.870915412902832 9.68532657623291
vt 15.84201431274414 8.873982429504395
vt 16.74643898010254 8.873982429504395
vt 15.84201431274414 8.873982429504395
vt 16.74643898010254 8.062638282775879
vt 16.74643898010254 8.062638282775879
vt 15.84201431274414 8.873982429504395
vt 15.84201431274414 8.062638282775879
vt 16.74643898010254 8.062638282775879
vt 15.84201431274414 8.062638282775879
vt 16.74643898010254 7.251294136047363
vt 16.74643898010254 7.251294136047363
vt 15.84201431274414 8.062638282775879
vt 15.84201431274414 7.251294136047363
vt 16.74643898010254 7.251294136047363
vt 15.84201431274414 7.251294136047363
vt 16.74643898010254 6.439949989318848
vt 29.875179290771484 2.4213318824768066
vt 28.941579818725586 2.402614116668701
vt 28.941579818725586 1.6106539964675903
vt 28.941579818725586 1.6106539964675903
vt 28.941579818725586 2.402614116668701
vt 28.09550666809082 2.402614116668701
vt 28.941579818725586 1.6106539964675903
vt 28.09550666809082 2.402614116668701
vt 28.09550666809082 1.6106539964675903
vt 29.875179290771484 4.842662811279297
vt 28.941579818725586 4.817262172698975
vt 28.941579818725586 4.005918979644775
vt 28.941579818725586 4.005918979644775
vt 28.941579818725586 4.817262172698975
vt 28.09550666809082 4.817262172698975
vt 28.941579818725586 4.005918979644775
vt 28.09550666809082 4.817262172698975
vt 28.09550666809082 4.005918979644775
vt 29.875179290771484 7.263995170593262
vt 28.941579818725586 7.251294136047363
vt 28.941579818725586 6.439949989318848
vt 28.941579818725586 6.439949989318848
vt 28.941579818725586 7.251294136047363
vt 28.09550666809082 7.251294136047363
vt 28.941579818725586 6.439949989318848
vt 28.09550666809082 7.251294136047363
vt 28.09550666809082 6.439949989318848
vt 23.86513328552246 8.062638282775879
vt 24.71120834350586 8.062638282775879
vt 23.86513328552246 8.873982429504395
vt 23.86513328552246 8.873982429504395
vt 24.71120834350586 8.062638282775879
vt 24.71120834350586 8.873982429504395
vt 24.71120834350586 8.062638282775879
vt 25.557283401489258 8.062638282775879
vt 24.71120834350586 8.873982429504395
vt 24.71120834350586 8.873982429504395
vt 25.557283401489258 8.062638282775879
vt 25.557283401489258 8.873982429504395
vt 25.557283401489258 8.062638282775879
vt 26.403356552124023 8.062638282775879
vt 25.557283401489258 8.873982429504395
vt 25.557283401489258 8.873982429504395
vt 26.403356552124023 8.062638282775879
vt 26.403356552124023 8.873982429504395
vt 26.403356552124023 8.062638282775879
vt 27.249431610107422 8.062638282775879
vt 26.403356552124023 8.873982429504395
vt 26.403356552124023 8.873982429504395
vt 27.249431610107422 8.062638282775879
vt 27.249431610107422 8.873982429504395
vt 28.941579818725586 8.062638282775879
vt 28.941579818725586 8.873982429504395
vt 28.09550666809082 8.873982429504395
vt 27.249431610107422 8.062638282775879
vt 28.09550666809082 8.062638282775879
vt 27.249431610107422 8.873982429504395
vt 27.249431610107422 8.873982429504395
vt 28.09550666809082 8.062638282775879
vt 28.09550666809082 8.873982429504395
vt 28.09550666809082 8.062638282775879
vt 28.941579818725586 8.062638282775879
vt 28.09550666809082 8.873982429504395
vt 28.941579818725586 6.439949989318848
vt 28.09550666809082 6.439949989318848
vt 28.941579818725586 5.628605842590332
vt 28.941579818725586 5.628605842590332
vt 28.09550666809082 6.439949989318848
vt 28.09550666809082 5.628605842590332
vt 28.941579818725586 4.005918979644775
vt 28.09550666809082 4.005918979644775
vt 28.941579818725586 3.1945741176605225
vt 28.941579818725586 3.1945741176605225
vt 28.09550666809082 4.005918979644775
vt 28.09550666809082 3.1945741176605225
vt 29.875179290771484 2.4213318824768066
vt 28.941579818725586 1.6106539964675903
vt 28.941579818725586 0.818693995475769
vt 28.941579818725586 0.818693995475769
vt 28.941579818725586 1.6106539964675903
vt 28.09550666809082 1.6106539964675903
vt 28.941579818725586 0.818693995475769
vt 28.09550666809082 1.6106539964675903
vt 28.09550666809082 0.818693995475769
vt 18.555286407470703 0.026732999831438065
vt 18.67171859741211 0
vt 18.555286407470703 0.818693995475769
vt 19.4597110748291 0.026732999831438065
vt 19.605443954467773 0
vt 19.4597110748291 0.818693995475769
vt 20.3641357421875 0.026732999831438065
vt 20.539005279541016 0
vt 20.3641357421875 0.818693995475769
vt 28.09550666809082 0.026732999831438065
vt 28.941579818725586 0.026732999831438065
vt 28.09550666809082 0.818693995475769
vt 28.09550666809082 0.818693995475769
vt 28.941579818725586 0.026732999831438065
vt 28.941579818725586 0.818693995475769
vt 28.941579818725586 0.026732999831438065
vt 29.875179290771484 2.4213318824768066
vt 28.941579818725586 0.818693995475769
vt 4.087663173675537 1.4877879619598389
vt 3.6648008823394775 1.333878993988037
vt 4.349999904632568 0
vt 4.349999904632568 0
vt 3.6648008823394775 1.333878993988037
vt 3.9000000953674316 0
vt 4.349999904632568 0
vt 3.9000000953674316 0
vt 3.6648008823394775 -1.333878993988037
vt 3.6648008823394775 1.333878993988037
vt 4.087663173675537 1.4877879619598389
vt 2.9875729084014893 2.5068719387054443
vt 2.9875729084014893 2.5068719387054443
vt 4.087663173675537 1.4877879619598389
vt 3.3322930335998535 2.796125888824463
vt 2.9875729084014893 2.5068719387054443
vt 3.3322930335998535 2.796125888824463
vt 1.9500000476837158 3.3774991035461426
vt 1.9500000476837158 3.3774991035461426
vt 3.3322930335998535 2.796125888824463
vt 2.174999952316284 3.767210006713867
vt 1.9500000476837158 3.3774991035461426
vt 2.174999952316284 3.767210006713867
vt 0.6772279739379883 3.840749979019165
vt 0.6772279739379883 3.840749979019165
vt 2.174999952316284 3.767210006713867
vt 0.755370020866394 4.283914089202881
vt 0.6772279739379883 3.840749979019165
vt 0.755370020866394 4.283914089202881
vt -0.755370020866394 4.283914089202881
vt 0.6772279739379883 3.840749979019165
vt -0.755370020866394 4.283914089202881
vt -0.6772279739379883 3.840749979019165
vt -0.6772279739379883 3.840749979019165
vt -0.755370020866394 4.283914089202881
vt -2.174999952316284 3.767210006713867
vt -0.6772279739379883 3.840749979019165
vt -2.174999952316284 3.767210006713867
vt -1.9500000476837158 3.3774991035461426
vt -1.9500000476837158 3.3774991035461426
vt -2.174999952316284 3.767210006713867
vt -3.3322930335998535 2.796125888824463
vt -1.9500000476837158 3.3774991035461426
vt -3.3322930335998535 2.796125888824463
vt -2.9875729084014893 2.5068719387054443
vt -2.9875729084014893 2.5068719387054443
vt -3.3322930335998535 2.796125888824463
vt -4.087663173675537 1.4877879619598389
vt -2.9875729084014893 2.5068719387054443
vt -4.087663173675537 1.4877879619598389
vt -3.6648008823394775 1.333878993988037
vt -3.6648008823394775 1.333878993988037
vt -4.087663173675537 1.4877879619598389
vt -4.349999904632568 0
vt -3.6648008823394775 1.333878993988037
vt -4.349999904632568 0
vt -3.9000000953674316 0
vt -3.9000000953674316 0
vt -4.349999904632568 0
vt -3.6648008823394775 -1.333878993988037
vt -3.6648008823394775 -1.333878993988037
vt -4.349999904632568 0
vt -4.087663173675537 -1.4877879619598389
vt -3.6648008823394775 -1.333878993988037
vt -4.087663173675537 -1.4877879619598389
vt -2.9875729084014893 -2.5068719387054443
vt -2.9875729084014893 -2.5068719387054443
vt -4.087663173675537 -1.4877879619598389
vt -3.3322930335998535 -2.796125888824463
vt -2.9875729084014893 -2.5068719387054443
vt -3.3322930335998535 -2.796125888824463
vt -1.9500000476837158 -3.3774991035461426
vt -1.9500000476837158 -3.3774991035461426
vt -3.3322930335998535 -2.796125888824463
vt -2.174999952316284 -3.767210006713867
vt -1.9500000476837158 -3.3774991035461426
vt -2.174999952316284 -3.767210006713867
vt -0.6772279739379883 -3.840749979019165
vt -0.6772279739379883 -3.840749979019165
vt -2.174999952316284 -3.767210006713867
vt -0.755370020866394 -4.283914089202881
vt -0.6772279739379883 -3.840749979019165
vt -0.755370020866394 -4.283914089202881
vt 0.755370020866394 -4.283914089202881
vt -0.6772279739379883 -3.840749979019165
vt 0.755370020866394 -4.283914089202881
vt 0.6772279739379883 -3.840749979019165
vt 0.6772279739379883 -3.840749979019165
vt 0.755370020866394 -4.283914089202881
vt 2.174999952316284 -3.767210006713867
vt 0.6772279739379883 -3.840749979019165
vt 2.174999952316284 -3.767210006713867
vt 1.9500000476837158 -3.3774991035461426
vt 1.9500000476837158 -3.3774991035461426
vt 2.174999952316284 -3.767210006713867
vt 3.3322930335998535 -2.796125888824463
vt 1.9500000476837158 -3.3774991035461426
vt 3.3322930335998535 -2.796125888824463
vt 2.9875729084014893 -2.5068719387054443
vt 2.9875729084014893 -2.5068719387054443
vt 3.3322930335998535 -2.796125888824463
vt 4.087663173675537 -1.4877879619598389
vt 2.9875729084014893 -2.5068719387054443
vt 4.087663173675537 -1.4877879619598389
vt 3.6648008823394775 -1.333878993988037
vt 3.6648008823394775 -1.333878993988037
vt 4.087663173675537 -1.4877879619598389
vt 4.349999904632568 0
vt 4.087663173675537 1.4877879619598389
vt 3.6648008823394775 1.333878993988037
vt 4.349999904632568 0
vt 4.349999904632568 0
vt 3.6648008823394775 1.333878993988037
vt 3.9000000953674316 0
vt 4.349999904632568 0
vt 3.9000000953674316 0
vt 3.6648008823394775 -1.333878993988037
vt 3.6648008823394775 1.333878993988037
vt 4.087663173675537 1.4877879619598389
vt 2.9875729084014893 2.5068719387054443
vt 2.9875729084014893 2.5068719387054443
vt 4.087663173675537 1.4877879619598389
vt 3.3322930335998535 2.796125888824463
vt 2.9875729084014893 2.5068719387054443
vt 3.3322930335998535 2.796125888824463
vt 1.9500000476837158 3.3774991035461426
vt 1.9500000476837158 3.3774991035461426
vt 3.3322930335998535 2.796125888824463
vt 2.174999952316284 3.767210006713867
vt 1.9500000476837158 3.3774991035461426
vt 2.174999952316284 3.767210006713867
vt 0.6772279739379883 3.840749979019165
vt 0.6772279739379883 3.840749979019165
vt 2.174999952316284 3.767210006713867
vt 0.755370020866394 4.283914089202881
vt 0.6772279739379883 3.840749979019165
vt 0.755370020866394 4.283914089202881
vt -0.755370020866394 4.283914089202881
vt 0.6772279739379883 3.840749979019165
vt -0.755370020866394 4.283914089202881
vt -0.6772279739379883 3.840749979019165
vt -0.6772279739379883 3.840749979019165
vt -0.755370020866394 4.283914089202881
vt -2.174999952316284 3.767210006713867
vt -0.6772279739379883 3.840749979019165
vt -2.174999952316284 3.767210006713867
vt -1.9500000476837158 3.3774991035461426
vt -1.9500000476837158 3.3774991035461426
vt -2.174999952316284 3.767210006713867
vt -3.3322930335998535 2.796125888824463
vt -1.9500000476837158 3.3774991035461426
vt -3.3322930335998535 2.796125888824463
vt -2.9875729084014893 2.5068719387054443
vt -2.9875729084014893 2.5068719387054443
vt -3.3322930335998535 2.796125888824463
vt -4.087663173675537 1.4877879619598389
vt -2.9875729084014893 2.5068719387054443
vt -4.087663173675537 1.4877879619598389
vt -3.6648008823394775 1.333878993988037
vt -3.6648008823394775 1.333878993988037
vt -4.087663173675537 1.4877879619598389
vt -4.349999904632568 0
vt -3.6648008823394775 1.333878993988037
vt -4.349999904632568 0
vt -3.9000000953674316 0
vt -3.9000000953674316 0
vt -4.349999904632568 0
vt -3.6648008823394775 -1.333878993988037
vt -3.6648008823394775 -1.333878993988037
vt -4.349999904632568 0
vt -4.087663173675537 -1.4877879619598389
vt -3.6648008823394775 -1.333878993988037
vt -4.087663173675537 -1.4877879619598389
vt -2.9875729084014893 -2.5068719387054443
vt -2.9875729084014893 -2.5068719387054443
vt -4.087663173675537 -1.4877879619598389
vt -3.3322930335998535 -2.796125888824463
vt -2.9875729084014893 -2.5068719387054443
vt -3.3322930335998535 -2.796125888824463
vt -1.9500000476837158 -3.3774991035461426
vt -1.9500000476837158 -3.3774991035461426
vt -3.3322930335998535 -2.796125888824463
vt -2.174999952316284 -3.767210006713867
vt -1.9500000476837158 -3.3774991035461426
vt -2.174999952316284 -3.767210006713867
vt -0.6772279739379883 -3.840749979019165
vt -0.6772279739379883 -3.840749979019165
vt -2.174999952316284 -3.767210006713867
vt -0.755370020866394 -4.283914089202881
vt -0.6772279739379883 -3.840749979019165
vt -0.755370020866394 -4.283914089202881
vt 0.755370020866394 -4.283914089202881
vt -0.6772279739379883 -3.840749979019165
vt 0.755370020866394 -4.283914089202881
vt 0.6772279739379883 -3.840749979019165
vt 0.6772279739379883 -3.840749979019165
vt 0.755370020866394 -4.283914089202881
vt 2.174999952316284 -3.767210006713867
vt 0.6772279739379883 -3.840749979019165
vt 2.174999952316284 -3.767210006713867
vt 1.9500000476837158 -3.3774991035461426
vt 1.9500000476837158 -3.3774991035461426
vt 2.174999952316284 -3.767210006713867
vt 3.3322930335998535 -2.796125888824463
vt 1.9500000476837158 -3.3774991035461426
vt 3.3322930335998535 -2.796125888824463
vt 2.9875729084014893 -2.5068719387054443
vt 2.9875729084014893 -2.5068719387054443
vt 3.3322930335998535 -2.796125888824463
vt 4.087663173675537 -1.4877879619598389
vt 2.9875729084014893 -2.5068719387054443
vt 4.087663173675537 -1.4877879619598389
vt 3.6648008823394775 -1.333878993988037
vt 3.6648008823394775 -1.333878993988037
vt 4.087663173675537 -1.4877879619598389
vt 4.349999904632568 0
vt -46.29999923706055 -12.252211570739746
vt 0 -12.252211570739746
vt -46.29999923706055 -10.890854835510254
vt -46.29999923706055 -10.890854835510254
vt 0 -12.252211570739746
vt 0 -10.890854835510254
vt -46.29999923706055 -10.890854835510254
vt 0 -10.890854835510254
vt -46.29999923706055 -9.529498100280762
vt -46.29999923706055 -9.529498100280762
vt 0 -10.890854835510254
vt 0 -9.529498100280762
vt -46.29999923706055 -9.529498100280762
vt 0 -9.529498100280762
vt -46.29999923706055 -8.16814136505127
vt -46.29999923706055 -8.16814136505127
vt 0 -9.529498100280762
vt 0 -8.16814136505127
vt -46.29999923706055 -8.16814136505127
vt 0 -8.16814136505127
vt -46.29999923706055 -6.806784152984619
vt -46.29999923706055 -6.806784152984619
vt 0 -8.16814136505127
vt 0 -6.806784152984619
vt -46.29999923706055 -6.806784152984619
vt 0 -6.806784152984619
vt -46.29999923706055 -5.445426940917969
vt -46.29999923706055 -5.445426940917969
vt 0 -6.806784152984619
vt 0 -5.445426940917969
vt -46.29999923706055 -5.445426940917969
vt 0 -5.445426940917969
vt -46.29999923706055 -4.084071159362793
vt -46.29999923706055 -4.084071159362793
vt 0 -5.445426940917969
vt 0 -4.084071159362793
vt -46.29999923706055 -4.084071159362793
vt 0 -4.084071159362793
vt -46.29999923706055 -2.7227139472961426
vt -46.29999923706055 -2.7227139472961426
vt 0 -4.084071159362793
vt 0 -2.7227139472961426
vt -46.29999923706055 -2.7227139472961426
vt 0 -2.7227139472961426
vt -46.29999923706055 -1.3613569736480713
vt -46.29999923706055 -1.3613569736480713
vt 0 -2.7227139472961426
vt 0 -1.3613569736480713
vt -46.29999923706055 -1.3613569736480713
vt 0 -1.3613569736480713
vt -46.29999923706055 0
vt -46.29999923706055 0
vt 0 -1.3613569736480713
vt 0 0
vt -54.13114547729492 4.087663173675537
vt -55.671417236328125 4.349999904632568
vt -55.671417236328125 4.329999923706055
vt -55.671417236328125 4.329999923706055
vt -55.671417236328125 4.349999904632568
vt -57.21168899536133 4.087663173675537
vt -55.671417236328125 4.329999923706055
vt -57.21168899536133 4.087663173675537
vt -57.20460891723633 4.068869113922119
vt -57.20460891723633 4.068869113922119
vt -57.21168899536133 4.087663173675537
vt -58.56618118286133 3.3322930335998535
vt -57.20460891723633 4.068869113922119
vt -58.56618118286133 3.3322930335998535
vt -58.55287170410156 3.316972017288208
vt -58.55287170410156 3.316972017288208
vt -58.56618118286133 3.3322930335998535
vt -59.5715217590332 2.174999952316284
vt -58.55287170410156 3.316972017288208
vt -59.5715217590332 2.174999952316284
vt -59.5535888671875 2.1649999618530273
vt -59.5535888671875 2.1649999618530273
vt -59.5715217590332 2.174999952316284
vt -60.10645294189453 0.755370020866394
vt -59.5535888671875 2.1649999618530273
vt -60.10645294189453 0.755370020866394
vt -60.0860595703125 0.7518969774246216
vt -60.0860595703125 0.7518969774246216
vt -60.10645294189453 0.755370020866394
vt -60.10645294189453 -0.755370020866394
vt -60.0860595703125 0.7518969774246216
vt -60.10645294189453 -0.755370020866394
vt -60.0860595703125 -0.7518969774246216
vt -60.0860595703125 -0.7518969774246216
vt -60.10645294189453 -0.755370020866394
vt -59.5535888671875 -2.1649999618530273
vt -59.5535888671875 -2.1649999618530273
vt -60.10645294189453 -0.755370020866394
vt -59.5715217590332 -2.174999952316284
vt -59.5535888671875 -2.1649999618530273
vt -59.5715217590332 -2.174999952316284
vt -58.55287170410156 -3.316972017288208
vt -58.55287170410156 -3.316972017288208
vt -59.5715217590332 -2.174999952316284
vt -58.56618118286133 -3.3322930335998535
vt -58.55287170410156 -3.316972017288208
vt -58.56618118286133 -3.3322930335998535
vt -57.20460891723633 -4.068869113922119
vt -57.20460891723633 -4.068869113922119
vt -58.56618118286133 -3.3322930335998535
vt -57.21168899536133 -4.087663173675537
vt -57.20460891723633 -4.068869113922119
vt -57.21168899536133 -4.087663173675537
vt -55.671417236328125 -4.329999923706055
vt -55.671417236328125 -4.329999923706055
vt -57.21168899536133 -4.087663173675537
vt -55.671417236328125 -4.349999904632568
vt -55.671417236328125 -4.329999923706055
vt -55.671417236328125 -4.349999904632568
vt -54.13114547729492 -4.087663173675537
vt -55.671417236328125 -4.329999923706055
vt -54.13114547729492 -4.087663173675537
vt -54.13822937011719 -4.068869113922119
vt -54.13822937011719 -4.068869113922119
vt -54.13114547729492 -4.087663173675537
vt -52.77665328979492 -3.3322930335998535
vt -54.13822937011719 -4.068869113922119
vt -52.77665328979492 -3.3322930335998535
vt -52.78996276855469 -3.316972017288208
vt -52.78996276855469 -3.316972017288208
vt -52.77665328979492 -3.3322930335998535
vt -51.77131271362305 -2.174999952316284
vt -52.78996276855469 -3.316972017288208
vt -51.77131271362305 -2.174999952316284
vt -51.78924560546875 -2.1649999618530273
vt -51.78924560546875 -2.1649999618530273
vt -51.77131271362305 -2.174999952316284
vt -51.236385345458984 -0.755370020866394
vt -51.78924560546875 -2.1649999618530273
vt -51.236385345458984 -0.755370020866394
vt -51.25677490234375 -0.7518969774246216
vt -51.25677490234375 -0.7518969774246216
vt -51.236385345458984 -0.755370020866394
vt -51.25677490234375 0.7518969774246216
vt -51.25677490234375 0.7518969774246216
vt -51.236385345458984 -0.755370020866394
vt -51.236385345458984 0.755370020866394
vt -51.25677490234375 0.7518969774246216
vt -51.236385345458984 0.755370020866394
vt -51.78924560546875 2.1649999618530273
vt -51.78924560546875 2.1649999618530273
vt -51.236385345458984 0.755370020866394
vt -51.77131271362305 2.174999952316284
vt -51.78924560546875 2.1649999618530273
vt -51.77131271362305 2.174999952316284
vt -52.78996276855469 3.316972017288208
vt -52.78996276855469 3.316972017288208
vt -51.77131271362305 2.174999952316284
vt -52.77665328979492 3.3322930335998535
vt -52.78996276855469 3.316972017288208
vt -52.77665328979492 3.3322930335998535
vt -54.13822937011719 4.068869113922119
vt -54.13822937011719 4.068869113922119
vt -52.77665328979492 3.3322930335998535
vt -54.13114547729492 4.087663173675537
vt -54.13822937011719 4.068869113922119
vt -54.13114547729492 4.087663173675537
vt -55.671417236328125 4.329999923706055
vt -4.087663173675537 -1.4877879619598389
vt -4.068869113922119 -1.4809470176696777
vt -4.349999904632568 0
vt -4.349999904632568 0
vt -4.068869113922119 -1.4809470176696777
vt -4.329999923706055 0
vt -4.349999904632568 0
vt -4.329999923706055 0
vt -4.068869113922119 1.4809470176696777
vt -4.068869113922119 -1.4809470176696777
vt -4.087663173675537 -1.4877879619598389
vt -3.316972017288208 -2.7832698822021484
vt -3.316972017288208 -2.7832698822021484
vt -4.087663173675537 -1.4877879619598389
vt -3.3322930335998535 -2.796125888824463
vt -3.316972017288208 -2.7832698822021484
vt -3.3322930335998535 -2.796125888824463
vt -2.1649999618530273 -3.749890089035034
vt -2.1649999618530273 -3.749890089035034
vt -3.3322930335998535 -2.796125888824463
vt -2.174999952316284 -3.767210006713867
vt -2.1649999618530273 -3.749890089035034
vt -2.174999952316284 -3.767210006713867
vt -0.7518969774246216 -4.264216899871826
vt -0.7518969774246216 -4.264216899871826
vt -2.174999952316284 -3.767210006713867
vt -0.755370020866394 -4.283914089202881
vt -0.7518969774246216 -4.264216899871826
vt -0.755370020866394 -4.283914089202881
vt 0.755370020866394 -4.283914089202881
vt -0.7518969774246216 -4.264216899871826
vt 0.755370020866394 -4.283914089202881
vt 0.7518969774246216 -4.264216899871826
vt 0.7518969774246216 -4.264216899871826
vt 0.755370020866394 -4.283914089202881
vt 2.174999952316284 -3.767210006713867
vt 0.7518969774246216 -4.264216899871826
vt 2.174999952316284 -3.767210006713867
vt 2.1649999618530273 -3.749890089035034
vt 2.1649999618530273 -3.749890089035034
vt 2.174999952316284 -3.767210006713867
vt 3.3322930335998535 -2.796125888824463
vt 2.1649999618530273 -3.749890089035034
vt 3.3322930335998535 -2.796125888824463
vt 3.316972017288208 -2.7832698822021484
vt 3.316972017288208 -2.7832698822021484
vt 3.3322930335998535 -2.796125888824463
vt 4.087663173675537 -1.4877879619598389
vt 3.316972017288208 -2.7832698822021484
vt 4.087663173675537 -1.4877879619598389
vt 4.068869113922119 -1.4809470176696777
vt 4.068869113922119 -1.4809470176696777
vt 4.087663173675537 -1.4877879619598389
vt 4.349999904632568 0
vt 4.068869113922119 -1.4809470176696777
vt 4.349999904632568 0
vt 4.329999923706055 0
vt 4.329999923706055 0
vt 4.349999904632568 0
vt 4.068869113922119 1.4809470176696777
vt 4.068869113922119 1.4809470176696777
vt 4.349999904632568 0
vt 4.087663173675537 1.4877879619598389
vt 4.068869113922119 1.4809470176696777
vt 4.087663173675537 1.4877879619598389
vt 3.316972017288208 2.7832698822021484
vt 3.316972017288208 2.7832698822021484
vt 4.087663173675537 1.4877879619598389
vt 3.3322930335998535 2.796125888824463
vt 3.316972017288208 2.7832698822021484
vt 3.3322930335998535 2.796125888824463
vt 2.1649999618530273 3.749890089035034
vt 2.1649999618530273 3.749890089035034
vt 3.3322930335998535 2.796125888824463
vt 2.174999952316284 3.767210006713867
vt 2.1649999618530273 3.749890089035034
vt 2.174999952316284 3.767210006713867
vt 0.7518969774246216 4.264216899871826
vt 0.7518969774246216 4.264216899871826
vt 2.174999952316284 3.767210006713867
vt 0.755370020866394 4.283914089202881
vt 0.7518969774246216 4.264216899871826
vt 0.755370020866394 4.283914089202881
vt -0.755370020866394 4.283914089202881
vt 0.7518969774246216 4.264216899871826
vt -0.755370020866394 4.283914089202881
vt -0.7518969774246216 4.264216899871826
vt -0.7518969774246216 4.264216899871826
vt -0.755370020866394 4.283914089202881
vt -2.174999952316284 3.767210006713867
vt -0.7518969774246216 4.264216899871826
vt -2.174999952316284 3.767210006713867
vt -2.1649999618530273 3.749890089035034
vt -2.1649999618530273 3.749890089035034
vt -2.174999952316284 3.767210006713867
vt -3.3322930335998535 2.796125888824463
vt -2.1649999618530273 3.749890089035034
vt -3.3322930335998535 2.796125888824463
vt -3.316972017288208 2.7832698822021484
vt -3.316972017288208 2.7832698822021484
vt -3.3322930335998535 2.796125888824463
vt -4.087663173675537 1.4877879619598389
vt -3.316972017288208 2.7832698822021484
vt -4.087663173675537 1.4877879619598389
vt -4.068869113922119 1.4809470176696777
vt -4.068869113922119 1.4809470176696777
vt -4.087663173675537 1.4877879619598389
vt -4.349999904632568 0
vt -6.400000095367432 -13.66592788696289
vt -7.248642921447754 -12.811807632446289
vt -12.329999923706055 -13.66592788696289
vt -12.329999923706055 -13.66592788696289
vt -7.248642921447754 -12.811807632446289
vt -12.329999923706055 -12.147491455078125
vt -12.329999923706055 -12.147491455078125
vt -7.248642921447754 -12.811807632446289
vt -8.064672470092773 -11.957687377929688
vt -12.329999923706055 -12.147491455078125
vt -8.064672470092773 -11.957687377929688
vt -8.816729545593262 -11.10356616973877
vt -12.329999923706055 -12.147491455078125
vt -8.816729545593262 -11.10356616973877
vt -12.329999923706055 -10.62905502319336
vt -12.329999923706055 -10.62905502319336
vt -8.816729545593262 -11.10356616973877
vt -9.47591495513916 -10.249445915222168
vt -12.329999923706055 -10.62905502319336
vt -9.47591495513916 -10.249445915222168
vt -10.016892433166504 -9.395325660705566
vt -12.329999923706055 -10.62905502319336
vt -10.016892433166504 -9.395325660705566
vt -12.329999923706055 -9.110618591308594
vt -12.329999923706055 -9.110618591308594
vt -10.016892433166504 -9.395325660705566
vt -10.418875694274902 -8.541205406188965
vt -12.329999923706055 -9.110618591308594
vt -10.418875694274902 -8.541205406188965
vt -12.329999923706055 -7.592182159423828
vt -12.329999923706055 -7.592182159423828
vt -10.418875694274902 -8.541205406188965
vt -10.66641616821289 -7.687085151672363
vt -12.329999923706055 -7.592182159423828
vt -10.66641616821289 -7.687085151672363
vt -10.75 -6.832963943481445
vt -12.329999923706055 -7.592182159423828
vt -10.75 -6.832963943481445
vt -12.329999923706055 -6.073746204376221
vt -12.329999923706055 -6.073746204376221
vt -10.75 -6.832963943481445
vt -10.66641616821289 -5.978844165802002
vt -12.329999923706055 -6.073746204376221
vt -10.66641616821289 -5.978844165802002
vt -10.418875694274902 -5.124722957611084
vt -12.329999923706055 -6.073746204376221
vt -10.418875694274902 -5.124722957611084
vt -12.329999923706055 -4.555308818817139
vt -12.329999923706055 -4.555308818817139
vt -10.418875694274902 -5.124722957611084
vt -10.016892433166504 -4.270603179931641
vt -12.329999923706055 -4.555308818817139
vt -10.016892433166504 -4.270603179931641
vt -9.47591495513916 -3.4164819717407227
vt -12.329999923706055 -4.555308818817139
vt -9.47591495513916 -3.4164819717407227
vt -12.329999923706055 -3.0368731021881104
vt -12.329999923706055 -3.0368731021881104
vt -9.47591495513916 -3.4164819717407227
vt -8.816729545593262 -2.562361001968384
vt -12.329999923706055 -3.0368731021881104
vt -8.816729545593262 -2.562361001968384
vt -12.329999923706055 -1.5184359550476074
vt -12.329999923706055 -1.5184359550476074
vt -8.816729545593262 -2.562361001968384
vt -8.064672470092773 -1.7082409858703613
vt -12.329999923706055 -1.5184359550476074
vt -8.064672470092773 -1.7082409858703613
vt -7.248642921447754 -0.8541200160980225
vt -6.400000095367432 0
vt -12.329999923706055 0
vt -7.248642921447754 -0.8541200160980225
vt -7.248642921447754 -0.8541200160980225
vt -12.329999923706055 0
vt -12.329999923706055 -1.5184359550476074
vt -12.303657531738281 -13.66592788696289
vt -13.152300834655762 -12.811807632446289
vt -17.60365867614746 -13.66592788696289
vt -17.60365867614746 -13.66592788696289
vt -13.152300834655762 -12.811807632446289
vt -17.60365867614746 -12.147491455078125
vt -17.60365867614746 -12.147491455078125
vt -13.152300834655762 -12.811807632446289
vt -13.968331336975098 -11.957687377929688
vt -17.60365867614746 -12.147491455078125
vt -13.968331336975098 -11.957687377929688
vt -14.720388412475586 -11.10356616973877
vt -17.60365867614746 -12.147491455078125
vt -14.720388412475586 -11.10356616973877
vt -17.60365867614746 -10.62905502319336
vt -17.60365867614746 -10.62905502319336
vt -14.720388412475586 -11.10356616973877
vt -15.379572868347168 -10.249445915222168
vt -17.60365867614746 -10.62905502319336
vt -15.379572868347168 -10.249445915222168
vt -15.920550346374512 -9.395325660705566
vt -17.60365867614746 -10.62905502319336
vt -15.920550346374512 -9.395325660705566
vt -17.60365867614746 -9.110618591308594
vt -17.60365867614746 -9.110618591308594
vt -15.920550346374512 -9.395325660705566
vt -16.322534561157227 -8.541205406188965
vt -17.60365867614746 -9.110618591308594
vt -16.322534561157227 -8.541205406188965
vt -17.60365867614746 -7.592182159423828
vt -17.60365867614746 -7.592182159423828
vt -16.322534561157227 -8.541205406188965
vt -16.5700740814209 -7.687085151672363
vt -17.60365867614746 -7.592182159423828
vt -16.5700740814209 -7.687085151672363
vt -16.653657913208008 -6.832963943481445
vt -17.60365867614746 -7.592182159423828
vt -16.653657913208008 -6.832963943481445
vt -17.60365867614746 -6.073746204376221
vt -17.60365867614746 -6.073746204376221
vt -16.653657913208008 -6.832963943481445
vt -16.5700740814209 -5.978844165802002
vt -17.60365867614746 -6.073746204376221
vt -16.5700740814209 -5.978844165802002
vt -16.322534561157227 -5.124722957611084
vt -17.60365867614746 -6.073746204376221
vt -16.322534561157227 -5.124722957611084
vt -17.60365867614746 -4.555308818817139
vt -17.60365867614746 -4.555308818817139
vt -16.322534561157227 -5.124722957611084
vt -15.920550346374512 -4.270603179931641
vt -17.60365867614746 -4.555308818817139
vt -15.920550346374512 -4.270603179931641
vt -15.379572868347168 -3.4164819717407227
vt -17.60365867614746 -4.555308818817139
vt -15.379572868347168 -3.4164819717407227
vt -17.60365867614746 -3.0368731021881104
vt -17.60365867614746 -3.0368731021881104
vt -15.379572868347168 -3.4164819717407227
vt -14.720388412475586 -2.562361001968384
vt -17.60365867614746 -3.0368731021881104
vt -14.720388412475586 -2.562361001968384
vt -17.60365867614746 -1.5184359550476074
vt -17.60365867614746 -1.5184359550476074
vt -14.720388412475586 -2.562361001968384
vt -13.968331336975098 -1.7082409858703613
vt -17.60365867614746 -1.5184359550476074
vt -13.968331336975098 -1.7082409858703613
vt -13.152300834655762 -0.8541200160980225
vt -12.303657531738281 0
vt -17.60365867614746 0
vt -13.152300834655762 -0.8541200160980225
vt -13.152300834655762 -0.8541200160980225
vt -17.60365867614746 0
vt -17.60365867614746 -1.5184359550476074
vn 0 1 0
vn 0 0.9807852840714884 -0.19509030357454893
vn 0 1 0
vn 0 1 0
vn 0 0.9807852840714884 -0.19509030357454893
vn 0 0.9396926168497417 -0.34202015414019754
vn 0 0.9396926168497417 -0.34202015414019754
vn 0 0.9807852840714884 -0.19509030357454893
vn 0 0.9238795200293247 -0.38268346249921037
vn 0 0.9396926168497417 -0.34202015414019754
vn 0 0.9238795200293247 -0.38268346249921037
vn 0 0.8314696475898097 -0.5555701802084753
vn 0 0.9396926168497417 -0.34202015414019754
vn 0 0.8314696475898097 -0.5555701802084753
vn 0 0.7660444283313822 -0.6427876273097093
vn 0 0.7660444283313822 -0.6427876273097093
vn 0 0.8314696475898097 -0.5555701802084753
vn 0 0.7071067811865476 -0.7071067811865476
vn 0 0.7660444283313822 -0.6427876273097093
vn 0 0.7071067811865476 -0.7071067811865476
vn 0 0.5555701802084753 -0.8314696475898097
vn 0 0.7660444283313822 -0.6427876273097093
vn 0 0.5555701802084753 -0.8314696475898097
vn 0 0.5000000067305869 -0.8660253998985324
vn 0 0.5000000067305869 -0.8660253998985324
vn 0 0.5555701802084753 -0.8314696475898097
vn 0 0.38268346249921037 -0.9238795200293247
vn 0 0.5000000067305869 -0.8660253998985324
vn 0 0.38268346249921037 -0.9238795200293247
vn 0 0.17364819698482423 -0.9848077496059419
vn 0 0.17364819698482423 -0.9848077496059419
vn 0 0.38268346249921037 -0.9238795200293247
vn 0 0.19509030357454893 -0.9807852840714884
vn 0 0.17364819698482423 -0.9848077496059419
vn 0 0.19509030357454893 -0.9807852840714884
vn 0 0 -1
vn 0 0.17364819698482423 -0.9848077496059419
vn 0 0 -1
vn 0 -0.17364819698482423 -0.9848077496059419
vn 0 -0.17364819698482423 -0.9848077496059419
vn 0 0 -1
vn 0 -0.19509030357454893 -0.9807852840714884
vn 0 -0.17364819698482423 -0.9848077496059419
vn 0 -0.19509030357454893 -0.9807852840714884
vn 0 -0.38268346249921037 -0.9238795200293247
vn 0 -0.17364819698482423 -0.9848077496059419
vn 0 -0.38268346249921037 -0.9238795200293247
vn 0 -0.5000000067305869 -0.8660253998985324
vn 0 -0.5000000067305869 -0.8660253998985324
vn 0 -0.38268346249921037 -0.9238795200293247
vn 0 -0.5555701802084753 -0.8314696475898097
vn 0 -0.5000000067305869 -0.8660253998985324
vn 0 -0.5555701802084753 -0.8314696475898097
vn 0 -0.7071067811865476 -0.7071067811865476
vn 0 -0.5000000067305869 -0.8660253998985324
vn 0 -0.7071067811865476 -0.7071067811865476
vn 0 -0.7660444283313822 -0.6427876273097093
vn 0 -0.7660444283313822 -0.6427876273097093
vn 0 -0.7071067811865476 -0.7071067811865476
vn 0 -0.8314696475898097 -0.5555701802084753
vn 0 -0.7660444283313822 -0.6427876273097093
vn 0 -0.8314696475898097 -0.5555701802084753
vn 0 -0.9396926168497417 -0.34202015414019754
vn 0 -0.9396926168497417 -0.34202015414019754
vn 0 -0.8314696475898097 -0.5555701802084753
vn 0 -0.9238795200293247 -0.38268346249921037
vn 0 -0.9396926168497417 -0.34202015414019754
vn 0 -0.9238795200293247 -0.38268346249921037
vn 0 -0.9807852840714884 -0.19509030357454893
vn 0 -1 0
vn 0 -1 0
vn 0 -0.9807852840714884 -0.19509030357454893
vn 0 -0.9807852840714884 -0.19509030357454893
vn 0 -1 0
vn 0 -0.9396926168497417 -0.34202015414019754
vn 0 1 0
vn 0.34202015414019754 0.9396926168497417 0
vn 0 1 0
vn 0 1 0
vn 0.34202015414019754 0.9396926168497417 0
vn 0.34202015414019754 0.9396926168497417 0
vn 0 1 0
vn 0.34202015414019754 0.9396926168497417 0
vn 0 1 0
vn 0.34202015414019754 0.9396926168497417 0
vn 0.6427876273097093 0.7660444283313822 0
vn 0.34202015414019754 0.9396926168497417 0
vn 0.34202015414019754 0.9396926168497417 0
vn 0.6427876273097093 0.7660444283313822 0
vn 0.6427876273097093 0.7660444283313822 0
vn 0.6427876273097093 0.7660444283313822 0
vn 0.6427876273097093 0.7660444283313822 0
vn 0.8660253998985324 0.5000000067305869 0
vn 0.6427876273097093 0.7660444283313822 0
vn 0.8660253998985324 0.5000000067305869 0
vn 0.8660253998985324 0.5000000067305869 0
vn 0.8660253998985324 0.5000000067305869 0
vn 0.8660253998985324 0.5000000067305869 0
vn 0.9848077496059419 0.17364819698482423 0
vn 0.8660253998985324 0.5000000067305869 0
vn 0.9848077496059419 0.17364819698482423 0
vn 0.9848077496059419 0.17364819698482423 0
vn 0.9848077496059419 0.17364819698482423 0
vn 0.9848077496059419 0.17364819698482423 0
vn 0.9848077496059419 -0.17364819698482423 0
vn 0.9848077496059419 -0.17364819698482423 0
vn 0.9848077496059419 0.17364819698482423 0
vn 0.9848077496059419 -0.17364819698482423 0
vn 0.9848077496059419 -0.17364819698482423 0
vn 0.9848077496059419 -0.17364819698482423 0
vn 0.8660253998985324 -0.5000000067305869 0
vn 0.8660253998985324 -0.5000000067305869 0
vn 0.9848077496059419 -0.17364819698482423 0
vn 0.8660253998985324 -0.5000000067305869 0
vn 0.8660253998985324 -0.5000000067305869 0
vn 0.8660253998985324 -0.5000000067305869 0
vn 0.6427876273097093 -0.7660444283313822 0
vn 0.6427876273097093 -0.7660444283313822 0
vn 0.8660253998985324 -0.5000000067305869 0
vn 0.6427876273097093 -0.7660444283313822 0
vn 0.6427876273097093 -0.7660444283313822 0
vn 0.6427876273097093 -0.7660444283313822 0
vn 0.34202015414019754 -0.9396926168497417 0
vn 0.34202015414019754 -0.9396926168497417 0
vn 0.6427876273097093 -0.7660444283313822 0
vn 0.34202015414019754 -0.9396926168497417 0
vn 0.34202015414019754 -0.9396926168497417 0
vn 0.34202015414019754 -0.9396926168497417 0
vn 0 -1 0
vn 0 -1 0
vn 0.34202015414019754 -0.9396926168497417 0
vn 0 -1 0
vn 0 -1 0
vn 0 -1 0
vn 0.34202015414019754 -0.9396926168497417 0
vn 0 -1 0
vn 0 -1 0
vn -0.19509030357454893 -0.9807852840714884 0
vn -0.19509030357454893 -0.9807852840714884 0
vn 0 -1 0
vn -0.34202015414019754 -0.9396926168497417 0
vn -0.19509030357454893 -0.9807852840714884 0
vn -0.34202015414019754 -0.9396926168497417 0
vn -0.38268346249921037 -0.9238795200293247 0
vn -0.38268346249921037 -0.9238795200293247 0
vn -0.34202015414019754 -0.9396926168497417 0
vn -0.5555701802084753 -0.8314696475898097 0
vn -0.5555701802084753 -0.8314696475898097 0
vn -0.34202015414019754 -0.9396926168497417 0
vn -0.6427876273097093 -0.7660444283313822 0
vn -0.5555701802084753 -0.8314696475898097 0
vn -0.6427876273097093 -0.7660444283313822 0
vn -0.7071067811865476 -0.7071067811865476 0
vn -0.7071067811865476 -0.7071067811865476 0
vn -0.6427876273097093 -0.7660444283313822 0
vn -0.8314696475898097 -0.5555701802084753 0
vn -0.8314696475898097 -0.5555701802084753 0
vn -0.6427876273097093 -0.7660444283313822 0
vn -0.8660253998985324 -0.5000000067305869 0
vn -0.8314696475898097 -0.5555701802084753 0
vn -0.8660253998985324 -0.5000000067305869 0
vn -0.9238795200293247 -0.38268346249921037 0
vn -0.9238795200293247 -0.38268346249921037 0
vn -0.8660253998985324 -0.5000000067305869 0
vn -0.9848077496059419 -0.17364819698482423 0
vn -0.9238795200293247 -0.38268346249921037 0
vn -0.9848077496059419 -0.17364819698482423 0
vn -0.9807852840714884 -0.19509030357454893 0
vn -0.9807852840714884 -0.19509030357454893 0
vn -0.9848077496059419 -0.17364819698482423 0
vn -1 0 0
vn -1 0 0
vn -0.9848077496059419 -0.17364819698482423 0
vn -0.9848077496059419 0.17364819698482423 0
vn -1 0 0
vn -0.9848077496059419 0.17364819698482423 0
vn -0.9807852840714884 0.19509030357454893 0
vn -0.9807852840714884 0.19509030357454893 0
vn -0.9848077496059419 0.17364819698482423 0
vn -0.9238795200293247 0.38268346249921037 0
vn -0.9238795200293247 0.38268346249921037 0
vn -0.9848077496059419 0.17364819698482423 0
vn -0.8660253998985324 0.5000000067305869 0
vn -0.9238795200293247 0.38268346249921037 0
vn -0.8660253998985324 0.5000000067305869 0
vn -0.8314696475898097 0.5555701802084753 0
vn -0.8314696475898097 0.5555701802084753 0
vn -0.8660253998985324 0.5000000067305869 0
vn -0.7071067811865476 0.7071067811865476 0
vn -0.7071067811865476 0.7071067811865476 0
vn -0.8660253998985324 0.5000000067305869 0
vn -0.6427876273097093 0.7660444283313822 0
vn -0.7071067811865476 0.7071067811865476 0
vn -0.6427876273097093 0.7660444283313822 0
vn -0.5555701802084753 0.8314696475898097 0
vn -0.5555701802084753 0.8314696475898097 0
vn -0.6427876273097093 0.7660444283313822 0
vn -0.34202015414019754 0.9396926168497417 0
vn -0.5555701802084753 0.8314696475898097 0
vn -0.34202015414019754 0.9396926168497417 0
vn -0.38268346249921037 0.9238795200293247 0
vn -0.38268346249921037 0.9238795200293247 0
vn -0.34202015414019754 0.9396926168497417 0
vn -0.19509030357454893 0.9807852840714884 0
vn -0.19509030357454893 0.9807852840714884 0
vn -0.34202015414019754 0.9396926168497417 0
vn 0 1 0
vn -0.19509030357454893 0.9807852840714884 0
vn 0 1 0
vn 0 1 0
vn 0 1 0
vn 0 1 0
vn 0 0.9396926168497417 -0.34202015414019754
vn 0 0.9396926168497417 -0.34202015414019754
vn 0 1 0
vn 0 0.9396926168497417 -0.34202015414019754
vn 0 0.9396926168497417 -0.34202015414019754
vn 0 0.9396926168497417 -0.34202015414019754
vn 0 0.7660444283313822 -0.6427876273097093
vn 0 0.7660444283313822 -0.6427876273097093
vn 0 0.9396926168497417 -0.34202015414019754
vn 0 0.7660444283313822 -0.6427876273097093
vn 0 0.7660444283313822 -0.6427876273097093
vn 0 0.7660444283313822 -0.6427876273097093
vn 0 0.5000000067305869 -0.8660253998985324
vn 0 0.5000000067305869 -0.8660253998985324
vn 0 0.7660444283313822 -0.6427876273097093
vn 0 0.5000000067305869 -0.8660253998985324
vn 0 0.5000000067305869 -0.8660253998985324
vn 0 0.5000000067305869 -0.8660253998985324
vn 0 0.17364819698482423 -0.9848077496059419
vn 0 0.17364819698482423 -0.9848077496059419
vn 0 0.5000000067305869 -0.8660253998985324
vn 0 0.17364819698482423 -0.9848077496059419
vn 0 0.17364819698482423 -0.9848077496059419
vn 0 0.17364819698482423 -0.9848077496059419
vn 0 -0.17364819698482423 -0.9848077496059419
vn 0 -0.17364819698482423 -0.9848077496059419
vn 0 0.17364819698482423 -0.9848077496059419
vn 0 -0.17364819698482423 -0.9848077496059419
vn 0 -0.17364819698482423 -0.9848077496059419
vn 0 -0.17364819698482423 -0.9848077496059419
vn 0 -0.5000000067305869 -0.8660253998985324
vn 0 -0.5000000067305869 -0.8660253998985324
vn 0 -0.17364819698482423 -0.9848077496059419
vn 0 -0.5000000067305869 -0.8660253998985324
vn 0 -0.5000000067305869 -0.8660253998985324
vn 0 -0.5000000067305869 -0.8660253998985324
vn 0 -0.7660444283313822 -0.6427876273097093
vn 0 -0.7660444283313822 -0.6427876273097093
vn 0 -0.5000000067305869 -0.8660253998985324
vn 0 -0.7660444283313822 -0.6427876273097093
vn 0 -0.7660444283313822 -0.6427876273097093
vn 0 -0.7660444283313822 -0.6427876273097093
vn 0 -0.9396926168497417 -0.34202015414019754
vn 0 -0.9396926168497417 -0.34202015414019754
vn 0 -0.7660444283313822 -0.6427876273097093
vn 0 -0.9396926168497417 -0.34202015414019754
vn 0 -0.9396926168497417 -0.34202015414019754
vn 0 -0.9396926168497417 -0.34202015414019754
vn 0 -1 0
vn 0 -1 0
vn 0 -0.9396926168497417 -0.34202015414019754
vn 0 -1 0
vn -0.09377480911927699 -0.19416391577426742 -0.9764766556276941
vn -0.09058332313555115 -0.19406397362876474 -0.9767977455487571
vn -0.1281795823689449 0 -0.9917509741178595
vn -0.1281795823689449 0 -0.9917509741178595
vn -0.09058332313555115 -0.19406397362876474 -0.9767977455487571
vn 0.013163600067534982 -0.19010658490792792 -0.9816752039284209
vn -0.1281795823689449 0 -0.9917509741178595
vn 0.013163600067534982 -0.19010658490792792 -0.9816752039284209
vn 0.11614039114051819 -0.18703617668988234 -0.9754634171279609
vn 0.11614039114051819 -0.18703617668988234 -0.9754634171279609
vn 0.013163600067534982 -0.19010658490792792 -0.9816752039284209
vn 0.08787406385686913 -0.37539914890123216 -0.922688261497625
vn 0.11614039114051819 -0.18703617668988234 -0.9754634171279609
vn 0.08787406385686913 -0.37539914890123216 -0.922688261497625
vn 0.1855673073131647 -0.3700386640061826 -0.9102945466150288
vn 0.1855673073131647 -0.3700386640061826 -0.9102945466150288
vn 0.08787406385686913 -0.37539914890123216 -0.922688261497625
vn 0.15412887407940026 -0.530977409944386 -0.8332510307847018
vn 0.1855673073131647 -0.3700386640061826 -0.9102945466150288
vn 0.15412887407940026 -0.530977409944386 -0.8332510307847018
vn 0.24302643261142762 -0.5250344216719376 -0.8156451490150463
vn 0.24302643261142762 -0.5250344216719376 -0.8156451490150463
vn 0.15412887407940026 -0.530977409944386 -0.8332510307847018
vn 0.19951251093073002 -0.6684709172524378 -0.7164784649728139
vn 0.24302643261142762 -0.5250344216719376 -0.8156451490150463
vn 0.19951251093073002 -0.6684709172524378 -0.7164784649728139
vn 0.27643784897771806 -0.6632558111486975 -0.695466638042441
vn 0.27643784897771806 -0.6632558111486975 -0.695466638042441
vn 0.19951251093073002 -0.6684709172524378 -0.7164784649728139
vn 0.22086577906427243 -0.7847034682081039 -0.5791880304534144
vn 0.27643784897771806 -0.6632558111486975 -0.695466638042441
vn 0.22086577906427243 -0.7847034682081039 -0.5791880304534144
vn 0.28338393522626465 -0.7811074840163251 -0.5563853373960915
vn 0.28338393522626465 -0.7811074840163251 -0.5563853373960915
vn 0.22086577906427243 -0.7847034682081039 -0.5791880304534144
vn 0.22124221577125616 -0.8773059112578592 -0.4258946114153622
vn 0.28338393522626465 -0.7811074840163251 -0.5563853373960915
vn 0.22124221577125616 -0.8773059112578592 -0.4258946114153622
vn 0.2673945403157265 -0.8756076615653124 -0.40225785612895926
vn 0.2673945403157265 -0.8756076615653124 -0.40225785612895926
vn 0.22124221577125616 -0.8773059112578592 -0.4258946114153622
vn 0.20493146390334074 -0.9435630858655917 -0.26017647490546864
vn 0.2673945403157265 -0.8756076615653124 -0.40225785612895926
vn 0.20493146390334074 -0.9435630858655917 -0.26017647490546864
vn 0.2331335679202211 -0.9433129967615751 -0.2362399831727986
vn 0.2331335679202211 -0.9433129967615751 -0.2362399831727986
vn 0.20493146390334074 -0.9435630858655917 -0.26017647490546864
vn 0.17608856850298868 -0.9806023070493054 -0.08609257489556281
vn 0.2331335679202211 -0.9433129967615751 -0.2362399831727986
vn 0.17608856850298868 -0.9806023070493054 -0.08609257489556281
vn 0.18526069895549954 -0.9807040135361264 -0.06243485610340759
vn 0.18526069895549954 -0.9807040135361264 -0.06243485610340759
vn 0.17608856850298868 -0.9806023070493054 -0.08609257489556281
vn 0.13863813872630562 -0.9861299988424502 0.09125290063058214
vn 0.18526069895549954 -0.9807040135361264 -0.06243485610340759
vn 0.13863813872630562 -0.9861299988424502 0.09125290063058214
vn 0.1284327368242253 -0.9851872999499698 0.11362665237138511
vn 0.1284327368242253 -0.9851872999499698 0.11362665237138511
vn 0.13863813872630562 -0.9861299988424502 0.09125290063058214
vn 0.09635019258032279 -0.9591795161932959 0.2658783483191691
vn 0.1284327368242253 -0.9851872999499698 0.11362665237138511
vn 0.09635019258032279 -0.9591795161932959 0.2658783483191691
vn 0.0673077177968022 -0.9560280399432962 0.28544711938845213
vn 0.0673077177968022 -0.9560280399432962 0.28544711938845213
vn 0.09635019258032279 -0.9591795161932959 0.2658783483191691
vn 0.05576011942316901 -0.9055640152236387 0.42052898046859444
vn 0.0673077177968022 -0.9560280399432962 0.28544711938845213
vn 0.05576011942316901 -0.9055640152236387 0.42052898046859444
vn 0.010423280159151239 -0.8999390481617827 0.4358911157896984
vn 0.010423280159151239 -0.8999390481617827 0.4358911157896984
vn 0.05576011942316901 -0.9055640152236387 0.42052898046859444
vn 0.016633899490848775 -0.8264671369539373 0.5627391801917566
vn 0.010423280159151239 -0.8999390481617827 0.4358911157896984
vn 0.016633899490848775 -0.8264671369539373 0.5627391801917566
vn -0.04325201716944404 -0.8187389339789358 0.57253455878035
vn -0.04325201716944404 -0.8187389339789358 0.57253455878035
vn 0.016633899490848775 -0.8264671369539373 0.5627391801917566
vn -0.018915498297517805 -0.7247747651798927 0.688726174675094
vn -0.04325201716944404 -0.8187389339789358 0.57253455878035
vn -0.018915498297517805 -0.7247747651798927 0.688726174675094
vn -0.09130997130892705 -0.7159628209447381 0.6921414076360523
vn -0.09130997130892705 -0.7159628209447381 0.6921414076360523
vn -0.018915498297517805 -0.7247747651798927 0.688726174675094
vn -0.04928016908642065 -0.6039308750593981 0.7955117617513918
vn -0.09130997130892705 -0.7159628209447381 0.6921414076360523
vn -0.04928016908642065 -0.6039308750593981 0.7955117617513918
vn -0.1320315627299126 -0.5953934914327155 0.7925113606773457
vn -0.1320315627299126 -0.5953934914327155 0.7925113606773457
vn -0.04928016908642065 -0.6039308750593981 0.7955117617513918
vn -0.07337969583556189 -0.4675481346192474 0.8809166601064725
vn -0.1320315627299126 -0.5953934914327155 0.7925113606773457
vn -0.07337969583556189 -0.4675481346192474 0.8809166601064725
vn -0.16433142184902294 -0.4605783836771346 0.8722744615557863
vn -0.16433142184902294 -0.4605783836771346 0.8722744615557863
vn -0.07337969583556189 -0.4675481346192474 0.8809166601064725
vn -0.0906202668314114 -0.3191607679736888 0.9433580292899663
vn -0.16433142184902294 -0.4605783836771346 0.8722744615557863
vn -0.0906202668314114 -0.3191607679736888 0.9433580292899663
vn -0.18761408436000837 -0.31461221159104696 0.9304945521965972
vn -0.18761408436000837 -0.31461221159104696 0.9304945521965972
vn -0.0906202668314114 -0.3191607679736888 0.9433580292899663
vn -0.10082150138389555 -0.16215117095128992 0.9816017637605501
vn -0.18761408436000837 -0.31461221159104696 0.9304945521965972
vn -0.10082150138389555 -0.16215117095128992 0.9816017637605501
vn -0.20161375008338875 -0.160185214718506 0.9662776996096406
vn -0.20161375008338875 -0.160185214718506 0.9662776996096406
vn -0.10082150138389555 -0.16215117095128992 0.9816017637605501
vn -0.15803124379316338 0 0.9874341122248034
vn -0.20161375008338875 -0.160185214718506 0.9662776996096406
vn -0.15803124379316338 0 0.9874341122248034
vn -0.30999002159636146 0 0.9507398101008956
vn -0.09377480911927699 -0.19416391577426742 -0.9764766556276941
vn -0.01318503049582938 -0.38270663388132165 -0.9237758317655058
vn -0.09058332313555115 -0.19406397362876474 -0.9767977455487571
vn -0.09058332313555115 -0.19406397362876474 -0.9767977455487571
vn -0.01318503049582938 -0.38270663388132165 -0.9237758317655058
vn -0.010864109945760977 -0.38237816846973693 -0.9239420476376295
vn -0.09058332313555115 -0.19406397362876474 -0.9767977455487571
vn -0.010864109945760977 -0.38237816846973693 -0.9239420476376295
vn 0.013163600067534982 -0.19010658490792792 -0.9816752039284209
vn 0.013163600067534982 -0.19010658490792792 -0.9816752039284209
vn -0.010864109945760977 -0.38237816846973693 -0.9239420476376295
vn 0.08787406385686913 -0.37539914890123216 -0.922688261497625
vn -0.010864109945760977 -0.38237816846973693 -0.9239420476376295
vn -0.01318503049582938 -0.38270663388132165 -0.9237758317655058
vn 0.06379269783040163 -0.5388314702437575 -0.839994725208718
vn 0.06379269783040163 -0.5388314702437575 -0.839994725208718
vn -0.01318503049582938 -0.38270663388132165 -0.9237758317655058
vn 0.06914576982549919 -0.5542572216415129 -0.8294683808159716
vn 0.06379269783040163 -0.5388314702437575 -0.839994725208718
vn 0.06914576982549919 -0.5542572216415129 -0.8294683808159716
vn 0.15412887407940026 -0.530977409944386 -0.8332510307847018
vn 0.15412887407940026 -0.530977409944386 -0.8332510307847018
vn 0.06914576982549919 -0.5542572216415129 -0.8294683808159716
vn 0.19951251093073002 -0.6684709172524378 -0.7164784649728139
vn 0.19951251093073002 -0.6684709172524378 -0.7164784649728139
vn 0.06914576982549919 -0.5542572216415129 -0.8294683808159716
vn 0.12071412716649904 -0.6755237531727328 -0.727389688132747
vn 0.12071412716649904 -0.6755237531727328 -0.727389688132747
vn 0.06914576982549919 -0.5542572216415129 -0.8294683808159716
vn 0.12881036183443628 -0.7011764689490038 -0.7012556239177612
vn 0.12071412716649904 -0.6755237531727328 -0.727389688132747
vn 0.12881036183443628 -0.7011764689490038 -0.7012556239177612
vn 0.19951251093073002 -0.6684709172524378 -0.7164784649728139
vn 0.19951251093073002 -0.6684709172524378 -0.7164784649728139
vn 0.12881036183443628 -0.7011764689490038 -0.7012556239177612
vn 0.22086577906427243 -0.7847034682081039 -0.5791880304534144
vn 0.22086577906427243 -0.7847034682081039 -0.5791880304534144
vn 0.12881036183443628 -0.7011764689490038 -0.7012556239177612
vn 0.15603284717187715 -0.7897877187934016 -0.5932024189486694
vn 0.15603284717187715 -0.7897877187934016 -0.5932024189486694
vn 0.12881036183443628 -0.7011764689490038 -0.7012556239177612
vn 0.16238969435314582 -0.8204169208141459 -0.5482204512873697
vn 0.15603284717187715 -0.7897877187934016 -0.5932024189486694
vn 0.16238969435314582 -0.8204169208141459 -0.5482204512873697
vn 0.22086577906427243 -0.7847034682081039 -0.5791880304534144
vn 0.22086577906427243 -0.7847034682081039 -0.5791880304534144
vn 0.16238969435314582 -0.8204169208141459 -0.5482204512873697
vn 0.22124221577125616 -0.8773059112578592 -0.4258946114153622
vn 0.22124221577125616 -0.8773059112578592 -0.4258946114153622
vn 0.16238969435314582 -0.8204169208141459 -0.5482204512873697
vn 0.17231930411896185 -0.879998008850319 -0.4426167211566128
vn 0.17231930411896185 -0.879998008850319 -0.4426167211566128
vn 0.16238969435314582 -0.8204169208141459 -0.5482204512873697
vn 0.17411852981899872 -0.9097526465129702 -0.3768724714493186
vn 0.17231930411896185 -0.879998008850319 -0.4426167211566128
vn 0.17411852981899872 -0.9097526465129702 -0.3768724714493186
vn 0.22124221577125616 -0.8773059112578592 -0.4258946114153622
vn 0.22124221577125616 -0.8773059112578592 -0.4258946114153622
vn 0.17411852981899872 -0.9097526465129702 -0.3768724714493186
vn 0.20493146390334074 -0.9435630858655917 -0.26017647490546864
vn 0.20493146390334074 -0.9435630858655917 -0.26017647490546864
vn 0.17411852981899872 -0.9097526465129702 -0.3768724714493186
vn 0.1735094449926009 -0.9443107637996379 -0.2795919417123894
vn 0.1735094449926009 -0.9443107637996379 -0.2795919417123894
vn 0.17411852981899872 -0.9097526465129702 -0.3768724714493186
vn 0.16931807918512282 -0.9666236595446486 -0.1922760746155691
vn 0.1735094449926009 -0.9443107637996379 -0.2795919417123894
vn 0.16931807918512282 -0.9666236595446486 -0.1922760746155691
vn 0.20493146390334074 -0.9435630858655917 -0.26017647490546864
vn 0.20493146390334074 -0.9435630858655917 -0.26017647490546864
vn 0.16931807918512282 -0.9666236595446486 -0.1922760746155691
vn 0.17608856850298868 -0.9806023070493054 -0.08609257489556281
vn 0.17608856850298868 -0.9806023070493054 -0.08609257489556281
vn 0.16931807918512282 -0.9666236595446486 -0.1922760746155691
vn 0.16333671108177664 -0.9806377408155446 -0.10803119966552718
vn 0.16333671108177664 -0.9806377408155446 -0.10803119966552718
vn 0.16931807918512282 -0.9666236595446486 -0.1922760746155691
vn 0.1527710216497348 -0.9882616126027037 0
vn 0.16333671108177664 -0.9806377408155446 -0.10803119966552718
vn 0.1527710216497348 -0.9882616126027037 0
vn 0.17608856850298868 -0.9806023070493054 -0.08609257489556281
vn 0.17608856850298868 -0.9806023070493054 -0.08609257489556281
vn 0.1527710216497348 -0.9882616126027037 0
vn 0.13863813872630562 -0.9861299988424502 0.09125290063058214
vn 0.13863813872630562 -0.9861299988424502 0.09125290063058214
vn 0.1527710216497348 -0.9882616126027037 0
vn 0.14512592852023234 -0.9871021711813968 0.06758526851402662
vn 0.14512592852023234 -0.9871021711813968 0.06758526851402662
vn 0.1527710216497348 -0.9882616126027037 0
vn 0.12870006395485936 -0.9726281266007056 0.19347046514446706
vn 0.14512592852023234 -0.9871021711813968 0.06758526851402662
vn 0.12870006395485936 -0.9726281266007056 0.19347046514446706
vn 0.13863813872630562 -0.9861299988424502 0.09125290063058214
vn 0.13863813872630562 -0.9861299988424502 0.09125290063058214
vn 0.12870006395485936 -0.9726281266007056 0.19347046514446706
vn 0.09635019258032279 -0.9591795161932959 0.2658783483191691
vn 0.09635019258032279 -0.9591795161932959 0.2658783483191691
vn 0.12870006395485936 -0.9726281266007056 0.19347046514446706
vn 0.12188469870220038 -0.9625719388390682 0.24207309388255235
vn 0.12188469870220038 -0.9625719388390682 0.24207309388255235
vn 0.12870006395485936 -0.9726281266007056 0.19347046514446706
vn 0.10090934443408016 -0.9191492161833528 0.38076504907280084
vn 0.12188469870220038 -0.9625719388390682 0.24207309388255235
vn 0.10090934443408016 -0.9191492161833528 0.38076504907280084
vn 0.09635019258032279 -0.9591795161932959 0.2658783483191691
vn 0.09635019258032279 -0.9591795161932959 0.2658783483191691
vn 0.10090934443408016 -0.9191492161833528 0.38076504907280084
vn 0.05576011942316901 -0.9055640152236387 0.42052898046859444
vn 0.05576011942316901 -0.9055640152236387 0.42052898046859444
vn 0.10090934443408016 -0.9191492161833528 0.38076504907280084
vn 0.09814196858146229 -0.9118866355197061 0.39853596821805926
vn 0.09814196858146229 -0.9118866355197061 0.39853596821805926
vn 0.10090934443408016 -0.9191492161833528 0.38076504907280084
vn 0.07280346221349766 -0.8292466051118692 0.5541206762070584
vn 0.09814196858146229 -0.9118866355197061 0.39853596821805926
vn 0.07280346221349766 -0.8292466051118692 0.5541206762070584
vn 0.07441432232181013 -0.8354708780467714 0.544473066890496
vn 0.07441432232181013 -0.8354708780467714 0.544473066890496
vn 0.07280346221349766 -0.8292466051118692 0.5541206762070584
vn 0.016633899490848775 -0.8264671369539373 0.5627391801917566
vn 0.07441432232181013 -0.8354708780467714 0.544473066890496
vn 0.016633899490848775 -0.8264671369539373 0.5627391801917566
vn 0.05576011942316901 -0.9055640152236387 0.42052898046859444
vn 0.016633899490848775 -0.8264671369539373 0.5627391801917566
vn 0.07280346221349766 -0.8292466051118692 0.5541206762070584
vn 0.05239719183571099 -0.7353604479596362 0.6756475011900325
vn 0.05239719183571099 -0.7353604479596362 0.6756475011900325
vn 0.07280346221349766 -0.8292466051118692 0.5541206762070584
vn 0.0472165320780665 -0.7062782227002213 0.706358033321585
vn 0.05239719183571099 -0.7353604479596362 0.6756475011900325
vn 0.0472165320780665 -0.7062782227002213 0.706358033321585
vn -0.018915498297517805 -0.7247747651798927 0.688726174675094
vn -0.018915498297517805 -0.7247747651798927 0.688726174675094
vn 0.0472165320780665 -0.7062782227002213 0.706358033321585
vn 0.0334295293338723 -0.6144612993748896 0.7882384018423856
vn -0.018915498297517805 -0.7247747651798927 0.688726174675094
vn 0.0334295293338723 -0.6144612993748896 0.7882384018423856
vn -0.04928016908642065 -0.6039308750593981 0.7955117617513918
vn -0.04928016908642065 -0.6039308750593981 0.7955117617513918
vn 0.0334295293338723 -0.6144612993748896 0.7882384018423856
vn 0.0184367396340389 -0.4763437318173353 0.8790658313175421
vn -0.04928016908642065 -0.6039308750593981 0.7955117617513918
vn 0.0184367396340389 -0.4763437318173353 0.8790658313175421
vn -0.07337969583556189 -0.4675481346192474 0.8809166601064725
vn -0.07337969583556189 -0.4675481346192474 0.8809166601064725
vn 0.0184367396340389 -0.4763437318173353 0.8790658313175421
vn 0.007902160342515823 -0.3250203453526332 0.9456740088258618
vn -0.07337969583556189 -0.4675481346192474 0.8809166601064725
vn 0.007902160342515823 -0.3250203453526332 0.9456740088258618
vn -0.0906202668314114 -0.3191607679736888 0.9433580292899663
vn -0.0906202668314114 -0.3191607679736888 0.9433580292899663
vn 0.007902160342515823 -0.3250203453526332 0.9456740088258618
vn 0.001873029991728577 -0.16473943115691184 0.9863353443838192
vn -0.0906202668314114 -0.3191607679736888 0.9433580292899663
vn 0.001873029991728577 -0.16473943115691184 0.9863353443838192
vn -0.10082150138389555 -0.16215117095128992 0.9816017637605501
vn -0.10082150138389555 -0.16215117095128992 0.9816017637605501
vn 0.001873029991728577 -0.16473943115691184 0.9863353443838192
vn 0 0 1
vn -0.10082150138389555 -0.16215117095128992 0.9816017637605501
vn 0 0 1
vn -0.15803124379316338 0 0.9874341122248034
vn 0.0472165320780665 -0.7062782227002213 0.706358033321585
vn 0.026291748137186283 -0.5553948800738809 0.8311710240182884
vn 0.0334295293338723 -0.6144612993748896 0.7882384018423856
vn 0.0334295293338723 -0.6144612993748896 0.7882384018423856
vn 0.026291748137186283 -0.5553948800738809 0.8311710240182884
vn 0.0184367396340389 -0.4763437318173353 0.8790658313175421
vn 0.026291748137186283 -0.5553948800738809 0.8311710240182884
vn 0.011301888970735488 -0.3827154895956897 0.92379712130382
vn 0.0184367396340389 -0.4763437318173353 0.8790658313175421
vn 0.0184367396340389 -0.4763437318173353 0.8790658313175421
vn 0.011301888970735488 -0.3827154895956897 0.92379712130382
vn 0.007902160342515823 -0.3250203453526332 0.9456740088258618
vn 0.011301888970735488 -0.3827154895956897 0.92379712130382
vn 0.0026660097724363102 -0.19502259422037918 0.9807951264843471
vn 0.007902160342515823 -0.3250203453526332 0.9456740088258618
vn 0.007902160342515823 -0.3250203453526332 0.9456740088258618
vn 0.0026660097724363102 -0.19502259422037918 0.9807951264843471
vn 0.001873029991728577 -0.16473943115691184 0.9863353443838192
vn 0.0026660097724363102 -0.19502259422037918 0.9807951264843471
vn 0 0 1
vn 0.001873029991728577 -0.16473943115691184 0.9863353443838192
vn 0.001873029991728577 -0.16473943115691184 0.9863353443838192
vn 0 0 1
vn 0 0 1
vn 0.001873029991728577 -0.16473943115691184 0.9863353443838192
vn 0 0 1
vn 0 0 1
vn -0.45250947357788796 0 0.8917595955874335
vn -0.39313957722383386 -0.15760846687481211 0.905870213656259
vn -0.30999002159636146 0 0.9507398101008956
vn -0.30999002159636146 0 0.9507398101008956
vn -0.39313957722383386 -0.15760846687481211 0.905870213656259
vn -0.29935184765264483 -0.15870619161687669 0.9408511125833964
vn -0.30999002159636146 0 0.9507398101008956
vn -0.29935184765264483 -0.15870619161687669 0.9408511125833964
vn -0.20161375008338875 -0.160185214718506 0.9662776996096406
vn -0.20161375008338875 -0.160185214718506 0.9662776996096406
vn -0.29935184765264483 -0.15870619161687669 0.9408511125833964
vn -0.281878024825878 -0.3111539488437365 0.907594622746968
vn -0.20161375008338875 -0.160185214718506 0.9662776996096406
vn -0.281878024825878 -0.3111539488437365 0.907594622746968
vn -0.18761408436000837 -0.31461221159104696 0.9304945521965972
vn -0.18761408436000837 -0.31461221159104696 0.9304945521965972
vn -0.281878024825878 -0.3111539488437365 0.907594622746968
vn -0.25311952862727366 -0.455204576853945 0.8536505710410599
vn -0.18761408436000837 -0.31461221159104696 0.9304945521965972
vn -0.25311952862727366 -0.455204576853945 0.8536505710410599
vn -0.16433142184902294 -0.4605783836771346 0.8722744615557863
vn -0.16433142184902294 -0.4605783836771346 0.8722744615557863
vn -0.25311952862727366 -0.455204576853945 0.8536505710410599
vn -0.2134114808745243 -0.5886889715048577 0.7796799565587763
vn -0.16433142184902294 -0.4605783836771346 0.8722744615557863
vn -0.2134114808745243 -0.5886889715048577 0.7796799565587763
vn -0.1320315627299126 -0.5953934914327155 0.7925113606773457
vn -0.1320315627299126 -0.5953934914327155 0.7925113606773457
vn -0.2134114808745243 -0.5886889715048577 0.7796799565587763
vn -0.1633011963859749 -0.7088784432705278 0.6861662130455437
vn -0.1320315627299126 -0.5953934914327155 0.7925113606773457
vn -0.1633011963859749 -0.7088784432705278 0.6861662130455437
vn -0.09130997130892705 -0.7159628209447381 0.6921414076360523
vn -0.09130997130892705 -0.7159628209447381 0.6921414076360523
vn -0.1633011963859749 -0.7088784432705278 0.6861662130455437
vn -0.10379360863182928 -0.8123415901837701 0.5738710897622277
vn -0.09130997130892705 -0.7159628209447381 0.6921414076360523
vn -0.10379360863182928 -0.8123415901837701 0.5738710897622277
vn -0.04325201716944404 -0.8187389339789358 0.57253455878035
vn -0.04325201716944404 -0.8187389339789358 0.57253455878035
vn -0.10379360863182928 -0.8123415901837701 0.5738710897622277
vn -0.03660584974166417 -0.8951104849929825 0.44433909508428193
vn -0.04325201716944404 -0.8187389339789358 0.57253455878035
vn -0.03660584974166417 -0.8951104849929825 0.44433909508428193
vn 0.010423280159151239 -0.8999390481617827 0.4358911157896984
vn 0.010423280159151239 -0.8999390481617827 0.4358911157896984
vn -0.03660584974166417 -0.8951104849929825 0.44433909508428193
vn 0.035676728309755504 -0.9531947207547793 0.3002448923501124
vn 0.010423280159151239 -0.8999390481617827 0.4358911157896984
vn 0.035676728309755504 -0.9531947207547793 0.3002448923501124
vn 0.0673077177968022 -0.9560280399432962 0.28544711938845213
vn 0.0673077177968022 -0.9560280399432962 0.28544711938845213
vn 0.035676728309755504 -0.9531947207547793 0.3002448923501124
vn 0.11493414415709588 -0.9842921899037138 0.13401129579788174
vn 0.0673077177968022 -0.9560280399432962 0.28544711938845213
vn 0.11493414415709588 -0.9842921899037138 0.13401129579788174
vn 0.1284327368242253 -0.9851872999499698 0.11362665237138511
vn 0.1284327368242253 -0.9851872999499698 0.11362665237138511
vn 0.11493414415709588 -0.9842921899037138 0.13401129579788174
vn 0.1907377053045382 -0.980913021944667 -0.037799089334805865
vn 0.1284327368242253 -0.9851872999499698 0.11362665237138511
vn 0.1907377053045382 -0.980913021944667 -0.037799089334805865
vn 0.18526069895549954 -0.9807040135361264 -0.06243485610340759
vn 0.18526069895549954 -0.9807040135361264 -0.06243485610340759
vn 0.1907377053045382 -0.980913021944667 -0.037799089334805865
vn 0.25750350968522895 -0.943513990048521 -0.20850250138189858
vn 0.18526069895549954 -0.9807040135361264 -0.06243485610340759
vn 0.25750350968522895 -0.943513990048521 -0.20850250138189858
vn 0.2331335679202211 -0.9433129967615751 -0.2362399831727986
vn 0.2331335679202211 -0.9433129967615751 -0.2362399831727986
vn 0.25750350968522895 -0.943513990048521 -0.20850250138189858
vn 0.309768765747382 -0.874853371395032 -0.3723907763708572
vn 0.2331335679202211 -0.9433129967615751 -0.2362399831727986
vn 0.309768765747382 -0.874853371395032 -0.3723907763708572
vn 0.2673945403157265 -0.8756076615653124 -0.40225785612895926
vn 0.2673945403157265 -0.8756076615653124 -0.40225785612895926
vn 0.309768765747382 -0.874853371395032 -0.3723907763708572
vn 0.34230840788978056 -0.778928233534495 -0.5254481524287575
vn 0.2673945403157265 -0.8756076615653124 -0.40225785612895926
vn 0.34230840788978056 -0.778928233534495 -0.5254481524287575
vn 0.28338393522626465 -0.7811074840163251 -0.5563853373960915
vn 0.28338393522626465 -0.7811074840163251 -0.5563853373960915
vn 0.34230840788978056 -0.778928233534495 -0.5254481524287575
vn 0.35006019326310855 -0.6597522469516582 -0.6649697991148419
vn 0.28338393522626465 -0.7811074840163251 -0.5563853373960915
vn 0.35006019326310855 -0.6597522469516582 -0.6649697991148419
vn 0.27643784897771806 -0.6632558111486975 -0.695466638042441
vn 0.27643784897771806 -0.6632558111486975 -0.695466638042441
vn 0.35006019326310855 -0.6597522469516582 -0.6649697991148419
vn 0.3290125681313533 -0.52080618601642 -0.7877256163275647
vn 0.27643784897771806 -0.6632558111486975 -0.695466638042441
vn 0.3290125681313533 -0.52080618601642 -0.7877256163275647
vn 0.24302643261142762 -0.5250344216719376 -0.8156451490150463
vn 0.24302643261142762 -0.5250344216719376 -0.8156451490150463
vn 0.3290125681313533 -0.52080618601642 -0.7877256163275647
vn 0.2807940302634675 -0.36606178443249987 -0.8872167055159033
vn 0.24302643261142762 -0.5250344216719376 -0.8156451490150463
vn 0.2807940302634675 -0.36606178443249987 -0.8872167055159033
vn 0.1855673073131647 -0.3700386640061826 -0.9102945466150288
vn 0.1855673073131647 -0.3700386640061826 -0.9102945466150288
vn 0.2807940302634675 -0.36606178443249987 -0.8872167055159033
vn 0.2170453984225537 -0.1846759782133664 -0.9585332952456743
vn 0.1855673073131647 -0.3700386640061826 -0.9102945466150288
vn 0.2170453984225537 -0.1846759782133664 -0.9585332952456743
vn 0.11614039114051819 -0.18703617668988234 -0.9754634171279609
vn 0.11614039114051819 -0.18703617668988234 -0.9754634171279609
vn 0.2170453984225537 -0.1846759782133664 -0.9585332952456743
vn -0.1281795823689449 0 -0.9917509741178595
vn -0.39313957722383386 -0.15760846687481211 0.905870213656259
vn -0.45250947357788796 0 0.8917595955874335
vn -0.4844013283910695 -0.15679562510694595 0.8606802455036885
vn -0.4844013283910695 -0.15679562510694595 0.8606802455036885
vn -0.45250947357788796 0 0.8917595955874335
vn -0.5832584602252064 0 0.8122866295684801
vn -0.4844013283910695 -0.15679562510694595 0.8606802455036885
vn -0.5832584602252064 0 0.8122866295684801
vn -0.5701814190685015 -0.15623525992444617 0.8065256926505011
vn -0.5701814190685015 -0.15623525992444617 0.8065256926505011
vn -0.5832584602252064 0 0.8122866295684801
vn -0.6499268438115702 -0.1558812117738321 0.7438387900002612
vn -0.5701814190685015 -0.15623525992444617 0.8065256926505011
vn -0.6499268438115702 -0.1558812117738321 0.7438387900002612
vn -0.6210348621472958 -0.3051077433027732 0.7219591158607102
vn -0.6210348621472958 -0.3051077433027732 0.7219591158607102
vn -0.6499268438115702 -0.1558812117738321 0.7438387900002612
vn -0.6919209207621435 -0.3050715855650242 0.654352173598063
vn -0.6210348621472958 -0.3051077433027732 0.7219591158607102
vn -0.6919209207621435 -0.3050715855650242 0.654352173598063
vn -0.6415756295065584 -0.44626396548548 0.6238823484699961
vn -0.6415756295065584 -0.44626396548548 0.6238823484699961
vn -0.6919209207621435 -0.3050715855650242 0.654352173598063
vn -0.7021617790699984 -0.4472462174010944 0.5540213507019992
vn -0.6415756295065584 -0.44626396548548 0.6238823484699961
vn -0.7021617790699984 -0.4472462174010944 0.5540213507019992
vn -0.6289607834517251 -0.5788596228308264 0.5189700087056531
vn -0.6289607834517251 -0.5788596228308264 0.5189700087056531
vn -0.7021617790699984 -0.4472462174010944 0.5540213507019992
vn -0.6781789044630433 -0.581144748423533 0.44982680547190035
vn -0.6289607834517251 -0.5788596228308264 0.5189700087056531
vn -0.6781789044630433 -0.581144748423533 0.44982680547190035
vn -0.5814655300584481 -0.7002399416170415 0.41420026740456145
vn -0.5814655300584481 -0.7002399416170415 0.41420026740456145
vn -0.6781789044630433 -0.581144748423533 0.44982680547190035
vn -0.618975221198676 -0.7034958590631772 0.3492323751071948
vn -0.5814655300584481 -0.7002399416170415 0.41420026740456145
vn -0.618975221198676 -0.7034958590631772 0.3492323751071948
vn -0.49979108622296936 -0.8058989652159833 0.31738892229545723
vn -0.49979108622296936 -0.8058989652159833 0.31738892229545723
vn -0.618975221198676 -0.7034958590631772 0.3492323751071948
vn -0.5361886083287738 -0.8024168102540642 0.26197144676499784
vn -0.49979108622296936 -0.8058989652159833 0.31738892229545723
vn -0.5361886083287738 -0.8024168102540642 0.26197144676499784
vn -0.37210252320578646 -0.8982449634677528 0.2338711137115964
vn -0.5832584602252064 0 0.8122866295684801
vn -0.7003526157285709 0 0.7137970395302494
vn -0.6499268438115702 -0.1558812117738321 0.7438387900002612
vn -0.6499268438115702 -0.1558812117738321 0.7438387900002612
vn -0.7003526157285709 0 0.7137970395302494
vn -0.7230612021711041 -0.15569964012798765 0.6730082614492134
vn -0.6499268438115702 -0.1558812117738321 0.7438387900002612
vn -0.7230612021711041 -0.15569964012798765 0.6730082614492134
vn -0.6919209207621435 -0.3050715855650242 0.654352173598063
vn -0.6919209207621435 -0.3050715855650242 0.654352173598063
vn -0.7230612021711041 -0.15569964012798765 0.6730082614492134
vn -0.7557999634945495 -0.30547988993769293 0.5791791191205816
vn -0.6919209207621435 -0.3050715855650242 0.654352173598063
vn -0.7557999634945495 -0.30547988993769293 0.5791791191205816
vn -0.7021617790699984 -0.4472462174010944 0.5540213507019992
vn -0.7021617790699984 -0.4472462174010944 0.5540213507019992
vn -0.7557999634945495 -0.30547988993769293 0.5791791191205816
vn -0.7553775809155526 -0.44890090244307845 0.47738107423310916
vn -0.7021617790699984 -0.4472462174010944 0.5540213507019992
vn -0.7553775809155526 -0.44890090244307845 0.47738107423310916
vn -0.6781789044630433 -0.581144748423533 0.44982680547190035
vn -0.6781789044630433 -0.581144748423533 0.44982680547190035
vn -0.7553775809155526 -0.44890090244307845 0.47738107423310916
vn -0.7198006394011323 -0.5841786766688968 0.37499641764035263
vn -0.6781789044630433 -0.581144748423533 0.44982680547190035
vn -0.7198006394011323 -0.5841786766688968 0.37499641764035263
vn -0.618975221198676 -0.7034958590631772 0.3492323751071948
vn -0.618975221198676 -0.7034958590631772 0.3492323751071948
vn -0.7198006394011323 -0.5841786766688968 0.37499641764035263
vn -0.6779485253301099 -0.6778798011756123 0.2843673190801671
vn -0.618975221198676 -0.7034958590631772 0.3492323751071948
vn -0.6779485253301099 -0.6778798011756123 0.2843673190801671
vn -0.5361886083287738 -0.8024168102540642 0.26197144676499784
vn -0.7003526157285709 0 0.7137970395302494
vn -0.8017910695327014 0 0.5976044518053784
vn -0.7230612021711041 -0.15569964012798765 0.6730082614492134
vn -0.7230612021711041 -0.15569964012798765 0.6730082614492134
vn -0.8017910695327014 0 0.5976044518053784
vn -0.7889294528202859 -0.1556651722299495 0.5944397973111359
vn -0.7230612021711041 -0.15569964012798765 0.6730082614492134
vn -0.7889294528202859 -0.1556651722299495 0.5944397973111359
vn -0.7557999634945495 -0.30547988993769293 0.5791791191205816
vn -0.7557999634945495 -0.30547988993769293 0.5791791191205816
vn -0.7889294528202859 -0.1556651722299495 0.5944397973111359
vn -0.8119360237394116 -0.306272299187104 0.4969478565250871
vn -0.7557999634945495 -0.30547988993769293 0.5791791191205816
vn -0.8119360237394116 -0.306272299187104 0.4969478565250871
vn -0.7553775809155526 -0.44890090244307845 0.47738107423310916
vn -0.7553775809155526 -0.44890090244307845 0.47738107423310916
vn -0.8119360237394116 -0.306272299187104 0.4969478565250871
vn -0.8004586077660033 -0.45112064351619263 0.3946595776702346
vn -0.7553775809155526 -0.44890090244307845 0.47738107423310916
vn -0.8004586077660033 -0.45112064351619263 0.3946595776702346
vn -0.7198006394011323 -0.5841786766688968 0.37499641764035263
vn -0.7198006394011323 -0.5841786766688968 0.37499641764035263
vn -0.8004586077660033 -0.45112064351619263 0.3946595776702346
vn -0.7929055759079269 -0.529833023344605 0.30096131822484073
vn -0.7198006394011323 -0.5841786766688968 0.37499641764035263
vn -0.7929055759079269 -0.529833023344605 0.30096131822484073
vn -0.6779485253301099 -0.6778798011756123 0.2843673190801671
vn -0.7889294528202859 -0.1556651722299495 0.5944397973111359
vn -0.8017910695327014 0 0.5976044518053784
vn -0.8467736068117708 -0.1557578114068317 0.5086393250553268
vn -0.8467736068117708 -0.1557578114068317 0.5086393250553268
vn -0.8017910695327014 0 0.5976044518053784
vn -0.885129526024166 0 0.4653447347507387
vn -0.8467736068117708 -0.1557578114068317 0.5086393250553268
vn -0.885129526024166 0 0.4653447347507387
vn -0.8957487947497157 -0.15596142422913034 0.41630533368773087
vn -0.8957487947497157 -0.15596142422913034 0.41630533368773087
vn -0.885129526024166 0 0.4653447347507387
vn -0.9475460907180024 0 0.319619157694014
vn -0.8957487947497157 -0.15596142422913034 0.41630533368773087
vn -0.9475460907180024 0 0.319619157694014
vn -0.9299210467211005 -0.18490982368304928 0.317891811738894
vn -0.8957487947497157 -0.15596142422913034 0.41630533368773087
vn -0.9299210467211005 -0.18490982368304928 0.317891811738894
vn -0.8595134219296158 -0.3073912632267923 0.40834702008791357
vn -0.8595134219296158 -0.3073912632267923 0.40834702008791357
vn -0.9299210467211005 -0.18490982368304928 0.317891811738894
vn -0.8777499338067968 -0.3636443970633433 0.3119580199106948
vn -0.8595134219296158 -0.3073912632267923 0.40834702008791357
vn -0.8777499338067968 -0.3636443970633433 0.3119580199106948
vn -0.8004586077660033 -0.45112064351619263 0.3946595776702346
vn -0.8004586077660033 -0.45112064351619263 0.3946595776702346
vn -0.8777499338067968 -0.3636443970633433 0.3119580199106948
vn -0.7929055759079269 -0.529833023344605 0.30096131822484073
vn -0.1911375785046612 -0.9609036266695812 0.20032634958142853
vn -0.21655763158598593 -0.9472217329259192 0.2363763543053468
vn -0.37210252320578646 -0.8982449634677528 0.2338711137115964
vn -0.37210252320578646 -0.8982449634677528 0.2338711137115964
vn -0.21655763158598593 -0.9472217329259192 0.2363763543053468
vn -0.3646311414161722 -0.888163972187626 0.2796585225188701
vn -0.37210252320578646 -0.8982449634677528 0.2338711137115964
vn -0.3646311414161722 -0.888163972187626 0.2796585225188701
vn -0.49979108622296936 -0.8058989652159833 0.31738892229545723
vn -0.49979108622296936 -0.8058989652159833 0.31738892229545723
vn -0.3646311414161722 -0.888163972187626 0.2796585225188701
vn -0.4666704812092103 -0.8030728064877461 0.3705303353949027
vn -0.49979108622296936 -0.8058989652159833 0.31738892229545723
vn -0.4666704812092103 -0.8030728064877461 0.3705303353949027
vn -0.5814655300584481 -0.7002399416170415 0.41420026740456145
vn -0.5814655300584481 -0.7002399416170415 0.41420026740456145
vn -0.4666704812092103 -0.8030728064877461 0.3705303353949027
vn -0.5370649132869466 -0.6978095813434148 0.47394416031998177
vn -0.5814655300584481 -0.7002399416170415 0.41420026740456145
vn -0.5370649132869466 -0.6978095813434148 0.47394416031998177
vn -0.6289607834517251 -0.5788596228308264 0.5189700087056531
vn -0.6289607834517251 -0.5788596228308264 0.5189700087056531
vn -0.5370649132869466 -0.6978095813434148 0.47394416031998177
vn -0.5728413596294127 -0.5774727598458099 0.5817026631656323
vn -0.6289607834517251 -0.5788596228308264 0.5189700087056531
vn -0.5728413596294127 -0.5774727598458099 0.5817026631656323
vn -0.6415756295065584 -0.44626396548548 0.6238823484699961
vn -0.6415756295065584 -0.44626396548548 0.6238823484699961
vn -0.5728413596294127 -0.5774727598458099 0.5817026631656323
vn -0.5743230463788329 -0.4460592178642486 0.6864285924671785
vn -0.6415756295065584 -0.44626396548548 0.6238823484699961
vn -0.5743230463788329 -0.4460592178642486 0.6864285924671785
vn -0.6210348621472958 -0.3051077433027732 0.7219591158607102
vn -0.6210348621472958 -0.3051077433027732 0.7219591158607102
vn -0.5743230463788329 -0.4460592178642486 0.6864285924671785
vn -0.5437848447359089 -0.3056543401639336 0.7815839474902831
vn -0.6210348621472958 -0.3051077433027732 0.7219591158607102
vn -0.5437848447359089 -0.3056543401639336 0.7815839474902831
vn -0.5701814190685015 -0.15623525992444617 0.8065256926505011
vn -0.5701814190685015 -0.15623525992444617 0.8065256926505011
vn -0.5437848447359089 -0.3056543401639336 0.7815839474902831
vn -0.4844013283910695 -0.15679562510694595 0.8606802455036885
vn -0.21655763158598593 -0.9472217329259192 0.2363763543053468
vn -0.1911375785046612 -0.9609036266695812 0.20032634958142853
vn -0.04775209762525255 -0.9817116337874069 0.18428783263918533
vn -0.04775209762525255 -0.9817116337874069 0.18428783263918533
vn -0.1911375785046612 -0.9609036266695812 0.20032634958142853
vn 0 -0.9868605572954819 0.16157425678136578
vn -0.04775209762525255 -0.9817116337874069 0.18428783263918533
vn 0 -0.9868605572954819 0.16157425678136578
vn 0.1252760719677493 -0.9839587066642504 0.12700854054726637
vn 0.1252760719677493 -0.9839587066642504 0.12700854054726637
vn 0 -0.9868605572954819 0.16157425678136578
vn 0.19374153267526975 -0.9739995724239218 0.11742679180942872
vn 0.1252760719677493 -0.9839587066642504 0.12700854054726637
vn 0.19374153267526975 -0.9739995724239218 0.11742679180942872
vn 0.2957906989024437 -0.953051616364884 0.06481110234431849
vn 0.2957906989024437 -0.953051616364884 0.06481110234431849
vn 0.19374153267526975 -0.9739995724239218 0.11742679180942872
vn 0.38186358854726077 -0.9218079910833201 0.06671002410988731
vn 0.2957906989024437 -0.953051616364884 0.06481110234431849
vn 0.38186358854726077 -0.9218079910833201 0.06671002410988731
vn 0.4567172710494186 -0.889607287925791 -0.0028648899613410925
vn 0.4567172710494186 -0.889607287925791 -0.0028648899613410925
vn 0.38186358854726077 -0.9218079910833201 0.06671002410988731
vn 0.5555798345087503 -0.8314371605863068 0.00657993034991561
vn 0.4567172710494186 -0.889607287925791 -0.0028648899613410925
vn 0.5555798345087503 -0.8314371605863068 0.00657993034991561
vn 0.6008526482870354 -0.7955547902442135 -0.07790167370436621
vn 0.6008526482870354 -0.7955547902442135 -0.07790167370436621
vn 0.5555798345087503 -0.8314371605863068 0.00657993034991561
vn 0.7055053099857947 -0.705433724807572 -0.0680111570697215
vn 0.6008526482870354 -0.7955547902442135 -0.07790167370436621
vn 0.7055053099857947 -0.705433724807572 -0.0680111570697215
vn 0.7206053081720344 -0.6737881846463212 -0.16351596883883432
vn 0.7206053081720344 -0.6737881846463212 -0.16351596883883432
vn 0.7055053099857947 -0.705433724807572 -0.0680111570697215
vn 0.8203863432433234 -0.5481964899608945 -0.1626248942025876
vn 0.7206053081720344 -0.6737881846463212 -0.16351596883883432
vn 0.8203863432433234 -0.5481964899608945 -0.1626248942025876
vn 0.8074985593917389 -0.5282739303614242 -0.2624361466733565
vn 0.8074985593917389 -0.5282739303614242 -0.2624361466733565
vn 0.8203863432433234 -0.5481964899608945 -0.1626248942025876
vn 0.8881476692985484 -0.36795211548800943 -0.27532700235802376
vn 0.8074985593917389 -0.5282739303614242 -0.2624361466733565
vn 0.8881476692985484 -0.36795211548800943 -0.27532700235802376
vn 0.8537473339678732 -0.3656720331177745 -0.3706743232788885
vn 0.8537473339678732 -0.3656720331177745 -0.3706743232788885
vn 0.8881476692985484 -0.36795211548800943 -0.27532700235802376
vn 0.8609054760172714 -0.1800166533290329 -0.47585267246038465
vn 0.8537473339678732 -0.3656720331177745 -0.3706743232788885
vn 0.8609054760172714 -0.1800166533290329 -0.47585267246038465
vn 0.8092055484728026 -0.36371979854484143 -0.4614046905562738
vn 0.8092055484728026 -0.36371979854484143 -0.4614046905562738
vn 0.8609054760172714 -0.1800166533290329 -0.47585267246038465
vn 0.8048503229182835 -0.17971120395803125 -0.5656145691814257
vn 0.8092055484728026 -0.36371979854484143 -0.4614046905562738
vn 0.8048503229182835 -0.17971120395803125 -0.5656145691814257
vn 0.7552746572497577 -0.3621304351501737 -0.5462799099859034
vn 0.7552746572497577 -0.3621304351501737 -0.5462799099859034
vn 0.8048503229182835 -0.17971120395803125 -0.5656145691814257
vn 0.7400561536716482 -0.17957800543270105 -0.6481270163922643
vn 0.7552746572497577 -0.3621304351501737 -0.5462799099859034
vn 0.7400561536716482 -0.17957800543270105 -0.6481270163922643
vn 0.6927644219221833 -0.3610047208730292 -0.6243020480714518
vn 0.6927644219221833 -0.3610047208730292 -0.6243020480714518
vn 0.7400561536716482 -0.17957800543270105 -0.6481270163922643
vn 0.6674623897829731 -0.1796537140182365 -0.7226468717600983
vn 0.6927644219221833 -0.3610047208730292 -0.6243020480714518
vn 0.6674623897829731 -0.1796537140182365 -0.7226468717600983
vn 0.6224774582586855 -0.36044525314401554 -0.6946949211313934
vn 0.6224774582586855 -0.36044525314401554 -0.6946949211313934
vn 0.6674623897829731 -0.1796537140182365 -0.7226468717600983
vn 0.5879237040487645 -0.17997614992539981 -0.7886407950870985
vn 0.6224774582586855 -0.36044525314401554 -0.6946949211313934
vn 0.5879237040487645 -0.17997614992539981 -0.7886407950870985
vn 0.5451728697568998 -0.36055785390953426 -0.7568253273148153
vn 0.5451728697568998 -0.36055785390953426 -0.7568253273148153
vn 0.5879237040487645 -0.17997614992539981 -0.7886407950870985
vn 0.5021920759623849 -0.18058691772906674 -0.8456899455389698
vn 0.5451728697568998 -0.36055785390953426 -0.7568253273148153
vn 0.5021920759623849 -0.18058691772906674 -0.8456899455389698
vn 0.4615733958186146 -0.3614559202290911 -0.810123211618957
vn 0.4615733958186146 -0.3614559202290911 -0.810123211618957
vn 0.5021920759623849 -0.18058691772906674 -0.8456899455389698
vn 0.4109438723454846 -0.18153578333190373 -0.8934035444029592
vn 0.4615733958186146 -0.3614559202290911 -0.810123211618957
vn 0.4109438723454846 -0.18153578333190373 -0.8934035444029592
vn 0.37241139328170403 -0.3632676535098785 -0.8540177785429335
vn 0.37241139328170403 -0.3632676535098785 -0.8540177785429335
vn 0.4109438723454846 -0.18153578333190373 -0.8934035444029592
vn 0.31483998557973414 -0.18288704557326288 -0.9313582082322762
vn 0.37241139328170403 -0.3632676535098785 -0.8540177785429335
vn 0.31483998557973414 -0.18288704557326288 -0.9313582082322762
vn 0.2807940302634675 -0.36606178443249987 -0.8872167055159033
vn 0.2807940302634675 -0.36606178443249987 -0.8872167055159033
vn 0.31483998557973414 -0.18288704557326288 -0.9313582082322762
vn 0.2170453984225537 -0.1846759782133664 -0.9585332952456743
vn 0.8881476692985484 -0.36795211548800943 -0.27532700235802376
vn 0.9072630428945578 -0.18040439533270972 -0.3799052844359328
vn 0.8609054760172714 -0.1800166533290329 -0.47585267246038465
vn 0.8609054760172714 -0.1800166533290329 -0.47585267246038465
vn 0.9072630428945578 -0.18040439533270972 -0.3799052844359328
vn 0.7261579075231679 0 -0.6875279582253905
vn 0.8609054760172714 -0.1800166533290329 -0.47585267246038465
vn 0.7261579075231679 0 -0.6875279582253905
vn 0.8048503229182835 -0.17971120395803125 -0.5656145691814257
vn 0.8048503229182835 -0.17971120395803125 -0.5656145691814257
vn 0.7261579075231679 0 -0.6875279582253905
vn 0.7400561536716482 -0.17957800543270105 -0.6481270163922643
vn 0.9072630428945578 -0.18040439533270972 -0.3799052844359328
vn 0.9051537536258671 0 -0.4250843237488335
vn 0.7261579075231679 0 -0.6875279582253905
vn 0.7261579075231679 0 -0.6875279582253905
vn 0.4808325890339237 0 -0.8768124208306665
vn 0.7400561536716482 -0.17957800543270105 -0.6481270163922643
vn 0.7400561536716482 -0.17957800543270105 -0.6481270163922643
vn 0.4808325890339237 0 -0.8768124208306665
vn 0.6674623897829731 -0.1796537140182365 -0.7226468717600983
vn 0.18934108628708984 0 -0.9819113773878092
vn 0.5021920759623849 -0.18058691772906674 -0.8456899455389698
vn 0.4808325890339237 0 -0.8768124208306665
vn 0.4808325890339237 0 -0.8768124208306665
vn 0.5021920759623849 -0.18058691772906674 -0.8456899455389698
vn 0.5879237040487645 -0.17997614992539981 -0.7886407950870985
vn 0.4808325890339237 0 -0.8768124208306665
vn 0.5879237040487645 -0.17997614992539981 -0.7886407950870985
vn 0.6674623897829731 -0.1796537140182365 -0.7226468717600983
vn -0.1281795823689449 0 -0.9917509741178595
vn 0.2170453984225537 -0.1846759782133664 -0.9585332952456743
vn 0.18934108628708984 0 -0.9819113773878092
vn 0.18934108628708984 0 -0.9819113773878092
vn 0.2170453984225537 -0.1846759782133664 -0.9585332952456743
vn 0.31483998557973414 -0.18288704557326288 -0.9313582082322762
vn 0.18934108628708984 0 -0.9819113773878092
vn 0.31483998557973414 -0.18288704557326288 -0.9313582082322762
vn 0.4109438723454846 -0.18153578333190373 -0.8934035444029592
vn 0.5021920759623849 -0.18058691772906674 -0.8456899455389698
vn 0.18934108628708984 0 -0.9819113773878092
vn 0.4109438723454846 -0.18153578333190373 -0.8934035444029592
vn 0.016633899490848775 -0.8264671369539373 0.5627391801917566
vn 0.05239719183571099 -0.7353604479596362 0.6756475011900325
vn -0.018915498297517805 -0.7247747651798927 0.688726174675094
vn 0.05576011942316901 -0.9055640152236387 0.42052898046859444
vn 0.09814196858146229 -0.9118866355197061 0.39853596821805926
vn 0.07441432232181013 -0.8354708780467714 0.544473066890496
vn 0.08787406385686913 -0.37539914890123216 -0.922688261497625
vn -0.010864109945760977 -0.38237816846973693 -0.9239420476376295
vn 0.06379269783040163 -0.5388314702437575 -0.839994725208718
vn 0.15412887407940026 -0.530977409944386 -0.8332510307847018
vn 0.08787406385686913 -0.37539914890123216 -0.922688261497625
vn 0.06379269783040163 -0.5388314702437575 -0.839994725208718
vn -0.281878024825878 -0.3111539488437365 0.907594622746968
vn -0.29935184765264483 -0.15870619161687669 0.9408511125833964
vn -0.37247885021725163 -0.3086056175232535 0.8752268728586468
vn -0.37247885021725163 -0.3086056175232535 0.8752268728586468
vn -0.29935184765264483 -0.15870619161687669 0.9408511125833964
vn -0.39313957722383386 -0.15760846687481211 0.905870213656259
vn -0.37247885021725163 -0.3086056175232535 0.8752268728586468
vn -0.39313957722383386 -0.15760846687481211 0.905870213656259
vn -0.4607454840269194 -0.3067885043834123 0.832823158015547
vn -0.4607454840269194 -0.3067885043834123 0.832823158015547
vn -0.39313957722383386 -0.15760846687481211 0.905870213656259
vn -0.4844013283910695 -0.15679562510694595 0.8606802455036885
vn -0.4607454840269194 -0.3067885043834123 0.832823158015547
vn -0.4844013283910695 -0.15679562510694595 0.8606802455036885
vn -0.5437848447359089 -0.3056543401639336 0.7815839474902831
vn -0.25311952862727366 -0.455204576853945 0.8536505710410599
vn -0.281878024825878 -0.3111539488437365 0.907594622746968
vn -0.33872678983359245 -0.45122572922773535 0.8256267335375761
vn -0.33872678983359245 -0.45122572922773535 0.8256267335375761
vn -0.281878024825878 -0.3111539488437365 0.907594622746968
vn -0.37247885021725163 -0.3086056175232535 0.8752268728586468
vn -0.33872678983359245 -0.45122572922773535 0.8256267335375761
vn -0.37247885021725163 -0.3086056175232535 0.8752268728586468
vn -0.4223062485350697 -0.4484172558239704 0.7877686190294304
vn -0.4223062485350697 -0.4484172558239704 0.7877686190294304
vn -0.37247885021725163 -0.3086056175232535 0.8752268728586468
vn -0.4607454840269194 -0.3067885043834123 0.832823158015547
vn -0.4223062485350697 -0.4484172558239704 0.7877686190294304
vn -0.4607454840269194 -0.3067885043834123 0.832823158015547
vn -0.5010373435535829 -0.4467387059558204 0.7412058479030558
vn -0.5010373435535829 -0.4467387059558204 0.7412058479030558
vn -0.4607454840269194 -0.3067885043834123 0.832823158015547
vn -0.5437848447359089 -0.3056543401639336 0.7815839474902831
vn -0.5010373435535829 -0.4467387059558204 0.7412058479030558
vn -0.5437848447359089 -0.3056543401639336 0.7815839474902831
vn -0.5743230463788329 -0.4460592178642486 0.6864285924671785
vn -0.2134114808745243 -0.5886889715048577 0.7796799565587763
vn -0.25311952862727366 -0.455204576853945 0.8536505710410599
vn -0.29228937307222225 -0.583657615974128 0.7575689471622001
vn -0.29228937307222225 -0.583657615974128 0.7575689471622001
vn -0.25311952862727366 -0.455204576853945 0.8536505710410599
vn -0.33872678983359245 -0.45122572922773535 0.8256267335375761
vn -0.29228937307222225 -0.583657615974128 0.7575689471622001
vn -0.33872678983359245 -0.45122572922773535 0.8256267335375761
vn -0.369572333917886 -0.5800799013293412 0.7258950324091138
vn -0.369572333917886 -0.5800799013293412 0.7258950324091138
vn -0.33872678983359245 -0.45122572922773535 0.8256267335375761
vn -0.4223062485350697 -0.4484172558239704 0.7877686190294304
vn -0.369572333917886 -0.5800799013293412 0.7258950324091138
vn -0.4223062485350697 -0.4484172558239704 0.7877686190294304
vn -0.44252400791945884 -0.5779487982426971 0.6856731648713701
vn -0.44252400791945884 -0.5779487982426971 0.6856731648713701
vn -0.4223062485350697 -0.4484172558239704 0.7877686190294304
vn -0.5010373435535829 -0.4467387059558204 0.7412058479030558
vn -0.44252400791945884 -0.5779487982426971 0.6856731648713701
vn -0.5010373435535829 -0.4467387059558204 0.7412058479030558
vn -0.5104861742142459 -0.5771244040118665 0.6374412037435692
vn -0.5104861742142459 -0.5771244040118665 0.6374412037435692
vn -0.5010373435535829 -0.4467387059558204 0.7412058479030558
vn -0.5743230463788329 -0.4460592178642486 0.6864285924671785
vn -0.5104861742142459 -0.5771244040118665 0.6374412037435692
vn -0.5743230463788329 -0.4460592178642486 0.6864285924671785
vn -0.5728413596294127 -0.5774727598458099 0.5817026631656323
vn -0.1633011963859749 -0.7088784432705278 0.6861662130455437
vn -0.2134114808745243 -0.5886889715048577 0.7796799565587763
vn -0.23365870353440413 -0.7034474682120991 0.6712415881995162
vn -0.23365870353440413 -0.7034474682120991 0.6712415881995162
vn -0.2134114808745243 -0.5886889715048577 0.7796799565587763
vn -0.29228937307222225 -0.583657615974128 0.7575689471622001
vn -0.23365870353440413 -0.7034474682120991 0.6712415881995162
vn -0.29228937307222225 -0.583657615974128 0.7575689471622001
vn -0.3030029500251219 -0.6995028176472335 0.647213272715922
vn -0.3030029500251219 -0.6995028176472335 0.647213272715922
vn -0.29228937307222225 -0.583657615974128 0.7575689471622001
vn -0.369572333917886 -0.5800799013293412 0.7258950324091138
vn -0.3030029500251219 -0.6995028176472335 0.647213272715922
vn -0.369572333917886 -0.5800799013293412 0.7258950324091138
vn -0.3687156710019656 -0.6970887729463039 0.6149113729553116
vn -0.3687156710019656 -0.6970887729463039 0.6149113729553116
vn -0.369572333917886 -0.5800799013293412 0.7258950324091138
vn -0.44252400791945884 -0.5779487982426971 0.6856731648713701
vn -0.3687156710019656 -0.6970887729463039 0.6149113729553116
vn -0.44252400791945884 -0.5779487982426971 0.6856731648713701
vn -0.43006371382577063 -0.6960881179366308 0.5748969769600678
vn -0.43006371382577063 -0.6960881179366308 0.5748969769600678
vn -0.44252400791945884 -0.5779487982426971 0.6856731648713701
vn -0.5104861742142459 -0.5771244040118665 0.6374412037435692
vn -0.43006371382577063 -0.6960881179366308 0.5748969769600678
vn -0.5104861742142459 -0.5771244040118665 0.6374412037435692
vn -0.4863896015329359 -0.6963745274597122 0.527719312727793
vn -0.4863896015329359 -0.6963745274597122 0.527719312727793
vn -0.5104861742142459 -0.5771244040118665 0.6374412037435692
vn -0.5728413596294127 -0.5774727598458099 0.5817026631656323
vn -0.4863896015329359 -0.6963745274597122 0.527719312727793
vn -0.5728413596294127 -0.5774727598458099 0.5817026631656323
vn -0.5370649132869466 -0.6978095813434148 0.47394416031998177
vn -0.10379360863182928 -0.8123415901837701 0.5738710897622277
vn -0.1633011963859749 -0.7088784432705278 0.6861662130455437
vn -0.16373080203315674 -0.8072909805552375 0.5669863289178517
vn -0.16373080203315674 -0.8072909805552375 0.5669863289178517
vn -0.1633011963859749 -0.7088784432705278 0.6861662130455437
vn -0.23365870353440413 -0.7034474682120991 0.6712415881995162
vn -0.16373080203315674 -0.8072909805552375 0.5669863289178517
vn -0.23365870353440413 -0.7034474682120991 0.6712415881995162
vn -0.22339992864813962 -0.8034964493993924 0.5518024353720955
vn -0.22339992864813962 -0.8034964493993924 0.5518024353720955
vn -0.23365870353440413 -0.7034474682120991 0.6712415881995162
vn -0.3030029500251219 -0.6995028176472335 0.647213272715922
vn -0.22339992864813962 -0.8034964493993924 0.5518024353720955
vn -0.3030029500251219 -0.6995028176472335 0.647213272715922
vn -0.28037247042523394 -0.8010532850500184 0.5288713570786617
vn -0.28037247042523394 -0.8010532850500184 0.5288713570786617
vn -0.3030029500251219 -0.6995028176472335 0.647213272715922
vn -0.3687156710019656 -0.6970887729463039 0.6149113729553116
vn -0.28037247042523394 -0.8010532850500184 0.5288713570786617
vn -0.3687156710019656 -0.6970887729463039 0.6149113729553116
vn -0.33384975835886266 -0.7998923074038186 0.49871498413414855
vn -0.33384975835886266 -0.7998923074038186 0.49871498413414855
vn -0.3687156710019656 -0.6970887729463039 0.6149113729553116
vn -0.43006371382577063 -0.6960881179366308 0.5748969769600678
vn -0.33384975835886266 -0.7998923074038186 0.49871498413414855
vn -0.43006371382577063 -0.6960881179366308 0.5748969769600678
vn -0.38313707351178816 -0.799921803149793 0.4618777887562968
vn -0.38313707351178816 -0.799921803149793 0.4618777887562968
vn -0.43006371382577063 -0.6960881179366308 0.5748969769600678
vn -0.4863896015329359 -0.6963745274597122 0.527719312727793
vn -0.38313707351178816 -0.799921803149793 0.4618777887562968
vn -0.4863896015329359 -0.6963745274597122 0.527719312727793
vn -0.4276055120225957 -0.8010276002391014 0.41893711908003567
vn -0.4276055120225957 -0.8010276002391014 0.41893711908003567
vn -0.4863896015329359 -0.6963745274597122 0.527719312727793
vn -0.5370649132869466 -0.6978095813434148 0.47394416031998177
vn -0.4276055120225957 -0.8010276002391014 0.41893711908003567
vn -0.5370649132869466 -0.6978095813434148 0.47394416031998177
vn -0.4666704812092103 -0.8030728064877461 0.3705303353949027
vn -0.03660584974166417 -0.8951104849929825 0.44433909508428193
vn -0.10379360863182928 -0.8123415901837701 0.5738710897622277
vn -0.08415967391446193 -0.89114733301787 0.44584030789257856
vn -0.08415967391446193 -0.89114733301787 0.44584030789257856
vn -0.10379360863182928 -0.8123415901837701 0.5738710897622277
vn -0.16373080203315674 -0.8072909805552375 0.5669863289178517
vn -0.08415967391446193 -0.89114733301787 0.44584030789257856
vn -0.16373080203315674 -0.8072909805552375 0.5669863289178517
vn -0.13234037360487141 -0.8880267873240222 0.440334475721694
vn -0.13234037360487141 -0.8880267873240222 0.440334475721694
vn -0.16373080203315674 -0.8072909805552375 0.5669863289178517
vn -0.22339992864813962 -0.8034964493993924 0.5518024353720955
vn -0.13234037360487141 -0.8880267873240222 0.440334475721694
vn -0.22339992864813962 -0.8034964493993924 0.5518024353720955
vn -0.17902460526424702 -0.8858712232482843 0.42799809173706477
vn -0.17902460526424702 -0.8858712232482843 0.42799809173706477
vn -0.22339992864813962 -0.8034964493993924 0.5518024353720955
vn -0.28037247042523394 -0.8010532850500184 0.5288713570786617
vn -0.17902460526424702 -0.8858712232482843 0.42799809173706477
vn -0.28037247042523394 -0.8010532850500184 0.5288713570786617
vn -0.2233884832224096 -0.8846670589661646 0.4092209431880875
vn -0.2233884832224096 -0.8846670589661646 0.4092209431880875
vn -0.28037247042523394 -0.8010532850500184 0.5288713570786617
vn -0.33384975835886266 -0.7998923074038186 0.49871498413414855
vn -0.2233884832224096 -0.8846670589661646 0.4092209431880875
vn -0.33384975835886266 -0.7998923074038186 0.49871498413414855
vn -0.26472013810543454 -0.8843737714296184 0.3844558243658074
vn -0.26472013810543454 -0.8843737714296184 0.3844558243658074
vn -0.33384975835886266 -0.7998923074038186 0.49871498413414855
vn -0.38313707351178816 -0.799921803149793 0.4618777887562968
vn -0.26472013810543454 -0.8843737714296184 0.3844558243658074
vn -0.38313707351178816 -0.799921803149793 0.4618777887562968
vn -0.30239510253517066 -0.8849244035014715 0.3542118039398299
vn -0.30239510253517066 -0.8849244035014715 0.3542118039398299
vn -0.38313707351178816 -0.799921803149793 0.4618777887562968
vn -0.4276055120225957 -0.8010276002391014 0.41893711908003567
vn -0.30239510253517066 -0.8849244035014715 0.3542118039398299
vn -0.4276055120225957 -0.8010276002391014 0.41893711908003567
vn -0.33586029137124473 -0.8862264398797636 0.31906200328159173
vn -0.33586029137124473 -0.8862264398797636 0.31906200328159173
vn -0.4276055120225957 -0.8010276002391014 0.41893711908003567
vn -0.4666704812092103 -0.8030728064877461 0.3705303353949027
vn -0.33586029137124473 -0.8862264398797636 0.31906200328159173
vn -0.4666704812092103 -0.8030728064877461 0.3705303353949027
vn -0.3646311414161722 -0.888163972187626 0.2796585225188701
vn 0.035676728309755504 -0.9531947207547793 0.3002448923501124
vn -0.03660584974166417 -0.8951104849929825 0.44433909508428193
vn 0.002385250100706794 -0.9507470293622715 0.3099587016697112
vn 0.002385250100706794 -0.9507470293622715 0.3099587016697112
vn -0.03660584974166417 -0.8951104849929825 0.44433909508428193
vn -0.08415967391446193 -0.89114733301787 0.44584030789257856
vn 0.002385250100706794 -0.9507470293622715 0.3099587016697112
vn -0.08415967391446193 -0.89114733301787 0.44584030789257856
vn -0.03251934081770739 -0.948696860557335 0.31451034838529235
vn -0.03251934081770739 -0.948696860557335 0.31451034838529235
vn -0.08415967391446193 -0.89114733301787 0.44584030789257856
vn -0.13234037360487141 -0.8880267873240222 0.440334475721694
vn -0.03251934081770739 -0.948696860557335 0.31451034838529235
vn -0.13234037360487141 -0.8880267873240222 0.440334475721694
vn -0.06736899924781754 -0.9471527355495672 0.3136289423527736
vn -0.06736899924781754 -0.9471527355495672 0.3136289423527736
vn -0.13234037360487141 -0.8880267873240222 0.440334475721694
vn -0.17902460526424702 -0.8858712232482843 0.42799809173706477
vn -0.06736899924781754 -0.9471527355495672 0.3136289423527736
vn -0.17902460526424702 -0.8858712232482843 0.42799809173706477
vn -0.1013857412618457 -0.9461403976527026 0.3074724042875583
vn -0.1013857412618457 -0.9461403976527026 0.3074724042875583
vn -0.17902460526424702 -0.8858712232482843 0.42799809173706477
vn -0.2233884832224096 -0.8846670589661646 0.4092209431880875
vn -0.1013857412618457 -0.9461403976527026 0.3074724042875583
vn -0.2233884832224096 -0.8846670589661646 0.4092209431880875
vn -0.13388157194419467 -0.94566609619394 0.29629606680323145
vn -0.13388157194419467 -0.94566609619394 0.29629606680323145
vn -0.2233884832224096 -0.8846670589661646 0.4092209431880875
vn -0.26472013810543454 -0.8843737714296184 0.3844558243658074
vn -0.13388157194419467 -0.94566609619394 0.29629606680323145
vn -0.26472013810543454 -0.8843737714296184 0.3844558243658074
vn -0.16425054043003162 -0.9457153832071401 0.28043568591357015
vn -0.16425054043003162 -0.9457153832071401 0.28043568591357015
vn -0.26472013810543454 -0.8843737714296184 0.3844558243658074
vn -0.30239510253517066 -0.8849244035014715 0.3542118039398299
vn -0.16425054043003162 -0.9457153832071401 0.28043568591357015
vn -0.30239510253517066 -0.8849244035014715 0.3542118039398299
vn -0.1919617599889149 -0.946252617934393 0.26030110594130446
vn -0.1919617599889149 -0.946252617934393 0.26030110594130446
vn -0.30239510253517066 -0.8849244035014715 0.3542118039398299
vn -0.33586029137124473 -0.8862264398797636 0.31906200328159173
vn -0.1919617599889149 -0.946252617934393 0.26030110594130446
vn -0.33586029137124473 -0.8862264398797636 0.31906200328159173
vn -0.21655763158598593 -0.9472217329259192 0.2363763543053468
vn -0.21655763158598593 -0.9472217329259192 0.2363763543053468
vn -0.33586029137124473 -0.8862264398797636 0.31906200328159173
vn -0.3646311414161722 -0.888163972187626 0.2796585225188701
vn 0.11493414415709588 -0.9842921899037138 0.13401129579788174
vn 0.035676728309755504 -0.9531947207547793 0.3002448923501124
vn 0.09867076546991924 -0.9834663839280778 0.1518484498604145
vn 0.09867076546991924 -0.9834663839280778 0.1518484498604145
vn 0.035676728309755504 -0.9531947207547793 0.3002448923501124
vn 0.002385250100706794 -0.9507470293622715 0.3099587016697112
vn 0.09867076546991924 -0.9834663839280778 0.1518484498604145
vn 0.002385250100706794 -0.9507470293622715 0.3099587016697112
vn 0.07975123676932822 -0.982718211333311 0.16704687170857258
vn 0.07975123676932822 -0.982718211333311 0.16704687170857258
vn 0.002385250100706794 -0.9507470293622715 0.3099587016697112
vn -0.03251934081770739 -0.948696860557335 0.31451034838529235
vn 0.07975123676932822 -0.982718211333311 0.16704687170857258
vn -0.03251934081770739 -0.948696860557335 0.31451034838529235
vn 0.05918291880591974 -0.9820973747695166 0.17883547912099326
vn 0.05918291880591974 -0.9820973747695166 0.17883547912099326
vn -0.03251934081770739 -0.948696860557335 0.31451034838529235
vn -0.06736899924781754 -0.9471527355495672 0.3136289423527736
vn 0.05918291880591974 -0.9820973747695166 0.17883547912099326
vn -0.06736899924781754 -0.9471527355495672 0.3136289423527736
vn 0.03759289835039116 -0.9816319162624996 0.18704425938378946
vn 0.03759289835039116 -0.9816319162624996 0.18704425938378946
vn -0.06736899924781754 -0.9471527355495672 0.3136289423527736
vn -0.1013857412618457 -0.9461403976527026 0.3074724042875583
vn 0.03759289835039116 -0.9816319162624996 0.18704425938378946
vn -0.1013857412618457 -0.9461403976527026 0.3074724042875583
vn 0.015575650204365203 -0.9813466107536479 0.19161479244317128
vn 0.015575650204365203 -0.9813466107536479 0.19161479244317128
vn -0.1013857412618457 -0.9461403976527026 0.3074724042875583
vn -0.13388157194419467 -0.94566609619394 0.29629606680323145
vn 0.015575650204365203 -0.9813466107536479 0.19161479244317128
vn -0.13388157194419467 -0.94566609619394 0.29629606680323145
vn -0.006316310318367232 -0.9812600702624705 0.19258447168049042
vn -0.006316310318367232 -0.9812600702624705 0.19258447168049042
vn -0.13388157194419467 -0.94566609619394 0.29629606680323145
vn -0.16425054043003162 -0.9457153832071401 0.28043568591357015
vn -0.006316310318367232 -0.9812600702624705 0.19258447168049042
vn -0.16425054043003162 -0.9457153832071401 0.28043568591357015
vn -0.02757727011126192 -0.9813820822529714 0.19007551869199887
vn -0.02757727011126192 -0.9813820822529714 0.19007551869199887
vn -0.16425054043003162 -0.9457153832071401 0.28043568591357015
vn -0.1919617599889149 -0.946252617934393 0.26030110594130446
vn -0.02757727011126192 -0.9813820822529714 0.19007551869199887
vn -0.1919617599889149 -0.946252617934393 0.26030110594130446
vn -0.04775209762525255 -0.9817116337874069 0.18428783263918533
vn -0.04775209762525255 -0.9817116337874069 0.18428783263918533
vn -0.1919617599889149 -0.946252617934393 0.26030110594130446
vn -0.21655763158598593 -0.9472217329259192 0.2363763543053468
vn 0.1907377053045382 -0.980913021944667 -0.037799089334805865
vn 0.11493414415709588 -0.9842921899037138 0.13401129579788174
vn 0.19257290884377823 -0.9811979049840206 -0.012897520475460295
vn 0.19257290884377823 -0.9811979049840206 -0.012897520475460295
vn 0.11493414415709588 -0.9842921899037138 0.13401129579788174
vn 0.09867076546991924 -0.9834663839280778 0.1518484498604145
vn 0.19257290884377823 -0.9811979049840206 -0.012897520475460295
vn 0.09867076546991924 -0.9834663839280778 0.1518484498604145
vn 0.19087275736566722 -0.981538825701729 0.012211639353405742
vn 0.19087275736566722 -0.981538825701729 0.012211639353405742
vn 0.09867076546991924 -0.9834663839280778 0.1518484498604145
vn 0.07975123676932822 -0.982718211333311 0.16704687170857258
vn 0.19087275736566722 -0.981538825701729 0.012211639353405742
vn 0.07975123676932822 -0.982718211333311 0.16704687170857258
vn 0.1858538049939517 -0.9819062134283698 0.036311860321811176
vn 0.1858538049939517 -0.9819062134283698 0.036311860321811176
vn 0.07975123676932822 -0.982718211333311 0.16704687170857258
vn 0.05918291880591974 -0.9820973747695166 0.17883547912099326
vn 0.1858538049939517 -0.9819062134283698 0.036311860321811176
vn 0.05918291880591974 -0.9820973747695166 0.17883547912099326
vn 0.17789323832921491 -0.9822859281233944 0.05889270895031737
vn 0.17789323832921491 -0.9822859281233944 0.05889270895031737
vn 0.05918291880591974 -0.9820973747695166 0.17883547912099326
vn 0.03759289835039116 -0.9816319162624996 0.18704425938378946
vn 0.17789323832921491 -0.9822859281233944 0.05889270895031737
vn 0.03759289835039116 -0.9816319162624996 0.18704425938378946
vn 0.1674104456313916 -0.9826735703754101 0.07953864959340724
vn 0.1674104456313916 -0.9826735703754101 0.07953864959340724
vn 0.03759289835039116 -0.9816319162624996 0.18704425938378946
vn 0.015575650204365203 -0.9813466107536479 0.19161479244317128
vn 0.1674104456313916 -0.9826735703754101 0.07953864959340724
vn 0.015575650204365203 -0.9813466107536479 0.19161479244317128
vn 0.15484690486242372 -0.9830735211564752 0.09792286788864381
vn 0.15484690486242372 -0.9830735211564752 0.09792286788864381
vn 0.015575650204365203 -0.9813466107536479 0.19161479244317128
vn -0.006316310318367232 -0.9812600702624705 0.19258447168049042
vn 0.15484690486242372 -0.9830735211564752 0.09792286788864381
vn -0.006316310318367232 -0.9812600702624705 0.19258447168049042
vn 0.14065254949994005 -0.9834968851643345 0.11380130575357443
vn 0.14065254949994005 -0.9834968851643345 0.11380130575357443
vn -0.006316310318367232 -0.9812600702624705 0.19258447168049042
vn -0.02757727011126192 -0.9813820822529714 0.19007551869199887
vn 0.14065254949994005 -0.9834968851643345 0.11380130575357443
vn -0.02757727011126192 -0.9813820822529714 0.19007551869199887
vn 0.1252760719677493 -0.9839587066642504 0.12700854054726637
vn 0.1252760719677493 -0.9839587066642504 0.12700854054726637
vn -0.02757727011126192 -0.9813820822529714 0.19007551869199887
vn -0.04775209762525255 -0.9817116337874069 0.18428783263918533
vn 0.25750350968522895 -0.943513990048521 -0.20850250138189858
vn 0.1907377053045382 -0.980913021944667 -0.037799089334805865
vn 0.27763631725744387 -0.9440992997783112 -0.17774866384259203
vn 0.27763631725744387 -0.9440992997783112 -0.17774866384259203
vn 0.1907377053045382 -0.980913021944667 -0.037799089334805865
vn 0.19257290884377823 -0.9811979049840206 -0.012897520475460295
vn 0.27763631725744387 -0.9440992997783112 -0.17774866384259203
vn 0.19257290884377823 -0.9811979049840206 -0.012897520475460295
vn 0.29364020229059973 -0.9450157476777866 -0.14394675487738315
vn 0.29364020229059973 -0.9450157476777866 -0.14394675487738315
vn 0.19257290884377823 -0.9811979049840206 -0.012897520475460295
vn 0.19087275736566722 -0.981538825701729 0.012211639353405742
vn 0.29364020229059973 -0.9450157476777866 -0.14394675487738315
vn 0.19087275736566722 -0.981538825701729 0.012211639353405742
vn 0.30490138823794727 -0.9461665655528545 -0.10864609371941691
vn 0.30490138823794727 -0.9461665655528545 -0.10864609371941691
vn 0.19087275736566722 -0.981538825701729 0.012211639353405742
vn 0.1858538049939517 -0.9819062134283698 0.036311860321811176
vn 0.30490138823794727 -0.9461665655528545 -0.10864609371941691
vn 0.1858538049939517 -0.9819062134283698 0.036311860321811176
vn 0.31148887184487384 -0.9474699650491712 -0.07263159124327545
vn 0.31148887184487384 -0.9474699650491712 -0.07263159124327545
vn 0.1858538049939517 -0.9819062134283698 0.036311860321811176
vn 0.17789323832921491 -0.9822859281233944 0.05889270895031737
vn 0.31148887184487384 -0.9474699650491712 -0.07263159124327545
vn 0.17789323832921491 -0.9822859281233944 0.05889270895031737
vn 0.31357762767573405 -0.9488556551480632 -0.036633551763353284
vn 0.31357762767573405 -0.9488556551480632 -0.036633551763353284
vn 0.17789323832921491 -0.9822859281233944 0.05889270895031737
vn 0.1674104456313916 -0.9826735703754101 0.07953864959340724
vn 0.31357762767573405 -0.9488556551480632 -0.036633551763353284
vn 0.1674104456313916 -0.9826735703754101 0.07953864959340724
vn 0.31142720099024784 -0.9502690883709789 -0.0013259600177470958
vn 0.31142720099024784 -0.9502690883709789 -0.0013259600177470958
vn 0.1674104456313916 -0.9826735703754101 0.07953864959340724
vn 0.15484690486242372 -0.9830735211564752 0.09792286788864381
vn 0.31142720099024784 -0.9502690883709789 -0.0013259600177470958
vn 0.15484690486242372 -0.9830735211564752 0.09792286788864381
vn 0.3053677402010705 -0.9516737529421228 0.032674320276738264
vn 0.3053677402010705 -0.9516737529421228 0.032674320276738264
vn 0.15484690486242372 -0.9830735211564752 0.09792286788864381
vn 0.14065254949994005 -0.9834968851643345 0.11380130575357443
vn 0.3053677402010705 -0.9516737529421228 0.032674320276738264
vn 0.14065254949994005 -0.9834968851643345 0.11380130575357443
vn 0.2957906989024437 -0.953051616364884 0.06481110234431849
vn 0.2957906989024437 -0.953051616364884 0.06481110234431849
vn 0.14065254949994005 -0.9834968851643345 0.11380130575357443
vn 0.1252760719677493 -0.9839587066642504 0.12700854054726637
vn 0.309768765747382 -0.874853371395032 -0.3723907763708572
vn 0.25750350968522895 -0.943513990048521 -0.20850250138189858
vn 0.347590246676841 -0.8749547822786755 -0.33709813019773377
vn 0.347590246676841 -0.8749547822786755 -0.33709813019773377
vn 0.25750350968522895 -0.943513990048521 -0.20850250138189858
vn 0.27763631725744387 -0.9440992997783112 -0.17774866384259203
vn 0.347590246676841 -0.8749547822786755 -0.33709813019773377
vn 0.27763631725744387 -0.9440992997783112 -0.17774866384259203
vn 0.38103198211258826 -0.8758254464779472 -0.2962168393408056
vn 0.38103198211258826 -0.8758254464779472 -0.2962168393408056
vn 0.27763631725744387 -0.9440992997783112 -0.17774866384259203
vn 0.29364020229059973 -0.9450157476777866 -0.14394675487738315
vn 0.38103198211258826 -0.8758254464779472 -0.2962168393408056
vn 0.29364020229059973 -0.9450157476777866 -0.14394675487738315
vn 0.4087055410517163 -0.8773321691842694 -0.2514916412687476
vn 0.4087055410517163 -0.8773321691842694 -0.2514916412687476
vn 0.29364020229059973 -0.9450157476777866 -0.14394675487738315
vn 0.30490138823794727 -0.9461665655528545 -0.10864609371941691
vn 0.4087055410517163 -0.8773321691842694 -0.2514916412687476
vn 0.30490138823794727 -0.9461665655528545 -0.10864609371941691
vn 0.43037293526293646 -0.8793283938980182 -0.20386444584060223
vn 0.43037293526293646 -0.8793283938980182 -0.20386444584060223
vn 0.30490138823794727 -0.9461665655528545 -0.10864609371941691
vn 0.31148887184487384 -0.9474699650491712 -0.07263159124327545
vn 0.43037293526293646 -0.8793283938980182 -0.20386444584060223
vn 0.31148887184487384 -0.9474699650491712 -0.07263159124327545
vn 0.445932575146898 -0.8816720405979791 -0.15426779071034738
vn 0.445932575146898 -0.8816720405979791 -0.15426779071034738
vn 0.31148887184487384 -0.9474699650491712 -0.07263159124327545
vn 0.31357762767573405 -0.9488556551480632 -0.036633551763353284
vn 0.445932575146898 -0.8816720405979791 -0.15426779071034738
vn 0.31357762767573405 -0.9488556551480632 -0.036633551763353284
vn 0.45540230828111444 -0.8842342968051797 -0.10362647328594264
vn 0.45540230828111444 -0.8842342968051797 -0.10362647328594264
vn 0.31357762767573405 -0.9488556551480632 -0.036633551763353284
vn 0.31142720099024784 -0.9502690883709789 -0.0013259600177470958
vn 0.45540230828111444 -0.8842342968051797 -0.10362647328594264
vn 0.31142720099024784 -0.9502690883709789 -0.0013259600177470958
vn 0.4589144343098225 -0.8869067534093608 -0.052857854089652385
vn 0.4589144343098225 -0.8869067534093608 -0.052857854089652385
vn 0.31142720099024784 -0.9502690883709789 -0.0013259600177470958
vn 0.3053677402010705 -0.9516737529421228 0.032674320276738264
vn 0.4589144343098225 -0.8869067534093608 -0.052857854089652385
vn 0.3053677402010705 -0.9516737529421228 0.032674320276738264
vn 0.4567172710494186 -0.889607287925791 -0.0028648899613410925
vn 0.4567172710494186 -0.889607287925791 -0.0028648899613410925
vn 0.3053677402010705 -0.9516737529421228 0.032674320276738264
vn 0.2957906989024437 -0.953051616364884 0.06481110234431849
vn 0.34230840788978056 -0.778928233534495 -0.5254481524287575
vn 0.309768765747382 -0.874853371395032 -0.3723907763708572
vn 0.39661445690971053 -0.778051664111015 -0.48716791822152605
vn 0.39661445690971053 -0.778051664111015 -0.48716791822152605
vn 0.309768765747382 -0.874853371395032 -0.3723907763708572
vn 0.347590246676841 -0.8749547822786755 -0.33709813019773377
vn 0.39661445690971053 -0.778051664111015 -0.48716791822152605
vn 0.347590246676841 -0.8749547822786755 -0.33709813019773377
vn 0.446629431083503 -0.7783534461638454 -0.44123470413703
vn 0.446629431083503 -0.7783534461638454 -0.44123470413703
vn 0.347590246676841 -0.8749547822786755 -0.33709813019773377
vn 0.38103198211258826 -0.8758254464779472 -0.2962168393408056
vn 0.446629431083503 -0.7783534461638454 -0.44123470413703
vn 0.38103198211258826 -0.8758254464779472 -0.2962168393408056
vn 0.4903101244446001 -0.7796946635838956 -0.38945116952695963
vn 0.4903101244446001 -0.7796946635838956 -0.38945116952695963
vn 0.38103198211258826 -0.8758254464779472 -0.2962168393408056
vn 0.4087055410517163 -0.8773321691842694 -0.2514916412687476
vn 0.4903101244446001 -0.7796946635838956 -0.38945116952695963
vn 0.4087055410517163 -0.8773321691842694 -0.2514916412687476
vn 0.5271652233733821 -0.7818880518291371 -0.3327880732125609
vn 0.5271652233733821 -0.7818880518291371 -0.3327880732125609
vn 0.4087055410517163 -0.8773321691842694 -0.2514916412687476
vn 0.43037293526293646 -0.8793283938980182 -0.20386444584060223
vn 0.5271652233733821 -0.7818880518291371 -0.3327880732125609
vn 0.43037293526293646 -0.8793283938980182 -0.20386444584060223
vn 0.5568317217726196 -0.7847445667524241 -0.2722395977448723
vn 0.5568317217726196 -0.7847445667524241 -0.2722395977448723
vn 0.43037293526293646 -0.8793283938980182 -0.20386444584060223
vn 0.445932575146898 -0.8816720405979791 -0.15426779071034738
vn 0.5568317217726196 -0.7847445667524241 -0.2722395977448723
vn 0.445932575146898 -0.8816720405979791 -0.15426779071034738
vn 0.5790620837567053 -0.7880817373180699 -0.2088403180927356
vn 0.5790620837567053 -0.7880817373180699 -0.2088403180927356
vn 0.445932575146898 -0.8816720405979791 -0.15426779071034738
vn 0.45540230828111444 -0.8842342968051797 -0.10362647328594264
vn 0.5790620837567053 -0.7880817373180699 -0.2088403180927356
vn 0.45540230828111444 -0.8842342968051797 -0.10362647328594264
vn 0.5937303270870373 -0.7917326047645626 -0.14367943920352846
vn 0.5937303270870373 -0.7917326047645626 -0.14367943920352846
vn 0.45540230828111444 -0.8842342968051797 -0.10362647328594264
vn 0.4589144343098225 -0.8869067534093608 -0.052857854089652385
vn 0.5937303270870373 -0.7917326047645626 -0.14367943920352846
vn 0.4589144343098225 -0.8869067534093608 -0.052857854089652385
vn 0.6008526482870354 -0.7955547902442135 -0.07790167370436621
vn 0.6008526482870354 -0.7955547902442135 -0.07790167370436621
vn 0.4589144343098225 -0.8869067534093608 -0.052857854089652385
vn 0.4567172710494186 -0.889607287925791 -0.0028648899613410925
vn 0.35006019326310855 -0.6597522469516582 -0.6649697991148419
vn 0.34230840788978056 -0.778928233534495 -0.5254481524287575
vn 0.4192217917643906 -0.6578075338676393 -0.6257334398102984
vn 0.4192217917643906 -0.6578075338676393 -0.6257334398102984
vn 0.34230840788978056 -0.778928233534495 -0.5254481524287575
vn 0.39661445690971053 -0.778051664111015 -0.48716791822152605
vn 0.4192217917643906 -0.6578075338676393 -0.6257334398102984
vn 0.39661445690971053 -0.778051664111015 -0.48716791822152605
vn 0.4844861983379513 -0.6572552999062762 -0.5773115228064916
vn 0.4844861983379513 -0.6572552999062762 -0.5773115228064916
vn 0.39661445690971053 -0.778051664111015 -0.48716791822152605
vn 0.446629431083503 -0.7783534461638454 -0.44123470413703
vn 0.4844861983379513 -0.6572552999062762 -0.5773115228064916
vn 0.446629431083503 -0.7783534461638454 -0.44123470413703
vn 0.5433017983766587 -0.6579712358302972 -0.521437444666798
vn 0.5433017983766587 -0.6579712358302972 -0.521437444666798
vn 0.446629431083503 -0.7783534461638454 -0.44123470413703
vn 0.4903101244446001 -0.7796946635838956 -0.38945116952695963
vn 0.5433017983766587 -0.6579712358302972 -0.521437444666798
vn 0.4903101244446001 -0.7796946635838956 -0.38945116952695963
vn 0.5950067674875823 -0.6597598234467008 -0.45900318300590925
vn 0.5950067674875823 -0.6597598234467008 -0.45900318300590925
vn 0.4903101244446001 -0.7796946635838956 -0.38945116952695963
vn 0.5271652233733821 -0.7818880518291371 -0.3327880732125609
vn 0.5950067674875823 -0.6597598234467008 -0.45900318300590925
vn 0.5271652233733821 -0.7818880518291371 -0.3327880732125609
vn 0.6390325963453163 -0.6624246177830067 -0.3909360133873592
vn 0.6390325963453163 -0.6624246177830067 -0.3909360133873592
vn 0.5271652233733821 -0.7818880518291371 -0.3327880732125609
vn 0.5568317217726196 -0.7847445667524241 -0.2722395977448723
vn 0.6390325963453163 -0.6624246177830067 -0.3909360133873592
vn 0.5568317217726196 -0.7847445667524241 -0.2722395977448723
vn 0.6748878442158439 -0.6657717905233531 -0.3182362654899959
vn 0.6748878442158439 -0.6657717905233531 -0.3182362654899959
vn 0.5568317217726196 -0.7847445667524241 -0.2722395977448723
vn 0.5790620837567053 -0.7880817373180699 -0.2088403180927356
vn 0.6748878442158439 -0.6657717905233531 -0.3182362654899959
vn 0.5790620837567053 -0.7880817373180699 -0.2088403180927356
vn 0.7021702474516724 -0.6696160384673022 -0.24201509172159802
vn 0.7021702474516724 -0.6696160384673022 -0.24201509172159802
vn 0.5790620837567053 -0.7880817373180699 -0.2088403180927356
vn 0.5937303270870373 -0.7917326047645626 -0.14367943920352846
vn 0.7021702474516724 -0.6696160384673022 -0.24201509172159802
vn 0.5937303270870373 -0.7917326047645626 -0.14367943920352846
vn 0.7206053081720344 -0.6737881846463212 -0.16351596883883432
vn 0.7206053081720344 -0.6737881846463212 -0.16351596883883432
vn 0.5937303270870373 -0.7917326047645626 -0.14367943920352846
vn 0.6008526482870354 -0.7955547902442135 -0.07790167370436621
vn 0.3290125681313533 -0.52080618601642 -0.7877256163275647
vn 0.35006019326310855 -0.6597522469516582 -0.6649697991148419
vn 0.4108965656607777 -0.518101031719788 -0.750156872433406
vn 0.4108965656607777 -0.518101031719788 -0.750156872433406
vn 0.35006019326310855 -0.6597522469516582 -0.6649697991148419
vn 0.4192217917643906 -0.6578075338676393 -0.6257334398102984
vn 0.4108965656607777 -0.518101031719788 -0.750156872433406
vn 0.4192217917643906 -0.6578075338676393 -0.6257334398102984
vn 0.4895320613451662 -0.5167192899853166 -0.7023955696558905
vn 0.4895320613451662 -0.5167192899853166 -0.7023955696558905
vn 0.4192217917643906 -0.6578075338676393 -0.6257334398102984
vn 0.4844861983379513 -0.6572552999062762 -0.5773115228064916
vn 0.4895320613451662 -0.5167192899853166 -0.7023955696558905
vn 0.4844861983379513 -0.6572552999062762 -0.5773115228064916
vn 0.5620113689254395 -0.5165621113974217 -0.6459928840685407
vn 0.5620113689254395 -0.5165621113974217 -0.6459928840685407
vn 0.4844861983379513 -0.6572552999062762 -0.5773115228064916
vn 0.5433017983766587 -0.6579712358302972 -0.521437444666798
vn 0.5620113689254395 -0.5165621113974217 -0.6459928840685407
vn 0.5433017983766587 -0.6579712358302972 -0.521437444666798
vn 0.6275940583128415 -0.517456177662788 -0.581691328944342
vn 0.6275940583128415 -0.517456177662788 -0.581691328944342
vn 0.5433017983766587 -0.6579712358302972 -0.521437444666798
vn 0.5950067674875823 -0.6597598234467008 -0.45900318300590925
vn 0.6275940583128415 -0.517456177662788 -0.581691328944342
vn 0.5950067674875823 -0.6597598234467008 -0.45900318300590925
vn 0.6855880742001481 -0.5192348454856445 -0.5102589222620522
vn 0.6855880742001481 -0.5192348454856445 -0.5102589222620522
vn 0.5950067674875823 -0.6597598234467008 -0.45900318300590925
vn 0.6390325963453163 -0.6624246177830067 -0.3909360133873592
vn 0.6855880742001481 -0.5192348454856445 -0.5102589222620522
vn 0.6390325963453163 -0.6624246177830067 -0.3909360133873592
vn 0.7353211839247444 -0.5217354438080135 -0.4325446602906657
vn 0.7353211839247444 -0.5217354438080135 -0.4325446602906657
vn 0.6390325963453163 -0.6624246177830067 -0.3909360133873592
vn 0.6748878442158439 -0.6657717905233531 -0.3182362654899959
vn 0.7353211839247444 -0.5217354438080135 -0.4325446602906657
vn 0.6748878442158439 -0.6657717905233531 -0.3182362654899959
vn 0.7761487020093151 -0.52479900629258 -0.3495414072232014
vn 0.7761487020093151 -0.52479900629258 -0.3495414072232014
vn 0.6748878442158439 -0.6657717905233531 -0.3182362654899959
vn 0.7021702474516724 -0.6696160384673022 -0.24201509172159802
vn 0.7761487020093151 -0.52479900629258 -0.3495414072232014
vn 0.7021702474516724 -0.6696160384673022 -0.24201509172159802
vn 0.8074985593917389 -0.5282739303614242 -0.2624361466733565
vn 0.8074985593917389 -0.5282739303614242 -0.2624361466733565
vn 0.7021702474516724 -0.6696160384673022 -0.24201509172159802
vn 0.7206053081720344 -0.6737881846463212 -0.16351596883883432
vn 0.2807940302634675 -0.36606178443249987 -0.8872167055159033
vn 0.3290125681313533 -0.52080618601642 -0.7877256163275647
vn 0.37241139328170403 -0.3632676535098785 -0.8540177785429335
vn 0.37241139328170403 -0.3632676535098785 -0.8540177785429335
vn 0.3290125681313533 -0.52080618601642 -0.7877256163275647
vn 0.4108965656607777 -0.518101031719788 -0.750156872433406
vn 0.37241139328170403 -0.3632676535098785 -0.8540177785429335
vn 0.4108965656607777 -0.518101031719788 -0.750156872433406
vn 0.4615733958186146 -0.3614559202290911 -0.810123211618957
vn 0.4615733958186146 -0.3614559202290911 -0.810123211618957
vn 0.4108965656607777 -0.518101031719788 -0.750156872433406
vn 0.4895320613451662 -0.5167192899853166 -0.7023955696558905
vn 0.4615733958186146 -0.3614559202290911 -0.810123211618957
vn 0.4895320613451662 -0.5167192899853166 -0.7023955696558905
vn 0.5451728697568998 -0.36055785390953426 -0.7568253273148153
vn 0.5451728697568998 -0.36055785390953426 -0.7568253273148153
vn 0.4895320613451662 -0.5167192899853166 -0.7023955696558905
vn 0.5620113689254395 -0.5165621113974217 -0.6459928840685407
vn 0.5451728697568998 -0.36055785390953426 -0.7568253273148153
vn 0.5620113689254395 -0.5165621113974217 -0.6459928840685407
vn 0.6224774582586855 -0.36044525314401554 -0.6946949211313934
vn 0.6224774582586855 -0.36044525314401554 -0.6946949211313934
vn 0.5620113689254395 -0.5165621113974217 -0.6459928840685407
vn 0.6275940583128415 -0.517456177662788 -0.581691328944342
vn 0.6224774582586855 -0.36044525314401554 -0.6946949211313934
vn 0.6275940583128415 -0.517456177662788 -0.581691328944342
vn 0.6927644219221833 -0.3610047208730292 -0.6243020480714518
vn 0.6927644219221833 -0.3610047208730292 -0.6243020480714518
vn 0.6275940583128415 -0.517456177662788 -0.581691328944342
vn 0.6855880742001481 -0.5192348454856445 -0.5102589222620522
vn 0.6927644219221833 -0.3610047208730292 -0.6243020480714518
vn 0.6855880742001481 -0.5192348454856445 -0.5102589222620522
vn 0.7552746572497577 -0.3621304351501737 -0.5462799099859034
vn 0.7552746572497577 -0.3621304351501737 -0.5462799099859034
vn 0.6855880742001481 -0.5192348454856445 -0.5102589222620522
vn 0.7353211839247444 -0.5217354438080135 -0.4325446602906657
vn 0.7552746572497577 -0.3621304351501737 -0.5462799099859034
vn 0.7353211839247444 -0.5217354438080135 -0.4325446602906657
vn 0.8092055484728026 -0.36371979854484143 -0.4614046905562738
vn 0.8092055484728026 -0.36371979854484143 -0.4614046905562738
vn 0.7353211839247444 -0.5217354438080135 -0.4325446602906657
vn 0.7761487020093151 -0.52479900629258 -0.3495414072232014
vn 0.8092055484728026 -0.36371979854484143 -0.4614046905562738
vn 0.7761487020093151 -0.52479900629258 -0.3495414072232014
vn 0.8537473339678732 -0.3656720331177745 -0.3706743232788885
vn 0.8537473339678732 -0.3656720331177745 -0.3706743232788885
vn 0.7761487020093151 -0.52479900629258 -0.3495414072232014
vn 0.8074985593917389 -0.5282739303614242 -0.2624361466733565
vn -0.7889294528202859 -0.1556651722299495 0.5944397973111359
vn -0.8467736068117708 -0.1557578114068317 0.5086393250553268
vn -0.8119360237394116 -0.306272299187104 0.4969478565250871
vn -0.8119360237394116 -0.306272299187104 0.4969478565250871
vn -0.8467736068117708 -0.1557578114068317 0.5086393250553268
vn -0.8595134219296158 -0.3073912632267923 0.40834702008791357
vn -0.8119360237394116 -0.306272299187104 0.4969478565250871
vn -0.8595134219296158 -0.3073912632267923 0.40834702008791357
vn -0.8004586077660033 -0.45112064351619263 0.3946595776702346
vn -0.8957487947497157 -0.15596142422913034 0.41630533368773087
vn -0.8595134219296158 -0.3073912632267923 0.40834702008791357
vn -0.8467736068117708 -0.1557578114068317 0.5086393250553268
vn 0 -1 0
vn 0 -1 0
vn 0.3090169948284817 -0.9510565161477913 0
vn 0.3090169948284817 -0.9510565161477913 0
vn 0 -1 0
vn 0.3090169948284817 -0.9510565161477913 0
vn 0.3090169948284817 -0.9510565161477913 0
vn 0.3090169948284817 -0.9510565161477913 0
vn 0.5877852429542022 -0.8090170011595983 0
vn 0.5877852429542022 -0.8090170011595983 0
vn 0.3090169948284817 -0.9510565161477913 0
vn 0.5877852429542022 -0.8090170011595983 0
vn 0.5877852429542022 -0.8090170011595983 0
vn 0.5877852429542022 -0.8090170011595983 0
vn 0.8090170011595983 -0.5877852429542022 0
vn 0.8090170011595983 -0.5877852429542022 0
vn 0.5877852429542022 -0.8090170011595983 0
vn 0.8090170011595983 -0.5877852429542022 0
vn 0.8090170011595983 -0.5877852429542022 0
vn 0.8090170011595983 -0.5877852429542022 0
vn 0.9510565161477913 -0.3090169948284817 0
vn 0.9510565161477913 -0.3090169948284817 0
vn 0.8090170011595983 -0.5877852429542022 0
vn 0.9510565161477913 -0.3090169948284817 0
vn 0.9510565161477913 -0.3090169948284817 0
vn 0.9510565161477913 -0.3090169948284817 0
vn 1 0 0
vn 1 0 0
vn 0.9510565161477913 -0.3090169948284817 0
vn 1 0 0
vn 1 0 0
vn 1 0 0
vn 0.9510565161477913 0.3090169948284817 0
vn 0.9510565161477913 0.3090169948284817 0
vn 1 0 0
vn 0.9510565161477913 0.3090169948284817 0
vn 0.9510565161477913 0.3090169948284817 0
vn 0.9510565161477913 0.3090169948284817 0
vn 0.8090170011595983 0.5877852429542022 0
vn 0.8090170011595983 0.5877852429542022 0
vn 0.9510565161477913 0.3090169948284817 0
vn 0.8090170011595983 0.5877852429542022 0
vn 0.8090170011595983 0.5877852429542022 0
vn 0.8090170011595983 0.5877852429542022 0
vn 0.5877852429542022 0.8090170011595983 0
vn 0.5877852429542022 0.8090170011595983 0
vn 0.8090170011595983 0.5877852429542022 0
vn 0.5877852429542022 0.8090170011595983 0
vn 0.5877852429542022 0.8090170011595983 0
vn 0.5877852429542022 0.8090170011595983 0
vn 0.3090169948284817 0.9510565161477913 0
vn 0.3090169948284817 0.9510565161477913 0
vn 0.5877852429542022 0.8090170011595983 0
vn 0.3090169948284817 0.9510565161477913 0
vn 0.3090169948284817 0.9510565161477913 0
vn 0.3090169948284817 0.9510565161477913 0
vn 0 1 0
vn 0 1 0
vn 0.3090169948284817 0.9510565161477913 0
vn 0 1 0
vn 0 1 0
vn 0 1 0
vn 0 0.9396926168497417 -0.34202015414019754
vn 0 0.9396926168497417 -0.34202015414019754
vn 0 1 0
vn 0 0.9396926168497417 -0.34202015414019754
vn 0 0.9396926168497417 -0.34202015414019754
vn 0 0.9396926168497417 -0.34202015414019754
vn 0 0.7660444283313822 -0.6427876273097093
vn 0 0.7660444283313822 -0.6427876273097093
vn 0 0.9396926168497417 -0.34202015414019754
vn 0 0.7660444283313822 -0.6427876273097093
vn 0 0.7660444283313822 -0.6427876273097093
vn 0 0.7660444283313822 -0.6427876273097093
vn 0 0.5000000067305869 -0.8660253998985324
vn 0 0.5000000067305869 -0.8660253998985324
vn 0 0.7660444283313822 -0.6427876273097093
vn 0 0.5000000067305869 -0.8660253998985324
vn 0 0.5000000067305869 -0.8660253998985324
vn 0 0.5000000067305869 -0.8660253998985324
vn 0 0.17364819698482423 -0.9848077496059419
vn 0 0.17364819698482423 -0.9848077496059419
vn 0 0.5000000067305869 -0.8660253998985324
vn 0 0.17364819698482423 -0.9848077496059419
vn 0 0.17364819698482423 -0.9848077496059419
vn 0 0.17364819698482423 -0.9848077496059419
vn 0 -0.17364819698482423 -0.9848077496059419
vn 0 -0.17364819698482423 -0.9848077496059419
vn 0 0.17364819698482423 -0.9848077496059419
vn 0 -0.17364819698482423 -0.9848077496059419
vn 0 -0.17364819698482423 -0.9848077496059419
vn 0 -0.17364819698482423 -0.9848077496059419
vn 0 -0.5000000067305869 -0.8660253998985324
vn 0 -0.5000000067305869 -0.8660253998985324
vn 0 -0.17364819698482423 -0.9848077496059419
vn 0 -0.5000000067305869 -0.8660253998985324
vn 0 -0.5000000067305869 -0.8660253998985324
vn 0 -0.5000000067305869 -0.8660253998985324
vn 0 -0.7660444283313822 -0.6427876273097093
vn 0 -0.7660444283313822 -0.6427876273097093
vn 0 -0.5000000067305869 -0.8660253998985324
vn 0 -0.7660444283313822 -0.6427876273097093
vn 0 -0.7660444283313822 -0.6427876273097093
vn 0 -0.7660444283313822 -0.6427876273097093
vn 0 -0.9396926168497417 -0.34202015414019754
vn 0 -0.9396926168497417 -0.34202015414019754
vn 0 -0.7660444283313822 -0.6427876273097093
vn 0 -0.9396926168497417 -0.34202015414019754
vn 0 -0.9396926168497417 -0.34202015414019754
vn 0 -0.9396926168497417 -0.34202015414019754
vn 0 -1 0
vn 0 -1 0
vn 0 -0.9396926168497417 -0.34202015414019754
vn 0 -1 0
vn 0 -1 0
vn 0 -1 0
vn 0 -0.9396926168497417 0.34202015414019754
vn 0 -0.9396926168497417 0.34202015414019754
vn 0 -1 0
vn 0 -0.9396926168497417 0.34202015414019754
vn 0 -0.9396926168497417 0.34202015414019754
vn 0 -0.9396926168497417 0.34202015414019754
vn 0 -0.7660444283313822 0.6427876273097093
vn 0 -0.7660444283313822 0.6427876273097093
vn 0 -0.9396926168497417 0.34202015414019754
vn 0 -0.7660444283313822 0.6427876273097093
vn 0 -0.7660444283313822 0.6427876273097093
vn 0 -0.7660444283313822 0.6427876273097093
vn 0 -0.5000000067305869 0.8660253998985324
vn 0 -0.5000000067305869 0.8660253998985324
vn 0 -0.7660444283313822 0.6427876273097093
vn 0 -0.5000000067305869 0.8660253998985324
vn 0 -0.5000000067305869 0.8660253998985324
vn 0 -0.5000000067305869 0.8660253998985324
vn 0 -0.17364819698482423 0.9848077496059419
vn 0 -0.17364819698482423 0.9848077496059419
vn 0 -0.5000000067305869 0.8660253998985324
vn 0 -0.17364819698482423 0.9848077496059419
vn 0 -0.17364819698482423 0.9848077496059419
vn 0 -0.17364819698482423 0.9848077496059419
vn 0 0.17364819698482423 0.9848077496059419
vn 0 0.17364819698482423 0.9848077496059419
vn 0 -0.17364819698482423 0.9848077496059419
vn 0 0.17364819698482423 0.9848077496059419
vn 0 0.17364819698482423 0.9848077496059419
vn 0 0.17364819698482423 0.9848077496059419
vn 0 0.5000000067305869 0.8660253998985324
vn 0 0.5000000067305869 0.8660253998985324
vn 0 0.17364819698482423 0.9848077496059419
vn 0 0.5000000067305869 0.8660253998985324
vn 0 0.5000000067305869 0.8660253998985324
vn 0 0.5000000067305869 0.8660253998985324
vn 0 0.7660444283313822 0.6427876273097093
vn 0 0.7660444283313822 0.6427876273097093
vn 0 0.5000000067305869 0.8660253998985324
vn 0 0.7660444283313822 0.6427876273097093
vn 0 0.7660444283313822 0.6427876273097093
vn 0 0.7660444283313822 0.6427876273097093
vn 0 0.9396926168497417 0.34202015414019754
vn 0 0.9396926168497417 0.34202015414019754
vn 0 0.7660444283313822 0.6427876273097093
vn 0 0.9396926168497417 0.34202015414019754
vn 0 0.9396926168497417 0.34202015414019754
vn 0 0.9396926168497417 0.34202015414019754
vn 0 1 0
vn 0 1 0
vn 0 0.9396926168497417 0.34202015414019754
vn 0 1 0
vn -1 0 0
vn -1 0 0
vn -1 0 0
vn -1 0 0
vn -1 0 0
vn -1 0 0
vn -1 0 0
vn -1 0 0
vn -1 0 0
vn -1 0 0
vn -1 0 0
vn -1 0 0
vn -1 0 0
vn -1 0 0
vn -1 0 0
vn -1 0 0
vn -1 0 0
vn -1 0 0
vn -1 0 0
vn -1 0 0
vn -1 0 0
vn -1 0 0
vn -1 0 0
vn -1 0 0
vn -1 0 0
vn -1 0 0
vn -1 0 0
vn -1 0 0
vn -1 0 0
vn -1 0 0
vn -1 0 0
vn -1 0 0
vn -1 0 0
vn -1 0 0
vn -1 0 0
vn -1 0 0
vn -1 0 0
vn -1 0 0
vn -1 0 0
vn -1 0 0
vn -1 0 0
vn -1 0 0
vn -1 0 0
vn -1 0 0
vn -1 0 0
vn -1 0 0
vn -1 0 0
vn -1 0 0
vn -1 0 0
vn -1 0 0
vn -1 0 0
vn -1 0 0
vn -1 0 0
vn -1 0 0
vn -1 0 0
vn -1 0 0
vn -1 0 0
vn -1 0 0
vn -1 0 0
vn -1 0 0
vn -1 0 0
vn -1 0 0
vn -1 0 0
vn -1 0 0
vn -1 0 0
vn -1 0 0
vn -1 0 0
vn -1 0 0
vn -1 0 0
vn -1 0 0
vn -1 0 0
vn -1 0 0
vn -1 0 0
vn -1 0 0
vn -1 0 0
vn -1 0 0
vn -1 0 0
vn -1 0 0
vn -1 0 0
vn -1 0 0
vn -1 0 0
vn -1 0 0
vn -1 0 0
vn -1 0 0
vn -1 0 0
vn -1 0 0
vn -1 0 0
vn -1 0 0
vn -1 0 0
vn -1 0 0
vn -1 0 0
vn -1 0 0
vn -1 0 0
vn -1 0 0
vn -1 0 0
vn -1 0 0
vn -1 0 0
vn -1 0 0
vn -1 0 0
vn -1 0 0
vn -1 0 0
vn -1 0 0
vn -1 0 0
vn -1 0 0
vn -1 0 0
vn -1 0 0
vn -1 0 0
vn -1 0 0
vn 1 0 0
vn 1 0 0
vn 1 0 0
vn 1 0 0
vn 1 0 0
vn 1 0 0
vn 1 0 0
vn 1 0 0
vn 1 0 0
vn 1 0 0
vn 1 0 0
vn 1 0 0
vn 1 0 0
vn 1 0 0
vn 1 0 0
vn 1 0 0
vn 1 0 0
vn 1 0 0
vn 1 0 0
vn 1 0 0
vn 1 0 0
vn 1 0 0
vn 1 0 0
vn 1 0 0
vn 1 0 0
vn 1 0 0
vn 1 0 0
vn 1 0 0
vn 1 0 0
vn 1 0 0
vn 1 0 0
vn 1 0 0
vn 1 0 0
vn 1 0 0
vn 1 0 0
vn 1 0 0
vn 1 0 0
vn 1 0 0
vn 1 0 0
vn 1 0 0
vn 1 0 0
vn 1 0 0
vn 1 0 0
vn 1 0 0
vn 1 0 0
vn 1 0 0
vn 1 0 0
vn 1 0 0
vn 1 0 0
vn 1 0 0
vn 1 0 0
vn 1 0 0
vn 1 0 0
vn 1 0 0
vn 1 0 0
vn 1 0 0
vn 1 0 0
vn 1 0 0
vn 1 0 0
vn 1 0 0
vn 1 0 0
vn 1 0 0
vn 1 0 0
vn 1 0 0
vn 1 0 0
vn 1 0 0
vn 1 0 0
vn 1 0 0
vn 1 0 0
vn 1 0 0
vn 1 0 0
vn 1 0 0
vn 1 0 0
vn 1 0 0
vn 1 0 0
vn 1 0 0
vn 1 0 0
vn 1 0 0
vn 1 0 0
vn 1 0 0
vn 1 0 0
vn 1 0 0
vn 1 0 0
vn 1 0 0
vn 1 0 0
vn 1 0 0
vn 1 0 0
vn 1 0 0
vn 1 0 0
vn 1 0 0
vn 1 0 0
vn 1 0 0
vn 1 0 0
vn 1 0 0
vn 1 0 0
vn 1 0 0
vn 1 0 0
vn 1 0 0
vn 1 0 0
vn 1 0 0
vn 1 0 0
vn 1 0 0
vn 1 0 0
vn 1 0 0
vn 1 0 0
vn 1 0 0
vn 1 0 0
vn 1 0 0
vn 1 0 0
vn 1 0 0
vn 1 0 0
vn 1 0 0
vn 1 0 0
vn 1 0 0
vn 1 0 0
vn 1 0 0
vn 1 0 0
vn 1 0 0
vn 1 0 0
vn 1 0 0
vn 1 0 0
vn 1 0 0
vn 1 0 0
vn 1 0 0
vn 1 0 0
vn 1 0 0
vn 1 0 0
vn 1 0 0
vn 1 0 0
vn 1 0 0
vn 1 0 0
vn 1 0 0
vn 1 0 0
vn 1 0 0
vn 1 0 0
vn 1 0 0
vn 1 0 0
vn 1 0 0
vn 1 0 0
vn 1 0 0
vn 1 0 0
vn 1 0 0
vn 1 0 0
vn 1 0 0
vn 1 0 0
vn 1 0 0
vn 1 0 0
vn 1 0 0
vn 1 0 0
vn 1 0 0
vn 1 0 0
vn 1 0 0
vn 1 0 0
vn 1 0 0
vn 1 0 0
vn 1 0 0
vn 1 0 0
vn 1 0 0
vn 1 0 0
vn 1 0 0
vn 1 0 0
vn 1 0 0
vn 1 0 0
vn 1 0 0
vn 1 0 0
vn 1 0 0
vn 1 0 0
vn 1 0 0
vn 1 0 0
vn 1 0 0
vn 1 0 0
vn 1 0 0
vn 1 0 0
vn 1 0 0
vn 1 0 0
vn 1 0 0
vn 1 0 0
vn 1 0 0
vn 1 0 0
vn 1 0 0
vn 1 0 0
vn 1 0 0
vn 1 0 0
vn 1 0 0
vn 1 0 0
vn 1 0 0
vn 1 0 0
vn 1 0 0
vn 1 0 0
vn 1 0 0
vn 1 0 0
vn 1 0 0
vn 0 0 -1
vn 0 0 -1
vn 0 0 -1
vn 0 0 -1
vn 0 0 -1
vn 0 0 -1
vn 0 0 -1
vn 0 0 -1
vn 0 0 -1
vn 0 0 -1
vn 0 0 -1
vn 0 0 -1
vn 0 0 -1
vn 0 0 -1
vn 0 0 -1
vn 0 0 -1
vn 0 0 -1
vn 0 0 -1
vn 0 0 -1
vn 0 0 -1
vn 0 0 -1
vn 0 0 -1
vn 0 0 -1
vn 0 0 -1
vn 0 0 -1
vn 0 0 -1
vn 0 0 -1
vn 0 0 -1
vn 0 0 -1
vn 0 0 -1
vn 0 0 -1
vn 0 0 -1
vn 0 0 -1
vn 0 0 -1
vn 0 0 -1
vn 0 0 -1
vn 0 0 -1
vn 0 0 -1
vn 0 0 -1
vn 0 0 -1
vn 0 0 -1
vn 0 0 -1
vn 0 0 -1
vn 0 0 -1
vn 0 0 -1
vn 0 0 -1
vn 0 0 -1
vn 0 0 -1
vn 0 0 -1
vn 0 0 -1
vn 0 0 -1
vn 0 0 -1
vn 0 0 -1
vn 0 0 -1
vn 0 1 0
vn 0 1 0
vn -0.3090169948284817 0.9510565161477913 0
vn -0.3090169948284817 0.9510565161477913 0
vn 0 1 0
vn -0.3090169948284817 0.9510565161477913 0
vn -0.3090169948284817 0.9510565161477913 0
vn -0.3090169948284817 0.9510565161477913 0
vn -0.5877852429542022 0.8090170011595983 0
vn -0.5877852429542022 0.8090170011595983 0
vn -0.3090169948284817 0.9510565161477913 0
vn -0.5877852429542022 0.8090170011595983 0
vn -0.5877852429542022 0.8090170011595983 0
vn -0.5877852429542022 0.8090170011595983 0
vn -0.8090170011595983 0.5877852429542022 0
vn -0.8090170011595983 0.5877852429542022 0
vn -0.5877852429542022 0.8090170011595983 0
vn -0.8090170011595983 0.5877852429542022 0
vn -0.8090170011595983 0.5877852429542022 0
vn -0.8090170011595983 0.5877852429542022 0
vn -0.9510565161477913 0.3090169948284817 0
vn -0.9510565161477913 0.3090169948284817 0
vn -0.8090170011595983 0.5877852429542022 0
vn -0.9510565161477913 0.3090169948284817 0
vn -0.9510565161477913 0.3090169948284817 0
vn -0.9510565161477913 0.3090169948284817 0
vn -1 0 0
vn -1 0 0
vn -0.9510565161477913 0.3090169948284817 0
vn -1 0 0
vn -1 0 0
vn -1 0 0
vn -0.9510565161477913 -0.3090169948284817 0
vn -0.9510565161477913 -0.3090169948284817 0
vn -1 0 0
vn -0.9510565161477913 -0.3090169948284817 0
vn -0.9510565161477913 -0.3090169948284817 0
vn -0.9510565161477913 -0.3090169948284817 0
vn -0.8090170011595983 -0.5877852429542022 0
vn -0.8090170011595983 -0.5877852429542022 0
vn -0.9510565161477913 -0.3090169948284817 0
vn -0.8090170011595983 -0.5877852429542022 0
vn -0.8090170011595983 -0.5877852429542022 0
vn -0.8090170011595983 -0.5877852429542022 0
vn -0.5877852429542022 -0.8090170011595983 0
vn -0.5877852429542022 -0.8090170011595983 0
vn -0.8090170011595983 -0.5877852429542022 0
vn -0.5877852429542022 -0.8090170011595983 0
vn -0.5877852429542022 -0.8090170011595983 0
vn -0.5877852429542022 -0.8090170011595983 0
vn -0.3090169948284817 -0.9510565161477913 0
vn -0.3090169948284817 -0.9510565161477913 0
vn -0.5877852429542022 -0.8090170011595983 0
vn -0.3090169948284817 -0.9510565161477913 0
vn -0.3090169948284817 -0.9510565161477913 0
vn -0.3090169948284817 -0.9510565161477913 0
vn 0 -1 0
vn 0 -1 0
vn -0.3090169948284817 -0.9510565161477913 0
vn 0 -1 0
vn 0 0 -1
vn 0 0 -1
vn 0 0 -1
vn 0 0 -1
vn 0 0 -1
vn 0 0 -1
vn 0 0 -1
vn 0 0 -1
vn 0 0 -1
vn 0 0 -1
vn 0 0 -1
vn 0 0 -1
vn 0 0 -1
vn 0 0 -1
vn 0 0 -1
vn 0 0 -1
vn 0 0 -1
vn 0 0 -1
vn 0 0 -1
vn 0 0 -1
vn 0 0 -1
vn 0 0 -1
vn 0 0 -1
vn 0 0 -1
vn 0 0 -1
vn 0 0 -1
vn 0 0 -1
vn 0 0 -1
vn 0 0 -1
vn 0 0 -1
vn 0 0 -1
vn 0 0 -1
vn 0 0 -1
vn 0 0 -1
vn 0 0 -1
vn 0 0 -1
vn 0 0 -1
vn 0 0 -1
vn 0 0 -1
vn 0 0 -1
vn 0 0 -1
vn 0 0 -1
vn 0 0 -1
vn 0 0 -1
vn 0 0 -1
vn 0 0 -1
vn 0 0 -1
vn 0 0 -1
vn 0 0 -1
vn 0 0 -1
vn 0 0 -1
vn 0 0 -1
vn 0 0 -1
vn 0 0 -1
vn 0 0 -1
vn 0 0 -1
vn 0 0 -1
vn 0 0 -1
vn 0 0 -1
vn 0 0 -1
vn 0 0 -1
vn 0 0 -1
vn 0 0 -1
vn 0 0 -1
vn 0 0 -1
vn 0 0 -1
vn 0 0 -1
vn 0 0 -1
vn 0 0 -1
vn 0 0 -1
vn 0 0 -1
vn 0 0 -1
vn 0 0 -1
vn 0 0 -1
vn 0 0 -1
vn 0 0 -1
vn 0 0 -1
vn 0 0 -1
vn 0 0 -1
vn 0 0 -1
vn 0 0 -1
vn 0 0 -1
vn 0 0 -1
vn 0 0 -1
vn 0 0 -1
vn 0 0 -1
vn 0 0 -1
vn 0 0 -1
vn 0 0 -1
vn 0 0 -1
vn 0 0 -1
vn 0 0 -1
vn 0 0 -1
vn 0 0 -1
vn 0 0 -1
vn 0 0 -1
vn 0 0 -1
vn 0 0 -1
vn 0 0 -1
vn 0 0 -1
vn 0 0 -1
vn 0 0 -1
vn 0 0 -1
vn 0 0 -1
vn 0 0 -1
vn 0 0 -1
vn 0 0 -1
vn 0 0 -1
vn 0 0 -1
vn 0 0 -1
vn 0 0 -1
vn 0 0 -1
vn 0 0 -1
vn 0 0 -1
vn 0 0 -1
vn 0 0 -1
vn 0 0 -1
vn 0 0 -1
vn 0 0 -1
vn 0 0 -1
vn 0 0 -1
vn 0 0 -1
vn 0 0 -1
vn 0 0 -1
vn 0 0 -1
vn 0 0 -1
vn 0 0 -1
vn 0 0 -1
vn 0 0 -1
vn 0 0 -1
vn 0 0 -1
vn 0 0 -1
vn 0 0 -1
vn 0 0 -1
vn 0 0 -1
vn 0 0 -1
vn 0 0 -1
vn 0 0 -1
vn 0 0 -1
vn 0 0 -1
vn 0 0 -1
vn 0 0 -1
vn 0 0 -1
vn 0 0 -1
vn 0 0 -1
vn 0 0 -1
vn 0 0 -1
vn 0 0 -1
vn 0 0 -1
vn 0 0 -1
vn 0 0 -1
vn 0 0 -1
vn 0 0 -1
vn 0 0 -1
vn 0 0 -1
vn 0 0 -1
vn -0.9299210467211005 0.18490982368304928 0.317891811738894
vn -0.9475460907180024 0 0.319619157694014
vn -0.8918590108584835 0.1787985744161281 0.41547391559192665
vn -0.8918590108584835 0.1787985744161281 0.41547391559192665
vn -0.9475460907180024 0 0.319619157694014
vn -0.885129526024166 0 0.4653447347507387
vn -0.8918590108584835 0.1787985744161281 0.41547391559192665
vn -0.885129526024166 0 0.4653447347507387
vn -0.8430232897102319 0.1784893699194208 0.5073985394459729
vn -0.8430232897102319 0.1784893699194208 0.5073985394459729
vn -0.885129526024166 0 0.4653447347507387
vn -0.8017910695327014 0 0.5976044518053784
vn -0.8430232897102319 0.1784893699194208 0.5073985394459729
vn -0.8017910695327014 0 0.5976044518053784
vn -0.7853555645459299 0.17831872326736412 0.5928060982893488
vn -0.7853555645459299 0.17831872326736412 0.5928060982893488
vn -0.8017910695327014 0 0.5976044518053784
vn -0.7196977237865841 0.1783078486498939 0.6710003707050066
vn -0.7853555645459299 0.17831872326736412 0.5928060982893488
vn -0.7196977237865841 0.1783078486498939 0.6710003707050066
vn -0.6789606574520333 0.3478415189939833 0.6465436592344412
vn -0.6789606574520333 0.3478415189939833 0.6465436592344412
vn -0.7196977237865841 0.1783078486498939 0.6710003707050066
vn -0.6090122451535976 0.34780630413451624 0.7128357875817282
vn -0.6789606574520333 0.3478415189939833 0.6465436592344412
vn -0.6090122451535976 0.34780630413451624 0.7128357875817282
vn -0.5480492155878318 0.5056082047962716 0.6663350512589395
vn -0.5480492155878318 0.5056082047962716 0.6663350512589395
vn -0.6090122451535976 0.34780630413451624 0.7128357875817282
vn -0.47696501384486206 0.5063483754110566 0.7184119279957384
vn -0.5480492155878318 0.5056082047962716 0.6663350512589395
vn -0.47696501384486206 0.5063483754110566 0.7184119279957384
vn -0.4006333562807061 0.6501160719937408 0.6456330279428756
vn -0.4006333562807061 0.6501160719937408 0.6456330279428756
vn -0.47696501384486206 0.5063483754110566 0.7184119279957384
vn -0.33178880026174573 0.6524405921198502 0.6813497382219873
vn -0.4006333562807061 0.6501160719937408 0.6456330279428756
vn -0.33178880026174573 0.6524405921198502 0.6813497382219873
vn -0.24526005511149362 0.7781706302547193 0.5781850703500394
vn -0.24526005511149362 0.7781706302547193 0.5781850703500394
vn -0.33178880026174573 0.6524405921198502 0.6813497382219873
vn -0.1829042094346856 0.7820562539338352 0.5957634311151108
vn -0.24526005511149362 0.7781706302547193 0.5781850703500394
vn -0.1829042094346856 0.7820562539338352 0.5957634311151108
vn -0.09341381993698512 0.8829396734770543 0.46009932758591776
vn -0.09341381993698512 0.8829396734770543 0.46009932758591776
vn -0.1829042094346856 0.7820562539338352 0.5957634311151108
vn -0.04438593992631397 0.8870516437359586 0.459531576371191
vn -0.09341381993698512 0.8829396734770543 0.46009932758591776
vn -0.04438593992631397 0.8870516437359586 0.459531576371191
vn 0.038407637972255534 0.9548238342637927 0.29467999400566963
vn 0.038407637972255534 0.9548238342637927 0.29467999400566963
vn -0.04438593992631397 0.8870516437359586 0.459531576371191
vn 0.0694371921536405 0.9575827892002029 0.2796670845369147
vn 0.038407637972255534 0.9548238342637927 0.29467999400566963
vn 0.0694371921536405 0.9575827892002029 0.2796670845369147
vn 0.13458592942274827 0.9862879333361307 0.09551303658118604
vn 0.13458592942274827 0.9862879333361307 0.09551303658118604
vn 0.0694371921536405 0.9575827892002029 0.2796670845369147
vn 0.1427980816859566 0.9870602533141655 0.07294356855944503
vn 0.13458592942274827 0.9862879333361307 0.09551303658118604
vn 0.1427980816859566 0.9870602533141655 0.07294356855944503
vn 0.17953531263408834 0.9782047173293135 -0.10431971296000704
vn 0.17953531263408834 0.9782047173293135 -0.10431971296000704
vn 0.1427980816859566 0.9870602533141655 0.07294356855944503
vn 0.1527710216497348 0.9882616126027037 0
vn 0.17953531263408834 0.9782047173293135 -0.10431971296000704
vn 0.1527710216497348 0.9882616126027037 0
vn 0.1648167939256383 0.9782402346017716 -0.1260216959350441
vn 0.1648167939256383 0.9782402346017716 -0.1260216959350441
vn 0.1527710216497348 0.9882616126027037 0
vn 0.16931807918512282 0.9666236595446486 -0.1922760746155691
vn 0.1648167939256383 0.9782402346017716 -0.1260216959350441
vn 0.16931807918512282 0.9666236595446486 -0.1922760746155691
vn 0.17953531263408834 0.9782047173293135 -0.10431971296000704
vn 0.17953531263408834 0.9782047173293135 -0.10431971296000704
vn 0.16931807918512282 0.9666236595446486 -0.1922760746155691
vn 0.20726801532573455 0.938026133709203 -0.27775338396047633
vn 0.17953531263408834 0.9782047173293135 -0.10431971296000704
vn 0.20726801532573455 0.938026133709203 -0.27775338396047633
vn 0.19070331892589126 0.9783335996118628 -0.08059535979909083
vn 0.19070331892589126 0.9783335996118628 -0.08059535979909083
vn 0.20726801532573455 0.938026133709203 -0.27775338396047633
vn 0.23738418200528033 0.9376681321036322 -0.2538251842725018
vn 0.19070331892589126 0.9783335996118628 -0.08059535979909083
vn 0.23738418200528033 0.9376681321036322 -0.2538251842725018
vn 0.19815086258028658 0.9785939071210891 -0.05558957280074785
vn 0.19815086258028658 0.9785939071210891 -0.05558957280074785
vn 0.23738418200528033 0.9376681321036322 -0.2538251842725018
vn 0.26366612707091136 0.9378079911391285 -0.2258237037846516
vn 0.19815086258028658 0.9785939071210891 -0.05558957280074785
vn 0.26366612707091136 0.9378079911391285 -0.2258237037846516
vn 0.20188162716290384 0.9789495819503028 -0.030025399470879448
vn 0.20188162716290384 0.9789495819503028 -0.030025399470879448
vn 0.26366612707091136 0.9378079911391285 -0.2258237037846516
vn 0.285665754192268 0.9383763792091439 -0.19453752292064305
vn 0.20188162716290384 0.9789495819503028 -0.030025399470879448
vn 0.285665754192268 0.9383763792091439 -0.19453752292064305
vn 0.20200089146248623 0.9793773548550471 -0.003954319852008247
vn 0.20200089146248623 0.9793773548550471 -0.003954319852008247
vn 0.285665754192268 0.9383763792091439 -0.19453752292064305
vn 0.30349423857061875 0.939316730249697 -0.15992287962470617
vn 0.20200089146248623 0.9793773548550471 -0.003954319852008247
vn 0.30349423857061875 0.939316730249697 -0.15992287962470617
vn 0.19863949771961412 0.9798396853349826 0.021366819799439035
vn 0.19863949771961412 0.9798396853349826 0.021366819799439035
vn 0.30349423857061875 0.939316730249697 -0.15992287962470617
vn 0.3164537822486215 0.9405269549820651 -0.12355586045472225
vn 0.19863949771961412 0.9798396853349826 0.021366819799439035
vn 0.3164537822486215 0.9405269549820651 -0.12355586045472225
vn 0.19214462788930284 0.980316139404717 0.04539503052001451
vn 0.19214462788930284 0.980316139404717 0.04539503052001451
vn 0.3164537822486215 0.9405269549820651 -0.12355586045472225
vn 0.32458064380097246 0.9419179680642364 -0.08624353371404854
vn 0.19214462788930284 0.980316139404717 0.04539503052001451
vn 0.32458064380097246 0.9419179680642364 -0.08624353371404854
vn 0.18291316606836477 0.9807967968253068 0.06767877818093776
vn 0.18291316606836477 0.9807967968253068 0.06767877818093776
vn 0.32458064380097246 0.9419179680642364 -0.08624353371404854
vn 0.32802200569455775 0.9434117151278882 -0.048743199931639704
vn 0.18291316606836477 0.9807967968253068 0.06767877818093776
vn 0.32802200569455775 0.9434117151278882 -0.048743199931639704
vn 0.1713711171793652 0.9812816974359321 0.08785311874914872
vn 0.1713711171793652 0.9812816974359321 0.08785311874914872
vn 0.32802200569455775 0.9434117151278882 -0.048743199931639704
vn 0.3270146482242354 0.9449460910309968 -0.011760310030720299
vn 0.1713711171793652 0.9812816974359321 0.08785311874914872
vn 0.3270146482242354 0.9449460910309968 -0.011760310030720299
vn 0.15795951832561236 0.9817790830270355 0.10563438219128297
vn 0.15795951832561236 0.9817790830270355 0.10563438219128297
vn 0.3270146482242354 0.9449460910309968 -0.011760310030720299
vn 0.32187193337269454 0.9464776429256958 0.02405264951606593
vn 0.15795951832561236 0.9817790830270355 0.10563438219128297
vn 0.32187193337269454 0.9464776429256958 0.02405264951606593
vn 0.14312429527396298 0.982302771280504 0.12081681024167576
vn 0.14312429527396298 0.982302771280504 0.12081681024167576
vn 0.32187193337269454 0.9464776429256958 0.02405264951606593
vn 0.3129749844538944 0.9479825942474871 0.05810043123668643
vn 0.14312429527396298 0.982302771280504 0.12081681024167576
vn 0.3129749844538944 0.9479825942474871 0.05810043123668643
vn 0.19374153267526975 0.9739995724239218 0.11742679180942872
vn 0.19374153267526975 0.9739995724239218 0.11742679180942872
vn 0.3129749844538944 0.9479825942474871 0.05810043123668643
vn 0.38186358854726077 0.9218079910833201 0.06671002410988731
vn 0.38186358854726077 0.9218079910833201 0.06671002410988731
vn 0.3129749844538944 0.9479825942474871 0.05810043123668643
vn 0.47250608077720235 0.8812680927773296 -0.010225080986262576
vn 0.38186358854726077 0.9218079910833201 0.06671002410988731
vn 0.47250608077720235 0.8812680927773296 -0.010225080986262576
vn 0.5555798345087503 0.8314371605863068 0.00657993034991561
vn 0.5555798345087503 0.8314371605863068 0.00657993034991561
vn 0.47250608077720235 0.8812680927773296 -0.010225080986262576
vn 0.6144935445193472 0.7841989342479744 -0.08619579611785037
vn 0.5555798345087503 0.8314371605863068 0.00657993034991561
vn 0.6144935445193472 0.7841989342479744 -0.08619579611785037
vn 0.7055053099857947 0.705433724807572 -0.0680111570697215
vn 0.7055053099857947 0.705433724807572 -0.0680111570697215
vn 0.6144935445193472 0.7841989342479744 -0.08619579611785037
vn 0.7312683994334236 0.6597562373818074 -0.17311335946679357
vn 0.7055053099857947 0.705433724807572 -0.0680111570697215
vn 0.7312683994334236 0.6597562373818074 -0.17311335946679357
vn 0.8203863432433234 0.5481964899608945 -0.1626248942025876
vn 0.8203863432433234 0.5481964899608945 -0.1626248942025876
vn 0.7312683994334236 0.6597562373818074 -0.17311335946679357
vn 0.8142690375298275 0.5120746315197036 -0.2733962440748012
vn 0.8203863432433234 0.5481964899608945 -0.1626248942025876
vn 0.8142690375298275 0.5120746315197036 -0.2733962440748012
vn 0.8881476692985484 0.36795211548800943 -0.27532700235802376
vn 0.8881476692985484 0.36795211548800943 -0.27532700235802376
vn 0.8142690375298275 0.5120746315197036 -0.2733962440748012
vn 0.8561307752383585 0.3482514903405302 -0.38178658327050585
vn 0.8881476692985484 0.36795211548800943 -0.27532700235802376
vn 0.8561307752383585 0.3482514903405302 -0.38178658327050585
vn 0.9072630428945578 0.18040439533270972 -0.3799052844359328
vn 0.9072630428945578 0.18040439533270972 -0.3799052844359328
vn 0.8561307752383585 0.3482514903405302 -0.38178658327050585
vn 0.8609054760172714 0.1800166533290329 -0.47585267246038465
vn 0.9072630428945578 0.18040439533270972 -0.3799052844359328
vn 0.8609054760172714 0.1800166533290329 -0.47585267246038465
vn 0.9051537536258671 0 -0.4250843237488335
vn 0.9051537536258671 0 -0.4250843237488335
vn 0.8609054760172714 0.1800166533290329 -0.47585267246038465
vn 0.7261579075231679 0 -0.6875279582253905
vn 0.7261579075231679 0 -0.6875279582253905
vn 0.8609054760172714 0.1800166533290329 -0.47585267246038465
vn 0.8048503229182835 0.17971120395803125 -0.5656145691814257
vn 0.7261579075231679 0 -0.6875279582253905
vn 0.8048503229182835 0.17971120395803125 -0.5656145691814257
vn 0.7400561536716482 0.17957800543270105 -0.6481270163922643
vn 0.7400561536716482 0.17957800543270105 -0.6481270163922643
vn 0.8048503229182835 0.17971120395803125 -0.5656145691814257
vn 0.8103057068320998 0.346478429092346 -0.47260698222627995
vn 0.7400561536716482 0.17957800543270105 -0.6481270163922643
vn 0.8103057068320998 0.346478429092346 -0.47260698222627995
vn 0.7551367874107681 0.3450549540707738 -0.5574096437721191
vn 0.7551367874107681 0.3450549540707738 -0.5574096437721191
vn 0.8103057068320998 0.346478429092346 -0.47260698222627995
vn 0.7815306252615392 0.5087289257056735 -0.36111599511605524
vn 0.7551367874107681 0.3450549540707738 -0.5574096437721191
vn 0.7815306252615392 0.5087289257056735 -0.36111599511605524
vn 0.7392912617482114 0.5057960824221186 -0.4445433086991359
vn 0.7392912617482114 0.5057960824221186 -0.4445433086991359
vn 0.7815306252615392 0.5087289257056735 -0.36111599511605524
vn 0.7115593129080262 0.655606643361296 -0.25271183865104546
vn 0.7392912617482114 0.5057960824221186 -0.4445433086991359
vn 0.7115593129080262 0.655606643361296 -0.25271183865104546
vn 0.6829046483382905 0.651798415304643 -0.3298485517389943
vn 0.6829046483382905 0.651798415304643 -0.3298485517389943
vn 0.7115593129080262 0.655606643361296 -0.25271183865104546
vn 0.6062926451077529 0.7802967769134032 -0.15344760808432018
vn 0.6829046483382905 0.651798415304643 -0.3298485517389943
vn 0.6062926451077529 0.7802967769134032 -0.15344760808432018
vn 0.5903838398521034 0.7765829723168083 -0.21992227888296667
vn 0.5903838398521034 0.7765829723168083 -0.21992227888296667
vn 0.6062926451077529 0.7802967769134032 -0.15344760808432018
vn 0.47383460213802053 0.8784313166924103 -0.061961211017396434
vn 0.5903838398521034 0.7765829723168083 -0.21992227888296667
vn 0.47383460213802053 0.8784313166924103 -0.061961211017396434
vn 0.46924438482771175 0.8756342420183776 -0.1143432617715772
vn 0.46924438482771175 0.8756342420183776 -0.1143432617715772
vn 0.47383460213802053 0.8784313166924103 -0.061961211017396434
vn 0.32187193337269454 0.9464776429256958 0.02405264951606593
vn 0.46924438482771175 0.8756342420183776 -0.1143432617715772
vn 0.32187193337269454 0.9464776429256958 0.02405264951606593
vn 0.3270146482242354 0.9449460910309968 -0.011760310030720299
vn -0.8017910695327014 0 0.5976044518053784
vn -0.7003526157285709 0 0.7137970395302494
vn -0.7196977237865841 0.1783078486498939 0.6710003707050066
vn -0.7196977237865841 0.1783078486498939 0.6710003707050066
vn -0.7003526157285709 0 0.7137970395302494
vn -0.6468053431105082 0.1784818015436422 0.7414762940522333
vn -0.7196977237865841 0.1783078486498939 0.6710003707050066
vn -0.6468053431105082 0.1784818015436422 0.7414762940522333
vn -0.6090122451535976 0.34780630413451624 0.7128357875817282
vn -0.6090122451535976 0.34780630413451624 0.7128357875817282
vn -0.6468053431105082 0.1784818015436422 0.7414762940522333
vn -0.5327897619288244 0.34839439074313905 0.7712045241585033
vn -0.6090122451535976 0.34780630413451624 0.7128357875817282
vn -0.5327897619288244 0.34839439074313905 0.7712045241585033
vn -0.47696501384486206 0.5063483754110566 0.7184119279957384
vn -0.47696501384486206 0.5063483754110566 0.7184119279957384
vn -0.5327897619288244 0.34839439074313905 0.7712045241585033
vn -0.40062181596532004 0.5082435193920156 0.7623586331698928
vn -0.47696501384486206 0.5063483754110566 0.7184119279957384
vn -0.40062181596532004 0.5082435193920156 0.7623586331698928
vn -0.33178880026174573 0.6524405921198502 0.6813497382219873
vn -0.33178880026174573 0.6524405921198502 0.6813497382219873
vn -0.40062181596532004 0.5082435193920156 0.7623586331698928
vn -0.25900197044923173 0.6562927369309031 0.7086591724906689
vn -0.33178880026174573 0.6524405921198502 0.6813497382219873
vn -0.25900197044923173 0.6562927369309031 0.7086591724906689
vn -0.1829042094346856 0.7820562539338352 0.5957634311151108
vn -0.1829042094346856 0.7820562539338352 0.5957634311151108
vn -0.25900197044923173 0.6562927369309031 0.7086591724906689
vn -0.12007123005615226 0.7872798890525206 0.6047919278613543
vn -0.1829042094346856 0.7820562539338352 0.5957634311151108
vn -0.12007123005615226 0.7872798890525206 0.6047919278613543
vn -0.04438593992631397 0.8870516437359586 0.459531576371191
vn -0.04438593992631397 0.8870516437359586 0.459531576371191
vn -0.12007123005615226 0.7872798890525206 0.6047919278613543
vn 0.004245089793057454 0.8920860207234363 0.4518456714880356
vn -0.04438593992631397 0.8870516437359586 0.459531576371191
vn 0.004245089793057454 0.8920860207234363 0.4518456714880356
vn 0.0694371921536405 0.9575827892002029 0.2796670845369147
vn 0.0694371921536405 0.9575827892002029 0.2796670845369147
vn 0.004245089793057454 0.8920860207234363 0.4518456714880356
vn 0.09784908462228749 0.9606456032452629 0.2599722708369597
vn 0.0694371921536405 0.9575827892002029 0.2796670845369147
vn 0.09784908462228749 0.9606456032452629 0.2599722708369597
vn 0.1427980816859566 0.9870602533141655 0.07294356855944503
vn 0.1427980816859566 0.9870602533141655 0.07294356855944503
vn 0.09784908462228749 0.9606456032452629 0.2599722708369597
vn 0.12870006395485936 0.9726281266007056 0.19347046514446706
vn 0.1427980816859566 0.9870602533141655 0.07294356855944503
vn 0.12870006395485936 0.9726281266007056 0.19347046514446706
vn 0.14729243599589975 0.9878588970314862 0.04939370257562527
vn 0.14729243599589975 0.9878588970314862 0.04939370257562527
vn 0.12870006395485936 0.9726281266007056 0.19347046514446706
vn 0.1527710216497348 0.9882616126027037 0
vn 0.14729243599589975 0.9878588970314862 0.04939370257562527
vn 0.1527710216497348 0.9882616126027037 0
vn 0.1427980816859566 0.9870602533141655 0.07294356855944503
vn -0.7003526157285709 0 0.7137970395302494
vn -0.5832584602252064 0 0.8122866295684801
vn -0.6468053431105082 0.1784818015436422 0.7414762940522333
vn -0.6468053431105082 0.1784818015436422 0.7414762940522333
vn -0.5832584602252064 0 0.8122866295684801
vn -0.5673318466649148 0.17887155589830728 0.8038280551525285
vn -0.6468053431105082 0.1784818015436422 0.7414762940522333
vn -0.5673318466649148 0.17887155589830728 0.8038280551525285
vn -0.5327897619288244 0.34839439074313905 0.7712045241585033
vn -0.5327897619288244 0.34839439074313905 0.7712045241585033
vn -0.5673318466649148 0.17887155589830728 0.8038280551525285
vn -0.4508700674619959 0.3496954445575374 0.8212364326565897
vn -0.5327897619288244 0.34839439074313905 0.7712045241585033
vn -0.4508700674619959 0.3496954445575374 0.8212364326565897
vn -0.40062181596532004 0.5082435193920156 0.7623586331698928
vn -0.40062181596532004 0.5082435193920156 0.7623586331698928
vn -0.4508700674619959 0.3496954445575374 0.8212364326565897
vn -0.31964085706249323 0.5114321900716076 0.7976633609831366
vn -0.40062181596532004 0.5082435193920156 0.7623586331698928
vn -0.31964085706249323 0.5114321900716076 0.7976633609831366
vn -0.25900197044923173 0.6562927369309031 0.7086591724906689
vn -0.25900197044923173 0.6562927369309031 0.7086591724906689
vn -0.31964085706249323 0.5114321900716076 0.7976633609831366
vn -0.1849453697351844 0.6616504013758927 0.7266456884704101
vn -0.25900197044923173 0.6562927369309031 0.7086591724906689
vn -0.1849453697351844 0.6616504013758927 0.7266456884704101
vn -0.12007123005615226 0.7872798890525206 0.6047919278613543
vn -0.12007123005615226 0.7872798890525206 0.6047919278613543
vn -0.1849453697351844 0.6616504013758927 0.7266456884704101
vn -0.05635369262218931 0.7939526531254659 0.6053622435557716
vn -0.12007123005615226 0.7872798890525206 0.6047919278613543
vn -0.05635369262218931 0.7939526531254659 0.6053622435557716
vn 0.004245089793057454 0.8920860207234363 0.4518456714880356
vn 0.004245089793057454 0.8920860207234363 0.4518456714880356
vn -0.05635369262218931 0.7939526531254659 0.6053622435557716
vn 0.05129425873343843 0.8979769771207744 0.43704261529286054
vn 0.004245089793057454 0.8920860207234363 0.4518456714880356
vn 0.05129425873343843 0.8979769771207744 0.43704261529286054
vn 0.09784908462228749 0.9606456032452629 0.2599722708369597
vn 0.09784908462228749 0.9606456032452629 0.2599722708369597
vn 0.05129425873343843 0.8979769771207744 0.43704261529286054
vn 0.10090934443408016 0.9191492161833528 0.38076504907280084
vn 0.09784908462228749 0.9606456032452629 0.2599722708369597
vn 0.10090934443408016 0.9191492161833528 0.38076504907280084
vn 0.12273912955342779 0.9639367522853546 0.23613776417597848
vn 0.12273912955342779 0.9639367522853546 0.23613776417597848
vn 0.10090934443408016 0.9191492161833528 0.38076504907280084
vn 0.12870006395485936 0.9726281266007056 0.19347046514446706
vn 0.12273912955342779 0.9639367522853546 0.23613776417597848
vn 0.12870006395485936 0.9726281266007056 0.19347046514446706
vn 0.09784908462228749 0.9606456032452629 0.2599722708369597
vn -0.5673318466649148 0.17887155589830728 0.8038280551525285
vn -0.5832584602252064 0 0.8122866295684801
vn -0.48185274846317744 0.17951712325752672 0.8576663286242638
vn -0.48185274846317744 0.17951712325752672 0.8576663286242638
vn -0.5832584602252064 0 0.8122866295684801
vn -0.45250947357788796 0 0.8917595955874335
vn -0.48185274846317744 0.17951712325752672 0.8576663286242638
vn -0.45250947357788796 0 0.8917595955874335
vn -0.3909210874702026 0.18047227029934138 0.9025577339007825
vn -0.3909210874702026 0.18047227029934138 0.9025577339007825
vn -0.45250947357788796 0 0.8917595955874335
vn -0.30999002159636146 0 0.9507398101008956
vn -0.3909210874702026 0.18047227029934138 0.9025577339007825
vn -0.30999002159636146 0 0.9507398101008956
vn -0.2974846564935836 0.18177301594181622 0.9372627432189496
vn -0.2974846564935836 0.18177301594181622 0.9372627432189496
vn -0.30999002159636146 0 0.9507398101008956
vn -0.2001281703196401 0.18352939413341438 0.9624269722599919
vn -0.2974846564935836 0.18177301594181622 0.9372627432189496
vn -0.2001281703196401 0.18352939413341438 0.9624269722599919
vn -0.1816756456001283 0.35886696548202923 0.9155372525907925
vn -0.1816756456001283 0.35886696548202923 0.9155372525907925
vn -0.2001281703196401 0.18352939413341438 0.9624269722599919
vn -0.08624470060079295 0.36418446164397 0.9273249320035407
vn -0.1816756456001283 0.35886696548202923 0.9155372525907925
vn -0.08624470060079295 0.36418446164397 0.9273249320035407
vn -0.063496307282794 0.5298077526200123 0.8457375267925511
vn -0.063496307282794 0.5298077526200123 0.8457375267925511
vn -0.08624470060079295 0.36418446164397 0.9273249320035407
vn 0.024565270101494934 0.5395591243830954 0.8415892696558029
vn -0.063496307282794 0.5298077526200123 0.8457375267925511
vn 0.024565270101494934 0.5395591243830954 0.8415892696558029
vn 0.026291748137186283 0.5553948800738809 0.8311710240182884
vn 0.026291748137186283 0.5553948800738809 0.8311710240182884
vn 0.024565270101494934 0.5395591243830954 0.8415892696558029
vn 0.011301888970735488 0.3827154895956897 0.92379712130382
vn 0.011301888970735488 0.3827154895956897 0.92379712130382
vn 0.024565270101494934 0.5395591243830954 0.8415892696558029
vn -0.08624470060079295 0.36418446164397 0.9273249320035407
vn 0.011301888970735488 0.3827154895956897 0.92379712130382
vn -0.08624470060079295 0.36418446164397 0.9273249320035407
vn 0.01054753001945258 0.3709935883837673 0.9285755257320887
vn 0.01054753001945258 0.3709935883837673 0.9285755257320887
vn -0.08624470060079295 0.36418446164397 0.9273249320035407
vn -0.09975070512027223 0.18586070846197705 0.9774996643876768
vn 0.01054753001945258 0.3709935883837673 0.9285755257320887
vn -0.09975070512027223 0.18586070846197705 0.9774996643876768
vn 0.0024917700162834636 0.18891886888547915 0.9819895376536437
vn 0.0024917700162834636 0.18891886888547915 0.9819895376536437
vn -0.09975070512027223 0.18586070846197705 0.9774996643876768
vn 0 0 1
vn 0.0024917700162834636 0.18891886888547915 0.9819895376536437
vn 0 0 1
vn 0 0 1
vn -0.30999002159636146 0 0.9507398101008956
vn -0.15803124379316338 0 0.9874341122248034
vn -0.2001281703196401 0.18352939413341438 0.9624269722599919
vn -0.2001281703196401 0.18352939413341438 0.9624269722599919
vn -0.15803124379316338 0 0.9874341122248034
vn -0.09975070512027223 0.18586070846197705 0.9774996643876768
vn -0.2001281703196401 0.18352939413341438 0.9624269722599919
vn -0.09975070512027223 0.18586070846197705 0.9774996643876768
vn -0.08624470060079295 0.36418446164397 0.9273249320035407
vn -0.15803124379316338 0 0.9874341122248034
vn 0 0 1
vn -0.09975070512027223 0.18586070846197705 0.9774996643876768
vn 0 0 1
vn 0 0 1
vn 0.0024917700162834636 0.18891886888547915 0.9819895376536437
vn 0.0024917700162834636 0.18891886888547915 0.9819895376536437
vn 0 0 1
vn 0.0026660097724363102 0.19502259422037918 0.9807951264843471
vn 0.0024917700162834636 0.18891886888547915 0.9819895376536437
vn 0.0026660097724363102 0.19502259422037918 0.9807951264843471
vn 0.01054753001945258 0.3709935883837673 0.9285755257320887
vn 0.01054753001945258 0.3709935883837673 0.9285755257320887
vn 0.0026660097724363102 0.19502259422037918 0.9807951264843471
vn 0.011301888970735488 0.3827154895956897 0.92379712130382
vn 0.0472165320780665 0.7062782227002213 0.706358033321585
vn 0.04423369854455859 0.6883468650756018 0.7240317487884497
vn 0.026291748137186283 0.5553948800738809 0.8311710240182884
vn 0.026291748137186283 0.5553948800738809 0.8311710240182884
vn 0.04423369854455859 0.6883468650756018 0.7240317487884497
vn -0.03199772970938715 0.6775739919567971 0.7347582124190073
vn 0.026291748137186283 0.5553948800738809 0.8311710240182884
vn -0.03199772970938715 0.6775739919567971 0.7347582124190073
vn -0.063496307282794 0.5298077526200123 0.8457375267925511
vn -0.063496307282794 0.5298077526200123 0.8457375267925511
vn -0.03199772970938715 0.6775739919567971 0.7347582124190073
vn -0.15107077279093437 0.5220048995619115 0.8394572689790162
vn -0.063496307282794 0.5298077526200123 0.8457375267925511
vn -0.15107077279093437 0.5220048995619115 0.8394572689790162
vn -0.1816756456001283 0.35886696548202923 0.9155372525907925
vn -0.1816756456001283 0.35886696548202923 0.9155372525907925
vn -0.15107077279093437 0.5220048995619115 0.8394572689790162
vn -0.2745194151845696 0.3548088390816748 0.8937280226088001
vn -0.1816756456001283 0.35886696548202923 0.9155372525907925
vn -0.2745194151845696 0.3548088390816748 0.8937280226088001
vn -0.2974846564935836 0.18177301594181622 0.9372627432189496
vn -0.2974846564935836 0.18177301594181622 0.9372627432189496
vn -0.2745194151845696 0.3548088390816748 0.8937280226088001
vn -0.3909210874702026 0.18047227029934138 0.9025577339007825
vn 0.07280346221349766 0.8292466051118692 0.5541206762070584
vn 0.06847597607383572 0.8116287528327101 0.5801463679761819
vn 0.0472165320780665 0.7062782227002213 0.706358033321585
vn 0.0472165320780665 0.7062782227002213 0.706358033321585
vn 0.06847597607383572 0.8116287528327101 0.5801463679761819
vn 0.006986140181172471 0.8020800246082055 0.5971757094606824
vn 0.0472165320780665 0.7062782227002213 0.706358033321585
vn 0.006986140181172471 0.8020800246082055 0.5971757094606824
vn -0.03199772970938715 0.6775739919567971 0.7347582124190073
vn -0.03199772970938715 0.6775739919567971 0.7347582124190073
vn 0.006986140181172471 0.8020800246082055 0.5971757094606824
vn -0.10887907308853449 0.6687067067187442 0.735511174512497
vn -0.03199772970938715 0.6775739919567971 0.7347582124190073
vn -0.10887907308853449 0.6687067067187442 0.735511174512497
vn -0.15107077279093437 0.5220048995619115 0.8394572689790162
vn -0.15107077279093437 0.5220048995619115 0.8394572689790162
vn -0.10887907308853449 0.6687067067187442 0.735511174512497
vn -0.2368075830035094 0.5159430465519721 0.8232405124547172
vn -0.15107077279093437 0.5220048995619115 0.8394572689790162
vn -0.2368075830035094 0.5159430465519721 0.8232405124547172
vn -0.2745194151845696 0.3548088390816748 0.8937280226088001
vn -0.2745194151845696 0.3548088390816748 0.8937280226088001
vn -0.2368075830035094 0.5159430465519721 0.8232405124547172
vn -0.36382251457551856 0.3518173644290803 0.862471866192818
vn -0.2745194151845696 0.3548088390816748 0.8937280226088001
vn -0.36382251457551856 0.3518173644290803 0.862471866192818
vn -0.3909210874702026 0.18047227029934138 0.9025577339007825
vn -0.3909210874702026 0.18047227029934138 0.9025577339007825
vn -0.36382251457551856 0.3518173644290803 0.862471866192818
vn -0.48185274846317744 0.17951712325752672 0.8576663286242638
vn 0.10090934443408016 0.9191492161833528 0.38076504907280084
vn 0.09546995999512613 0.9046271530059152 0.4153735677470837
vn 0.07280346221349766 0.8292466051118692 0.5541206762070584
vn 0.07280346221349766 0.8292466051118692 0.5541206762070584
vn 0.09546995999512613 0.9046271530059152 0.4153735677470837
vn 0.05129425873343843 0.8979769771207744 0.43704261529286054
vn 0.07280346221349766 0.8292466051118692 0.5541206762070584
vn 0.05129425873343843 0.8979769771207744 0.43704261529286054
vn 0.006986140181172471 0.8020800246082055 0.5971757094606824
vn 0.006986140181172471 0.8020800246082055 0.5971757094606824
vn 0.05129425873343843 0.8979769771207744 0.43704261529286054
vn -0.05635369262218931 0.7939526531254659 0.6053622435557716
vn 0.006986140181172471 0.8020800246082055 0.5971757094606824
vn -0.05635369262218931 0.7939526531254659 0.6053622435557716
vn -0.10887907308853449 0.6687067067187442 0.735511174512497
vn -0.10887907308853449 0.6687067067187442 0.735511174512497
vn -0.05635369262218931 0.7939526531254659 0.6053622435557716
vn -0.1849453697351844 0.6616504013758927 0.7266456884704101
vn -0.10887907308853449 0.6687067067187442 0.735511174512497
vn -0.1849453697351844 0.6616504013758927 0.7266456884704101
vn -0.2368075830035094 0.5159430465519721 0.8232405124547172
vn -0.2368075830035094 0.5159430465519721 0.8232405124547172
vn -0.1849453697351844 0.6616504013758927 0.7266456884704101
vn -0.31964085706249323 0.5114321900716076 0.7976633609831366
vn -0.2368075830035094 0.5159430465519721 0.8232405124547172
vn -0.31964085706249323 0.5114321900716076 0.7976633609831366
vn -0.36382251457551856 0.3518173644290803 0.862471866192818
vn -0.36382251457551856 0.3518173644290803 0.862471866192818
vn -0.31964085706249323 0.5114321900716076 0.7976633609831366
vn -0.4508700674619959 0.3496954445575374 0.8212364326565897
vn -0.36382251457551856 0.3518173644290803 0.862471866192818
vn -0.4508700674619959 0.3496954445575374 0.8212364326565897
vn -0.48185274846317744 0.17951712325752672 0.8576663286242638
vn -0.48185274846317744 0.17951712325752672 0.8576663286242638
vn -0.4508700674619959 0.3496954445575374 0.8212364326565897
vn -0.5673318466649148 0.17887155589830728 0.8038280551525285
vn 0.20726801532573455 0.938026133709203 -0.27775338396047633
vn 0.16931807918512282 0.9666236595446486 -0.1922760746155691
vn 0.1739760786799855 0.9389289620263436 -0.29689177879366896
vn 0.1739760786799855 0.9389289620263436 -0.29689177879366896
vn 0.16931807918512282 0.9666236595446486 -0.1922760746155691
vn 0.17411852981899872 0.9097526465129702 -0.3768724714493186
vn 0.1739760786799855 0.9389289620263436 -0.29689177879366896
vn 0.17411852981899872 0.9097526465129702 -0.3768724714493186
vn 0.20726801532573455 0.938026133709203 -0.27775338396047633
vn 0.20726801532573455 0.938026133709203 -0.27775338396047633
vn 0.17411852981899872 0.9097526465129702 -0.3768724714493186
vn 0.22205162251018842 0.8689116914904632 -0.44236359403976117
vn 0.20726801532573455 0.938026133709203 -0.27775338396047633
vn 0.22205162251018842 0.8689116914904632 -0.44236359403976117
vn 0.23738418200528033 0.9376681321036322 -0.2538251842725018
vn 0.23738418200528033 0.9376681321036322 -0.2538251842725018
vn 0.22205162251018842 0.8689116914904632 -0.44236359403976117
vn 0.2699744452945115 0.8670255104990771 -0.41878462606898065
vn 0.23738418200528033 0.9376681321036322 -0.2538251842725018
vn 0.2699744452945115 0.8670255104990771 -0.41878462606898065
vn 0.26366612707091136 0.9378079911391285 -0.2258237037846516
vn 0.26366612707091136 0.9378079911391285 -0.2258237037846516
vn 0.2699744452945115 0.8670255104990771 -0.41878462606898065
vn 0.31413295076329106 0.866135992714443 -0.3887530467653134
vn 0.26366612707091136 0.9378079911391285 -0.2258237037846516
vn 0.31413295076329106 0.866135992714443 -0.3887530467653134
vn 0.285665754192268 0.9383763792091439 -0.19453752292064305
vn 0.285665754192268 0.9383763792091439 -0.19453752292064305
vn 0.31413295076329106 0.866135992714443 -0.3887530467653134
vn 0.35372086443022915 0.8661527409267696 -0.3530736176093818
vn 0.285665754192268 0.9383763792091439 -0.19453752292064305
vn 0.35372086443022915 0.8661527409267696 -0.3530736176093818
vn 0.30349423857061875 0.939316730249697 -0.15992287962470617
vn 0.30349423857061875 0.939316730249697 -0.15992287962470617
vn 0.35372086443022915 0.8661527409267696 -0.3530736176093818
vn 0.38892290424534964 0.8669856286177523 -0.3115684424386455
vn 0.30349423857061875 0.939316730249697 -0.15992287962470617
vn 0.38892290424534964 0.8669856286177523 -0.3115684424386455
vn 0.3164537822486215 0.9405269549820651 -0.12355586045472225
vn 0.3164537822486215 0.9405269549820651 -0.12355586045472225
vn 0.38892290424534964 0.8669856286177523 -0.3115684424386455
vn 0.41827654213323057 0.868499683272414 -0.2659944256122384
vn 0.3164537822486215 0.9405269549820651 -0.12355586045472225
vn 0.41827654213323057 0.868499683272414 -0.2659944256122384
vn 0.32458064380097246 0.9419179680642364 -0.08624353371404854
vn 0.32458064380097246 0.9419179680642364 -0.08624353371404854
vn 0.41827654213323057 0.868499683272414 -0.2659944256122384
vn 0.44151467767818575 0.8705426589199414 -0.21730225124311578
vn 0.32458064380097246 0.9419179680642364 -0.08624353371404854
vn 0.44151467767818575 0.8705426589199414 -0.21730225124311578
vn 0.32802200569455775 0.9434117151278882 -0.048743199931639704
vn 0.32802200569455775 0.9434117151278882 -0.048743199931639704
vn 0.44151467767818575 0.8705426589199414 -0.21730225124311578
vn 0.45850696447706846 0.8729661567538289 -0.16643753389327137
vn 0.32802200569455775 0.9434117151278882 -0.048743199931639704
vn 0.45850696447706846 0.8729661567538289 -0.16643753389327137
vn 0.3270146482242354 0.9449460910309968 -0.011760310030720299
vn 0.3270146482242354 0.9449460910309968 -0.011760310030720299
vn 0.45850696447706846 0.8729661567538289 -0.16643753389327137
vn 0.46924438482771175 0.8756342420183776 -0.1143432617715772
vn 0.22205162251018842 0.8689116914904632 -0.44236359403976117
vn 0.17411852981899872 0.9097526465129702 -0.3768724714493186
vn 0.17140580478439382 0.8718454122063823 -0.45880892242947674
vn 0.17140580478439382 0.8718454122063823 -0.45880892242947674
vn 0.17411852981899872 0.9097526465129702 -0.3768724714493186
vn 0.16238969435314582 0.8204169208141459 -0.5482204512873697
vn 0.17140580478439382 0.8718454122063823 -0.45880892242947674
vn 0.16238969435314582 0.8204169208141459 -0.5482204512873697
vn 0.22205162251018842 0.8689116914904632 -0.44236359403976117
vn 0.22205162251018842 0.8689116914904632 -0.44236359403976117
vn 0.16238969435314582 0.8204169208141459 -0.5482204512873697
vn 0.2197025330598281 0.7737447835423307 -0.5941799448888587
vn 0.22205162251018842 0.8689116914904632 -0.44236359403976117
vn 0.2197025330598281 0.7737447835423307 -0.5941799448888587
vn 0.2699744452945115 0.8670255104990771 -0.41878462606898065
vn 0.2699744452945115 0.8670255104990771 -0.41878462606898065
vn 0.2197025330598281 0.7737447835423307 -0.5941799448888587
vn 0.28380662178703325 0.7699564688811423 -0.5715075130371554
vn 0.2699744452945115 0.8670255104990771 -0.41878462606898065
vn 0.28380662178703325 0.7699564688811423 -0.5715075130371554
vn 0.31413295076329106 0.866135992714443 -0.3887530467653134
vn 0.31413295076329106 0.866135992714443 -0.3887530467653134
vn 0.28380662178703325 0.7699564688811423 -0.5715075130371554
vn 0.3443422541682012 0.767626030672236 -0.5405355575988959
vn 0.31413295076329106 0.866135992714443 -0.3887530467653134
vn 0.3443422541682012 0.767626030672236 -0.5405355575988959
vn 0.35372086443022915 0.8661527409267696 -0.3530736176093818
vn 0.35372086443022915 0.8661527409267696 -0.3530736176093818
vn 0.3443422541682012 0.767626030672236 -0.5405355575988959
vn 0.40026591462480454 0.7666359780226987 -0.5020522630072977
vn 0.35372086443022915 0.8661527409267696 -0.3530736176093818
vn 0.40026591462480454 0.7666359780226987 -0.5020522630072977
vn 0.38892290424534964 0.8669856286177523 -0.3115684424386455
vn 0.38892290424534964 0.8669856286177523 -0.3115684424386455
vn 0.40026591462480454 0.7666359780226987 -0.5020522630072977
vn 0.4519256222578465 0.7668578402775377 -0.4557326900187531
vn 0.38892290424534964 0.8669856286177523 -0.3115684424386455
vn 0.4519256222578465 0.7668578402775377 -0.4557326900187531
vn 0.41827654213323057 0.868499683272414 -0.2659944256122384
vn 0.41827654213323057 0.868499683272414 -0.2659944256122384
vn 0.4519256222578465 0.7668578402775377 -0.4557326900187531
vn 0.49721885214936584 0.7681533173528289 -0.40337810315770856
vn 0.41827654213323057 0.868499683272414 -0.2659944256122384
vn 0.49721885214936584 0.7681533173528289 -0.40337810315770856
vn 0.44151467767818575 0.8705426589199414 -0.21730225124311578
vn 0.44151467767818575 0.8705426589199414 -0.21730225124311578
vn 0.49721885214936584 0.7681533173528289 -0.40337810315770856
vn 0.5356323786918767 0.7703328826319427 -0.3459554954511397
vn 0.44151467767818575 0.8705426589199414 -0.21730225124311578
vn 0.5356323786918767 0.7703328826319427 -0.3459554954511397
vn 0.45850696447706846 0.8729661567538289 -0.16643753389327137
vn 0.45850696447706846 0.8729661567538289 -0.16643753389327137
vn 0.5356323786918767 0.7703328826319427 -0.3459554954511397
vn 0.566778966534708 0.7732046365090991 -0.28445771772739875
vn 0.45850696447706846 0.8729661567538289 -0.16643753389327137
vn 0.566778966534708 0.7732046365090991 -0.28445771772739875
vn 0.46924438482771175 0.8756342420183776 -0.1143432617715772
vn 0.46924438482771175 0.8756342420183776 -0.1143432617715772
vn 0.566778966534708 0.7732046365090991 -0.28445771772739875
vn 0.5903838398521034 0.7765829723168083 -0.21992227888296667
vn 0.2197025330598281 0.7737447835423307 -0.5941799448888587
vn 0.16238969435314582 0.8204169208141459 -0.5482204512873697
vn 0.15332996681454245 0.7790666735396816 -0.6079021627338287
vn 0.15332996681454245 0.7790666735396816 -0.6079021627338287
vn 0.16238969435314582 0.8204169208141459 -0.5482204512873697
vn 0.12881036183443628 0.7011764689490038 -0.7012556239177612
vn 0.15332996681454245 0.7790666735396816 -0.6079021627338287
vn 0.12881036183443628 0.7011764689490038 -0.7012556239177612
vn 0.2197025330598281 0.7737447835423307 -0.5941799448888587
vn 0.2197025330598281 0.7737447835423307 -0.5941799448888587
vn 0.12881036183443628 0.7011764689490038 -0.7012556239177612
vn 0.195955408526811 0.655195229275128 -0.7296031040258829
vn 0.2197025330598281 0.7737447835423307 -0.5941799448888587
vn 0.195955408526811 0.655195229275128 -0.7296031040258829
vn 0.28380662178703325 0.7699564688811423 -0.5715075130371554
vn 0.28380662178703325 0.7699564688811423 -0.5715075130371554
vn 0.195955408526811 0.655195229275128 -0.7296031040258829
vn 0.2742422621349766 0.6498545645770437 -0.7088583966896856
vn 0.28380662178703325 0.7699564688811423 -0.5715075130371554
vn 0.2742422621349766 0.6498545645770437 -0.7088583966896856
vn 0.3443422541682012 0.767626030672236 -0.5405355575988959
vn 0.3443422541682012 0.767626030672236 -0.5405355575988959
vn 0.2742422621349766 0.6498545645770437 -0.7088583966896856
vn 0.34926220720246426 0.646240710205517 -0.6785196055333493
vn 0.3443422541682012 0.767626030672236 -0.5405355575988959
vn 0.34926220720246426 0.646240710205517 -0.6785196055333493
vn 0.40026591462480454 0.7666359780226987 -0.5020522630072977
vn 0.40026591462480454 0.7666359780226987 -0.5020522630072977
vn 0.34926220720246426 0.646240710205517 -0.6785196055333493
vn 0.41984969289330165 0.6441965685664803 -0.6393254385870879
vn 0.40026591462480454 0.7666359780226987 -0.5020522630072977
vn 0.41984969289330165 0.6441965685664803 -0.6393254385870879
vn 0.4519256222578465 0.7668578402775377 -0.4557326900187531
vn 0.4519256222578465 0.7668578402775377 -0.4557326900187531
vn 0.41984969289330165 0.6441965685664803 -0.6393254385870879
vn 0.4865964584636952 0.6435515792673243 -0.5908174434062708
vn 0.4519256222578465 0.7668578402775377 -0.4557326900187531
vn 0.4865964584636952 0.6435515792673243 -0.5908174434062708
vn 0.49721885214936584 0.7681533173528289 -0.40337810315770856
vn 0.49721885214936584 0.7681533173528289 -0.40337810315770856
vn 0.4865964584636952 0.6435515792673243 -0.5908174434062708
vn 0.5469068968129113 0.6441837051255416 -0.5347150645616794
vn 0.49721885214936584 0.7681533173528289 -0.40337810315770856
vn 0.5469068968129113 0.6441837051255416 -0.5347150645616794
vn 0.5356323786918767 0.7703328826319427 -0.3459554954511397
vn 0.5356323786918767 0.7703328826319427 -0.3459554954511397
vn 0.5469068968129113 0.6441837051255416 -0.5347150645616794
vn 0.600106717887731 0.6458984036010791 -0.47189742462911666
vn 0.5356323786918767 0.7703328826319427 -0.3459554954511397
vn 0.600106717887731 0.6458984036010791 -0.47189742462911666
vn 0.566778966534708 0.7732046365090991 -0.28445771772739875
vn 0.566778966534708 0.7732046365090991 -0.28445771772739875
vn 0.600106717887731 0.6458984036010791 -0.47189742462911666
vn 0.6456105836694015 0.6485007533470455 -0.4032787462318953
vn 0.566778966534708 0.7732046365090991 -0.28445771772739875
vn 0.6456105836694015 0.6485007533470455 -0.4032787462318953
vn 0.5903838398521034 0.7765829723168083 -0.21992227888296667
vn 0.5903838398521034 0.7765829723168083 -0.21992227888296667
vn 0.6456105836694015 0.6485007533470455 -0.4032787462318953
vn 0.6829046483382905 0.651798415304643 -0.3298485517389943
vn 0.195955408526811 0.655195229275128 -0.7296031040258829
vn 0.12881036183443628 0.7011764689490038 -0.7012556239177612
vn 0.11584082171918413 0.6623961287198206 -0.7401434135898387
vn 0.11584082171918413 0.6623961287198206 -0.7401434135898387
vn 0.12881036183443628 0.7011764689490038 -0.7012556239177612
vn 0.06914576982549919 0.5542572216415129 -0.8294683808159716
vn 0.11584082171918413 0.6623961287198206 -0.7401434135898387
vn 0.06914576982549919 0.5542572216415129 -0.8294683808159716
vn 0.195955408526811 0.655195229275128 -0.7296031040258829
vn 0.195955408526811 0.655195229275128 -0.7296031040258829
vn 0.06914576982549919 0.5542572216415129 -0.8294683808159716
vn 0.14808164128198845 0.515631303859223 -0.8439171677337001
vn 0.195955408526811 0.655195229275128 -0.7296031040258829
vn 0.14808164128198845 0.515631303859223 -0.8439171677337001
vn 0.2742422621349766 0.6498545645770437 -0.7088583966896856
vn 0.2742422621349766 0.6498545645770437 -0.7088583966896856
vn 0.14808164128198845 0.515631303859223 -0.8439171677337001
vn 0.2380518158297952 0.5096833088631254 -0.8267734016321966
vn 0.2742422621349766 0.6498545645770437 -0.7088583966896856
vn 0.2380518158297952 0.5096833088631254 -0.8267734016321966
vn 0.34926220720246426 0.646240710205517 -0.6785196055333493
vn 0.34926220720246426 0.646240710205517 -0.6785196055333493
vn 0.2380518158297952 0.5096833088631254 -0.8267734016321966
vn 0.3251556469948979 0.505431058177075 -0.7992579375003613
vn 0.34926220720246426 0.646240710205517 -0.6785196055333493
vn 0.3251556469948979 0.505431058177075 -0.7992579375003613
vn 0.41984969289330165 0.6441965685664803 -0.6393254385870879
vn 0.41984969289330165 0.6441965685664803 -0.6393254385870879
vn 0.3251556469948979 0.505431058177075 -0.7992579375003613
vn 0.4082040153071216 0.5026799394050255 -0.7620251704549549
vn 0.41984969289330165 0.6441965685664803 -0.6393254385870879
vn 0.4082040153071216 0.5026799394050255 -0.7620251704549549
vn 0.4865964584636952 0.6435515792673243 -0.5908174434062708
vn 0.4865964584636952 0.6435515792673243 -0.5908174434062708
vn 0.4082040153071216 0.5026799394050255 -0.7620251704549549
vn 0.48808204654143095 0.5012282084469583 -0.7145251562408288
vn 0.4865964584636952 0.6435515792673243 -0.5908174434062708
vn 0.48808204654143095 0.5012282084469583 -0.7145251562408288
vn 0.5469068968129113 0.6441837051255416 -0.5347150645616794
vn 0.5469068968129113 0.6441837051255416 -0.5347150645616794
vn 0.48808204654143095 0.5012282084469583 -0.7145251562408288
vn 0.5618542357761943 0.5009800128799272 -0.6582847745734186
vn 0.5469068968129113 0.6441837051255416 -0.5347150645616794
vn 0.5618542357761943 0.5009800128799272 -0.6582847745734186
vn 0.600106717887731 0.6458984036010791 -0.47189742462911666
vn 0.600106717887731 0.6458984036010791 -0.47189742462911666
vn 0.5618542357761943 0.5009800128799272 -0.6582847745734186
vn 0.628777263418093 0.5017657859012367 -0.5940288285153914
vn 0.600106717887731 0.6458984036010791 -0.47189742462911666
vn 0.628777263418093 0.5017657859012367 -0.5940288285153914
vn 0.6456105836694015 0.6485007533470455 -0.4032787462318953
vn 0.6456105836694015 0.6485007533470455 -0.4032787462318953
vn 0.628777263418093 0.5017657859012367 -0.5940288285153914
vn 0.6881516006434284 0.5034236927467797 -0.5225054641944746
vn 0.6456105836694015 0.6485007533470455 -0.4032787462318953
vn 0.6881516006434284 0.5034236927467797 -0.5225054641944746
vn 0.6829046483382905 0.651798415304643 -0.3298485517389943
vn 0.6829046483382905 0.651798415304643 -0.3298485517389943
vn 0.6881516006434284 0.5034236927467797 -0.5225054641944746
vn 0.7392912617482114 0.5057960824221186 -0.4445433086991359
vn 0.14808164128198845 0.515631303859223 -0.8439171677337001
vn 0.06914576982549919 0.5542572216415129 -0.8294683808159716
vn 0.056716543854952776 0.5234778034828966 -0.8501495297380756
vn 0.056716543854952776 0.5234778034828966 -0.8501495297380756
vn 0.06914576982549919 0.5542572216415129 -0.8294683808159716
vn -0.01318503049582938 0.38270663388132165 -0.9237758317655058
vn 0.056716543854952776 0.5234778034828966 -0.8501495297380756
vn -0.01318503049582938 0.38270663388132165 -0.9237758317655058
vn 0.14808164128198845 0.515631303859223 -0.8439171677337001
vn 0.14808164128198845 0.515631303859223 -0.8439171677337001
vn -0.01318503049582938 0.38270663388132165 -0.9237758317655058
vn 0.08037511133768355 0.3584436718263552 -0.9300849292430747
vn 0.14808164128198845 0.515631303859223 -0.8439171677337001
vn 0.08037511133768355 0.3584436718263552 -0.9300849292430747
vn 0.2380518158297952 0.5096833088631254 -0.8267734016321966
vn 0.2380518158297952 0.5096833088631254 -0.8267734016321966
vn 0.08037511133768355 0.3584436718263552 -0.9300849292430747
vn 0.1787674396771756 0.3532303213885047 -0.9182976328854612
vn 0.2380518158297952 0.5096833088631254 -0.8267734016321966
vn 0.1787674396771756 0.3532303213885047 -0.9182976328854612
vn 0.3251556469948979 0.505431058177075 -0.7992579375003613
vn 0.3251556469948979 0.505431058177075 -0.7992579375003613
vn 0.1787674396771756 0.3532303213885047 -0.9182976328854612
vn 0.27473732390123273 0.3493479136438707 -0.8958099341312664
vn 0.3251556469948979 0.505431058177075 -0.7992579375003613
vn 0.27473732390123273 0.3493479136438707 -0.8958099341312664
vn 0.4082040153071216 0.5026799394050255 -0.7620251704549549
vn 0.4082040153071216 0.5026799394050255 -0.7620251704549549
vn 0.27473732390123273 0.3493479136438707 -0.8958099341312664
vn 0.3671504246491672 0.34659767031764 -0.8631747335333216
vn 0.4082040153071216 0.5026799394050255 -0.7620251704549549
vn 0.3671504246491672 0.34659767031764 -0.8631747335333216
vn 0.48808204654143095 0.5012282084469583 -0.7145251562408288
vn 0.48808204654143095 0.5012282084469583 -0.7145251562408288
vn 0.3671504246491672 0.34659767031764 -0.8631747335333216
vn 0.4571901583604664 0.34478208601955534 -0.8198185605719936
vn 0.48808204654143095 0.5012282084469583 -0.7145251562408288
vn 0.4571901583604664 0.34478208601955534 -0.8198185605719936
vn 0.5618542357761943 0.5009800128799272 -0.6582847745734186
vn 0.5618542357761943 0.5009800128799272 -0.6582847745734186
vn 0.4571901583604664 0.34478208601955534 -0.8198185605719936
vn 0.5417375093427398 0.34383571940638724 -0.7670055208611062
vn 0.5618542357761943 0.5009800128799272 -0.6582847745734186
vn 0.5417375093427398 0.34383571940638724 -0.7670055208611062
vn 0.628777263418093 0.5017657859012367 -0.5940288285153914
vn 0.628777263418093 0.5017657859012367 -0.5940288285153914
vn 0.5417375093427398 0.34383571940638724 -0.7670055208611062
vn 0.6200652631179825 0.3436359416705589 -0.7052895923424756
vn 0.628777263418093 0.5017657859012367 -0.5940288285153914
vn 0.6200652631179825 0.3436359416705589 -0.7052895923424756
vn 0.6881516006434284 0.5034236927467797 -0.5225054641944746
vn 0.6881516006434284 0.5034236927467797 -0.5225054641944746
vn 0.6200652631179825 0.3436359416705589 -0.7052895923424756
vn 0.6914524630672885 0.3440754212454671 -0.6352209031612033
vn 0.6881516006434284 0.5034236927467797 -0.5225054641944746
vn 0.6914524630672885 0.3440754212454671 -0.6352209031612033
vn 0.7392912617482114 0.5057960824221186 -0.4445433086991359
vn 0.7392912617482114 0.5057960824221186 -0.4445433086991359
vn 0.6914524630672885 0.3440754212454671 -0.6352209031612033
vn 0.7551367874107681 0.3450549540707738 -0.5574096437721191
vn 0.08037511133768355 0.3584436718263552 -0.9300849292430747
vn -0.01318503049582938 0.38270663388132165 -0.9237758317655058
vn -0.019027801559995724 0.3652228180223537 -0.9307256502125661
vn -0.019027801559995724 0.3652228180223537 -0.9307256502125661
vn -0.01318503049582938 0.38270663388132165 -0.9237758317655058
vn -0.09377480911927699 0.19416391577426742 -0.9764766556276941
vn -0.019027801559995724 0.3652228180223537 -0.9307256502125661
vn -0.09377480911927699 0.19416391577426742 -0.9764766556276941
vn -0.09058332313555115 0.19406397362876474 -0.9767977455487571
vn -0.09058332313555115 0.19406397362876474 -0.9767977455487571
vn -0.09377480911927699 0.19416391577426742 -0.9764766556276941
vn -0.1281795823689449 0 -0.9917509741178595
vn -0.09058332313555115 0.19406397362876474 -0.9767977455487571
vn -0.1281795823689449 0 -0.9917509741178595
vn 0.18934108628708984 0 -0.9819113773878092
vn 0.4808325890339237 0 -0.8768124208306665
vn 0.4109438723454846 0.18153578333190373 -0.8934035444029592
vn 0.18934108628708984 0 -0.9819113773878092
vn 0.18934108628708984 0 -0.9819113773878092
vn 0.4109438723454846 0.18153578333190373 -0.8934035444029592
vn 0.31483998557973414 0.18288704557326288 -0.9313582082322762
vn 0.18934108628708984 0 -0.9819113773878092
vn 0.31483998557973414 0.18288704557326288 -0.9313582082322762
vn 0.2170453984225537 0.1846759782133664 -0.9585332952456743
vn 0.2170453984225537 0.1846759782133664 -0.9585332952456743
vn 0.31483998557973414 0.18288704557326288 -0.9313582082322762
vn 0.3671504246491672 0.34659767031764 -0.8631747335333216
vn 0.2170453984225537 0.1846759782133664 -0.9585332952456743
vn 0.3671504246491672 0.34659767031764 -0.8631747335333216
vn 0.27473732390123273 0.3493479136438707 -0.8958099341312664
vn 0.7261579075231679 0 -0.6875279582253905
vn 0.6674623897829731 0.1796537140182365 -0.7226468717600983
vn 0.4808325890339237 0 -0.8768124208306665
vn 0.4808325890339237 0 -0.8768124208306665
vn 0.6674623897829731 0.1796537140182365 -0.7226468717600983
vn 0.5879237040487645 0.17997614992539981 -0.7886407950870985
vn 0.4808325890339237 0 -0.8768124208306665
vn 0.5879237040487645 0.17997614992539981 -0.7886407950870985
vn 0.5021920759623849 0.18058691772906674 -0.8456899455389698
vn 0.5021920759623849 0.18058691772906674 -0.8456899455389698
vn 0.5879237040487645 0.17997614992539981 -0.7886407950870985
vn 0.6200652631179825 0.3436359416705589 -0.7052895923424756
vn 0.5021920759623849 0.18058691772906674 -0.8456899455389698
vn 0.6200652631179825 0.3436359416705589 -0.7052895923424756
vn 0.5417375093427398 0.34383571940638724 -0.7670055208611062
vn 0.19374153267526975 0.9739995724239218 0.11742679180942872
vn 0 0.9868605572954819 0.16157425678136578
vn 0.14312429527396298 0.982302771280504 0.12081681024167576
vn 0.14312429527396298 0.982302771280504 0.12081681024167576
vn 0 0.9868605572954819 0.16157425678136578
vn -0.02995426810634529 0.9834653879820108 0.17860171461552635
vn 0.14312429527396298 0.982302771280504 0.12081681024167576
vn -0.02995426810634529 0.9834653879820108 0.17860171461552635
vn 0.15795951832561236 0.9817790830270355 0.10563438219128297
vn 0.15795951832561236 0.9817790830270355 0.10563438219128297
vn -0.02995426810634529 0.9834653879820108 0.17860171461552635
vn -0.010247679450110217 0.9831614516240337 0.18245148699424474
vn 0.15795951832561236 0.9817790830270355 0.10563438219128297
vn -0.010247679450110217 0.9831614516240337 0.18245148699424474
vn 0.1713711171793652 0.9812816974359321 0.08785311874914872
vn 0.1713711171793652 0.9812816974359321 0.08785311874914872
vn -0.010247679450110217 0.9831614516240337 0.18245148699424474
vn 0.010319219946136646 0.9830440324717417 0.18307906467261814
vn 0.1713711171793652 0.9812816974359321 0.08785311874914872
vn 0.010319219946136646 0.9830440324717417 0.18307906467261814
vn 0.18291316606836477 0.9807967968253068 0.06767877818093776
vn 0.18291316606836477 0.9807967968253068 0.06767877818093776
vn 0.010319219946136646 0.9830440324717417 0.18307906467261814
vn 0.031291020064270696 0.9831102770925804 0.18031931437948376
vn 0.18291316606836477 0.9807967968253068 0.06767877818093776
vn 0.031291020064270696 0.9831102770925804 0.18031931437948376
vn 0.19214462788930284 0.980316139404717 0.04539503052001451
vn 0.19214462788930284 0.980316139404717 0.04539503052001451
vn 0.031291020064270696 0.9831102770925804 0.18031931437948376
vn 0.05216570912805242 0.9833478869574104 0.17408524350893087
vn 0.19214462788930284 0.980316139404717 0.04539503052001451
vn 0.05216570912805242 0.9833478869574104 0.17408524350893087
vn 0.19863949771961412 0.9798396853349826 0.021366819799439035
vn 0.19863949771961412 0.9798396853349826 0.021366819799439035
vn 0.05216570912805242 0.9833478869574104 0.17408524350893087
vn 0.07239923450659858 0.9837373256604786 0.16437525648718618
vn 0.19863949771961412 0.9798396853349826 0.021366819799439035
vn 0.07239923450659858 0.9837373256604786 0.16437525648718618
vn 0.20200089146248623 0.9793773548550471 -0.003954319852008247
vn 0.20200089146248623 0.9793773548550471 -0.003954319852008247
vn 0.07239923450659858 0.9837373256604786 0.16437525648718618
vn 0.09141142431693562 0.9842545733524726 0.1512841245441548
vn 0.20200089146248623 0.9793773548550471 -0.003954319852008247
vn 0.09141142431693562 0.9842545733524726 0.1512841245441548
vn 0.20188162716290384 0.9789495819503028 -0.030025399470879448
vn 0.20188162716290384 0.9789495819503028 -0.030025399470879448
vn 0.09141142431693562 0.9842545733524726 0.1512841245441548
vn 0.10859682989345917 0.9848740545754779 0.13501786978452027
vn 0.20188162716290384 0.9789495819503028 -0.030025399470879448
vn 0.10859682989345917 0.9848740545754779 0.13501786978452027
vn 0.19815086258028658 0.9785939071210891 -0.05558957280074785
vn 0.19815086258028658 0.9785939071210891 -0.05558957280074785
vn 0.10859682989345917 0.9848740545754779 0.13501786978452027
vn 0.12302510859607771 0.9855538941691917 0.1163973553946357
vn 0.19815086258028658 0.9785939071210891 -0.05558957280074785
vn 0.12302510859607771 0.9855538941691917 0.1163973553946357
vn 0.19070331892589126 0.9783335996118628 -0.08059535979909083
vn 0.19070331892589126 0.9783335996118628 -0.08059535979909083
vn 0.12302510859607771 0.9855538941691917 0.1163973553946357
vn 0.13458592942274827 0.9862879333361307 0.09551303658118604
vn 0.19070331892589126 0.9783335996118628 -0.08059535979909083
vn 0.13458592942274827 0.9862879333361307 0.09551303658118604
vn 0.17953531263408834 0.9782047173293135 -0.10431971296000704
vn 0 0.9868605572954819 0.16157425678136578
vn -0.1911375785046612 0.9609036266695812 0.20032634958142853
vn -0.02995426810634529 0.9834653879820108 0.17860171461552635
vn -0.02995426810634529 0.9834653879820108 0.17860171461552635
vn -0.1911375785046612 0.9609036266695812 0.20032634958142853
vn -0.21087674266025142 0.9489252924592495 0.234673792179975
vn -0.02995426810634529 0.9834653879820108 0.17860171461552635
vn -0.21087674266025142 0.9489252924592495 0.234673792179975
vn -0.010247679450110217 0.9831614516240337 0.18245148699424474
vn -0.010247679450110217 0.9831614516240337 0.18245148699424474
vn -0.21087674266025142 0.9489252924592495 0.234673792179975
vn -0.18643264620548358 0.947987802404965 0.2579961141572214
vn -0.010247679450110217 0.9831614516240337 0.18245148699424474
vn -0.18643264620548358 0.947987802404965 0.2579961141572214
vn 0.010319219946136646 0.9830440324717417 0.18307906467261814
vn 0.010319219946136646 0.9830440324717417 0.18307906467261814
vn -0.18643264620548358 0.947987802404965 0.2579961141572214
vn -0.15893782786264696 0.9474741882690054 0.27754536464926416
vn 0.010319219946136646 0.9830440324717417 0.18307906467261814
vn -0.15893782786264696 0.9474741882690054 0.27754536464926416
vn 0.031291020064270696 0.9831102770925804 0.18031931437948376
vn 0.031291020064270696 0.9831102770925804 0.18031931437948376
vn -0.15893782786264696 0.9474741882690054 0.27754536464926416
vn -0.1288494169088317 0.9474382991972671 0.2928455172551627
vn 0.031291020064270696 0.9831102770925804 0.18031931437948376
vn -0.1288494169088317 0.9474382991972671 0.2928455172551627
vn 0.05216570912805242 0.9833478869574104 0.17408524350893087
vn 0.05216570912805242 0.9833478869574104 0.17408524350893087
vn -0.1288494169088317 0.9474382991972671 0.2928455172551627
vn -0.09669757493191433 0.947913752064666 0.30349480662603384
vn 0.05216570912805242 0.9833478869574104 0.17408524350893087
vn -0.09669757493191433 0.947913752064666 0.30349480662603384
vn 0.07239923450659858 0.9837373256604786 0.16437525648718618
vn 0.07239923450659858 0.9837373256604786 0.16437525648718618
vn -0.09669757493191433 0.947913752064666 0.30349480662603384
vn -0.06308714302735527 0.9489132765477136 0.3091659845069125
vn 0.07239923450659858 0.9837373256604786 0.16437525648718618
vn -0.06308714302735527 0.9489132765477136 0.3091659845069125
vn 0.09141142431693562 0.9842545733524726 0.1512841245441548
vn 0.09141142431693562 0.9842545733524726 0.1512841245441548
vn -0.06308714302735527 0.9489132765477136 0.3091659845069125
vn -0.02870415013013892 0.9504292766768312 0.30961308402724474
vn 0.09141142431693562 0.9842545733524726 0.1512841245441548
vn -0.02870415013013892 0.9504292766768312 0.30961308402724474
vn 0.10859682989345917 0.9848740545754779 0.13501786978452027
vn 0.10859682989345917 0.9848740545754779 0.13501786978452027
vn -0.02870415013013892 0.9504292766768312 0.30961308402724474
vn 0.005676819968984576 0.9524351998237949 0.30468830606317615
vn 0.10859682989345917 0.9848740545754779 0.13501786978452027
vn 0.005676819968984576 0.9524351998237949 0.30468830606317615
vn 0.12302510859607771 0.9855538941691917 0.1163973553946357
vn 0.12302510859607771 0.9855538941691917 0.1163973553946357
vn 0.005676819968984576 0.9524351998237949 0.30468830606317615
vn 0.038407637972255534 0.9548238342637927 0.29467999400566963
vn 0.12302510859607771 0.9855538941691917 0.1163973553946357
vn 0.038407637972255534 0.9548238342637927 0.29467999400566963
vn 0.13458592942274827 0.9862879333361307 0.09551303658118604
vn -0.1911375785046612 0.9609036266695812 0.20032634958142853
vn -0.37210252320578646 0.8982449634677528 0.2338711137115964
vn -0.21087674266025142 0.9489252924592495 0.234673792179975
vn -0.21087674266025142 0.9489252924592495 0.234673792179975
vn -0.37210252320578646 0.8982449634677528 0.2338711137115964
vn -0.3803695731826215 0.8801041230445326 0.28414031814736285
vn -0.21087674266025142 0.9489252924592495 0.234673792179975
vn -0.3803695731826215 0.8801041230445326 0.28414031814736285
vn -0.18643264620548358 0.947987802404965 0.2579961141572214
vn -0.18643264620548358 0.947987802404965 0.2579961141572214
vn -0.3803695731826215 0.8801041230445326 0.28414031814736285
vn -0.35112258966195387 0.8780558748910239 0.32516274017550295
vn -0.18643264620548358 0.947987802404965 0.2579961141572214
vn -0.35112258966195387 0.8780558748910239 0.32516274017550295
vn -0.15893782786264696 0.9474741882690054 0.27754536464926416
vn -0.15893782786264696 0.9474741882690054 0.27754536464926416
vn -0.35112258966195387 0.8780558748910239 0.32516274017550295
vn -0.3170260144795828 0.8766630760318392 0.36187892625239293
vn -0.15893782786264696 0.9474741882690054 0.27754536464926416
vn -0.3170260144795828 0.8766630760318392 0.36187892625239293
vn -0.1288494169088317 0.9474382991972671 0.2928455172551627
vn -0.1288494169088317 0.9474382991972671 0.2928455172551627
vn -0.3170260144795828 0.8766630760318392 0.36187892625239293
vn -0.27856934684921425 0.8760475709515707 0.3936238971732467
vn -0.1288494169088317 0.9474382991972671 0.2928455172551627
vn -0.27856934684921425 0.8760475709515707 0.3936238971732467
vn -0.09669757493191433 0.947913752064666 0.30349480662603384
vn -0.09669757493191433 0.947913752064666 0.30349480662603384
vn -0.27856934684921425 0.8760475709515707 0.3936238971732467
vn -0.23630864832605972 0.8763079015450213 0.4198126777695882
vn -0.09669757493191433 0.947913752064666 0.30349480662603384
vn -0.23630864832605972 0.8763079015450213 0.4198126777695882
vn -0.06308714302735527 0.9489132765477136 0.3091659845069125
vn -0.06308714302735527 0.9489132765477136 0.3091659845069125
vn -0.23630864832605972 0.8763079015450213 0.4198126777695882
vn -0.1908693625887676 0.8775168722889586 0.43992388577248326
vn -0.06308714302735527 0.9489132765477136 0.3091659845069125
vn -0.1908693625887676 0.8775168722889586 0.43992388577248326
vn -0.02870415013013892 0.9504292766768312 0.30961308402724474
vn -0.02870415013013892 0.9504292766768312 0.30961308402724474
vn -0.1908693625887676 0.8775168722889586 0.43992388577248326
vn -0.1429630521060028 0.8797209877972817 0.4534893045723474
vn -0.02870415013013892 0.9504292766768312 0.30961308402724474
vn -0.1429630521060028 0.8797209877972817 0.4534893045723474
vn 0.005676819968984576 0.9524351998237949 0.30468830606317615
vn 0.005676819968984576 0.9524351998237949 0.30468830606317615
vn -0.1429630521060028 0.8797209877972817 0.4534893045723474
vn -0.09341381993698512 0.8829396734770543 0.46009932758591776
vn 0.005676819968984576 0.9524351998237949 0.30468830606317615
vn -0.09341381993698512 0.8829396734770543 0.46009932758591776
vn 0.038407637972255534 0.9548238342637927 0.29467999400566963
vn -0.37210252320578646 0.8982449634677528 0.2338711137115964
vn -0.5361886083287738 0.8024168102540642 0.26197144676499784
vn -0.3803695731826215 0.8801041230445326 0.28414031814736285
vn -0.3803695731826215 0.8801041230445326 0.28414031814736285
vn -0.5361886083287738 0.8024168102540642 0.26197144676499784
vn -0.5324056665375007 0.7810926321182843 0.32624914756867957
vn -0.3803695731826215 0.8801041230445326 0.28414031814736285
vn -0.5324056665375007 0.7810926321182843 0.32624914756867957
vn -0.35112258966195387 0.8780558748910239 0.32516274017550295
vn -0.35112258966195387 0.8780558748910239 0.32516274017550295
vn -0.5324056665375007 0.7810926321182843 0.32624914756867957
vn -0.49813562196109573 0.7780998877210447 0.3826505806371264
vn -0.35112258966195387 0.8780558748910239 0.32516274017550295
vn -0.49813562196109573 0.7780998877210447 0.3826505806371264
vn -0.3170260144795828 0.8766630760318392 0.36187892625239293
vn -0.3170260144795828 0.8766630760318392 0.36187892625239293
vn -0.49813562196109573 0.7780998877210447 0.3826505806371264
vn -0.45764839908884747 0.775910620323785 0.43418964989987263
vn -0.3170260144795828 0.8766630760318392 0.36187892625239293
vn -0.45764839908884747 0.775910620323785 0.43418964989987263
vn -0.27856934684921425 0.8760475709515707 0.3936238971732467
vn -0.27856934684921425 0.8760475709515707 0.3936238971732467
vn -0.45764839908884747 0.775910620323785 0.43418964989987263
vn -0.4115033382955917 0.7746893641576099 0.48012643296600743
vn -0.27856934684921425 0.8760475709515707 0.3936238971732467
vn -0.4115033382955917 0.7746893641576099 0.48012643296600743
vn -0.23630864832605972 0.8763079015450213 0.4198126777695882
vn -0.23630864832605972 0.8763079015450213 0.4198126777695882
vn -0.4115033382955917 0.7746893641576099 0.48012643296600743
vn -0.36029473178053173 0.7745803048189854 0.5198202166496818
vn -0.23630864832605972 0.8763079015450213 0.4198126777695882
vn -0.36029473178053173 0.7745803048189854 0.5198202166496818
vn -0.1908693625887676 0.8775168722889586 0.43992388577248326
vn -0.1908693625887676 0.8775168722889586 0.43992388577248326
vn -0.36029473178053173 0.7745803048189854 0.5198202166496818
vn -0.3046516124348074 0.7757063962280909 0.5526906746921826
vn -0.1908693625887676 0.8775168722889586 0.43992388577248326
vn -0.3046516124348074 0.7757063962280909 0.5526906746921826
vn -0.1429630521060028 0.8797209877972817 0.4534893045723474
vn -0.1429630521060028 0.8797209877972817 0.4534893045723474
vn -0.3046516124348074 0.7757063962280909 0.5526906746921826
vn -0.24526005511149362 0.7781706302547193 0.5781850703500394
vn -0.1429630521060028 0.8797209877972817 0.4534893045723474
vn -0.24526005511149362 0.7781706302547193 0.5781850703500394
vn -0.09341381993698512 0.8829396734770543 0.46009932758591776
vn -0.5361886083287738 0.8024168102540642 0.26197144676499784
vn -0.6779485253301099 0.6778798011756123 0.2843673190801671
vn -0.5324056665375007 0.7810926321182843 0.32624914756867957
vn -0.5324056665375007 0.7810926321182843 0.32624914756867957
vn -0.6779485253301099 0.6778798011756123 0.2843673190801671
vn -0.6624439941321917 0.6566687809023279 0.36049142406781215
vn -0.5324056665375007 0.7810926321182843 0.32624914756867957
vn -0.6624439941321917 0.6566687809023279 0.36049142406781215
vn -0.49813562196109573 0.7780998877210447 0.3826505806371264
vn -0.49813562196109573 0.7780998877210447 0.3826505806371264
vn -0.6624439941321917 0.6566687809023279 0.36049142406781215
vn -0.6231991152631118 0.6534244522997982 0.42972008083400465
vn -0.49813562196109573 0.7780998877210447 0.3826505806371264
vn -0.6231991152631118 0.6534244522997982 0.42972008083400465
vn -0.45764839908884747 0.775910620323785 0.43418964989987263
vn -0.45764839908884747 0.775910620323785 0.43418964989987263
vn -0.6231991152631118 0.6534244522997982 0.42972008083400465
vn -0.5767511113865266 0.6509888154638734 0.49352985487744244
vn -0.45764839908884747 0.775910620323785 0.43418964989987263
vn -0.5767511113865266 0.6509888154638734 0.49352985487744244
vn -0.4115033382955917 0.7746893641576099 0.48012643296600743
vn -0.4115033382955917 0.7746893641576099 0.48012643296600743
vn -0.5767511113865266 0.6509888154638734 0.49352985487744244
vn -0.5237488820576821 0.6495266052382225 0.551182635458555
vn -0.4115033382955917 0.7746893641576099 0.48012643296600743
vn -0.5237488820576821 0.6495266052382225 0.551182635458555
vn -0.36029473178053173 0.7745803048189854 0.5198202166496818
vn -0.36029473178053173 0.7745803048189854 0.5198202166496818
vn -0.5237488820576821 0.6495266052382225 0.551182635458555
vn -0.46483356667016895 0.6491890080207525 0.6020659325702801
vn -0.36029473178053173 0.7745803048189854 0.5198202166496818
vn -0.46483356667016895 0.6491890080207525 0.6020659325702801
vn -0.3046516124348074 0.7757063962280909 0.5526906746921826
vn -0.3046516124348074 0.7757063962280909 0.5526906746921826
vn -0.46483356667016895 0.6491890080207525 0.6020659325702801
vn -0.4006333562807061 0.6501160719937408 0.6456330279428756
vn -0.3046516124348074 0.7757063962280909 0.5526906746921826
vn -0.4006333562807061 0.6501160719937408 0.6456330279428756
vn -0.24526005511149362 0.7781706302547193 0.5781850703500394
vn -0.6779485253301099 0.6778798011756123 0.2843673190801671
vn -0.7929055759079269 0.529833023344605 0.30096131822484073
vn -0.6624439941321917 0.6566687809023279 0.36049142406781215
vn -0.6624439941321917 0.6566687809023279 0.36049142406781215
vn -0.7929055759079269 0.529833023344605 0.30096131822484073
vn -0.7672232790758144 0.5117112268263864 0.38667823882911917
vn -0.6624439941321917 0.6566687809023279 0.36049142406781215
vn -0.7672232790758144 0.5117112268263864 0.38667823882911917
vn -0.6231991152631118 0.6534244522997982 0.42972008083400465
vn -0.6231991152631118 0.6534244522997982 0.42972008083400465
vn -0.7672232790758144 0.5117112268263864 0.38667823882911917
vn -0.7235737522076142 0.5090734418257508 0.46613866600388143
vn -0.6231991152631118 0.6534244522997982 0.42972008083400465
vn -0.7235737522076142 0.5090734418257508 0.46613866600388143
vn -0.5767511113865266 0.6509888154638734 0.49352985487744244
vn -0.5767511113865266 0.6509888154638734 0.49352985487744244
vn -0.7235737522076142 0.5090734418257508 0.46613866600388143
vn -0.6720126317476917 0.5070925985887912 0.5396814979485662
vn -0.5767511113865266 0.6509888154638734 0.49352985487744244
vn -0.6720126317476917 0.5070925985887912 0.5396814979485662
vn -0.5237488820576821 0.6495266052382225 0.551182635458555
vn -0.5237488820576821 0.6495266052382225 0.551182635458555
vn -0.6720126317476917 0.5070925985887912 0.5396814979485662
vn -0.6132752883068354 0.505896626889429 0.6065987336403412
vn -0.5237488820576821 0.6495266052382225 0.551182635458555
vn -0.6132752883068354 0.505896626889429 0.6065987336403412
vn -0.46483356667016895 0.6491890080207525 0.6020659325702801
vn -0.46483356667016895 0.6491890080207525 0.6020659325702801
vn -0.6132752883068354 0.505896626889429 0.6065987336403412
vn -0.5480492155878318 0.5056082047962716 0.6663350512589395
vn -0.46483356667016895 0.6491890080207525 0.6020659325702801
vn -0.5480492155878318 0.5056082047962716 0.6663350512589395
vn -0.4006333562807061 0.6501160719937408 0.6456330279428756
vn -0.7929055759079269 0.529833023344605 0.30096131822484073
vn -0.8777499338067968 0.3636443970633433 0.3119580199106948
vn -0.7672232790758144 0.5117112268263864 0.38667823882911917
vn -0.7672232790758144 0.5117112268263864 0.38667823882911917
vn -0.8777499338067968 0.3636443970633433 0.3119580199106948
vn -0.8443393812313885 0.35092163522495134 0.4049012413327998
vn -0.7672232790758144 0.5117112268263864 0.38667823882911917
vn -0.8443393812313885 0.35092163522495134 0.4049012413327998
vn -0.7235737522076142 0.5090734418257508 0.46613866600388143
vn -0.7235737522076142 0.5090734418257508 0.46613866600388143
vn -0.8443393812313885 0.35092163522495134 0.4049012413327998
vn -0.7973892852139134 0.3494722020708597 0.49197510892908863
vn -0.7235737522076142 0.5090734418257508 0.46613866600388143
vn -0.7973892852139134 0.3494722020708597 0.49197510892908863
vn -0.6720126317476917 0.5070925985887912 0.5396814979485662
vn -0.6720126317476917 0.5070925985887912 0.5396814979485662
vn -0.7973892852139134 0.3494722020708597 0.49197510892908863
vn -0.741995504262332 0.3484214203181002 0.5727522898409095
vn -0.6720126317476917 0.5070925985887912 0.5396814979485662
vn -0.741995504262332 0.3484214203181002 0.5727522898409095
vn -0.6132752883068354 0.505896626889429 0.6065987336403412
vn -0.6132752883068354 0.505896626889429 0.6065987336403412
vn -0.741995504262332 0.3484214203181002 0.5727522898409095
vn -0.6789606574520333 0.3478415189939833 0.6465436592344412
vn -0.6132752883068354 0.505896626889429 0.6065987336403412
vn -0.6789606574520333 0.3478415189939833 0.6465436592344412
vn -0.5480492155878318 0.5056082047962716 0.6663350512589395
vn -0.8777499338067968 0.3636443970633433 0.3119580199106948
vn -0.9299210467211005 0.18490982368304928 0.317891811738894
vn -0.8443393812313885 0.35092163522495134 0.4049012413327998
vn -0.8443393812313885 0.35092163522495134 0.4049012413327998
vn -0.9299210467211005 0.18490982368304928 0.317891811738894
vn -0.8918590108584835 0.1787985744161281 0.41547391559192665
vn -0.8443393812313885 0.35092163522495134 0.4049012413327998
vn -0.8918590108584835 0.1787985744161281 0.41547391559192665
vn -0.7973892852139134 0.3494722020708597 0.49197510892908863
vn -0.7973892852139134 0.3494722020708597 0.49197510892908863
vn -0.8918590108584835 0.1787985744161281 0.41547391559192665
vn -0.8430232897102319 0.1784893699194208 0.5073985394459729
vn -0.7973892852139134 0.3494722020708597 0.49197510892908863
vn -0.8430232897102319 0.1784893699194208 0.5073985394459729
vn -0.741995504262332 0.3484214203181002 0.5727522898409095
vn -0.741995504262332 0.3484214203181002 0.5727522898409095
vn -0.8430232897102319 0.1784893699194208 0.5073985394459729
vn -0.7853555645459299 0.17831872326736412 0.5928060982893488
vn -0.741995504262332 0.3484214203181002 0.5727522898409095
vn -0.7853555645459299 0.17831872326736412 0.5928060982893488
vn -0.6789606574520333 0.3478415189939833 0.6465436592344412
vn 0.18934108628708984 0 -0.9819113773878092
vn 0.2170453984225537 0.1846759782133664 -0.9585332952456743
vn 0.11614039114051819 0.18703617668988234 -0.9754634171279609
vn 0.11614039114051819 0.18703617668988234 -0.9754634171279609
vn 0.2170453984225537 0.1846759782133664 -0.9585332952456743
vn 0.27473732390123273 0.3493479136438707 -0.8958099341312664
vn 0.11614039114051819 0.18703617668988234 -0.9754634171279609
vn 0.27473732390123273 0.3493479136438707 -0.8958099341312664
vn 0.1787674396771756 0.3532303213885047 -0.9182976328854612
vn 0.4808325890339237 0 -0.8768124208306665
vn 0.5021920759623849 0.18058691772906674 -0.8456899455389698
vn 0.4109438723454846 0.18153578333190373 -0.8934035444029592
vn 0.4109438723454846 0.18153578333190373 -0.8934035444029592
vn 0.5021920759623849 0.18058691772906674 -0.8456899455389698
vn 0.5417375093427398 0.34383571940638724 -0.7670055208611062
vn 0.4109438723454846 0.18153578333190373 -0.8934035444029592
vn 0.5417375093427398 0.34383571940638724 -0.7670055208611062
vn 0.4571901583604664 0.34478208601955534 -0.8198185605719936
vn 0.7261579075231679 0 -0.6875279582253905
vn 0.7400561536716482 0.17957800543270105 -0.6481270163922643
vn 0.6674623897829731 0.1796537140182365 -0.7226468717600983
vn 0.6674623897829731 0.1796537140182365 -0.7226468717600983
vn 0.7400561536716482 0.17957800543270105 -0.6481270163922643
vn 0.7551367874107681 0.3450549540707738 -0.5574096437721191
vn 0.6674623897829731 0.1796537140182365 -0.7226468717600983
vn 0.7551367874107681 0.3450549540707738 -0.5574096437721191
vn 0.6914524630672885 0.3440754212454671 -0.6352209031612033
vn 0.32187193337269454 0.9464776429256958 0.02405264951606593
vn 0.47383460213802053 0.8784313166924103 -0.061961211017396434
vn 0.3129749844538944 0.9479825942474871 0.05810043123668643
vn 0.3129749844538944 0.9479825942474871 0.05810043123668643
vn 0.47383460213802053 0.8784313166924103 -0.061961211017396434
vn 0.47250608077720235 0.8812680927773296 -0.010225080986262576
vn 0.47383460213802053 0.8784313166924103 -0.061961211017396434
vn 0.6062926451077529 0.7802967769134032 -0.15344760808432018
vn 0.47250608077720235 0.8812680927773296 -0.010225080986262576
vn 0.47250608077720235 0.8812680927773296 -0.010225080986262576
vn 0.6062926451077529 0.7802967769134032 -0.15344760808432018
vn 0.6144935445193472 0.7841989342479744 -0.08619579611785037
vn 0.6062926451077529 0.7802967769134032 -0.15344760808432018
vn 0.7115593129080262 0.655606643361296 -0.25271183865104546
vn 0.6144935445193472 0.7841989342479744 -0.08619579611785037
vn 0.6144935445193472 0.7841989342479744 -0.08619579611785037
vn 0.7115593129080262 0.655606643361296 -0.25271183865104546
vn 0.7312683994334236 0.6597562373818074 -0.17311335946679357
vn 0.7115593129080262 0.655606643361296 -0.25271183865104546
vn 0.7815306252615392 0.5087289257056735 -0.36111599511605524
vn 0.7312683994334236 0.6597562373818074 -0.17311335946679357
vn 0.7312683994334236 0.6597562373818074 -0.17311335946679357
vn 0.7815306252615392 0.5087289257056735 -0.36111599511605524
vn 0.8142690375298275 0.5120746315197036 -0.2733962440748012
vn 0.8048503229182835 0.17971120395803125 -0.5656145691814257
vn 0.8609054760172714 0.1800166533290329 -0.47585267246038465
vn 0.8561307752383585 0.3482514903405302 -0.38178658327050585
vn 0.7815306252615392 0.5087289257056735 -0.36111599511605524
vn 0.8103057068320998 0.346478429092346 -0.47260698222627995
vn 0.8142690375298275 0.5120746315197036 -0.2733962440748012
vn 0.8142690375298275 0.5120746315197036 -0.2733962440748012
vn 0.8103057068320998 0.346478429092346 -0.47260698222627995
vn 0.8561307752383585 0.3482514903405302 -0.38178658327050585
vn 0.8103057068320998 0.346478429092346 -0.47260698222627995
vn 0.8048503229182835 0.17971120395803125 -0.5656145691814257
vn 0.8561307752383585 0.3482514903405302 -0.38178658327050585
vn 0.6674623897829731 0.1796537140182365 -0.7226468717600983
vn 0.6914524630672885 0.3440754212454671 -0.6352209031612033
vn 0.5879237040487645 0.17997614992539981 -0.7886407950870985
vn 0.5879237040487645 0.17997614992539981 -0.7886407950870985
vn 0.6914524630672885 0.3440754212454671 -0.6352209031612033
vn 0.6200652631179825 0.3436359416705589 -0.7052895923424756
vn 0.4109438723454846 0.18153578333190373 -0.8934035444029592
vn 0.4571901583604664 0.34478208601955534 -0.8198185605719936
vn 0.31483998557973414 0.18288704557326288 -0.9313582082322762
vn 0.31483998557973414 0.18288704557326288 -0.9313582082322762
vn 0.4571901583604664 0.34478208601955534 -0.8198185605719936
vn 0.3671504246491672 0.34659767031764 -0.8631747335333216
vn 0.18934108628708984 0 -0.9819113773878092
vn 0.11614039114051819 0.18703617668988234 -0.9754634171279609
vn 0.013163600067534982 0.19010658490792792 -0.9816752039284209
vn 0.013163600067534982 0.19010658490792792 -0.9816752039284209
vn 0.11614039114051819 0.18703617668988234 -0.9754634171279609
vn 0.1787674396771756 0.3532303213885047 -0.9182976328854612
vn 0.013163600067534982 0.19010658490792792 -0.9816752039284209
vn 0.1787674396771756 0.3532303213885047 -0.9182976328854612
vn 0.08037511133768355 0.3584436718263552 -0.9300849292430747
vn 0.04423369854455859 0.6883468650756018 0.7240317487884497
vn 0.0472165320780665 0.7062782227002213 0.706358033321585
vn -0.03199772970938715 0.6775739919567971 0.7347582124190073
vn 0.06847597607383572 0.8116287528327101 0.5801463679761819
vn 0.07280346221349766 0.8292466051118692 0.5541206762070584
vn 0.006986140181172471 0.8020800246082055 0.5971757094606824
vn 0.09546995999512613 0.9046271530059152 0.4153735677470837
vn 0.10090934443408016 0.9191492161833528 0.38076504907280084
vn 0.05129425873343843 0.8979769771207744 0.43704261529286054
vn -0.019027801559995724 0.3652228180223537 -0.9307256502125661
vn -0.09058332313555115 0.19406397362876474 -0.9767977455487571
vn 0.08037511133768355 0.3584436718263552 -0.9300849292430747
vn 0.08037511133768355 0.3584436718263552 -0.9300849292430747
vn -0.09058332313555115 0.19406397362876474 -0.9767977455487571
vn 0.013163600067534982 0.19010658490792792 -0.9816752039284209
vn -0.09058332313555115 0.19406397362876474 -0.9767977455487571
vn 0.18934108628708984 0 -0.9819113773878092
vn 0.013163600067534982 0.19010658490792792 -0.9816752039284209
vn -1 0 0
vn -1 0 0
vn -1 0 0
vn -1 0 0
vn -1 0 0
vn -1 0 0
vn -1 0 0
vn -1 0 0
vn -1 0 0
vn -1 0 0
vn -1 0 0
vn -1 0 0
vn -1 0 0
vn -1 0 0
vn -1 0 0
vn -1 0 0
vn -1 0 0
vn -1 0 0
vn -1 0 0
vn -1 0 0
vn -1 0 0
vn -1 0 0
vn -1 0 0
vn -1 0 0
vn -1 0 0
vn -1 0 0
vn -1 0 0
vn -1 0 0
vn -1 0 0
vn -1 0 0
vn -1 0 0
vn -1 0 0
vn -1 0 0
vn -1 0 0
vn -1 0 0
vn -1 0 0
vn -1 0 0
vn -1 0 0
vn -1 0 0
vn -1 0 0
vn -1 0 0
vn -1 0 0
vn -1 0 0
vn -1 0 0
vn -1 0 0
vn -1 0 0
vn -1 0 0
vn -1 0 0
vn -1 0 0
vn -1 0 0
vn -1 0 0
vn -1 0 0
vn -1 0 0
vn -1 0 0
vn -1 0 0
vn -1 0 0
vn -1 0 0
vn -1 0 0
vn -1 0 0
vn -1 0 0
vn -1 0 0
vn -1 0 0
vn -1 0 0
vn -1 0 0
vn -1 0 0
vn -1 0 0
vn -1 0 0
vn -1 0 0
vn -1 0 0
vn -1 0 0
vn -1 0 0
vn -1 0 0
vn -1 0 0
vn -1 0 0
vn -1 0 0
vn -1 0 0
vn -1 0 0
vn -1 0 0
vn -1 0 0
vn -1 0 0
vn -1 0 0
vn -1 0 0
vn -1 0 0
vn -1 0 0
vn -1 0 0
vn -1 0 0
vn -1 0 0
vn -1 0 0
vn -1 0 0
vn -1 0 0
vn -1 0 0
vn -1 0 0
vn -1 0 0
vn -1 0 0
vn -1 0 0
vn -1 0 0
vn -1 0 0
vn -1 0 0
vn -1 0 0
vn -1 0 0
vn -1 0 0
vn -1 0 0
vn -1 0 0
vn -1 0 0
vn -1 0 0
vn -1 0 0
vn -1 0 0
vn -1 0 0
vn 1 0 0
vn 1 0 0
vn 1 0 0
vn 1 0 0
vn 1 0 0
vn 1 0 0
vn 1 0 0
vn 1 0 0
vn 1 0 0
vn 1 0 0
vn 1 0 0
vn 1 0 0
vn 1 0 0
vn 1 0 0
vn 1 0 0
vn 1 0 0
vn 1 0 0
vn 1 0 0
vn 1 0 0
vn 1 0 0
vn 1 0 0
vn 1 0 0
vn 1 0 0
vn 1 0 0
vn 1 0 0
vn 1 0 0
vn 1 0 0
vn 1 0 0
vn 1 0 0
vn 1 0 0
vn 1 0 0
vn 1 0 0
vn 1 0 0
vn 1 0 0
vn 1 0 0
vn 1 0 0
vn 1 0 0
vn 1 0 0
vn 1 0 0
vn 1 0 0
vn 1 0 0
vn 1 0 0
vn 1 0 0
vn 1 0 0
vn 1 0 0
vn 1 0 0
vn 1 0 0
vn 1 0 0
vn 1 0 0
vn 1 0 0
vn 1 0 0
vn 1 0 0
vn 1 0 0
vn 1 0 0
vn 1 0 0
vn 1 0 0
vn 1 0 0
vn 1 0 0
vn 1 0 0
vn 1 0 0
vn 1 0 0
vn 1 0 0
vn 1 0 0
vn 1 0 0
vn 1 0 0
vn 1 0 0
vn 1 0 0
vn 1 0 0
vn 1 0 0
vn 1 0 0
vn 1 0 0
vn 1 0 0
vn 1 0 0
vn 1 0 0
vn 1 0 0
vn 1 0 0
vn 1 0 0
vn 1 0 0
vn 1 0 0
vn 1 0 0
vn 1 0 0
vn 1 0 0
vn 1 0 0
vn 1 0 0
vn 1 0 0
vn 1 0 0
vn 1 0 0
vn 1 0 0
vn 1 0 0
vn 1 0 0
vn 1 0 0
vn 1 0 0
vn 1 0 0
vn 1 0 0
vn 1 0 0
vn 1 0 0
vn 1 0 0
vn 1 0 0
vn 1 0 0
vn 1 0 0
vn 1 0 0
vn 1 0 0
vn 1 0 0
vn 1 0 0
vn 1 0 0
vn 1 0 0
vn 1 0 0
vn 1 0 0
vn 0 -1 0
vn 0 -1 0
vn 0 -0.9396926168497417 0.34202015414019754
vn 0 -0.9396926168497417 0.34202015414019754
vn 0 -1 0
vn 0 -0.9396926168497417 0.34202015414019754
vn 0 -0.9396926168497417 0.34202015414019754
vn 0 -0.9396926168497417 0.34202015414019754
vn 0 -0.7660444283313822 0.6427876273097093
vn 0 -0.7660444283313822 0.6427876273097093
vn 0 -0.9396926168497417 0.34202015414019754
vn 0 -0.7660444283313822 0.6427876273097093
vn 0 -0.7660444283313822 0.6427876273097093
vn 0 -0.7660444283313822 0.6427876273097093
vn 0 -0.5000000067305869 0.8660253998985324
vn 0 -0.5000000067305869 0.8660253998985324
vn 0 -0.7660444283313822 0.6427876273097093
vn 0 -0.5000000067305869 0.8660253998985324
vn 0 -0.5000000067305869 0.8660253998985324
vn 0 -0.5000000067305869 0.8660253998985324
vn 0 -0.17364819698482423 0.9848077496059419
vn 0 -0.17364819698482423 0.9848077496059419
vn 0 -0.5000000067305869 0.8660253998985324
vn 0 -0.17364819698482423 0.9848077496059419
vn 0 -0.17364819698482423 0.9848077496059419
vn 0 -0.17364819698482423 0.9848077496059419
vn 0 0.17364819698482423 0.9848077496059419
vn 0 0.17364819698482423 0.9848077496059419
vn 0 -0.17364819698482423 0.9848077496059419
vn 0 0.17364819698482423 0.9848077496059419
vn 0 0.17364819698482423 0.9848077496059419
vn 0 0.17364819698482423 0.9848077496059419
vn 0 0.5000000067305869 0.8660253998985324
vn 0 0.5000000067305869 0.8660253998985324
vn 0 0.17364819698482423 0.9848077496059419
vn 0 0.5000000067305869 0.8660253998985324
vn 0 0.5000000067305869 0.8660253998985324
vn 0 0.5000000067305869 0.8660253998985324
vn 0 0.7660444283313822 0.6427876273097093
vn 0 0.7660444283313822 0.6427876273097093
vn 0 0.5000000067305869 0.8660253998985324
vn 0 0.7660444283313822 0.6427876273097093
vn 0 0.7660444283313822 0.6427876273097093
vn 0 0.7660444283313822 0.6427876273097093
vn 0 0.9396926168497417 0.34202015414019754
vn 0 0.9396926168497417 0.34202015414019754
vn 0 0.7660444283313822 0.6427876273097093
vn 0 0.9396926168497417 0.34202015414019754
vn 0 0.9396926168497417 0.34202015414019754
vn 0 0.9396926168497417 0.34202015414019754
vn 0 1 0
vn 0 1 0
vn 0 0.9396926168497417 0.34202015414019754
vn 0 1 0
vn 0.2588190471264927 0 0.9659258257467466
vn 0.2588190471264927 0 0.9659258257467466
vn 0.2588190471264927 0 0.9659258257467466
vn 0.2588190471264927 0 0.9659258257467466
vn 0.2588190471264927 0 0.9659258257467466
vn 0.2588190471264927 0 0.9659258257467466
vn 0.2588190471264927 0 0.9659258257467466
vn 0.2588190471264927 0 0.9659258257467466
vn 0.2588190471264927 0 0.9659258257467466
vn 0.2588190471264927 0 0.9659258257467466
vn 0.2588190471264927 0 0.9659258257467466
vn 0.2588190471264927 0 0.9659258257467466
vn 0.2588190471264927 0 0.9659258257467466
vn 0.2588190471264927 0 0.9659258257467466
vn 0.2588190471264927 0 0.9659258257467466
vn 0.2588190471264927 0 0.9659258257467466
vn 0.2588190471264927 0 0.9659258257467466
vn 0.2588190471264927 0 0.9659258257467466
vn 0.2588190471264927 0 0.9659258257467466
vn 0.2588190471264927 0 0.9659258257467466
vn 0.2588190471264927 0 0.9659258257467466
vn 0.2588190471264927 0 0.9659258257467466
vn 0.2588190471264927 0 0.9659258257467466
vn 0.2588190471264927 0 0.9659258257467466
vn 0.2588190471264927 0 0.9659258257467466
vn 0.2588190471264927 0 0.9659258257467466
vn 0.2588190471264927 0 0.9659258257467466
vn 0.2588190471264927 0 0.9659258257467466
vn 0.2588190471264927 0 0.9659258257467466
vn 0.2588190471264927 0 0.9659258257467466
vn 0.2588190471264927 0 0.9659258257467466
vn 0.2588190471264927 0 0.9659258257467466
vn 0.2588190471264927 0 0.9659258257467466
vn 0.2588190471264927 0 0.9659258257467466
vn 0.2588190471264927 0 0.9659258257467466
vn 0.2588190471264927 0 0.9659258257467466
vn 0.2588190471264927 0 0.9659258257467466
vn 0.2588190471264927 0 0.9659258257467466
vn 0.2588190471264927 0 0.9659258257467466
vn 0.2588190471264927 0 0.9659258257467466
vn 0.2588190471264927 0 0.9659258257467466
vn 0.2588190471264927 0 0.9659258257467466
vn 0.2588190471264927 0 0.9659258257467466
vn 0.2588190471264927 0 0.9659258257467466
vn 0.2588190471264927 0 0.9659258257467466
vn 0.2588190471264927 0 0.9659258257467466
vn 0.2588190471264927 0 0.9659258257467466
vn 0.2588190471264927 0 0.9659258257467466
vn 0.2588190471264927 0 0.9659258257467466
vn 0.2588190471264927 0 0.9659258257467466
vn 0.2588190471264927 0 0.9659258257467466
vn 0.2588190471264927 0 0.9659258257467466
vn 0.2588190471264927 0 0.9659258257467466
vn 0.2588190471264927 0 0.9659258257467466
vn 0.2588190471264927 0 0.9659258257467466
vn 0.2588190471264927 0 0.9659258257467466
vn 0.2588190471264927 0 0.9659258257467466
vn 0.2588190471264927 0 0.9659258257467466
vn 0.2588190471264927 0 0.9659258257467466
vn 0.2588190471264927 0 0.9659258257467466
vn 0.2588190471264927 0 0.9659258257467466
vn 0.2588190471264927 0 0.9659258257467466
vn 0.2588190471264927 0 0.9659258257467466
vn 0.2588190471264927 0 0.9659258257467466
vn 0.2588190471264927 0 0.9659258257467466
vn 0.2588190471264927 0 0.9659258257467466
vn 0.2588190471264927 0 0.9659258257467466
vn 0.2588190471264927 0 0.9659258257467466
vn 0.2588190471264927 0 0.9659258257467466
vn 0.2588190471264927 0 0.9659258257467466
vn 0.2588190471264927 0 0.9659258257467466
vn 0.2588190471264927 0 0.9659258257467466
vn 0.2588190471264927 0 0.9659258257467466
vn 0.2588190471264927 0 0.9659258257467466
vn 0.2588190471264927 0 0.9659258257467466
vn 0.2588190471264927 0 0.9659258257467466
vn 0.2588190471264927 0 0.9659258257467466
vn 0.2588190471264927 0 0.9659258257467466
vn 0.2588190471264927 0 0.9659258257467466
vn 0.2588190471264927 0 0.9659258257467466
vn 0.2588190471264927 0 0.9659258257467466
vn 0.2588190471264927 0 0.9659258257467466
vn 0.2588190471264927 0 0.9659258257467466
vn 0.2588190471264927 0 0.9659258257467466
vn 0.2588190471264927 0 0.9659258257467466
vn 0.2588190471264927 0 0.9659258257467466
vn 0.2588190471264927 0 0.9659258257467466
vn 0.2588190471264927 0 0.9659258257467466
vn 0.2588190471264927 0 0.9659258257467466
vn 0.2588190471264927 0 0.9659258257467466
vn 0.2588190471264927 0 0.9659258257467466
vn 0.2588190471264927 0 0.9659258257467466
vn 0.2588190471264927 0 0.9659258257467466
vn 0.2588190471264927 0 0.9659258257467466
vn 0.2588190471264927 0 0.9659258257467466
vn 0.2588190471264927 0 0.9659258257467466
vn 0.2588190471264927 0 0.9659258257467466
vn 0.2588190471264927 0 0.9659258257467466
vn 0.2588190471264927 0 0.9659258257467466
vn 0.2588190471264927 0 0.9659258257467466
vn 0.2588190471264927 0 0.9659258257467466
vn 0.2588190471264927 0 0.9659258257467466
vn 0.2588190471264927 0 0.9659258257467466
vn 0.2588190471264927 0 0.9659258257467466
vn 0.2588190471264927 0 0.9659258257467466
vn 0.2588190471264927 0 0.9659258257467466
vn 0.2588190471264927 0 0.9659258257467466
vn 0.2588190471264927 0 0.9659258257467466
vn 0 0 -1
vn 0 0 -1
vn 0 0 -1
vn 0 0 -1
vn 0 0 -1
vn 0 0 -1
vn 0 0 -1
vn 0 0 -1
vn 0 0 -1
vn 0 0 -1
vn 0 0 -1
vn 0 0 -1
vn 0 0 -1
vn 0 0 -1
vn 0 0 -1
vn 0 0 -1
vn 0 0 -1
vn 0 0 -1
vn 0 0 -1
vn 0 0 -1
vn 0 0 -1
vn 0 0 -1
vn 0 0 -1
vn 0 0 -1
vn 0 0 -1
vn 0 0 -1
vn 0 0 -1
vn 0 0 -1
vn 0 0 -1
vn 0 0 -1
vn 0 0 -1
vn 0 0 -1
vn 0 0 -1
vn 0 0 -1
vn 0 0 -1
vn 0 0 -1
vn 0 0 -1
vn 0 0 -1
vn 0 0 -1
vn 0 0 -1
vn 0 0 -1
vn 0 0 -1
vn 0 0 -1
vn 0 0 -1
vn 0 0 -1
vn 0 0 -1
vn 0 0 -1
vn 0 0 -1
vn 0 0 -1
vn 0 0 -1
vn 0 0 -1
vn 0 0 -1
vn 0 0 -1
vn 0 0 -1
vn 0 0 -1
vn 0 0 -1
vn 0 0 -1
vn 0 0 -1
vn 0 0 -1
vn 0 0 -1
vn 0 0 -1
vn 0 0 -1
vn 0 0 -1
vn 0 0 -1
vn 0 0 -1
vn 0 0 -1
vn 0 0 -1
vn 0 0 -1
vn 0 0 -1
vn 0 0 -1
vn 0 0 -1
vn 0 0 -1
vn 0 0 -1
vn 0 0 -1
vn 0 0 -1
vn 0 0 -1
vn 0 0 -1
vn 0 0 -1
vn 0 0 -1
vn 0 0 -1
vn 0 0 -1
vn 0 0 -1
vn 0 0 -1
vn 0 0 -1
vn 0 0 -1
vn 0 0 -1
vn 0 0 -1
vn 0 0 -1
vn 0 0 -1
vn 0 0 -1
vn 0 0 -1
vn 0 0 -1
vn 0 0 -1
vn 0 0 -1
vn 0 0 -1
vn 0 0 -1
vn 0 0 -1
vn 0 0 -1
vn 0 0 -1
vn 0 0 -1
vn 0 0 -1
vn 0 0 -1
vn 0 0 -1
vn 0 0 -1
vn 0 0 -1
vn 0 0 -1
vn 0 0 -1
vn 0 0 -1
vn 0 -1 0
vn -0.19509030357454893 -0.9807852840714884 0
vn 0 -1 0
vn 0 -1 0
vn -0.19509030357454893 -0.9807852840714884 0
vn -0.34202015414019754 -0.9396926168497417 0
vn -0.34202015414019754 -0.9396926168497417 0
vn -0.19509030357454893 -0.9807852840714884 0
vn -0.38268346249921037 -0.9238795200293247 0
vn -0.34202015414019754 -0.9396926168497417 0
vn -0.38268346249921037 -0.9238795200293247 0
vn -0.5555701802084753 -0.8314696475898097 0
vn -0.34202015414019754 -0.9396926168497417 0
vn -0.5555701802084753 -0.8314696475898097 0
vn -0.6427876273097093 -0.7660444283313822 0
vn -0.6427876273097093 -0.7660444283313822 0
vn -0.5555701802084753 -0.8314696475898097 0
vn -0.7071067811865476 -0.7071067811865476 0
vn -0.6427876273097093 -0.7660444283313822 0
vn -0.7071067811865476 -0.7071067811865476 0
vn -0.8314696475898097 -0.5555701802084753 0
vn -0.6427876273097093 -0.7660444283313822 0
vn -0.8314696475898097 -0.5555701802084753 0
vn -0.8660253998985324 -0.5000000067305869 0
vn -0.8660253998985324 -0.5000000067305869 0
vn -0.8314696475898097 -0.5555701802084753 0
vn -0.9238795200293247 -0.38268346249921037 0
vn -0.8660253998985324 -0.5000000067305869 0
vn -0.9238795200293247 -0.38268346249921037 0
vn -0.9848077496059419 -0.17364819698482423 0
vn -0.9848077496059419 -0.17364819698482423 0
vn -0.9238795200293247 -0.38268346249921037 0
vn -0.9807852840714884 -0.19509030357454893 0
vn -0.9848077496059419 -0.17364819698482423 0
vn -0.9807852840714884 -0.19509030357454893 0
vn -1 0 0
vn -0.9848077496059419 -0.17364819698482423 0
vn -1 0 0
vn -0.9848077496059419 0.17364819698482423 0
vn -0.9848077496059419 0.17364819698482423 0
vn -1 0 0
vn -0.9807852840714884 0.19509030357454893 0
vn -0.9848077496059419 0.17364819698482423 0
vn -0.9807852840714884 0.19509030357454893 0
vn -0.9238795200293247 0.38268346249921037 0
vn -0.9848077496059419 0.17364819698482423 0
vn -0.9238795200293247 0.38268346249921037 0
vn -0.8660253998985324 0.5000000067305869 0
vn -0.8660253998985324 0.5000000067305869 0
vn -0.9238795200293247 0.38268346249921037 0
vn -0.8314696475898097 0.5555701802084753 0
vn -0.8660253998985324 0.5000000067305869 0
vn -0.8314696475898097 0.5555701802084753 0
vn -0.7071067811865476 0.7071067811865476 0
vn -0.8660253998985324 0.5000000067305869 0
vn -0.7071067811865476 0.7071067811865476 0
vn -0.6427876273097093 0.7660444283313822 0
vn -0.6427876273097093 0.7660444283313822 0
vn -0.7071067811865476 0.7071067811865476 0
vn -0.5555701802084753 0.8314696475898097 0
vn -0.6427876273097093 0.7660444283313822 0
vn -0.5555701802084753 0.8314696475898097 0
vn -0.34202015414019754 0.9396926168497417 0
vn -0.34202015414019754 0.9396926168497417 0
vn -0.5555701802084753 0.8314696475898097 0
vn -0.38268346249921037 0.9238795200293247 0
vn -0.34202015414019754 0.9396926168497417 0
vn -0.38268346249921037 0.9238795200293247 0
vn -0.19509030357454893 0.9807852840714884 0
vn 0 1 0
vn 0 1 0
vn -0.19509030357454893 0.9807852840714884 0
vn -0.19509030357454893 0.9807852840714884 0
vn 0 1 0
vn -0.34202015414019754 0.9396926168497417 0
vn 0 -1 0
vn 0 -0.9807852840714884 0.19509030357454893
vn 0 -1 0
vn 0 -1 0
vn 0 -0.9807852840714884 0.19509030357454893
vn 0 -0.9396926168497417 0.34202015414019754
vn 0 -0.9396926168497417 0.34202015414019754
vn 0 -0.9807852840714884 0.19509030357454893
vn 0 -0.9238795200293247 0.38268346249921037
vn 0 -0.9396926168497417 0.34202015414019754
vn 0 -0.9238795200293247 0.38268346249921037
vn 0 -0.8314696475898097 0.5555701802084753
vn 0 -0.9396926168497417 0.34202015414019754
vn 0 -0.8314696475898097 0.5555701802084753
vn 0 -0.7660444283313822 0.6427876273097093
vn 0 -0.7660444283313822 0.6427876273097093
vn 0 -0.8314696475898097 0.5555701802084753
vn 0 -0.7071067811865476 0.7071067811865476
vn 0 -0.7660444283313822 0.6427876273097093
vn 0 -0.7071067811865476 0.7071067811865476
vn 0 -0.5555701802084753 0.8314696475898097
vn 0 -0.7660444283313822 0.6427876273097093
vn 0 -0.5555701802084753 0.8314696475898097
vn 0 -0.5000000067305869 0.8660253998985324
vn 0 -0.5000000067305869 0.8660253998985324
vn 0 -0.5555701802084753 0.8314696475898097
vn 0 -0.38268346249921037 0.9238795200293247
vn 0 -0.5000000067305869 0.8660253998985324
vn 0 -0.38268346249921037 0.9238795200293247
vn 0 -0.17364819698482423 0.9848077496059419
vn 0 -0.17364819698482423 0.9848077496059419
vn 0 -0.38268346249921037 0.9238795200293247
vn 0 -0.19509030357454893 0.9807852840714884
vn 0 -0.17364819698482423 0.9848077496059419
vn 0 -0.19509030357454893 0.9807852840714884
vn 0 0 1
vn 0 -0.17364819698482423 0.9848077496059419
vn 0 0 1
vn 0 0.17364819698482423 0.9848077496059419
vn 0 0.17364819698482423 0.9848077496059419
vn 0 0 1
vn 0 0.19509030357454893 0.9807852840714884
vn 0 0.17364819698482423 0.9848077496059419
vn 0 0.19509030357454893 0.9807852840714884
vn 0 0.38268346249921037 0.9238795200293247
vn 0 0.17364819698482423 0.9848077496059419
vn 0 0.38268346249921037 0.9238795200293247
vn 0 0.5000000067305869 0.8660253998985324
vn 0 0.5000000067305869 0.8660253998985324
vn 0 0.38268346249921037 0.9238795200293247
vn 0 0.5555701802084753 0.8314696475898097
vn 0 0.5000000067305869 0.8660253998985324
vn 0 0.5555701802084753 0.8314696475898097
vn 0 0.7071067811865476 0.7071067811865476
vn 0 0.5000000067305869 0.8660253998985324
vn 0 0.7071067811865476 0.7071067811865476
vn 0 0.7660444283313822 0.6427876273097093
vn 0 0.7660444283313822 0.6427876273097093
vn 0 0.7071067811865476 0.7071067811865476
vn 0 0.8314696475898097 0.5555701802084753
vn 0 0.7660444283313822 0.6427876273097093
vn 0 0.8314696475898097 0.5555701802084753
vn 0 0.9396926168497417 0.34202015414019754
vn 0 0.9396926168497417 0.34202015414019754
vn 0 0.8314696475898097 0.5555701802084753
vn 0 0.9238795200293247 0.38268346249921037
vn 0 0.9396926168497417 0.34202015414019754
vn 0 0.9238795200293247 0.38268346249921037
vn 0 0.9807852840714884 0.19509030357454893
vn 0 1 0
vn 0 1 0
vn 0 0.9807852840714884 0.19509030357454893
vn 0 0.9807852840714884 0.19509030357454893
vn 0 1 0
vn 0 0.9396926168497417 0.34202015414019754
f 1/1/1 2/2/2 3/3/3
f 4/4/4 5/5/5 6/6/6
f 7/7/7 8/8/8 9/9/9
f 10/10/10 11/11/11 12/12/12
f 13/13/13 14/14/14 15/15/15
f 16/16/16 17/17/17 18/18/18
f 19/19/19 20/20/20 21/21/21
f 22/22/22 23/23/23 24/24/24
f 25/25/25 26/26/26 27/27/27
f 28/28/28 29/29/29 30/30/30
f 31/31/31 32/32/32 33/33/33
f 34/34/34 35/35/35 36/36/36
f 37/37/37 38/38/38 39/39/39
f 40/40/40 41/41/41 42/42/42
f 43/43/43 44/44/44 45/45/45
f 46/46/46 47/47/47 48/48/48
f 49/49/49 50/50/50 51/51/51
f 52/52/52 53/53/53 54/54/54
f 55/55/55 56/56/56 57/57/57
f 58/58/58 59/59/59 60/60/60
f 61/61/61 62/62/62 63/63/63
f 64/64/64 65/65/65 66/66/66
f 67/67/67 68/68/68 69/69/69
f 70/70/70 71/71/71 72/72/72
f 73/73/73 74/74/74 75/75/75
f 76/76/76 77/77/77 78/78/78
f 79/79/79 80/80/80 81/81/81
f 82/82/82 83/83/83 84/84/84
f 85/85/85 86/86/86 87/87/87
f 88/88/88 89/89/89 90/90/90
f 91/91/91 92/92/92 93/93/93
f 94/94/94 95/95/95 96/96/96
f 97/97/97 98/98/98 99/99/99
f 100/100/100 101/101/101 102/102/102
f 103/103/103 104/104/104 105/105/105
f 106/106/106 107/107/107 108/108/108
f 109/109/109 110/110/110 111/111/111
f 112/112/112 113/113/113 114/114/114
f 115/115/115 116/116/116 117/117/117
f 118/118/118 119/119/119 120/120/120
f 121/121/121 122/122/122 123/123/123
f 124/124/124 125/125/125 126/126/126
f 127/127/127 128/128/128 129/129/129
f 130/130/130 131/131/131 132/132/132
f 133/133/133 134/134/134 135/135/135
f 136/136/136 137/137/137 138/138/138
f 139/139/139 140/140/140 141/141/141
f 142/142/142 143/143/143 144/144/144
f 145/145/145 146/146/146 147/147/147
f 148/148/148 149/149/149 150/150/150
f 151/151/151 152/152/152 153/153/153
f 154/154/154 155/155/155 156/156/156
f 157/157/157 158/158/158 159/159/159
f 160/160/160 161/161/161 162/162/162
f 163/163/163 164/164/164 165/165/165
f 166/166/166 167/167/167 168/168/168
f 169/169/169 170/170/170 171/171/171
f 172/172/172 173/173/173 174/174/174
f 175/175/175 176/176/176 177/177/177
f 178/178/178 179/179/179 180/180/180
f 181/181/181 182/182/182 183/183/183
f 184/184/184 185/185/185 186/186/186
f 187/187/187 188/188/188 189/189/189
f 190/190/190 191/191/191 192/192/192
f 193/193/193 194/194/194 195/195/195
f 196/196/196 197/197/197 198/198/198
f 199/199/199 200/200/200 201/201/201
f 202/202/202 203/203/203 204/204/204
f 205/205/205 206/206/206 207/207/207
f 208/208/208 209/209/209 210/210/210
f 211/211/211 212/212/212 213/213/213
f 214/214/214 215/215/215 216/216/216
f 217/217/217 218/218/218 219/219/219
f 220/220/220 221/221/221 222/222/222
f 223/223/223 224/224/224 225/225/225
f 226/226/226 227/227/227 228/228/228
f 229/229/229 230/230/230 231/231/231
f 232/232/232 233/233/233 234/234/234
f 235/235/235 236/236/236 237/237/237
f 238/238/238 239/239/239 240/240/240
f 241/241/241 242/242/242 243/243/243
f 244/244/244 245/245/245 246/246/246
f 247/247/247 248/248/248 249/249/249
f 250/250/250 251/251/251 252/252/252
f 253/253/253 254/254/254 255/255/255
f 256/256/256 257/257/257 258/258/258
f 259/259/259 260/260/260 261/261/261
f 262/262/262 263/263/263 264/264/264
f 265/265/265 266/266/266 267/267/267
f 268/268/268 269/269/269 270/270/270
f 271/271/271 272/272/272 273/273/273
f 274/274/274 275/275/275 276/276/276
f 277/277/277 278/278/278 279/279/279
f 280/280/280 281/281/281 282/282/282
f 283/283/283 284/284/284 285/285/285
f 286/286/286 287/287/287 288/288/288
f 289/289/289 290/290/290 291/291/291
f 292/292/292 293/293/293 294/294/294
f 295/295/295 296/296/296 297/297/297
f 298/298/298 299/299/299 300/300/300
f 301/301/301 302/302/302 303/303/303
f 304/304/304 305/305/305 306/306/306
f 307/307/307 308/308/308 309/309/309
f 310/310/310 311/311/311 312/312/312
f 313/313/313 314/314/314 315/315/315
f 316/316/316 317/317/317 318/318/318
f 319/319/319 320/320/320 321/321/321
f 322/322/322 323/323/323 324/324/324
f 325/325/325 326/326/326 327/327/327
f 328/328/328 329/329/329 330/330/330
f 331/331/331 332/332/332 333/333/333
f 334/334/334 335/335/335 336/336/336
f 337/337/337 338/338/338 339/339/339
f 340/340/340 341/341/341 342/342/342
f 343/343/343 344/344/344 345/345/345
f 346/346/346 347/347/347 348/348/348
f 349/349/349 350/350/350 351/351/351
f 352/352/352 353/353/353 354/354/354
f 355/355/355 356/356/356 357/357/357
f 358/358/358 359/359/359 360/360/360
f 361/361/361 362/362/362 363/363/363
f 364/364/364 365/365/365 366/366/366
f 367/367/367 368/368/368 369/369/369
f 370/370/370 371/371/371 372/372/372
f 373/373/373 374/374/374 375/375/375
f 376/376/376 377/377/377 378/378/378
f 379/379/379 380/380/380 381/381/381
f 382/382/382 383/383/383 384/384/384
f 385/385/385 386/386/386 387/387/387
f 388/388/388 389/389/389 390/390/390
f 391/391/391 392/392/392 393/393/393
f 394/394/394 395/395/395 396/396/396
f 397/397/397 398/398/398 399/399/399
f 400/400/400 401/401/401 402/402/402
f 403/403/403 404/404/404 405/405/405
f 406/406/406 407/407/407 408/408/408
f 409/409/409 410/410/410 411/411/411
f 412/412/412 413/413/413 414/414/414
f 415/415/415 416/416/416 417/417/417
f 418/418/418 419/419/419 420/420/420
f 421/421/421 422/422/422 423/423/423
f 424/424/424 425/425/425 426/426/426
f 427/427/427 428/428/428 429/429/429
f 430/430/430 431/431/431 432/432/432
f 433/433/433 434/434/434 435/435/435
f 436/436/436 437/437/437 438/438/438
f 439/439/439 440/440/440 441/441/441
f 442/442/442 443/443/443 444/444/444
f 445/445/445 446/446/446 447/447/447
f 448/448/448 449/449/449 450/450/450
f 451/451/451 452/452/452 453/453/453
f 454/454/454 455/455/455 456/456/456
f 457/457/457 458/458/458 459/459/459
f 460/460/460 461/461/461 462/462/462
f 463/463/463 464/464/464 465/465/465
f 466/466/466 467/467/467 468/468/468
f 469/469/469 470/470/470 471/471/471
f 472/472/472 473/473/473 474/474/474
f 475/475/475 476/476/476 477/477/477
f 478/478/478 479/479/479 480/480/480
f 481/481/481 482/482/482 483/483/483
f 484/484/484 485/485/485 486/486/486
f 487/487/487 488/488/488 489/489/489
f 490/490/490 491/491/491 492/492/492
f 493/493/493 494/494/494 495/495/495
f 496/496/496 497/497/497 498/498/498
f 499/499/499 500/500/500 501/501/501
f 502/502/502 503/503/503 504/504/504
f 505/505/505 506/506/506 507/507/507
f 508/508/508 509/509/509 510/510/510
f 511/511/511 512/512/512 513/513/513
f 514/514/514 515/515/515 516/516/516
f 517/517/517 518/518/518 519/519/519
f 520/520/520 521/521/521 522/522/522
f 523/523/523 524/524/524 525/525/525
f 526/526/526 527/527/527 528/528/528
f 529/529/529 530/530/530 531/531/531
f 532/532/532 533/533/533 534/534/534
f 535/535/535 536/536/536 537/537/537
f 538/538/538 539/539/539 540/540/540
f 541/541/541 542/542/542 543/543/543
f 544/544/544 545/545/545 546/546/546
f 547/547/547 548/548/548 549/549/549
f 550/550/550 551/551/551 552/552/552
f 553/553/553 554/554/554 555/555/555
f 556/556/556 557/557/557 558/558/558
f 559/559/559 560/560/560 561/561/561
f 562/562/562 563/563/563 564/564/564
f 565/565/565 566/566/566 567/567/567
f 568/568/568 569/569/569 570/570/570
f 571/571/571 572/572/572 573/573/573
f 574/574/574 575/575/575 576/576/576
f 577/577/577 578/578/578 579/579/579
f 580/580/580 581/581/581 582/582/582
f 583/583/583 584/584/584 585/585/585
f 586/586/586 587/587/587 588/588/588
f 589/589/589 590/590/590 591/591/591
f 592/592/592 593/593/593 594/594/594
f 595/595/595 596/596/596 597/597/597
f 598/598/598 599/599/599 600/600/600
f 601/601/601 602/602/602 603/603/603
f 604/604/604 605/605/605 606/606/606
f 607/607/607 608/608/608 609/609/609
f 610/610/610 611/611/611 612/612/612
f 613/613/613 614/614/614 615/615/615
f 616/616/616 617/617/617 618/618/618
f 619/619/619 620/620/620 621/621/621
f 622/622/622 623/623/623 624/624/624
f 625/625/625 626/626/626 627/627/627
f 628/628/628 629/629/629 630/630/630
f 631/631/631 632/632/632 633/633/633
f 634/634/634 635/635/635 636/636/636
f 637/637/637 638/638/638 639/639/639
f 640/640/640 641/641/641 642/642/642
f 643/643/643 644/644/644 645/645/645
f 646/646/646 647/647/647 648/648/648
f 649/649/649 650/650/650 651/651/651
f 652/652/652 653/653/653 654/654/654
f 655/655/655 656/656/656 657/657/657
f 658/658/658 659/659/659 660/660/660
f 661/661/661 662/662/662 663/663/663
f 664/664/664 665/665/665 666/666/666
f 667/667/667 668/668/668 669/669/669
f 670/670/670 671/671/671 672/672/672
f 673/673/673 674/674/674 675/675/675
f 676/676/676 677/677/677 678/678/678
f 679/679/679 680/680/680 681/681/681
f 682/682/682 683/683/683 684/684/684
f 685/685/685 686/686/686 687/687/687
f 688/688/688 689/689/689 690/690/690
f 691/691/691 692/692/692 693/693/693
f 694/694/694 695/695/695 696/696/696
f 697/697/697 698/698/698 699/699/699
f 700/700/700 701/701/701 702/702/702
f 703/703/703 704/704/704 705/705/705
f 706/706/706 707/707/707 708/708/708
f 709/709/709 710/710/710 711/711/711
f 712/712/712 713/713/713 714/714/714
f 715/715/715 716/716/716 717/717/717
f 718/718/718 719/719/719 720/720/720
f 721/721/721 722/722/722 723/723/723
f 724/724/724 725/725/725 726/726/726
f 727/727/727 728/728/728 729/729/729
f 730/730/730 731/731/731 732/732/732
f 733/733/733 734/734/734 735/735/735
f 736/736/736 737/737/737 738/738/738
f 739/739/739 740/740/740 741/741/741
f 742/742/742 743/743/743 744/744/744
f 745/745/745 746/746/746 747/747/747
f 748/748/748 749/749/749 750/750/750
f 751/751/751 752/752/752 753/753/753
f 754/754/754 755/755/755 756/756/756
f 757/757/757 758/758/758 759/759/759
f 760/760/760 761/761/761 762/762/762
f 763/763/763 764/764/764 765/765/765
f 766/766/766 767/767/767 768/768/768
f 769/769/769 770/770/770 771/771/771
f 772/772/772 773/773/773 774/774/774
f 775/775/775 776/776/776 777/777/777
f 778/778/778 779/779/779 780/780/780
f 781/781/781 782/782/782 783/783/783
f 784/784/784 785/785/785 786/786/786
f 787/787/787 788/788/788 789/789/789
f 790/790/790 791/791/791 792/792/792
f 793/793/793 794/794/794 795/795/795
f 796/796/796 797/797/797 798/798/798
f 799/799/799 800/800/800 801/801/801
f 802/802/802 803/803/803 804/804/804
f 805/805/805 806/806/806 807/807/807
f 808/808/808 809/809/809 810/810/810
f 811/811/811 812/812/812 813/813/813
f 814/814/814 815/815/815 816/816/816
f 817/817/817 818/818/818 819/819/819
f 820/820/820 821/821/821 822/822/822
f 823/823/823 824/824/824 825/825/825
f 826/826/826 827/827/827 828/828/828
f 829/829/829 830/830/830 831/831/831
f 832/832/832 833/833/833 834/834/834
f 835/835/835 836/836/836 837/837/837
f 838/838/838 839/839/839 840/840/840
f 841/841/841 842/842/842 843/843/843
f 844/844/844 845/845/845 846/846/846
f 847/847/847 848/848/848 849/849/849
f 850/850/850 851/851/851 852/852/852
f 853/853/853 854/854/854 855/855/855
f 856/856/856 857/857/857 858/858/858
f 859/859/859 860/860/860 861/861/861
f 862/862/862 863/863/863 864/864/864
f 865/865/865 866/866/866 867/867/867
f 868/868/868 869/869/869 870/870/870
f 871/871/871 872/872/872 873/873/873
f 874/874/874 875/875/875 876/876/876
f 877/877/877 878/878/878 879/879/879
f 880/880/880 881/881/881 882/882/882
f 883/883/883 884/884/884 885/885/885
f 886/886/886 887/887/887 888/888/888
f 889/889/889 890/890/890 891/891/891
f 892/892/892 893/893/893 894/894/894
f 895/895/895 896/896/896 897/897/897
f 898/898/898 899/899/899 900/900/900
f 901/901/901 902/902/902 903/903/903
f 904/904/904 905/905/905 906/906/906
f 907/907/907 908/908/908 909/909/909
f 910/910/910 911/911/911 912/912/912
f 913/913/913 914/914/914 915/915/915
f 916/916/916 917/917/917 918/918/918
f 919/919/919 920/920/920 921/921/921
f 922/922/922 923/923/923 924/924/924
f 925/925/925 926/926/926 927/927/927
f 928/928/928 929/929/929 930/930/930
f 931/931/931 932/932/932 933/933/933
f 934/934/934 935/935/935 936/936/936
f 937/937/937 938/938/938 939/939/939
f 940/940/940 941/941/941 942/942/942
f 943/943/943 944/944/944 945/945/945
f 946/946/946 947/947/947 948/948/948
f 949/949/949 950/950/950 951/951/951
f 952/952/952 953/953/953 954/954/954
f 955/955/955 956/956/956 957/957/957
f 958/958/958 959/959/959 960/960/960
f 961/961/961 962/962/962 963/963/963
f 964/964/964 965/965/965 966/966/966
f 967/967/967 968/968/968 969/969/969
f 970/970/970 971/971/971 972/972/972
f 973/973/973 974/974/974 975/975/975
f 976/976/976 977/977/977 978/978/978
f 979/979/979 980/980/980 981/981/981
f 982/982/982 983/983/983 984/984/984
f 985/985/985 986/986/986 987/987/987
f 988/988/988 989/989/989 990/990/990
f 991/991/991 992/992/992 993/993/993
f 994/994/994 995/995/995 996/996/996
f 997/997/997 998/998/998 999/999/999
f 1000/1000/1000 1001/1001/1001 1002/1002/1002
f 1003/1003/1003 1004/1004/1004 1005/1005/1005
f 1006/1006/1006 1007/1007/1007 1008/1008/1008
f 1009/1009/1009 1010/1010/1010 1011/1011/1011
f 1012/1012/1012 1013/1013/1013 1014/1014/1014
f 1015/1015/1015 1016/1016/1016 1017/1017/1017
f 1018/1018/1018 1019/1019/1019 1020/1020/1020
f 1021/1021/1021 1022/1022/1022 1023/1023/1023
f 1024/1024/1024 1025/1025/1025 1026/1026/1026
f 1027/1027/1027 1028/1028/1028 1029/1029/1029
f 1030/1030/1030 1031/1031/1031 1032/1032/1032
f 1033/1033/1033 1034/1034/1034 1035/1035/1035
f 1036/1036/1036 1037/1037/1037 1038/1038/1038
f 1039/1039/1039 1040/1040/1040 1041/1041/1041
f 1042/1042/1042 1043/1043/1043 1044/1044/1044
f 1045/1045/1045 1046/1046/1046 1047/1047/1047
f 1048/1048/1048 1049/1049/1049 1050/1050/1050
f 1051/1051/1051 1052/1052/1052 1053/1053/1053
f 1054/1054/1054 1055/1055/1055 1056/1056/1056
f 1057/1057/1057 1058/1058/1058 1059/1059/1059
f 1060/1060/1060 1061/1061/1061 1062/1062/1062
f 1063/1063/1063 1064/1064/1064 1065/1065/1065
f 1066/1066/1066 1067/1067/1067 1068/1068/1068
f 1069/1069/1069 1070/1070/1070 1071/1071/1071
f 1072/1072/1072 1073/1073/1073 1074/1074/1074
f 1075/1075/1075 1076/1076/1076 1077/1077/1077
f 1078/1078/1078 1079/1079/1079 1080/1080/1080
f 1081/1081/1081 1082/1082/1082 1083/1083/1083
f 1084/1084/1084 1085/1085/1085 1086/1086/1086
f 1087/1087/1087 1088/1088/1088 1089/1089/1089
f 1090/1090/1090 1091/1091/1091 1092/1092/1092
f 1093/1093/1093 1094/1094/1094 1095/1095/1095
f 1096/1096/1096 1097/1097/1097 1098/1098/1098
f 1099/1099/1099 1100/1100/1100 1101/1101/1101
f 1102/1102/1102 1103/1103/1103 1104/1104/1104
f 1105/1105/1105 1106/1106/1106 1107/1107/1107
f 1108/1108/1108 1109/1109/1109 1110/1110/1110
f 1111/1111/1111 1112/1112/1112 1113/1113/1113
f 1114/1114/1114 1115/1115/1115 1116/1116/1116
f 1117/1117/1117 1118/1118/1118 1119/1119/1119
f 1120/1120/1120 1121/1121/1121 1122/1122/1122
f 1123/1123/1123 1124/1124/1124 1125/1125/1125
f 1126/1126/1126 1127/1127/1127 1128/1128/1128
f 1129/1129/1129 1130/1130/1130 1131/1131/1131
f 1132/1132/1132 1133/1133/1133 1134/1134/1134
f 1135/1135/1135 1136/1136/1136 1137/1137/1137
f 1138/1138/1138 1139/1139/1139 1140/1140/1140
f 1141/1141/1141 1142/1142/1142 1143/1143/1143
f 1144/1144/1144 1145/1145/1145 1146/1146/1146
f 1147/1147/1147 1148/1148/1148 1149/1149/1149
f 1150/1150/1150 1151/1151/1151 1152/1152/1152
f 1153/1153/1153 1154/1154/1154 1155/1155/1155
f 1156/1156/1156 1157/1157/1157 1158/1158/1158
f 1159/1159/1159 1160/1160/1160 1161/1161/1161
f 1162/1162/1162 1163/1163/1163 1164/1164/1164
f 1165/1165/1165 1166/1166/1166 1167/1167/1167
f 1168/1168/1168 1169/1169/1169 1170/1170/1170
f 1171/1171/1171 1172/1172/1172 1173/1173/1173
f 1174/1174/1174 1175/1175/1175 1176/1176/1176
f 1177/1177/1177 1178/1178/1178 1179/1179/1179
f 1180/1180/1180 1181/1181/1181 1182/1182/1182
f 1183/1183/1183 1184/1184/1184 1185/1185/1185
f 1186/1186/1186 1187/1187/1187 1188/1188/1188
f 1189/1189/1189 1190/1190/1190 1191/1191/1191
f 1192/1192/1192 1193/1193/1193 1194/1194/1194
f 1195/1195/1195 1196/1196/1196 1197/1197/1197
f 1198/1198/1198 1199/1199/1199 1200/1200/1200
f 1201/1201/1201 1202/1202/1202 1203/1203/1203
f 1204/1204/1204 1205/1205/1205 1206/1206/1206
f 1207/1207/1207 1208/1208/1208 1209/1209/1209
f 1210/1210/1210 1211/1211/1211 1212/1212/1212
f 1213/1213/1213 1214/1214/1214 1215/1215/1215
f 1216/1216/1216 1217/1217/1217 1218/1218/1218
f 1219/1219/1219 1220/1220/1220 1221/1221/1221
f 1222/1222/1222 1223/1223/1223 1224/1224/1224
f 1225/1225/1225 1226/1226/1226 1227/1227/1227
f 1228/1228/1228 1229/1229/1229 1230/1230/1230
f 1231/1231/1231 1232/1232/1232 1233/1233/1233
f 1234/1234/1234 1235/1235/1235 1236/1236/1236
f 1237/1237/1237 1238/1238/1238 1239/1239/1239
f 1240/1240/1240 1241/1241/1241 1242/1242/1242
f 1243/1243/1243 1244/1244/1244 1245/1245/1245
f 1246/1246/1246 1247/1247/1247 1248/1248/1248
f 1249/1249/1249 1250/1250/1250 1251/1251/1251
f 1252/1252/1252 1253/1253/1253 1254/1254/1254
f 1255/1255/1255 1256/1256/1256 1257/1257/1257
f 1258/1258/1258 1259/1259/1259 1260/1260/1260
f 1261/1261/1261 1262/1262/1262 1263/1263/1263
f 1264/1264/1264 1265/1265/1265 1266/1266/1266
f 1267/1267/1267 1268/1268/1268 1269/1269/1269
f 1270/1270/1270 1271/1271/1271 1272/1272/1272
f 1273/1273/1273 1274/1274/1274 1275/1275/1275
f 1276/1276/1276 1277/1277/1277 1278/1278/1278
f 1279/1279/1279 1280/1280/1280 1281/1281/1281
f 1282/1282/1282 1283/1283/1283 1284/1284/1284
f 1285/1285/1285 1286/1286/1286 1287/1287/1287
f 1288/1288/1288 1289/1289/1289 1290/1290/1290
f 1291/1291/1291 1292/1292/1292 1293/1293/1293
f 1294/1294/1294 1295/1295/1295 1296/1296/1296
f 1297/1297/1297 1298/1298/1298 1299/1299/1299
f 1300/1300/1300 1301/1301/1301 1302/1302/1302
f 1303/1303/1303 1304/1304/1304 1305/1305/1305
f 1306/1306/1306 1307/1307/1307 1308/1308/1308
f 1309/1309/1309 1310/1310/1310 1311/1311/1311
f 1312/1312/1312 1313/1313/1313 1314/1314/1314
f 1315/1315/1315 1316/1316/1316 1317/1317/1317
f 1318/1318/1318 1319/1319/1319 1320/1320/1320
f 1321/1321/1321 1322/1322/1322 1323/1323/1323
f 1324/1324/1324 1325/1325/1325 1326/1326/1326
f 1327/1327/1327 1328/1328/1328 1329/1329/1329
f 1330/1330/1330 1331/1331/1331 1332/1332/1332
f 1333/1333/1333 1334/1334/1334 1335/1335/1335
f 1336/1336/1336 1337/1337/1337 1338/1338/1338
f 1339/1339/1339 1340/1340/1340 1341/1341/1341
f 1342/1342/1342 1343/1343/1343 1344/1344/1344
f 1345/1345/1345 1346/1346/1346 1347/1347/1347
f 1348/1348/1348 1349/1349/1349 1350/1350/1350
f 1351/1351/1351 1352/1352/1352 1353/1353/1353
f 1354/1354/1354 1355/1355/1355 1356/1356/1356
f 1357/1357/1357 1358/1358/1358 1359/1359/1359
f 1360/1360/1360 1361/1361/1361 1362/1362/1362
f 1363/1363/1363 1364/1364/1364 1365/1365/1365
f 1366/1366/1366 1367/1367/1367 1368/1368/1368
f 1369/1369/1369 1370/1370/1370 1371/1371/1371
f 1372/1372/1372 1373/1373/1373 1374/1374/1374
f 1375/1375/1375 1376/1376/1376 1377/1377/1377
f 1378/1378/1378 1379/1379/1379 1380/1380/1380
f 1381/1381/1381 1382/1382/1382 1383/1383/1383
f 1384/1384/1384 1385/1385/1385 1386/1386/1386
f 1387/1387/1387 1388/1388/1388 1389/1389/1389
f 1390/1390/1390 1391/1391/1391 1392/1392/1392
f 1393/1393/1393 1394/1394/1394 1395/1395/1395
f 1396/1396/1396 1397/1397/1397 1398/1398/1398
f 1399/1399/1399 1400/1400/1400 1401/1401/1401
f 1402/1402/1402 1403/1403/1403 1404/1404/1404
f 1405/1405/1405 1406/1406/1406 1407/1407/1407
f 1408/1408/1408 1409/1409/1409 1410/1410/1410
f 1411/1411/1411 1412/1412/1412 1413/1413/1413
f 1414/1414/1414 1415/1415/1415 1416/1416/1416
f 1417/1417/1417 1418/1418/1418 1419/1419/1419
f 1420/1420/1420 1421/1421/1421 1422/1422/1422
f 1423/1423/1423 1424/1424/1424 1425/1425/1425
f 1426/1426/1426 1427/1427/1427 1428/1428/1428
f 1429/1429/1429 1430/1430/1430 1431/1431/1431
f 1432/1432/1432 1433/1433/1433 1434/1434/1434
f 1435/1435/1435 1436/1436/1436 1437/1437/1437
f 1438/1438/1438 1439/1439/1439 1440/1440/1440
f 1441/1441/1441 1442/1442/1442 1443/1443/1443
f 1444/1444/1444 1445/1445/1445 1446/1446/1446
f 1447/1447/1447 1448/1448/1448 1449/1449/1449
f 1450/1450/1450 1451/1451/1451 1452/1452/1452
f 1453/1453/1453 1454/1454/1454 1455/1455/1455
f 1456/1456/1456 1457/1457/1457 1458/1458/1458
f 1459/1459/1459 1460/1460/1460 1461/1461/1461
f 1462/1462/1462 1463/1463/1463 1464/1464/1464
f 1465/1465/1465 1466/1466/1466 1467/1467/1467
f 1468/1468/1468 1469/1469/1469 1470/1470/1470
f 1471/1471/1471 1472/1472/1472 1473/1473/1473
f 1474/1474/1474 1475/1475/1475 1476/1476/1476
f 1477/1477/1477 1478/1478/1478 1479/1479/1479
f 1480/1480/1480 1481/1481/1481 1482/1482/1482
f 1483/1483/1483 1484/1484/1484 1485/1485/1485
f 1486/1486/1486 1487/1487/1487 1488/1488/1488
f 1489/1489/1489 1490/1490/1490 1491/1491/1491
f 1492/1492/1492 1493/1493/1493 1494/1494/1494
f 1495/1495/1495 1496/1496/1496 1497/1497/1497
f 1498/1498/1498 1499/1499/1499 1500/1500/1500
f 1501/1501/1501 1502/1502/1502 1503/1503/1503
f 1504/1504/1504 1505/1505/1505 1506/1506/1506
f 1507/1507/1507 1508/1508/1508 1509/1509/1509
f 1510/1510/1510 1511/1511/1511 1512/1512/1512
f 1513/1513/1513 1514/1514/1514 1515/1515/1515
f 1516/1516/1516 1517/1517/1517 1518/1518/1518
f 1519/1519/1519 1520/1520/1520 1521/1521/1521
f 1522/1522/1522 1523/1523/1523 1524/1524/1524
f 1525/1525/1525 1526/1526/1526 1527/1527/1527
f 1528/1528/1528 1529/1529/1529 1530/1530/1530
f 1531/1531/1531 1532/1532/1532 1533/1533/1533
f 1534/1534/1534 1535/1535/1535 1536/1536/1536
f 1537/1537/1537 1538/1538/1538 1539/1539/1539
f 1540/1540/1540 1541/1541/1541 1542/1542/1542
f 1543/1543/1543 1544/1544/1544 1545/1545/1545
f 1546/1546/1546 1547/1547/1547 1548/1548/1548
f 1549/1549/1549 1550/1550/1550 1551/1551/1551
f 1552/1552/1552 1553/1553/1553 1554/1554/1554
f 1555/1555/1555 1556/1556/1556 1557/1557/1557
f 1558/1558/1558 1559/1559/1559 1560/1560/1560
f 1561/1561/1561 1562/1562/1562 1563/1563/1563
f 1564/1564/1564 1565/1565/1565 1566/1566/1566
f 1567/1567/1567 1568/1568/1568 1569/1569/1569
f 1570/1570/1570 1571/1571/1571 1572/1572/1572
f 1573/1573/1573 1574/1574/1574 1575/1575/1575
f 1576/1576/1576 1577/1577/1577 1578/1578/1578
f 1579/1579/1579 1580/1580/1580 1581/1581/1581
f 1582/1582/1582 1583/1583/1583 1584/1584/1584
f 1585/1585/1585 1586/1586/1586 1587/1587/1587
f 1588/1588/1588 1589/1589/1589 1590/1590/1590
f 1591/1591/1591 1592/1592/1592 1593/1593/1593
f 1594/1594/1594 1595/1595/1595 1596/1596/1596
f 1597/1597/1597 1598/1598/1598 1599/1599/1599
f 1600/1600/1600 1601/1601/1601 1602/1602/1602
f 1603/1603/1603 1604/1604/1604 1605/1605/1605
f 1606/1606/1606 1607/1607/1607 1608/1608/1608
f 1609/1609/1609 1610/1610/1610 1611/1611/1611
f 1612/1612/1612 1613/1613/1613 1614/1614/1614
f 1615/1615/1615 1616/1616/1616 1617/1617/1617
f 1618/1618/1618 1619/1619/1619 1620/1620/1620
f 1621/1621/1621 1622/1622/1622 1623/1623/1623
f 1624/1624/1624 1625/1625/1625 1626/1626/1626
f 1627/1627/1627 1628/1628/1628 1629/1629/1629
f 1630/1630/1630 1631/1631/1631 1632/1632/1632
f 1633/1633/1633 1634/1634/1634 1635/1635/1635
f 1636/1636/1636 1637/1637/1637 1638/1638/1638
f 1639/1639/1639 1640/1640/1640 1641/1641/1641
f 1642/1642/1642 1643/1643/1643 1644/1644/1644
f 1645/1645/1645 1646/1646/1646 1647/1647/1647
f 1648/1648/1648 1649/1649/1649 1650/1650/1650
f 1651/1651/1651 1652/1652/1652 1653/1653/1653
f 1654/1654/1654 1655/1655/1655 1656/1656/1656
f 1657/1657/1657 1658/1658/1658 1659/1659/1659
f 1660/1660/1660 1661/1661/1661 1662/1662/1662
f 1663/1663/1663 1664/1664/1664 1665/1665/1665
f 1666/1666/1666 1667/1667/1667 1668/1668/1668
f 1669/1669/1669 1670/1670/1670 1671/1671/1671
f 1672/1672/1672 1673/1673/1673 1674/1674/1674
f 1675/1675/1675 1676/1676/1676 1677/1677/1677
f 1678/1678/1678 1679/1679/1679 1680/1680/1680
f 1681/1681/1681 1682/1682/1682 1683/1683/1683
f 1684/1684/1684 1685/1685/1685 1686/1686/1686
f 1687/1687/1687 1688/1688/1688 1689/1689/1689
f 1690/1690/1690 1691/1691/1691 1692/1692/1692
f 1693/1693/1693 1694/1694/1694 1695/1695/1695
f 1696/1696/1696 1697/1697/1697 1698/1698/1698
f 1699/1699/1699 1700/1700/1700 1701/1701/1701
f 1702/1702/1702 1703/1703/1703 1704/1704/1704
f 1705/1705/1705 1706/1706/1706 1707/1707/1707
f 1708/1708/1708 1709/1709/1709 1710/1710/1710
f 1711/1711/1711 1712/1712/1712 1713/1713/1713
f 1714/1714/1714 1715/1715/1715 1716/1716/1716
f 1717/1717/1717 1718/1718/1718 1719/1719/1719
f 1720/1720/1720 1721/1721/1721 1722/1722/1722
f 1723/1723/1723 1724/1724/1724 1725/1725/1725
f 1726/1726/1726 1727/1727/1727 1728/1728/1728
f 1729/1729/1729 1730/1730/1730 1731/1731/1731
f 1732/1732/1732 1733/1733/1733 1734/1734/1734
f 1735/1735/1735 1736/1736/1736 1737/1737/1737
f 1738/1738/1738 1739/1739/1739 1740/1740/1740
f 1741/1741/1741 1742/1742/1742 1743/1743/1743
f 1744/1744/1744 1745/1745/1745 1746/1746/1746
f 1747/1747/1747 1748/1748/1748 1749/1749/1749
f 1750/1750/1750 1751/1751/1751 1752/1752/1752
f 1753/1753/1753 1754/1754/1754 1755/1755/1755
f 1756/1756/1756 1757/1757/1757 1758/1758/1758
f 1759/1759/1759 1760/1760/1760 1761/1761/1761
f 1762/1762/1762 1763/1763/1763 1764/1764/1764
f 1765/1765/1765 1766/1766/1766 1767/1767/1767
f 1768/1768/1768 1769/1769/1769 1770/1770/1770
f 1771/1771/1771 1772/1772/1772 1773/1773/1773
f 1774/1774/1774 1775/1775/1775 1776/1776/1776
f 1777/1777/1777 1778/1778/1778 1779/1779/1779
f 1780/1780/1780 1781/1781/1781 1782/1782/1782
f 1783/1783/1783 1784/1784/1784 1785/1785/1785
f 1786/1786/1786 1787/1787/1787 1788/1788/1788
f 1789/1789/1789 1790/1790/1790 1791/1791/1791
f 1792/1792/1792 1793/1793/1793 1794/1794/1794
f 1795/1795/1795 1796/1796/1796 1797/1797/1797
f 1798/1798/1798 1799/1799/1799 1800/1800/1800
f 1801/1801/1801 1802/1802/1802 1803/1803/1803
f 1804/1804/1804 1805/1805/1805 1806/1806/1806
f 1807/1807/1807 1808/1808/1808 1809/1809/1809
f 1810/1810/1810 1811/1811/1811 1812/1812/1812
f 1813/1813/1813 1814/1814/1814 1815/1815/1815
f 1816/1816/1816 1817/1817/1817 1818/1818/1818
f 1819/1819/1819 1820/1820/1820 1821/1821/1821
f 1822/1822/1822 1823/1823/1823 1824/1824/1824
f 1825/1825/1825 1826/1826/1826 1827/1827/1827
f 1828/1828/1828 1829/1829/1829 1830/1830/1830
f 1831/1831/1831 1832/1832/1832 1833/1833/1833
f 1834/1834/1834 1835/1835/1835 1836/1836/1836
f 1837/1837/1837 1838/1838/1838 1839/1839/1839
f 1840/1840/1840 1841/1841/1841 1842/1842/1842
f 1843/1843/1843 1844/1844/1844 1845/1845/1845
f 1846/1846/1846 1847/1847/1847 1848/1848/1848
f 1849/1849/1849 1850/1850/1850 1851/1851/1851
f 1852/1852/1852 1853/1853/1853 1854/1854/1854
f 1855/1855/1855 1856/1856/1856 1857/1857/1857
f 1858/1858/1858 1859/1859/1859 1860/1860/1860
f 1861/1861/1861 1862/1862/1862 1863/1863/1863
f 1864/1864/1864 1865/1865/1865 1866/1866/1866
f 1867/1867/1867 1868/1868/1868 1869/1869/1869
f 1870/1870/1870 1871/1871/1871 1872/1872/1872
f 1873/1873/1873 1874/1874/1874 1875/1875/1875
f 1876/1876/1876 1877/1877/1877 1878/1878/1878
f 1879/1879/1879 1880/1880/1880 1881/1881/1881
f 1882/1882/1882 1883/1883/1883 1884/1884/1884
f 1885/1885/1885 1886/1886/1886 1887/1887/1887
f 1888/1888/1888 1889/1889/1889 1890/1890/1890
f 1891/1891/1891 1892/1892/1892 1893/1893/1893
f 1894/1894/1894 1895/1895/1895 1896/1896/1896
f 1897/1897/1897 1898/1898/1898 1899/1899/1899
f 1900/1900/1900 1901/1901/1901 1902/1902/1902
f 1903/1903/1903 1904/1904/1904 1905/1905/1905
f 1906/1906/1906 1907/1907/1907 1908/1908/1908
f 1909/1909/1909 1910/1910/1910 1911/1911/1911
f 1912/1912/1912 1913/1913/1913 1914/1914/1914
f 1915/1915/1915 1916/1916/1916 1917/1917/1917
f 1918/1918/1918 1919/1919/1919 1920/1920/1920
f 1921/1921/1921 1922/1922/1922 1923/1923/1923
f 1924/1924/1924 1925/1925/1925 1926/1926/1926
f 1927/1927/1927 1928/1928/1928 1929/1929/1929
f 1930/1930/1930 1931/1931/1931 1932/1932/1932
f 1933/1933/1933 1934/1934/1934 1935/1935/1935
f 1936/1936/1936 1937/1937/1937 1938/1938/1938
f 1939/1939/1939 1940/1940/1940 1941/1941/1941
f 1942/1942/1942 1943/1943/1943 1944/1944/1944
f 1945/1945/1945 1946/1946/1946 1947/1947/1947
f 1948/1948/1948 1949/1949/1949 1950/1950/1950
f 1951/1951/1951 1952/1952/1952 1953/1953/1953
f 1954/1954/1954 1955/1955/1955 1956/1956/1956
f 1957/1957/1957 1958/1958/1958 1959/1959/1959
f 1960/1960/1960 1961/1961/1961 1962/1962/1962
f 1963/1963/1963 1964/1964/1964 1965/1965/1965
f 1966/1966/1966 1967/1967/1967 1968/1968/1968
f 1969/1969/1969 1970/1970/1970 1971/1971/1971
f 1972/1972/1972 1973/1973/1973 1974/1974/1974
f 1975/1975/1975 1976/1976/1976 1977/1977/1977
f 1978/1978/1978 1979/1979/1979 1980/1980/1980
f 1981/1981/1981 1982/1982/1982 1983/1983/1983
f 1984/1984/1984 1985/1985/1985 1986/1986/1986
f 1987/1987/1987 1988/1988/1988 1989/1989/1989
f 1990/1990/1990 1991/1991/1991 1992/1992/1992
f 1993/1993/1993 1994/1994/1994 1995/1995/1995
f 1996/1996/1996 1997/1997/1997 1998/1998/1998
f 1999/1999/1999 2000/2000/2000 2001/2001/2001
f 2002/2002/2002 2003/2003/2003 2004/2004/2004
f 2005/2005/2005 2006/2006/2006 2007/2007/2007
f 2008/2008/2008 2009/2009/2009 2010/2010/2010
f 2011/2011/2011 2012/2012/2012 2013/2013/2013
f 2014/2014/2014 2015/2015/2015 2016/2016/2016
f 2017/2017/2017 2018/2018/2018 2019/2019/2019
f 2020/2020/2020 2021/2021/2021 2022/2022/2022
f 2023/2023/2023 2024/2024/2024 2025/2025/2025
f 2026/2026/2026 2027/2027/2027 2028/2028/2028
f 2029/2029/2029 2030/2030/2030 2031/2031/2031
f 2032/2032/2032 2033/2033/2033 2034/2034/2034
f 2035/2035/2035 2036/2036/2036 2037/2037/2037
f 2038/2038/2038 2039/2039/2039 2040/2040/2040
f 2041/2041/2041 2042/2042/2042 2043/2043/2043
f 2044/2044/2044 2045/2045/2045 2046/2046/2046
f 2047/2047/2047 2048/2048/2048 2049/2049/2049
f 2050/2050/2050 2051/2051/2051 2052/2052/2052
f 2053/2053/2053 2054/2054/2054 2055/2055/2055
f 2056/2056/2056 2057/2057/2057 2058/2058/2058
f 2059/2059/2059 2060/2060/2060 2061/2061/2061
f 2062/2062/2062 2063/2063/2063 2064/2064/2064
f 2065/2065/2065 2066/2066/2066 2067/2067/2067
f 2068/2068/2068 2069/2069/2069 2070/2070/2070
f 2071/2071/2071 2072/2072/2072 2073/2073/2073
f 2074/2074/2074 2075/2075/2075 2076/2076/2076
f 2077/2077/2077 2078/2078/2078 2079/2079/2079
f 2080/2080/2080 2081/2081/2081 2082/2082/2082
f 2083/2083/2083 2084/2084/2084 2085/2085/2085
f 2086/2086/2086 2087/2087/2087 2088/2088/2088
f 2089/2089/2089 2090/2090/2090 2091/2091/2091
f 2092/2092/2092 2093/2093/2093 2094/2094/2094
f 2095/2095/2095 2096/2096/2096 2097/2097/2097
f 2098/2098/2098 2099/2099/2099 2100/2100/2100
f 2101/2101/2101 2102/2102/2102 2103/2103/2103
f 2104/2104/2104 2105/2105/2105 2106/2106/2106
f 2107/2107/2107 2108/2108/2108 2109/2109/2109
f 2110/2110/2110 2111/2111/2111 2112/2112/2112
f 2113/2113/2113 2114/2114/2114 2115/2115/2115
f 2116/2116/2116 2117/2117/2117 2118/2118/2118
f 2119/2119/2119 2120/2120/2120 2121/2121/2121
f 2122/2122/2122 2123/2123/2123 2124/2124/2124
f 2125/2125/2125 2126/2126/2126 2127/2127/2127
f 2128/2128/2128 2129/2129/2129 2130/2130/2130
f 2131/2131/2131 2132/2132/2132 2133/2133/2133
f 2134/2134/2134 2135/2135/2135 2136/2136/2136
f 2137/2137/2137 2138/2138/2138 2139/2139/2139
f 2140/2140/2140 2141/2141/2141 2142/2142/2142
f 2143/2143/2143 2144/2144/2144 2145/2145/2145
f 2146/2146/2146 2147/2147/2147 2148/2148/2148
f 2149/2149/2149 2150/2150/2150 2151/2151/2151
f 2152/2152/2152 2153/2153/2153 2154/2154/2154
f 2155/2155/2155 2156/2156/2156 2157/2157/2157
f 2158/2158/2158 2159/2159/2159 2160/2160/2160
f 2161/2161/2161 2162/2162/2162 2163/2163/2163
f 2164/2164/2164 2165/2165/2165 2166/2166/2166
f 2167/2167/2167 2168/2168/2168 2169/2169/2169
f 2170/2170/2170 2171/2171/2171 2172/2172/2172
f 2173/2173/2173 2174/2174/2174 2175/2175/2175
f 2176/2176/2176 2177/2177/2177 2178/2178/2178
f 2179/2179/2179 2180/2180/2180 2181/2181/2181
f 2182/2182/2182 2183/2183/2183 2184/2184/2184
f 2185/2185/2185 2186/2186/2186 2187/2187/2187
f 2188/2188/2188 2189/2189/2189 2190/2190/2190
f 2191/2191/2191 2192/2192/2192 2193/2193/2193
f 2194/2194/2194 2195/2195/2195 2196/2196/2196
f 2197/2197/2197 2198/2198/2198 2199/2199/2199
f 2200/2200/2200 2201/2201/2201 2202/2202/2202
f 2203/2203/2203 2204/2204/2204 2205/2205/2205
f 2206/2206/2206 2207/2207/2207 2208/2208/2208
f 2209/2209/2209 2210/2210/2210 2211/2211/2211
f 2212/2212/2212 2213/2213/2213 2214/2214/2214
f 2215/2215/2215 2216/2216/2216 2217/2217/2217
f 2218/2218/2218 2219/2219/2219 2220/2220/2220
f 2221/2221/2221 2222/2222/2222 2223/2223/2223
f 2224/2224/2224 2225/2225/2225 2226/2226/2226
f 2227/2227/2227 2228/2228/2228 2229/2229/2229
f 2230/2230/2230 2231/2231/2231 2232/2232/2232
f 2233/2233/2233 2234/2234/2234 2235/2235/2235
f 2236/2236/2236 2237/2237/2237 2238/2238/2238
f 2239/2239/2239 2240/2240/2240 2241/2241/2241
f 2242/2242/2242 2243/2243/2243 2244/2244/2244
f 2245/2245/2245 2246/2246/2246 2247/2247/2247
f 2248/2248/2248 2249/2249/2249 2250/2250/2250
f 2251/2251/2251 2252/2252/2252 2253/2253/2253
f 2254/2254/2254 2255/2255/2255 2256/2256/2256
f 2257/2257/2257 2258/2258/2258 2259/2259/2259
f 2260/2260/2260 2261/2261/2261 2262/2262/2262
f 2263/2263/2263 2264/2264/2264 2265/2265/2265
f 2266/2266/2266 2267/2267/2267 2268/2268/2268
f 2269/2269/2269 2270/2270/2270 2271/2271/2271
f 2272/2272/2272 2273/2273/2273 2274/2274/2274
f 2275/2275/2275 2276/2276/2276 2277/2277/2277
f 2278/2278/2278 2279/2279/2279 2280/2280/2280
f 2281/2281/2281 2282/2282/2282 2283/2283/2283
f 2284/2284/2284 2285/2285/2285 2286/2286/2286
f 2287/2287/2287 2288/2288/2288 2289/2289/2289
f 2290/2290/2290 2291/2291/2291 2292/2292/2292
f 2293/2293/2293 2294/2294/2294 2295/2295/2295
f 2296/2296/2296 2297/2297/2297 2298/2298/2298
f 2299/2299/2299 2300/2300/2300 2301/2301/2301
f 2302/2302/2302 2303/2303/2303 2304/2304/2304
f 2305/2305/2305 2306/2306/2306 2307/2307/2307
f 2308/2308/2308 2309/2309/2309 2310/2310/2310
f 2311/2311/2311 2312/2312/2312 2313/2313/2313
f 2314/2314/2314 2315/2315/2315 2316/2316/2316
f 2317/2317/2317 2318/2318/2318 2319/2319/2319
f 2320/2320/2320 2321/2321/2321 2322/2322/2322
f 2323/2323/2323 2324/2324/2324 2325/2325/2325
f 2326/2326/2326 2327/2327/2327 2328/2328/2328
f 2329/2329/2329 2330/2330/2330 2331/2331/2331
f 2332/2332/2332 2333/2333/2333 2334/2334/2334
f 2335/2335/2335 2336/2336/2336 2337/2337/2337
f 2338/2338/2338 2339/2339/2339 2340/2340/2340
f 2341/2341/2341 2342/2342/2342 2343/2343/2343
f 2344/2344/2344 2345/2345/2345 2346/2346/2346
f 2347/2347/2347 2348/2348/2348 2349/2349/2349
f 2350/2350/2350 2351/2351/2351 2352/2352/2352
f 2353/2353/2353 2354/2354/2354 2355/2355/2355
f 2356/2356/2356 2357/2357/2357 2358/2358/2358
f 2359/2359/2359 2360/2360/2360 2361/2361/2361
f 2362/2362/2362 2363/2363/2363 2364/2364/2364
f 2365/2365/2365 2366/2366/2366 2367/2367/2367
f 2368/2368/2368 2369/2369/2369 2370/2370/2370
f 2371/2371/2371 2372/2372/2372 2373/2373/2373
f 2374/2374/2374 2375/2375/2375 2376/2376/2376
f 2377/2377/2377 2378/2378/2378 2379/2379/2379
f 2380/2380/2380 2381/2381/2381 2382/2382/2382
f 2383/2383/2383 2384/2384/2384 2385/2385/2385
f 2386/2386/2386 2387/2387/2387 2388/2388/2388
f 2389/2389/2389 2390/2390/2390 2391/2391/2391
f 2392/2392/2392 2393/2393/2393 2394/2394/2394
f 2395/2395/2395 2396/2396/2396 2397/2397/2397
f 2398/2398/2398 2399/2399/2399 2400/2400/2400
f 2401/2401/2401 2402/2402/2402 2403/2403/2403
f 2404/2404/2404 2405/2405/2405 2406/2406/2406
f 2407/2407/2407 2408/2408/2408 2409/2409/2409
f 2410/2410/2410 2411/2411/2411 2412/2412/2412
f 2413/2413/2413 2414/2414/2414 2415/2415/2415
f 2416/2416/2416 2417/2417/2417 2418/2418/2418
f 2419/2419/2419 2420/2420/2420 2421/2421/2421
f 2422/2422/2422 2423/2423/2423 2424/2424/2424
f 2425/2425/2425 2426/2426/2426 2427/2427/2427
f 2428/2428/2428 2429/2429/2429 2430/2430/2430
f 2431/2431/2431 2432/2432/2432 2433/2433/2433
f 2434/2434/2434 2435/2435/2435 2436/2436/2436
f 2437/2437/2437 2438/2438/2438 2439/2439/2439
f 2440/2440/2440 2441/2441/2441 2442/2442/2442
f 2443/2443/2443 2444/2444/2444 2445/2445/2445
f 2446/2446/2446 2447/2447/2447 2448/2448/2448
f 2449/2449/2449 2450/2450/2450 2451/2451/2451
f 2452/2452/2452 2453/2453/2453 2454/2454/2454
f 2455/2455/2455 2456/2456/2456 2457/2457/2457
f 2458/2458/2458 2459/2459/2459 2460/2460/2460
f 2461/2461/2461 2462/2462/2462 2463/2463/2463
f 2464/2464/2464 2465/2465/2465 2466/2466/2466
f 2467/2467/2467 2468/2468/2468 2469/2469/2469
f 2470/2470/2470 2471/2471/2471 2472/2472/2472
f 2473/2473/2473 2474/2474/2474 2475/2475/2475
f 2476/2476/2476 2477/2477/2477 2478/2478/2478
f 2479/2479/2479 2480/2480/2480 2481/2481/2481
f 2482/2482/2482 2483/2483/2483 2484/2484/2484
f 2485/2485/2485 2486/2486/2486 2487/2487/2487
f 2488/2488/2488 2489/2489/2489 2490/2490/2490
f 2491/2491/2491 2492/2492/2492 2493/2493/2493
f 2494/2494/2494 2495/2495/2495 2496/2496/2496
f 2497/2497/2497 2498/2498/2498 2499/2499/2499
f 2500/2500/2500 2501/2501/2501 2502/2502/2502
f 2503/2503/2503 2504/2504/2504 2505/2505/2505
f 2506/2506/2506 2507/2507/2507 2508/2508/2508
f 2509/2509/2509 2510/2510/2510 2511/2511/2511
f 2512/2512/2512 2513/2513/2513 2514/2514/2514
f 2515/2515/2515 2516/2516/2516 2517/2517/2517
f 2518/2518/2518 2519/2519/2519 2520/2520/2520
f 2521/2521/2521 2522/2522/2522 2523/2523/2523
f 2524/2524/2524 2525/2525/2525 2526/2526/2526
f 2527/2527/2527 2528/2528/2528 2529/2529/2529
f 2530/2530/2530 2531/2531/2531 2532/2532/2532
f 2533/2533/2533 2534/2534/2534 2535/2535/2535
f 2536/2536/2536 2537/2537/2537 2538/2538/2538
f 2539/2539/2539 2540/2540/2540 2541/2541/2541
f 2542/2542/2542 2543/2543/2543 2544/2544/2544
f 2545/2545/2545 2546/2546/2546 2547/2547/2547
f 2548/2548/2548 2549/2549/2549 2550/2550/2550
f 2551/2551/2551 2552/2552/2552 2553/2553/2553
f 2554/2554/2554 2555/2555/2555 2556/2556/2556
f 2557/2557/2557 2558/2558/2558 2559/2559/2559
f 2560/2560/2560 2561/2561/2561 2562/2562/2562
f 2563/2563/2563 2564/2564/2564 2565/2565/2565
f 2566/2566/2566 2567/2567/2567 2568/2568/2568
f 2569/2569/2569 2570/2570/2570 2571/2571/2571
f 2572/2572/2572 2573/2573/2573 2574/2574/2574
f 2575/2575/2575 2576/2576/2576 2577/2577/2577
f 2578/2578/2578 2579/2579/2579 2580/2580/2580
f 2581/2581/2581 2582/2582/2582 2583/2583/2583
f 2584/2584/2584 2585/2585/2585 2586/2586/2586
f 2587/2587/2587 2588/2588/2588 2589/2589/2589
f 2590/2590/2590 2591/2591/2591 2592/2592/2592
f 2593/2593/2593 2594/2594/2594 2595/2595/2595
f 2596/2596/2596 2597/2597/2597 2598/2598/2598
f 2599/2599/2599 2600/2600/2600 2601/2601/2601
f 2602/2602/2602 2603/2603/2603 2604/2604/2604
f 2605/2605/2605 2606/2606/2606 2607/2607/2607
f 2608/2608/2608 2609/2609/2609 2610/2610/2610
f 2611/2611/2611 2612/2612/2612 2613/2613/2613
f 2614/2614/2614 2615/2615/2615 2616/2616/2616
f 2617/2617/2617 2618/2618/2618 2619/2619/2619
f 2620/2620/2620 2621/2621/2621 2622/2622/2622
f 2623/2623/2623 2624/2624/2624 2625/2625/2625
f 2626/2626/2626 2627/2627/2627 2628/2628/2628
f 2629/2629/2629 2630/2630/2630 2631/2631/2631
f 2632/2632/2632 2633/2633/2633 2634/2634/2634
f 2635/2635/2635 2636/2636/2636 2637/2637/2637
f 2638/2638/2638 2639/2639/2639 2640/2640/2640
f 2641/2641/2641 2642/2642/2642 2643/2643/2643
f 2644/2644/2644 2645/2645/2645 2646/2646/2646
f 2647/2647/2647 2648/2648/2648 2649/2649/2649
f 2650/2650/2650 2651/2651/2651 2652/2652/2652
f 2653/2653/2653 2654/2654/2654 2655/2655/2655
f 2656/2656/2656 2657/2657/2657 2658/2658/2658
f 2659/2659/2659 2660/2660/2660 2661/2661/2661
f 2662/2662/2662 2663/2663/2663 2664/2664/2664
f 2665/2665/2665 2666/2666/2666 2667/2667/2667
f 2668/2668/2668 2669/2669/2669 2670/2670/2670
f 2671/2671/2671 2672/2672/2672 2673/2673/2673
f 2674/2674/2674 2675/2675/2675 2676/2676/2676
f 2677/2677/2677 2678/2678/2678 2679/2679/2679
f 2680/2680/2680 2681/2681/2681 2682/2682/2682
f 2683/2683/2683 2684/2684/2684 2685/2685/2685
f 2686/2686/2686 2687/2687/2687 2688/2688/2688
f 2689/2689/2689 2690/2690/2690 2691/2691/2691
f 2692/2692/2692 2693/2693/2693 2694/2694/2694
f 2695/2695/2695 2696/2696/2696 2697/2697/2697
f 2698/2698/2698 2699/2699/2699 2700/2700/2700
f 2701/2701/2701 2702/2702/2702 2703/2703/2703
f 2704/2704/2704 2705/2705/2705 2706/2706/2706
f 2707/2707/2707 2708/2708/2708 2709/2709/2709
f 2710/2710/2710 2711/2711/2711 2712/2712/2712
f 2713/2713/2713 2714/2714/2714 2715/2715/2715
f 2716/2716/2716 2717/2717/2717 2718/2718/2718
f 2719/2719/2719 2720/2720/2720 2721/2721/2721
f 2722/2722/2722 2723/2723/2723 2724/2724/2724
f 2725/2725/2725 2726/2726/2726 2727/2727/2727
f 2728/2728/2728 2729/2729/2729 2730/2730/2730
f 2731/2731/2731 2732/2732/2732 2733/2733/2733
f 2734/2734/2734 2735/2735/2735 2736/2736/2736
f 2737/2737/2737 2738/2738/2738 2739/2739/2739
f 2740/2740/2740 2741/2741/2741 2742/2742/2742
f 2743/2743/2743 2744/2744/2744 2745/2745/2745
f 2746/2746/2746 2747/2747/2747 2748/2748/2748
f 2749/2749/2749 2750/2750/2750 2751/2751/2751
f 2752/2752/2752 2753/2753/2753 2754/2754/2754
f 2755/2755/2755 2756/2756/2756 2757/2757/2757
f 2758/2758/2758 2759/2759/2759 2760/2760/2760
f 2761/2761/2761 2762/2762/2762 2763/2763/2763
f 2764/2764/2764 2765/2765/2765 2766/2766/2766
f 2767/2767/2767 2768/2768/2768 2769/2769/2769
f 2770/2770/2770 2771/2771/2771 2772/2772/2772
f 2773/2773/2773 2774/2774/2774 2775/2775/2775
f 2776/2776/2776 2777/2777/2777 2778/2778/2778
f 2779/2779/2779 2780/2780/2780 2781/2781/2781
f 2782/2782/2782 2783/2783/2783 2784/2784/2784
f 2785/2785/2785 2786/2786/2786 2787/2787/2787
f 2788/2788/2788 2789/2789/2789 2790/2790/2790
f 2791/2791/2791 2792/2792/2792 2793/2793/2793
f 2794/2794/2794 2795/2795/2795 2796/2796/2796
f 2797/2797/2797 2798/2798/2798 2799/2799/2799
f 2800/2800/2800 2801/2801/2801 2802/2802/2802
f 2803/2803/2803 2804/2804/2804 2805/2805/2805
f 2806/2806/2806 2807/2807/2807 2808/2808/2808
f 2809/2809/2809 2810/2810/2810 2811/2811/2811
f 2812/2812/2812 2813/2813/2813 2814/2814/2814
f 2815/2815/2815 2816/2816/2816 2817/2817/2817
f 2818/2818/2818 2819/2819/2819 2820/2820/2820
f 2821/2821/2821 2822/2822/2822 2823/2823/2823
f 2824/2824/2824 2825/2825/2825 2826/2826/2826
f 2827/2827/2827 2828/2828/2828 2829/2829/2829
f 2830/2830/2830 2831/2831/2831 2832/2832/2832
f 2833/2833/2833 2834/2834/2834 2835/2835/2835
f 2836/2836/2836 2837/2837/2837 2838/2838/2838
f 2839/2839/2839 2840/2840/2840 2841/2841/2841
f 2842/2842/2842 2843/2843/2843 2844/2844/2844
f 2845/2845/2845 2846/2846/2846 2847/2847/2847
f 2848/2848/2848 2849/2849/2849 2850/2850/2850
f 2851/2851/2851 2852/2852/2852 2853/2853/2853
f 2854/2854/2854 2855/2855/2855 2856/2856/2856
f 2857/2857/2857 2858/2858/2858 2859/2859/2859
f 2860/2860/2860 2861/2861/2861 2862/2862/2862
f 2863/2863/2863 2864/2864/2864 2865/2865/2865
f 2866/2866/2866 2867/2867/2867 2868/2868/2868
f 2869/2869/2869 2870/2870/2870 2871/2871/2871
f 2872/2872/2872 2873/2873/2873 2874/2874/2874
f 2875/2875/2875 2876/2876/2876 2877/2877/2877
f 2878/2878/2878 2879/2879/2879 2880/2880/2880
f 2881/2881/2881 2882/2882/2882 2883/2883/2883
f 2884/2884/2884 2885/2885/2885 2886/2886/2886
f 2887/2887/2887 2888/2888/2888 2889/2889/2889
f 2890/2890/2890 2891/2891/2891 2892/2892/2892
f 2893/2893/2893 2894/2894/2894 2895/2895/2895
f 2896/2896/2896 2897/2897/2897 2898/2898/2898
f 2899/2899/2899 2900/2900/2900 2901/2901/2901
f 2902/2902/2902 2903/2903/2903 2904/2904/2904
f 2905/2905/2905 2906/2906/2906 2907/2907/2907
f 2908/2908/2908 2909/2909/2909 2910/2910/2910
f 2911/2911/2911 2912/2912/2912 2913/2913/2913
f 2914/2914/2914 2915/2915/2915 2916/2916/2916
f 2917/2917/2917 2918/2918/2918 2919/2919/2919
f 2920/2920/2920 2921/2921/2921 2922/2922/2922
f 2923/2923/2923 2924/2924/2924 2925/2925/2925
f 2926/2926/2926 2927/2927/2927 2928/2928/2928
f 2929/2929/2929 2930/2930/2930 2931/2931/2931
f 2932/2932/2932 2933/2933/2933 2934/2934/2934
f 2935/2935/2935 2936/2936/2936 2937/2937/2937
f 2938/2938/2938 2939/2939/2939 2940/2940/2940
f 2941/2941/2941 2942/2942/2942 2943/2943/2943
f 2944/2944/2944 2945/2945/2945 2946/2946/2946
f 2947/2947/2947 2948/2948/2948 2949/2949/2949
f 2950/2950/2950 2951/2951/2951 2952/2952/2952
f 2953/2953/2953 2954/2954/2954 2955/2955/2955
f 2956/2956/2956 2957/2957/2957 2958/2958/2958
f 2959/2959/2959 2960/2960/2960 2961/2961/2961
f 2962/2962/2962 2963/2963/2963 2964/2964/2964
f 2965/2965/2965 2966/2966/2966 2967/2967/2967
f 2968/2968/2968 2969/2969/2969 2970/2970/2970
f 2971/2971/2971 2972/2972/2972 2973/2973/2973
f 2974/2974/2974 2975/2975/2975 2976/2976/2976
f 2977/2977/2977 2978/2978/2978 2979/2979/2979
f 2980/2980/2980 2981/2981/2981 2982/2982/2982
f 2983/2983/2983 2984/2984/2984 2985/2985/2985
f 2986/2986/2986 2987/2987/2987 2988/2988/2988
f 2989/2989/2989 2990/2990/2990 2991/2991/2991
f 2992/2992/2992 2993/2993/2993 2994/2994/2994
f 2995/2995/2995 2996/2996/2996 2997/2997/2997
f 2998/2998/2998 2999/2999/2999 3000/3000/3000
f 3001/3001/3001 3002/3002/3002 3003/3003/3003
f 3004/3004/3004 3005/3005/3005 3006/3006/3006
f 3007/3007/3007 3008/3008/3008 3009/3009/3009
f 3010/3010/3010 3011/3011/3011 3012/3012/3012
f 3013/3013/3013 3014/3014/3014 3015/3015/3015
f 3016/3016/3016 3017/3017/3017 3018/3018/3018
f 3019/3019/3019 3020/3020/3020 3021/3021/3021
f 3022/3022/3022 3023/3023/3023 3024/3024/3024
f 3025/3025/3025 3026/3026/3026 3027/3027/3027
f 3028/3028/3028 3029/3029/3029 3030/3030/3030
f 3031/3031/3031 3032/3032/3032 3033/3033/3033
f 3034/3034/3034 3035/3035/3035 3036/3036/3036
f 3037/3037/3037 3038/3038/3038 3039/3039/3039
f 3040/3040/3040 3041/3041/3041 3042/3042/3042
f 3043/3043/3043 3044/3044/3044 3045/3045/3045
f 3046/3046/3046 3047/3047/3047 3048/3048/3048
f 3049/3049/3049 3050/3050/3050 3051/3051/3051
f 3052/3052/3052 3053/3053/3053 3054/3054/3054
f 3055/3055/3055 3056/3056/3056 3057/3057/3057
f 3058/3058/3058 3059/3059/3059 3060/3060/3060
f 3061/3061/3061 3062/3062/3062 3063/3063/3063
f 3064/3064/3064 3065/3065/3065 3066/3066/3066
f 3067/3067/3067 3068/3068/3068 3069/3069/3069
f 3070/3070/3070 3071/3071/3071 3072/3072/3072
f 3073/3073/3073 3074/3074/3074 3075/3075/3075
f 3076/3076/3076 3077/3077/3077 3078/3078/3078
f 3079/3079/3079 3080/3080/3080 3081/3081/3081
f 3082/3082/3082 3083/3083/3083 3084/3084/3084
f 3085/3085/3085 3086/3086/3086 3087/3087/3087
f 3088/3088/3088 3089/3089/3089 3090/3090/3090
f 3091/3091/3091 3092/3092/3092 3093/3093/3093
f 3094/3094/3094 3095/3095/3095 3096/3096/3096
f 3097/3097/3097 3098/3098/3098 3099/3099/3099
f 3100/3100/3100 3101/3101/3101 3102/3102/3102
f 3103/3103/3103 3104/3104/3104 3105/3105/3105
f 3106/3106/3106 3107/3107/3107 3108/3108/3108
f 3109/3109/3109 3110/3110/3110 3111/3111/3111
f 3112/3112/3112 3113/3113/3113 3114/3114/3114
f 3115/3115/3115 3116/3116/3116 3117/3117/3117
f 3118/3118/3118 3119/3119/3119 3120/3120/3120
f 3121/3121/3121 3122/3122/3122 3123/3123/3123
f 3124/3124/3124 3125/3125/3125 3126/3126/3126
f 3127/3127/3127 3128/3128/3128 3129/3129/3129
f 3130/3130/3130 3131/3131/3131 3132/3132/3132
f 3133/3133/3133 3134/3134/3134 3135/3135/3135
f 3136/3136/3136 3137/3137/3137 3138/3138/3138
f 3139/3139/3139 3140/3140/3140 3141/3141/3141
f 3142/3142/3142 3143/3143/3143 3144/3144/3144
f 3145/3145/3145 3146/3146/3146 3147/3147/3147
f 3148/3148/3148 3149/3149/3149 3150/3150/3150
f 3151/3151/3151 3152/3152/3152 3153/3153/3153
f 3154/3154/3154 3155/3155/3155 3156/3156/3156
f 3157/3157/3157 3158/3158/3158 3159/3159/3159
f 3160/3160/3160 3161/3161/3161 3162/3162/3162
f 3163/3163/3163 3164/3164/3164 3165/3165/3165
f 3166/3166/3166 3167/3167/3167 3168/3168/3168
f 3169/3169/3169 3170/3170/3170 3171/3171/3171
f 3172/3172/3172 3173/3173/3173 3174/3174/3174
f 3175/3175/3175 3176/3176/3176 3177/3177/3177
f 3178/3178/3178 3179/3179/3179 3180/3180/3180
f 3181/3181/3181 3182/3182/3182 3183/3183/3183
f 3184/3184/3184 3185/3185/3185 3186/3186/3186
f 3187/3187/3187 3188/3188/3188 3189/3189/3189
f 3190/3190/3190 3191/3191/3191 3192/3192/3192
f 3193/3193/3193 3194/3194/3194 3195/3195/3195
f 3196/3196/3196 3197/3197/3197 3198/3198/3198
f 3199/3199/3199 3200/3200/3200 3201/3201/3201
f 3202/3202/3202 3203/3203/3203 3204/3204/3204
f 3205/3205/3205 3206/3206/3206 3207/3207/3207
f 3208/3208/3208 3209/3209/3209 3210/3210/3210
f 3211/3211/3211 3212/3212/3212 3213/3213/3213
f 3214/3214/3214 3215/3215/3215 3216/3216/3216
f 3217/3217/3217 3218/3218/3218 3219/3219/3219
f 3220/3220/3220 3221/3221/3221 3222/3222/3222
f 3223/3223/3223 3224/3224/3224 3225/3225/3225
f 3226/3226/3226 3227/3227/3227 3228/3228/3228
f 3229/3229/3229 3230/3230/3230 3231/3231/3231
f 3232/3232/3232 3233/3233/3233 3234/3234/3234
f 3235/3235/3235 3236/3236/3236 3237/3237/3237
f 3238/3238/3238 3239/3239/3239 3240/3240/3240
f 3241/3241/3241 3242/3242/3242 3243/3243/3243
f 3244/3244/3244 3245/3245/3245 3246/3246/3246
f 3247/3247/3247 3248/3248/3248 3249/3249/3249
f 3250/3250/3250 3251/3251/3251 3252/3252/3252
f 3253/3253/3253 3254/3254/3254 3255/3255/3255
f 3256/3256/3256 3257/3257/3257 3258/3258/3258
f 3259/3259/3259 3260/3260/3260 3261/3261/3261
f 3262/3262/3262 3263/3263/3263 3264/3264/3264
f 3265/3265/3265 3266/3266/3266 3267/3267/3267
f 3268/3268/3268 3269/3269/3269 3270/3270/3270
f 3271/3271/3271 3272/3272/3272 3273/3273/3273
f 3274/3274/3274 3275/3275/3275 3276/3276/3276
f 3277/3277/3277 3278/3278/3278 3279/3279/3279
f 3280/3280/3280 3281/3281/3281 3282/3282/3282
f 3283/3283/3283 3284/3284/3284 3285/3285/3285
f 3286/3286/3286 3287/3287/3287 3288/3288/3288
f 3289/3289/3289 3290/3290/3290 3291/3291/3291
f 3292/3292/3292 3293/3293/3293 3294/3294/3294
f 3295/3295/3295 3296/3296/3296 3297/3297/3297
f 3298/3298/3298 3299/3299/3299 3300/3300/3300
f 3301/3301/3301 3302/3302/3302 3303/3303/3303
f 3304/3304/3304 3305/3305/3305 3306/3306/3306
f 3307/3307/3307 3308/3308/3308 3309/3309/3309
f 3310/3310/3310 3311/3311/3311 3312/3312/3312
f 3313/3313/3313 3314/3314/3314 3315/3315/3315
f 3316/3316/3316 3317/3317/3317 3318/3318/3318
f 3319/3319/3319 3320/3320/3320 3321/3321/3321
f 3322/3322/3322 3323/3323/3323 3324/3324/3324
f 3325/3325/3325 3326/3326/3326 3327/3327/3327
f 3328/3328/3328 3329/3329/3329 3330/3330/3330
f 3331/3331/3331 3332/3332/3332 3333/3333/3333
f 3334/3334/3334 3335/3335/3335 3336/3336/3336
f 3337/3337/3337 3338/3338/3338 3339/3339/3339
f 3340/3340/3340 3341/3341/3341 3342/3342/3342
f 3343/3343/3343 3344/3344/3344 3345/3345/3345
f 3346/3346/3346 3347/3347/3347 3348/3348/3348
f 3349/3349/3349 3350/3350/3350 3351/3351/3351
f 3352/3352/3352 3353/3353/3353 3354/3354/3354
f 3355/3355/3355 3356/3356/3356 3357/3357/3357
f 3358/3358/3358 3359/3359/3359 3360/3360/3360
f 3361/3361/3361 3362/3362/3362 3363/3363/3363
f 3364/3364/3364 3365/3365/3365 3366/3366/3366
f 3367/3367/3367 3368/3368/3368 3369/3369/3369
f 3370/3370/3370 3371/3371/3371 3372/3372/3372
f 3373/3373/3373 3374/3374/3374 3375/3375/3375
f 3376/3376/3376 3377/3377/3377 3378/3378/3378
f 3379/3379/3379 3380/3380/3380 3381/3381/3381
f 3382/3382/3382 3383/3383/3383 3384/3384/3384
f 3385/3385/3385 3386/3386/3386 3387/3387/3387
f 3388/3388/3388 3389/3389/3389 3390/3390/3390
f 3391/3391/3391 3392/3392/3392 3393/3393/3393
f 3394/3394/3394 3395/3395/3395 3396/3396/3396
f 3397/3397/3397 3398/3398/3398 3399/3399/3399
f 3400/3400/3400 3401/3401/3401 3402/3402/3402
f 3403/3403/3403 3404/3404/3404 3405/3405/3405
f 3406/3406/3406 3407/3407/3407 3408/3408/3408
f 3409/3409/3409 3410/3410/3410 3411/3411/3411
f 3412/3412/3412 3413/3413/3413 3414/3414/3414
f 3415/3415/3415 3416/3416/3416 3417/3417/3417
f 3418/3418/3418 3419/3419/3419 3420/3420/3420
f 3421/3421/3421 3422/3422/3422 3423/3423/3423
f 3424/3424/3424 3425/3425/3425 3426/3426/3426
f 3427/3427/3427 3428/3428/3428 3429/3429/3429
f 3430/3430/3430 3431/3431/3431 3432/3432/3432
f 3433/3433/3433 3434/3434/3434 3435/3435/3435
f 3436/3436/3436 3437/3437/3437 3438/3438/3438
f 3439/3439/3439 3440/3440/3440 3441/3441/3441
f 3442/3442/3442 3443/3443/3443 3444/3444/3444
f 3445/3445/3445 3446/3446/3446 3447/3447/3447
f 3448/3448/3448 3449/3449/3449 3450/3450/3450
f 3451/3451/3451 3452/3452/3452 3453/3453/3453
f 3454/3454/3454 3455/3455/3455 3456/3456/3456
f 3457/3457/3457 3458/3458/3458 3459/3459/3459
f 3460/3460/3460 3461/3461/3461 3462/3462/3462
f 3463/3463/3463 3464/3464/3464 3465/3465/3465
f 3466/3466/3466 3467/3467/3467 3468/3468/3468
f 3469/3469/3469 3470/3470/3470 3471/3471/3471
f 3472/3472/3472 3473/3473/3473 3474/3474/3474
f 3475/3475/3475 3476/3476/3476 3477/3477/3477
f 3478/3478/3478 3479/3479/3479 3480/3480/3480
f 3481/3481/3481 3482/3482/3482 3483/3483/3483
f 3484/3484/3484 3485/3485/3485 3486/3486/3486
f 3487/3487/3487 3488/3488/3488 3489/3489/3489
f 3490/3490/3490 3491/3491/3491 3492/3492/3492
f 3493/3493/3493 3494/3494/3494 3495/3495/3495
f 3496/3496/3496 3497/3497/3497 3498/3498/3498
f 3499/3499/3499 3500/3500/3500 3501/3501/3501
f 3502/3502/3502 3503/3503/3503 3504/3504/3504
f 3505/3505/3505 3506/3506/3506 3507/3507/3507
f 3508/3508/3508 3509/3509/3509 3510/3510/3510
f 3511/3511/3511 3512/3512/3512 3513/3513/3513
f 3514/3514/3514 3515/3515/3515 3516/3516/3516
f 3517/3517/3517 3518/3518/3518 3519/3519/3519
f 3520/3520/3520 3521/3521/3521 3522/3522/3522
f 3523/3523/3523 3524/3524/3524 3525/3525/3525
f 3526/3526/3526 3527/3527/3527 3528/3528/3528
f 3529/3529/3529 3530/3530/3530 3531/3531/3531
f 3532/3532/3532 3533/3533/3533 3534/3534/3534
f 3535/3535/3535 3536/3536/3536 3537/3537/3537
f 3538/3538/3538 3539/3539/3539 3540/3540/3540
f 3541/3541/3541 3542/3542/3542 3543/3543/3543
f 3544/3544/3544 3545/3545/3545 3546/3546/3546
f 3547/3547/3547 3548/3548/3548 3549/3549/3549
f 3550/3550/3550 3551/3551/3551 3552/3552/3552
f 3553/3553/3553 3554/3554/3554 3555/3555/3555
f 3556/3556/3556 3557/3557/3557 3558/3558/3558
f 3559/3559/3559 3560/3560/3560 3561/3561/3561
f 3562/3562/3562 3563/3563/3563 3564/3564/3564
f 3565/3565/3565 3566/3566/3566 3567/3567/3567
f 3568/3568/3568 3569/3569/3569 3570/3570/3570
f 3571/3571/3571 3572/3572/3572 3573/3573/3573
f 3574/3574/3574 3575/3575/3575 3576/3576/3576
f 3577/3577/3577 3578/3578/3578 3579/3579/3579
f 3580/3580/3580 3581/3581/3581 3582/3582/3582
f 3583/3583/3583 3584/3584/3584 3585/3585/3585
f 3586/3586/3586 3587/3587/3587 3588/3588/3588
f 3589/3589/3589 3590/3590/3590 3591/3591/3591
f 3592/3592/3592 3593/3593/3593 3594/3594/3594
f 3595/3595/3595 3596/3596/3596 3597/3597/3597
f 3598/3598/3598 3599/3599/3599 3600/3600/3600
f 3601/3601/3601 3602/3602/3602 3603/3603/3603
f 3604/3604/3604 3605/3605/3605 3606/3606/3606
f 3607/3607/3607 3608/3608/3608 3609/3609/3609
f 3610/3610/3610 3611/3611/3611 3612/3612/3612
f 3613/3613/3613 3614/3614/3614 3615/3615/3615
f 3616/3616/3616 3617/3617/3617 3618/3618/3618
f 3619/3619/3619 3620/3620/3620 3621/3621/3621
f 3622/3622/3622 3623/3623/3623 3624/3624/3624
f 3625/3625/3625 3626/3626/3626 3627/3627/3627
f 3628/3628/3628 3629/3629/3629 3630/3630/3630
f 3631/3631/3631 3632/3632/3632 3633/3633/3633
f 3634/3634/3634 3635/3635/3635 3636/3636/3636
f 3637/3637/3637 3638/3638/3638 3639/3639/3639
f 3640/3640/3640 3641/3641/3641 3642/3642/3642
f 3643/3643/3643 3644/3644/3644 3645/3645/3645
f 3646/3646/3646 3647/3647/3647 3648/3648/3648
f 3649/3649/3649 3650/3650/3650 3651/3651/3651
f 3652/3652/3652 3653/3653/3653 3654/3654/3654
f 3655/3655/3655 3656/3656/3656 3657/3657/3657
f 3658/3658/3658 3659/3659/3659 3660/3660/3660
f 3661/3661/3661 3662/3662/3662 3663/3663/3663
f 3664/3664/3664 3665/3665/3665 3666/3666/3666
f 3667/3667/3667 3668/3668/3668 3669/3669/3669
f 3670/3670/3670 3671/3671/3671 3672/3672/3672
f 3673/3673/3673 3674/3674/3674 3675/3675/3675
f 3676/3676/3676 3677/3677/3677 3678/3678/3678
f 3679/3679/3679 3680/3680/3680 3681/3681/3681
f 3682/3682/3682 3683/3683/3683 3684/3684/3684
f 3685/3685/3685 3686/3686/3686 3687/3687/3687
f 3688/3688/3688 3689/3689/3689 3690/3690/3690
f 3691/3691/3691 3692/3692/3692 3693/3693/3693
f 3694/3694/3694 3695/3695/3695 3696/3696/3696
f 3697/3697/3697 3698/3698/3698 3699/3699/3699
f 3700/3700/3700 3701/3701/3701 3702/3702/3702
f 3703/3703/3703 3704/3704/3704 3705/3705/3705
f 3706/3706/3706 3707/3707/3707 3708/3708/3708
f 3709/3709/3709 3710/3710/3710 3711/3711/3711
f 3712/3712/3712 3713/3713/3713 3714/3714/3714
f 3715/3715/3715 3716/3716/3716 3717/3717/3717
f 3718/3718/3718 3719/3719/3719 3720/3720/3720
f 3721/3721/3721 3722/3722/3722 3723/3723/3723
f 3724/3724/3724 3725/3725/3725 3726/3726/3726
f 3727/3727/3727 3728/3728/3728 3729/3729/3729
f 3730/3730/3730 3731/3731/3731 3732/3732/3732
f 3733/3733/3733 3734/3734/3734 3735/3735/3735
f 3736/3736/3736 3737/3737/3737 3738/3738/3738
f 3739/3739/3739 3740/3740/3740 3741/3741/3741
f 3742/3742/3742 3743/3743/3743 3744/3744/3744
f 3745/3745/3745 3746/3746/3746 3747/3747/3747
f 3748/3748/3748 3749/3749/3749 3750/3750/3750
f 3751/3751/3751 3752/3752/3752 3753/3753/3753
f 3754/3754/3754 3755/3755/3755 3756/3756/3756
f 3757/3757/3757 3758/3758/3758 3759/3759/3759
f 3760/3760/3760 3761/3761/3761 3762/3762/3762
f 3763/3763/3763 3764/3764/3764 3765/3765/3765
f 3766/3766/3766 3767/3767/3767 3768/3768/3768
f 3769/3769/3769 3770/3770/3770 3771/3771/3771
f 3772/3772/3772 3773/3773/3773 3774/3774/3774
f 3775/3775/3775 3776/3776/3776 3777/3777/3777
f 3778/3778/3778 3779/3779/3779 3780/3780/3780
f 3781/3781/3781 3782/3782/3782 3783/3783/3783
f 3784/3784/3784 3785/3785/3785 3786/3786/3786
f 3787/3787/3787 3788/3788/3788 3789/3789/3789
f 3790/3790/3790 3791/3791/3791 3792/3792/3792
f 3793/3793/3793 3794/3794/3794 3795/3795/3795
f 3796/3796/3796 3797/3797/3797 3798/3798/3798
f 3799/3799/3799 3800/3800/3800 3801/3801/3801
f 3802/3802/3802 3803/3803/3803 3804/3804/3804
f 3805/3805/3805 3806/3806/3806 3807/3807/3807
f 3808/3808/3808 3809/3809/3809 3810/3810/3810
f 3811/3811/3811 3812/3812/3812 3813/3813/3813
f 3814/3814/3814 3815/3815/3815 3816/3816/3816
f 3817/3817/3817 3818/3818/3818 3819/3819/3819
f 3820/3820/3820 3821/3821/3821 3822/3822/3822
f 3823/3823/3823 3824/3824/3824 3825/3825/3825
f 3826/3826/3826 3827/3827/3827 3828/3828/3828
f 3829/3829/3829 3830/3830/3830 3831/3831/3831
f 3832/3832/3832 3833/3833/3833 3834/3834/3834
f 3835/3835/3835 3836/3836/3836 3837/3837/3837
f 3838/3838/3838 3839/3839/3839 3840/3840/3840
f 3841/3841/3841 3842/3842/3842 3843/3843/3843
f 3844/3844/3844 3845/3845/3845 3846/3846/3846
f 3847/3847/3847 3848/3848/3848 3849/3849/3849
f 3850/3850/3850 3851/3851/3851 3852/3852/3852
f 3853/3853/3853 3854/3854/3854 3855/3855/3855
f 3856/3856/3856 3857/3857/3857 3858/3858/3858
f 3859/3859/3859 3860/3860/3860 3861/3861/3861
f 3862/3862/3862 3863/3863/3863 3864/3864/3864
f 3865/3865/3865 3866/3866/3866 3867/3867/3867
f 3868/3868/3868 3869/3869/3869 3870/3870/3870
f 3871/3871/3871 3872/3872/3872 3873/3873/3873
f 3874/3874/3874 3875/3875/3875 3876/3876/3876
f 3877/3877/3877 3878/3878/3878 3879/3879/3879
f 3880/3880/3880 3881/3881/3881 3882/3882/3882
f 3883/3883/3883 3884/3884/3884 3885/3885/3885
f 3886/3886/3886 3887/3887/3887 3888/3888/3888
f 3889/3889/3889 3890/3890/3890 3891/3891/3891
f 3892/3892/3892 3893/3893/3893 3894/3894/3894
f 3895/3895/3895 3896/3896/3896 3897/3897/3897
f 3898/3898/3898 3899/3899/3899 3900/3900/3900
f 3901/3901/3901 3902/3902/3902 3903/3903/3903
f 3904/3904/3904 3905/3905/3905 3906/3906/3906
f 3907/3907/3907 3908/3908/3908 3909/3909/3909
f 3910/3910/3910 3911/3911/3911 3912/3912/3912
f 3913/3913/3913 3914/3914/3914 3915/3915/3915
f 3916/3916/3916 3917/3917/3917 3918/3918/3918
f 3919/3919/3919 3920/3920/3920 3921/3921/3921
f 3922/3922/3922 3923/3923/3923 3924/3924/3924
f 3925/3925/3925 3926/3926/3926 3927/3927/3927
f 3928/3928/3928 3929/3929/3929 3930/3930/3930
f 3931/3931/3931 3932/3932/3932 3933/3933/3933
f 3934/3934/3934 3935/3935/3935 3936/3936/3936
f 3937/3937/3937 3938/3938/3938 3939/3939/3939
f 3940/3940/3940 3941/3941/3941 3942/3942/3942
f 3943/3943/3943 3944/3944/3944 3945/3945/3945
f 3946/3946/3946 3947/3947/3947 3948/3948/3948
f 3949/3949/3949 3950/3950/3950 3951/3951/3951
f 3952/3952/3952 3953/3953/3953 3954/3954/3954
f 3955/3955/3955 3956/3956/3956 3957/3957/3957
f 3958/3958/3958 3959/3959/3959 3960/3960/3960
f 3961/3961/3961 3962/3962/3962 3963/3963/3963
f 3964/3964/3964 3965/3965/3965 3966/3966/3966
f 3967/3967/3967 3968/3968/3968 3969/3969/3969
f 3970/3970/3970 3971/3971/3971 3972/3972/3972
f 3973/3973/3973 3974/3974/3974 3975/3975/3975
f 3976/3976/3976 3977/3977/3977 3978/3978/3978
f 3979/3979/3979 3980/3980/3980 3981/3981/3981
f 3982/3982/3982 3983/3983/3983 3984/3984/3984
f 3985/3985/3985 3986/3986/3986 3987/3987/3987
f 3988/3988/3988 3989/3989/3989 3990/3990/3990
f 3991/3991/3991 3992/3992/3992 3993/3993/3993
f 3994/3994/3994 3995/3995/3995 3996/3996/3996
f 3997/3997/3997 3998/3998/3998 3999/3999/3999
f 4000/4000/4000 4001/4001/4001 4002/4002/4002
f 4003/4003/4003 4004/4004/4004 4005/4005/4005
f 4006/4006/4006 4007/4007/4007 4008/4008/4008
f 4009/4009/4009 4010/4010/4010 4011/4011/4011
f 4012/4012/4012 4013/4013/4013 4014/4014/4014
f 4015/4015/4015 4016/4016/4016 4017/4017/4017
f 4018/4018/4018 4019/4019/4019 4020/4020/4020
f 4021/4021/4021 4022/4022/4022 4023/4023/4023
f 4024/4024/4024 4025/4025/4025 4026/4026/4026
f 4027/4027/4027 4028/4028/4028 4029/4029/4029
f 4030/4030/4030 4031/4031/4031 4032/4032/4032
f 4033/4033/4033 4034/4034/4034 4035/4035/4035
f 4036/4036/4036 4037/4037/4037 4038/4038/4038
f 4039/4039/4039 4040/4040/4040 4041/4041/4041
f 4042/4042/4042 4043/4043/4043 4044/4044/4044
f 4045/4045/4045 4046/4046/4046 4047/4047/4047
f 4048/4048/4048 4049/4049/4049 4050/4050/4050
f 4051/4051/4051 4052/4052/4052 4053/4053/4053
f 4054/4054/4054 4055/4055/4055 4056/4056/4056
f 4057/4057/4057 4058/4058/4058 4059/4059/4059
f 4060/4060/4060 4061/4061/4061 4062/4062/4062
f 4063/4063/4063 4064/4064/4064 4065/4065/4065
f 4066/4066/4066 4067/4067/4067 4068/4068/4068
f 4069/4069/4069 4070/4070/4070 4071/4071/4071
f 4072/4072/4072 4073/4073/4073 4074/4074/4074
f 4075/4075/4075 4076/4076/4076 4077/4077/4077
f 4078/4078/4078 4079/4079/4079 4080/4080/4080
f 4081/4081/4081 4082/4082/4082 4083/4083/4083
f 4084/4084/4084 4085/4085/4085 4086/4086/4086
f 4087/4087/4087 4088/4088/4088 4089/4089/4089
f 4090/4090/4090 4091/4091/4091 4092/4092/4092
f 4093/4093/4093 4094/4094/4094 4095/4095/4095
f 4096/4096/4096 4097/4097/4097 4098/4098/4098
f 4099/4099/4099 4100/4100/4100 4101/4101/4101
f 4102/4102/4102 4103/4103/4103 4104/4104/4104
f 4105/4105/4105 4106/4106/4106 4107/4107/4107
f 4108/4108/4108 4109/4109/4109 4110/4110/4110
f 4111/4111/4111 4112/4112/4112 4113/4113/4113
f 4114/4114/4114 4115/4115/4115 4116/4116/4116
f 4117/4117/4117 4118/4118/4118 4119/4119/4119
f 4120/4120/4120 4121/4121/4121 4122/4122/4122
f 4123/4123/4123 4124/4124/4124 4125/4125/4125
f 4126/4126/4126 4127/4127/4127 4128/4128/4128
f 4129/4129/4129 4130/4130/4130 4131/4131/4131
f 4132/4132/4132 4133/4133/4133 4134/4134/4134
f 4135/4135/4135 4136/4136/4136 4137/4137/4137
f 4138/4138/4138 4139/4139/4139 4140/4140/4140
f 4141/4141/4141 4142/4142/4142 4143/4143/4143
f 4144/4144/4144 4145/4145/4145 4146/4146/4146
f 4147/4147/4147 4148/4148/4148 4149/4149/4149
f 4150/4150/4150 4151/4151/4151 4152/4152/4152
f 4153/4153/4153 4154/4154/4154 4155/4155/4155
f 4156/4156/4156 4157/4157/4157 4158/4158/4158
f 4159/4159/4159 4160/4160/4160 4161/4161/4161
f 4162/4162/4162 4163/4163/4163 4164/4164/4164
f 4165/4165/4165 4166/4166/4166 4167/4167/4167
f 4168/4168/4168 4169/4169/4169 4170/4170/4170
f 4171/4171/4171 4172/4172/4172 4173/4173/4173
f 4174/4174/4174 4175/4175/4175 4176/4176/4176
f 4177/4177/4177 4178/4178/4178 4179/4179/4179
f 4180/4180/4180 4181/4181/4181 4182/4182/4182
f 4183/4183/4183 4184/4184/4184 4185/4185/4185
f 4186/4186/4186 4187/4187/4187 4188/4188/4188
f 4189/4189/4189 4190/4190/4190 4191/4191/4191
f 4192/4192/4192 4193/4193/4193 4194/4194/4194
f 4195/4195/4195 4196/4196/4196 4197/4197/4197
f 4198/4198/4198 4199/4199/4199 4200/4200/4200
f 4201/4201/4201 4202/4202/4202 4203/4203/4203
f 4204/4204/4204 4205/4205/4205 4206/4206/4206
f 4207/4207/4207 4208/4208/4208 4209/4209/4209
f 4210/4210/4210 4211/4211/4211 4212/4212/4212
f 4213/4213/4213 4214/4214/4214 4215/4215/4215
f 4216/4216/4216 4217/4217/4217 4218/4218/4218
f 4219/4219/4219 4220/4220/4220 4221/4221/4221
f 4222/4222/4222 4223/4223/4223 4224/4224/4224
f 4225/4225/4225 4226/4226/4226 4227/4227/4227
f 4228/4228/4228 4229/4229/4229 4230/4230/4230
f 4231/4231/4231 4232/4232/4232 4233/4233/4233
f 4234/4234/4234 4235/4235/4235 4236/4236/4236
f 4237/4237/4237 4238/4238/4238 4239/4239/4239
f 4240/4240/4240 4241/4241/4241 4242/4242/4242
f 4243/4243/4243 4244/4244/4244 4245/4245/4245
f 4246/4246/4246 4247/4247/4247 4248/4248/4248
f 4249/4249/4249 4250/4250/4250 4251/4251/4251
f 4252/4252/4252 4253/4253/4253 4254/4254/4254
f 4255/4255/4255 4256/4256/4256 4257/4257/4257
f 4258/4258/4258 4259/4259/4259 4260/4260/4260
f 4261/4261/4261 4262/4262/4262 4263/4263/4263
f 4264/4264/4264 4265/4265/4265 4266/4266/4266
f 4267/4267/4267 4268/4268/4268 4269/4269/4269
f 4270/4270/4270 4271/4271/4271 4272/4272/4272
f 4273/4273/4273 4274/4274/4274 4275/4275/4275
f 4276/4276/4276 4277/4277/4277 4278/4278/4278
