o FBXASC195FBXASC135FBXASC195FBXASC144FBXASC194FBXASC179FBXASC195FBXASC189-FBXASC195FBXASC128FBXASC194FBXASC173FBXASC195FBXASC137FBXASC195FBXASC1728
v 0.6004999876022339 0.04349999874830246 0.1278000010728836
v 0.5920130014419556 0.042663998901844025 0.11931399838924409
v 0.5475000143051147 0.04349999874830246 0.1278000010728836
v 0.5475000143051147 0.04349999874830246 0.1278000010728836
v 0.5920130014419556 0.042663998901844025 0.11931399838924409
v 0.5475000143051147 0.040876999497413635 0.1129220000088215
v 0.5475000143051147 0.040876999497413635 0.1129220000088215
v 0.5920130014419556 0.042663998901844025 0.11931399838924409
v 0.583853006362915 0.040189001709222794 0.11115300120711327
v 0.5475000143051147 0.040876999497413635 0.1129220000088215
v 0.583853006362915 0.040189001709222794 0.11115300120711327
v 0.5763329863548279 0.03616899996995926 0.1036329998254776
v 0.5475000143051147 0.040876999497413635 0.1129220000088215
v 0.5763329863548279 0.03616899996995926 0.1036329998254776
v 0.5475000143051147 0.033323001116514206 0.09983900027275086
v 0.5475000143051147 0.033323001116514206 0.09983900027275086
v 0.5763329863548279 0.03616899996995926 0.1036329998254776
v 0.5697410106658936 0.030758999288082123 0.09704099992215634
v 0.5475000143051147 0.033323001116514206 0.09983900027275086
v 0.5697410106658936 0.030758999288082123 0.09704099992215634
v 0.5643309950828552 0.024166999384760857 0.0916309992402792
v 0.5475000143051147 0.033323001116514206 0.09983900027275086
v 0.5643309950828552 0.024166999384760857 0.0916309992402792
v 0.5475000143051147 0.02174999937415123 0.09012800013571978
v 0.5475000143051147 0.02174999937415123 0.09012800013571978
v 0.5643309950828552 0.024166999384760857 0.0916309992402792
v 0.5603110194206238 0.01664699986577034 0.0876110002949834
v 0.5475000143051147 0.02174999937415123 0.09012800013571978
v 0.5603110194206238 0.01664699986577034 0.0876110002949834
v 0.5475000143051147 0.007553999777883291 0.08496100014001132
v 0.5475000143051147 0.007553999777883291 0.08496100014001132
v 0.5603110194206238 0.01664699986577034 0.0876110002949834
v 0.5578359961509705 0.008485999889671803 0.08513600030839444
v 0.5475000143051147 0.007553999777883291 0.08496100014001132
v 0.5578359961509705 0.008485999889671803 0.08513600030839444
v 0.5569999814033508 0 0.084300000461936
v 0.5475000143051147 0.007553999777883291 0.08496100014001132
v 0.5569999814033508 0 0.084300000461936
v 0.5475000143051147 -0.007553999777883291 0.08496100014001132
v 0.5475000143051147 -0.007553999777883291 0.08496100014001132
v 0.5569999814033508 0 0.084300000461936
v 0.5578359961509705 -0.008485999889671803 0.08513600030839444
v 0.5475000143051147 -0.007553999777883291 0.08496100014001132
v 0.5578359961509705 -0.008485999889671803 0.08513600030839444
v 0.5603110194206238 -0.01664699986577034 0.0876110002949834
v 0.5475000143051147 -0.007553999777883291 0.08496100014001132
v 0.5603110194206238 -0.01664699986577034 0.0876110002949834
v 0.5475000143051147 -0.02174999937415123 0.09012800013571978
v 0.5475000143051147 -0.02174999937415123 0.09012800013571978
v 0.5603110194206238 -0.01664699986577034 0.0876110002949834
v 0.5643309950828552 -0.024166999384760857 0.0916309992402792
v 0.5475000143051147 -0.02174999937415123 0.09012800013571978
v 0.5643309950828552 -0.024166999384760857 0.0916309992402792
v 0.5697410106658936 -0.030758999288082123 0.09704099992215634
v 0.5475000143051147 -0.02174999937415123 0.09012800013571978
v 0.5697410106658936 -0.030758999288082123 0.09704099992215634
v 0.5475000143051147 -0.033323001116514206 0.09983900027275086
v 0.5475000143051147 -0.033323001116514206 0.09983900027275086
v 0.5697410106658936 -0.030758999288082123 0.09704099992215634
v 0.5763329863548279 -0.03616899996995926 0.1036329998254776
v 0.5475000143051147 -0.033323001116514206 0.09983900027275086
v 0.5763329863548279 -0.03616899996995926 0.1036329998254776
v 0.5475000143051147 -0.040876999497413635 0.1129220000088215
v 0.5475000143051147 -0.040876999497413635 0.1129220000088215
v 0.5763329863548279 -0.03616899996995926 0.1036329998254776
v 0.583853006362915 -0.040189001709222794 0.11115300120711327
v 0.5475000143051147 -0.040876999497413635 0.1129220000088215
v 0.583853006362915 -0.040189001709222794 0.11115300120711327
v 0.5920130014419556 -0.042663998901844025 0.11931399838924409
v 0.6004999876022339 -0.04349999874830246 0.1278000010728836
v 0.5475000143051147 -0.04349999874830246 0.1278000010728836
v 0.5920130014419556 -0.042663998901844025 0.11931399838924409
v 0.5920130014419556 -0.042663998901844025 0.11931399838924409
v 0.5475000143051147 -0.04349999874830246 0.1278000010728836
v 0.5475000143051147 -0.040876999497413635 0.1129220000088215
v 0.6004999876022339 0.04349999874830246 0.16591799842119218
v 0.6153780221939087 0.040876999497413635 0.1619319974064827
v 0.6004999876022339 0.04349999874830246 0.1278000010728836
v 0.6004999876022339 0.04349999874830246 0.1278000010728836
v 0.6153780221939087 0.040876999497413635 0.1619319974064827
v 0.6153780221939087 0.040876999497413635 0.0684999998278916
v 0.6004999876022339 0.04349999874830246 0.1278000010728836
v 0.6153780221939087 0.040876999497413635 0.0684999998278916
v 0.6004999876022339 0.04349999874830246 0.0684999998278916
v 0.6153780221939087 0.040876999497413635 0.1619319974064827
v 0.6284610033035278 0.033323001116514206 0.15842600004673005
v 0.6153780221939087 0.040876999497413635 0.0684999998278916
v 0.6153780221939087 0.040876999497413635 0.0684999998278916
v 0.6284610033035278 0.033323001116514206 0.15842600004673005
v 0.6284610033035278 0.033323001116514206 0.0684999998278916
v 0.6284610033035278 0.033323001116514206 0.0684999998278916
v 0.6284610033035278 0.033323001116514206 0.15842600004673005
v 0.6381719708442688 0.02174999937415123 0.15582399653196335
v 0.6284610033035278 0.033323001116514206 0.0684999998278916
v 0.6381719708442688 0.02174999937415123 0.15582399653196335
v 0.6381719708442688 0.02174999937415123 0.0684999998278916
v 0.6381719708442688 0.02174999937415123 0.0684999998278916
v 0.6381719708442688 0.02174999937415123 0.15582399653196335
v 0.6433389782905579 0.007553999777883291 0.1544390006542206
v 0.6381719708442688 0.02174999937415123 0.0684999998278916
v 0.6433389782905579 0.007553999777883291 0.1544390006542206
v 0.6433389782905579 0.007553999777883291 0.0684999998278916
v 0.6433389782905579 0.007553999777883291 0.0684999998278916
v 0.6433389782905579 0.007553999777883291 0.1544390006542206
v 0.6433389782905579 -0.007553999777883291 0.0684999998278916
v 0.6433389782905579 -0.007553999777883291 0.0684999998278916
v 0.6433389782905579 0.007553999777883291 0.1544390006542206
v 0.6433389782905579 -0.007553999777883291 0.1544390006542206
v 0.6433389782905579 -0.007553999777883291 0.0684999998278916
v 0.6433389782905579 -0.007553999777883291 0.1544390006542206
v 0.6381719708442688 -0.02174999937415123 0.0684999998278916
v 0.6381719708442688 -0.02174999937415123 0.0684999998278916
v 0.6433389782905579 -0.007553999777883291 0.1544390006542206
v 0.6381719708442688 -0.02174999937415123 0.15582399653196335
v 0.6381719708442688 -0.02174999937415123 0.0684999998278916
v 0.6381719708442688 -0.02174999937415123 0.15582399653196335
v 0.6284610033035278 -0.033323001116514206 0.0684999998278916
v 0.6284610033035278 -0.033323001116514206 0.0684999998278916
v 0.6381719708442688 -0.02174999937415123 0.15582399653196335
v 0.6284610033035278 -0.033323001116514206 0.15842600004673005
v 0.6284610033035278 -0.033323001116514206 0.0684999998278916
v 0.6284610033035278 -0.033323001116514206 0.15842600004673005
v 0.6153780221939087 -0.040876999497413635 0.0684999998278916
v 0.6153780221939087 -0.040876999497413635 0.0684999998278916
v 0.6284610033035278 -0.033323001116514206 0.15842600004673005
v 0.6153780221939087 -0.040876999497413635 0.1619319974064827
v 0.6153780221939087 -0.040876999497413635 0.0684999998278916
v 0.6153780221939087 -0.040876999497413635 0.1619319974064827
v 0.6004999876022339 -0.04349999874830246 0.1278000010728836
v 0.6004999876022339 -0.04349999874830246 0.1278000010728836
v 0.6153780221939087 -0.040876999497413635 0.1619319974064827
v 0.6004999876022339 -0.04349999874830246 0.16591799842119218
v 0.6004999876022339 -0.04349999874830246 0.1278000010728836
v 0.6004999876022339 -0.04349999874830246 0.0684999998278916
v 0.6153780221939087 -0.040876999497413635 0.0684999998278916
v 0.6004999876022339 -0.04349999874830246 0.1278000010728836
v 0.6004999876022339 -0.04349999874830246 0.16591799842119218
v 0.5920130014419556 -0.042663998901844025 0.13628600003123284
v 0.5920130014419556 -0.042663998901844025 0.13628600003123284
v 0.6004999876022339 -0.04349999874830246 0.16591799842119218
v 0.5856220126152039 -0.040876999497413635 0.16990499781370164
v 0.5920130014419556 -0.042663998901844025 0.13628600003123284
v 0.5856220126152039 -0.040876999497413635 0.16990499781370164
v 0.583853006362915 -0.040189001709222794 0.14444699721336365
v 0.583853006362915 -0.040189001709222794 0.14444699721336365
v 0.5856220126152039 -0.040876999497413635 0.16990499781370164
v 0.5763329863548279 -0.03616899996995926 0.15196700232028962
v 0.5763329863548279 -0.03616899996995926 0.15196700232028962
v 0.5856220126152039 -0.040876999497413635 0.16990499781370164
v 0.5725389719009399 -0.033323001116514206 0.1734099967956543
v 0.5763329863548279 -0.03616899996995926 0.15196700232028962
v 0.5725389719009399 -0.033323001116514206 0.1734099967956543
v 0.5697410106658936 -0.030758999288082123 0.15855900036096574
v 0.5697410106658936 -0.030758999288082123 0.15855900036096574
v 0.5725389719009399 -0.033323001116514206 0.1734099967956543
v 0.5643309950828552 -0.024166999384760857 0.16396900104284287
v 0.5643309950828552 -0.024166999384760857 0.16396900104284287
v 0.5725389719009399 -0.033323001116514206 0.1734099967956543
v 0.562828004360199 -0.02174999937415123 0.176012000310421
v 0.5643309950828552 -0.024166999384760857 0.16396900104284287
v 0.562828004360199 -0.02174999937415123 0.176012000310421
v 0.5603110194206238 -0.01664699986577034 0.1679889990568161
v 0.5603110194206238 -0.01664699986577034 0.1679889990568161
v 0.562828004360199 -0.02174999937415123 0.176012000310421
v 0.5576609969139099 -0.007553999777883291 0.17739700363874436
v 0.5603110194206238 -0.01664699986577034 0.1679889990568161
v 0.5576609969139099 -0.007553999777883291 0.17739700363874436
v 0.5578359961509705 -0.008485999889671803 0.17046399997472764
v 0.5578359961509705 -0.008485999889671803 0.17046399997472764
v 0.5576609969139099 -0.007553999777883291 0.17739700363874436
v 0.5569999814033508 0 0.17129999982118607
v 0.5569999814033508 0 0.17129999982118607
v 0.5576609969139099 -0.007553999777883291 0.17739700363874436
v 0.5576609969139099 0.007553999777883291 0.17739700363874436
v 0.5569999814033508 0 0.17129999982118607
v 0.5576609969139099 0.007553999777883291 0.17739700363874436
v 0.5578359961509705 0.008485999889671803 0.17046399997472764
v 0.5578359961509705 0.008485999889671803 0.17046399997472764
v 0.5576609969139099 0.007553999777883291 0.17739700363874436
v 0.5603110194206238 0.01664699986577034 0.1679889990568161
v 0.5603110194206238 0.01664699986577034 0.1679889990568161
v 0.5576609969139099 0.007553999777883291 0.17739700363874436
v 0.562828004360199 0.02174999937415123 0.176012000310421
v 0.5603110194206238 0.01664699986577034 0.1679889990568161
v 0.562828004360199 0.02174999937415123 0.176012000310421
v 0.5643309950828552 0.024166999384760857 0.16396900104284287
v 0.5643309950828552 0.024166999384760857 0.16396900104284287
v 0.562828004360199 0.02174999937415123 0.176012000310421
v 0.5697410106658936 0.030758999288082123 0.15855900036096574
v 0.5697410106658936 0.030758999288082123 0.15855900036096574
v 0.562828004360199 0.02174999937415123 0.176012000310421
v 0.5725389719009399 0.033323001116514206 0.1734099967956543
v 0.5697410106658936 0.030758999288082123 0.15855900036096574
v 0.5725389719009399 0.033323001116514206 0.1734099967956543
v 0.5763329863548279 0.03616899996995926 0.15196700232028962
v 0.5763329863548279 0.03616899996995926 0.15196700232028962
v 0.5725389719009399 0.033323001116514206 0.1734099967956543
v 0.5856220126152039 0.040876999497413635 0.16990499781370164
v 0.5763329863548279 0.03616899996995926 0.15196700232028962
v 0.5856220126152039 0.040876999497413635 0.16990499781370164
v 0.583853006362915 0.040189001709222794 0.14444699721336365
v 0.583853006362915 0.040189001709222794 0.14444699721336365
v 0.5856220126152039 0.040876999497413635 0.16990499781370164
v 0.5920130014419556 0.042663998901844025 0.13628600003123284
v 0.5920130014419556 0.042663998901844025 0.13628600003123284
v 0.5856220126152039 0.040876999497413635 0.16990499781370164
v 0.6004999876022339 0.04349999874830246 0.16591799842119218
v 0.5920130014419556 0.042663998901844025 0.13628600003123284
v 0.6004999876022339 0.04349999874830246 0.16591799842119218
v 0.6004999876022339 0.04349999874830246 0.1278000010728836
v 0.08449999988079071 0.039000000804662704 0.1278000010728836
v 0.5475000143051147 0.039000000804662704 0.1278000010728836
v 0.08449999988079071 0.03664800152182579 0.11446099938750268
v 0.08449999988079071 0.03664800152182579 0.11446099938750268
v 0.5475000143051147 0.039000000804662704 0.1278000010728836
v 0.5475000143051147 0.03664800152182579 0.11446099938750268
v 0.08449999988079071 0.03664800152182579 0.11446099938750268
v 0.5475000143051147 0.03664800152182579 0.11446099938750268
v 0.08449999988079071 0.029875999316573143 0.10273100087344647
v 0.08449999988079071 0.029875999316573143 0.10273100087344647
v 0.5475000143051147 0.03664800152182579 0.11446099938750268
v 0.5475000143051147 0.029875999316573143 0.10273100087344647
v 0.08449999988079071 0.029875999316573143 0.10273100087344647
v 0.5475000143051147 0.029875999316573143 0.10273100087344647
v 0.08449999988079071 0.019500000402331352 0.09402499930858613
v 0.08449999988079071 0.019500000402331352 0.09402499930858613
v 0.5475000143051147 0.029875999316573143 0.10273100087344647
v 0.5475000143051147 0.019500000402331352 0.09402499930858613
v 0.08449999988079071 0.019500000402331352 0.09402499930858613
v 0.5475000143051147 0.019500000402331352 0.09402499930858613
v 0.08449999988079071 0.006771999876946211 0.08939200011938811
v 0.08449999988079071 0.006771999876946211 0.08939200011938811
v 0.5475000143051147 0.019500000402331352 0.09402499930858613
v 0.5475000143051147 0.006771999876946211 0.08939200011938811
v 0.08449999988079071 0.006771999876946211 0.08939200011938811
v 0.5475000143051147 0.006771999876946211 0.08939200011938811
v 0.08449999988079071 -0.006771999876946211 0.08939200011938811
v 0.08449999988079071 -0.006771999876946211 0.08939200011938811
v 0.5475000143051147 0.006771999876946211 0.08939200011938811
v 0.5475000143051147 -0.006771999876946211 0.08939200011938811
v 0.08449999988079071 -0.006771999876946211 0.08939200011938811
v 0.5475000143051147 -0.006771999876946211 0.08939200011938811
v 0.08449999988079071 -0.019500000402331352 0.09402499930858613
v 0.08449999988079071 -0.019500000402331352 0.09402499930858613
v 0.5475000143051147 -0.006771999876946211 0.08939200011938811
v 0.5475000143051147 -0.019500000402331352 0.09402499930858613
v 0.08449999988079071 -0.019500000402331352 0.09402499930858613
v 0.5475000143051147 -0.019500000402331352 0.09402499930858613
v 0.08449999988079071 -0.029875999316573143 0.10273100087344647
v 0.08449999988079071 -0.029875999316573143 0.10273100087344647
v 0.5475000143051147 -0.019500000402331352 0.09402499930858613
v 0.5475000143051147 -0.029875999316573143 0.10273100087344647
v 0.08449999988079071 -0.029875999316573143 0.10273100087344647
v 0.5475000143051147 -0.029875999316573143 0.10273100087344647
v 0.08449999988079071 -0.03664800152182579 0.11446099938750268
v 0.08449999988079071 -0.03664800152182579 0.11446099938750268
v 0.5475000143051147 -0.029875999316573143 0.10273100087344647
v 0.5475000143051147 -0.03664800152182579 0.11446099938750268
v 0.08449999988079071 -0.03664800152182579 0.11446099938750268
v 0.5475000143051147 -0.03664800152182579 0.11446099938750268
v 0.08449999988079071 -0.039000000804662704 0.1278000010728836
v 0.08449999988079071 -0.039000000804662704 0.1278000010728836
v 0.5475000143051147 -0.03664800152182579 0.11446099938750268
v 0.5475000143051147 -0.039000000804662704 0.1278000010728836
v 0.07450000196695328 -0.008484000340104103 0.0851350000679493
v 0.07444199919700623 -0.008495000191032887 0.08514300012886525
v 0.07450000196695328 0 0.084300000461936
v 0.07450000196695328 0 0.084300000461936
v 0.07444199919700623 -0.008495000191032887 0.08514300012886525
v 0.07273200154304504 -0.008741999976336956 0.0852590000808239
v 0.07450000196695328 0 0.084300000461936
v 0.07273200154304504 -0.008741999976336956 0.0852590000808239
v 0.07104399800300598 -0.008988999761641026 0.08519499959349633
v 0.07104399800300598 -0.008988999761641026 0.08519499959349633
v 0.07273200154304504 -0.008741999976336956 0.0852590000808239
v 0.07233499735593796 -0.01714799925684929 0.08773100027740002
v 0.07104399800300598 -0.008988999761641026 0.08519499959349633
v 0.07233499735593796 -0.01714799925684929 0.08773100027740002
v 0.07027500122785568 -0.017633000388741493 0.0876199996650219
v 0.07027500122785568 -0.017633000388741493 0.0876199996650219
v 0.07233499735593796 -0.01714799925684929 0.08773100027740002
v 0.07176800072193146 -0.024204999208450317 0.09129400016665459
v 0.07027500122785568 -0.017633000388741493 0.0876199996650219
v 0.07176800072193146 -0.024204999208450317 0.09129400016665459
v 0.06917399913072586 -0.024890000000596046 0.09110699990689755
v 0.06917399913072586 -0.024890000000596046 0.09110699990689755
v 0.07176800072193146 -0.024204999208450317 0.09129400016665459
v 0.07102499902248383 -0.030497999861836433 0.09599499987363816
v 0.06917399913072586 -0.024890000000596046 0.09110699990689755
v 0.07102499902248383 -0.030497999861836433 0.09599499987363816
v 0.06773199886083603 -0.03136099874973297 0.09569700086414815
v 0.06773199886083603 -0.03136099874973297 0.09569700086414815
v 0.07102499902248383 -0.030497999861836433 0.09599499987363816
v 0.07012999802827835 -0.03582699969410896 0.10168200010359288
v 0.06773199886083603 -0.03136099874973297 0.09569700086414815
v 0.07012999802827835 -0.03582699969410896 0.10168200010359288
v 0.0659950003027916 -0.036841001361608505 0.10124100023806096
v 0.0659950003027916 -0.036841001361608505 0.10124100023806096
v 0.07012999802827835 -0.03582699969410896 0.10168200010359288
v 0.06911300122737885 -0.04002600163221359 0.10817599879503251
v 0.0659950003027916 -0.036841001361608505 0.10124100023806096
v 0.06911300122737885 -0.04002600163221359 0.10817599879503251
v 0.06402000039815903 -0.04115799814462662 0.1075629985511303
v 0.06402000039815903 -0.04115799814462662 0.1075629985511303
v 0.06911300122737885 -0.04002600163221359 0.10817599879503251
v 0.06800500303506851 -0.04295999929308891 0.11527199881076813
v 0.06402000039815903 -0.04115799814462662 0.1075629985511303
v 0.06800500303506851 -0.04295999929308891 0.11527199881076813
v 0.06186699867248535 -0.04417499899864197 0.11446399824619294
v 0.06186699867248535 -0.04417499899864197 0.11446399824619294
v 0.06800500303506851 -0.04295999929308891 0.11527199881076813
v 0.06683900207281113 -0.044537000358104706 0.12274899916648865
v 0.06186699867248535 -0.04417499899864197 0.11446399824619294
v 0.06683900207281113 -0.044537000358104706 0.12274899916648865
v 0.059602998197078705 -0.04579700157046318 0.12173199864029885
v 0.059602998197078705 -0.04579700157046318 0.12173199864029885
v 0.06683900207281113 -0.044537000358104706 0.12274899916648865
v 0.06565199792385101 -0.044707998633384705 0.13037299947738648
v 0.059602998197078705 -0.04579700157046318 0.12173199864029885
v 0.06565199792385101 -0.044707998633384705 0.13037299947738648
v 0.05729600042104721 -0.045972999185323715 0.12914100127220154
v 0.05729600042104721 -0.045972999185323715 0.12914100127220154
v 0.06565199792385101 -0.044707998633384705 0.13037299947738648
v 0.06447699666023254 -0.043467000126838684 0.13790599839687348
v 0.05729600042104721 -0.045972999185323715 0.12914100127220154
v 0.06447699666023254 -0.043467000126838684 0.13790599839687348
v 0.05501500144600868 -0.044697001576423645 0.13646299974918366
v 0.05501500144600868 -0.044697001576423645 0.13646299974918366
v 0.06447699666023254 -0.043467000126838684 0.13790599839687348
v 0.06342799961566925 -0.04107699915766716 0.14463300095796586
v 0.05501500144600868 -0.044697001576423645 0.13646299974918366
v 0.06342799961566925 -0.04107699915766716 0.14463300095796586
v 0.05297499895095825 -0.04223800078034401 0.14300399856567383
v 0.05297499895095825 -0.04223800078034401 0.14300399856567383
v 0.06342799961566925 -0.04107699915766716 0.14463300095796586
v 0.06244799867272377 -0.037560999393463135 0.1508960037112236
v 0.05297499895095825 -0.04223800078034401 0.14300399856567383
v 0.06244799867272377 -0.037560999393463135 0.1508960037112236
v 0.05107299983501434 -0.03862300142645836 0.14909899817705155
v 0.05107299983501434 -0.03862300142645836 0.14909899817705155
v 0.06244799867272377 -0.037560999393463135 0.1508960037112236
v 0.06156399846076965 -0.03301699832081795 0.15652499930858613
v 0.05107299983501434 -0.03862300142645836 0.14909899817705155
v 0.06156399846076965 -0.03301699832081795 0.15652499930858613
v 0.04935700073838234 -0.03395099937915802 0.15458199964761735
v 0.04935700073838234 -0.03395099937915802 0.15458199964761735
v 0.06156399846076965 -0.03301699832081795 0.15652499930858613
v 0.06080099940299988 -0.0275689996778965 0.1613650007724762
v 0.04935700073838234 -0.03395099937915802 0.15458199964761735
v 0.06080099940299988 -0.0275689996778965 0.1613650007724762
v 0.047874998301267624 -0.028348000720143318 0.15930399881601334
v 0.047874998301267624 -0.028348000720143318 0.15930399881601334
v 0.06080099940299988 -0.0275689996778965 0.1613650007724762
v 0.060180000960826874 -0.021364999935030937 0.16528300033807755
v 0.047874998301267624 -0.028348000720143318 0.15930399881601334
v 0.060180000960826874 -0.021364999935030937 0.16528300033807755
v 0.04667000100016594 -0.021970000118017197 0.16313399957418442
v 0.04667000100016594 -0.021970000118017197 0.16313399957418442
v 0.060180000960826874 -0.021364999935030937 0.16528300033807755
v 0.05971900001168251 -0.01457700040191412 0.1681689976334572
v 0.04667000100016594 -0.021970000118017197 0.16313399957418442
v 0.05971900001168251 -0.01457700040191412 0.1681689976334572
v 0.04577599838376045 -0.014990000054240227 0.16595999734401704
v 0.04577599838376045 -0.014990000054240227 0.16595999734401704
v 0.05971900001168251 -0.01457700040191412 0.1681689976334572
v 0.05943499878048897 -0.0073899999260902405 0.1699379964351654
v 0.04577599838376045 -0.014990000054240227 0.16595999734401704
v 0.05943499878048897 -0.0073899999260902405 0.1699379964351654
v 0.04522399976849556 -0.007598999887704849 0.16769800173044205
v 0.04522399976849556 -0.007598999887704849 0.16769800173044205
v 0.05943499878048897 -0.0073899999260902405 0.1699379964351654
v 0.05178600177168846 0 0.16953699873685837
v 0.04522399976849556 -0.007598999887704849 0.16769800173044205
v 0.05178600177168846 0 0.16953699873685837
v 0.030522000044584274 0 0.1644019989848137
v 0.07450000196695328 -0.008484000340104103 0.0851350000679493
v 0.07450000196695328 -0.016649000346660614 0.08761199960410596
v 0.07444199919700623 -0.008495000191032887 0.08514300012886525
v 0.07444199919700623 -0.008495000191032887 0.08514300012886525
v 0.07450000196695328 -0.016649000346660614 0.08761199960410596
v 0.0744289979338646 -0.016662999987602234 0.08761900035589934
v 0.07444199919700623 -0.008495000191032887 0.08514300012886525
v 0.0744289979338646 -0.016662999987602234 0.08761900035589934
v 0.07273200154304504 -0.008741999976336956 0.0852590000808239
v 0.07273200154304504 -0.008741999976336956 0.0852590000808239
v 0.0744289979338646 -0.016662999987602234 0.08761900035589934
v 0.07233499735593796 -0.01714799925684929 0.08773100027740002
v 0.0744289979338646 -0.016662999987602234 0.08761900035589934
v 0.07450000196695328 -0.016649000346660614 0.08761199960410596
v 0.07440999895334244 -0.023521000519394875 0.0911999999165535
v 0.07440999895334244 -0.023521000519394875 0.0911999999165535
v 0.07450000196695328 -0.016649000346660614 0.08761199960410596
v 0.07450000196695328 -0.024167999625205994 0.09163199948072434
v 0.07440999895334244 -0.023521000519394875 0.0911999999165535
v 0.07450000196695328 -0.024167999625205994 0.09163199948072434
v 0.07176800072193146 -0.024204999208450317 0.09129400016665459
v 0.07176800072193146 -0.024204999208450317 0.09129400016665459
v 0.07450000196695328 -0.024167999625205994 0.09163199948072434
v 0.07102499902248383 -0.030497999861836433 0.09599499987363816
v 0.07102499902248383 -0.030497999861836433 0.09599499987363816
v 0.07450000196695328 -0.024167999625205994 0.09163199948072434
v 0.07438600063323975 -0.029634999111294746 0.0959379992067814
v 0.07438600063323975 -0.029634999111294746 0.0959379992067814
v 0.07450000196695328 -0.024167999625205994 0.09163199948072434
v 0.07450000196695328 -0.030757000669836998 0.09703899944126607
v 0.07438600063323975 -0.029634999111294746 0.0959379992067814
v 0.07450000196695328 -0.030757000669836998 0.09703899944126607
v 0.07102499902248383 -0.030497999861836433 0.09599499987363816
v 0.07102499902248383 -0.030497999861836433 0.09599499987363816
v 0.07450000196695328 -0.030757000669836998 0.09703899944126607
v 0.07012999802827835 -0.03582699969410896 0.10168200010359288
v 0.07012999802827835 -0.03582699969410896 0.10168200010359288
v 0.07450000196695328 -0.030757000669836998 0.09703899944126607
v 0.07435599714517593 -0.03481400012969971 0.10168099986314774
v 0.07435599714517593 -0.03481400012969971 0.10168099986314774
v 0.07450000196695328 -0.030757000669836998 0.09703899944126607
v 0.07450000196695328 -0.03616800159215927 0.10363199958503247
v 0.07435599714517593 -0.03481400012969971 0.10168099986314774
v 0.07450000196695328 -0.03616800159215927 0.10363199958503247
v 0.07012999802827835 -0.03582699969410896 0.10168200010359288
v 0.07012999802827835 -0.03582699969410896 0.10168200010359288
v 0.07450000196695328 -0.03616800159215927 0.10363199958503247
v 0.06911300122737885 -0.04002600163221359 0.10817599879503251
v 0.06911300122737885 -0.04002600163221359 0.10817599879503251
v 0.07450000196695328 -0.03616800159215927 0.10363199958503247
v 0.07432299852371216 -0.03889299929141998 0.10824899958372117
v 0.07432299852371216 -0.03889299929141998 0.10824899958372117
v 0.07450000196695328 -0.03616800159215927 0.10363199958503247
v 0.07450000196695328 -0.04018799960613251 0.11115199910402299
v 0.07432299852371216 -0.03889299929141998 0.10824899958372117
v 0.07450000196695328 -0.04018799960613251 0.11115199910402299
v 0.06911300122737885 -0.04002600163221359 0.10817599879503251
v 0.06911300122737885 -0.04002600163221359 0.10817599879503251
v 0.07450000196695328 -0.04018799960613251 0.11115199910402299
v 0.06800500303506851 -0.04295999929308891 0.11527199881076813
v 0.06800500303506851 -0.04295999929308891 0.11527199881076813
v 0.07450000196695328 -0.04018799960613251 0.11115199910402299
v 0.07428599894046783 -0.04174499958753586 0.11543400050997735
v 0.07428599894046783 -0.04174499958753586 0.11543400050997735
v 0.07450000196695328 -0.04018799960613251 0.11115199910402299
v 0.07450000196695328 -0.042663998901844025 0.11931399838924409
v 0.07428599894046783 -0.04174499958753586 0.11543400050997735
v 0.07450000196695328 -0.042663998901844025 0.11931399838924409
v 0.06800500303506851 -0.04295999929308891 0.11527199881076813
v 0.06800500303506851 -0.04295999929308891 0.11527199881076813
v 0.07450000196695328 -0.042663998901844025 0.11931399838924409
v 0.06683900207281113 -0.044537000358104706 0.12274899916648865
v 0.06683900207281113 -0.044537000358104706 0.12274899916648865
v 0.07450000196695328 -0.042663998901844025 0.11931399838924409
v 0.07424800097942352 -0.04327699914574623 0.12301000045537949
v 0.07424800097942352 -0.04327699914574623 0.12301000045537949
v 0.07450000196695328 -0.042663998901844025 0.11931399838924409
v 0.07450000196695328 -0.04349999874830246 0.1278000010728836
v 0.07424800097942352 -0.04327699914574623 0.12301000045537949
v 0.07450000196695328 -0.04349999874830246 0.1278000010728836
v 0.06683900207281113 -0.044537000358104706 0.12274899916648865
v 0.06683900207281113 -0.044537000358104706 0.12274899916648865
v 0.07450000196695328 -0.04349999874830246 0.1278000010728836
v 0.06565199792385101 -0.044707998633384705 0.13037299947738648
v 0.06565199792385101 -0.044707998633384705 0.13037299947738648
v 0.07450000196695328 -0.04349999874830246 0.1278000010728836
v 0.07420799881219864 -0.04344400018453598 0.1307370013177395
v 0.07420799881219864 -0.04344400018453598 0.1307370013177395
v 0.07450000196695328 -0.04349999874830246 0.1278000010728836
v 0.07450000196695328 -0.042663998901844025 0.13628600003123284
v 0.07420799881219864 -0.04344400018453598 0.1307370013177395
v 0.07450000196695328 -0.042663998901844025 0.13628600003123284
v 0.06565199792385101 -0.044707998633384705 0.13037299947738648
v 0.06565199792385101 -0.044707998633384705 0.13037299947738648
v 0.07450000196695328 -0.042663998901844025 0.13628600003123284
v 0.06447699666023254 -0.043467000126838684 0.13790599839687348
v 0.06447699666023254 -0.043467000126838684 0.13790599839687348
v 0.07450000196695328 -0.042663998901844025 0.13628600003123284
v 0.07417000085115433 -0.04223800078034401 0.1383709965825081
v 0.07417000085115433 -0.04223800078034401 0.1383709965825081
v 0.07450000196695328 -0.042663998901844025 0.13628600003123284
v 0.07450000196695328 -0.04018799960613251 0.14444800304174424
v 0.07417000085115433 -0.04223800078034401 0.1383709965825081
v 0.07450000196695328 -0.04018799960613251 0.14444800304174424
v 0.06447699666023254 -0.043467000126838684 0.13790599839687348
v 0.06447699666023254 -0.043467000126838684 0.13790599839687348
v 0.07450000196695328 -0.04018799960613251 0.14444800304174424
v 0.06342799961566925 -0.04107699915766716 0.14463300095796586
v 0.06342799961566925 -0.04107699915766716 0.14463300095796586
v 0.07450000196695328 -0.04018799960613251 0.14444800304174424
v 0.07413499802350998 -0.03991499915719032 0.14518400119543076
v 0.07413499802350998 -0.03991499915719032 0.14518400119543076
v 0.07450000196695328 -0.04018799960613251 0.14444800304174424
v 0.07450000196695328 -0.03616800159215927 0.1519680006980896
v 0.07413499802350998 -0.03991499915719032 0.14518400119543076
v 0.07450000196695328 -0.03616800159215927 0.1519680006980896
v 0.07410299777984619 -0.03649900108575821 0.15152100311517716
v 0.07410299777984619 -0.03649900108575821 0.15152100311517716
v 0.07450000196695328 -0.03616800159215927 0.1519680006980896
v 0.06244799867272377 -0.037560999393463135 0.1508960037112236
v 0.07410299777984619 -0.03649900108575821 0.15152100311517716
v 0.06244799867272377 -0.037560999393463135 0.1508960037112236
v 0.06342799961566925 -0.04107699915766716 0.14463300095796586
v 0.06244799867272377 -0.037560999393463135 0.1508960037112236
v 0.07450000196695328 -0.03616800159215927 0.1519680006980896
v 0.07407400012016296 -0.03208300098776817 0.15720899986028672
v 0.07407400012016296 -0.03208300098776817 0.15720899986028672
v 0.07450000196695328 -0.03616800159215927 0.1519680006980896
v 0.07450000196695328 -0.030757000669836998 0.1585609971165657
v 0.07407400012016296 -0.03208300098776817 0.15720899986028672
v 0.07450000196695328 -0.030757000669836998 0.1585609971165657
v 0.06156399846076965 -0.03301699832081795 0.15652499930858613
v 0.06156399846076965 -0.03301699832081795 0.15652499930858613
v 0.07450000196695328 -0.030757000669836998 0.1585609971165657
v 0.0740479975938797 -0.026789000257849693 0.16209199862480164
v 0.06156399846076965 -0.03301699832081795 0.15652499930858613
v 0.0740479975938797 -0.026789000257849693 0.16209199862480164
v 0.06080099940299988 -0.0275689996778965 0.1613650007724762
v 0.06080099940299988 -0.0275689996778965 0.1613650007724762
v 0.0740479975938797 -0.026789000257849693 0.16209199862480164
v 0.07402800023555756 -0.020760999992489815 0.16603600071668626
v 0.06080099940299988 -0.0275689996778965 0.1613650007724762
v 0.07402800023555756 -0.020760999992489815 0.16603600071668626
v 0.060180000960826874 -0.021364999935030937 0.16528300033807755
v 0.060180000960826874 -0.021364999935030937 0.16528300033807755
v 0.07402800023555756 -0.020760999992489815 0.16603600071668626
v 0.07401300221681595 -0.014165000058710575 0.16893300251960755
v 0.060180000960826874 -0.021364999935030937 0.16528300033807755
v 0.07401300221681595 -0.014165000058710575 0.16893300251960755
v 0.05971900001168251 -0.01457700040191412 0.1681689976334572
v 0.05971900001168251 -0.01457700040191412 0.1681689976334572
v 0.07401300221681595 -0.014165000058710575 0.16893300251960755
v 0.07400300353765488 -0.007180999964475632 0.17070399807691575
v 0.05971900001168251 -0.01457700040191412 0.1681689976334572
v 0.07400300353765488 -0.007180999964475632 0.17070399807691575
v 0.05943499878048897 -0.0073899999260902405 0.1699379964351654
v 0.05943499878048897 -0.0073899999260902405 0.1699379964351654
v 0.07400300353765488 -0.007180999964475632 0.17070399807691575
v 0.07400000095367432 0 0.17129999982118607
v 0.05943499878048897 -0.0073899999260902405 0.1699379964351654
v 0.07400000095367432 0 0.17129999982118607
v 0.05178600177168846 0 0.16953699873685837
v 0.07450000196695328 -0.030757000669836998 0.1585609971165657
v 0.07450000196695328 -0.024167999625205994 0.16396800266504288
v 0.0740479975938797 -0.026789000257849693 0.16209199862480164
v 0.0740479975938797 -0.026789000257849693 0.16209199862480164
v 0.07450000196695328 -0.024167999625205994 0.16396800266504288
v 0.07402800023555756 -0.020760999992489815 0.16603600071668626
v 0.07450000196695328 -0.024167999625205994 0.16396800266504288
v 0.07450000196695328 -0.016649000346660614 0.16798800067901612
v 0.07402800023555756 -0.020760999992489815 0.16603600071668626
v 0.07402800023555756 -0.020760999992489815 0.16603600071668626
v 0.07450000196695328 -0.016649000346660614 0.16798800067901612
v 0.07401300221681595 -0.014165000058710575 0.16893300251960755
v 0.07450000196695328 -0.016649000346660614 0.16798800067901612
v 0.07450000196695328 -0.008484000340104103 0.17046499835252762
v 0.07401300221681595 -0.014165000058710575 0.16893300251960755
v 0.07401300221681595 -0.014165000058710575 0.16893300251960755
v 0.07450000196695328 -0.008484000340104103 0.17046499835252762
v 0.07400300353765488 -0.007180999964475632 0.17070399807691575
v 0.07450000196695328 -0.008484000340104103 0.17046499835252762
v 0.07450000196695328 0 0.17129999982118607
v 0.07400300353765488 -0.007180999964475632 0.17070399807691575
v 0.07400300353765488 -0.007180999964475632 0.17070399807691575
v 0.07450000196695328 0 0.17129999982118607
v 0.0742499977350235 0 0.17129999982118607
v 0.07400300353765488 -0.007180999964475632 0.17070399807691575
v 0.0742499977350235 0 0.17129999982118607
v 0.07400000095367432 0 0.17129999982118607
v 0.01053099986165762 0 0.15612800257205964
v 0.01823900081217289 -0.008016999810934067 0.15905400203466416
v 0.030522000044584274 0 0.1644019989848137
v 0.030522000044584274 0 0.1644019989848137
v 0.01823900081217289 -0.008016999810934067 0.15905400203466416
v 0.03146199882030487 -0.007807999849319458 0.16404799954891205
v 0.030522000044584274 0 0.1644019989848137
v 0.03146199882030487 -0.007807999849319458 0.16404799954891205
v 0.04522399976849556 -0.007598999887704849 0.16769800173044205
v 0.04522399976849556 -0.007598999887704849 0.16769800173044205
v 0.03146199882030487 -0.007807999849319458 0.16404799954891205
v 0.03227199986577034 -0.015402000397443771 0.16237100051641465
v 0.04522399976849556 -0.007598999887704849 0.16769800173044205
v 0.03227199986577034 -0.015402000397443771 0.16237100051641465
v 0.04577599838376045 -0.014990000054240227 0.16595999734401704
v 0.04577599838376045 -0.014990000054240227 0.16595999734401704
v 0.03227199986577034 -0.015402000397443771 0.16237100051641465
v 0.03358300030231476 -0.02257400006055832 0.1596489979505539
v 0.04577599838376045 -0.014990000054240227 0.16595999734401704
v 0.03358300030231476 -0.02257400006055832 0.1596489979505539
v 0.04667000100016594 -0.021970000118017197 0.16313399957418442
v 0.04667000100016594 -0.021970000118017197 0.16313399957418442
v 0.03358300030231476 -0.02257400006055832 0.1596489979505539
v 0.035353001207113266 -0.029128000140190125 0.1559689997315407
v 0.04667000100016594 -0.021970000118017197 0.16313399957418442
v 0.035353001207113266 -0.029128000140190125 0.1559689997315407
v 0.047874998301267624 -0.028348000720143318 0.15930399881601334
v 0.047874998301267624 -0.028348000720143318 0.15930399881601334
v 0.035353001207113266 -0.029128000140190125 0.1559689997315407
v 0.03752899914979935 -0.03488500043749809 0.15143699781894684
v 0.047874998301267624 -0.028348000720143318 0.15930399881601334
v 0.03752899914979935 -0.03488500043749809 0.15143699781894684
v 0.04935700073838234 -0.03395099937915802 0.15458199964761735
v 0.04935700073838234 -0.03395099937915802 0.15458199964761735
v 0.03752899914979935 -0.03488500043749809 0.15143699781894684
v 0.040049001574516296 -0.03968600183725357 0.14618100063800812
v 0.04935700073838234 -0.03395099937915802 0.15458199964761735
v 0.040049001574516296 -0.03968600183725357 0.14618100063800812
v 0.05107299983501434 -0.03862300142645836 0.14909899817705155
v 0.05107299983501434 -0.03862300142645836 0.14909899817705155
v 0.040049001574516296 -0.03968600183725357 0.14618100063800812
v 0.042844999581575394 -0.04340000078082085 0.1403439997315407
v 0.05107299983501434 -0.03862300142645836 0.14909899817705155
v 0.042844999581575394 -0.04340000078082085 0.1403439997315407
v 0.05297499895095825 -0.04223800078034401 0.14300399856567383
v 0.05297499895095825 -0.04223800078034401 0.14300399856567383
v 0.042844999581575394 -0.04340000078082085 0.1403439997315407
v 0.0458419993519783 -0.04592600092291832 0.1340839995622635
v 0.05297499895095825 -0.04223800078034401 0.14300399856567383
v 0.0458419993519783 -0.04592600092291832 0.1340839995622635
v 0.05501500144600868 -0.044697001576423645 0.13646299974918366
v 0.05501500144600868 -0.044697001576423645 0.13646299974918366
v 0.0458419993519783 -0.04592600092291832 0.1340839995622635
v 0.04919400066137314 -0.04723700135946274 0.1270790009379387
v 0.05501500144600868 -0.044697001576423645 0.13646299974918366
v 0.04919400066137314 -0.04723700135946274 0.1270790009379387
v 0.05729600042104721 -0.045972999185323715 0.12914100127220154
v 0.05729600042104721 -0.045972999185323715 0.12914100127220154
v 0.04919400066137314 -0.04723700135946274 0.1270790009379387
v 0.052584998309612274 -0.04705600067973137 0.11999200122356415
v 0.05729600042104721 -0.045972999185323715 0.12914100127220154
v 0.052584998309612274 -0.04705600067973137 0.11999200122356415
v 0.059602998197078705 -0.04579700157046318 0.12173199864029885
v 0.059602998197078705 -0.04579700157046318 0.12173199864029885
v 0.052584998309612274 -0.04705600067973137 0.11999200122356415
v 0.05591300129890442 -0.04538999870419502 0.11303900020122529
v 0.059602998197078705 -0.04579700157046318 0.12173199864029885
v 0.05591300129890442 -0.04538999870419502 0.11303900020122529
v 0.06186699867248535 -0.04417499899864197 0.11446399824619294
v 0.06186699867248535 -0.04417499899864197 0.11446399824619294
v 0.05591300129890442 -0.04538999870419502 0.11303900020122529
v 0.05907600000500679 -0.04228999838232994 0.10643200041651726
v 0.06186699867248535 -0.04417499899864197 0.11446399824619294
v 0.05907600000500679 -0.04228999838232994 0.10643200041651726
v 0.06402000039815903 -0.04115799814462662 0.1075629985511303
v 0.06402000039815903 -0.04115799814462662 0.1075629985511303
v 0.05907600000500679 -0.04228999838232994 0.10643200041651726
v 0.06197800114750862 -0.03785400092601776 0.10037699924707413
v 0.06402000039815903 -0.04115799814462662 0.1075629985511303
v 0.06197800114750862 -0.03785400092601776 0.10037699924707413
v 0.0659950003027916 -0.036841001361608505 0.10124100023806096
v 0.0659950003027916 -0.036841001361608505 0.10124100023806096
v 0.06197800114750862 -0.03785400092601776 0.10037699924707413
v 0.06452900171279907 -0.03222300112247467 0.0950600004374981
v 0.0659950003027916 -0.036841001361608505 0.10124100023806096
v 0.06452900171279907 -0.03222300112247467 0.0950600004374981
v 0.06773199886083603 -0.03136099874973297 0.09569700086414815
v 0.06773199886083603 -0.03136099874973297 0.09569700086414815
v 0.06452900171279907 -0.03222300112247467 0.0950600004374981
v 0.0666470006108284 -0.02557400055229664 0.09065100015997887
v 0.06773199886083603 -0.03136099874973297 0.09569700086414815
v 0.0666470006108284 -0.02557400055229664 0.09065100015997887
v 0.06917399913072586 -0.024890000000596046 0.09110699990689755
v 0.06917399913072586 -0.024890000000596046 0.09110699990689755
v 0.0666470006108284 -0.02557400055229664 0.09065100015997887
v 0.0682620033621788 -0.01811799965798855 0.08729700023233891
v 0.06917399913072586 -0.024890000000596046 0.09110699990689755
v 0.0682620033621788 -0.01811799965798855 0.08729700023233891
v 0.07027500122785568 -0.017633000388741493 0.0876199996650219
v 0.07027500122785568 -0.017633000388741493 0.0876199996650219
v 0.0682620033621788 -0.01811799965798855 0.08729700023233891
v 0.06939099729061127 -0.009236999787390232 0.08495800034999848
v 0.07027500122785568 -0.017633000388741493 0.0876199996650219
v 0.06939099729061127 -0.009236999787390232 0.08495800034999848
v 0.07104399800300598 -0.008988999761641026 0.08519499959349633
v 0.07104399800300598 -0.008988999761641026 0.08519499959349633
v 0.06939099729061127 -0.009236999787390232 0.08495800034999848
v 0.07450000196695328 0 0.084300000461936
v 0.01823900081217289 -0.008016999810934067 0.15905400203466416
v 0.01053099986165762 0 0.15612800257205964
v 0.00534699996933341 -0.008231000043451786 0.15261100070476533
v 0.00534699996933341 -0.008231000043451786 0.15261100070476533
v 0.01053099986165762 0 0.15612800257205964
v -0.007864000275731087 0 0.14494699822664261
v 0.00534699996933341 -0.008231000043451786 0.15261100070476533
v -0.007864000275731087 0 0.14494699822664261
v -0.006787000223994255 -0.008445000275969505 0.14489599900245667
v -0.006787000223994255 -0.008445000275969505 0.14489599900245667
v -0.007864000275731087 0 0.14494699822664261
v -0.018063999712467194 -0.00865899957716465 0.1359780004799366
v -0.006787000223994255 -0.008445000275969505 0.14489599900245667
v -0.018063999712467194 -0.00865899957716465 0.1359780004799366
v -0.016342999413609505 -0.01708099991083145 0.13481899933815003
v -0.016342999413609505 -0.01708099991083145 0.13481899933815003
v -0.018063999712467194 -0.00865899957716465 0.1359780004799366
v -0.026481999084353447 -0.017503999173641205 0.12496099831461907
v -0.016342999413609505 -0.01708099991083145 0.13481899933815003
v -0.026481999084353447 -0.017503999173641205 0.12496099831461907
v -0.023384999483823776 -0.025654999539256096 0.12340200157761574
v -0.023384999483823776 -0.025654999539256096 0.12340200157761574
v -0.026481999084353447 -0.017503999173641205 0.12496099831461907
v -0.03222699835896492 -0.026273999363183975 0.11284600036144257
v -0.023384999483823776 -0.025654999539256096 0.12340200157761574
v -0.03222699835896492 -0.026273999363183975 0.11284600036144257
v -0.027665000408887863 -0.03390200063586235 0.11121500121355057
v -0.027665000408887863 -0.03390200063586235 0.11121500121355057
v -0.03222699835896492 -0.026273999363183975 0.11284600036144257
v -0.035103000700473785 -0.03470100089907646 0.10022499995231629
v -0.027665000408887863 -0.03390200063586235 0.11121500121355057
v -0.035103000700473785 -0.03470100089907646 0.10022499995231629
v -0.02907700091600418 -0.04155899956822395 0.09884900065064431
v -0.02907700091600418 -0.04155899956822395 0.09884900065064431
v -0.035103000700473785 -0.03470100089907646 0.10022499995231629
v -0.035055000334978104 -0.042514998465776443 0.08768900042325259
v -0.02907700091600418 -0.04155899956822395 0.09884900065064431
v -0.035055000334978104 -0.042514998465776443 0.08768900042325259
v -0.027654999867081642 -0.04836700111627579 0.08687100024819375
v -0.027654999867081642 -0.04836700111627579 0.08687100024819375
v -0.035055000334978104 -0.042514998465776443 0.08768900042325259
v -0.0327799990773201 -0.04905499890446663 0.0758
v -0.027654999867081642 -0.04836700111627579 0.08687100024819375
v -0.0327799990773201 -0.04905499890446663 0.0758
v -0.022579999640583992 -0.05450800061225891 0.0758
v -0.007864000275731087 0 0.14494699822664261
v -0.024336999282240868 0 0.13109100075364113
v -0.018063999712467194 -0.00865899957716465 0.1359780004799366
v -0.018063999712467194 -0.00865899957716465 0.1359780004799366
v -0.024336999282240868 0 0.13109100075364113
v -0.028387000784277916 -0.00887299980968237 0.12592800171971322
v -0.018063999712467194 -0.00865899957716465 0.1359780004799366
v -0.028387000784277916 -0.00887299980968237 0.12592800171971322
v -0.026481999084353447 -0.017503999173641205 0.12496099831461907
v -0.026481999084353447 -0.017503999173641205 0.12496099831461907
v -0.028387000784277916 -0.00887299980968237 0.12592800171971322
v -0.03559200093150139 -0.01792600005865097 0.11406100006699563
v -0.026481999084353447 -0.017503999173641205 0.12496099831461907
v -0.03559200093150139 -0.01792600005865097 0.11406100006699563
v -0.03222699835896492 -0.026273999363183975 0.11284600036144257
v -0.03222699835896492 -0.026273999363183975 0.11284600036144257
v -0.03559200093150139 -0.01792600005865097 0.11406100006699563
v -0.03998199850320816 -0.026892999187111855 0.1013500003695488
v -0.03222699835896492 -0.026273999363183975 0.11284600036144257
v -0.03998199850320816 -0.026892999187111855 0.1013500003695488
v -0.035103000700473785 -0.03470100089907646 0.10022499995231629
v -0.035103000700473785 -0.03470100089907646 0.10022499995231629
v -0.03998199850320816 -0.026892999187111855 0.1013500003695488
v -0.04141499847173691 -0.03550000116229057 0.08839899977594615
v -0.035103000700473785 -0.03470100089907646 0.10022499995231629
v -0.04141499847173691 -0.03550000116229057 0.08839899977594615
v -0.035055000334978104 -0.042514998465776443 0.08768900042325259
v -0.035055000334978104 -0.042514998465776443 0.08768900042325259
v -0.04141499847173691 -0.03550000116229057 0.08839899977594615
v -0.041721999645233154 -0.04171700030565262 0.0758
v -0.035055000334978104 -0.042514998465776443 0.08768900042325259
v -0.041721999645233154 -0.04171700030565262 0.0758
v -0.0327799990773201 -0.04905499890446663 0.0758
v -0.024336999282240868 0 0.13109100075364113
v -0.03856699913740158 0 0.1147930009841919
v -0.028387000784277916 -0.00887299980968237 0.12592800171971322
v -0.028387000784277916 -0.00887299980968237 0.12592800171971322
v -0.03856699913740158 0 0.1147930009841919
v -0.03765900060534477 -0.009088000282645226 0.11481499882340432
v -0.028387000784277916 -0.00887299980968237 0.12592800171971322
v -0.03765900060534477 -0.009088000282645226 0.11481499882340432
v -0.03559200093150139 -0.01792600005865097 0.11406100006699563
v -0.03559200093150139 -0.01792600005865097 0.11406100006699563
v -0.03765900060534477 -0.009088000282645226 0.11481499882340432
v -0.04357700049877167 -0.018348999321460724 0.10218800069689751
v -0.03559200093150139 -0.01792600005865097 0.11406100006699563
v -0.04357700049877167 -0.018348999321460724 0.10218800069689751
v -0.03998199850320816 -0.026892999187111855 0.1013500003695488
v -0.03998199850320816 -0.026892999187111855 0.1013500003695488
v -0.04357700049877167 -0.018348999321460724 0.10218800069689751
v -0.04655800014734268 -0.027512000873684883 0.08897899953573943
v -0.03998199850320816 -0.026892999187111855 0.1013500003695488
v -0.04655800014734268 -0.027512000873684883 0.08897899953573943
v -0.04141499847173691 -0.03550000116229057 0.08839899977594615
v -0.04141499847173691 -0.03550000116229057 0.08839899977594615
v -0.04655800014734268 -0.027512000873684883 0.08897899953573943
v -0.04905499890446663 -0.0327799990773201 0.0758
v -0.04141499847173691 -0.03550000116229057 0.08839899977594615
v -0.04905499890446663 -0.0327799990773201 0.0758
v -0.041721999645233154 -0.04171700030565262 0.0758
v -0.03765900060534477 -0.009088000282645226 0.11481499882340432
v -0.03856699913740158 0 0.1147930009841919
v -0.045781999826431274 -0.00930199958384037 0.10270899930894375
v -0.045781999826431274 -0.00930199958384037 0.10270899930894375
v -0.03856699913740158 0 0.1147930009841919
v -0.05022900179028511 0 0.09628500068485737
v -0.045781999826431274 -0.00930199958384037 0.10270899930894375
v -0.05022900179028511 0 0.09628500068485737
v -0.05265900120139122 -0.00951599981635809 0.08968099975883961
v -0.05265900120139122 -0.00951599981635809 0.08968099975883961
v -0.05022900179028511 0 0.09628500068485737
v -0.05900000035762787 0 0.0758
v -0.05265900120139122 -0.00951599981635809 0.08968099975883961
v -0.05900000035762787 0 0.0758
v -0.05786700174212456 -0.011506999842822552 0.0758
v -0.05265900120139122 -0.00951599981635809 0.08968099975883961
v -0.05786700174212456 -0.011506999842822552 0.0758
v -0.050342001020908356 -0.01877100020647049 0.08941200027167798
v -0.050342001020908356 -0.01877100020647049 0.08941200027167798
v -0.05786700174212456 -0.011506999842822552 0.0758
v -0.05450800061225891 -0.022582000121474266 0.0758
v -0.050342001020908356 -0.01877100020647049 0.08941200027167798
v -0.05450800061225891 -0.022582000121474266 0.0758
v -0.04655800014734268 -0.027512000873684883 0.08897899953573943
v -0.04655800014734268 -0.027512000873684883 0.08897899953573943
v -0.05450800061225891 -0.022582000121474266 0.0758
v -0.04905499890446663 -0.0327799990773201 0.0758
v -0.011509999632835388 -0.05786599963903427 0.0758
v -0.010563000105321407 -0.05597199872136116 0.08499799972325564
v -0.022579999640583992 -0.05450800061225891 0.0758
v -0.022579999640583992 -0.05450800061225891 0.0758
v -0.010563000105321407 -0.05597199872136116 0.08499799972325564
v -0.019416000694036484 -0.052893999963998795 0.08596599964350463
v -0.022579999640583992 -0.05450800061225891 0.0758
v -0.019416000694036484 -0.052893999963998795 0.08596599964350463
v -0.027654999867081642 -0.04836700111627579 0.08687100024819375
v -0.027654999867081642 -0.04836700111627579 0.08687100024819375
v -0.019416000694036484 -0.052893999963998795 0.08596599964350463
v -0.02206999994814396 -0.0472790002822876 0.09726000042557717
v -0.027654999867081642 -0.04836700111627579 0.08687100024819375
v -0.02206999994814396 -0.0472790002822876 0.09726000042557717
v -0.02907700091600418 -0.04155899956822395 0.09884900065064431
v -0.02907700091600418 -0.04155899956822395 0.09884900065064431
v -0.02206999994814396 -0.0472790002822876 0.09726000042557717
v -0.022036999464035034 -0.04060199856758118 0.10921799974441529
v -0.02907700091600418 -0.04155899956822395 0.09884900065064431
v -0.022036999464035034 -0.04060199856758118 0.10921799974441529
v -0.027665000408887863 -0.03390200063586235 0.11121500121355057
v -0.027665000408887863 -0.03390200063586235 0.11121500121355057
v -0.022036999464035034 -0.04060199856758118 0.10921799974441529
v -0.01919100061058998 -0.03310300037264824 0.12130600051879883
v -0.027665000408887863 -0.03390200063586235 0.11121500121355057
v -0.01919100061058998 -0.03310300037264824 0.12130600051879883
v -0.023384999483823776 -0.025654999539256096 0.12340200157761574
v -0.023384999483823776 -0.025654999539256096 0.12340200157761574
v -0.01919100061058998 -0.03310300037264824 0.12130600051879883
v -0.013547999784350395 -0.025035999715328217 0.1329499988436699
v -0.023384999483823776 -0.025654999539256096 0.12340200157761574
v -0.013547999784350395 -0.025035999715328217 0.1329499988436699
v -0.016342999413609505 -0.01708099991083145 0.13481899933815003
v -0.016342999413609505 -0.01708099991083145 0.13481899933815003
v -0.013547999784350395 -0.025035999715328217 0.1329499988436699
v -0.005270000081509352 -0.016659000888466835 0.14356899844408036
v -0.016342999413609505 -0.01708099991083145 0.13481899933815003
v -0.005270000081509352 -0.016659000888466835 0.14356899844408036
v -0.006787000223994255 -0.008445000275969505 0.14489599900245667
v -0.006787000223994255 -0.008445000275969505 0.14489599900245667
v -0.005270000081509352 -0.016659000888466835 0.14356899844408036
v 0.00534699996933341 -0.008231000043451786 0.15261100070476533
v -0.010563000105321407 -0.05597199872136116 0.08499799972325564
v -0.011509999632835388 -0.05786599963903427 0.0758
v -0.0006459999713115394 -0.05756999924778938 0.08391600033193827
v -0.0006459999713115394 -0.05756999924778938 0.08391600033193827
v -0.011509999632835388 -0.05786599963903427 0.0758
v 0 -0.05900000035762787 0.0758
v -0.0006459999713115394 -0.05756999924778938 0.08391600033193827
v 0 -0.05900000035762787 0.0758
v 0.009390000253915787 -0.057349998503923416 0.08282300015836955
v 0.009390000253915787 -0.057349998503923416 0.08282300015836955
v 0 -0.05900000035762787 0.0758
v 0.011509999632835388 -0.05786599963903427 0.0758
v 0.009390000253915787 -0.057349998503923416 0.08282300015836955
v 0.011509999632835388 -0.05786599963903427 0.0758
v 0.019231999292969704 -0.05531900003552437 0.08174899989664555
v 0.019231999292969704 -0.05531900003552437 0.08174899989664555
v 0.011509999632835388 -0.05786599963903427 0.0758
v 0.022579999640583992 -0.05450800061225891 0.0758
v 0.019231999292969704 -0.05531900003552437 0.08174899989664555
v 0.022579999640583992 -0.05450800061225891 0.0758
v 0.028568999841809273 -0.05153999850153923 0.08072700003087521
v 0.028568999841809273 -0.05153999850153923 0.08072700003087521
v 0.022579999640583992 -0.05450800061225891 0.0758
v 0.0327799990773201 -0.04905499890446663 0.0758
v 0.028568999841809273 -0.05153999850153923 0.08072700003087521
v 0.0327799990773201 -0.04905499890446663 0.0758
v 0.03711000084877014 -0.04613500088453293 0.07978699985817075
v 0.03711000084877014 -0.04613500088453293 0.07978699985817075
v 0.0327799990773201 -0.04905499890446663 0.0758
v 0.041721999645233154 -0.04171700030565262 0.0758
v 0.03711000084877014 -0.04613500088453293 0.07978699985817075
v 0.041721999645233154 -0.04171700030565262 0.0758
v 0.044585999101400375 -0.0392719991505146 0.07895700005739928
v 0.044585999101400375 -0.0392719991505146 0.07895700005739928
v 0.041721999645233154 -0.04171700030565262 0.0758
v 0.04905499890446663 -0.0327799990773201 0.0758
v 0.044585999101400375 -0.0392719991505146 0.07895700005739928
v 0.04905499890446663 -0.0327799990773201 0.0758
v 0.05076000094413757 -0.031168999150395393 0.07826399990282953
v 0.05076000094413757 -0.031168999150395393 0.07826399990282953
v 0.04905499890446663 -0.0327799990773201 0.0758
v 0.05450800061225891 -0.022582000121474266 0.0758
v 0.05076000094413757 -0.031168999150395393 0.07826399990282953
v 0.05450800061225891 -0.022582000121474266 0.0758
v 0.05543399974703789 -0.022081000730395317 0.07773300005048514
v 0.05543399974703789 -0.022081000730395317 0.07773300005048514
v 0.05450800061225891 -0.022582000121474266 0.0758
v 0.05867199972271919 -0.011257000267505646 0.07735899999663234
v 0.05543399974703789 -0.022081000730395317 0.07773300005048514
v 0.05867199972271919 -0.011257000267505646 0.07735899999663234
v 0.056547001004219055 -0.021585000678896904 0.0795229999434203
v 0.056547001004219055 -0.021585000678896904 0.0795229999434203
v 0.05867199972271919 -0.011257000267505646 0.07735899999663234
v 0.059627000242471695 -0.011003999970853329 0.07879900001846254
v 0.056547001004219055 -0.021585000678896904 0.0795229999434203
v 0.059627000242471695 -0.011003999970853329 0.07879900001846254
v 0.057833001017570496 -0.021088000386953354 0.08116199985072017
v 0.057833001017570496 -0.021088000386953354 0.08116199985072017
v 0.059627000242471695 -0.011003999970853329 0.07879900001846254
v 0.060717999935150146 -0.01075000036507845 0.08011300001218916
v 0.057833001017570496 -0.021088000386953354 0.08116199985072017
v 0.060717999935150146 -0.01075000036507845 0.08011300001218916
v 0.059275999665260315 -0.020591000095009804 0.08264100016951562
v 0.059275999665260315 -0.020591000095009804 0.08264100016951562
v 0.060717999935150146 -0.01075000036507845 0.08011300001218916
v 0.06193400174379349 -0.010497000068426132 0.08129500016495586
v 0.059275999665260315 -0.020591000095009804 0.08264100016951562
v 0.06193400174379349 -0.010497000068426132 0.08129500016495586
v 0.060860998928546906 -0.020093999803066254 0.08395000012516976
v 0.060860998928546906 -0.020093999803066254 0.08395000012516976
v 0.06193400174379349 -0.010497000068426132 0.08129500016495586
v 0.0632610023021698 -0.010243999771773815 0.08233700018301607
v 0.060860998928546906 -0.020093999803066254 0.08395000012516976
v 0.0632610023021698 -0.010243999771773815 0.08233700018301607
v 0.06257200241088867 -0.019596999511122704 0.08507999988198281
v 0.06257200241088867 -0.019596999511122704 0.08507999988198281
v 0.0632610023021698 -0.010243999771773815 0.08233700018301607
v 0.06468699872493744 -0.009990000165998936 0.08323199978023768
v 0.06257200241088867 -0.019596999511122704 0.08507999988198281
v 0.06468699872493744 -0.009990000165998936 0.08323199978023768
v 0.06439399719238281 -0.019099999219179153 0.08602300031036139
v 0.06439399719238281 -0.019099999219179153 0.08602300031036139
v 0.06468699872493744 -0.009990000165998936 0.08323199978023768
v 0.06619899719953537 -0.009736999869346619 0.0839740003079176
v 0.06439399719238281 -0.019099999219179153 0.08602300031036139
v 0.06619899719953537 -0.009736999869346619 0.0839740003079176
v 0.06631200015544891 -0.018603000789880753 0.08676799969673157
v 0.06631200015544891 -0.018603000789880753 0.08676799969673157
v 0.06619899719953537 -0.009736999869346619 0.0839740003079176
v 0.06778399646282196 -0.009483999572694302 0.08455400006771088
v 0.06631200015544891 -0.018603000789880753 0.08676799969673157
v 0.06778399646282196 -0.009483999572694302 0.08455400006771088
v 0.0682620033621788 -0.01811799965798855 0.08729700023233891
v 0.0682620033621788 -0.01811799965798855 0.08729700023233891
v 0.06778399646282196 -0.009483999572694302 0.08455400006771088
v 0.06939099729061127 -0.009236999787390232 0.08495800034999848
v 0.05450800061225891 -0.022582000121474266 0.0758
v 0.05786700174212456 -0.011506999842822552 0.0758
v 0.05867199972271919 -0.011257000267505646 0.07735899999663234
v 0.05867199972271919 -0.011257000267505646 0.07735899999663234
v 0.05786700174212456 -0.011506999842822552 0.0758
v 0.06168200075626373 0 0.07973400015309454
v 0.05867199972271919 -0.011257000267505646 0.07735899999663234
v 0.06168200075626373 0 0.07973400015309454
v 0.059627000242471695 -0.011003999970853329 0.07879900001846254
v 0.059627000242471695 -0.011003999970853329 0.07879900001846254
v 0.06168200075626373 0 0.07973400015309454
v 0.060717999935150146 -0.01075000036507845 0.08011300001218916
v 0.05786700174212456 -0.011506999842822552 0.0758
v 0.05900000035762787 0 0.0758
v 0.06168200075626373 0 0.07973400015309454
v 0.06168200075626373 0 0.07973400015309454
v 0.06536500155925751 0 0.08257500013262034
v 0.060717999935150146 -0.01075000036507845 0.08011300001218916
v 0.060717999935150146 -0.01075000036507845 0.08011300001218916
v 0.06536500155925751 0 0.08257500013262034
v 0.06193400174379349 -0.010497000068426132 0.08129500016495586
v 0.06974100321531296 0 0.08415399981588126
v 0.06468699872493744 -0.009990000165998936 0.08323199978023768
v 0.06536500155925751 0 0.08257500013262034
v 0.06536500155925751 0 0.08257500013262034
v 0.06468699872493744 -0.009990000165998936 0.08323199978023768
v 0.0632610023021698 -0.010243999771773815 0.08233700018301607
v 0.06536500155925751 0 0.08257500013262034
v 0.0632610023021698 -0.010243999771773815 0.08233700018301607
v 0.06193400174379349 -0.010497000068426132 0.08129500016495586
v 0.07450000196695328 0 0.084300000461936
v 0.06939099729061127 -0.009236999787390232 0.08495800034999848
v 0.06974100321531296 0 0.08415399981588126
v 0.06974100321531296 0 0.08415399981588126
v 0.06939099729061127 -0.009236999787390232 0.08495800034999848
v 0.06778399646282196 -0.009483999572694302 0.08455400006771088
v 0.06974100321531296 0 0.08415399981588126
v 0.06778399646282196 -0.009483999572694302 0.08455400006771088
v 0.06619899719953537 -0.009736999869346619 0.0839740003079176
v 0.06468699872493744 -0.009990000165998936 0.08323199978023768
v 0.06974100321531296 0 0.08415399981588126
v 0.06619899719953537 -0.009736999869346619 0.0839740003079176
v 0.06244799867272377 -0.037560999393463135 0.1508960037112236
v 0.07407400012016296 -0.03208300098776817 0.15720899986028672
v 0.06156399846076965 -0.03301699832081795 0.15652499930858613
v 0.06342799961566925 -0.04107699915766716 0.14463300095796586
v 0.07413499802350998 -0.03991499915719032 0.14518400119543076
v 0.07410299777984619 -0.03649900108575821 0.15152100311517716
v 0.07233499735593796 -0.01714799925684929 0.08773100027740002
v 0.0744289979338646 -0.016662999987602234 0.08761900035589934
v 0.07440999895334244 -0.023521000519394875 0.0911999999165535
v 0.07176800072193146 -0.024204999208450317 0.09129400016665459
v 0.07233499735593796 -0.01714799925684929 0.08773100027740002
v 0.07440999895334244 -0.023521000519394875 0.0911999999165535
v 0.03227199986577034 -0.015402000397443771 0.16237100051641465
v 0.03146199882030487 -0.007807999849319458 0.16404799954891205
v 0.019294999539852142 -0.015814000740647316 0.15746500180959702
v 0.019294999539852142 -0.015814000740647316 0.15746500180959702
v 0.03146199882030487 -0.007807999849319458 0.16404799954891205
v 0.01823900081217289 -0.008016999810934067 0.15905400203466416
v 0.019294999539852142 -0.015814000740647316 0.15746500180959702
v 0.01823900081217289 -0.008016999810934067 0.15905400203466416
v 0.006641000043600798 -0.01623700000345707 0.15114000277519227
v 0.006641000043600798 -0.01623700000345707 0.15114000277519227
v 0.01823900081217289 -0.008016999810934067 0.15905400203466416
v 0.00534699996933341 -0.008231000043451786 0.15261100070476533
v 0.006641000043600798 -0.01623700000345707 0.15114000277519227
v 0.00534699996933341 -0.008231000043451786 0.15261100070476533
v -0.005270000081509352 -0.016659000888466835 0.14356899844408036
v 0.03358300030231476 -0.02257400006055832 0.1596489979505539
v 0.03227199986577034 -0.015402000397443771 0.16237100051641465
v 0.02100599929690361 -0.02317800000309944 0.15489200340509415
v 0.02100599929690361 -0.02317800000309944 0.15489200340509415
v 0.03227199986577034 -0.015402000397443771 0.16237100051641465
v 0.019294999539852142 -0.015814000740647316 0.15746500180959702
v 0.02100599929690361 -0.02317800000309944 0.15489200340509415
v 0.019294999539852142 -0.015814000740647316 0.15746500180959702
v 0.008740000426769257 -0.02379699982702732 0.1487610025882721
v 0.008740000426769257 -0.02379699982702732 0.1487610025882721
v 0.019294999539852142 -0.015814000740647316 0.15746500180959702
v 0.006641000043600798 -0.01623700000345707 0.15114000277519227
v 0.008740000426769257 -0.02379699982702732 0.1487610025882721
v 0.006641000043600798 -0.01623700000345707 0.15114000277519227
v -0.0028089999686926603 -0.024416999891400337 0.14142499701976777
v -0.0028089999686926603 -0.024416999891400337 0.14142499701976777
v 0.006641000043600798 -0.01623700000345707 0.15114000277519227
v -0.005270000081509352 -0.016659000888466835 0.14356899844408036
v -0.0028089999686926603 -0.024416999891400337 0.14142499701976777
v -0.005270000081509352 -0.016659000888466835 0.14356899844408036
v -0.013547999784350395 -0.025035999715328217 0.1329499988436699
v 0.035353001207113266 -0.029128000140190125 0.1559689997315407
v 0.03358300030231476 -0.02257400006055832 0.1596489979505539
v 0.0233169998973608 -0.02990799956023693 0.1514170004606247
v 0.0233169998973608 -0.02990799956023693 0.1514170004606247
v 0.03358300030231476 -0.02257400006055832 0.1596489979505539
v 0.02100599929690361 -0.02317800000309944 0.15489200340509415
v 0.0233169998973608 -0.02990799956023693 0.1514170004606247
v 0.02100599929690361 -0.02317800000309944 0.15489200340509415
v 0.011575000360608101 -0.030706999823451042 0.145553997027874
v 0.011575000360608101 -0.030706999823451042 0.145553997027874
v 0.02100599929690361 -0.02317800000309944 0.15489200340509415
v 0.008740000426769257 -0.02379699982702732 0.1487610025882721
v 0.011575000360608101 -0.030706999823451042 0.145553997027874
v 0.008740000426769257 -0.02379699982702732 0.1487610025882721
v 0.0005179999861866236 -0.031505998224020004 0.13853899972438813
v 0.0005179999861866236 -0.031505998224020004 0.13853899972438813
v 0.008740000426769257 -0.02379699982702732 0.1487610025882721
v -0.0028089999686926603 -0.024416999891400337 0.14142499701976777
v 0.0005179999861866236 -0.031505998224020004 0.13853899972438813
v -0.0028089999686926603 -0.024416999891400337 0.14142499701976777
v -0.009766999632120132 -0.03230400010943413 0.13043499948382378
v -0.009766999632120132 -0.03230400010943413 0.13043499948382378
v -0.0028089999686926603 -0.024416999891400337 0.14142499701976777
v -0.013547999784350395 -0.025035999715328217 0.1329499988436699
v -0.009766999632120132 -0.03230400010943413 0.13043499948382378
v -0.013547999784350395 -0.025035999715328217 0.1329499988436699
v -0.01919100061058998 -0.03310300037264824 0.12130600051879883
v 0.03752899914979935 -0.03488500043749809 0.15143699781894684
v 0.035353001207113266 -0.029128000140190125 0.1559689997315407
v 0.02615799941122532 -0.03581799939274788 0.14714400308132172
v 0.02615799941122532 -0.03581799939274788 0.14714400308132172
v 0.035353001207113266 -0.029128000140190125 0.1559689997315407
v 0.0233169998973608 -0.02990799956023693 0.1514170004606247
v 0.02615799941122532 -0.03581799939274788 0.14714400308132172
v 0.0233169998973608 -0.02990799956023693 0.1514170004606247
v 0.015064000152051449 -0.036775000393390656 0.14161400334835053
v 0.015064000152051449 -0.036775000393390656 0.14161400334835053
v 0.0233169998973608 -0.02990799956023693 0.1514170004606247
v 0.011575000360608101 -0.030706999823451042 0.145553997027874
v 0.015064000152051449 -0.036775000393390656 0.14161400334835053
v 0.011575000360608101 -0.030706999823451042 0.145553997027874
v 0.004614000208675861 -0.03773200139403343 0.13499599905610085
v 0.004614000208675861 -0.03773200139403343 0.13499599905610085
v 0.011575000360608101 -0.030706999823451042 0.145553997027874
v 0.0005179999861866236 -0.031505998224020004 0.13853899972438813
v 0.004614000208675861 -0.03773200139403343 0.13499599905610085
v 0.0005179999861866236 -0.031505998224020004 0.13853899972438813
v -0.005107999779284 -0.03868899866938591 0.12735200138688088
v -0.005107999779284 -0.03868899866938591 0.12735200138688088
v 0.0005179999861866236 -0.031505998224020004 0.13853899972438813
v -0.009766999632120132 -0.03230400010943413 0.13043499948382378
v -0.005107999779284 -0.03868899866938591 0.12735200138688088
v -0.009766999632120132 -0.03230400010943413 0.13043499948382378
v -0.014019999653100967 -0.0396450012922287 0.11873899983167649
v -0.014019999653100967 -0.0396450012922287 0.11873899983167649
v -0.009766999632120132 -0.03230400010943413 0.13043499948382378
v -0.01919100061058998 -0.03310300037264824 0.12130600051879883
v -0.014019999653100967 -0.0396450012922287 0.11873899983167649
v -0.01919100061058998 -0.03310300037264824 0.12130600051879883
v -0.022036999464035034 -0.04060199856758118 0.10921799974441529
v 0.040049001574516296 -0.03968600183725357 0.14618100063800812
v 0.03752899914979935 -0.03488500043749809 0.15143699781894684
v 0.02944999933242798 -0.040748000144958496 0.14219300286769868
v 0.02944999933242798 -0.040748000144958496 0.14219300286769868
v 0.03752899914979935 -0.03488500043749809 0.15143699781894684
v 0.02615799941122532 -0.03581799939274788 0.14714400308132172
v 0.02944999933242798 -0.040748000144958496 0.14219300286769868
v 0.02615799941122532 -0.03581799939274788 0.14714400308132172
v 0.0191079992800951 -0.041836999356746674 0.13705300005078316
v 0.0191079992800951 -0.041836999356746674 0.13705300005078316
v 0.02615799941122532 -0.03581799939274788 0.14714400308132172
v 0.015064000152051449 -0.036775000393390656 0.14161400334835053
v 0.0191079992800951 -0.041836999356746674 0.13705300005078316
v 0.015064000152051449 -0.036775000393390656 0.14161400334835053
v 0.009363999590277672 -0.04292500019073486 0.1308989992916584
v 0.009363999590277672 -0.04292500019073486 0.1308989992916584
v 0.015064000152051449 -0.036775000393390656 0.14161400334835053
v 0.004614000208675861 -0.03773200139403343 0.13499599905610085
v 0.009363999590277672 -0.04292500019073486 0.1308989992916584
v 0.004614000208675861 -0.03773200139403343 0.13499599905610085
v 0.00029600001289509237 -0.04401300102472305 0.12378800125718117
v 0.00029600001289509237 -0.04401300102472305 0.12378800125718117
v 0.004614000208675861 -0.03773200139403343 0.13499599905610085
v -0.005107999779284 -0.03868899866938591 0.12735200138688088
v 0.00029600001289509237 -0.04401300102472305 0.12378800125718117
v -0.005107999779284 -0.03868899866938591 0.12735200138688088
v -0.008016999810934067 -0.04510200023651123 0.11577400030493737
v -0.008016999810934067 -0.04510200023651123 0.11577400030493737
v -0.005107999779284 -0.03868899866938591 0.12735200138688088
v -0.014019999653100967 -0.0396450012922287 0.11873899983167649
v -0.008016999810934067 -0.04510200023651123 0.11577400030493737
v -0.014019999653100967 -0.0396450012922287 0.11873899983167649
v -0.01549800019711256 -0.04619000107049942 0.10691300058662892
v -0.01549800019711256 -0.04619000107049942 0.10691300058662892
v -0.014019999653100967 -0.0396450012922287 0.11873899983167649
v -0.022036999464035034 -0.04060199856758118 0.10921799974441529
v -0.01549800019711256 -0.04619000107049942 0.10691300058662892
v -0.022036999464035034 -0.04060199856758118 0.10921799974441529
v -0.02206999994814396 -0.0472790002822876 0.09726000042557717
v 0.042844999581575394 -0.04340000078082085 0.1403439997315407
v 0.040049001574516296 -0.03968600183725357 0.14618100063800812
v 0.03310399875044823 -0.044562000781297684 0.1366999989926815
v 0.03310399875044823 -0.044562000781297684 0.1366999989926815
v 0.040049001574516296 -0.03968600183725357 0.14618100063800812
v 0.02944999933242798 -0.040748000144958496 0.14219300286769868
v 0.03310399875044823 -0.044562000781297684 0.1366999989926815
v 0.02944999933242798 -0.040748000144958496 0.14219300286769868
v 0.02359599992632866 -0.04575200006365776 0.13199600042700768
v 0.02359599992632866 -0.04575200006365776 0.13199600042700768
v 0.02944999933242798 -0.040748000144958496 0.14219300286769868
v 0.0191079992800951 -0.041836999356746674 0.13705300005078316
v 0.02359599992632866 -0.04575200006365776 0.13199600042700768
v 0.0191079992800951 -0.041836999356746674 0.13705300005078316
v 0.014636999927461147 -0.046943001449108124 0.12635899918079377
v 0.014636999927461147 -0.046943001449108124 0.12635899918079377
v 0.0191079992800951 -0.041836999356746674 0.13705300005078316
v 0.009363999590277672 -0.04292500019073486 0.1308989992916584
v 0.014636999927461147 -0.046943001449108124 0.12635899918079377
v 0.009363999590277672 -0.04292500019073486 0.1308989992916584
v 0.006298999767750502 -0.0481330007314682 0.1198410003066063
v 0.006298999767750502 -0.0481330007314682 0.1198410003066063
v 0.009363999590277672 -0.04292500019073486 0.1308989992916584
v 0.00029600001289509237 -0.04401300102472305 0.12378800125718117
v 0.006298999767750502 -0.0481330007314682 0.1198410003066063
v 0.00029600001289509237 -0.04401300102472305 0.12378800125718117
v -0.0013460000045597553 -0.04932300001382828 0.11249200092554093
v -0.0013460000045597553 -0.04932300001382828 0.11249200092554093
v 0.00029600001289509237 -0.04401300102472305 0.12378800125718117
v -0.008016999810934067 -0.04510200023651123 0.11577400030493737
v -0.0013460000045597553 -0.04932300001382828 0.11249200092554093
v -0.008016999810934067 -0.04510200023651123 0.11577400030493737
v -0.008228999562561512 -0.050512999296188354 0.10436200002133847
v -0.008228999562561512 -0.050512999296188354 0.10436200002133847
v -0.008016999810934067 -0.04510200023651123 0.11577400030493737
v -0.01549800019711256 -0.04619000107049942 0.10691300058662892
v -0.008228999562561512 -0.050512999296188354 0.10436200002133847
v -0.01549800019711256 -0.04619000107049942 0.10691300058662892
v -0.014275999739766121 -0.05170400068163872 0.0955030007839203
v -0.014275999739766121 -0.05170400068163872 0.0955030007839203
v -0.01549800019711256 -0.04619000107049942 0.10691300058662892
v -0.02206999994814396 -0.0472790002822876 0.09726000042557717
v -0.014275999739766121 -0.05170400068163872 0.0955030007839203
v -0.02206999994814396 -0.0472790002822876 0.09726000042557717
v -0.019416000694036484 -0.052893999963998795 0.08596599964350463
v 0.0458419993519783 -0.04592600092291832 0.1340839995622635
v 0.042844999581575394 -0.04340000078082085 0.1403439997315407
v 0.0370200015604496 -0.04715599864721298 0.13081199886202813
v 0.0370200015604496 -0.04715599864721298 0.13081199886202813
v 0.042844999581575394 -0.04340000078082085 0.1403439997315407
v 0.03310399875044823 -0.044562000781297684 0.1366999989926815
v 0.0370200015604496 -0.04715599864721298 0.13081199886202813
v 0.03310399875044823 -0.044562000781297684 0.1366999989926815
v 0.028409000486135483 -0.04841500148177147 0.12657800154685975
v 0.028409000486135483 -0.04841500148177147 0.12657800154685975
v 0.03310399875044823 -0.044562000781297684 0.1366999989926815
v 0.02359599992632866 -0.04575200006365776 0.13199600042700768
v 0.028409000486135483 -0.04841500148177147 0.12657800154685975
v 0.02359599992632866 -0.04575200006365776 0.13199600042700768
v 0.02029399946331978 -0.049674998968839645 0.12149699987769128
v 0.02029399946331978 -0.049674998968839645 0.12149699987769128
v 0.02359599992632866 -0.04575200006365776 0.13199600042700768
v 0.014636999927461147 -0.046943001449108124 0.12635899918079377
v 0.02029399946331978 -0.049674998968839645 0.12149699987769128
v 0.014636999927461147 -0.046943001449108124 0.12635899918079377
v 0.012740000151097775 -0.05093400180339813 0.11561500118970872
v 0.012740000151097775 -0.05093400180339813 0.11561500118970872
v 0.014636999927461147 -0.046943001449108124 0.12635899918079377
v 0.006298999767750502 -0.0481330007314682 0.1198410003066063
v 0.012740000151097775 -0.05093400180339813 0.11561500118970872
v 0.006298999767750502 -0.0481330007314682 0.1198410003066063
v 0.0058120000176131725 -0.05219399929046631 0.10897800164222718
v 0.0058120000176131725 -0.05219399929046631 0.10897800164222718
v 0.006298999767750502 -0.0481330007314682 0.1198410003066063
v -0.0013460000045597553 -0.04932300001382828 0.11249200092554093
v 0.0058120000176131725 -0.05219399929046631 0.10897800164222718
v -0.0013460000045597553 -0.04932300001382828 0.11249200092554093
v -0.0004239999980200082 -0.0534529983997345 0.10163299949765206
v -0.0004239999980200082 -0.0534529983997345 0.10163299949765206
v -0.0013460000045597553 -0.04932300001382828 0.11249200092554093
v -0.008228999562561512 -0.050512999296188354 0.10436200002133847
v -0.0004239999980200082 -0.0534529983997345 0.10163299949765206
v -0.008228999562561512 -0.050512999296188354 0.10436200002133847
v -0.005903999786823988 -0.05471299961209297 0.09362399974763394
v -0.005903999786823988 -0.05471299961209297 0.09362399974763394
v -0.008228999562561512 -0.050512999296188354 0.10436200002133847
v -0.014275999739766121 -0.05170400068163872 0.0955030007839203
v -0.005903999786823988 -0.05471299961209297 0.09362399974763394
v -0.014275999739766121 -0.05170400068163872 0.0955030007839203
v -0.010563000105321407 -0.05597199872136116 0.08499799972325564
v -0.010563000105321407 -0.05597199872136116 0.08499799972325564
v -0.014275999739766121 -0.05170400068163872 0.0955030007839203
v -0.019416000694036484 -0.052893999963998795 0.08596599964350463
v 0.04919400066137314 -0.04723700135946274 0.1270790009379387
v 0.0458419993519783 -0.04592600092291832 0.1340839995622635
v 0.04140099883079529 -0.04850199818611145 0.12422500016093255
v 0.04140099883079529 -0.04850199818611145 0.12422500016093255
v 0.0458419993519783 -0.04592600092291832 0.1340839995622635
v 0.0370200015604496 -0.04715599864721298 0.13081199886202813
v 0.04140099883079529 -0.04850199818611145 0.12422500016093255
v 0.0370200015604496 -0.04715599864721298 0.13081199886202813
v 0.033792998641729355 -0.049796998500823975 0.12051899941563607
v 0.033792998641729355 -0.049796998500823975 0.12051899941563607
v 0.0370200015604496 -0.04715599864721298 0.13081199886202813
v 0.028409000486135483 -0.04841500148177147 0.12657800154685975
v 0.033792998641729355 -0.049796998500823975 0.12051899941563607
v 0.028409000486135483 -0.04841500148177147 0.12657800154685975
v 0.02662299945950508 -0.051093000918626785 0.11606100039482117
v 0.02662299945950508 -0.051093000918626785 0.11606100039482117
v 0.028409000486135483 -0.04841500148177147 0.12657800154685975
v 0.02029399946331978 -0.049674998968839645 0.12149699987769128
v 0.02662299945950508 -0.051093000918626785 0.11606100039482117
v 0.02029399946331978 -0.049674998968839645 0.12149699987769128
v 0.019948000088334084 -0.05238800123333931 0.11089199991822243
v 0.019948000088334084 -0.05238800123333931 0.11089199991822243
v 0.02029399946331978 -0.049674998968839645 0.12149699987769128
v 0.012740000151097775 -0.05093400180339813 0.11561500118970872
v 0.019948000088334084 -0.05238800123333931 0.11089199991822243
v 0.012740000151097775 -0.05093400180339813 0.11561500118970872
v 0.013825000263750553 -0.05368399992585182 0.10505200015306473
v 0.013825000263750553 -0.05368399992585182 0.10505200015306473
v 0.012740000151097775 -0.05093400180339813 0.11561500118970872
v 0.0058120000176131725 -0.05219399929046631 0.10897800164222718
v 0.013825000263750553 -0.05368399992585182 0.10505200015306473
v 0.0058120000176131725 -0.05219399929046631 0.10897800164222718
v 0.008314000442624092 -0.054979000240564346 0.09858300002217293
v 0.008314000442624092 -0.054979000240564346 0.09858300002217293
v 0.0058120000176131725 -0.05219399929046631 0.10897800164222718
v -0.0004239999980200082 -0.0534529983997345 0.10163299949765206
v 0.008314000442624092 -0.054979000240564346 0.09858300002217293
v -0.0004239999980200082 -0.0534529983997345 0.10163299949765206
v 0.003470999887213111 -0.05627499893307686 0.09152399958968163
v 0.003470999887213111 -0.05627499893307686 0.09152399958968163
v -0.0004239999980200082 -0.0534529983997345 0.10163299949765206
v -0.005903999786823988 -0.05471299961209297 0.09362399974763394
v 0.003470999887213111 -0.05627499893307686 0.09152399958968163
v -0.005903999786823988 -0.05471299961209297 0.09362399974763394
v -0.0006459999713115394 -0.05756999924778938 0.08391600033193827
v -0.0006459999713115394 -0.05756999924778938 0.08391600033193827
v -0.005903999786823988 -0.05471299961209297 0.09362399974763394
v -0.010563000105321407 -0.05597199872136116 0.08499799972325564
v 0.052584998309612274 -0.04705600067973137 0.11999200122356415
v 0.04919400066137314 -0.04723700135946274 0.1270790009379387
v 0.04583299905061722 -0.048315998166799545 0.11756099970936776
v 0.04583299905061722 -0.048315998166799545 0.11756099970936776
v 0.04919400066137314 -0.04723700135946274 0.1270790009379387
v 0.04140099883079529 -0.04850199818611145 0.12422500016093255
v 0.04583299905061722 -0.048315998166799545 0.11756099970936776
v 0.04140099883079529 -0.04850199818611145 0.12422500016093255
v 0.0392410010099411 -0.04960700124502182 0.1143890007019043
v 0.0392410010099411 -0.04960700124502182 0.1143890007019043
v 0.04140099883079529 -0.04850199818611145 0.12422500016093255
v 0.033792998641729355 -0.049796998500823975 0.12051899941563607
v 0.0392410010099411 -0.04960700124502182 0.1143890007019043
v 0.033792998641729355 -0.049796998500823975 0.12051899941563607
v 0.03302599862217903 -0.05089699849486351 0.11056199880242348
v 0.03302599862217903 -0.05089699849486351 0.11056199880242348
v 0.033792998641729355 -0.049796998500823975 0.12051899941563607
v 0.02662299945950508 -0.051093000918626785 0.11606100039482117
v 0.03302599862217903 -0.05089699849486351 0.11056199880242348
v 0.02662299945950508 -0.051093000918626785 0.11606100039482117
v 0.027240000665187836 -0.052188001573085785 0.10611500056385995
v 0.027240000665187836 -0.052188001573085785 0.10611500056385995
v 0.02662299945950508 -0.051093000918626785 0.11606100039482117
v 0.019948000088334084 -0.05238800123333931 0.11089199991822243
v 0.027240000665187836 -0.052188001573085785 0.10611500056385995
v 0.019948000088334084 -0.05238800123333931 0.11089199991822243
v 0.021933000534772873 -0.053477998822927475 0.10108199926018716
v 0.021933000534772873 -0.053477998822927475 0.10108199926018716
v 0.019948000088334084 -0.05238800123333931 0.11089199991822243
v 0.013825000263750553 -0.05368399992585182 0.10505200015306473
v 0.021933000534772873 -0.053477998822927475 0.10108199926018716
v 0.013825000263750553 -0.05368399992585182 0.10505200015306473
v 0.017155999317765236 -0.05476899817585945 0.09549899982213975
v 0.017155999317765236 -0.05476899817585945 0.09549899982213975
v 0.013825000263750553 -0.05368399992585182 0.10505200015306473
v 0.008314000442624092 -0.054979000240564346 0.09858300002217293
v 0.017155999317765236 -0.05476899817585945 0.09549899982213975
v 0.008314000442624092 -0.054979000240564346 0.09858300002217293
v 0.012958000414073467 -0.05605899915099144 0.0894010004207492
v 0.012958000414073467 -0.05605899915099144 0.0894010004207492
v 0.008314000442624092 -0.054979000240564346 0.09858300002217293
v 0.003470999887213111 -0.05627499893307686 0.09152399958968163
v 0.012958000414073467 -0.05605899915099144 0.0894010004207492
v 0.003470999887213111 -0.05627499893307686 0.09152399958968163
v 0.009390000253915787 -0.057349998503923416 0.08282300015836955
v 0.009390000253915787 -0.057349998503923416 0.08282300015836955
v 0.003470999887213111 -0.05627499893307686 0.09152399958968163
v -0.0006459999713115394 -0.05756999924778938 0.08391600033193827
v 0.05591300129890442 -0.04538999870419502 0.11303900020122529
v 0.052584998309612274 -0.04705600067973137 0.11999200122356415
v 0.050181999802589417 -0.04660499840974808 0.11102299975156785
v 0.050181999802589417 -0.04660499840974808 0.11102299975156785
v 0.052584998309612274 -0.04705600067973137 0.11999200122356415
v 0.04583299905061722 -0.048315998166799545 0.11756099970936776
v 0.050181999802589417 -0.04660499840974808 0.11102299975156785
v 0.04583299905061722 -0.048315998166799545 0.11756099970936776
v 0.04458500072360039 -0.047850001603364944 0.10837400169968606
v 0.04458500072360039 -0.047850001603364944 0.10837400169968606
v 0.04583299905061722 -0.048315998166799545 0.11756099970936776
v 0.0392410010099411 -0.04960700124502182 0.1143890007019043
v 0.04458500072360039 -0.047850001603364944 0.10837400169968606
v 0.0392410010099411 -0.04960700124502182 0.1143890007019043
v 0.03930800035595894 -0.04909399896860123 0.10516499938368798
v 0.03930800035595894 -0.04909399896860123 0.10516499938368798
v 0.0392410010099411 -0.04960700124502182 0.1143890007019043
v 0.03302599862217903 -0.05089699849486351 0.11056199880242348
v 0.03930800035595894 -0.04909399896860123 0.10516499938368798
v 0.03302599862217903 -0.05089699849486351 0.11056199880242348
v 0.034393999725580215 -0.050338998436927795 0.10142499977648259
v 0.034393999725580215 -0.050338998436927795 0.10142499977648259
v 0.03302599862217903 -0.05089699849486351 0.11056199880242348
v 0.027240000665187836 -0.052188001573085785 0.10611500056385995
v 0.034393999725580215 -0.050338998436927795 0.10142499977648259
v 0.027240000665187836 -0.052188001573085785 0.10611500056385995
v 0.029885999858379364 -0.05158400163054466 0.09718400077819825
v 0.029885999858379364 -0.05158400163054466 0.09718400077819825
v 0.027240000665187836 -0.052188001573085785 0.10611500056385995
v 0.021933000534772873 -0.053477998822927475 0.10108199926018716
v 0.029885999858379364 -0.05158400163054466 0.09718400077819825
v 0.021933000534772873 -0.053477998822927475 0.10108199926018716
v 0.025828000158071518 -0.05282900109887123 0.09247100004851819
v 0.025828000158071518 -0.05282900109887123 0.09247100004851819
v 0.021933000534772873 -0.053477998822927475 0.10108199926018716
v 0.017155999317765236 -0.05476899817585945 0.09549899982213975
v 0.025828000158071518 -0.05282900109887123 0.09247100004851819
v 0.017155999317765236 -0.05476899817585945 0.09549899982213975
v 0.022261999547481537 -0.0540740005671978 0.08731600014418364
v 0.022261999547481537 -0.0540740005671978 0.08731600014418364
v 0.017155999317765236 -0.05476899817585945 0.09549899982213975
v 0.012958000414073467 -0.05605899915099144 0.0894010004207492
v 0.022261999547481537 -0.0540740005671978 0.08731600014418364
v 0.012958000414073467 -0.05605899915099144 0.0894010004207492
v 0.019231999292969704 -0.05531900003552437 0.08174899989664555
v 0.019231999292969704 -0.05531900003552437 0.08174899989664555
v 0.012958000414073467 -0.05605899915099144 0.0894010004207492
v 0.009390000253915787 -0.057349998503923416 0.08282300015836955
v 0.05907600000500679 -0.04228999838232994 0.10643200041651726
v 0.05591300129890442 -0.04538999870419502 0.11303900020122529
v 0.054315999150276184 -0.043421998620033264 0.10480799922645093
v 0.054315999150276184 -0.043421998620033264 0.10480799922645093
v 0.05591300129890442 -0.04538999870419502 0.11303900020122529
v 0.050181999802589417 -0.04660499840974808 0.11102299975156785
v 0.054315999150276184 -0.043421998620033264 0.10480799922645093
v 0.050181999802589417 -0.04660499840974808 0.11102299975156785
v 0.04966399818658829 -0.04458199813961983 0.1026549993634224
v 0.04966399818658829 -0.04458199813961983 0.1026549993634224
v 0.050181999802589417 -0.04660499840974808 0.11102299975156785
v 0.04458500072360039 -0.047850001603364944 0.10837400169968606
v 0.04966399818658829 -0.04458199813961983 0.1026549993634224
v 0.04458500072360039 -0.047850001603364944 0.10837400169968606
v 0.04527699947357178 -0.0457409992814064 0.10003200011253358
v 0.04527699947357178 -0.0457409992814064 0.10003200011253358
v 0.04458500072360039 -0.047850001603364944 0.10837400169968606
v 0.03930800035595894 -0.04909399896860123 0.10516499938368798
v 0.04527699947357178 -0.0457409992814064 0.10003200011253358
v 0.03930800035595894 -0.04909399896860123 0.10516499938368798
v 0.041189998388290405 -0.046900998800992966 0.09696400003433228
v 0.041189998388290405 -0.046900998800992966 0.09696400003433228
v 0.03930800035595894 -0.04909399896860123 0.10516499938368798
v 0.034393999725580215 -0.050338998436927795 0.10142499977648259
v 0.041189998388290405 -0.046900998800992966 0.09696400003433228
v 0.034393999725580215 -0.050338998436927795 0.10142499977648259
v 0.03743999823927879 -0.04806099832057953 0.09347499931156636
v 0.03743999823927879 -0.04806099832057953 0.09347499931156636
v 0.034393999725580215 -0.050338998436927795 0.10142499977648259
v 0.029885999858379364 -0.05158400163054466 0.09718400077819825
v 0.03743999823927879 -0.04806099832057953 0.09347499931156636
v 0.029885999858379364 -0.05158400163054466 0.09718400077819825
v 0.03406200185418129 -0.04922100156545639 0.0895889999896288
v 0.03406200185418129 -0.04922100156545639 0.0895889999896288
v 0.029885999858379364 -0.05158400163054466 0.09718400077819825
v 0.025828000158071518 -0.05282900109887123 0.09247100004851819
v 0.03406200185418129 -0.04922100156545639 0.0895889999896288
v 0.025828000158071518 -0.05282900109887123 0.09247100004851819
v 0.031092999503016472 -0.050381001085042953 0.08533199993818999
v 0.031092999503016472 -0.050381001085042953 0.08533199993818999
v 0.025828000158071518 -0.05282900109887123 0.09247100004851819
v 0.022261999547481537 -0.0540740005671978 0.08731600014418364
v 0.031092999503016472 -0.050381001085042953 0.08533199993818999
v 0.022261999547481537 -0.0540740005671978 0.08731600014418364
v 0.028568999841809273 -0.05153999850153923 0.08072700003087521
v 0.028568999841809273 -0.05153999850153923 0.08072700003087521
v 0.022261999547481537 -0.0540740005671978 0.08731600014418364
v 0.019231999292969704 -0.05531900003552437 0.08174899989664555
v 0.06197800114750862 -0.03785400092601776 0.10037699924707413
v 0.05907600000500679 -0.04228999838232994 0.10643200041651726
v 0.05810699984431267 -0.03886700049042702 0.09910699935555459
v 0.05810699984431267 -0.03886700049042702 0.09910699935555459
v 0.05907600000500679 -0.04228999838232994 0.10643200041651726
v 0.054315999150276184 -0.043421998620033264 0.10480799922645093
v 0.05810699984431267 -0.03886700049042702 0.09910699935555459
v 0.054315999150276184 -0.043421998620033264 0.10480799922645093
v 0.054322000592947006 -0.03990599885582924 0.09740600014030934
v 0.054322000592947006 -0.03990599885582924 0.09740600014030934
v 0.054315999150276184 -0.043421998620033264 0.10480799922645093
v 0.04966399818658829 -0.04458199813961983 0.1026549993634224
v 0.054322000592947006 -0.03990599885582924 0.09740600014030934
v 0.04966399818658829 -0.04458199813961983 0.1026549993634224
v 0.050749000161886215 -0.04094399884343147 0.09531799914240838
v 0.050749000161886215 -0.04094399884343147 0.09531799914240838
v 0.04966399818658829 -0.04458199813961983 0.1026549993634224
v 0.04527699947357178 -0.0457409992814064 0.10003200011253358
v 0.050749000161886215 -0.04094399884343147 0.09531799914240838
v 0.04527699947357178 -0.0457409992814064 0.10003200011253358
v 0.04741799831390381 -0.04198199883103371 0.09286499978899956
v 0.04741799831390381 -0.04198199883103371 0.09286499978899956
v 0.04527699947357178 -0.0457409992814064 0.10003200011253358
v 0.041189998388290405 -0.046900998800992966 0.09696400003433228
v 0.04741799831390381 -0.04198199883103371 0.09286499978899956
v 0.041189998388290405 -0.046900998800992966 0.09696400003433228
v 0.0443589985370636 -0.04301999881863594 0.09006499988883734
v 0.0443589985370636 -0.04301999881863594 0.09006499988883734
v 0.041189998388290405 -0.046900998800992966 0.09696400003433228
v 0.03743999823927879 -0.04806099832057953 0.09347499931156636
v 0.0443589985370636 -0.04301999881863594 0.09006499988883734
v 0.03743999823927879 -0.04806099832057953 0.09347499931156636
v 0.0416020005941391 -0.044057998806238174 0.08693899983465672
v 0.0416020005941391 -0.044057998806238174 0.08693899983465672
v 0.03743999823927879 -0.04806099832057953 0.09347499931156636
v 0.03406200185418129 -0.04922100156545639 0.0895889999896288
v 0.0416020005941391 -0.044057998806238174 0.08693899983465672
v 0.03406200185418129 -0.04922100156545639 0.0895889999896288
v 0.03917599841952324 -0.04509599879384041 0.08350600000396372
v 0.03917599841952324 -0.04509599879384041 0.08350600000396372
v 0.03406200185418129 -0.04922100156545639 0.0895889999896288
v 0.031092999503016472 -0.050381001085042953 0.08533199993818999
v 0.03917599841952324 -0.04509599879384041 0.08350600000396372
v 0.031092999503016472 -0.050381001085042953 0.08533199993818999
v 0.03711000084877014 -0.04613500088453293 0.07978699985817075
v 0.03711000084877014 -0.04613500088453293 0.07978699985817075
v 0.031092999503016472 -0.050381001085042953 0.08533199993818999
v 0.028568999841809273 -0.05153999850153923 0.08072700003087521
v 0.06452900171279907 -0.03222300112247467 0.0950600004374981
v 0.06197800114750862 -0.03785400092601776 0.10037699924707413
v 0.06143900007009506 -0.03308599814772606 0.09409699985682965
v 0.06143900007009506 -0.03308599814772606 0.09409699985682965
v 0.06197800114750862 -0.03785400092601776 0.10037699924707413
v 0.05810699984431267 -0.03886700049042702 0.09910699935555459
v 0.06143900007009506 -0.03308599814772606 0.09409699985682965
v 0.05810699984431267 -0.03886700049042702 0.09910699935555459
v 0.058414001017808914 -0.03396899998188019 0.09278900014162064
v 0.058414001017808914 -0.03396899998188019 0.09278900014162064
v 0.05810699984431267 -0.03886700049042702 0.09910699935555459
v 0.054322000592947006 -0.03990599885582924 0.09740600014030934
v 0.058414001017808914 -0.03396899998188019 0.09278900014162064
v 0.054322000592947006 -0.03990599885582924 0.09740600014030934
v 0.05555399879813194 -0.034853000193834305 0.09116899991333485
v 0.05555399879813194 -0.034853000193834305 0.09116899991333485
v 0.054322000592947006 -0.03990599885582924 0.09740600014030934
v 0.050749000161886215 -0.04094399884343147 0.09531799914240838
v 0.05555399879813194 -0.034853000193834305 0.09116899991333485
v 0.050749000161886215 -0.04094399884343147 0.09531799914240838
v 0.05288499966263771 -0.03573700040578842 0.08925499977469445
v 0.05288499966263771 -0.03573700040578842 0.08925499977469445
v 0.050749000161886215 -0.04094399884343147 0.09531799914240838
v 0.04741799831390381 -0.04198199883103371 0.09286499978899956
v 0.05288499966263771 -0.03573700040578842 0.08925499977469445
v 0.04741799831390381 -0.04198199883103371 0.09286499978899956
v 0.050429001450538635 -0.03662100061774254 0.08706100029796363
v 0.050429001450538635 -0.03662100061774254 0.08706100029796363
v 0.04741799831390381 -0.04198199883103371 0.09286499978899956
v 0.0443589985370636 -0.04301999881863594 0.09006499988883734
v 0.050429001450538635 -0.03662100061774254 0.08706100029796363
v 0.0443589985370636 -0.04301999881863594 0.09006499988883734
v 0.048211000859737396 -0.03750399872660637 0.08460299974232913
v 0.048211000859737396 -0.03750399872660637 0.08460299974232913
v 0.0443589985370636 -0.04301999881863594 0.09006499988883734
v 0.0416020005941391 -0.044057998806238174 0.08693899983465672
v 0.048211000859737396 -0.03750399872660637 0.08460299974232913
v 0.0416020005941391 -0.044057998806238174 0.08693899983465672
v 0.04625599831342697 -0.038387998938560486 0.08189599985182286
v 0.04625599831342697 -0.038387998938560486 0.08189599985182286
v 0.0416020005941391 -0.044057998806238174 0.08693899983465672
v 0.03917599841952324 -0.04509599879384041 0.08350600000396372
v 0.04625599831342697 -0.038387998938560486 0.08189599985182286
v 0.03917599841952324 -0.04509599879384041 0.08350600000396372
v 0.044585999101400375 -0.0392719991505146 0.07895700005739928
v 0.044585999101400375 -0.0392719991505146 0.07895700005739928
v 0.03917599841952324 -0.04509599879384041 0.08350600000396372
v 0.03711000084877014 -0.04613500088453293 0.07978699985817075
v 0.0666470006108284 -0.02557400055229664 0.09065100015997887
v 0.06452900171279907 -0.03222300112247467 0.0950600004374981
v 0.06420499831438065 -0.02625899948179722 0.0899380000859499
v 0.06420499831438065 -0.02625899948179722 0.0899380000859499
v 0.06452900171279907 -0.03222300112247467 0.0950600004374981
v 0.06143900007009506 -0.03308599814772606 0.09409699985682965
v 0.06420499831438065 -0.02625899948179722 0.0899380000859499
v 0.06143900007009506 -0.03308599814772606 0.09409699985682965
v 0.0618089996278286 -0.02696100063621998 0.08895100025385619
v 0.0618089996278286 -0.02696100063621998 0.08895100025385619
v 0.06143900007009506 -0.03308599814772606 0.09409699985682965
v 0.058414001017808914 -0.03396899998188019 0.09278900014162064
v 0.0618089996278286 -0.02696100063621998 0.08895100025385619
v 0.058414001017808914 -0.03396899998188019 0.09278900014162064
v 0.05953900143504143 -0.027661999687552452 0.08771799994558097
v 0.05953900143504143 -0.027661999687552452 0.08771799994558097
v 0.058414001017808914 -0.03396899998188019 0.09278900014162064
v 0.05555399879813194 -0.034853000193834305 0.09116899991333485
v 0.05953900143504143 -0.027661999687552452 0.08771799994558097
v 0.05555399879813194 -0.034853000193834305 0.09116899991333485
v 0.05741500109434128 -0.028363000601530075 0.08624899970293046
v 0.05741500109434128 -0.028363000601530075 0.08624899970293046
v 0.05555399879813194 -0.034853000193834305 0.09116899991333485
v 0.05288499966263771 -0.03573700040578842 0.08925499977469445
v 0.05741500109434128 -0.028363000601530075 0.08624899970293046
v 0.05288499966263771 -0.03573700040578842 0.08925499977469445
v 0.055456001311540604 -0.029064999893307686 0.08455699985772372
v 0.055456001311540604 -0.029064999893307686 0.08455699985772372
v 0.05288499966263771 -0.03573700040578842 0.08925499977469445
v 0.050429001450538635 -0.03662100061774254 0.08706100029796363
v 0.055456001311540604 -0.029064999893307686 0.08455699985772372
v 0.050429001450538635 -0.03662100061774254 0.08706100029796363
v 0.05368100106716156 -0.02976600080728531 0.08265499981045724
v 0.05368100106716156 -0.02976600080728531 0.08265499981045724
v 0.050429001450538635 -0.03662100061774254 0.08706100029796363
v 0.048211000859737396 -0.03750399872660637 0.08460299974232913
v 0.05368100106716156 -0.02976600080728531 0.08265499981045724
v 0.048211000859737396 -0.03750399872660637 0.08460299974232913
v 0.0521089993417263 -0.030466999858617783 0.08055300010293723
v 0.0521089993417263 -0.030466999858617783 0.08055300010293723
v 0.048211000859737396 -0.03750399872660637 0.08460299974232913
v 0.04625599831342697 -0.038387998938560486 0.08189599985182286
v 0.0521089993417263 -0.030466999858617783 0.08055300010293723
v 0.04625599831342697 -0.038387998938560486 0.08189599985182286
v 0.05076000094413757 -0.031168999150395393 0.07826399990282953
v 0.05076000094413757 -0.031168999150395393 0.07826399990282953
v 0.04625599831342697 -0.038387998938560486 0.08189599985182286
v 0.044585999101400375 -0.0392719991505146 0.07895700005739928
v 0.0682620033621788 -0.01811799965798855 0.08729700023233891
v 0.0666470006108284 -0.02557400055229664 0.09065100015997887
v 0.06631200015544891 -0.018603000789880753 0.08676799969673157
v 0.06631200015544891 -0.018603000789880753 0.08676799969673157
v 0.0666470006108284 -0.02557400055229664 0.09065100015997887
v 0.06420499831438065 -0.02625899948179722 0.0899380000859499
v 0.06631200015544891 -0.018603000789880753 0.08676799969673157
v 0.06420499831438065 -0.02625899948179722 0.0899380000859499
v 0.06439399719238281 -0.019099999219179153 0.08602300031036139
v 0.06439399719238281 -0.019099999219179153 0.08602300031036139
v 0.06420499831438065 -0.02625899948179722 0.0899380000859499
v 0.0618089996278286 -0.02696100063621998 0.08895100025385619
v 0.06439399719238281 -0.019099999219179153 0.08602300031036139
v 0.0618089996278286 -0.02696100063621998 0.08895100025385619
v 0.06257200241088867 -0.019596999511122704 0.08507999988198281
v 0.06257200241088867 -0.019596999511122704 0.08507999988198281
v 0.0618089996278286 -0.02696100063621998 0.08895100025385619
v 0.05953900143504143 -0.027661999687552452 0.08771799994558097
v 0.06257200241088867 -0.019596999511122704 0.08507999988198281
v 0.05953900143504143 -0.027661999687552452 0.08771799994558097
v 0.060860998928546906 -0.020093999803066254 0.08395000012516976
v 0.060860998928546906 -0.020093999803066254 0.08395000012516976
v 0.05953900143504143 -0.027661999687552452 0.08771799994558097
v 0.05741500109434128 -0.028363000601530075 0.08624899970293046
v 0.060860998928546906 -0.020093999803066254 0.08395000012516976
v 0.05741500109434128 -0.028363000601530075 0.08624899970293046
v 0.059275999665260315 -0.020591000095009804 0.08264100016951562
v 0.059275999665260315 -0.020591000095009804 0.08264100016951562
v 0.05741500109434128 -0.028363000601530075 0.08624899970293046
v 0.055456001311540604 -0.029064999893307686 0.08455699985772372
v 0.059275999665260315 -0.020591000095009804 0.08264100016951562
v 0.055456001311540604 -0.029064999893307686 0.08455699985772372
v 0.057833001017570496 -0.021088000386953354 0.08116199985072017
v 0.057833001017570496 -0.021088000386953354 0.08116199985072017
v 0.055456001311540604 -0.029064999893307686 0.08455699985772372
v 0.05368100106716156 -0.02976600080728531 0.08265499981045724
v 0.057833001017570496 -0.021088000386953354 0.08116199985072017
v 0.05368100106716156 -0.02976600080728531 0.08265499981045724
v 0.056547001004219055 -0.021585000678896904 0.0795229999434203
v 0.056547001004219055 -0.021585000678896904 0.0795229999434203
v 0.05368100106716156 -0.02976600080728531 0.08265499981045724
v 0.0521089993417263 -0.030466999858617783 0.08055300010293723
v 0.056547001004219055 -0.021585000678896904 0.0795229999434203
v 0.0521089993417263 -0.030466999858617783 0.08055300010293723
v 0.05543399974703789 -0.022081000730395317 0.07773300005048514
v 0.05543399974703789 -0.022081000730395317 0.07773300005048514
v 0.0521089993417263 -0.030466999858617783 0.08055300010293723
v 0.05076000094413757 -0.031168999150395393 0.07826399990282953
v -0.03765900060534477 -0.009088000282645226 0.11481499882340432
v -0.045781999826431274 -0.00930199958384037 0.10270899930894375
v -0.04357700049877167 -0.018348999321460724 0.10218800069689751
v -0.04357700049877167 -0.018348999321460724 0.10218800069689751
v -0.045781999826431274 -0.00930199958384037 0.10270899930894375
v -0.050342001020908356 -0.01877100020647049 0.08941200027167798
v -0.04357700049877167 -0.018348999321460724 0.10218800069689751
v -0.050342001020908356 -0.01877100020647049 0.08941200027167798
v -0.04655800014734268 -0.027512000873684883 0.08897899953573943
v -0.05265900120139122 -0.00951599981635809 0.08968099975883961
v -0.050342001020908356 -0.01877100020647049 0.08941200027167798
v -0.045781999826431274 -0.00930199958384037 0.10270899930894375
v 0 0.0560000017285347 0.0758
v 0 0.0560000017285347 0.08280000021606684
v -0.017304999753832817 0.053259000182151794 0.0758
v -0.017304999753832817 0.053259000182151794 0.0758
v 0 0.0560000017285347 0.08280000021606684
v -0.017304999753832817 0.053259000182151794 0.08280000021606684
v -0.017304999753832817 0.053259000182151794 0.0758
v -0.017304999753832817 0.053259000182151794 0.08280000021606684
v -0.03291599825024605 0.04530499875545502 0.0758
v -0.03291599825024605 0.04530499875545502 0.0758
v -0.017304999753832817 0.053259000182151794 0.08280000021606684
v -0.03291599825024605 0.04530499875545502 0.08280000021606684
v -0.03291599825024605 0.04530499875545502 0.0758
v -0.03291599825024605 0.04530499875545502 0.08280000021606684
v -0.04530499875545502 0.03291599825024605 0.0758
v -0.04530499875545502 0.03291599825024605 0.0758
v -0.03291599825024605 0.04530499875545502 0.08280000021606684
v -0.04530499875545502 0.03291599825024605 0.08280000021606684
v -0.04530499875545502 0.03291599825024605 0.0758
v -0.04530499875545502 0.03291599825024605 0.08280000021606684
v -0.053259000182151794 0.017304999753832817 0.0758
v -0.053259000182151794 0.017304999753832817 0.0758
v -0.04530499875545502 0.03291599825024605 0.08280000021606684
v -0.053259000182151794 0.017304999753832817 0.08280000021606684
v -0.053259000182151794 0.017304999753832817 0.0758
v -0.053259000182151794 0.017304999753832817 0.08280000021606684
v -0.0560000017285347 0 0.0758
v -0.0560000017285347 0 0.0758
v -0.053259000182151794 0.017304999753832817 0.08280000021606684
v -0.0560000017285347 0 0.08280000021606684
v -0.0560000017285347 0 0.0758
v -0.0560000017285347 0 0.08280000021606684
v -0.053259000182151794 -0.017304999753832817 0.0758
v -0.053259000182151794 -0.017304999753832817 0.0758
v -0.0560000017285347 0 0.08280000021606684
v -0.053259000182151794 -0.017304999753832817 0.08280000021606684
v -0.053259000182151794 -0.017304999753832817 0.0758
v -0.053259000182151794 -0.017304999753832817 0.08280000021606684
v -0.04530499875545502 -0.03291599825024605 0.0758
v -0.04530499875545502 -0.03291599825024605 0.0758
v -0.053259000182151794 -0.017304999753832817 0.08280000021606684
v -0.04530499875545502 -0.03291599825024605 0.08280000021606684
v -0.04530499875545502 -0.03291599825024605 0.0758
v -0.04530499875545502 -0.03291599825024605 0.08280000021606684
v -0.03291599825024605 -0.04530499875545502 0.0758
v -0.03291599825024605 -0.04530499875545502 0.0758
v -0.04530499875545502 -0.03291599825024605 0.08280000021606684
v -0.03291599825024605 -0.04530499875545502 0.08280000021606684
v -0.03291599825024605 -0.04530499875545502 0.0758
v -0.03291599825024605 -0.04530499875545502 0.08280000021606684
v -0.017304999753832817 -0.053259000182151794 0.0758
v -0.017304999753832817 -0.053259000182151794 0.0758
v -0.03291599825024605 -0.04530499875545502 0.08280000021606684
v -0.017304999753832817 -0.053259000182151794 0.08280000021606684
v -0.017304999753832817 -0.053259000182151794 0.0758
v -0.017304999753832817 -0.053259000182151794 0.08280000021606684
v 0 -0.0560000017285347 0.0758
v 0 -0.0560000017285347 0.0758
v -0.017304999753832817 -0.053259000182151794 0.08280000021606684
v 0 -0.0560000017285347 0.08280000021606684
v 0.0794999971985817 0.04349999874830246 0.1278000010728836
v 0.08449999988079071 0.04349999874830246 0.1278000010728836
v 0.0794999971985817 0.040876999497413635 0.1129220000088215
v 0.0794999971985817 0.040876999497413635 0.1129220000088215
v 0.08449999988079071 0.04349999874830246 0.1278000010728836
v 0.08449999988079071 0.040876999497413635 0.1129220000088215
v 0.0794999971985817 0.040876999497413635 0.1129220000088215
v 0.08449999988079071 0.040876999497413635 0.1129220000088215
v 0.0794999971985817 0.033323001116514206 0.09983900027275086
v 0.0794999971985817 0.033323001116514206 0.09983900027275086
v 0.08449999988079071 0.040876999497413635 0.1129220000088215
v 0.08449999988079071 0.033323001116514206 0.09983900027275086
v 0.0794999971985817 0.033323001116514206 0.09983900027275086
v 0.08449999988079071 0.033323001116514206 0.09983900027275086
v 0.0794999971985817 0.02174999937415123 0.09012800013571978
v 0.0794999971985817 0.02174999937415123 0.09012800013571978
v 0.08449999988079071 0.033323001116514206 0.09983900027275086
v 0.08449999988079071 0.02174999937415123 0.09012800013571978
v 0.0794999971985817 0.02174999937415123 0.09012800013571978
v 0.08449999988079071 0.02174999937415123 0.09012800013571978
v 0.0794999971985817 0.007553999777883291 0.08496100014001132
v 0.0794999971985817 0.007553999777883291 0.08496100014001132
v 0.08449999988079071 0.02174999937415123 0.09012800013571978
v 0.08449999988079071 0.007553999777883291 0.08496100014001132
v 0.0794999971985817 0.007553999777883291 0.08496100014001132
v 0.08449999988079071 0.007553999777883291 0.08496100014001132
v 0.0794999971985817 -0.007553999777883291 0.08496100014001132
v 0.0794999971985817 -0.007553999777883291 0.08496100014001132
v 0.08449999988079071 0.007553999777883291 0.08496100014001132
v 0.08449999988079071 -0.007553999777883291 0.08496100014001132
v 0.0794999971985817 -0.007553999777883291 0.08496100014001132
v 0.08449999988079071 -0.007553999777883291 0.08496100014001132
v 0.0794999971985817 -0.02174999937415123 0.09012800013571978
v 0.0794999971985817 -0.02174999937415123 0.09012800013571978
v 0.08449999988079071 -0.007553999777883291 0.08496100014001132
v 0.08449999988079071 -0.02174999937415123 0.09012800013571978
v 0.0794999971985817 -0.02174999937415123 0.09012800013571978
v 0.08449999988079071 -0.02174999937415123 0.09012800013571978
v 0.0794999971985817 -0.033323001116514206 0.09983900027275086
v 0.0794999971985817 -0.033323001116514206 0.09983900027275086
v 0.08449999988079071 -0.02174999937415123 0.09012800013571978
v 0.08449999988079071 -0.033323001116514206 0.09983900027275086
v 0.0794999971985817 -0.033323001116514206 0.09983900027275086
v 0.08449999988079071 -0.033323001116514206 0.09983900027275086
v 0.0794999971985817 -0.040876999497413635 0.1129220000088215
v 0.0794999971985817 -0.040876999497413635 0.1129220000088215
v 0.08449999988079071 -0.033323001116514206 0.09983900027275086
v 0.08449999988079071 -0.040876999497413635 0.1129220000088215
v 0.0794999971985817 -0.040876999497413635 0.1129220000088215
v 0.08449999988079071 -0.040876999497413635 0.1129220000088215
v 0.0794999971985817 -0.04349999874830246 0.1278000010728836
v 0.0794999971985817 -0.04349999874830246 0.1278000010728836
v 0.08449999988079071 -0.040876999497413635 0.1129220000088215
v 0.08449999988079071 -0.04349999874830246 0.1278000010728836
v 0.0794999971985817 -0.04349999874830246 0.1278000010728836
v 0.08449999988079071 -0.04349999874830246 0.1278000010728836
v 0.0794999971985817 -0.040876999497413635 0.14267799841165543
v 0.0794999971985817 -0.040876999497413635 0.14267799841165543
v 0.08449999988079071 -0.04349999874830246 0.1278000010728836
v 0.08449999988079071 -0.040876999497413635 0.14267799841165543
v 0.0794999971985817 -0.040876999497413635 0.14267799841165543
v 0.08449999988079071 -0.040876999497413635 0.14267799841165543
v 0.0794999971985817 -0.033323001116514206 0.15576100187301636
v 0.0794999971985817 -0.033323001116514206 0.15576100187301636
v 0.08449999988079071 -0.040876999497413635 0.14267799841165543
v 0.08449999988079071 -0.033323001116514206 0.15576100187301636
v 0.0794999971985817 -0.033323001116514206 0.15576100187301636
v 0.08449999988079071 -0.033323001116514206 0.15576100187301636
v 0.0794999971985817 -0.02174999937415123 0.16547199921607972
v 0.0794999971985817 -0.02174999937415123 0.16547199921607972
v 0.08449999988079071 -0.033323001116514206 0.15576100187301636
v 0.08449999988079071 -0.02174999937415123 0.16547199921607972
v 0.0794999971985817 -0.02174999937415123 0.16547199921607972
v 0.08449999988079071 -0.02174999937415123 0.16547199921607972
v 0.0794999971985817 -0.007553999777883291 0.17063899921178818
v 0.0794999971985817 -0.007553999777883291 0.17063899921178818
v 0.08449999988079071 -0.02174999937415123 0.16547199921607972
v 0.08449999988079071 -0.007553999777883291 0.17063899921178818
v 0.0794999971985817 -0.007553999777883291 0.17063899921178818
v 0.08449999988079071 -0.007553999777883291 0.17063899921178818
v 0.0794999971985817 0.007553999777883291 0.17063899921178818
v 0.0794999971985817 0.007553999777883291 0.17063899921178818
v 0.08449999988079071 -0.007553999777883291 0.17063899921178818
v 0.08449999988079071 0.007553999777883291 0.17063899921178818
v 0.0794999971985817 0.007553999777883291 0.17063899921178818
v 0.08449999988079071 0.007553999777883291 0.17063899921178818
v 0.0794999971985817 0.02174999937415123 0.16547199921607972
v 0.0794999971985817 0.02174999937415123 0.16547199921607972
v 0.08449999988079071 0.007553999777883291 0.17063899921178818
v 0.08449999988079071 0.02174999937415123 0.16547199921607972
v 0.0794999971985817 0.02174999937415123 0.16547199921607972
v 0.08449999988079071 0.02174999937415123 0.16547199921607972
v 0.0794999971985817 0.033323001116514206 0.15576100187301636
v 0.0794999971985817 0.033323001116514206 0.15576100187301636
v 0.08449999988079071 0.02174999937415123 0.16547199921607972
v 0.08449999988079071 0.033323001116514206 0.15576100187301636
v 0.0794999971985817 0.033323001116514206 0.15576100187301636
v 0.08449999988079071 0.033323001116514206 0.15576100187301636
v 0.0794999971985817 0.040876999497413635 0.14267799841165543
v 0.0794999971985817 0.040876999497413635 0.14267799841165543
v 0.08449999988079071 0.033323001116514206 0.15576100187301636
v 0.08449999988079071 0.040876999497413635 0.14267799841165543
v 0.0794999971985817 0.040876999497413635 0.14267799841165543
v 0.08449999988079071 0.040876999497413635 0.14267799841165543
v 0.0794999971985817 0.04349999874830246 0.1278000010728836
v 0.0794999971985817 0.04349999874830246 0.1278000010728836
v 0.08449999988079071 0.040876999497413635 0.14267799841165543
v 0.08449999988079071 0.04349999874830246 0.1278000010728836
v 0.0794999971985817 -0.040876999497413635 0.14267799841165543
v 0.0794999971985817 -0.040688998997211456 0.14260899858474732
v 0.0794999971985817 -0.04349999874830246 0.1278000010728836
v 0.0794999971985817 -0.04349999874830246 0.1278000010728836
v 0.0794999971985817 -0.040688998997211456 0.14260899858474732
v 0.0794999971985817 -0.043299999088048935 0.1278000010728836
v 0.0794999971985817 -0.04349999874830246 0.1278000010728836
v 0.0794999971985817 -0.043299999088048935 0.1278000010728836
v 0.0794999971985817 -0.040688998997211456 0.1129909998357296
v 0.0794999971985817 -0.040688998997211456 0.14260899858474732
v 0.0794999971985817 -0.040876999497413635 0.14267799841165543
v 0.0794999971985817 -0.03316999971866608 0.1556330008983612
v 0.0794999971985817 -0.03316999971866608 0.1556330008983612
v 0.0794999971985817 -0.040876999497413635 0.14267799841165543
v 0.0794999971985817 -0.033323001116514206 0.15576100187301636
v 0.0794999971985817 -0.03316999971866608 0.1556330008983612
v 0.0794999971985817 -0.033323001116514206 0.15576100187301636
v 0.0794999971985817 -0.021649999544024467 0.16529899673461915
v 0.0794999971985817 -0.021649999544024467 0.16529899673461915
v 0.0794999971985817 -0.033323001116514206 0.15576100187301636
v 0.0794999971985817 -0.02174999937415123 0.16547199921607972
v 0.0794999971985817 -0.021649999544024467 0.16529899673461915
v 0.0794999971985817 -0.02174999937415123 0.16547199921607972
v 0.0794999971985817 -0.007519000209867954 0.17044199841022492
v 0.0794999971985817 -0.007519000209867954 0.17044199841022492
v 0.0794999971985817 -0.02174999937415123 0.16547199921607972
v 0.0794999971985817 -0.007553999777883291 0.17063899921178818
v 0.0794999971985817 -0.007519000209867954 0.17044199841022492
v 0.0794999971985817 -0.007553999777883291 0.17063899921178818
v 0.0794999971985817 0.007553999777883291 0.17063899921178818
v 0.0794999971985817 -0.007519000209867954 0.17044199841022492
v 0.0794999971985817 0.007553999777883291 0.17063899921178818
v 0.0794999971985817 0.007519000209867954 0.17044199841022492
v 0.0794999971985817 0.007519000209867954 0.17044199841022492
v 0.0794999971985817 0.007553999777883291 0.17063899921178818
v 0.0794999971985817 0.02174999937415123 0.16547199921607972
v 0.0794999971985817 0.007519000209867954 0.17044199841022492
v 0.0794999971985817 0.02174999937415123 0.16547199921607972
v 0.0794999971985817 0.021649999544024467 0.16529899673461915
v 0.0794999971985817 0.021649999544024467 0.16529899673461915
v 0.0794999971985817 0.02174999937415123 0.16547199921607972
v 0.0794999971985817 0.033323001116514206 0.15576100187301636
v 0.0794999971985817 0.021649999544024467 0.16529899673461915
v 0.0794999971985817 0.033323001116514206 0.15576100187301636
v 0.0794999971985817 0.03316999971866608 0.1556330008983612
v 0.0794999971985817 0.03316999971866608 0.1556330008983612
v 0.0794999971985817 0.033323001116514206 0.15576100187301636
v 0.0794999971985817 0.040876999497413635 0.14267799841165543
v 0.0794999971985817 0.03316999971866608 0.1556330008983612
v 0.0794999971985817 0.040876999497413635 0.14267799841165543
v 0.0794999971985817 0.040688998997211456 0.14260899858474732
v 0.0794999971985817 0.040688998997211456 0.14260899858474732
v 0.0794999971985817 0.040876999497413635 0.14267799841165543
v 0.0794999971985817 0.04349999874830246 0.1278000010728836
v 0.0794999971985817 0.040688998997211456 0.14260899858474732
v 0.0794999971985817 0.04349999874830246 0.1278000010728836
v 0.0794999971985817 0.043299999088048935 0.1278000010728836
v 0.0794999971985817 0.043299999088048935 0.1278000010728836
v 0.0794999971985817 0.04349999874830246 0.1278000010728836
v 0.0794999971985817 0.040688998997211456 0.1129909998357296
v 0.0794999971985817 0.040688998997211456 0.1129909998357296
v 0.0794999971985817 0.04349999874830246 0.1278000010728836
v 0.0794999971985817 0.040876999497413635 0.1129220000088215
v 0.0794999971985817 0.040688998997211456 0.1129909998357296
v 0.0794999971985817 0.040876999497413635 0.1129220000088215
v 0.0794999971985817 0.03316999971866608 0.09996699938476086
v 0.0794999971985817 0.03316999971866608 0.09996699938476086
v 0.0794999971985817 0.040876999497413635 0.1129220000088215
v 0.0794999971985817 0.033323001116514206 0.09983900027275086
v 0.0794999971985817 0.03316999971866608 0.09996699938476086
v 0.0794999971985817 0.033323001116514206 0.09983900027275086
v 0.0794999971985817 0.021649999544024467 0.09030099982321263
v 0.0794999971985817 0.021649999544024467 0.09030099982321263
v 0.0794999971985817 0.033323001116514206 0.09983900027275086
v 0.0794999971985817 0.02174999937415123 0.09012800013571978
v 0.0794999971985817 0.021649999544024467 0.09030099982321263
v 0.0794999971985817 0.02174999937415123 0.09012800013571978
v 0.0794999971985817 0.007519000209867954 0.085158000010252
v 0.0794999971985817 0.007519000209867954 0.085158000010252
v 0.0794999971985817 0.02174999937415123 0.09012800013571978
v 0.0794999971985817 0.007553999777883291 0.08496100014001132
v 0.0794999971985817 0.007519000209867954 0.085158000010252
v 0.0794999971985817 0.007553999777883291 0.08496100014001132
v 0.0794999971985817 -0.007553999777883291 0.08496100014001132
v 0.0794999971985817 0.007519000209867954 0.085158000010252
v 0.0794999971985817 -0.007553999777883291 0.08496100014001132
v 0.0794999971985817 -0.007519000209867954 0.085158000010252
v 0.0794999971985817 -0.007519000209867954 0.085158000010252
v 0.0794999971985817 -0.007553999777883291 0.08496100014001132
v 0.0794999971985817 -0.02174999937415123 0.09012800013571978
v 0.0794999971985817 -0.007519000209867954 0.085158000010252
v 0.0794999971985817 -0.02174999937415123 0.09012800013571978
v 0.0794999971985817 -0.021649999544024467 0.09030099982321263
v 0.0794999971985817 -0.021649999544024467 0.09030099982321263
v 0.0794999971985817 -0.02174999937415123 0.09012800013571978
v 0.0794999971985817 -0.033323001116514206 0.09983900027275086
v 0.0794999971985817 -0.021649999544024467 0.09030099982321263
v 0.0794999971985817 -0.033323001116514206 0.09983900027275086
v 0.0794999971985817 -0.03316999971866608 0.09996699938476086
v 0.0794999971985817 -0.03316999971866608 0.09996699938476086
v 0.0794999971985817 -0.033323001116514206 0.09983900027275086
v 0.0794999971985817 -0.040876999497413635 0.1129220000088215
v 0.0794999971985817 -0.03316999971866608 0.09996699938476086
v 0.0794999971985817 -0.040876999497413635 0.1129220000088215
v 0.0794999971985817 -0.040688998997211456 0.1129909998357296
v 0.0794999971985817 -0.040688998997211456 0.1129909998357296
v 0.0794999971985817 -0.040876999497413635 0.1129220000088215
v 0.0794999971985817 -0.04349999874830246 0.1278000010728836
v 0.07450000196695328 -0.008484000340104103 0.0851350000679493
v 0.07450000196695328 0 0.084300000461936
v 0.07450000196695328 0 0.08450000012218953
v 0.07450000196695328 0 0.08450000012218953
v 0.07450000196695328 0 0.084300000461936
v 0.07450000196695328 0.008484000340104103 0.0851350000679493
v 0.07450000196695328 0 0.08450000012218953
v 0.07450000196695328 0.008484000340104103 0.0851350000679493
v 0.07450000196695328 0.008446999825537205 0.08533199993818999
v 0.07450000196695328 0.008446999825537205 0.08533199993818999
v 0.07450000196695328 0.008484000340104103 0.0851350000679493
v 0.07450000196695328 0.016649000346660614 0.08761199960410596
v 0.07450000196695328 0.008446999825537205 0.08533199993818999
v 0.07450000196695328 0.016649000346660614 0.08761199960410596
v 0.07450000196695328 0.01656999997794628 0.08779600007385016
v 0.07450000196695328 0.01656999997794628 0.08779600007385016
v 0.07450000196695328 0.016649000346660614 0.08761199960410596
v 0.07450000196695328 0.024056000635027885 0.09179700003862382
v 0.07450000196695328 0.024056000635027885 0.09179700003862382
v 0.07450000196695328 0.016649000346660614 0.08761199960410596
v 0.07450000196695328 0.024167999625205994 0.09163199948072434
v 0.07450000196695328 0.024056000635027885 0.09179700003862382
v 0.07450000196695328 0.024167999625205994 0.09163199948072434
v 0.07450000196695328 0.030757000669836998 0.09703899944126607
v 0.07450000196695328 0.024056000635027885 0.09179700003862382
v 0.07450000196695328 0.030757000669836998 0.09703899944126607
v 0.07450000196695328 0.030618000775575638 0.09718200029730797
v 0.07450000196695328 0.030618000775575638 0.09718200029730797
v 0.07450000196695328 0.030757000669836998 0.09703899944126607
v 0.07450000196695328 0.03616800159215927 0.10363199958503247
v 0.07450000196695328 0.030618000775575638 0.09718200029730797
v 0.07450000196695328 0.03616800159215927 0.10363199958503247
v 0.07450000196695328 0.036003001034259796 0.10374400043785573
v 0.07450000196695328 0.036003001034259796 0.10374400043785573
v 0.07450000196695328 0.03616800159215927 0.10363199958503247
v 0.07450000196695328 0.04018799960613251 0.11115199910402299
v 0.07450000196695328 0.036003001034259796 0.10374400043785573
v 0.07450000196695328 0.04018799960613251 0.11115199910402299
v 0.07450000196695328 0.040004000067710876 0.11122999923229218
v 0.07450000196695328 0.040004000067710876 0.11122999923229218
v 0.07450000196695328 0.04018799960613251 0.11115199910402299
v 0.07450000196695328 0.042663998901844025 0.11931399838924409
v 0.07450000196695328 0.040004000067710876 0.11122999923229218
v 0.07450000196695328 0.042663998901844025 0.11931399838924409
v 0.07450000196695328 0.04246800020337105 0.11935299845337868
v 0.07450000196695328 0.04246800020337105 0.11935299845337868
v 0.07450000196695328 0.042663998901844025 0.11931399838924409
v 0.07450000196695328 0.04349999874830246 0.1278000010728836
v 0.07450000196695328 0.04246800020337105 0.11935299845337868
v 0.07450000196695328 0.04349999874830246 0.1278000010728836
v 0.07450000196695328 0.043299999088048935 0.1278000010728836
v 0.07450000196695328 0.043299999088048935 0.1278000010728836
v 0.07450000196695328 0.04349999874830246 0.1278000010728836
v 0.07450000196695328 0.04246800020337105 0.13624699996709824
v 0.07450000196695328 0.04246800020337105 0.13624699996709824
v 0.07450000196695328 0.04349999874830246 0.1278000010728836
v 0.07450000196695328 0.042663998901844025 0.13628600003123284
v 0.07450000196695328 0.04246800020337105 0.13624699996709824
v 0.07450000196695328 0.042663998901844025 0.13628600003123284
v 0.07450000196695328 0.040004000067710876 0.14437000291347504
v 0.07450000196695328 0.040004000067710876 0.14437000291347504
v 0.07450000196695328 0.042663998901844025 0.13628600003123284
v 0.07450000196695328 0.04018799960613251 0.14444800304174424
v 0.07450000196695328 0.040004000067710876 0.14437000291347504
v 0.07450000196695328 0.04018799960613251 0.14444800304174424
v 0.07450000196695328 0.036003001034259796 0.15185600357055665
v 0.07450000196695328 0.036003001034259796 0.15185600357055665
v 0.07450000196695328 0.04018799960613251 0.14444800304174424
v 0.07450000196695328 0.03616800159215927 0.1519680006980896
v 0.07450000196695328 0.036003001034259796 0.15185600357055665
v 0.07450000196695328 0.03616800159215927 0.1519680006980896
v 0.07450000196695328 0.030618000775575638 0.15841799812316895
v 0.07450000196695328 0.030618000775575638 0.15841799812316895
v 0.07450000196695328 0.03616800159215927 0.1519680006980896
v 0.07450000196695328 0.030757000669836998 0.1585609971165657
v 0.07450000196695328 0.030618000775575638 0.15841799812316895
v 0.07450000196695328 0.030757000669836998 0.1585609971165657
v 0.07450000196695328 0.024056000635027885 0.1638030021071434
v 0.07450000196695328 0.024056000635027885 0.1638030021071434
v 0.07450000196695328 0.030757000669836998 0.1585609971165657
v 0.07450000196695328 0.024167999625205994 0.16396800266504288
v 0.07450000196695328 0.024056000635027885 0.1638030021071434
v 0.07450000196695328 0.024167999625205994 0.16396800266504288
v 0.07450000196695328 0.016649000346660614 0.16798800067901612
v 0.07450000196695328 0.008484000340104103 0.17046499835252762
v 0.07450000196695328 0.008446999825537205 0.17026799755096436
v 0.07450000196695328 0.016649000346660614 0.16798800067901612
v 0.07450000196695328 0.016649000346660614 0.16798800067901612
v 0.07450000196695328 0.008446999825537205 0.17026799755096436
v 0.07450000196695328 0.01656999997794628 0.1678040011405945
v 0.07450000196695328 0.016649000346660614 0.16798800067901612
v 0.07450000196695328 0.01656999997794628 0.1678040011405945
v 0.07450000196695328 0.024056000635027885 0.1638030021071434
v 0.07450000196695328 0.008446999825537205 0.17026799755096436
v 0.07450000196695328 0.008484000340104103 0.17046499835252762
v 0.07450000196695328 0 0.17109999643564225
v 0.07450000196695328 0 0.17109999643564225
v 0.07450000196695328 0.008484000340104103 0.17046499835252762
v 0.07450000196695328 0 0.17129999982118607
v 0.07450000196695328 0 0.17109999643564225
v 0.07450000196695328 0 0.17129999982118607
v 0.07450000196695328 -0.008484000340104103 0.17046499835252762
v 0.07450000196695328 0 0.17109999643564225
v 0.07450000196695328 -0.008484000340104103 0.17046499835252762
v 0.07450000196695328 -0.008446999825537205 0.17026799755096436
v 0.07450000196695328 -0.008446999825537205 0.17026799755096436
v 0.07450000196695328 -0.008484000340104103 0.17046499835252762
v 0.07450000196695328 -0.016649000346660614 0.16798800067901612
v 0.07450000196695328 -0.008446999825537205 0.17026799755096436
v 0.07450000196695328 -0.016649000346660614 0.16798800067901612
v 0.07450000196695328 -0.01656999997794628 0.1678040011405945
v 0.07450000196695328 -0.01656999997794628 0.1678040011405945
v 0.07450000196695328 -0.016649000346660614 0.16798800067901612
v 0.07450000196695328 -0.024056000635027885 0.1638030021071434
v 0.07450000196695328 -0.024056000635027885 0.1638030021071434
v 0.07450000196695328 -0.016649000346660614 0.16798800067901612
v 0.07450000196695328 -0.024167999625205994 0.16396800266504288
v 0.07450000196695328 -0.024056000635027885 0.1638030021071434
v 0.07450000196695328 -0.024167999625205994 0.16396800266504288
v 0.07450000196695328 -0.030757000669836998 0.1585609971165657
v 0.07450000196695328 -0.024056000635027885 0.1638030021071434
v 0.07450000196695328 -0.030757000669836998 0.1585609971165657
v 0.07450000196695328 -0.030618000775575638 0.15841799812316895
v 0.07450000196695328 -0.030618000775575638 0.15841799812316895
v 0.07450000196695328 -0.030757000669836998 0.1585609971165657
v 0.07450000196695328 -0.03616800159215927 0.1519680006980896
v 0.07450000196695328 -0.030618000775575638 0.15841799812316895
v 0.07450000196695328 -0.03616800159215927 0.1519680006980896
v 0.07450000196695328 -0.036003001034259796 0.15185600357055665
v 0.07450000196695328 -0.036003001034259796 0.15185600357055665
v 0.07450000196695328 -0.03616800159215927 0.1519680006980896
v 0.07450000196695328 -0.04018799960613251 0.14444800304174424
v 0.07450000196695328 -0.036003001034259796 0.15185600357055665
v 0.07450000196695328 -0.04018799960613251 0.14444800304174424
v 0.07450000196695328 -0.040004000067710876 0.14437000291347504
v 0.07450000196695328 -0.040004000067710876 0.14437000291347504
v 0.07450000196695328 -0.04018799960613251 0.14444800304174424
v 0.07450000196695328 -0.042663998901844025 0.13628600003123284
v 0.07450000196695328 -0.040004000067710876 0.14437000291347504
v 0.07450000196695328 -0.042663998901844025 0.13628600003123284
v 0.07450000196695328 -0.04246800020337105 0.13624699996709824
v 0.07450000196695328 -0.04246800020337105 0.13624699996709824
v 0.07450000196695328 -0.042663998901844025 0.13628600003123284
v 0.07450000196695328 -0.04349999874830246 0.1278000010728836
v 0.07450000196695328 -0.04246800020337105 0.13624699996709824
v 0.07450000196695328 -0.04349999874830246 0.1278000010728836
v 0.07450000196695328 -0.043299999088048935 0.1278000010728836
v 0.07450000196695328 -0.043299999088048935 0.1278000010728836
v 0.07450000196695328 -0.04349999874830246 0.1278000010728836
v 0.07450000196695328 -0.04246800020337105 0.11935299845337868
v 0.07450000196695328 -0.04246800020337105 0.11935299845337868
v 0.07450000196695328 -0.04349999874830246 0.1278000010728836
v 0.07450000196695328 -0.042663998901844025 0.11931399838924409
v 0.07450000196695328 -0.04246800020337105 0.11935299845337868
v 0.07450000196695328 -0.042663998901844025 0.11931399838924409
v 0.07450000196695328 -0.040004000067710876 0.11122999923229218
v 0.07450000196695328 -0.040004000067710876 0.11122999923229218
v 0.07450000196695328 -0.042663998901844025 0.11931399838924409
v 0.07450000196695328 -0.04018799960613251 0.11115199910402299
v 0.07450000196695328 -0.040004000067710876 0.11122999923229218
v 0.07450000196695328 -0.04018799960613251 0.11115199910402299
v 0.07450000196695328 -0.036003001034259796 0.10374400043785573
v 0.07450000196695328 -0.036003001034259796 0.10374400043785573
v 0.07450000196695328 -0.04018799960613251 0.11115199910402299
v 0.07450000196695328 -0.03616800159215927 0.10363199958503247
v 0.07450000196695328 -0.036003001034259796 0.10374400043785573
v 0.07450000196695328 -0.03616800159215927 0.10363199958503247
v 0.07450000196695328 -0.030618000775575638 0.09718200029730797
v 0.07450000196695328 -0.030618000775575638 0.09718200029730797
v 0.07450000196695328 -0.03616800159215927 0.10363199958503247
v 0.07450000196695328 -0.030757000669836998 0.09703899944126607
v 0.07450000196695328 -0.030618000775575638 0.09718200029730797
v 0.07450000196695328 -0.030757000669836998 0.09703899944126607
v 0.07450000196695328 -0.024056000635027885 0.09179700003862382
v 0.07450000196695328 -0.024056000635027885 0.09179700003862382
v 0.07450000196695328 -0.030757000669836998 0.09703899944126607
v 0.07450000196695328 -0.024167999625205994 0.09163199948072434
v 0.07450000196695328 -0.024056000635027885 0.09179700003862382
v 0.07450000196695328 -0.024167999625205994 0.09163199948072434
v 0.07450000196695328 -0.016649000346660614 0.08761199960410596
v 0.07450000196695328 -0.008484000340104103 0.0851350000679493
v 0.07450000196695328 -0.008446999825537205 0.08533199993818999
v 0.07450000196695328 -0.016649000346660614 0.08761199960410596
v 0.07450000196695328 -0.016649000346660614 0.08761199960410596
v 0.07450000196695328 -0.008446999825537205 0.08533199993818999
v 0.07450000196695328 -0.01656999997794628 0.08779600007385016
v 0.07450000196695328 -0.016649000346660614 0.08761199960410596
v 0.07450000196695328 -0.01656999997794628 0.08779600007385016
v 0.07450000196695328 -0.024056000635027885 0.09179700003862382
v 0.07450000196695328 -0.008446999825537205 0.08533199993818999
v 0.07450000196695328 -0.008484000340104103 0.0851350000679493
v 0.07450000196695328 0 0.08450000012218953
v -0.017304999753832817 -0.053259000182151794 0.08280000021606684
v -0.017304999753832817 0.053259000182151794 0.08280000021606684
v 0 -0.0560000017285347 0.08280000021606684
v 0 -0.0560000017285347 0.08280000021606684
v -0.017304999753832817 0.053259000182151794 0.08280000021606684
v 0 0.0560000017285347 0.08280000021606684
v 0 -0.0560000017285347 0.08280000021606684
v 0 0.0560000017285347 0.08280000021606684
v 0.017304999753832817 -0.053259000182151794 0.08280000021606684
v 0.017304999753832817 -0.053259000182151794 0.08280000021606684
v 0 0.0560000017285347 0.08280000021606684
v 0.017304999753832817 0.053259000182151794 0.08280000021606684
v 0.017304999753832817 -0.053259000182151794 0.08280000021606684
v 0.017304999753832817 0.053259000182151794 0.08280000021606684
v 0.03291599825024605 -0.04530499875545502 0.08280000021606684
v 0.03291599825024605 -0.04530499875545502 0.08280000021606684
v 0.017304999753832817 0.053259000182151794 0.08280000021606684
v 0.03291599825024605 0.04530499875545502 0.08280000021606684
v 0.03291599825024605 -0.04530499875545502 0.08280000021606684
v 0.03291599825024605 0.04530499875545502 0.08280000021606684
v 0.04530499875545502 -0.03291599825024605 0.08280000021606684
v 0.04530499875545502 -0.03291599825024605 0.08280000021606684
v 0.03291599825024605 0.04530499875545502 0.08280000021606684
v 0.04530499875545502 0.03291599825024605 0.08280000021606684
v 0.04530499875545502 -0.03291599825024605 0.08280000021606684
v 0.04530499875545502 0.03291599825024605 0.08280000021606684
v 0.053259000182151794 -0.017304999753832817 0.08280000021606684
v 0.053259000182151794 -0.017304999753832817 0.08280000021606684
v 0.04530499875545502 0.03291599825024605 0.08280000021606684
v 0.053259000182151794 0.017304999753832817 0.08280000021606684
v 0.053259000182151794 -0.017304999753832817 0.08280000021606684
v 0.053259000182151794 0.017304999753832817 0.08280000021606684
v 0.0560000017285347 0 0.08280000021606684
v -0.017304999753832817 0.053259000182151794 0.08280000021606684
v -0.017304999753832817 -0.053259000182151794 0.08280000021606684
v -0.03291599825024605 0.04530499875545502 0.08280000021606684
v -0.03291599825024605 0.04530499875545502 0.08280000021606684
v -0.017304999753832817 -0.053259000182151794 0.08280000021606684
v -0.03291599825024605 -0.04530499875545502 0.08280000021606684
v -0.03291599825024605 0.04530499875545502 0.08280000021606684
v -0.03291599825024605 -0.04530499875545502 0.08280000021606684
v -0.04530499875545502 0.03291599825024605 0.08280000021606684
v -0.04530499875545502 0.03291599825024605 0.08280000021606684
v -0.03291599825024605 -0.04530499875545502 0.08280000021606684
v -0.04530499875545502 -0.03291599825024605 0.08280000021606684
v -0.04530499875545502 0.03291599825024605 0.08280000021606684
v -0.04530499875545502 -0.03291599825024605 0.08280000021606684
v -0.053259000182151794 0.017304999753832817 0.08280000021606684
v -0.053259000182151794 0.017304999753832817 0.08280000021606684
v -0.04530499875545502 -0.03291599825024605 0.08280000021606684
v -0.053259000182151794 -0.017304999753832817 0.08280000021606684
v -0.053259000182151794 0.017304999753832817 0.08280000021606684
v -0.053259000182151794 -0.017304999753832817 0.08280000021606684
v -0.0560000017285347 0 0.08280000021606684
v 0 -0.0560000017285347 0.0758
v 0 -0.0560000017285347 0.08280000021606684
v 0.017304999753832817 -0.053259000182151794 0.0758
v 0.017304999753832817 -0.053259000182151794 0.0758
v 0 -0.0560000017285347 0.08280000021606684
v 0.017304999753832817 -0.053259000182151794 0.08280000021606684
v 0.017304999753832817 -0.053259000182151794 0.0758
v 0.017304999753832817 -0.053259000182151794 0.08280000021606684
v 0.03291599825024605 -0.04530499875545502 0.0758
v 0.03291599825024605 -0.04530499875545502 0.0758
v 0.017304999753832817 -0.053259000182151794 0.08280000021606684
v 0.03291599825024605 -0.04530499875545502 0.08280000021606684
v 0.03291599825024605 -0.04530499875545502 0.0758
v 0.03291599825024605 -0.04530499875545502 0.08280000021606684
v 0.04530499875545502 -0.03291599825024605 0.0758
v 0.04530499875545502 -0.03291599825024605 0.0758
v 0.03291599825024605 -0.04530499875545502 0.08280000021606684
v 0.04530499875545502 -0.03291599825024605 0.08280000021606684
v 0.04530499875545502 -0.03291599825024605 0.0758
v 0.04530499875545502 -0.03291599825024605 0.08280000021606684
v 0.053259000182151794 -0.017304999753832817 0.0758
v 0.053259000182151794 -0.017304999753832817 0.0758
v 0.04530499875545502 -0.03291599825024605 0.08280000021606684
v 0.053259000182151794 -0.017304999753832817 0.08280000021606684
v 0.053259000182151794 -0.017304999753832817 0.0758
v 0.053259000182151794 -0.017304999753832817 0.08280000021606684
v 0.0560000017285347 0 0.0758
v 0.0560000017285347 0 0.0758
v 0.053259000182151794 -0.017304999753832817 0.08280000021606684
v 0.0560000017285347 0 0.08280000021606684
v 0.0560000017285347 0 0.0758
v 0.0560000017285347 0 0.08280000021606684
v 0.053259000182151794 0.017304999753832817 0.0758
v 0.053259000182151794 0.017304999753832817 0.0758
v 0.0560000017285347 0 0.08280000021606684
v 0.053259000182151794 0.017304999753832817 0.08280000021606684
v 0.053259000182151794 0.017304999753832817 0.0758
v 0.053259000182151794 0.017304999753832817 0.08280000021606684
v 0.04530499875545502 0.03291599825024605 0.0758
v 0.04530499875545502 0.03291599825024605 0.0758
v 0.053259000182151794 0.017304999753832817 0.08280000021606684
v 0.04530499875545502 0.03291599825024605 0.08280000021606684
v 0.04530499875545502 0.03291599825024605 0.0758
v 0.04530499875545502 0.03291599825024605 0.08280000021606684
v 0.03291599825024605 0.04530499875545502 0.0758
v 0.03291599825024605 0.04530499875545502 0.0758
v 0.04530499875545502 0.03291599825024605 0.08280000021606684
v 0.03291599825024605 0.04530499875545502 0.08280000021606684
v 0.03291599825024605 0.04530499875545502 0.0758
v 0.03291599825024605 0.04530499875545502 0.08280000021606684
v 0.017304999753832817 0.053259000182151794 0.0758
v 0.017304999753832817 0.053259000182151794 0.0758
v 0.03291599825024605 0.04530499875545502 0.08280000021606684
v 0.017304999753832817 0.053259000182151794 0.08280000021606684
v 0.017304999753832817 0.053259000182151794 0.0758
v 0.017304999753832817 0.053259000182151794 0.08280000021606684
v 0 0.0560000017285347 0.0758
v 0 0.0560000017285347 0.0758
v 0.017304999753832817 0.053259000182151794 0.08280000021606684
v 0 0.0560000017285347 0.08280000021606684
v 0.05786700174212456 0.011506999842822552 0.0758
v 0.05900000035762787 0 0.0758
v 0.0560000017285347 0 0.0758
v 0.0560000017285347 0 0.0758
v 0.05900000035762787 0 0.0758
v 0.05786700174212456 -0.011506999842822552 0.0758
v 0.0560000017285347 0 0.0758
v 0.05786700174212456 -0.011506999842822552 0.0758
v 0.053259000182151794 -0.017304999753832817 0.0758
v 0.053259000182151794 -0.017304999753832817 0.0758
v 0.05786700174212456 -0.011506999842822552 0.0758
v 0.05450800061225891 -0.022582000121474266 0.0758
v 0.053259000182151794 -0.017304999753832817 0.0758
v 0.05450800061225891 -0.022582000121474266 0.0758
v 0.04530499875545502 -0.03291599825024605 0.0758
v 0.04530499875545502 -0.03291599825024605 0.0758
v 0.05450800061225891 -0.022582000121474266 0.0758
v 0.04905499890446663 -0.0327799990773201 0.0758
v 0.04530499875545502 -0.03291599825024605 0.0758
v 0.04905499890446663 -0.0327799990773201 0.0758
v 0.041721999645233154 -0.04171700030565262 0.0758
v 0.04530499875545502 -0.03291599825024605 0.0758
v 0.041721999645233154 -0.04171700030565262 0.0758
v 0.03291599825024605 -0.04530499875545502 0.0758
v 0.03291599825024605 -0.04530499875545502 0.0758
v 0.041721999645233154 -0.04171700030565262 0.0758
v 0.0327799990773201 -0.04905499890446663 0.0758
v 0.03291599825024605 -0.04530499875545502 0.0758
v 0.0327799990773201 -0.04905499890446663 0.0758
v 0.022579999640583992 -0.05450800061225891 0.0758
v 0.03291599825024605 -0.04530499875545502 0.0758
v 0.022579999640583992 -0.05450800061225891 0.0758
v 0.017304999753832817 -0.053259000182151794 0.0758
v 0.017304999753832817 -0.053259000182151794 0.0758
v 0.022579999640583992 -0.05450800061225891 0.0758
v 0.011509999632835388 -0.05786599963903427 0.0758
v 0.017304999753832817 -0.053259000182151794 0.0758
v 0.011509999632835388 -0.05786599963903427 0.0758
v 0 -0.0560000017285347 0.0758
v 0 -0.0560000017285347 0.0758
v 0.011509999632835388 -0.05786599963903427 0.0758
v 0 -0.05900000035762787 0.0758
v 0 -0.0560000017285347 0.0758
v 0 -0.05900000035762787 0.0758
v -0.011509999632835388 -0.05786599963903427 0.0758
v 0 -0.0560000017285347 0.0758
v -0.011509999632835388 -0.05786599963903427 0.0758
v -0.017304999753832817 -0.053259000182151794 0.0758
v -0.017304999753832817 -0.053259000182151794 0.0758
v -0.011509999632835388 -0.05786599963903427 0.0758
v -0.022579999640583992 -0.05450800061225891 0.0758
v -0.017304999753832817 -0.053259000182151794 0.0758
v -0.022579999640583992 -0.05450800061225891 0.0758
v -0.03291599825024605 -0.04530499875545502 0.0758
v -0.03291599825024605 -0.04530499875545502 0.0758
v -0.022579999640583992 -0.05450800061225891 0.0758
v -0.0327799990773201 -0.04905499890446663 0.0758
v -0.03291599825024605 -0.04530499875545502 0.0758
v -0.0327799990773201 -0.04905499890446663 0.0758
v -0.041721999645233154 -0.04171700030565262 0.0758
v -0.03291599825024605 -0.04530499875545502 0.0758
v -0.041721999645233154 -0.04171700030565262 0.0758
v -0.04530499875545502 -0.03291599825024605 0.0758
v -0.04530499875545502 -0.03291599825024605 0.0758
v -0.041721999645233154 -0.04171700030565262 0.0758
v -0.04905499890446663 -0.0327799990773201 0.0758
v -0.04530499875545502 -0.03291599825024605 0.0758
v -0.04905499890446663 -0.0327799990773201 0.0758
v -0.05450800061225891 -0.022582000121474266 0.0758
v -0.04530499875545502 -0.03291599825024605 0.0758
v -0.05450800061225891 -0.022582000121474266 0.0758
v -0.053259000182151794 -0.017304999753832817 0.0758
v -0.053259000182151794 -0.017304999753832817 0.0758
v -0.05450800061225891 -0.022582000121474266 0.0758
v -0.05786700174212456 -0.011506999842822552 0.0758
v -0.053259000182151794 -0.017304999753832817 0.0758
v -0.05786700174212456 -0.011506999842822552 0.0758
v -0.0560000017285347 0 0.0758
v -0.0560000017285347 0 0.0758
v -0.05786700174212456 -0.011506999842822552 0.0758
v -0.05900000035762787 0 0.0758
v -0.0560000017285347 0 0.0758
v -0.05900000035762787 0 0.0758
v -0.05786700174212456 0.011506999842822552 0.0758
v -0.0560000017285347 0 0.0758
v -0.05786700174212456 0.011506999842822552 0.0758
v -0.053259000182151794 0.017304999753832817 0.0758
v -0.053259000182151794 0.017304999753832817 0.0758
v -0.05786700174212456 0.011506999842822552 0.0758
v -0.05450800061225891 0.022582000121474266 0.0758
v -0.053259000182151794 0.017304999753832817 0.0758
v -0.05450800061225891 0.022582000121474266 0.0758
v -0.04530499875545502 0.03291599825024605 0.0758
v -0.04530499875545502 0.03291599825024605 0.0758
v -0.05450800061225891 0.022582000121474266 0.0758
v -0.04905499890446663 0.0327799990773201 0.0758
v -0.04530499875545502 0.03291599825024605 0.0758
v -0.04905499890446663 0.0327799990773201 0.0758
v -0.041721999645233154 0.04171700030565262 0.0758
v -0.04530499875545502 0.03291599825024605 0.0758
v -0.041721999645233154 0.04171700030565262 0.0758
v -0.03291599825024605 0.04530499875545502 0.0758
v -0.03291599825024605 0.04530499875545502 0.0758
v -0.041721999645233154 0.04171700030565262 0.0758
v -0.0327799990773201 0.04905499890446663 0.0758
v -0.03291599825024605 0.04530499875545502 0.0758
v -0.0327799990773201 0.04905499890446663 0.0758
v -0.022579999640583992 0.05450800061225891 0.0758
v -0.03291599825024605 0.04530499875545502 0.0758
v -0.022579999640583992 0.05450800061225891 0.0758
v -0.017304999753832817 0.053259000182151794 0.0758
v -0.017304999753832817 0.053259000182151794 0.0758
v -0.022579999640583992 0.05450800061225891 0.0758
v -0.011509999632835388 0.05786599963903427 0.0758
v -0.017304999753832817 0.053259000182151794 0.0758
v -0.011509999632835388 0.05786599963903427 0.0758
v 0 0.0560000017285347 0.0758
v 0 0.0560000017285347 0.0758
v -0.011509999632835388 0.05786599963903427 0.0758
v 0 0.05900000035762787 0.0758
v 0 0.0560000017285347 0.0758
v 0 0.05900000035762787 0.0758
v 0.011509999632835388 0.05786599963903427 0.0758
v 0 0.0560000017285347 0.0758
v 0.011509999632835388 0.05786599963903427 0.0758
v 0.017304999753832817 0.053259000182151794 0.0758
v 0.017304999753832817 0.053259000182151794 0.0758
v 0.011509999632835388 0.05786599963903427 0.0758
v 0.022579999640583992 0.05450800061225891 0.0758
v 0.017304999753832817 0.053259000182151794 0.0758
v 0.022579999640583992 0.05450800061225891 0.0758
v 0.03291599825024605 0.04530499875545502 0.0758
v 0.03291599825024605 0.04530499875545502 0.0758
v 0.022579999640583992 0.05450800061225891 0.0758
v 0.0327799990773201 0.04905499890446663 0.0758
v 0.03291599825024605 0.04530499875545502 0.0758
v 0.0327799990773201 0.04905499890446663 0.0758
v 0.041721999645233154 0.04171700030565262 0.0758
v 0.03291599825024605 0.04530499875545502 0.0758
v 0.041721999645233154 0.04171700030565262 0.0758
v 0.04530499875545502 0.03291599825024605 0.0758
v 0.04530499875545502 0.03291599825024605 0.0758
v 0.041721999645233154 0.04171700030565262 0.0758
v 0.04905499890446663 0.0327799990773201 0.0758
v 0.04530499875545502 0.03291599825024605 0.0758
v 0.04905499890446663 0.0327799990773201 0.0758
v 0.05450800061225891 0.022582000121474266 0.0758
v 0.04530499875545502 0.03291599825024605 0.0758
v 0.05450800061225891 0.022582000121474266 0.0758
v 0.053259000182151794 0.017304999753832817 0.0758
v 0.053259000182151794 0.017304999753832817 0.0758
v 0.05450800061225891 0.022582000121474266 0.0758
v 0.05786700174212456 0.011506999842822552 0.0758
v 0.053259000182151794 0.017304999753832817 0.0758
v 0.05786700174212456 0.011506999842822552 0.0758
v 0.0560000017285347 0 0.0758
v -0.05786700174212456 0.011506999842822552 0.0758
v -0.05900000035762787 0 0.0758
v -0.052411999553442 0.01090999972075224 0.08965200023651124
v -0.052411999553442 0.01090999972075224 0.08965200023651124
v -0.05900000035762787 0 0.0758
v -0.05022900179028511 0 0.09628500068485737
v -0.052411999553442 0.01090999972075224 0.08965200023651124
v -0.05022900179028511 0 0.09628500068485737
v -0.0455470010638237 0.010664000175893307 0.10265300074517728
v -0.0455470010638237 0.010664000175893307 0.10265300074517728
v -0.05022900179028511 0 0.09628500068485737
v -0.03856699913740158 0 0.1147930009841919
v -0.0455470010638237 0.010664000175893307 0.10265300074517728
v -0.03856699913740158 0 0.1147930009841919
v -0.03743800148367882 0.010418999940156937 0.11473399983644486
v -0.03743800148367882 0.010418999940156937 0.11473399983644486
v -0.03856699913740158 0 0.1147930009841919
v -0.028183000162243843 0.010173000395298004 0.12582399906516076
v -0.03743800148367882 0.010418999940156937 0.11473399983644486
v -0.028183000162243843 0.010173000395298004 0.12582399906516076
v -0.02568499930202961 0.019979000091552734 0.12455800013542176
v -0.02568499930202961 0.019979000091552734 0.12455800013542176
v -0.028183000162243843 0.010173000395298004 0.12582399906516076
v -0.0156230004504323 0.01949699968099594 0.13433699892759324
v -0.02568499930202961 0.019979000091552734 0.12455800013542176
v -0.0156230004504323 0.01949699968099594 0.13433699892759324
v -0.011982999742031097 0.028363000601530075 0.13190800161957741
v -0.011982999742031097 0.028363000601530075 0.13190800161957741
v -0.0156230004504323 0.01949699968099594 0.13433699892759324
v -0.0014319999609142542 0.027661999687552452 0.14022900002002717
v -0.011982999742031097 0.028363000601530075 0.13190800161957741
v -0.0014319999609142542 0.027661999687552452 0.14022900002002717
v 0.0028589998837560415 0.03531099855899811 0.13651300059556962
v 0.0028589998837560415 0.03531099855899811 0.13651300059556962
v -0.0014319999609142542 0.027661999687552452 0.14022900002002717
v 0.013570000417530537 0.03441600129008293 0.14330000268220902
v 0.0028589998837560415 0.03531099855899811 0.13651300059556962
v 0.013570000417530537 0.03441600129008293 0.14330000268220902
v 0.018012000247836113 0.04062899947166443 0.13828800083994866
v 0.018012000247836113 0.04062899947166443 0.13828800083994866
v 0.013570000417530537 0.03441600129008293 0.14330000268220902
v 0.028558000922203064 0.03957200050354004 0.1435350014448166
v 0.018012000247836113 0.04062899947166443 0.13828800083994866
v 0.028558000922203064 0.03957200050354004 0.1435350014448166
v 0.03268299996852875 0.044197000563144684 0.13733300032019616
v 0.03268299996852875 0.044197000563144684 0.13733300032019616
v 0.028558000922203064 0.03957200050354004 0.1435350014448166
v 0.04252300038933754 0.04304499924182892 0.14101700322628022
v 0.03268299996852875 0.044197000563144684 0.13733300032019616
v 0.04252300038933754 0.04304499924182892 0.14101700322628022
v 0.045956000685691833 0.04599599912762642 0.13384599821567536
v 0.045956000685691833 0.04599599912762642 0.13384599821567536
v 0.04252300038933754 0.04304499924182892 0.14101700322628022
v 0.05509199947118759 0.04476499930024147 0.13621499972343445
v 0.045956000685691833 0.04599599912762642 0.13384599821567536
v 0.05509199947118759 0.04476499930024147 0.13621499972343445
v 0.057534001767635345 0.04602200165390968 0.12837400125265122
v 0.057534001767635345 0.04602200165390968 0.12837400125265122
v 0.05509199947118759 0.04476499930024147 0.13621499972343445
v 0.06577400118112564 0.044755998998880386 0.12958400161862374
v 0.057534001767635345 0.04602200165390968 0.12837400125265122
v 0.06577400118112564 0.044755998998880386 0.12958400161862374
v 0.06696200370788574 0.04443899914622307 0.12196399854421616
v 0.06696200370788574 0.04443899914622307 0.12196399854421616
v 0.06577400118112564 0.044755998998880386 0.12958400161862374
v 0.07450000196695328 0.04349999874830246 0.1278000010728836
v 0.06696200370788574 0.04443899914622307 0.12196399854421616
v 0.07450000196695328 0.04349999874830246 0.1278000010728836
v 0.07425200194120407 0.043182000517845154 0.12221500115394593
v 0.07425200194120407 0.043182000517845154 0.12221500115394593
v 0.07450000196695328 0.04349999874830246 0.1278000010728836
v 0.07450000196695328 0.042663998901844025 0.11931399838924409
v 0.07425200194120407 0.043182000517845154 0.12221500115394593
v 0.07450000196695328 0.042663998901844025 0.11931399838924409
v 0.06696200370788574 0.04443899914622307 0.12196399854421616
v 0.06696200370788574 0.04443899914622307 0.12196399854421616
v 0.07450000196695328 0.042663998901844025 0.11931399838924409
v 0.068122997879982 0.04271800071001053 0.11451599957346917
v 0.06696200370788574 0.04443899914622307 0.12196399854421616
v 0.068122997879982 0.04271800071001053 0.11451599957346917
v 0.05984000116586685 0.04569600149989128 0.12096899958252907
v 0.05984000116586685 0.04569600149989128 0.12096899958252907
v 0.068122997879982 0.04271800071001053 0.11451599957346917
v 0.0620959997177124 0.04392600059509277 0.1137289984703064
v 0.05984000116586685 0.04569600149989128 0.12096899958252907
v 0.0620959997177124 0.04392600059509277 0.1137289984703064
v 0.05293399840593338 0.04695200175046921 0.11926200078725815
v 0.05293399840593338 0.04695200175046921 0.11926200078725815
v 0.0620959997177124 0.04392600059509277 0.1137289984703064
v 0.05624900013208389 0.04513400048017502 0.11233600066900254
v 0.05293399840593338 0.04695200175046921 0.11926200078725815
v 0.05624900013208389 0.04513400048017502 0.11233600066900254
v 0.046289000660181046 0.04820900037884712 0.11687600077986718
v 0.046289000660181046 0.04820900037884712 0.11687600077986718
v 0.05624900013208389 0.04513400048017502 0.11233600066900254
v 0.05062200129032135 0.04634200036525726 0.11036199914216996
v 0.046289000660181046 0.04820900037884712 0.11687600077986718
v 0.05062200129032135 0.04634200036525726 0.11036199914216996
v 0.03980100154876709 0.04949700087308884 0.11375899823307992
v 0.03980100154876709 0.04949700087308884 0.11375899823307992
v 0.05062200129032135 0.04634200036525726 0.11036199914216996
v 0.04512599855661392 0.04758000001311302 0.10776600079536439
v 0.03980100154876709 0.04949700087308884 0.11375899823307992
v 0.04512599855661392 0.04758000001311302 0.10776600079536439
v 0.033684998750686646 0.05078500136733055 0.10999600054621697
v 0.033684998750686646 0.05078500136733055 0.10999600054621697
v 0.04512599855661392 0.04758000001311302 0.10776600079536439
v 0.03994299843907356 0.04881799966096878 0.10461900034844876
v 0.033684998750686646 0.05078500136733055 0.10999600054621697
v 0.03994299843907356 0.04881799966096878 0.10461900034844876
v 0.027990000322461128 0.05207199975848198 0.10562299961149693
v 0.027990000322461128 0.05207199975848198 0.10562299961149693
v 0.03994299843907356 0.04881799966096878 0.10461900034844876
v 0.035117000341415405 0.05005599930882454 0.10095099942684174
v 0.027990000322461128 0.05207199975848198 0.10562299961149693
v 0.035117000341415405 0.05005599930882454 0.10095099942684174
v 0.022766999900341034 0.053360000252723694 0.10067299963831902
v 0.022766999900341034 0.053360000252723694 0.10067299963831902
v 0.035117000341415405 0.05005599930882454 0.10095099942684174
v 0.03068999946117401 0.0512939989566803 0.09678999917507172
v 0.022766999900341034 0.053360000252723694 0.10067299963831902
v 0.03068999946117401 0.0512939989566803 0.09678999917507172
v 0.01806499995291233 0.05464800074696541 0.09518199996948243
v 0.01806499995291233 0.05464800074696541 0.09518199996948243
v 0.03068999946117401 0.0512939989566803 0.09678999917507172
v 0.026704000309109688 0.052531998604536057 0.09216499911546708
v 0.01806499995291233 0.05464800074696541 0.09518199996948243
v 0.026704000309109688 0.052531998604536057 0.09216499911546708
v 0.0139340003952384 0.05593499913811684 0.08918199991732836
v 0.0139340003952384 0.05593499913811684 0.08918199991732836
v 0.026704000309109688 0.052531998604536057 0.09216499911546708
v 0.023202000185847282 0.05376899987459183 0.08710499970167876
v 0.0139340003952384 0.05593499913811684 0.08918199991732836
v 0.023202000185847282 0.05376899987459183 0.08710499970167876
v 0.01042299997061491 0.05722299963235855 0.08270999999642373
v 0.01042299997061491 0.05722299963235855 0.08270999999642373
v 0.023202000185847282 0.05376899987459183 0.08710499970167876
v 0.020225999876856804 0.055006999522447586 0.08164100000560284
v 0.01042299997061491 0.05722299963235855 0.08270999999642373
v 0.020225999876856804 0.055006999522447586 0.08164100000560284
v 0.011509999632835388 0.05786599963903427 0.0758
v 0.011509999632835388 0.05786599963903427 0.0758
v 0.020225999876856804 0.055006999522447586 0.08164100000560284
v 0.022579999640583992 0.05450800061225891 0.0758
v 0.022579999640583992 0.05450800061225891 0.0758
v 0.020225999876856804 0.055006999522447586 0.08164100000560284
v 0.0294950008392334 0.05105400085449219 0.08062500018551946
v 0.022579999640583992 0.05450800061225891 0.0758
v 0.0294950008392334 0.05105400085449219 0.08062500018551946
v 0.0327799990773201 0.04905499890446663 0.0758
v 0.0327799990773201 0.04905499890446663 0.0758
v 0.0294950008392334 0.05105400085449219 0.08062500018551946
v 0.03793799877166748 0.04548899829387665 0.07969500008895994
v 0.0327799990773201 0.04905499890446663 0.0758
v 0.03793799877166748 0.04548899829387665 0.07969500008895994
v 0.041721999645233154 0.04171700030565262 0.0758
v 0.041721999645233154 0.04171700030565262 0.0758
v 0.03793799877166748 0.04548899829387665 0.07969500008895994
v 0.04528899863362312 0.03848699852824211 0.07887799992151559
v 0.041721999645233154 0.04171700030565262 0.0758
v 0.04528899863362312 0.03848699852824211 0.07887799992151559
v 0.04905499890446663 0.0327799990773201 0.0758
v 0.04905499890446663 0.0327799990773201 0.0758
v 0.04528899863362312 0.03848699852824211 0.07887799992151559
v 0.051316000521183014 0.03027000091969967 0.07820099988877774
v 0.04905499890446663 0.0327799990773201 0.0758
v 0.051316000521183014 0.03027000091969967 0.07820099988877774
v 0.05450800061225891 0.022582000121474266 0.0758
v 0.05450800061225891 0.022582000121474266 0.0758
v 0.051316000521183014 0.03027000091969967 0.07820099988877774
v 0.05582600086927414 0.0210960004478693 0.0776880000570789
v 0.05450800061225891 0.022582000121474266 0.0758
v 0.05582600086927414 0.0210960004478693 0.0776880000570789
v 0.05786700174212456 0.011506999842822552 0.0758
v 0.05786700174212456 0.011506999842822552 0.0758
v 0.05582600086927414 0.0210960004478693 0.0776880000570789
v 0.05867199972271919 0.011257000267505646 0.07735899999663234
v 0.05786700174212456 0.011506999842822552 0.0758
v 0.05867199972271919 0.011257000267505646 0.07735899999663234
v 0.05900000035762787 0 0.0758
v 0.05900000035762787 0 0.0758
v 0.05867199972271919 0.011257000267505646 0.07735899999663234
v 0.06168200075626373 0 0.07973400015309454
v 0.06168200075626373 0 0.07973400015309454
v 0.05867199972271919 0.011257000267505646 0.07735899999663234
v 0.059627000242471695 0.011003999970853329 0.07879900001846254
v 0.06168200075626373 0 0.07973400015309454
v 0.059627000242471695 0.011003999970853329 0.07879900001846254
v 0.060717999935150146 0.01075000036507845 0.08011300001218916
v 0.060717999935150146 0.01075000036507845 0.08011300001218916
v 0.059627000242471695 0.011003999970853329 0.07879900001846254
v 0.056919001042842865 0.020622000098228455 0.0794359999794513
v 0.060717999935150146 0.01075000036507845 0.08011300001218916
v 0.056919001042842865 0.020622000098228455 0.0794359999794513
v 0.058180999010801315 0.02014699950814247 0.08103599982261658
v 0.058180999010801315 0.02014699950814247 0.08103599982261658
v 0.056919001042842865 0.020622000098228455 0.0794359999794513
v 0.052636999636888504 0.02958899922668934 0.08043100010529161
v 0.058180999010801315 0.02014699950814247 0.08103599982261658
v 0.052636999636888504 0.02958899922668934 0.08043100010529161
v 0.05417399853467941 0.02890699915587902 0.08247800009250641
v 0.05417399853467941 0.02890699915587902 0.08247800009250641
v 0.052636999636888504 0.02958899922668934 0.08043100010529161
v 0.046921998262405396 0.03762099891901016 0.08174400009140373
v 0.05417399853467941 0.02890699915587902 0.08247800009250641
v 0.046921998262405396 0.03762099891901016 0.08174400009140373
v 0.04883300140500069 0.036754999309778214 0.0843819996893406
v 0.04883300140500069 0.036754999309778214 0.0843819996893406
v 0.046921998262405396 0.03762099891901016 0.08174400009140373
v 0.03995800018310547 0.04446500167250633 0.0833289998203516
v 0.04883300140500069 0.036754999309778214 0.0843819996893406
v 0.03995800018310547 0.04446500167250633 0.0833289998203516
v 0.0423320010304451 0.043441999703645706 0.08668100019842387
v 0.0423320010304451 0.043441999703645706 0.08668100019842387
v 0.03995800018310547 0.04446500167250633 0.0833289998203516
v 0.031968001276254654 0.049904998391866684 0.08513399982750416
v 0.0423320010304451 0.043441999703645706 0.08668100019842387
v 0.031968001276254654 0.049904998391866684 0.08513399982750416
v 0.03487800061702728 0.04875599965453148 0.08930300014019013
v 0.03487800061702728 0.04875599965453148 0.08930300014019013
v 0.031968001276254654 0.049904998391866684 0.08513399982750416
v 0.023202000185847282 0.05376899987459183 0.08710499970167876
v 0.03487800061702728 0.04875599965453148 0.08930300014019013
v 0.023202000185847282 0.05376899987459183 0.08710499970167876
v 0.026704000309109688 0.052531998604536057 0.09216499911546708
v -0.03856699913740158 0 0.1147930009841919
v -0.024336999282240868 0 0.13109100075364113
v -0.028183000162243843 0.010173000395298004 0.12582399906516076
v -0.028183000162243843 0.010173000395298004 0.12582399906516076
v -0.024336999282240868 0 0.13109100075364113
v -0.017878999933600426 0.009928000159561634 0.135854000467062
v -0.028183000162243843 0.010173000395298004 0.12582399906516076
v -0.017878999933600426 0.009928000159561634 0.135854000467062
v -0.0156230004504323 0.01949699968099594 0.13433699892759324
v -0.0156230004504323 0.01949699968099594 0.13433699892759324
v -0.017878999933600426 0.009928000159561634 0.135854000467062
v -0.004635999910533428 0.019014999270439148 0.14301600145101548
v -0.0156230004504323 0.01949699968099594 0.13433699892759324
v -0.004635999910533428 0.019014999270439148 0.14301600145101548
v -0.0014319999609142542 0.027661999687552452 0.14022900002002717
v -0.0014319999609142542 0.027661999687552452 0.14022900002002717
v -0.004635999910533428 0.019014999270439148 0.14301600145101548
v 0.00991399958729744 0.02696100063621998 0.1474330036520958
v -0.0014319999609142542 0.027661999687552452 0.14022900002002717
v 0.00991399958729744 0.02696100063621998 0.1474330036520958
v 0.013570000417530537 0.03441600129008293 0.14330000268220902
v 0.013570000417530537 0.03441600129008293 0.14330000268220902
v 0.00991399958729744 0.02696100063621998 0.1474330036520958
v 0.02494099922478199 0.03351999819278717 0.14897399978637696
v 0.013570000417530537 0.03441600129008293 0.14330000268220902
v 0.02494099922478199 0.03351999819278717 0.14897399978637696
v 0.028558000922203064 0.03957200050354004 0.1435350014448166
v 0.028558000922203064 0.03957200050354004 0.1435350014448166
v 0.02494099922478199 0.03351999819278717 0.14897399978637696
v 0.03936700150370598 0.038541000336408615 0.1476050003051758
v 0.028558000922203064 0.03957200050354004 0.1435350014448166
v 0.03936700150370598 0.038541000336408615 0.1476050003051758
v 0.04252300038933754 0.04304499924182892 0.14101700322628022
v 0.04252300038933754 0.04304499924182892 0.14101700322628022
v 0.03936700150370598 0.038541000336408615 0.1476050003051758
v 0.05275600031018257 0.041891999542713165 0.14370699809789658
v 0.04252300038933754 0.04304499924182892 0.14101700322628022
v 0.05275600031018257 0.041891999542713165 0.14370699809789658
v 0.05509199947118759 0.04476499930024147 0.13621499972343445
v 0.05509199947118759 0.04476499930024147 0.13621499972343445
v 0.05275600031018257 0.041891999542713165 0.14370699809789658
v 0.06451699882745743 0.043533001095056534 0.13765099855065346
v 0.05509199947118759 0.04476499930024147 0.13621499972343445
v 0.06451699882745743 0.043533001095056534 0.13765099855065346
v 0.06577400118112564 0.044755998998880386 0.12958400161862374
v 0.06577400118112564 0.044755998998880386 0.12958400161862374
v 0.06451699882745743 0.043533001095056534 0.13765099855065346
v 0.07450000196695328 0.042663998901844025 0.13628600003123284
v 0.06577400118112564 0.044755998998880386 0.12958400161862374
v 0.07450000196695328 0.042663998901844025 0.13628600003123284
v 0.07421199977397919 0.04349000006914139 0.1299369989514351
v 0.07421199977397919 0.04349000006914139 0.1299369989514351
v 0.07450000196695328 0.042663998901844025 0.13628600003123284
v 0.07450000196695328 0.04349999874830246 0.1278000010728836
v 0.07421199977397919 0.04349000006914139 0.1299369989514351
v 0.07450000196695328 0.04349999874830246 0.1278000010728836
v 0.06577400118112564 0.044755998998880386 0.12958400161862374
v -0.024336999282240868 0 0.13109100075364113
v -0.007864000275731087 0 0.14494699822664261
v -0.017878999933600426 0.009928000159561634 0.135854000467062
v -0.017878999933600426 0.009928000159561634 0.135854000467062
v -0.007864000275731087 0 0.14494699822664261
v -0.006624000146985054 0.009681999683380127 0.1447530000090599
v -0.017878999933600426 0.009928000159561634 0.135854000467062
v -0.006624000146985054 0.009681999683380127 0.1447530000090599
v -0.004635999910533428 0.019014999270439148 0.14301600145101548
v -0.004635999910533428 0.019014999270439148 0.14301600145101548
v -0.006624000146985054 0.009681999683380127 0.1447530000090599
v 0.007182000204920769 0.018533000722527504 0.15052699880599976
v -0.004635999910533428 0.019014999270439148 0.14301600145101548
v 0.007182000204920769 0.018533000722527504 0.15052699880599976
v 0.00991399958729744 0.02696100063621998 0.1474330036520958
v 0.00991399958729744 0.02696100063621998 0.1474330036520958
v 0.007182000204920769 0.018533000722527504 0.15052699880599976
v 0.021963000297546387 0.02625899948179722 0.15345299826860428
v 0.00991399958729744 0.02696100063621998 0.1474330036520958
v 0.021963000297546387 0.02625899948179722 0.15345299826860428
v 0.02494099922478199 0.03351999819278717 0.14897399978637696
v 0.02494099922478199 0.03351999819278717 0.14897399978637696
v 0.021963000297546387 0.02625899948179722 0.15345299826860428
v 0.03659699857234955 0.032646000385284424 0.15337800072431565
v 0.02494099922478199 0.03351999819278717 0.14897399978637696
v 0.03659699857234955 0.032646000385284424 0.15337800072431565
v 0.03936700150370598 0.038541000336408615 0.1476050003051758
v 0.03936700150370598 0.038541000336408615 0.1476050003051758
v 0.03659699857234955 0.032646000385284424 0.15337800072431565
v 0.05060800164937973 0.0375090017914772 0.1505859999537468
v 0.03936700150370598 0.038541000336408615 0.1476050003051758
v 0.05060800164937973 0.0375090017914772 0.1505859999537468
v 0.05275600031018257 0.041891999542713165 0.14370699809789658
v 0.05275600031018257 0.041891999542713165 0.14370699809789658
v 0.05060800164937973 0.0375090017914772 0.1505859999537468
v 0.0633149966597557 0.0407399982213974 0.14535499947071076
v 0.05275600031018257 0.041891999542713165 0.14370699809789658
v 0.0633149966597557 0.0407399982213974 0.14535499947071076
v 0.06451699882745743 0.043533001095056534 0.13765099855065346
v 0.06451699882745743 0.043533001095056534 0.13765099855065346
v 0.0633149966597557 0.0407399982213974 0.14535499947071076
v 0.07450000196695328 0.04018799960613251 0.14444800304174424
v 0.06451699882745743 0.043533001095056534 0.13765099855065346
v 0.07450000196695328 0.04018799960613251 0.14444800304174424
v 0.07417099922895432 0.042302001267671585 0.13811199949979783
v 0.07417099922895432 0.042302001267671585 0.13811199949979783
v 0.07450000196695328 0.04018799960613251 0.14444800304174424
v 0.07450000196695328 0.042663998901844025 0.13628600003123284
v 0.07417099922895432 0.042302001267671585 0.13811199949979783
v 0.07450000196695328 0.042663998901844025 0.13628600003123284
v 0.06451699882745743 0.043533001095056534 0.13765099855065346
v -0.006624000146985054 0.009681999683380127 0.1447530000090599
v -0.007864000275731087 0 0.14494699822664261
v 0.00548599986359477 0.009437000378966331 0.15245300369262696
v 0.00548599986359477 0.009437000378966331 0.15245300369262696
v -0.007864000275731087 0 0.14494699822664261
v 0.01053099986165762 0 0.15612800257205964
v 0.00548599986359477 0.009437000378966331 0.15245300369262696
v 0.01053099986165762 0 0.15612800257205964
v 0.018352000042796135 0.009190999902784824 0.15888299630880356
v 0.018352000042796135 0.009190999902784824 0.15888299630880356
v 0.01053099986165762 0 0.15612800257205964
v 0.030522000044584274 0 0.1644019989848137
v 0.018352000042796135 0.009190999902784824 0.15888299630880356
v 0.030522000044584274 0 0.1644019989848137
v 0.03154899924993515 0.008950999937951565 0.16386800097227097
v 0.03154899924993515 0.008950999937951565 0.16386800097227097
v 0.030522000044584274 0 0.1644019989848137
v 0.0452830009162426 0.008712000213563442 0.16751199798583985
v 0.03154899924993515 0.008950999937951565 0.16386800097227097
v 0.0452830009162426 0.008712000213563442 0.16751199798583985
v 0.04600600153207779 0.01710899919271469 0.1652329994916916
v 0.04600600153207779 0.01710899919271469 0.1652329994916916
v 0.0452830009162426 0.008712000213563442 0.16751199798583985
v 0.05983800068497658 0.016638999804854393 0.16742700176239014
v 0.04600600153207779 0.01710899919271469 0.1652329994916916
v 0.05983800068497658 0.016638999804854393 0.16742700176239014
v 0.060437001287937164 0.024204999208450317 0.1636629982471466
v 0.060437001287937164 0.024204999208450317 0.1636629982471466
v 0.05983800068497658 0.016638999804854393 0.16742700176239014
v 0.07403600215911865 0.023521000519394875 0.16440599994659424
v 0.060437001287937164 0.024204999208450317 0.1636629982471466
v 0.07403600215911865 0.023521000519394875 0.16440599994659424
v 0.07450000196695328 0.024167999625205994 0.16396800266504288
v 0.07450000196695328 0.024167999625205994 0.16396800266504288
v 0.07403600215911865 0.023521000519394875 0.16440599994659424
v 0.07450000196695328 0.016649000346660614 0.16798800067901612
v 0.07450000196695328 0.016649000346660614 0.16798800067901612
v 0.07403600215911865 0.023521000519394875 0.16440599994659424
v 0.05983800068497658 0.016638999804854393 0.16742700176239014
v 0.07450000196695328 0.016649000346660614 0.16798800067901612
v 0.05983800068497658 0.016638999804854393 0.16742700176239014
v 0.0740170031785965 0.016168000176548958 0.16818900244235993
v 0.0740170031785965 0.016168000176548958 0.16818900244235993
v 0.05983800068497658 0.016638999804854393 0.16742700176239014
v 0.05946499854326248 0.008472000248730183 0.16974899755716324
v 0.0740170031785965 0.016168000176548958 0.16818900244235993
v 0.05946499854326248 0.008472000248730183 0.16974899755716324
v 0.07400400191545486 0.008232999593019485 0.17051499919891358
v 0.07400400191545486 0.008232999593019485 0.17051499919891358
v 0.05946499854326248 0.008472000248730183 0.16974899755716324
v 0.07400000095367432 0 0.17129999982118607
v 0.07400400191545486 0.008232999593019485 0.17051499919891358
v 0.07400000095367432 0 0.17129999982118607
v 0.0742499977350235 0 0.17129999982118607
v 0.030522000044584274 0 0.1644019989848137
v 0.05178600177168846 0 0.16953699873685837
v 0.0452830009162426 0.008712000213563442 0.16751199798583985
v 0.0452830009162426 0.008712000213563442 0.16751199798583985
v 0.05178600177168846 0 0.16953699873685837
v 0.05946499854326248 0.008472000248730183 0.16974899755716324
v 0.0452830009162426 0.008712000213563442 0.16751199798583985
v 0.05946499854326248 0.008472000248730183 0.16974899755716324
v 0.05983800068497658 0.016638999804854393 0.16742700176239014
v 0.05178600177168846 0 0.16953699873685837
v 0.07400000095367432 0 0.17129999982118607
v 0.05946499854326248 0.008472000248730183 0.16974899755716324
v 0.0742499977350235 0 0.17129999982118607
v 0.07450000196695328 0 0.17129999982118607
v 0.07400400191545486 0.008232999593019485 0.17051499919891358
v 0.07400400191545486 0.008232999593019485 0.17051499919891358
v 0.07450000196695328 0 0.17129999982118607
v 0.07450000196695328 0.008484000340104103 0.17046499835252762
v 0.07400400191545486 0.008232999593019485 0.17051499919891358
v 0.07450000196695328 0.008484000340104103 0.17046499835252762
v 0.0740170031785965 0.016168000176548958 0.16818900244235993
v 0.0740170031785965 0.016168000176548958 0.16818900244235993
v 0.07450000196695328 0.008484000340104103 0.17046499835252762
v 0.07450000196695328 0.016649000346660614 0.16798800067901612
v 0.07450000196695328 0.030757000669836998 0.1585609971165657
v 0.0740630030632019 0.030024999752640724 0.15930300043821335
v 0.07450000196695328 0.024167999625205994 0.16396800266504288
v 0.07450000196695328 0.024167999625205994 0.16396800266504288
v 0.0740630030632019 0.030024999752640724 0.15930300043821335
v 0.06123699992895126 0.03089899942278862 0.1586000009059906
v 0.07450000196695328 0.024167999625205994 0.16396800266504288
v 0.06123699992895126 0.03089899942278862 0.1586000009059906
v 0.060437001287937164 0.024204999208450317 0.1636629982471466
v 0.060437001287937164 0.024204999208450317 0.1636629982471466
v 0.06123699992895126 0.03089899942278862 0.1586000009059906
v 0.047168999910354614 0.024890000000596046 0.16154999868869782
v 0.060437001287937164 0.024204999208450317 0.1636629982471466
v 0.047168999910354614 0.024890000000596046 0.16154999868869782
v 0.04600600153207779 0.01710899919271469 0.1652329994916916
v 0.04600600153207779 0.01710899919271469 0.1652329994916916
v 0.047168999910354614 0.024890000000596046 0.16154999868869782
v 0.03260999917984009 0.017580000683665276 0.16166999773979188
v 0.04600600153207779 0.01710899919271469 0.1652329994916916
v 0.03260999917984009 0.017580000683665276 0.16166999773979188
v 0.03154899924993515 0.008950999937951565 0.16386800097227097
v 0.03154899924993515 0.008950999937951565 0.16386800097227097
v 0.03260999917984009 0.017580000683665276 0.16166999773979188
v 0.018352000042796135 0.009190999902784824 0.15888299630880356
v 0.07450000196695328 0.03616800159215927 0.1519680006980896
v 0.07409500330686569 0.03544500097632408 0.15306500183343888
v 0.07450000196695328 0.030757000669836998 0.1585609971165657
v 0.07450000196695328 0.030757000669836998 0.1585609971165657
v 0.07409500330686569 0.03544500097632408 0.15306500183343888
v 0.06220800057053566 0.03647699952125549 0.15242300020456315
v 0.07450000196695328 0.030757000669836998 0.1585609971165657
v 0.06220800057053566 0.03647699952125549 0.15242300020456315
v 0.06123699992895126 0.03089899942278862 0.1586000009059906
v 0.06123699992895126 0.03089899942278862 0.1586000009059906
v 0.06220800057053566 0.03647699952125549 0.15242300020456315
v 0.04872199892997742 0.03177199885249138 0.15660600202083588
v 0.06123699992895126 0.03089899942278862 0.1586000009059906
v 0.04872199892997742 0.03177199885249138 0.15660600202083588
v 0.047168999910354614 0.024890000000596046 0.16154999868869782
v 0.047168999910354614 0.024890000000596046 0.16154999868869782
v 0.04872199892997742 0.03177199885249138 0.15660600202083588
v 0.03431599959731102 0.02557400055229664 0.1581260024189949
v 0.047168999910354614 0.024890000000596046 0.16154999868869782
v 0.03431599959731102 0.02557400055229664 0.1581260024189949
v 0.03260999917984009 0.017580000683665276 0.16166999773979188
v 0.03260999917984009 0.017580000683665276 0.16166999773979188
v 0.03431599959731102 0.02557400055229664 0.1581260024189949
v 0.019735999405384064 0.01805100031197071 0.15680199699401856
v 0.03260999917984009 0.017580000683665276 0.16166999773979188
v 0.019735999405384064 0.01805100031197071 0.15680199699401856
v 0.018352000042796135 0.009190999902784824 0.15888299630880356
v 0.018352000042796135 0.009190999902784824 0.15888299630880356
v 0.019735999405384064 0.01805100031197071 0.15680199699401856
v 0.00548599986359477 0.009437000378966331 0.15245300369262696
v 0.07450000196695328 0.04018799960613251 0.14444800304174424
v 0.07413099706172943 0.03958800062537193 0.14591500000953675
v 0.07450000196695328 0.03616800159215927 0.1519680006980896
v 0.07450000196695328 0.03616800159215927 0.1519680006980896
v 0.07413099706172943 0.03958800062537193 0.14591500000953675
v 0.0633149966597557 0.0407399982213974 0.14535499947071076
v 0.07450000196695328 0.03616800159215927 0.1519680006980896
v 0.0633149966597557 0.0407399982213974 0.14535499947071076
v 0.06220800057053566 0.03647699952125549 0.15242300020456315
v 0.06220800057053566 0.03647699952125549 0.15242300020456315
v 0.0633149966597557 0.0407399982213974 0.14535499947071076
v 0.05060800164937973 0.0375090017914772 0.1505859999537468
v 0.06220800057053566 0.03647699952125549 0.15242300020456315
v 0.05060800164937973 0.0375090017914772 0.1505859999537468
v 0.04872199892997742 0.03177199885249138 0.15660600202083588
v 0.04872199892997742 0.03177199885249138 0.15660600202083588
v 0.05060800164937973 0.0375090017914772 0.1505859999537468
v 0.03659699857234955 0.032646000385284424 0.15337800072431565
v 0.04872199892997742 0.03177199885249138 0.15660600202083588
v 0.03659699857234955 0.032646000385284424 0.15337800072431565
v 0.03431599959731102 0.02557400055229664 0.1581260024189949
v 0.03431599959731102 0.02557400055229664 0.1581260024189949
v 0.03659699857234955 0.032646000385284424 0.15337800072431565
v 0.021963000297546387 0.02625899948179722 0.15345299826860428
v 0.03431599959731102 0.02557400055229664 0.1581260024189949
v 0.021963000297546387 0.02625899948179722 0.15345299826860428
v 0.019735999405384064 0.01805100031197071 0.15680199699401856
v 0.019735999405384064 0.01805100031197071 0.15680199699401856
v 0.021963000297546387 0.02625899948179722 0.15345299826860428
v 0.007182000204920769 0.018533000722527504 0.15052699880599976
v 0.019735999405384064 0.01805100031197071 0.15680199699401856
v 0.007182000204920769 0.018533000722527504 0.15052699880599976
v 0.00548599986359477 0.009437000378966331 0.15245300369262696
v 0.00548599986359477 0.009437000378966331 0.15245300369262696
v 0.007182000204920769 0.018533000722527504 0.15052699880599976
v -0.006624000146985054 0.009681999683380127 0.1447530000090599
v 0.068122997879982 0.04271800071001053 0.11451599957346917
v 0.07450000196695328 0.042663998901844025 0.11931399838924409
v 0.07428999990224838 0.041510000824928284 0.1146690009713173
v 0.07428999990224838 0.041510000824928284 0.1146690009713173
v 0.07450000196695328 0.042663998901844025 0.11931399838924409
v 0.07450000196695328 0.04018799960613251 0.11115199910402299
v 0.07428999990224838 0.041510000824928284 0.1146690009713173
v 0.07450000196695328 0.04018799960613251 0.11115199910402299
v 0.068122997879982 0.04271800071001053 0.11451599957346917
v 0.068122997879982 0.04271800071001053 0.11451599957346917
v 0.07450000196695328 0.04018799960613251 0.11115199910402299
v 0.06922300159931183 0.03964800015091896 0.10747200088500977
v 0.068122997879982 0.04271800071001053 0.11451599957346917
v 0.06922300159931183 0.03964800015091896 0.10747200088500977
v 0.0620959997177124 0.04392600059509277 0.1137289984703064
v 0.0620959997177124 0.04392600059509277 0.1137289984703064
v 0.06922300159931183 0.03964800015091896 0.10747200088500977
v 0.06423299759626389 0.040768999606370926 0.10687799962162972
v 0.0620959997177124 0.04392600059509277 0.1137289984703064
v 0.06423299759626389 0.040768999606370926 0.10687799962162972
v 0.05624900013208389 0.04513400048017502 0.11233600066900254
v 0.05624900013208389 0.04513400048017502 0.11233600066900254
v 0.06423299759626389 0.040768999606370926 0.10687799962162972
v 0.059390000998973846 0.04189100116491318 0.10577699938714505
v 0.05624900013208389 0.04513400048017502 0.11233600066900254
v 0.059390000998973846 0.04189100116491318 0.10577699938714505
v 0.05062200129032135 0.04634200036525726 0.11036199914216996
v 0.05062200129032135 0.04634200036525726 0.11036199914216996
v 0.059390000998973846 0.04189100116491318 0.10577699938714505
v 0.054726000875234604 0.04301200062036514 0.10419099988341332
v 0.05062200129032135 0.04634200036525726 0.11036199914216996
v 0.054726000875234604 0.04301200062036514 0.10419099988341332
v 0.04512599855661392 0.04758000001311302 0.10776600079536439
v 0.04512599855661392 0.04758000001311302 0.10776600079536439
v 0.054726000875234604 0.04301200062036514 0.10419099988341332
v 0.0501680001616478 0.04416099935770035 0.10208700062632561
v 0.04512599855661392 0.04758000001311302 0.10776600079536439
v 0.0501680001616478 0.04416099935770035 0.10208700062632561
v 0.03994299843907356 0.04881799966096878 0.10461900034844876
v 0.03994299843907356 0.04881799966096878 0.10461900034844876
v 0.0501680001616478 0.04416099935770035 0.10208700062632561
v 0.045869000256061554 0.04531000182032585 0.09952300066053868
v 0.03994299843907356 0.04881799966096878 0.10461900034844876
v 0.045869000256061554 0.04531000182032585 0.09952300066053868
v 0.035117000341415405 0.05005599930882454 0.10095099942684174
v 0.035117000341415405 0.05005599930882454 0.10095099942684174
v 0.045869000256061554 0.04531000182032585 0.09952300066053868
v 0.041864000260829926 0.046459000557661057 0.09652099968791009
v 0.035117000341415405 0.05005599930882454 0.10095099942684174
v 0.041864000260829926 0.046459000557661057 0.09652099968791009
v 0.03068999946117401 0.0512939989566803 0.09678999917507172
v 0.03068999946117401 0.0512939989566803 0.09678999917507172
v 0.041864000260829926 0.046459000557661057 0.09652099968791009
v 0.03818900138139725 0.04760799929499626 0.09310599999427796
v 0.03068999946117401 0.0512939989566803 0.09678999917507172
v 0.03818900138139725 0.04760799929499626 0.09310599999427796
v 0.026704000309109688 0.052531998604536057 0.09216499911546708
v 0.026704000309109688 0.052531998604536057 0.09216499911546708
v 0.03818900138139725 0.04760799929499626 0.09310599999427796
v 0.03487800061702728 0.04875599965453148 0.08930300014019013
v 0.06922300159931183 0.03964800015091896 0.10747200088500977
v 0.07450000196695328 0.04018799960613251 0.11115199910402299
v 0.07432600110769272 0.03852599859237671 0.10753699975013734
v 0.07432600110769272 0.03852599859237671 0.10753699975013734
v 0.07450000196695328 0.04018799960613251 0.11115199910402299
v 0.07450000196695328 0.03616800159215927 0.10363199958503247
v 0.07432600110769272 0.03852599859237671 0.10753699975013734
v 0.07450000196695328 0.03616800159215927 0.10363199958503247
v 0.06922300159931183 0.03964800015091896 0.10747200088500977
v 0.06922300159931183 0.03964800015091896 0.10747200088500977
v 0.07450000196695328 0.03616800159215927 0.10363199958503247
v 0.07022900134325027 0.035326000303030014 0.10105299973785878
v 0.06922300159931183 0.03964800015091896 0.10747200088500977
v 0.07022900134325027 0.035326000303030014 0.10105299973785878
v 0.06423299759626389 0.040768999606370926 0.10687799962162972
v 0.06423299759626389 0.040768999606370926 0.10687799962162972
v 0.07022900134325027 0.035326000303030014 0.10105299973785878
v 0.06618700176477432 0.03632500022649765 0.10062799999415875
v 0.06423299759626389 0.040768999606370926 0.10687799962162972
v 0.06618700176477432 0.03632500022649765 0.10062799999415875
v 0.059390000998973846 0.04189100116491318 0.10577699938714505
v 0.059390000998973846 0.04189100116491318 0.10577699938714505
v 0.06618700176477432 0.03632500022649765 0.10062799999415875
v 0.06225999817252159 0.037324000149965286 0.0997889994263649
v 0.059390000998973846 0.04189100116491318 0.10577699938714505
v 0.06225999817252159 0.037324000149965286 0.0997889994263649
v 0.054726000875234604 0.04301200062036514 0.10419099988341332
v 0.054726000875234604 0.04301200062036514 0.10419099988341332
v 0.06225999817252159 0.037324000149965286 0.0997889994263649
v 0.05847499892115593 0.03832300007343292 0.09855400049984456
v 0.054726000875234604 0.04301200062036514 0.10419099988341332
v 0.05847499892115593 0.03832300007343292 0.09855400049984456
v 0.0501680001616478 0.04416099935770035 0.10208700062632561
v 0.0501680001616478 0.04416099935770035 0.10208700062632561
v 0.05847499892115593 0.03832300007343292 0.09855400049984456
v 0.054774001240730286 0.039347000420093536 0.09689600044786931
v 0.0501680001616478 0.04416099935770035 0.10208700062632561
v 0.054774001240730286 0.039347000420093536 0.09689600044786931
v 0.045869000256061554 0.04531000182032585 0.09952300066053868
v 0.045869000256061554 0.04531000182032585 0.09952300066053868
v 0.054774001240730286 0.039347000420093536 0.09689600044786931
v 0.05127999931573868 0.04037100076675415 0.09486099915504456
v 0.045869000256061554 0.04531000182032585 0.09952300066053868
v 0.05127999931573868 0.04037100076675415 0.09486099915504456
v 0.041864000260829926 0.046459000557661057 0.09652099968791009
v 0.041864000260829926 0.046459000557661057 0.09652099968791009
v 0.05127999931573868 0.04037100076675415 0.09486099915504456
v 0.04802199825644493 0.04139399901032448 0.09246699908673764
v 0.041864000260829926 0.046459000557661057 0.09652099968791009
v 0.04802199825644493 0.04139399901032448 0.09246699908673764
v 0.03818900138139725 0.04760799929499626 0.09310599999427796
v 0.03818900138139725 0.04760799929499626 0.09310599999427796
v 0.04802199825644493 0.04139399901032448 0.09246699908673764
v 0.04503000155091286 0.04241799935698509 0.0897340003952384
v 0.03818900138139725 0.04760799929499626 0.09310599999427796
v 0.04503000155091286 0.04241799935698509 0.0897340003952384
v 0.03487800061702728 0.04875599965453148 0.08930300014019013
v 0.03487800061702728 0.04875599965453148 0.08930300014019013
v 0.04503000155091286 0.04241799935698509 0.0897340003952384
v 0.0423320010304451 0.043441999703645706 0.08668100019842387
v 0.07022900134325027 0.035326000303030014 0.10105299973785878
v 0.07450000196695328 0.03616800159215927 0.10363199958503247
v 0.0743589997291565 0.03432700037956238 0.10104499967694283
v 0.0743589997291565 0.03432700037956238 0.10104499967694283
v 0.07450000196695328 0.03616800159215927 0.10363199958503247
v 0.07450000196695328 0.030757000669836998 0.09703899944126607
v 0.0743589997291565 0.03432700037956238 0.10104499967694283
v 0.07450000196695328 0.030757000669836998 0.09703899944126607
v 0.07022900134325027 0.035326000303030014 0.10105299973785878
v 0.07022900134325027 0.035326000303030014 0.10105299973785878
v 0.07450000196695328 0.030757000669836998 0.09703899944126607
v 0.07110899686813354 0.029888000339269638 0.09545999975800515
v 0.07022900134325027 0.035326000303030014 0.10105299973785878
v 0.07110899686813354 0.029888000339269638 0.09545999975800515
v 0.06618700176477432 0.03632500022649765 0.10062799999415875
v 0.06618700176477432 0.03632500022649765 0.10062799999415875
v 0.07110899686813354 0.029888000339269638 0.09545999975800515
v 0.06789500266313553 0.030734000727534294 0.09517500014901162
v 0.06618700176477432 0.03632500022649765 0.10062799999415875
v 0.06789500266313553 0.030734000727534294 0.09517500014901162
v 0.06225999817252159 0.037324000149965286 0.0997889994263649
v 0.06225999817252159 0.037324000149965286 0.0997889994263649
v 0.06789500266313553 0.030734000727534294 0.09517500014901162
v 0.06476899981498718 0.031578999012708664 0.094558999183774
v 0.06225999817252159 0.037324000149965286 0.0997889994263649
v 0.06476899981498718 0.031578999012708664 0.094558999183774
v 0.05847499892115593 0.03832300007343292 0.09855400049984456
v 0.05847499892115593 0.03832300007343292 0.09855400049984456
v 0.06476899981498718 0.031578999012708664 0.094558999183774
v 0.06175300106406212 0.03242500126361847 0.09362499998807908
v 0.05847499892115593 0.03832300007343292 0.09855400049984456
v 0.06175300106406212 0.03242500126361847 0.09362499998807908
v 0.054774001240730286 0.039347000420093536 0.09689600044786931
v 0.054774001240730286 0.039347000420093536 0.09689600044786931
v 0.06175300106406212 0.03242500126361847 0.09362499998807908
v 0.05879899859428406 0.03329100087285042 0.09235299961566926
v 0.054774001240730286 0.039347000420093536 0.09689600044786931
v 0.05879899859428406 0.03329100087285042 0.09235299961566926
v 0.05127999931573868 0.04037100076675415 0.09486099915504456
v 0.05127999931573868 0.04037100076675415 0.09486099915504456
v 0.05879899859428406 0.03329100087285042 0.09235299961566926
v 0.05600700154900551 0.03415700048208237 0.09077799996286631
v 0.05127999931573868 0.04037100076675415 0.09486099915504456
v 0.05600700154900551 0.03415700048208237 0.09077799996286631
v 0.04802199825644493 0.04139399901032448 0.09246699908673764
v 0.04802199825644493 0.04139399901032448 0.09246699908673764
v 0.05600700154900551 0.03415700048208237 0.09077799996286631
v 0.05339900031685829 0.035023000091314316 0.08891399973928929
v 0.04802199825644493 0.04139399901032448 0.09246699908673764
v 0.05339900031685829 0.035023000091314316 0.08891399973928929
v 0.04503000155091286 0.04241799935698509 0.0897340003952384
v 0.04503000155091286 0.04241799935698509 0.0897340003952384
v 0.05339900031685829 0.035023000091314316 0.08891399973928929
v 0.050999999046325684 0.035888999700546265 0.08677699999809266
v 0.04503000155091286 0.04241799935698509 0.0897340003952384
v 0.050999999046325684 0.035888999700546265 0.08677699999809266
v 0.0423320010304451 0.043441999703645706 0.08668100019842387
v 0.0423320010304451 0.043441999703645706 0.08668100019842387
v 0.050999999046325684 0.035888999700546265 0.08677699999809266
v 0.04883300140500069 0.036754999309778214 0.0843819996893406
v 0.07110899686813354 0.029888000339269638 0.09545999975800515
v 0.07450000196695328 0.030757000669836998 0.09703899944126607
v 0.07438799738883972 0.02904300019145012 0.09539799975156785
v 0.07438799738883972 0.02904300019145012 0.09539799975156785
v 0.07450000196695328 0.030757000669836998 0.09703899944126607
v 0.07450000196695328 0.024167999625205994 0.09163199948072434
v 0.07438799738883972 0.02904300019145012 0.09539799975156785
v 0.07450000196695328 0.024167999625205994 0.09163199948072434
v 0.07110899686813354 0.029888000339269638 0.09545999975800515
v 0.07110899686813354 0.029888000339269638 0.09545999975800515
v 0.07450000196695328 0.024167999625205994 0.09163199948072434
v 0.071834996342659 0.023507000878453255 0.09086999973207713
v 0.07110899686813354 0.029888000339269638 0.09545999975800515
v 0.071834996342659 0.023507000878453255 0.09086999973207713
v 0.06789500266313553 0.030734000727534294 0.09517500014901162
v 0.06789500266313553 0.030734000727534294 0.09517500014901162
v 0.071834996342659 0.023507000878453255 0.09086999973207713
v 0.06930500268936157 0.024172000586986542 0.09069300001412631
v 0.06789500266313553 0.030734000727534294 0.09517500014901162
v 0.06930500268936157 0.024172000586986542 0.09069300001412631
v 0.06476899981498718 0.031578999012708664 0.094558999183774
v 0.06476899981498718 0.031578999012708664 0.094558999183774
v 0.06930500268936157 0.024172000586986542 0.09069300001412631
v 0.06683900207281113 0.02483700029551983 0.09025300038903952
v 0.06476899981498718 0.031578999012708664 0.094558999183774
v 0.06683900207281113 0.02483700029551983 0.09025300038903952
v 0.06175300106406212 0.03242500126361847 0.09362499998807908
v 0.06175300106406212 0.03242500126361847 0.09362499998807908
v 0.06683900207281113 0.02483700029551983 0.09025300038903952
v 0.06445500254631042 0.025502000004053116 0.08956200001686812
v 0.06175300106406212 0.03242500126361847 0.09362499998807908
v 0.06445500254631042 0.025502000004053116 0.08956200001686812
v 0.05879899859428406 0.03329100087285042 0.09235299961566926
v 0.05879899859428406 0.03329100087285042 0.09235299961566926
v 0.06445500254631042 0.025502000004053116 0.08956200001686812
v 0.06211499869823456 0.026182999834418297 0.08860399970710278
v 0.05879899859428406 0.03329100087285042 0.09235299961566926
v 0.06211499869823456 0.026182999834418297 0.08860399970710278
v 0.05600700154900551 0.03415700048208237 0.09077799996286631
v 0.05600700154900551 0.03415700048208237 0.09077799996286631
v 0.06211499869823456 0.026182999834418297 0.08860399970710278
v 0.05989899858832359 0.026863999664783478 0.08740500012338162
v 0.05600700154900551 0.03415700048208237 0.09077799996286631
v 0.05989899858832359 0.026863999664783478 0.08740500012338162
v 0.05339900031685829 0.035023000091314316 0.08891399973928929
v 0.05339900031685829 0.035023000091314316 0.08891399973928929
v 0.05989899858832359 0.026863999664783478 0.08740500012338162
v 0.05782400071620941 0.02754499949514866 0.08597700042575598
v 0.05339900031685829 0.035023000091314316 0.08891399973928929
v 0.05782400071620941 0.02754499949514866 0.08597700042575598
v 0.050999999046325684 0.035888999700546265 0.08677699999809266
v 0.050999999046325684 0.035888999700546265 0.08677699999809266
v 0.05782400071620941 0.02754499949514866 0.08597700042575598
v 0.05590999871492386 0.02822599932551384 0.08433100046515465
v 0.050999999046325684 0.035888999700546265 0.08677699999809266
v 0.05590999871492386 0.02822599932551384 0.08433100046515465
v 0.04883300140500069 0.036754999309778214 0.0843819996893406
v 0.04883300140500069 0.036754999309778214 0.0843819996893406
v 0.05590999871492386 0.02822599932551384 0.08433100046515465
v 0.05417399853467941 0.02890699915587902 0.08247800009250641
v 0.071834996342659 0.023507000878453255 0.09086999973207713
v 0.07450000196695328 0.024167999625205994 0.09163199948072434
v 0.07441200315952301 0.02284199930727482 0.09077399993240834
v 0.07441200315952301 0.02284199930727482 0.09077399993240834
v 0.07450000196695328 0.024167999625205994 0.09163199948072434
v 0.07450000196695328 0.016649000346660614 0.08761199960410596
v 0.07441200315952301 0.02284199930727482 0.09077399993240834
v 0.07450000196695328 0.016649000346660614 0.08761199960410596
v 0.071834996342659 0.023507000878453255 0.09086999973207713
v 0.071834996342659 0.023507000878453255 0.09086999973207713
v 0.07450000196695328 0.016649000346660614 0.08761199960410596
v 0.07238300144672394 0.01638299971818924 0.0874320000961423
v 0.071834996342659 0.023507000878453255 0.09086999973207713
v 0.07238300144672394 0.01638299971818924 0.0874320000961423
v 0.06930500268936157 0.024172000586986542 0.09069300001412631
v 0.06930500268936157 0.024172000586986542 0.09069300001412631
v 0.07238300144672394 0.01638299971818924 0.0874320000961423
v 0.0703670009970665 0.016846999526023865 0.08732800023555756
v 0.06930500268936157 0.024172000586986542 0.09069300001412631
v 0.0703670009970665 0.016846999526023865 0.08732800023555756
v 0.06683900207281113 0.02483700029551983 0.09025300038903952
v 0.06683900207281113 0.02483700029551983 0.09025300038903952
v 0.0703670009970665 0.016846999526023865 0.08732800023555756
v 0.06839799880981445 0.017309999093413353 0.08701500041335822
v 0.06683900207281113 0.02483700029551983 0.09025300038903952
v 0.06839799880981445 0.017309999093413353 0.08701500041335822
v 0.06445500254631042 0.025502000004053116 0.08956200001686812
v 0.06445500254631042 0.025502000004053116 0.08956200001686812
v 0.06839799880981445 0.017309999093413353 0.08701500041335822
v 0.06649000197649002 0.01777300052344799 0.08650099975913764
v 0.06445500254631042 0.025502000004053116 0.08956200001686812
v 0.06649000197649002 0.01777300052344799 0.08650099975913764
v 0.06211499869823456 0.026182999834418297 0.08860399970710278
v 0.06211499869823456 0.026182999834418297 0.08860399970710278
v 0.06649000197649002 0.01777300052344799 0.08650099975913764
v 0.0646120011806488 0.018247999250888824 0.08577599959373475
v 0.06211499869823456 0.026182999834418297 0.08860399970710278
v 0.0646120011806488 0.018247999250888824 0.08577599959373475
v 0.05989899858832359 0.026863999664783478 0.08740500012338162
v 0.05989899858832359 0.026863999664783478 0.08740500012338162
v 0.0646120011806488 0.018247999250888824 0.08577599959373475
v 0.06282699853181839 0.018722999840974808 0.08485799958854914
v 0.05989899858832359 0.026863999664783478 0.08740500012338162
v 0.06282699853181839 0.018722999840974808 0.08485799958854914
v 0.05782400071620941 0.02754499949514866 0.08597700042575598
v 0.05782400071620941 0.02754499949514866 0.08597700042575598
v 0.06282699853181839 0.018722999840974808 0.08485799958854914
v 0.061149999499320984 0.01919800043106079 0.08375600004494191
v 0.05782400071620941 0.02754499949514866 0.08597700042575598
v 0.061149999499320984 0.01919800043106079 0.08375600004494191
v 0.05590999871492386 0.02822599932551384 0.08433100046515465
v 0.05590999871492386 0.02822599932551384 0.08433100046515465
v 0.061149999499320984 0.01919800043106079 0.08375600004494191
v 0.05959700047969818 0.019672000780701637 0.08247899986729026
v 0.05590999871492386 0.02822599932551384 0.08433100046515465
v 0.05959700047969818 0.019672000780701637 0.08247899986729026
v 0.05417399853467941 0.02890699915587902 0.08247800009250641
v 0.05417399853467941 0.02890699915587902 0.08247800009250641
v 0.05959700047969818 0.019672000780701637 0.08247899986729026
v 0.058180999010801315 0.02014699950814247 0.08103599982261658
v 0.07238300144672394 0.01638299971818924 0.0874320000961423
v 0.07450000196695328 0.016649000346660614 0.08761199960410596
v 0.07442999631166458 0.01592000015079975 0.08731899993419648
v 0.07442999631166458 0.01592000015079975 0.08731899993419648
v 0.07450000196695328 0.016649000346660614 0.08761199960410596
v 0.07450000196695328 0.008484000340104103 0.0851350000679493
v 0.07442999631166458 0.01592000015079975 0.08731899993419648
v 0.07450000196695328 0.008484000340104103 0.0851350000679493
v 0.07444199919700623 0.008495000191032887 0.08514300012886525
v 0.07444199919700623 0.008495000191032887 0.08514300012886525
v 0.07450000196695328 0.008484000340104103 0.0851350000679493
v 0.07450000196695328 0 0.084300000461936
v 0.07444199919700623 0.008495000191032887 0.08514300012886525
v 0.07450000196695328 0 0.084300000461936
v 0.06974100321531296 0 0.08415399981588126
v 0.06536500155925751 0 0.08257500013262034
v 0.06619899719953537 0.009736999869346619 0.0839740003079176
v 0.06974100321531296 0 0.08415399981588126
v 0.06974100321531296 0 0.08415399981588126
v 0.06619899719953537 0.009736999869346619 0.0839740003079176
v 0.06778399646282196 0.009483999572694302 0.08455400006771088
v 0.06974100321531296 0 0.08415399981588126
v 0.06778399646282196 0.009483999572694302 0.08455400006771088
v 0.06939099729061127 0.009236999787390232 0.08495800034999848
v 0.06939099729061127 0.009236999787390232 0.08495800034999848
v 0.06778399646282196 0.009483999572694302 0.08455400006771088
v 0.06649000197649002 0.01777300052344799 0.08650099975913764
v 0.06939099729061127 0.009236999787390232 0.08495800034999848
v 0.06649000197649002 0.01777300052344799 0.08650099975913764
v 0.06839799880981445 0.017309999093413353 0.08701500041335822
v 0.06168200075626373 0 0.07973400015309454
v 0.06193400174379349 0.010497000068426132 0.08129500016495586
v 0.06536500155925751 0 0.08257500013262034
v 0.06536500155925751 0 0.08257500013262034
v 0.06193400174379349 0.010497000068426132 0.08129500016495586
v 0.0632610023021698 0.010243999771773815 0.08233700018301607
v 0.06536500155925751 0 0.08257500013262034
v 0.0632610023021698 0.010243999771773815 0.08233700018301607
v 0.06468699872493744 0.009990000165998936 0.08323199978023768
v 0.06468699872493744 0.009990000165998936 0.08323199978023768
v 0.0632610023021698 0.010243999771773815 0.08233700018301607
v 0.061149999499320984 0.01919800043106079 0.08375600004494191
v 0.06468699872493744 0.009990000165998936 0.08323199978023768
v 0.061149999499320984 0.01919800043106079 0.08375600004494191
v 0.06282699853181839 0.018722999840974808 0.08485799958854914
v 0.011509999632835388 0.05786599963903427 0.0758
v 0 0.05900000035762787 0.0758
v 0.01042299997061491 0.05722299963235855 0.08270999999642373
v 0.01042299997061491 0.05722299963235855 0.08270999999642373
v 0 0.05900000035762787 0.0758
v 0.000391999987186864 0.057631999254226685 0.08380300016999245
v 0.01042299997061491 0.05722299963235855 0.08270999999642373
v 0.000391999987186864 0.057631999254226685 0.08380300016999245
v 0.0139340003952384 0.05593499913811684 0.08918199991732836
v 0.0139340003952384 0.05593499913811684 0.08918199991732836
v 0.000391999987186864 0.057631999254226685 0.08380300016999245
v 0.00445199990645051 0.056334998458623886 0.09130500001758338
v 0.0139340003952384 0.05593499913811684 0.08918199991732836
v 0.00445199990645051 0.056334998458623886 0.09130500001758338
v 0.01806499995291233 0.05464800074696541 0.09518199996948243
v 0.01806499995291233 0.05464800074696541 0.09518199996948243
v 0.00445199990645051 0.056334998458623886 0.09130500001758338
v 0.009228000417351723 0.055038001388311386 0.09826399968862534
v 0.01806499995291233 0.05464800074696541 0.09518199996948243
v 0.009228000417351723 0.055038001388311386 0.09826399968862534
v 0.022766999900341034 0.053360000252723694 0.10067299963831902
v 0.022766999900341034 0.053360000252723694 0.10067299963831902
v 0.009228000417351723 0.055038001388311386 0.09826399968862534
v 0.014663999900221825 0.05374100059270859 0.10464200029075146
v 0.022766999900341034 0.053360000252723694 0.10067299963831902
v 0.014663999900221825 0.05374100059270859 0.10464200029075146
v 0.027990000322461128 0.05207199975848198 0.10562299961149693
v 0.027990000322461128 0.05207199975848198 0.10562299961149693
v 0.014663999900221825 0.05374100059270859 0.10464200029075146
v 0.020702000707387924 0.05244499817490578 0.1103980003476143
v 0.027990000322461128 0.05207199975848198 0.10562299961149693
v 0.020702000707387924 0.05244499817490578 0.1103980003476143
v 0.033684998750686646 0.05078500136733055 0.10999600054621697
v 0.033684998750686646 0.05078500136733055 0.10999600054621697
v 0.020702000707387924 0.05244499817490578 0.1103980003476143
v 0.027285000309348106 0.05114800110459328 0.1154919995546341
v 0.033684998750686646 0.05078500136733055 0.10999600054621697
v 0.027285000309348106 0.05114800110459328 0.1154919995546341
v 0.03980100154876709 0.04949700087308884 0.11375899823307992
v 0.03980100154876709 0.04949700087308884 0.11375899823307992
v 0.027285000309348106 0.05114800110459328 0.1154919995546341
v 0.03435700014233589 0.04985100030899048 0.11988499971032143
v 0.03980100154876709 0.04949700087308884 0.11375899823307992
v 0.03435700014233589 0.04985100030899048 0.11988499971032143
v 0.046289000660181046 0.04820900037884712 0.11687600077986718
v 0.046289000660181046 0.04820900037884712 0.11687600077986718
v 0.03435700014233589 0.04985100030899048 0.11988499971032143
v 0.04185999929904938 0.04855399951338768 0.12353600026965142
v 0.046289000660181046 0.04820900037884712 0.11687600077986718
v 0.04185999929904938 0.04855399951338768 0.12353600026965142
v 0.05293399840593338 0.04695200175046921 0.11926200078725815
v 0.05293399840593338 0.04695200175046921 0.11926200078725815
v 0.04185999929904938 0.04855399951338768 0.12353600026965142
v 0.04954500123858452 0.04728800058364868 0.12634600164294243
v 0.05293399840593338 0.04695200175046921 0.11926200078725815
v 0.04954500123858452 0.04728800058364868 0.12634600164294243
v 0.05984000116586685 0.04569600149989128 0.12096899958252907
v 0.05984000116586685 0.04569600149989128 0.12096899958252907
v 0.04954500123858452 0.04728800058364868 0.12634600164294243
v 0.057534001767635345 0.04602200165390968 0.12837400125265122
v 0.05984000116586685 0.04569600149989128 0.12096899958252907
v 0.057534001767635345 0.04602200165390968 0.12837400125265122
v 0.06696200370788574 0.04443899914622307 0.12196399854421616
v 0 0.05900000035762787 0.0758
v -0.011509999632835388 0.05786599963903427 0.0758
v 0.000391999987186864 0.057631999254226685 0.08380300016999245
v 0.000391999987186864 0.057631999254226685 0.08380300016999245
v -0.011509999632835388 0.05786599963903427 0.0758
v -0.010227000340819359 0.056056998670101166 0.08496100014001132
v 0.000391999987186864 0.057631999254226685 0.08380300016999245
v -0.010227000340819359 0.056056998670101166 0.08496100014001132
v 0.00445199990645051 0.056334998458623886 0.09130500001758338
v 0.00445199990645051 0.056334998458623886 0.09130500001758338
v -0.010227000340819359 0.056056998670101166 0.08496100014001132
v -0.00558600015938282 0.0547959990799427 0.09355199919939042
v 0.00445199990645051 0.056334998458623886 0.09130500001758338
v -0.00558600015938282 0.0547959990799427 0.09355199919939042
v 0.009228000417351723 0.055038001388311386 0.09826399968862534
v 0.009228000417351723 0.055038001388311386 0.09826399968862534
v -0.00558600015938282 0.0547959990799427 0.09355199919939042
v -0.00012700000661425292 0.05353400111198425 0.1015290005683899
v 0.009228000417351723 0.055038001388311386 0.09826399968862534
v -0.00012700000661425292 0.05353400111198425 0.1015290005683899
v 0.014663999900221825 0.05374100059270859 0.10464200029075146
v 0.014663999900221825 0.05374100059270859 0.10464200029075146
v -0.00012700000661425292 0.05353400111198425 0.1015290005683899
v 0.00608400022611022 0.05227300152182579 0.10884500132799149
v 0.014663999900221825 0.05374100059270859 0.10464200029075146
v 0.00608400022611022 0.05227300152182579 0.10884500132799149
v 0.020702000707387924 0.05244499817490578 0.1103980003476143
v 0.020702000707387924 0.05244499817490578 0.1103980003476143
v 0.00608400022611022 0.05227300152182579 0.10884500132799149
v 0.012985000386834145 0.05101199820637703 0.11545499997138978
v 0.020702000707387924 0.05244499817490578 0.1103980003476143
v 0.012985000386834145 0.05101199820637703 0.11545499997138978
v 0.027285000309348106 0.05114800110459328 0.1154919995546341
v 0.027285000309348106 0.05114800110459328 0.1154919995546341
v 0.012985000386834145 0.05101199820637703 0.11545499997138978
v 0.02050900086760521 0.04975000023841858 0.12131199823617936
v 0.027285000309348106 0.05114800110459328 0.1154919995546341
v 0.02050900086760521 0.04975000023841858 0.12131199823617936
v 0.03435700014233589 0.04985100030899048 0.11988499971032143
v 0.03435700014233589 0.04985100030899048 0.11988499971032143
v 0.02050900086760521 0.04975000023841858 0.12131199823617936
v 0.028591999784111977 0.04848900064826012 0.1263720004439354
v 0.03435700014233589 0.04985100030899048 0.11988499971032143
v 0.028591999784111977 0.04848900064826012 0.1263720004439354
v 0.04185999929904938 0.04855399951338768 0.12353600026965142
v 0.04185999929904938 0.04855399951338768 0.12353600026965142
v 0.028591999784111977 0.04848900064826012 0.1263720004439354
v 0.03716899827122688 0.04722699895501137 0.1305880008816719
v 0.04185999929904938 0.04855399951338768 0.12353600026965142
v 0.03716899827122688 0.04722699895501137 0.1305880008816719
v 0.04954500123858452 0.04728800058364868 0.12634600164294243
v 0.04954500123858452 0.04728800058364868 0.12634600164294243
v 0.03716899827122688 0.04722699895501137 0.1305880008816719
v 0.045956000685691833 0.04599599912762642 0.13384599821567536
v 0.04954500123858452 0.04728800058364868 0.12634600164294243
v 0.045956000685691833 0.04599599912762642 0.13384599821567536
v 0.057534001767635345 0.04602200165390968 0.12837400125265122
v -0.011509999632835388 0.05786599963903427 0.0758
v -0.022579999640583992 0.05450800061225891 0.0758
v -0.010227000340819359 0.056056998670101166 0.08496100014001132
v -0.010227000340819359 0.056056998670101166 0.08496100014001132
v -0.022579999640583992 0.05450800061225891 0.0758
v -0.0203660000115633 0.05245999991893768 0.08607000043541194
v -0.010227000340819359 0.056056998670101166 0.08496100014001132
v -0.0203660000115633 0.05245999991893768 0.08607000043541194
v -0.00558600015938282 0.0547959990799427 0.09355199919939042
v -0.00558600015938282 0.0547959990799427 0.09355199919939042
v -0.0203660000115633 0.05245999991893768 0.08607000043541194
v -0.015173999592661858 0.05127999931573868 0.0957050009250641
v -0.00558600015938282 0.0547959990799427 0.09355199919939042
v -0.015173999592661858 0.05127999931573868 0.0957050009250641
v -0.00012700000661425292 0.05353400111198425 0.1015290005683899
v -0.00012700000661425292 0.05353400111198425 0.1015290005683899
v -0.015173999592661858 0.05127999931573868 0.0957050009250641
v -0.009065999649465084 0.050099000334739685 0.10465599993169308
v -0.00012700000661425292 0.05353400111198425 0.1015290005683899
v -0.009065999649465084 0.050099000334739685 0.10465599993169308
v 0.00608400022611022 0.05227300152182579 0.10884500132799149
v 0.00608400022611022 0.05227300152182579 0.10884500132799149
v -0.009065999649465084 0.050099000334739685 0.10465599993169308
v -0.0021150000393390656 0.04891899973154068 0.11286900030374528
v 0.00608400022611022 0.05227300152182579 0.10884500132799149
v -0.0021150000393390656 0.04891899973154068 0.11286900030374528
v 0.012985000386834145 0.05101199820637703 0.11545499997138978
v 0.012985000386834145 0.05101199820637703 0.11545499997138978
v -0.0021150000393390656 0.04891899973154068 0.11286900030374528
v 0.005607999861240387 0.04773800075054169 0.12029500143527985
v 0.012985000386834145 0.05101199820637703 0.11545499997138978
v 0.005607999861240387 0.04773800075054169 0.12029500143527985
v 0.02050900086760521 0.04975000023841858 0.12131199823617936
v 0.02050900086760521 0.04975000023841858 0.12131199823617936
v 0.005607999861240387 0.04773800075054169 0.12029500143527985
v 0.014030000194907188 0.04655800014734268 0.12688200013637543
v 0.02050900086760521 0.04975000023841858 0.12131199823617936
v 0.014030000194907188 0.04655800014734268 0.12688200013637543
v 0.028591999784111977 0.04848900064826012 0.1263720004439354
v 0.028591999784111977 0.04848900064826012 0.1263720004439354
v 0.014030000194907188 0.04655800014734268 0.12688200013637543
v 0.023079000413417816 0.04537700116634369 0.1325779988050461
v 0.028591999784111977 0.04848900064826012 0.1263720004439354
v 0.023079000413417816 0.04537700116634369 0.1325779988050461
v 0.03716899827122688 0.04722699895501137 0.1305880008816719
v 0.03716899827122688 0.04722699895501137 0.1305880008816719
v 0.023079000413417816 0.04537700116634369 0.1325779988050461
v 0.03268299996852875 0.044197000563144684 0.13733300032019616
v 0.03716899827122688 0.04722699895501137 0.1305880008816719
v 0.03268299996852875 0.044197000563144684 0.13733300032019616
v 0.045956000685691833 0.04599599912762642 0.13384599821567536
v -0.022579999640583992 0.05450800061225891 0.0758
v -0.0327799990773201 0.04905499890446663 0.0758
v -0.0203660000115633 0.05245999991893768 0.08607000043541194
v -0.0203660000115633 0.05245999991893768 0.08607000043541194
v -0.0327799990773201 0.04905499890446663 0.0758
v -0.029662000015378 0.046971000730991364 0.08709200030118228
v -0.0203660000115633 0.05245999991893768 0.08607000043541194
v -0.029662000015378 0.046971000730991364 0.08709200030118228
v -0.015173999592661858 0.05127999931573868 0.0957050009250641
v -0.015173999592661858 0.05127999931573868 0.0957050009250641
v -0.029662000015378 0.046971000730991364 0.08709200030118228
v -0.023970000445842743 0.045914001762866974 0.09768999950885773
v -0.015173999592661858 0.05127999931573868 0.0957050009250641
v -0.023970000445842743 0.045914001762866974 0.09768999950885773
v -0.009065999649465084 0.050099000334739685 0.10465599993169308
v -0.009065999649465084 0.050099000334739685 0.10465599993169308
v -0.023970000445842743 0.045914001762866974 0.09768999950885773
v -0.017271000891923904 0.044856999069452286 0.10753699975013734
v -0.009065999649465084 0.050099000334739685 0.10465599993169308
v -0.017271000891923904 0.044856999069452286 0.10753699975013734
v -0.0021150000393390656 0.04891899973154068 0.11286900030374528
v -0.0021150000393390656 0.04891899973154068 0.11286900030374528
v -0.017271000891923904 0.044856999069452286 0.10753699975013734
v -0.009643999859690666 0.043800000101327896 0.11657700152993203
v -0.0021150000393390656 0.04891899973154068 0.11286900030374528
v -0.009643999859690666 0.043800000101327896 0.11657700152993203
v 0.005607999861240387 0.04773800075054169 0.12029500143527985
v 0.005607999861240387 0.04773800075054169 0.12029500143527985
v -0.009643999859690666 0.043800000101327896 0.11657700152993203
v -0.0011690000537782907 0.042743001133203506 0.12475300045609475
v 0.005607999861240387 0.04773800075054169 0.12029500143527985
v -0.0011690000537782907 0.042743001133203506 0.12475300045609475
v 0.014030000194907188 0.04655800014734268 0.12688200013637543
v 0.014030000194907188 0.04655800014734268 0.12688200013637543
v -0.0011690000537782907 0.042743001133203506 0.12475300045609475
v 0.008076000027358532 0.04168599843978882 0.1320090016901493
v 0.014030000194907188 0.04655800014734268 0.12688200013637543
v 0.008076000027358532 0.04168599843978882 0.1320090016901493
v 0.023079000413417816 0.04537700116634369 0.1325779988050461
v 0.023079000413417816 0.04537700116634369 0.1325779988050461
v 0.008076000027358532 0.04168599843978882 0.1320090016901493
v 0.018012000247836113 0.04062899947166443 0.13828800083994866
v 0.023079000413417816 0.04537700116634369 0.1325779988050461
v 0.018012000247836113 0.04062899947166443 0.13828800083994866
v 0.03268299996852875 0.044197000563144684 0.13733300032019616
v -0.0327799990773201 0.04905499890446663 0.0758
v -0.041721999645233154 0.04171700030565262 0.0758
v -0.029662000015378 0.046971000730991364 0.08709200030118228
v -0.029662000015378 0.046971000730991364 0.08709200030118228
v -0.041721999645233154 0.04171700030565262 0.0758
v -0.03778199851512909 0.03978800028562546 0.08799299994409085
v -0.029662000015378 0.046971000730991364 0.08709200030118228
v -0.03778199851512909 0.03978800028562546 0.08799299994409085
v -0.023970000445842743 0.045914001762866974 0.09768999950885773
v -0.023970000445842743 0.045914001762866974 0.09768999950885773
v -0.03778199851512909 0.03978800028562546 0.08799299994409085
v -0.03166000172495842 0.038892000913619995 0.09943700047135354
v -0.023970000445842743 0.045914001762866974 0.09768999950885773
v -0.03166000172495842 0.038892000913619995 0.09943700047135354
v -0.017271000891923904 0.044856999069452286 0.10753699975013734
v -0.017271000891923904 0.044856999069452286 0.10753699975013734
v -0.03166000172495842 0.038892000913619995 0.09943700047135354
v -0.024449000135064125 0.03799699991941452 0.11007299857139588
v -0.017271000891923904 0.044856999069452286 0.10753699975013734
v -0.024449000135064125 0.03799699991941452 0.11007299857139588
v -0.009643999859690666 0.043800000101327896 0.11657700152993203
v -0.009643999859690666 0.043800000101327896 0.11657700152993203
v -0.024449000135064125 0.03799699991941452 0.11007299857139588
v -0.016235999763011932 0.037101998925209045 0.11983800144791604
v -0.009643999859690666 0.043800000101327896 0.11657700152993203
v -0.016235999763011932 0.037101998925209045 0.11983800144791604
v -0.0011690000537782907 0.042743001133203506 0.12475300045609475
v -0.0011690000537782907 0.042743001133203506 0.12475300045609475
v -0.016235999763011932 0.037101998925209045 0.11983800144791604
v -0.007104000076651573 0.03620599955320358 0.1286710000216961
v -0.0011690000537782907 0.042743001133203506 0.12475300045609475
v -0.007104000076651573 0.03620599955320358 0.1286710000216961
v 0.008076000027358532 0.04168599843978882 0.1320090016901493
v 0.008076000027358532 0.04168599843978882 0.1320090016901493
v -0.007104000076651573 0.03620599955320358 0.1286710000216961
v 0.0028589998837560415 0.03531099855899811 0.13651300059556962
v 0.008076000027358532 0.04168599843978882 0.1320090016901493
v 0.0028589998837560415 0.03531099855899811 0.13651300059556962
v 0.018012000247836113 0.04062899947166443 0.13828800083994866
v -0.041721999645233154 0.04171700030565262 0.0758
v -0.04905499890446663 0.0327799990773201 0.0758
v -0.03778199851512909 0.03978800028562546 0.08799299994409085
v -0.03778199851512909 0.03978800028562546 0.08799299994409085
v -0.04905499890446663 0.0327799990773201 0.0758
v -0.04443199932575226 0.031168999150395393 0.0887380002617836
v -0.03778199851512909 0.03978800028562546 0.08799299994409085
v -0.04443199932575226 0.031168999150395393 0.0887380002617836
v -0.03166000172495842 0.038892000913619995 0.09943700047135354
v -0.03166000172495842 0.038892000913619995 0.09943700047135354
v -0.04443199932575226 0.031168999150395393 0.0887380002617836
v -0.03796499967575073 0.030466999858617783 0.10088299984037877
v -0.03166000172495842 0.038892000913619995 0.09943700047135354
v -0.03796499967575073 0.030466999858617783 0.10088299984037877
v -0.024449000135064125 0.03799699991941452 0.11007299857139588
v -0.024449000135064125 0.03799699991941452 0.11007299857139588
v -0.03796499967575073 0.030466999858617783 0.10088299984037877
v -0.030339999124407768 0.02976600080728531 0.11217000173330308
v -0.024449000135064125 0.03799699991941452 0.11007299857139588
v -0.030339999124407768 0.02976600080728531 0.11217000173330308
v -0.016235999763011932 0.037101998925209045 0.11983800144791604
v -0.016235999763011932 0.037101998925209045 0.11983800144791604
v -0.030339999124407768 0.02976600080728531 0.11217000173330308
v -0.021649999544024467 0.029064999893307686 0.12253299938440324
v -0.016235999763011932 0.037101998925209045 0.11983800144791604
v -0.021649999544024467 0.029064999893307686 0.12253299938440324
v -0.007104000076651573 0.03620599955320358 0.1286710000216961
v -0.007104000076651573 0.03620599955320358 0.1286710000216961
v -0.021649999544024467 0.029064999893307686 0.12253299938440324
v -0.011982999742031097 0.028363000601530075 0.13190800161957741
v -0.007104000076651573 0.03620599955320358 0.1286710000216961
v -0.011982999742031097 0.028363000601530075 0.13190800161957741
v 0.0028589998837560415 0.03531099855899811 0.13651300059556962
v -0.04905499890446663 0.0327799990773201 0.0758
v -0.05450800061225891 0.022582000121474266 0.0758
v -0.04443199932575226 0.031168999150395393 0.0887380002617836
v -0.04443199932575226 0.031168999150395393 0.0887380002617836
v -0.05450800061225891 0.022582000121474266 0.0758
v -0.04936999827623367 0.021425999701023102 0.0893000003501773
v -0.04443199932575226 0.031168999150395393 0.0887380002617836
v -0.04936999827623367 0.021425999701023102 0.0893000003501773
v -0.03796499967575073 0.030466999858617783 0.10088299984037877
v -0.03796499967575073 0.030466999858617783 0.10088299984037877
v -0.04936999827623367 0.021425999701023102 0.0893000003501773
v -0.042653001844882965 0.02094399929046631 0.1019720009148121
v -0.03796499967575073 0.030466999858617783 0.10088299984037877
v -0.042653001844882965 0.02094399929046631 0.1019720009148121
v -0.030339999124407768 0.02976600080728531 0.11217000173330308
v -0.030339999124407768 0.02976600080728531 0.11217000173330308
v -0.042653001844882965 0.02094399929046631 0.1019720009148121
v -0.03472600132226944 0.020461000502109528 0.11374699907302857
v -0.030339999124407768 0.02976600080728531 0.11217000173330308
v -0.03472600132226944 0.020461000502109528 0.11374699907302857
v -0.021649999544024467 0.029064999893307686 0.12253299938440324
v -0.021649999544024467 0.029064999893307686 0.12253299938440324
v -0.03472600132226944 0.020461000502109528 0.11374699907302857
v -0.02568499930202961 0.019979000091552734 0.12455800013542176
v -0.021649999544024467 0.029064999893307686 0.12253299938440324
v -0.02568499930202961 0.019979000091552734 0.12455800013542176
v -0.011982999742031097 0.028363000601530075 0.13190800161957741
v -0.05450800061225891 0.022582000121474266 0.0758
v -0.05786700174212456 0.011506999842822552 0.0758
v -0.04936999827623367 0.021425999701023102 0.0893000003501773
v -0.04936999827623367 0.021425999701023102 0.0893000003501773
v -0.05786700174212456 0.011506999842822552 0.0758
v -0.052411999553442 0.01090999972075224 0.08965200023651124
v -0.04936999827623367 0.021425999701023102 0.0893000003501773
v -0.052411999553442 0.01090999972075224 0.08965200023651124
v -0.042653001844882965 0.02094399929046631 0.1019720009148121
v -0.042653001844882965 0.02094399929046631 0.1019720009148121
v -0.052411999553442 0.01090999972075224 0.08965200023651124
v -0.0455470010638237 0.010664000175893307 0.10265300074517728
v -0.042653001844882965 0.02094399929046631 0.1019720009148121
v -0.0455470010638237 0.010664000175893307 0.10265300074517728
v -0.03472600132226944 0.020461000502109528 0.11374699907302857
v -0.03472600132226944 0.020461000502109528 0.11374699907302857
v -0.0455470010638237 0.010664000175893307 0.10265300074517728
v -0.03743800148367882 0.010418999940156937 0.11473399983644486
v -0.03472600132226944 0.020461000502109528 0.11374699907302857
v -0.03743800148367882 0.010418999940156937 0.11473399983644486
v -0.02568499930202961 0.019979000091552734 0.12455800013542176
v 0.06974100321531296 0 0.08415399981588126
v 0.06939099729061127 0.009236999787390232 0.08495800034999848
v 0.07104399800300598 0.008988999761641026 0.08519499959349633
v 0.07104399800300598 0.008988999761641026 0.08519499959349633
v 0.06939099729061127 0.009236999787390232 0.08495800034999848
v 0.06839799880981445 0.017309999093413353 0.08701500041335822
v 0.07104399800300598 0.008988999761641026 0.08519499959349633
v 0.06839799880981445 0.017309999093413353 0.08701500041335822
v 0.0703670009970665 0.016846999526023865 0.08732800023555756
v 0.06536500155925751 0 0.08257500013262034
v 0.06468699872493744 0.009990000165998936 0.08323199978023768
v 0.06619899719953537 0.009736999869346619 0.0839740003079176
v 0.06619899719953537 0.009736999869346619 0.0839740003079176
v 0.06468699872493744 0.009990000165998936 0.08323199978023768
v 0.06282699853181839 0.018722999840974808 0.08485799958854914
v 0.06619899719953537 0.009736999869346619 0.0839740003079176
v 0.06282699853181839 0.018722999840974808 0.08485799958854914
v 0.0646120011806488 0.018247999250888824 0.08577599959373475
v 0.06168200075626373 0 0.07973400015309454
v 0.060717999935150146 0.01075000036507845 0.08011300001218916
v 0.06193400174379349 0.010497000068426132 0.08129500016495586
v 0.06193400174379349 0.010497000068426132 0.08129500016495586
v 0.060717999935150146 0.01075000036507845 0.08011300001218916
v 0.058180999010801315 0.02014699950814247 0.08103599982261658
v 0.06193400174379349 0.010497000068426132 0.08129500016495586
v 0.058180999010801315 0.02014699950814247 0.08103599982261658
v 0.05959700047969818 0.019672000780701637 0.08247899986729026
v 0.023202000185847282 0.05376899987459183 0.08710499970167876
v 0.031968001276254654 0.049904998391866684 0.08513399982750416
v 0.020225999876856804 0.055006999522447586 0.08164100000560284
v 0.020225999876856804 0.055006999522447586 0.08164100000560284
v 0.031968001276254654 0.049904998391866684 0.08513399982750416
v 0.0294950008392334 0.05105400085449219 0.08062500018551946
v 0.031968001276254654 0.049904998391866684 0.08513399982750416
v 0.03995800018310547 0.04446500167250633 0.0833289998203516
v 0.0294950008392334 0.05105400085449219 0.08062500018551946
v 0.0294950008392334 0.05105400085449219 0.08062500018551946
v 0.03995800018310547 0.04446500167250633 0.0833289998203516
v 0.03793799877166748 0.04548899829387665 0.07969500008895994
v 0.03995800018310547 0.04446500167250633 0.0833289998203516
v 0.046921998262405396 0.03762099891901016 0.08174400009140373
v 0.03793799877166748 0.04548899829387665 0.07969500008895994
v 0.03793799877166748 0.04548899829387665 0.07969500008895994
v 0.046921998262405396 0.03762099891901016 0.08174400009140373
v 0.04528899863362312 0.03848699852824211 0.07887799992151559
v 0.046921998262405396 0.03762099891901016 0.08174400009140373
v 0.052636999636888504 0.02958899922668934 0.08043100010529161
v 0.04528899863362312 0.03848699852824211 0.07887799992151559
v 0.04528899863362312 0.03848699852824211 0.07887799992151559
v 0.052636999636888504 0.02958899922668934 0.08043100010529161
v 0.051316000521183014 0.03027000091969967 0.07820099988877774
v 0.059627000242471695 0.011003999970853329 0.07879900001846254
v 0.05867199972271919 0.011257000267505646 0.07735899999663234
v 0.05582600086927414 0.0210960004478693 0.0776880000570789
v 0.052636999636888504 0.02958899922668934 0.08043100010529161
v 0.056919001042842865 0.020622000098228455 0.0794359999794513
v 0.051316000521183014 0.03027000091969967 0.07820099988877774
v 0.051316000521183014 0.03027000091969967 0.07820099988877774
v 0.056919001042842865 0.020622000098228455 0.0794359999794513
v 0.05582600086927414 0.0210960004478693 0.0776880000570789
v 0.056919001042842865 0.020622000098228455 0.0794359999794513
v 0.059627000242471695 0.011003999970853329 0.07879900001846254
v 0.05582600086927414 0.0210960004478693 0.0776880000570789
v 0.06193400174379349 0.010497000068426132 0.08129500016495586
v 0.05959700047969818 0.019672000780701637 0.08247899986729026
v 0.0632610023021698 0.010243999771773815 0.08233700018301607
v 0.0632610023021698 0.010243999771773815 0.08233700018301607
v 0.05959700047969818 0.019672000780701637 0.08247899986729026
v 0.061149999499320984 0.01919800043106079 0.08375600004494191
v 0.06619899719953537 0.009736999869346619 0.0839740003079176
v 0.0646120011806488 0.018247999250888824 0.08577599959373475
v 0.06778399646282196 0.009483999572694302 0.08455400006771088
v 0.06778399646282196 0.009483999572694302 0.08455400006771088
v 0.0646120011806488 0.018247999250888824 0.08577599959373475
v 0.06649000197649002 0.01777300052344799 0.08650099975913764
v 0.06974100321531296 0 0.08415399981588126
v 0.07104399800300598 0.008988999761641026 0.08519499959349633
v 0.07273200154304504 0.008741999976336956 0.0852590000808239
v 0.07273200154304504 0.008741999976336956 0.0852590000808239
v 0.07104399800300598 0.008988999761641026 0.08519499959349633
v 0.0703670009970665 0.016846999526023865 0.08732800023555756
v 0.07273200154304504 0.008741999976336956 0.0852590000808239
v 0.0703670009970665 0.016846999526023865 0.08732800023555756
v 0.07238300144672394 0.01638299971818924 0.0874320000961423
v 0.0740630030632019 0.030024999752640724 0.15930300043821335
v 0.07450000196695328 0.030757000669836998 0.1585609971165657
v 0.06123699992895126 0.03089899942278862 0.1586000009059906
v 0.07409500330686569 0.03544500097632408 0.15306500183343888
v 0.07450000196695328 0.03616800159215927 0.1519680006980896
v 0.06220800057053566 0.03647699952125549 0.15242300020456315
v 0.07413099706172943 0.03958800062537193 0.14591500000953675
v 0.07450000196695328 0.04018799960613251 0.14444800304174424
v 0.0633149966597557 0.0407399982213974 0.14535499947071076
v 0.07442999631166458 0.01592000015079975 0.08731899993419648
v 0.07444199919700623 0.008495000191032887 0.08514300012886525
v 0.07238300144672394 0.01638299971818924 0.0874320000961423
v 0.07238300144672394 0.01638299971818924 0.0874320000961423
v 0.07444199919700623 0.008495000191032887 0.08514300012886525
v 0.07273200154304504 0.008741999976336956 0.0852590000808239
v 0.07444199919700623 0.008495000191032887 0.08514300012886525
v 0.06974100321531296 0 0.08415399981588126
v 0.07273200154304504 0.008741999976336956 0.0852590000808239
v 0.5475000143051147 0.040876999497413635 0.1129220000088215
v 0.5475000143051147 0.03664800152182579 0.11446099938750268
v 0.5475000143051147 0.04349999874830246 0.1278000010728836
v 0.5475000143051147 0.04349999874830246 0.1278000010728836
v 0.5475000143051147 0.03664800152182579 0.11446099938750268
v 0.5475000143051147 0.039000000804662704 0.1278000010728836
v 0.5475000143051147 0.04349999874830246 0.1278000010728836
v 0.5475000143051147 0.039000000804662704 0.1278000010728836
v 0.5475000143051147 0.03664800152182579 0.14113899903297425
v 0.5475000143051147 0.03664800152182579 0.11446099938750268
v 0.5475000143051147 0.040876999497413635 0.1129220000088215
v 0.5475000143051147 0.029875999316573143 0.10273100087344647
v 0.5475000143051147 0.029875999316573143 0.10273100087344647
v 0.5475000143051147 0.040876999497413635 0.1129220000088215
v 0.5475000143051147 0.033323001116514206 0.09983900027275086
v 0.5475000143051147 0.029875999316573143 0.10273100087344647
v 0.5475000143051147 0.033323001116514206 0.09983900027275086
v 0.5475000143051147 0.019500000402331352 0.09402499930858613
v 0.5475000143051147 0.019500000402331352 0.09402499930858613
v 0.5475000143051147 0.033323001116514206 0.09983900027275086
v 0.5475000143051147 0.02174999937415123 0.09012800013571978
v 0.5475000143051147 0.019500000402331352 0.09402499930858613
v 0.5475000143051147 0.02174999937415123 0.09012800013571978
v 0.5475000143051147 0.006771999876946211 0.08939200011938811
v 0.5475000143051147 0.006771999876946211 0.08939200011938811
v 0.5475000143051147 0.02174999937415123 0.09012800013571978
v 0.5475000143051147 0.007553999777883291 0.08496100014001132
v 0.5475000143051147 0.006771999876946211 0.08939200011938811
v 0.5475000143051147 0.007553999777883291 0.08496100014001132
v 0.5475000143051147 -0.007553999777883291 0.08496100014001132
v 0.5475000143051147 0.006771999876946211 0.08939200011938811
v 0.5475000143051147 -0.007553999777883291 0.08496100014001132
v 0.5475000143051147 -0.006771999876946211 0.08939200011938811
v 0.5475000143051147 -0.006771999876946211 0.08939200011938811
v 0.5475000143051147 -0.007553999777883291 0.08496100014001132
v 0.5475000143051147 -0.02174999937415123 0.09012800013571978
v 0.5475000143051147 -0.006771999876946211 0.08939200011938811
v 0.5475000143051147 -0.02174999937415123 0.09012800013571978
v 0.5475000143051147 -0.019500000402331352 0.09402499930858613
v 0.5475000143051147 -0.019500000402331352 0.09402499930858613
v 0.5475000143051147 -0.02174999937415123 0.09012800013571978
v 0.5475000143051147 -0.033323001116514206 0.09983900027275086
v 0.5475000143051147 -0.019500000402331352 0.09402499930858613
v 0.5475000143051147 -0.033323001116514206 0.09983900027275086
v 0.5475000143051147 -0.029875999316573143 0.10273100087344647
v 0.5475000143051147 -0.029875999316573143 0.10273100087344647
v 0.5475000143051147 -0.033323001116514206 0.09983900027275086
v 0.5475000143051147 -0.040876999497413635 0.1129220000088215
v 0.5475000143051147 -0.029875999316573143 0.10273100087344647
v 0.5475000143051147 -0.040876999497413635 0.1129220000088215
v 0.5475000143051147 -0.03664800152182579 0.11446099938750268
v 0.5475000143051147 -0.03664800152182579 0.11446099938750268
v 0.5475000143051147 -0.040876999497413635 0.1129220000088215
v 0.5475000143051147 -0.04349999874830246 0.1278000010728836
v 0.5475000143051147 -0.03664800152182579 0.11446099938750268
v 0.5475000143051147 -0.04349999874830246 0.1278000010728836
v 0.5475000143051147 -0.039000000804662704 0.1278000010728836
v 0.5475000143051147 -0.039000000804662704 0.1278000010728836
v 0.5475000143051147 -0.04349999874830246 0.1278000010728836
v 0.5475000143051147 -0.03664800152182579 0.14113899903297425
v 0.5475000143051147 -0.03664800152182579 0.14113899903297425
v 0.5475000143051147 -0.04349999874830246 0.1278000010728836
v 0.5475000143051147 -0.040876999497413635 0.14267799841165543
v 0.5475000143051147 -0.03664800152182579 0.14113899903297425
v 0.5475000143051147 -0.040876999497413635 0.14267799841165543
v 0.5475000143051147 -0.029875999316573143 0.1528689994096756
v 0.5475000143051147 -0.029875999316573143 0.1528689994096756
v 0.5475000143051147 -0.040876999497413635 0.14267799841165543
v 0.5475000143051147 -0.033323001116514206 0.15576100187301636
v 0.5475000143051147 -0.029875999316573143 0.1528689994096756
v 0.5475000143051147 -0.033323001116514206 0.15576100187301636
v 0.5475000143051147 -0.019500000402331352 0.1615750028371811
v 0.5475000143051147 -0.019500000402331352 0.1615750028371811
v 0.5475000143051147 -0.033323001116514206 0.15576100187301636
v 0.5475000143051147 -0.02174999937415123 0.16547199921607972
v 0.5475000143051147 -0.019500000402331352 0.1615750028371811
v 0.5475000143051147 -0.02174999937415123 0.16547199921607972
v 0.5475000143051147 -0.006771999876946211 0.16620799736976624
v 0.5475000143051147 -0.006771999876946211 0.16620799736976624
v 0.5475000143051147 -0.02174999937415123 0.16547199921607972
v 0.5475000143051147 -0.007553999777883291 0.17063899921178818
v 0.5475000143051147 -0.006771999876946211 0.16620799736976624
v 0.5475000143051147 -0.007553999777883291 0.17063899921178818
v 0.5475000143051147 0.007553999777883291 0.17063899921178818
v 0.5475000143051147 -0.006771999876946211 0.16620799736976624
v 0.5475000143051147 0.007553999777883291 0.17063899921178818
v 0.5475000143051147 0.006771999876946211 0.16620799736976624
v 0.5475000143051147 0.006771999876946211 0.16620799736976624
v 0.5475000143051147 0.007553999777883291 0.17063899921178818
v 0.5475000143051147 0.02174999937415123 0.16547199921607972
v 0.5475000143051147 0.006771999876946211 0.16620799736976624
v 0.5475000143051147 0.02174999937415123 0.16547199921607972
v 0.5475000143051147 0.019500000402331352 0.1615750028371811
v 0.5475000143051147 0.019500000402331352 0.1615750028371811
v 0.5475000143051147 0.02174999937415123 0.16547199921607972
v 0.5475000143051147 0.033323001116514206 0.15576100187301636
v 0.5475000143051147 0.019500000402331352 0.1615750028371811
v 0.5475000143051147 0.033323001116514206 0.15576100187301636
v 0.5475000143051147 0.029875999316573143 0.1528689994096756
v 0.5475000143051147 0.029875999316573143 0.1528689994096756
v 0.5475000143051147 0.033323001116514206 0.15576100187301636
v 0.5475000143051147 0.040876999497413635 0.14267799841165543
v 0.5475000143051147 0.029875999316573143 0.1528689994096756
v 0.5475000143051147 0.040876999497413635 0.14267799841165543
v 0.5475000143051147 0.03664800152182579 0.14113899903297425
v 0.5475000143051147 0.03664800152182579 0.14113899903297425
v 0.5475000143051147 0.040876999497413635 0.14267799841165543
v 0.5475000143051147 0.04349999874830246 0.1278000010728836
v 0.08449999988079071 -0.040876999497413635 0.1129220000088215
v 0.08449999988079071 -0.03664800152182579 0.11446099938750268
v 0.08449999988079071 -0.04349999874830246 0.1278000010728836
v 0.08449999988079071 -0.04349999874830246 0.1278000010728836
v 0.08449999988079071 -0.03664800152182579 0.11446099938750268
v 0.08449999988079071 -0.039000000804662704 0.1278000010728836
v 0.08449999988079071 -0.04349999874830246 0.1278000010728836
v 0.08449999988079071 -0.039000000804662704 0.1278000010728836
v 0.08449999988079071 -0.03664800152182579 0.14113899903297425
v 0.08449999988079071 -0.03664800152182579 0.11446099938750268
v 0.08449999988079071 -0.040876999497413635 0.1129220000088215
v 0.08449999988079071 -0.029875999316573143 0.10273100087344647
v 0.08449999988079071 -0.029875999316573143 0.10273100087344647
v 0.08449999988079071 -0.040876999497413635 0.1129220000088215
v 0.08449999988079071 -0.033323001116514206 0.09983900027275086
v 0.08449999988079071 -0.029875999316573143 0.10273100087344647
v 0.08449999988079071 -0.033323001116514206 0.09983900027275086
v 0.08449999988079071 -0.019500000402331352 0.09402499930858613
v 0.08449999988079071 -0.019500000402331352 0.09402499930858613
v 0.08449999988079071 -0.033323001116514206 0.09983900027275086
v 0.08449999988079071 -0.02174999937415123 0.09012800013571978
v 0.08449999988079071 -0.019500000402331352 0.09402499930858613
v 0.08449999988079071 -0.02174999937415123 0.09012800013571978
v 0.08449999988079071 -0.006771999876946211 0.08939200011938811
v 0.08449999988079071 -0.006771999876946211 0.08939200011938811
v 0.08449999988079071 -0.02174999937415123 0.09012800013571978
v 0.08449999988079071 -0.007553999777883291 0.08496100014001132
v 0.08449999988079071 -0.006771999876946211 0.08939200011938811
v 0.08449999988079071 -0.007553999777883291 0.08496100014001132
v 0.08449999988079071 0.007553999777883291 0.08496100014001132
v 0.08449999988079071 -0.006771999876946211 0.08939200011938811
v 0.08449999988079071 0.007553999777883291 0.08496100014001132
v 0.08449999988079071 0.006771999876946211 0.08939200011938811
v 0.08449999988079071 0.006771999876946211 0.08939200011938811
v 0.08449999988079071 0.007553999777883291 0.08496100014001132
v 0.08449999988079071 0.02174999937415123 0.09012800013571978
v 0.08449999988079071 0.006771999876946211 0.08939200011938811
v 0.08449999988079071 0.02174999937415123 0.09012800013571978
v 0.08449999988079071 0.019500000402331352 0.09402499930858613
v 0.08449999988079071 0.019500000402331352 0.09402499930858613
v 0.08449999988079071 0.02174999937415123 0.09012800013571978
v 0.08449999988079071 0.033323001116514206 0.09983900027275086
v 0.08449999988079071 0.019500000402331352 0.09402499930858613
v 0.08449999988079071 0.033323001116514206 0.09983900027275086
v 0.08449999988079071 0.029875999316573143 0.10273100087344647
v 0.08449999988079071 0.029875999316573143 0.10273100087344647
v 0.08449999988079071 0.033323001116514206 0.09983900027275086
v 0.08449999988079071 0.040876999497413635 0.1129220000088215
v 0.08449999988079071 0.029875999316573143 0.10273100087344647
v 0.08449999988079071 0.040876999497413635 0.1129220000088215
v 0.08449999988079071 0.03664800152182579 0.11446099938750268
v 0.08449999988079071 0.03664800152182579 0.11446099938750268
v 0.08449999988079071 0.040876999497413635 0.1129220000088215
v 0.08449999988079071 0.04349999874830246 0.1278000010728836
v 0.08449999988079071 0.03664800152182579 0.11446099938750268
v 0.08449999988079071 0.04349999874830246 0.1278000010728836
v 0.08449999988079071 0.039000000804662704 0.1278000010728836
v 0.08449999988079071 0.039000000804662704 0.1278000010728836
v 0.08449999988079071 0.04349999874830246 0.1278000010728836
v 0.08449999988079071 0.03664800152182579 0.14113899903297425
v 0.08449999988079071 0.03664800152182579 0.14113899903297425
v 0.08449999988079071 0.04349999874830246 0.1278000010728836
v 0.08449999988079071 0.040876999497413635 0.14267799841165543
v 0.08449999988079071 0.03664800152182579 0.14113899903297425
v 0.08449999988079071 0.040876999497413635 0.14267799841165543
v 0.08449999988079071 0.029875999316573143 0.1528689994096756
v 0.08449999988079071 0.029875999316573143 0.1528689994096756
v 0.08449999988079071 0.040876999497413635 0.14267799841165543
v 0.08449999988079071 0.033323001116514206 0.15576100187301636
v 0.08449999988079071 0.029875999316573143 0.1528689994096756
v 0.08449999988079071 0.033323001116514206 0.15576100187301636
v 0.08449999988079071 0.019500000402331352 0.1615750028371811
v 0.08449999988079071 0.019500000402331352 0.1615750028371811
v 0.08449999988079071 0.033323001116514206 0.15576100187301636
v 0.08449999988079071 0.02174999937415123 0.16547199921607972
v 0.08449999988079071 0.019500000402331352 0.1615750028371811
v 0.08449999988079071 0.02174999937415123 0.16547199921607972
v 0.08449999988079071 0.006771999876946211 0.16620799736976624
v 0.08449999988079071 0.006771999876946211 0.16620799736976624
v 0.08449999988079071 0.02174999937415123 0.16547199921607972
v 0.08449999988079071 0.007553999777883291 0.17063899921178818
v 0.08449999988079071 0.006771999876946211 0.16620799736976624
v 0.08449999988079071 0.007553999777883291 0.17063899921178818
v 0.08449999988079071 -0.007553999777883291 0.17063899921178818
v 0.08449999988079071 0.006771999876946211 0.16620799736976624
v 0.08449999988079071 -0.007553999777883291 0.17063899921178818
v 0.08449999988079071 -0.006771999876946211 0.16620799736976624
v 0.08449999988079071 -0.006771999876946211 0.16620799736976624
v 0.08449999988079071 -0.007553999777883291 0.17063899921178818
v 0.08449999988079071 -0.02174999937415123 0.16547199921607972
v 0.08449999988079071 -0.006771999876946211 0.16620799736976624
v 0.08449999988079071 -0.02174999937415123 0.16547199921607972
v 0.08449999988079071 -0.019500000402331352 0.1615750028371811
v 0.08449999988079071 -0.019500000402331352 0.1615750028371811
v 0.08449999988079071 -0.02174999937415123 0.16547199921607972
v 0.08449999988079071 -0.033323001116514206 0.15576100187301636
v 0.08449999988079071 -0.019500000402331352 0.1615750028371811
v 0.08449999988079071 -0.033323001116514206 0.15576100187301636
v 0.08449999988079071 -0.029875999316573143 0.1528689994096756
v 0.08449999988079071 -0.029875999316573143 0.1528689994096756
v 0.08449999988079071 -0.033323001116514206 0.15576100187301636
v 0.08449999988079071 -0.040876999497413635 0.14267799841165543
v 0.08449999988079071 -0.029875999316573143 0.1528689994096756
v 0.08449999988079071 -0.040876999497413635 0.14267799841165543
v 0.08449999988079071 -0.03664800152182579 0.14113899903297425
v 0.08449999988079071 -0.03664800152182579 0.14113899903297425
v 0.08449999988079071 -0.040876999497413635 0.14267799841165543
v 0.08449999988079071 -0.04349999874830246 0.1278000010728836
v 0.08449999988079071 -0.039000000804662704 0.1278000010728836
v 0.5475000143051147 -0.039000000804662704 0.1278000010728836
v 0.08449999988079071 -0.03664800152182579 0.14113899903297425
v 0.08449999988079071 -0.03664800152182579 0.14113899903297425
v 0.5475000143051147 -0.039000000804662704 0.1278000010728836
v 0.5475000143051147 -0.03664800152182579 0.14113899903297425
v 0.08449999988079071 -0.03664800152182579 0.14113899903297425
v 0.5475000143051147 -0.03664800152182579 0.14113899903297425
v 0.08449999988079071 -0.029875999316573143 0.1528689994096756
v 0.08449999988079071 -0.029875999316573143 0.1528689994096756
v 0.5475000143051147 -0.03664800152182579 0.14113899903297425
v 0.5475000143051147 -0.029875999316573143 0.1528689994096756
v 0.08449999988079071 -0.029875999316573143 0.1528689994096756
v 0.5475000143051147 -0.029875999316573143 0.1528689994096756
v 0.08449999988079071 -0.019500000402331352 0.1615750028371811
v 0.08449999988079071 -0.019500000402331352 0.1615750028371811
v 0.5475000143051147 -0.029875999316573143 0.1528689994096756
v 0.5475000143051147 -0.019500000402331352 0.1615750028371811
v 0.08449999988079071 -0.019500000402331352 0.1615750028371811
v 0.5475000143051147 -0.019500000402331352 0.1615750028371811
v 0.08449999988079071 -0.006771999876946211 0.16620799736976624
v 0.08449999988079071 -0.006771999876946211 0.16620799736976624
v 0.5475000143051147 -0.019500000402331352 0.1615750028371811
v 0.5475000143051147 -0.006771999876946211 0.16620799736976624
v 0.08449999988079071 -0.006771999876946211 0.16620799736976624
v 0.5475000143051147 -0.006771999876946211 0.16620799736976624
v 0.08449999988079071 0.006771999876946211 0.16620799736976624
v 0.08449999988079071 0.006771999876946211 0.16620799736976624
v 0.5475000143051147 -0.006771999876946211 0.16620799736976624
v 0.5475000143051147 0.006771999876946211 0.16620799736976624
v 0.08449999988079071 0.006771999876946211 0.16620799736976624
v 0.5475000143051147 0.006771999876946211 0.16620799736976624
v 0.08449999988079071 0.019500000402331352 0.1615750028371811
v 0.08449999988079071 0.019500000402331352 0.1615750028371811
v 0.5475000143051147 0.006771999876946211 0.16620799736976624
v 0.5475000143051147 0.019500000402331352 0.1615750028371811
v 0.08449999988079071 0.019500000402331352 0.1615750028371811
v 0.5475000143051147 0.019500000402331352 0.1615750028371811
v 0.08449999988079071 0.029875999316573143 0.1528689994096756
v 0.08449999988079071 0.029875999316573143 0.1528689994096756
v 0.5475000143051147 0.019500000402331352 0.1615750028371811
v 0.5475000143051147 0.029875999316573143 0.1528689994096756
v 0.08449999988079071 0.029875999316573143 0.1528689994096756
v 0.5475000143051147 0.029875999316573143 0.1528689994096756
v 0.08449999988079071 0.03664800152182579 0.14113899903297425
v 0.08449999988079071 0.03664800152182579 0.14113899903297425
v 0.5475000143051147 0.029875999316573143 0.1528689994096756
v 0.5475000143051147 0.03664800152182579 0.14113899903297425
v 0.08449999988079071 0.03664800152182579 0.14113899903297425
v 0.5475000143051147 0.03664800152182579 0.14113899903297425
v 0.08449999988079071 0.039000000804662704 0.1278000010728836
v 0.08449999988079071 0.039000000804662704 0.1278000010728836
v 0.5475000143051147 0.03664800152182579 0.14113899903297425
v 0.5475000143051147 0.039000000804662704 0.1278000010728836
v 0.5856220126152039 -0.040876999497413635 0.16990499781370164
v 0.6004999876022339 -0.04349999874830246 0.16591799842119218
v 0.6004999876022339 -0.043299999088048935 0.16591799842119218
v 0.6004999876022339 -0.043299999088048935 0.16591799842119218
v 0.6004999876022339 -0.04349999874830246 0.16591799842119218
v 0.6153780221939087 -0.040876999497413635 0.1619319974064827
v 0.6004999876022339 -0.043299999088048935 0.16591799842119218
v 0.6153780221939087 -0.040876999497413635 0.1619319974064827
v 0.6153090000152588 -0.040688998997211456 0.16194999800920487
v 0.6153090000152588 -0.040688998997211456 0.16194999800920487
v 0.6153780221939087 -0.040876999497413635 0.1619319974064827
v 0.6284610033035278 -0.033323001116514206 0.15842600004673005
v 0.6153090000152588 -0.040688998997211456 0.16194999800920487
v 0.6284610033035278 -0.033323001116514206 0.15842600004673005
v 0.6283329725265503 -0.03316999971866608 0.1584599970459938
v 0.6283329725265503 -0.03316999971866608 0.1584599970459938
v 0.6284610033035278 -0.033323001116514206 0.15842600004673005
v 0.6381719708442688 -0.02174999937415123 0.15582399653196335
v 0.6283329725265503 -0.03316999971866608 0.1584599970459938
v 0.6381719708442688 -0.02174999937415123 0.15582399653196335
v 0.6379989981651306 -0.021649999544024467 0.15586999641656876
v 0.6379989981651306 -0.021649999544024467 0.15586999641656876
v 0.6381719708442688 -0.02174999937415123 0.15582399653196335
v 0.6433389782905579 -0.007553999777883291 0.1544390006542206
v 0.6379989981651306 -0.021649999544024467 0.15586999641656876
v 0.6433389782905579 -0.007553999777883291 0.1544390006542206
v 0.6431419849395752 -0.007519000209867954 0.1544919966340065
v 0.6431419849395752 -0.007519000209867954 0.1544919966340065
v 0.6433389782905579 -0.007553999777883291 0.1544390006542206
v 0.6433389782905579 0.007553999777883291 0.1544390006542206
v 0.6431419849395752 -0.007519000209867954 0.1544919966340065
v 0.6433389782905579 0.007553999777883291 0.1544390006542206
v 0.6431419849395752 0.007519000209867954 0.1544919966340065
v 0.6431419849395752 0.007519000209867954 0.1544919966340065
v 0.6433389782905579 0.007553999777883291 0.1544390006542206
v 0.6379989981651306 0.021649999544024467 0.15586999641656876
v 0.6379989981651306 0.021649999544024467 0.15586999641656876
v 0.6433389782905579 0.007553999777883291 0.1544390006542206
v 0.6381719708442688 0.02174999937415123 0.15582399653196335
v 0.6379989981651306 0.021649999544024467 0.15586999641656876
v 0.6381719708442688 0.02174999937415123 0.15582399653196335
v 0.6283329725265503 0.03316999971866608 0.1584599970459938
v 0.6283329725265503 0.03316999971866608 0.1584599970459938
v 0.6381719708442688 0.02174999937415123 0.15582399653196335
v 0.6284610033035278 0.033323001116514206 0.15842600004673005
v 0.6283329725265503 0.03316999971866608 0.1584599970459938
v 0.6284610033035278 0.033323001116514206 0.15842600004673005
v 0.6153090000152588 0.040688998997211456 0.16194999800920487
v 0.6153090000152588 0.040688998997211456 0.16194999800920487
v 0.6284610033035278 0.033323001116514206 0.15842600004673005
v 0.6153780221939087 0.040876999497413635 0.1619319974064827
v 0.6153090000152588 0.040688998997211456 0.16194999800920487
v 0.6153780221939087 0.040876999497413635 0.1619319974064827
v 0.6004999876022339 0.043299999088048935 0.16591799842119218
v 0.6004999876022339 0.043299999088048935 0.16591799842119218
v 0.6153780221939087 0.040876999497413635 0.1619319974064827
v 0.6004999876022339 0.04349999874830246 0.16591799842119218
v 0.6004999876022339 0.043299999088048935 0.16591799842119218
v 0.6004999876022339 0.04349999874830246 0.16591799842119218
v 0.5856220126152039 0.040876999497413635 0.16990499781370164
v 0.6004999876022339 0.043299999088048935 0.16591799842119218
v 0.5856220126152039 0.040876999497413635 0.16990499781370164
v 0.5856900215148926 0.040688998997211456 0.16988599883317948
v 0.5856900215148926 0.040688998997211456 0.16988599883317948
v 0.5856220126152039 0.040876999497413635 0.16990499781370164
v 0.5725389719009399 0.033323001116514206 0.1734099967956543
v 0.5856900215148926 0.040688998997211456 0.16988599883317948
v 0.5725389719009399 0.033323001116514206 0.1734099967956543
v 0.5726670026779175 0.03316999971866608 0.17337599979639054
v 0.5726670026779175 0.03316999971866608 0.17337599979639054
v 0.5725389719009399 0.033323001116514206 0.1734099967956543
v 0.562828004360199 0.02174999937415123 0.176012000310421
v 0.5726670026779175 0.03316999971866608 0.17337599979639054
v 0.562828004360199 0.02174999937415123 0.176012000310421
v 0.5630009770393372 0.021649999544024467 0.1759660004258156
v 0.5630009770393372 0.021649999544024467 0.1759660004258156
v 0.562828004360199 0.02174999937415123 0.176012000310421
v 0.5576609969139099 0.007553999777883291 0.17739700363874436
v 0.5630009770393372 0.021649999544024467 0.1759660004258156
v 0.5576609969139099 0.007553999777883291 0.17739700363874436
v 0.5578579902648926 0.007519000209867954 0.17734400020837784
v 0.5578579902648926 0.007519000209867954 0.17734400020837784
v 0.5576609969139099 0.007553999777883291 0.17739700363874436
v 0.5578579902648926 -0.007519000209867954 0.17734400020837784
v 0.5578579902648926 -0.007519000209867954 0.17734400020837784
v 0.5576609969139099 0.007553999777883291 0.17739700363874436
v 0.5576609969139099 -0.007553999777883291 0.17739700363874436
v 0.5578579902648926 -0.007519000209867954 0.17734400020837784
v 0.5576609969139099 -0.007553999777883291 0.17739700363874436
v 0.5630009770393372 -0.021649999544024467 0.1759660004258156
v 0.5630009770393372 -0.021649999544024467 0.1759660004258156
v 0.5576609969139099 -0.007553999777883291 0.17739700363874436
v 0.562828004360199 -0.02174999937415123 0.176012000310421
v 0.5630009770393372 -0.021649999544024467 0.1759660004258156
v 0.562828004360199 -0.02174999937415123 0.176012000310421
v 0.5726670026779175 -0.03316999971866608 0.17337599979639054
v 0.5726670026779175 -0.03316999971866608 0.17337599979639054
v 0.562828004360199 -0.02174999937415123 0.176012000310421
v 0.5725389719009399 -0.033323001116514206 0.1734099967956543
v 0.5726670026779175 -0.03316999971866608 0.17337599979639054
v 0.5725389719009399 -0.033323001116514206 0.1734099967956543
v 0.5856900215148926 -0.040688998997211456 0.16988599883317948
v 0.5856900215148926 -0.040688998997211456 0.16988599883317948
v 0.5725389719009399 -0.033323001116514206 0.1734099967956543
v 0.5856220126152039 -0.040876999497413635 0.16990499781370164
v 0.5856900215148926 -0.040688998997211456 0.16988599883317948
v 0.5856220126152039 -0.040876999497413635 0.16990499781370164
v 0.6004999876022339 -0.043299999088048935 0.16591799842119218
v 0.5856220126152039 -0.040876999497413635 0.0684999998278916
v 0.5856900215148926 -0.040688998997211456 0.0684999998278916
v 0.6004999876022339 -0.04349999874830246 0.0684999998278916
v 0.6004999876022339 -0.04349999874830246 0.0684999998278916
v 0.5856900215148926 -0.040688998997211456 0.0684999998278916
v 0.6004999876022339 -0.043299999088048935 0.0684999998278916
v 0.6004999876022339 -0.04349999874830246 0.0684999998278916
v 0.6004999876022339 -0.043299999088048935 0.0684999998278916
v 0.6153090000152588 -0.040688998997211456 0.0684999998278916
v 0.5856900215148926 -0.040688998997211456 0.0684999998278916
v 0.5856220126152039 -0.040876999497413635 0.0684999998278916
v 0.5726670026779175 -0.03316999971866608 0.0684999998278916
v 0.5726670026779175 -0.03316999971866608 0.0684999998278916
v 0.5856220126152039 -0.040876999497413635 0.0684999998278916
v 0.5725389719009399 -0.033323001116514206 0.0684999998278916
v 0.5726670026779175 -0.03316999971866608 0.0684999998278916
v 0.5725389719009399 -0.033323001116514206 0.0684999998278916
v 0.5630009770393372 -0.021649999544024467 0.0684999998278916
v 0.5630009770393372 -0.021649999544024467 0.0684999998278916
v 0.5725389719009399 -0.033323001116514206 0.0684999998278916
v 0.562828004360199 -0.02174999937415123 0.0684999998278916
v 0.5630009770393372 -0.021649999544024467 0.0684999998278916
v 0.562828004360199 -0.02174999937415123 0.0684999998278916
v 0.5578579902648926 -0.007519000209867954 0.0684999998278916
v 0.5578579902648926 -0.007519000209867954 0.0684999998278916
v 0.562828004360199 -0.02174999937415123 0.0684999998278916
v 0.5576609969139099 -0.007553999777883291 0.0684999998278916
v 0.5578579902648926 -0.007519000209867954 0.0684999998278916
v 0.5576609969139099 -0.007553999777883291 0.0684999998278916
v 0.5576609969139099 0.007553999777883291 0.0684999998278916
v 0.5578579902648926 -0.007519000209867954 0.0684999998278916
v 0.5576609969139099 0.007553999777883291 0.0684999998278916
v 0.5578579902648926 0.007519000209867954 0.0684999998278916
v 0.5578579902648926 0.007519000209867954 0.0684999998278916
v 0.5576609969139099 0.007553999777883291 0.0684999998278916
v 0.562828004360199 0.02174999937415123 0.0684999998278916
v 0.5578579902648926 0.007519000209867954 0.0684999998278916
v 0.562828004360199 0.02174999937415123 0.0684999998278916
v 0.5630009770393372 0.021649999544024467 0.0684999998278916
v 0.5630009770393372 0.021649999544024467 0.0684999998278916
v 0.562828004360199 0.02174999937415123 0.0684999998278916
v 0.5725389719009399 0.033323001116514206 0.0684999998278916
v 0.5630009770393372 0.021649999544024467 0.0684999998278916
v 0.5725389719009399 0.033323001116514206 0.0684999998278916
v 0.5726670026779175 0.03316999971866608 0.0684999998278916
v 0.5726670026779175 0.03316999971866608 0.0684999998278916
v 0.5725389719009399 0.033323001116514206 0.0684999998278916
v 0.5856220126152039 0.040876999497413635 0.0684999998278916
v 0.5726670026779175 0.03316999971866608 0.0684999998278916
v 0.5856220126152039 0.040876999497413635 0.0684999998278916
v 0.5856900215148926 0.040688998997211456 0.0684999998278916
v 0.5856900215148926 0.040688998997211456 0.0684999998278916
v 0.5856220126152039 0.040876999497413635 0.0684999998278916
v 0.6004999876022339 0.04349999874830246 0.0684999998278916
v 0.5856900215148926 0.040688998997211456 0.0684999998278916
v 0.6004999876022339 0.04349999874830246 0.0684999998278916
v 0.6004999876022339 0.043299999088048935 0.0684999998278916
v 0.6004999876022339 0.043299999088048935 0.0684999998278916
v 0.6004999876022339 0.04349999874830246 0.0684999998278916
v 0.6153090000152588 0.040688998997211456 0.0684999998278916
v 0.6153090000152588 0.040688998997211456 0.0684999998278916
v 0.6004999876022339 0.04349999874830246 0.0684999998278916
v 0.6153780221939087 0.040876999497413635 0.0684999998278916
v 0.6153090000152588 0.040688998997211456 0.0684999998278916
v 0.6153780221939087 0.040876999497413635 0.0684999998278916
v 0.6283329725265503 0.03316999971866608 0.0684999998278916
v 0.6283329725265503 0.03316999971866608 0.0684999998278916
v 0.6153780221939087 0.040876999497413635 0.0684999998278916
v 0.6284610033035278 0.033323001116514206 0.0684999998278916
v 0.6283329725265503 0.03316999971866608 0.0684999998278916
v 0.6284610033035278 0.033323001116514206 0.0684999998278916
v 0.6379989981651306 0.021649999544024467 0.0684999998278916
v 0.6379989981651306 0.021649999544024467 0.0684999998278916
v 0.6284610033035278 0.033323001116514206 0.0684999998278916
v 0.6381719708442688 0.02174999937415123 0.0684999998278916
v 0.6379989981651306 0.021649999544024467 0.0684999998278916
v 0.6381719708442688 0.02174999937415123 0.0684999998278916
v 0.6431419849395752 0.007519000209867954 0.0684999998278916
v 0.6431419849395752 0.007519000209867954 0.0684999998278916
v 0.6381719708442688 0.02174999937415123 0.0684999998278916
v 0.6433389782905579 0.007553999777883291 0.0684999998278916
v 0.6431419849395752 0.007519000209867954 0.0684999998278916
v 0.6433389782905579 0.007553999777883291 0.0684999998278916
v 0.6433389782905579 -0.007553999777883291 0.0684999998278916
v 0.6431419849395752 0.007519000209867954 0.0684999998278916
v 0.6433389782905579 -0.007553999777883291 0.0684999998278916
v 0.6431419849395752 -0.007519000209867954 0.0684999998278916
v 0.6431419849395752 -0.007519000209867954 0.0684999998278916
v 0.6433389782905579 -0.007553999777883291 0.0684999998278916
v 0.6381719708442688 -0.02174999937415123 0.0684999998278916
v 0.6431419849395752 -0.007519000209867954 0.0684999998278916
v 0.6381719708442688 -0.02174999937415123 0.0684999998278916
v 0.6379989981651306 -0.021649999544024467 0.0684999998278916
v 0.6379989981651306 -0.021649999544024467 0.0684999998278916
v 0.6381719708442688 -0.02174999937415123 0.0684999998278916
v 0.6284610033035278 -0.033323001116514206 0.0684999998278916
v 0.6379989981651306 -0.021649999544024467 0.0684999998278916
v 0.6284610033035278 -0.033323001116514206 0.0684999998278916
v 0.6283329725265503 -0.03316999971866608 0.0684999998278916
v 0.6283329725265503 -0.03316999971866608 0.0684999998278916
v 0.6284610033035278 -0.033323001116514206 0.0684999998278916
v 0.6153780221939087 -0.040876999497413635 0.0684999998278916
v 0.6283329725265503 -0.03316999971866608 0.0684999998278916
v 0.6153780221939087 -0.040876999497413635 0.0684999998278916
v 0.6153090000152588 -0.040688998997211456 0.0684999998278916
v 0.6153090000152588 -0.040688998997211456 0.0684999998278916
v 0.6153780221939087 -0.040876999497413635 0.0684999998278916
v 0.6004999876022339 -0.04349999874830246 0.0684999998278916
v 0.6004999876022339 -0.04349999874830246 0.1278000010728836
v 0.5920130014419556 -0.042663998901844025 0.11931399838924409
v 0.6004999876022339 -0.04349999874830246 0.0684999998278916
v 0.6004999876022339 -0.04349999874830246 0.0684999998278916
v 0.5920130014419556 -0.042663998901844025 0.11931399838924409
v 0.5856220126152039 -0.040876999497413635 0.0684999998278916
v 0.5856220126152039 -0.040876999497413635 0.0684999998278916
v 0.5920130014419556 -0.042663998901844025 0.11931399838924409
v 0.583853006362915 -0.040189001709222794 0.11115300120711327
v 0.5856220126152039 -0.040876999497413635 0.0684999998278916
v 0.583853006362915 -0.040189001709222794 0.11115300120711327
v 0.5763329863548279 -0.03616899996995926 0.1036329998254776
v 0.5856220126152039 -0.040876999497413635 0.0684999998278916
v 0.5763329863548279 -0.03616899996995926 0.1036329998254776
v 0.5725389719009399 -0.033323001116514206 0.0684999998278916
v 0.5725389719009399 -0.033323001116514206 0.0684999998278916
v 0.5763329863548279 -0.03616899996995926 0.1036329998254776
v 0.5697410106658936 -0.030758999288082123 0.09704099992215634
v 0.5725389719009399 -0.033323001116514206 0.0684999998278916
v 0.5697410106658936 -0.030758999288082123 0.09704099992215634
v 0.5643309950828552 -0.024166999384760857 0.0916309992402792
v 0.5725389719009399 -0.033323001116514206 0.0684999998278916
v 0.5643309950828552 -0.024166999384760857 0.0916309992402792
v 0.562828004360199 -0.02174999937415123 0.0684999998278916
v 0.562828004360199 -0.02174999937415123 0.0684999998278916
v 0.5643309950828552 -0.024166999384760857 0.0916309992402792
v 0.5603110194206238 -0.01664699986577034 0.0876110002949834
v 0.562828004360199 -0.02174999937415123 0.0684999998278916
v 0.5603110194206238 -0.01664699986577034 0.0876110002949834
v 0.5576609969139099 -0.007553999777883291 0.0684999998278916
v 0.5576609969139099 -0.007553999777883291 0.0684999998278916
v 0.5603110194206238 -0.01664699986577034 0.0876110002949834
v 0.5578359961509705 -0.008485999889671803 0.08513600030839444
v 0.5576609969139099 -0.007553999777883291 0.0684999998278916
v 0.5578359961509705 -0.008485999889671803 0.08513600030839444
v 0.5569999814033508 0 0.084300000461936
v 0.5576609969139099 -0.007553999777883291 0.0684999998278916
v 0.5569999814033508 0 0.084300000461936
v 0.5576609969139099 0.007553999777883291 0.0684999998278916
v 0.5576609969139099 0.007553999777883291 0.0684999998278916
v 0.5569999814033508 0 0.084300000461936
v 0.5578359961509705 0.008485999889671803 0.08513600030839444
v 0.5576609969139099 0.007553999777883291 0.0684999998278916
v 0.5578359961509705 0.008485999889671803 0.08513600030839444
v 0.5603110194206238 0.01664699986577034 0.0876110002949834
v 0.5576609969139099 0.007553999777883291 0.0684999998278916
v 0.5603110194206238 0.01664699986577034 0.0876110002949834
v 0.562828004360199 0.02174999937415123 0.0684999998278916
v 0.562828004360199 0.02174999937415123 0.0684999998278916
v 0.5603110194206238 0.01664699986577034 0.0876110002949834
v 0.5643309950828552 0.024166999384760857 0.0916309992402792
v 0.562828004360199 0.02174999937415123 0.0684999998278916
v 0.5643309950828552 0.024166999384760857 0.0916309992402792
v 0.5697410106658936 0.030758999288082123 0.09704099992215634
v 0.562828004360199 0.02174999937415123 0.0684999998278916
v 0.5697410106658936 0.030758999288082123 0.09704099992215634
v 0.5725389719009399 0.033323001116514206 0.0684999998278916
v 0.5725389719009399 0.033323001116514206 0.0684999998278916
v 0.5697410106658936 0.030758999288082123 0.09704099992215634
v 0.5763329863548279 0.03616899996995926 0.1036329998254776
v 0.5725389719009399 0.033323001116514206 0.0684999998278916
v 0.5763329863548279 0.03616899996995926 0.1036329998254776
v 0.5856220126152039 0.040876999497413635 0.0684999998278916
v 0.5856220126152039 0.040876999497413635 0.0684999998278916
v 0.5763329863548279 0.03616899996995926 0.1036329998254776
v 0.583853006362915 0.040189001709222794 0.11115300120711327
v 0.5856220126152039 0.040876999497413635 0.0684999998278916
v 0.583853006362915 0.040189001709222794 0.11115300120711327
v 0.5920130014419556 0.042663998901844025 0.11931399838924409
v 0.6004999876022339 0.04349999874830246 0.1278000010728836
v 0.6004999876022339 0.04349999874830246 0.0684999998278916
v 0.5920130014419556 0.042663998901844025 0.11931399838924409
v 0.5920130014419556 0.042663998901844025 0.11931399838924409
v 0.6004999876022339 0.04349999874830246 0.0684999998278916
v 0.5856220126152039 0.040876999497413635 0.0684999998278916
v 0.6004999876022339 -0.04349999874830246 0.1278000010728836
v 0.5920130014419556 -0.042663998901844025 0.13628600003123284
v 0.5475000143051147 -0.04349999874830246 0.1278000010728836
v 0.5475000143051147 -0.04349999874830246 0.1278000010728836
v 0.5920130014419556 -0.042663998901844025 0.13628600003123284
v 0.5475000143051147 -0.040876999497413635 0.14267799841165543
v 0.5475000143051147 -0.040876999497413635 0.14267799841165543
v 0.5920130014419556 -0.042663998901844025 0.13628600003123284
v 0.583853006362915 -0.040189001709222794 0.14444699721336365
v 0.5475000143051147 -0.040876999497413635 0.14267799841165543
v 0.583853006362915 -0.040189001709222794 0.14444699721336365
v 0.5763329863548279 -0.03616899996995926 0.15196700232028962
v 0.5475000143051147 -0.040876999497413635 0.14267799841165543
v 0.5763329863548279 -0.03616899996995926 0.15196700232028962
v 0.5475000143051147 -0.033323001116514206 0.15576100187301636
v 0.5475000143051147 -0.033323001116514206 0.15576100187301636
v 0.5763329863548279 -0.03616899996995926 0.15196700232028962
v 0.5697410106658936 -0.030758999288082123 0.15855900036096574
v 0.5475000143051147 -0.033323001116514206 0.15576100187301636
v 0.5697410106658936 -0.030758999288082123 0.15855900036096574
v 0.5643309950828552 -0.024166999384760857 0.16396900104284287
v 0.5475000143051147 -0.033323001116514206 0.15576100187301636
v 0.5643309950828552 -0.024166999384760857 0.16396900104284287
v 0.5475000143051147 -0.02174999937415123 0.16547199921607972
v 0.5475000143051147 -0.02174999937415123 0.16547199921607972
v 0.5643309950828552 -0.024166999384760857 0.16396900104284287
v 0.5603110194206238 -0.01664699986577034 0.1679889990568161
v 0.5475000143051147 -0.02174999937415123 0.16547199921607972
v 0.5603110194206238 -0.01664699986577034 0.1679889990568161
v 0.5475000143051147 -0.007553999777883291 0.17063899921178818
v 0.5475000143051147 -0.007553999777883291 0.17063899921178818
v 0.5603110194206238 -0.01664699986577034 0.1679889990568161
v 0.5578359961509705 -0.008485999889671803 0.17046399997472764
v 0.5475000143051147 -0.007553999777883291 0.17063899921178818
v 0.5578359961509705 -0.008485999889671803 0.17046399997472764
v 0.5569999814033508 0 0.17129999982118607
v 0.5475000143051147 -0.007553999777883291 0.17063899921178818
v 0.5569999814033508 0 0.17129999982118607
v 0.5475000143051147 0.007553999777883291 0.17063899921178818
v 0.5475000143051147 0.007553999777883291 0.17063899921178818
v 0.5569999814033508 0 0.17129999982118607
v 0.5578359961509705 0.008485999889671803 0.17046399997472764
v 0.5475000143051147 0.007553999777883291 0.17063899921178818
v 0.5578359961509705 0.008485999889671803 0.17046399997472764
v 0.5603110194206238 0.01664699986577034 0.1679889990568161
v 0.5475000143051147 0.007553999777883291 0.17063899921178818
v 0.5603110194206238 0.01664699986577034 0.1679889990568161
v 0.5475000143051147 0.02174999937415123 0.16547199921607972
v 0.5475000143051147 0.02174999937415123 0.16547199921607972
v 0.5603110194206238 0.01664699986577034 0.1679889990568161
v 0.5643309950828552 0.024166999384760857 0.16396900104284287
v 0.5475000143051147 0.02174999937415123 0.16547199921607972
v 0.5643309950828552 0.024166999384760857 0.16396900104284287
v 0.5697410106658936 0.030758999288082123 0.15855900036096574
v 0.5475000143051147 0.02174999937415123 0.16547199921607972
v 0.5697410106658936 0.030758999288082123 0.15855900036096574
v 0.5475000143051147 0.033323001116514206 0.15576100187301636
v 0.5475000143051147 0.033323001116514206 0.15576100187301636
v 0.5697410106658936 0.030758999288082123 0.15855900036096574
v 0.5763329863548279 0.03616899996995926 0.15196700232028962
v 0.5475000143051147 0.033323001116514206 0.15576100187301636
v 0.5763329863548279 0.03616899996995926 0.15196700232028962
v 0.5475000143051147 0.040876999497413635 0.14267799841165543
v 0.5475000143051147 0.040876999497413635 0.14267799841165543
v 0.5763329863548279 0.03616899996995926 0.15196700232028962
v 0.583853006362915 0.040189001709222794 0.14444699721336365
v 0.5475000143051147 0.040876999497413635 0.14267799841165543
v 0.583853006362915 0.040189001709222794 0.14444699721336365
v 0.5920130014419556 0.042663998901844025 0.13628600003123284
v 0.6004999876022339 0.04349999874830246 0.1278000010728836
v 0.5475000143051147 0.04349999874830246 0.1278000010728836
v 0.5920130014419556 0.042663998901844025 0.13628600003123284
v 0.5920130014419556 0.042663998901844025 0.13628600003123284
v 0.5475000143051147 0.04349999874830246 0.1278000010728836
v 0.5475000143051147 0.040876999497413635 0.14267799841165543
v 0.6004999876022339 0.043299999088048935 0.06350000040531159
v 0.6004999876022339 0.043299999088048935 0.0684999998278916
v 0.6153090000152588 0.040688998997211456 0.06350000040531159
v 0.6153090000152588 0.040688998997211456 0.06350000040531159
v 0.6004999876022339 0.043299999088048935 0.0684999998278916
v 0.6153090000152588 0.040688998997211456 0.0684999998278916
v 0.6153090000152588 0.040688998997211456 0.06350000040531159
v 0.6153090000152588 0.040688998997211456 0.0684999998278916
v 0.6283329725265503 0.03316999971866608 0.06350000040531159
v 0.6283329725265503 0.03316999971866608 0.06350000040531159
v 0.6153090000152588 0.040688998997211456 0.0684999998278916
v 0.6283329725265503 0.03316999971866608 0.0684999998278916
v 0.6283329725265503 0.03316999971866608 0.06350000040531159
v 0.6283329725265503 0.03316999971866608 0.0684999998278916
v 0.6379989981651306 0.021649999544024467 0.06350000040531159
v 0.6379989981651306 0.021649999544024467 0.06350000040531159
v 0.6283329725265503 0.03316999971866608 0.0684999998278916
v 0.6379989981651306 0.021649999544024467 0.0684999998278916
v 0.6379989981651306 0.021649999544024467 0.06350000040531159
v 0.6379989981651306 0.021649999544024467 0.0684999998278916
v 0.6431419849395752 0.007519000209867954 0.06350000040531159
v 0.6431419849395752 0.007519000209867954 0.06350000040531159
v 0.6379989981651306 0.021649999544024467 0.0684999998278916
v 0.6431419849395752 0.007519000209867954 0.0684999998278916
v 0.6431419849395752 0.007519000209867954 0.06350000040531159
v 0.6431419849395752 0.007519000209867954 0.0684999998278916
v 0.6431419849395752 -0.007519000209867954 0.06350000040531159
v 0.6431419849395752 -0.007519000209867954 0.06350000040531159
v 0.6431419849395752 0.007519000209867954 0.0684999998278916
v 0.6431419849395752 -0.007519000209867954 0.0684999998278916
v 0.6431419849395752 -0.007519000209867954 0.06350000040531159
v 0.6431419849395752 -0.007519000209867954 0.0684999998278916
v 0.6379989981651306 -0.021649999544024467 0.06350000040531159
v 0.6379989981651306 -0.021649999544024467 0.06350000040531159
v 0.6431419849395752 -0.007519000209867954 0.0684999998278916
v 0.6379989981651306 -0.021649999544024467 0.0684999998278916
v 0.6379989981651306 -0.021649999544024467 0.06350000040531159
v 0.6379989981651306 -0.021649999544024467 0.0684999998278916
v 0.6283329725265503 -0.03316999971866608 0.06350000040531159
v 0.6283329725265503 -0.03316999971866608 0.06350000040531159
v 0.6379989981651306 -0.021649999544024467 0.0684999998278916
v 0.6283329725265503 -0.03316999971866608 0.0684999998278916
v 0.6283329725265503 -0.03316999971866608 0.06350000040531159
v 0.6283329725265503 -0.03316999971866608 0.0684999998278916
v 0.6153090000152588 -0.040688998997211456 0.06350000040531159
v 0.6153090000152588 -0.040688998997211456 0.06350000040531159
v 0.6283329725265503 -0.03316999971866608 0.0684999998278916
v 0.6153090000152588 -0.040688998997211456 0.0684999998278916
v 0.6153090000152588 -0.040688998997211456 0.06350000040531159
v 0.6153090000152588 -0.040688998997211456 0.0684999998278916
v 0.6004999876022339 -0.043299999088048935 0.06350000040531159
v 0.6004999876022339 -0.043299999088048935 0.06350000040531159
v 0.6153090000152588 -0.040688998997211456 0.0684999998278916
v 0.6004999876022339 -0.043299999088048935 0.0684999998278916
v 0.6004999876022339 -0.043299999088048935 0.18680000143051148
v 0.6004999876022339 -0.043299999088048935 0.16591799842119218
v 0.6153090000152588 -0.040688998997211456 0.18680000143051148
v 0.6153090000152588 -0.040688998997211456 0.18680000143051148
v 0.6004999876022339 -0.043299999088048935 0.16591799842119218
v 0.6153090000152588 -0.040688998997211456 0.16194999800920487
v 0.6153090000152588 -0.040688998997211456 0.18680000143051148
v 0.6153090000152588 -0.040688998997211456 0.16194999800920487
v 0.6283329725265503 -0.03316999971866608 0.18680000143051148
v 0.6283329725265503 -0.03316999971866608 0.18680000143051148
v 0.6153090000152588 -0.040688998997211456 0.16194999800920487
v 0.6283329725265503 -0.03316999971866608 0.1584599970459938
v 0.6283329725265503 -0.03316999971866608 0.18680000143051148
v 0.6283329725265503 -0.03316999971866608 0.1584599970459938
v 0.6379989981651306 -0.021649999544024467 0.18680000143051148
v 0.6379989981651306 -0.021649999544024467 0.18680000143051148
v 0.6283329725265503 -0.03316999971866608 0.1584599970459938
v 0.6379989981651306 -0.021649999544024467 0.15586999641656876
v 0.6379989981651306 -0.021649999544024467 0.18680000143051148
v 0.6379989981651306 -0.021649999544024467 0.15586999641656876
v 0.6431419849395752 -0.007519000209867954 0.18680000143051148
v 0.6431419849395752 -0.007519000209867954 0.18680000143051148
v 0.6379989981651306 -0.021649999544024467 0.15586999641656876
v 0.6431419849395752 -0.007519000209867954 0.1544919966340065
v 0.6431419849395752 -0.007519000209867954 0.18680000143051148
v 0.6431419849395752 -0.007519000209867954 0.1544919966340065
v 0.6431419849395752 0.007519000209867954 0.18680000143051148
v 0.6431419849395752 0.007519000209867954 0.18680000143051148
v 0.6431419849395752 -0.007519000209867954 0.1544919966340065
v 0.6431419849395752 0.007519000209867954 0.1544919966340065
v 0.6431419849395752 0.007519000209867954 0.18680000143051148
v 0.6431419849395752 0.007519000209867954 0.1544919966340065
v 0.6379989981651306 0.021649999544024467 0.15586999641656876
v 0.6431419849395752 0.007519000209867954 0.18680000143051148
v 0.6379989981651306 0.021649999544024467 0.15586999641656876
v 0.6379989981651306 0.021649999544024467 0.18680000143051148
v 0.6379989981651306 0.021649999544024467 0.18680000143051148
v 0.6379989981651306 0.021649999544024467 0.15586999641656876
v 0.6283329725265503 0.03316999971866608 0.1584599970459938
v 0.6379989981651306 0.021649999544024467 0.18680000143051148
v 0.6283329725265503 0.03316999971866608 0.1584599970459938
v 0.6283329725265503 0.03316999971866608 0.18680000143051148
v 0.6283329725265503 0.03316999971866608 0.18680000143051148
v 0.6283329725265503 0.03316999971866608 0.1584599970459938
v 0.6153090000152588 0.040688998997211456 0.16194999800920487
v 0.6283329725265503 0.03316999971866608 0.18680000143051148
v 0.6153090000152588 0.040688998997211456 0.16194999800920487
v 0.6153090000152588 0.040688998997211456 0.18680000143051148
v 0.6153090000152588 0.040688998997211456 0.18680000143051148
v 0.6153090000152588 0.040688998997211456 0.16194999800920487
v 0.6004999876022339 0.043299999088048935 0.16591799842119218
v 0.6153090000152588 0.040688998997211456 0.18680000143051148
v 0.6004999876022339 0.043299999088048935 0.16591799842119218
v 0.6004999876022339 0.043299999088048935 0.18680000143051148
v 0.6004999876022339 0.039845000952482224 0.19155499922037125
v 0.6004999876022339 0.03830000013113022 0.1917999966621399
v 0.6138960123062134 0.03680599853396416 0.19172400074005128
v 0.6138960123062134 0.03680599853396416 0.19172400074005128
v 0.6004999876022339 0.03830000013113022 0.1917999966621399
v 0.6135990023612976 0.035989999771118164 0.1917999966621399
v 0.6138960123062134 0.03680599853396416 0.19172400074005128
v 0.6135990023612976 0.035989999771118164 0.1917999966621399
v 0.6256769895553589 0.03000500053167343 0.19172400074005128
v 0.6256769895553589 0.03000500053167343 0.19172400074005128
v 0.6135990023612976 0.035989999771118164 0.1917999966621399
v 0.6251189708709717 0.029339000582695007 0.1917999966621399
v 0.6256769895553589 0.03000500053167343 0.19172400074005128
v 0.6251189708709717 0.029339000582695007 0.1917999966621399
v 0.6344209909439087 0.01958400011062622 0.19172400074005128
v 0.6344209909439087 0.01958400011062622 0.19172400074005128
v 0.6251189708709717 0.029339000582695007 0.1917999966621399
v 0.6336690187454224 0.01915000006556511 0.1917999966621399
v 0.6344209909439087 0.01958400011062622 0.19172400074005128
v 0.6336690187454224 0.01915000006556511 0.1917999966621399
v 0.6390730142593384 0.006800999864935875 0.19172400074005128
v 0.6390730142593384 0.006800999864935875 0.19172400074005128
v 0.6336690187454224 0.01915000006556511 0.1917999966621399
v 0.6382179856300354 0.006651000119745731 0.1917999966621399
v 0.6390730142593384 0.006800999864935875 0.19172400074005128
v 0.6382179856300354 0.006651000119745731 0.1917999966621399
v 0.6390730142593384 -0.006800999864935875 0.19172400074005128
v 0.6390730142593384 -0.006800999864935875 0.19172400074005128
v 0.6382179856300354 0.006651000119745731 0.1917999966621399
v 0.6382179856300354 -0.006651000119745731 0.1917999966621399
v 0.6390730142593384 -0.006800999864935875 0.19172400074005128
v 0.6382179856300354 -0.006651000119745731 0.1917999966621399
v 0.6344209909439087 -0.01958400011062622 0.19172400074005128
v 0.6344209909439087 -0.01958400011062622 0.19172400074005128
v 0.6382179856300354 -0.006651000119745731 0.1917999966621399
v 0.6336690187454224 -0.01915000006556511 0.1917999966621399
v 0.6344209909439087 -0.01958400011062622 0.19172400074005128
v 0.6336690187454224 -0.01915000006556511 0.1917999966621399
v 0.6256769895553589 -0.03000500053167343 0.19172400074005128
v 0.6256769895553589 -0.03000500053167343 0.19172400074005128
v 0.6336690187454224 -0.01915000006556511 0.1917999966621399
v 0.6251189708709717 -0.029339000582695007 0.1917999966621399
v 0.6256769895553589 -0.03000500053167343 0.19172400074005128
v 0.6251189708709717 -0.029339000582695007 0.1917999966621399
v 0.6138960123062134 -0.03680599853396416 0.19172400074005128
v 0.6138960123062134 -0.03680599853396416 0.19172400074005128
v 0.6251189708709717 -0.029339000582695007 0.1917999966621399
v 0.6135990023612976 -0.035989999771118164 0.1917999966621399
v 0.6138960123062134 -0.03680599853396416 0.19172400074005128
v 0.6135990023612976 -0.035989999771118164 0.1917999966621399
v 0.6004999876022339 -0.03830000013113022 0.1917999966621399
v 0.6004999876022339 -0.03830000013113022 0.1917999966621399
v 0.6004999876022339 -0.039845000952482224 0.19155499922037125
v 0.6138960123062134 -0.03680599853396416 0.19172400074005128
v 0.6138960123062134 -0.03680599853396416 0.19172400074005128
v 0.6004999876022339 -0.039845000952482224 0.19155499922037125
v 0.6144539713859558 -0.038339000195264816 0.19113000320196152
v 0.6138960123062134 -0.03680599853396416 0.19172400074005128
v 0.6144539713859558 -0.038339000195264816 0.19113000320196152
v 0.6256769895553589 -0.03000500053167343 0.19172400074005128
v 0.6256769895553589 -0.03000500053167343 0.19172400074005128
v 0.6144539713859558 -0.038339000195264816 0.19113000320196152
v 0.626725971698761 -0.031254999339580536 0.19113000320196152
v 0.6256769895553589 -0.03000500053167343 0.19172400074005128
v 0.626725971698761 -0.031254999339580536 0.19113000320196152
v 0.6344209909439087 -0.01958400011062622 0.19172400074005128
v 0.6344209909439087 -0.01958400011062622 0.19172400074005128
v 0.626725971698761 -0.031254999339580536 0.19113000320196152
v 0.6358339786529541 -0.020400000736117363 0.19113000320196152
v 0.6344209909439087 -0.01958400011062622 0.19172400074005128
v 0.6358339786529541 -0.020400000736117363 0.19113000320196152
v 0.6390730142593384 -0.006800999864935875 0.19172400074005128
v 0.6390730142593384 -0.006800999864935875 0.19172400074005128
v 0.6358339786529541 -0.020400000736117363 0.19113000320196152
v 0.6406800150871277 -0.007085000164806843 0.19113000320196152
v 0.6390730142593384 -0.006800999864935875 0.19172400074005128
v 0.6406800150871277 -0.007085000164806843 0.19113000320196152
v 0.6390730142593384 0.006800999864935875 0.19172400074005128
v 0.6390730142593384 0.006800999864935875 0.19172400074005128
v 0.6406800150871277 -0.007085000164806843 0.19113000320196152
v 0.6406800150871277 0.007085000164806843 0.19113000320196152
v 0.6390730142593384 0.006800999864935875 0.19172400074005128
v 0.6406800150871277 0.007085000164806843 0.19113000320196152
v 0.6344209909439087 0.01958400011062622 0.19172400074005128
v 0.6344209909439087 0.01958400011062622 0.19172400074005128
v 0.6406800150871277 0.007085000164806843 0.19113000320196152
v 0.6358339786529541 0.020400000736117363 0.19113000320196152
v 0.6344209909439087 0.01958400011062622 0.19172400074005128
v 0.6358339786529541 0.020400000736117363 0.19113000320196152
v 0.6256769895553589 0.03000500053167343 0.19172400074005128
v 0.6256769895553589 0.03000500053167343 0.19172400074005128
v 0.6358339786529541 0.020400000736117363 0.19113000320196152
v 0.626725971698761 0.031254999339580536 0.19113000320196152
v 0.6256769895553589 0.03000500053167343 0.19172400074005128
v 0.626725971698761 0.031254999339580536 0.19113000320196152
v 0.6138960123062134 0.03680599853396416 0.19172400074005128
v 0.6138960123062134 0.03680599853396416 0.19172400074005128
v 0.626725971698761 0.031254999339580536 0.19113000320196152
v 0.6144539713859558 0.038339000195264816 0.19113000320196152
v 0.6138960123062134 0.03680599853396416 0.19172400074005128
v 0.6144539713859558 0.038339000195264816 0.19113000320196152
v 0.6004999876022339 0.039845000952482224 0.19155499922037125
v 0.6004999876022339 0.039845000952482224 0.19155499922037125
v 0.6144539713859558 0.038339000195264816 0.19113000320196152
v 0.6004999876022339 0.04123900085687637 0.190845003592968
v 0.6004999876022339 0.04123900085687637 0.190845003592968
v 0.6144539713859558 0.038339000195264816 0.19113000320196152
v 0.6149089932441711 0.03958899900317192 0.1900140030860901
v 0.6004999876022339 0.04123900085687637 0.190845003592968
v 0.6149089932441711 0.03958899900317192 0.1900140030860901
v 0.6004999876022339 0.04234499856829643 0.18973900215625764
v 0.6004999876022339 0.04234499856829643 0.18973900215625764
v 0.6149089932441711 0.03958899900317192 0.1900140030860901
v 0.6152060031890869 0.04040500149130821 0.18850999908447266
v 0.6004999876022339 0.04234499856829643 0.18973900215625764
v 0.6152060031890869 0.04040500149130821 0.18850999908447266
v 0.6004999876022339 0.04305500164628029 0.1883449985265732
v 0.6004999876022339 0.04305500164628029 0.1883449985265732
v 0.6152060031890869 0.04040500149130821 0.18850999908447266
v 0.6153090000152588 0.040688998997211456 0.18680000143051148
v 0.6004999876022339 0.04305500164628029 0.1883449985265732
v 0.6153090000152588 0.040688998997211456 0.18680000143051148
v 0.6004999876022339 0.043299999088048935 0.18680000143051148
v 0.6004999876022339 -0.039845000952482224 0.19155499922037125
v 0.6004999876022339 -0.04123900085687637 0.190845003592968
v 0.6144539713859558 -0.038339000195264816 0.19113000320196152
v 0.6144539713859558 -0.038339000195264816 0.19113000320196152
v 0.6004999876022339 -0.04123900085687637 0.190845003592968
v 0.6149089932441711 -0.03958899900317192 0.1900140030860901
v 0.6144539713859558 -0.038339000195264816 0.19113000320196152
v 0.6149089932441711 -0.03958899900317192 0.1900140030860901
v 0.626725971698761 -0.031254999339580536 0.19113000320196152
v 0.626725971698761 -0.031254999339580536 0.19113000320196152
v 0.6149089932441711 -0.03958899900317192 0.1900140030860901
v 0.627581000328064 -0.032274000346660614 0.1900140030860901
v 0.626725971698761 -0.031254999339580536 0.19113000320196152
v 0.627581000328064 -0.032274000346660614 0.1900140030860901
v 0.6358339786529541 -0.020400000736117363 0.19113000320196152
v 0.6358339786529541 -0.020400000736117363 0.19113000320196152
v 0.627581000328064 -0.032274000346660614 0.1900140030860901
v 0.6369860172271729 -0.02106500044465065 0.1900140030860901
v 0.6358339786529541 -0.020400000736117363 0.19113000320196152
v 0.6369860172271729 -0.02106500044465065 0.1900140030860901
v 0.6406800150871277 -0.007085000164806843 0.19113000320196152
v 0.6406800150871277 -0.007085000164806843 0.19113000320196152
v 0.6369860172271729 -0.02106500044465065 0.1900140030860901
v 0.6419900059700012 -0.007315999828279018 0.1900140030860901
v 0.6406800150871277 -0.007085000164806843 0.19113000320196152
v 0.6419900059700012 -0.007315999828279018 0.1900140030860901
v 0.6406800150871277 0.007085000164806843 0.19113000320196152
v 0.6406800150871277 0.007085000164806843 0.19113000320196152
v 0.6419900059700012 -0.007315999828279018 0.1900140030860901
v 0.6419900059700012 0.007315999828279018 0.1900140030860901
v 0.6406800150871277 0.007085000164806843 0.19113000320196152
v 0.6419900059700012 0.007315999828279018 0.1900140030860901
v 0.6358339786529541 0.020400000736117363 0.19113000320196152
v 0.6358339786529541 0.020400000736117363 0.19113000320196152
v 0.6419900059700012 0.007315999828279018 0.1900140030860901
v 0.6369860172271729 0.02106500044465065 0.1900140030860901
v 0.6358339786529541 0.020400000736117363 0.19113000320196152
v 0.6369860172271729 0.02106500044465065 0.1900140030860901
v 0.626725971698761 0.031254999339580536 0.19113000320196152
v 0.626725971698761 0.031254999339580536 0.19113000320196152
v 0.6369860172271729 0.02106500044465065 0.1900140030860901
v 0.627581000328064 0.032274000346660614 0.1900140030860901
v 0.626725971698761 0.031254999339580536 0.19113000320196152
v 0.627581000328064 0.032274000346660614 0.1900140030860901
v 0.6144539713859558 0.038339000195264816 0.19113000320196152
v 0.6144539713859558 0.038339000195264816 0.19113000320196152
v 0.627581000328064 0.032274000346660614 0.1900140030860901
v 0.6149089932441711 0.03958899900317192 0.1900140030860901
v 0.6004999876022339 -0.04123900085687637 0.190845003592968
v 0.6004999876022339 -0.04234499856829643 0.18973900215625764
v 0.6149089932441711 -0.03958899900317192 0.1900140030860901
v 0.6149089932441711 -0.03958899900317192 0.1900140030860901
v 0.6004999876022339 -0.04234499856829643 0.18973900215625764
v 0.6152060031890869 -0.04040500149130821 0.18850999908447266
v 0.6149089932441711 -0.03958899900317192 0.1900140030860901
v 0.6152060031890869 -0.04040500149130821 0.18850999908447266
v 0.627581000328064 -0.032274000346660614 0.1900140030860901
v 0.627581000328064 -0.032274000346660614 0.1900140030860901
v 0.6152060031890869 -0.04040500149130821 0.18850999908447266
v 0.6281390190124512 -0.03293899819254875 0.18850999908447266
v 0.627581000328064 -0.032274000346660614 0.1900140030860901
v 0.6281390190124512 -0.03293899819254875 0.18850999908447266
v 0.6369860172271729 -0.02106500044465065 0.1900140030860901
v 0.6369860172271729 -0.02106500044465065 0.1900140030860901
v 0.6281390190124512 -0.03293899819254875 0.18850999908447266
v 0.6377379894256592 -0.02149900048971176 0.18850999908447266
v 0.6369860172271729 -0.02106500044465065 0.1900140030860901
v 0.6377379894256592 -0.02149900048971176 0.18850999908447266
v 0.6419900059700012 -0.007315999828279018 0.1900140030860901
v 0.6419900059700012 -0.007315999828279018 0.1900140030860901
v 0.6377379894256592 -0.02149900048971176 0.18850999908447266
v 0.6428449749946594 -0.007466999813914299 0.18850999908447266
v 0.6419900059700012 -0.007315999828279018 0.1900140030860901
v 0.6428449749946594 -0.007466999813914299 0.18850999908447266
v 0.6419900059700012 0.007315999828279018 0.1900140030860901
v 0.6419900059700012 0.007315999828279018 0.1900140030860901
v 0.6428449749946594 -0.007466999813914299 0.18850999908447266
v 0.6428449749946594 0.007466999813914299 0.18850999908447266
v 0.6419900059700012 0.007315999828279018 0.1900140030860901
v 0.6428449749946594 0.007466999813914299 0.18850999908447266
v 0.6369860172271729 0.02106500044465065 0.1900140030860901
v 0.6369860172271729 0.02106500044465065 0.1900140030860901
v 0.6428449749946594 0.007466999813914299 0.18850999908447266
v 0.6377379894256592 0.02149900048971176 0.18850999908447266
v 0.6369860172271729 0.02106500044465065 0.1900140030860901
v 0.6377379894256592 0.02149900048971176 0.18850999908447266
v 0.627581000328064 0.032274000346660614 0.1900140030860901
v 0.627581000328064 0.032274000346660614 0.1900140030860901
v 0.6377379894256592 0.02149900048971176 0.18850999908447266
v 0.6281390190124512 0.03293899819254875 0.18850999908447266
v 0.627581000328064 0.032274000346660614 0.1900140030860901
v 0.6281390190124512 0.03293899819254875 0.18850999908447266
v 0.6149089932441711 0.03958899900317192 0.1900140030860901
v 0.6149089932441711 0.03958899900317192 0.1900140030860901
v 0.6281390190124512 0.03293899819254875 0.18850999908447266
v 0.6152060031890869 0.04040500149130821 0.18850999908447266
v 0.6004999876022339 -0.04234499856829643 0.18973900215625764
v 0.6004999876022339 -0.04305500164628029 0.1883449985265732
v 0.6152060031890869 -0.04040500149130821 0.18850999908447266
v 0.6152060031890869 -0.04040500149130821 0.18850999908447266
v 0.6004999876022339 -0.04305500164628029 0.1883449985265732
v 0.6153090000152588 -0.040688998997211456 0.18680000143051148
v 0.6152060031890869 -0.04040500149130821 0.18850999908447266
v 0.6153090000152588 -0.040688998997211456 0.18680000143051148
v 0.6281390190124512 -0.03293899819254875 0.18850999908447266
v 0.6281390190124512 -0.03293899819254875 0.18850999908447266
v 0.6153090000152588 -0.040688998997211456 0.18680000143051148
v 0.6283329725265503 -0.03316999971866608 0.18680000143051148
v 0.6281390190124512 -0.03293899819254875 0.18850999908447266
v 0.6283329725265503 -0.03316999971866608 0.18680000143051148
v 0.6377379894256592 -0.02149900048971176 0.18850999908447266
v 0.6377379894256592 -0.02149900048971176 0.18850999908447266
v 0.6283329725265503 -0.03316999971866608 0.18680000143051148
v 0.6379989981651306 -0.021649999544024467 0.18680000143051148
v 0.6377379894256592 -0.02149900048971176 0.18850999908447266
v 0.6379989981651306 -0.021649999544024467 0.18680000143051148
v 0.6428449749946594 -0.007466999813914299 0.18850999908447266
v 0.6428449749946594 -0.007466999813914299 0.18850999908447266
v 0.6379989981651306 -0.021649999544024467 0.18680000143051148
v 0.6431419849395752 -0.007519000209867954 0.18680000143051148
v 0.6428449749946594 -0.007466999813914299 0.18850999908447266
v 0.6431419849395752 -0.007519000209867954 0.18680000143051148
v 0.6428449749946594 0.007466999813914299 0.18850999908447266
v 0.6428449749946594 0.007466999813914299 0.18850999908447266
v 0.6431419849395752 -0.007519000209867954 0.18680000143051148
v 0.6431419849395752 0.007519000209867954 0.18680000143051148
v 0.6428449749946594 0.007466999813914299 0.18850999908447266
v 0.6431419849395752 0.007519000209867954 0.18680000143051148
v 0.6377379894256592 0.02149900048971176 0.18850999908447266
v 0.6377379894256592 0.02149900048971176 0.18850999908447266
v 0.6431419849395752 0.007519000209867954 0.18680000143051148
v 0.6379989981651306 0.021649999544024467 0.18680000143051148
v 0.6377379894256592 0.02149900048971176 0.18850999908447266
v 0.6379989981651306 0.021649999544024467 0.18680000143051148
v 0.6281390190124512 0.03293899819254875 0.18850999908447266
v 0.6281390190124512 0.03293899819254875 0.18850999908447266
v 0.6379989981651306 0.021649999544024467 0.18680000143051148
v 0.6283329725265503 0.03316999971866608 0.18680000143051148
v 0.6281390190124512 0.03293899819254875 0.18850999908447266
v 0.6283329725265503 0.03316999971866608 0.18680000143051148
v 0.6152060031890869 0.04040500149130821 0.18850999908447266
v 0.6152060031890869 0.04040500149130821 0.18850999908447266
v 0.6283329725265503 0.03316999971866608 0.18680000143051148
v 0.6153090000152588 0.040688998997211456 0.18680000143051148
v 0.6004999876022339 -0.04305500164628029 0.1883449985265732
v 0.6004999876022339 -0.043299999088048935 0.18680000143051148
v 0.6153090000152588 -0.040688998997211456 0.18680000143051148
v 0.6004999876022339 0.04149999842047691 0.05729999976158143
v 0.6004999876022339 0.04149999842047691 0.06350000040531159
v 0.6146939992904663 0.038996998220682144 0.05729999976158143
v 0.6146939992904663 0.038996998220682144 0.05729999976158143
v 0.6004999876022339 0.04149999842047691 0.06350000040531159
v 0.6146939992904663 0.038996998220682144 0.06350000040531159
v 0.6146939992904663 0.038996998220682144 0.05729999976158143
v 0.6146939992904663 0.038996998220682144 0.06350000040531159
v 0.6271759867668152 0.03179100155830383 0.05729999976158143
v 0.6271759867668152 0.03179100155830383 0.05729999976158143
v 0.6146939992904663 0.038996998220682144 0.06350000040531159
v 0.6271759867668152 0.03179100155830383 0.06350000040531159
v 0.6271759867668152 0.03179100155830383 0.05729999976158143
v 0.6271759867668152 0.03179100155830383 0.06350000040531159
v 0.6364399790763855 0.020749999210238457 0.05729999976158143
v 0.6364399790763855 0.020749999210238457 0.05729999976158143
v 0.6271759867668152 0.03179100155830383 0.06350000040531159
v 0.6364399790763855 0.020749999210238457 0.06350000040531159
v 0.6364399790763855 0.020749999210238457 0.05729999976158143
v 0.6364399790763855 0.020749999210238457 0.06350000040531159
v 0.6413689851760864 0.007205999922007322 0.05729999976158143
v 0.6413689851760864 0.007205999922007322 0.05729999976158143
v 0.6364399790763855 0.020749999210238457 0.06350000040531159
v 0.6413689851760864 0.007205999922007322 0.06350000040531159
v 0.6413689851760864 0.007205999922007322 0.05729999976158143
v 0.6413689851760864 0.007205999922007322 0.06350000040531159
v 0.6413689851760864 -0.007205999922007322 0.05729999976158143
v 0.6413689851760864 -0.007205999922007322 0.05729999976158143
v 0.6413689851760864 0.007205999922007322 0.06350000040531159
v 0.6413689851760864 -0.007205999922007322 0.06350000040531159
v 0.6413689851760864 -0.007205999922007322 0.05729999976158143
v 0.6413689851760864 -0.007205999922007322 0.06350000040531159
v 0.6364399790763855 -0.020749999210238457 0.05729999976158143
v 0.6364399790763855 -0.020749999210238457 0.05729999976158143
v 0.6413689851760864 -0.007205999922007322 0.06350000040531159
v 0.6364399790763855 -0.020749999210238457 0.06350000040531159
v 0.6364399790763855 -0.020749999210238457 0.05729999976158143
v 0.6364399790763855 -0.020749999210238457 0.06350000040531159
v 0.6271759867668152 -0.03179100155830383 0.05729999976158143
v 0.6271759867668152 -0.03179100155830383 0.05729999976158143
v 0.6364399790763855 -0.020749999210238457 0.06350000040531159
v 0.6271759867668152 -0.03179100155830383 0.06350000040531159
v 0.6271759867668152 -0.03179100155830383 0.05729999976158143
v 0.6271759867668152 -0.03179100155830383 0.06350000040531159
v 0.6146939992904663 -0.038996998220682144 0.05729999976158143
v 0.6146939992904663 -0.038996998220682144 0.05729999976158143
v 0.6271759867668152 -0.03179100155830383 0.06350000040531159
v 0.6146939992904663 -0.038996998220682144 0.06350000040531159
v 0.6146939992904663 -0.038996998220682144 0.05729999976158143
v 0.6146939992904663 -0.038996998220682144 0.06350000040531159
v 0.6004999876022339 -0.04149999842047691 0.05729999976158143
v 0.6004999876022339 -0.04149999842047691 0.05729999976158143
v 0.6146939992904663 -0.038996998220682144 0.06350000040531159
v 0.6004999876022339 -0.04149999842047691 0.06350000040531159
v 0.07450000196695328 0.043299999088048935 0.1278000010728836
v 0.0794999971985817 0.043299999088048935 0.1278000010728836
v 0.07450000196695328 0.04246800020337105 0.11935299845337868
v 0.07450000196695328 0.04246800020337105 0.11935299845337868
v 0.0794999971985817 0.043299999088048935 0.1278000010728836
v 0.0794999971985817 0.040688998997211456 0.1129909998357296
v 0.07450000196695328 0.04246800020337105 0.11935299845337868
v 0.0794999971985817 0.040688998997211456 0.1129909998357296
v 0.07450000196695328 0.040004000067710876 0.11122999923229218
v 0.07450000196695328 0.040004000067710876 0.11122999923229218
v 0.0794999971985817 0.040688998997211456 0.1129909998357296
v 0.07450000196695328 0.036003001034259796 0.10374400043785573
v 0.07450000196695328 0.036003001034259796 0.10374400043785573
v 0.0794999971985817 0.040688998997211456 0.1129909998357296
v 0.0794999971985817 0.03316999971866608 0.09996699938476086
v 0.07450000196695328 0.036003001034259796 0.10374400043785573
v 0.0794999971985817 0.03316999971866608 0.09996699938476086
v 0.07450000196695328 0.030618000775575638 0.09718200029730797
v 0.07450000196695328 0.030618000775575638 0.09718200029730797
v 0.0794999971985817 0.03316999971866608 0.09996699938476086
v 0.0794999971985817 0.021649999544024467 0.09030099982321263
v 0.07450000196695328 0.030618000775575638 0.09718200029730797
v 0.0794999971985817 0.021649999544024467 0.09030099982321263
v 0.07450000196695328 0.024056000635027885 0.09179700003862382
v 0.07450000196695328 0.024056000635027885 0.09179700003862382
v 0.0794999971985817 0.021649999544024467 0.09030099982321263
v 0.07450000196695328 0.01656999997794628 0.08779600007385016
v 0.07450000196695328 0.01656999997794628 0.08779600007385016
v 0.0794999971985817 0.021649999544024467 0.09030099982321263
v 0.0794999971985817 0.007519000209867954 0.085158000010252
v 0.07450000196695328 0.01656999997794628 0.08779600007385016
v 0.0794999971985817 0.007519000209867954 0.085158000010252
v 0.07450000196695328 0.008446999825537205 0.08533199993818999
v 0.07450000196695328 0.008446999825537205 0.08533199993818999
v 0.0794999971985817 0.007519000209867954 0.085158000010252
v 0.07450000196695328 0 0.08450000012218953
v 0.07450000196695328 0 0.08450000012218953
v 0.0794999971985817 0.007519000209867954 0.085158000010252
v 0.0794999971985817 -0.007519000209867954 0.085158000010252
v 0.07450000196695328 0 0.08450000012218953
v 0.0794999971985817 -0.007519000209867954 0.085158000010252
v 0.07450000196695328 -0.008446999825537205 0.08533199993818999
v 0.07450000196695328 -0.008446999825537205 0.08533199993818999
v 0.0794999971985817 -0.007519000209867954 0.085158000010252
v 0.07450000196695328 -0.01656999997794628 0.08779600007385016
v 0.07450000196695328 -0.01656999997794628 0.08779600007385016
v 0.0794999971985817 -0.007519000209867954 0.085158000010252
v 0.0794999971985817 -0.021649999544024467 0.09030099982321263
v 0.07450000196695328 -0.01656999997794628 0.08779600007385016
v 0.0794999971985817 -0.021649999544024467 0.09030099982321263
v 0.07450000196695328 -0.024056000635027885 0.09179700003862382
v 0.07450000196695328 -0.024056000635027885 0.09179700003862382
v 0.0794999971985817 -0.021649999544024467 0.09030099982321263
v 0.07450000196695328 -0.030618000775575638 0.09718200029730797
v 0.07450000196695328 -0.030618000775575638 0.09718200029730797
v 0.0794999971985817 -0.021649999544024467 0.09030099982321263
v 0.0794999971985817 -0.03316999971866608 0.09996699938476086
v 0.07450000196695328 -0.030618000775575638 0.09718200029730797
v 0.0794999971985817 -0.03316999971866608 0.09996699938476086
v 0.07450000196695328 -0.036003001034259796 0.10374400043785573
v 0.07450000196695328 -0.036003001034259796 0.10374400043785573
v 0.0794999971985817 -0.03316999971866608 0.09996699938476086
v 0.0794999971985817 -0.040688998997211456 0.1129909998357296
v 0.07450000196695328 -0.036003001034259796 0.10374400043785573
v 0.0794999971985817 -0.040688998997211456 0.1129909998357296
v 0.07450000196695328 -0.040004000067710876 0.11122999923229218
v 0.07450000196695328 -0.040004000067710876 0.11122999923229218
v 0.0794999971985817 -0.040688998997211456 0.1129909998357296
v 0.07450000196695328 -0.04246800020337105 0.11935299845337868
v 0.07450000196695328 -0.04246800020337105 0.11935299845337868
v 0.0794999971985817 -0.040688998997211456 0.1129909998357296
v 0.0794999971985817 -0.043299999088048935 0.1278000010728836
v 0.07450000196695328 -0.04246800020337105 0.11935299845337868
v 0.0794999971985817 -0.043299999088048935 0.1278000010728836
v 0.07450000196695328 -0.043299999088048935 0.1278000010728836
v 0.07450000196695328 -0.043299999088048935 0.1278000010728836
v 0.0794999971985817 -0.043299999088048935 0.1278000010728836
v 0.07450000196695328 -0.04246800020337105 0.13624699996709824
v 0.07450000196695328 -0.04246800020337105 0.13624699996709824
v 0.0794999971985817 -0.043299999088048935 0.1278000010728836
v 0.0794999971985817 -0.040688998997211456 0.14260899858474732
v 0.07450000196695328 -0.04246800020337105 0.13624699996709824
v 0.0794999971985817 -0.040688998997211456 0.14260899858474732
v 0.07450000196695328 -0.040004000067710876 0.14437000291347504
v 0.07450000196695328 -0.040004000067710876 0.14437000291347504
v 0.0794999971985817 -0.040688998997211456 0.14260899858474732
v 0.07450000196695328 -0.036003001034259796 0.15185600357055665
v 0.07450000196695328 -0.036003001034259796 0.15185600357055665
v 0.0794999971985817 -0.040688998997211456 0.14260899858474732
v 0.0794999971985817 -0.03316999971866608 0.1556330008983612
v 0.07450000196695328 -0.036003001034259796 0.15185600357055665
v 0.0794999971985817 -0.03316999971866608 0.1556330008983612
v 0.07450000196695328 -0.030618000775575638 0.15841799812316895
v 0.07450000196695328 -0.030618000775575638 0.15841799812316895
v 0.0794999971985817 -0.03316999971866608 0.1556330008983612
v 0.0794999971985817 -0.021649999544024467 0.16529899673461915
v 0.07450000196695328 -0.030618000775575638 0.15841799812316895
v 0.0794999971985817 -0.021649999544024467 0.16529899673461915
v 0.07450000196695328 -0.024056000635027885 0.1638030021071434
v 0.07450000196695328 -0.024056000635027885 0.1638030021071434
v 0.0794999971985817 -0.021649999544024467 0.16529899673461915
v 0.07450000196695328 -0.01656999997794628 0.1678040011405945
v 0.07450000196695328 -0.01656999997794628 0.1678040011405945
v 0.0794999971985817 -0.021649999544024467 0.16529899673461915
v 0.0794999971985817 -0.007519000209867954 0.17044199841022492
v 0.07450000196695328 -0.01656999997794628 0.1678040011405945
v 0.0794999971985817 -0.007519000209867954 0.17044199841022492
v 0.07450000196695328 -0.008446999825537205 0.17026799755096436
v 0.07450000196695328 -0.008446999825537205 0.17026799755096436
v 0.0794999971985817 -0.007519000209867954 0.17044199841022492
v 0.07450000196695328 0 0.17109999643564225
v 0.07450000196695328 0 0.17109999643564225
v 0.0794999971985817 -0.007519000209867954 0.17044199841022492
v 0.0794999971985817 0.007519000209867954 0.17044199841022492
v 0.07450000196695328 0 0.17109999643564225
v 0.0794999971985817 0.007519000209867954 0.17044199841022492
v 0.07450000196695328 0.008446999825537205 0.17026799755096436
v 0.07450000196695328 0.008446999825537205 0.17026799755096436
v 0.0794999971985817 0.007519000209867954 0.17044199841022492
v 0.07450000196695328 0.01656999997794628 0.1678040011405945
v 0.07450000196695328 0.01656999997794628 0.1678040011405945
v 0.0794999971985817 0.007519000209867954 0.17044199841022492
v 0.0794999971985817 0.021649999544024467 0.16529899673461915
v 0.07450000196695328 0.01656999997794628 0.1678040011405945
v 0.0794999971985817 0.021649999544024467 0.16529899673461915
v 0.07450000196695328 0.024056000635027885 0.1638030021071434
v 0.07450000196695328 0.024056000635027885 0.1638030021071434
v 0.0794999971985817 0.021649999544024467 0.16529899673461915
v 0.07450000196695328 0.030618000775575638 0.15841799812316895
v 0.07450000196695328 0.030618000775575638 0.15841799812316895
v 0.0794999971985817 0.021649999544024467 0.16529899673461915
v 0.0794999971985817 0.03316999971866608 0.1556330008983612
v 0.07450000196695328 0.030618000775575638 0.15841799812316895
v 0.0794999971985817 0.03316999971866608 0.1556330008983612
v 0.07450000196695328 0.036003001034259796 0.15185600357055665
v 0.07450000196695328 0.036003001034259796 0.15185600357055665
v 0.0794999971985817 0.03316999971866608 0.1556330008983612
v 0.0794999971985817 0.040688998997211456 0.14260899858474732
v 0.07450000196695328 0.036003001034259796 0.15185600357055665
v 0.0794999971985817 0.040688998997211456 0.14260899858474732
v 0.07450000196695328 0.040004000067710876 0.14437000291347504
v 0.07450000196695328 0.040004000067710876 0.14437000291347504
v 0.0794999971985817 0.040688998997211456 0.14260899858474732
v 0.07450000196695328 0.04246800020337105 0.13624699996709824
v 0.07450000196695328 0.04246800020337105 0.13624699996709824
v 0.0794999971985817 0.040688998997211456 0.14260899858474732
v 0.0794999971985817 0.043299999088048935 0.1278000010728836
v 0.07450000196695328 0.04246800020337105 0.13624699996709824
v 0.0794999971985817 0.043299999088048935 0.1278000010728836
v 0.07450000196695328 0.043299999088048935 0.1278000010728836
v 0.6146939992904663 0.038996998220682144 0.05729999976158143
v 0.6146939992904663 -0.038996998220682144 0.05729999976158143
v 0.6004999876022339 0.04149999842047691 0.05729999976158143
v 0.6004999876022339 0.04149999842047691 0.05729999976158143
v 0.6146939992904663 -0.038996998220682144 0.05729999976158143
v 0.6004999876022339 -0.04149999842047691 0.05729999976158143
v 0.6004999876022339 0.04149999842047691 0.05729999976158143
v 0.6004999876022339 -0.04149999842047691 0.05729999976158143
v 0.5863059759140015 0.038996998220682144 0.05729999976158143
v 0.5863059759140015 0.038996998220682144 0.05729999976158143
v 0.6004999876022339 -0.04149999842047691 0.05729999976158143
v 0.5863059759140015 -0.038996998220682144 0.05729999976158143
v 0.5863059759140015 0.038996998220682144 0.05729999976158143
v 0.5863059759140015 -0.038996998220682144 0.05729999976158143
v 0.5738239884376526 0.03179100155830383 0.05729999976158143
v 0.5738239884376526 0.03179100155830383 0.05729999976158143
v 0.5863059759140015 -0.038996998220682144 0.05729999976158143
v 0.5738239884376526 -0.03179100155830383 0.05729999976158143
v 0.5738239884376526 0.03179100155830383 0.05729999976158143
v 0.5738239884376526 -0.03179100155830383 0.05729999976158143
v 0.5645599961280823 0.020749999210238457 0.05729999976158143
v 0.5645599961280823 0.020749999210238457 0.05729999976158143
v 0.5738239884376526 -0.03179100155830383 0.05729999976158143
v 0.5645599961280823 -0.020749999210238457 0.05729999976158143
v 0.5645599961280823 0.020749999210238457 0.05729999976158143
v 0.5645599961280823 -0.020749999210238457 0.05729999976158143
v 0.5596299767494202 0.007205999922007322 0.05729999976158143
v 0.5596299767494202 0.007205999922007322 0.05729999976158143
v 0.5645599961280823 -0.020749999210238457 0.05729999976158143
v 0.5596299767494202 -0.007205999922007322 0.05729999976158143
v 0.6146939992904663 -0.038996998220682144 0.05729999976158143
v 0.6146939992904663 0.038996998220682144 0.05729999976158143
v 0.6271759867668152 -0.03179100155830383 0.05729999976158143
v 0.6271759867668152 -0.03179100155830383 0.05729999976158143
v 0.6146939992904663 0.038996998220682144 0.05729999976158143
v 0.6271759867668152 0.03179100155830383 0.05729999976158143
v 0.6271759867668152 -0.03179100155830383 0.05729999976158143
v 0.6271759867668152 0.03179100155830383 0.05729999976158143
v 0.6364399790763855 -0.020749999210238457 0.05729999976158143
v 0.6364399790763855 -0.020749999210238457 0.05729999976158143
v 0.6271759867668152 0.03179100155830383 0.05729999976158143
v 0.6364399790763855 0.020749999210238457 0.05729999976158143
v 0.6364399790763855 -0.020749999210238457 0.05729999976158143
v 0.6364399790763855 0.020749999210238457 0.05729999976158143
v 0.6413689851760864 -0.007205999922007322 0.05729999976158143
v 0.6413689851760864 -0.007205999922007322 0.05729999976158143
v 0.6364399790763855 0.020749999210238457 0.05729999976158143
v 0.6413689851760864 0.007205999922007322 0.05729999976158143
v 0.5874009728431702 0.035989999771118164 0.1917999966621399
v 0.5874009728431702 -0.035989999771118164 0.1917999966621399
v 0.6004999876022339 0.03830000013113022 0.1917999966621399
v 0.6004999876022339 0.03830000013113022 0.1917999966621399
v 0.5874009728431702 -0.035989999771118164 0.1917999966621399
v 0.6004999876022339 -0.03830000013113022 0.1917999966621399
v 0.6004999876022339 0.03830000013113022 0.1917999966621399
v 0.6004999876022339 -0.03830000013113022 0.1917999966621399
v 0.6135990023612976 0.035989999771118164 0.1917999966621399
v 0.6135990023612976 0.035989999771118164 0.1917999966621399
v 0.6004999876022339 -0.03830000013113022 0.1917999966621399
v 0.6135990023612976 -0.035989999771118164 0.1917999966621399
v 0.6135990023612976 0.035989999771118164 0.1917999966621399
v 0.6135990023612976 -0.035989999771118164 0.1917999966621399
v 0.6251189708709717 0.029339000582695007 0.1917999966621399
v 0.6251189708709717 0.029339000582695007 0.1917999966621399
v 0.6135990023612976 -0.035989999771118164 0.1917999966621399
v 0.6251189708709717 -0.029339000582695007 0.1917999966621399
v 0.6251189708709717 0.029339000582695007 0.1917999966621399
v 0.6251189708709717 -0.029339000582695007 0.1917999966621399
v 0.6336690187454224 0.01915000006556511 0.1917999966621399
v 0.6336690187454224 0.01915000006556511 0.1917999966621399
v 0.6251189708709717 -0.029339000582695007 0.1917999966621399
v 0.6336690187454224 -0.01915000006556511 0.1917999966621399
v 0.6336690187454224 0.01915000006556511 0.1917999966621399
v 0.6336690187454224 -0.01915000006556511 0.1917999966621399
v 0.6382179856300354 0.006651000119745731 0.1917999966621399
v 0.6382179856300354 0.006651000119745731 0.1917999966621399
v 0.6336690187454224 -0.01915000006556511 0.1917999966621399
v 0.6382179856300354 -0.006651000119745731 0.1917999966621399
v 0.5874009728431702 -0.035989999771118164 0.1917999966621399
v 0.5874009728431702 0.035989999771118164 0.1917999966621399
v 0.5758810043334961 -0.029339000582695007 0.1917999966621399
v 0.5758810043334961 -0.029339000582695007 0.1917999966621399
v 0.5874009728431702 0.035989999771118164 0.1917999966621399
v 0.5758810043334961 0.029339000582695007 0.1917999966621399
v 0.5758810043334961 -0.029339000582695007 0.1917999966621399
v 0.5758810043334961 0.029339000582695007 0.1917999966621399
v 0.5673310160636902 -0.01915000006556511 0.1917999966621399
v 0.5673310160636902 -0.01915000006556511 0.1917999966621399
v 0.5758810043334961 0.029339000582695007 0.1917999966621399
v 0.5673310160636902 0.01915000006556511 0.1917999966621399
v 0.5673310160636902 -0.01915000006556511 0.1917999966621399
v 0.5673310160636902 0.01915000006556511 0.1917999966621399
v 0.5627819895744324 -0.006651000119745731 0.1917999966621399
v 0.5627819895744324 -0.006651000119745731 0.1917999966621399
v 0.5673310160636902 0.01915000006556511 0.1917999966621399
v 0.5627819895744324 0.006651000119745731 0.1917999966621399
v 0.6004999876022339 -0.04149999842047691 0.05729999976158143
v 0.6004999876022339 -0.04149999842047691 0.06350000040531159
v 0.5863059759140015 -0.038996998220682144 0.05729999976158143
v 0.5863059759140015 -0.038996998220682144 0.05729999976158143
v 0.6004999876022339 -0.04149999842047691 0.06350000040531159
v 0.5863059759140015 -0.038996998220682144 0.06350000040531159
v 0.5863059759140015 -0.038996998220682144 0.05729999976158143
v 0.5863059759140015 -0.038996998220682144 0.06350000040531159
v 0.5738239884376526 -0.03179100155830383 0.05729999976158143
v 0.5738239884376526 -0.03179100155830383 0.05729999976158143
v 0.5863059759140015 -0.038996998220682144 0.06350000040531159
v 0.5738239884376526 -0.03179100155830383 0.06350000040531159
v 0.5738239884376526 -0.03179100155830383 0.05729999976158143
v 0.5738239884376526 -0.03179100155830383 0.06350000040531159
v 0.5645599961280823 -0.020749999210238457 0.05729999976158143
v 0.5645599961280823 -0.020749999210238457 0.05729999976158143
v 0.5738239884376526 -0.03179100155830383 0.06350000040531159
v 0.5645599961280823 -0.020749999210238457 0.06350000040531159
v 0.5645599961280823 -0.020749999210238457 0.05729999976158143
v 0.5645599961280823 -0.020749999210238457 0.06350000040531159
v 0.5596299767494202 -0.007205999922007322 0.05729999976158143
v 0.5596299767494202 -0.007205999922007322 0.05729999976158143
v 0.5645599961280823 -0.020749999210238457 0.06350000040531159
v 0.5596299767494202 -0.007205999922007322 0.06350000040531159
v 0.5596299767494202 -0.007205999922007322 0.05729999976158143
v 0.5596299767494202 -0.007205999922007322 0.06350000040531159
v 0.5596299767494202 0.007205999922007322 0.05729999976158143
v 0.5596299767494202 0.007205999922007322 0.05729999976158143
v 0.5596299767494202 -0.007205999922007322 0.06350000040531159
v 0.5596299767494202 0.007205999922007322 0.06350000040531159
v 0.5596299767494202 0.007205999922007322 0.05729999976158143
v 0.5596299767494202 0.007205999922007322 0.06350000040531159
v 0.5645599961280823 0.020749999210238457 0.05729999976158143
v 0.5645599961280823 0.020749999210238457 0.05729999976158143
v 0.5596299767494202 0.007205999922007322 0.06350000040531159
v 0.5645599961280823 0.020749999210238457 0.06350000040531159
v 0.5645599961280823 0.020749999210238457 0.05729999976158143
v 0.5645599961280823 0.020749999210238457 0.06350000040531159
v 0.5738239884376526 0.03179100155830383 0.05729999976158143
v 0.5738239884376526 0.03179100155830383 0.05729999976158143
v 0.5645599961280823 0.020749999210238457 0.06350000040531159
v 0.5738239884376526 0.03179100155830383 0.06350000040531159
v 0.5738239884376526 0.03179100155830383 0.05729999976158143
v 0.5738239884376526 0.03179100155830383 0.06350000040531159
v 0.5863059759140015 0.038996998220682144 0.05729999976158143
v 0.5863059759140015 0.038996998220682144 0.05729999976158143
v 0.5738239884376526 0.03179100155830383 0.06350000040531159
v 0.5863059759140015 0.038996998220682144 0.06350000040531159
v 0.5863059759140015 0.038996998220682144 0.05729999976158143
v 0.5863059759140015 0.038996998220682144 0.06350000040531159
v 0.6004999876022339 0.04149999842047691 0.05729999976158143
v 0.6004999876022339 0.04149999842047691 0.05729999976158143
v 0.5863059759140015 0.038996998220682144 0.06350000040531159
v 0.6004999876022339 0.04149999842047691 0.06350000040531159
v 0.6004999876022339 -0.043299999088048935 0.18680000143051148
v 0.6004999876022339 -0.04305500164628029 0.1883449985265732
v 0.5856900215148926 -0.040688998997211456 0.18680000143051148
v 0.5856900215148926 -0.040688998997211456 0.18680000143051148
v 0.6004999876022339 -0.04305500164628029 0.1883449985265732
v 0.5857939720153809 -0.04040500149130821 0.18850999908447266
v 0.5856900215148926 -0.040688998997211456 0.18680000143051148
v 0.5857939720153809 -0.04040500149130821 0.18850999908447266
v 0.5726670026779175 -0.03316999971866608 0.18680000143051148
v 0.5726670026779175 -0.03316999971866608 0.18680000143051148
v 0.5857939720153809 -0.04040500149130821 0.18850999908447266
v 0.5728610157966614 -0.03293899819254875 0.18850999908447266
v 0.5726670026779175 -0.03316999971866608 0.18680000143051148
v 0.5728610157966614 -0.03293899819254875 0.18850999908447266
v 0.5630009770393372 -0.021649999544024467 0.18680000143051148
v 0.5630009770393372 -0.021649999544024467 0.18680000143051148
v 0.5728610157966614 -0.03293899819254875 0.18850999908447266
v 0.5632619857788086 -0.02149900048971176 0.18850999908447266
v 0.5630009770393372 -0.021649999544024467 0.18680000143051148
v 0.5632619857788086 -0.02149900048971176 0.18850999908447266
v 0.5578579902648926 -0.007519000209867954 0.18680000143051148
v 0.5578579902648926 -0.007519000209867954 0.18680000143051148
v 0.5632619857788086 -0.02149900048971176 0.18850999908447266
v 0.5581550002098083 -0.007466999813914299 0.18850999908447266
v 0.5578579902648926 -0.007519000209867954 0.18680000143051148
v 0.5581550002098083 -0.007466999813914299 0.18850999908447266
v 0.5578579902648926 0.007519000209867954 0.18680000143051148
v 0.5578579902648926 0.007519000209867954 0.18680000143051148
v 0.5581550002098083 -0.007466999813914299 0.18850999908447266
v 0.5581550002098083 0.007466999813914299 0.18850999908447266
v 0.5578579902648926 0.007519000209867954 0.18680000143051148
v 0.5581550002098083 0.007466999813914299 0.18850999908447266
v 0.5630009770393372 0.021649999544024467 0.18680000143051148
v 0.5630009770393372 0.021649999544024467 0.18680000143051148
v 0.5581550002098083 0.007466999813914299 0.18850999908447266
v 0.5632619857788086 0.02149900048971176 0.18850999908447266
v 0.5630009770393372 0.021649999544024467 0.18680000143051148
v 0.5632619857788086 0.02149900048971176 0.18850999908447266
v 0.5726670026779175 0.03316999971866608 0.18680000143051148
v 0.5726670026779175 0.03316999971866608 0.18680000143051148
v 0.5632619857788086 0.02149900048971176 0.18850999908447266
v 0.5728610157966614 0.03293899819254875 0.18850999908447266
v 0.5726670026779175 0.03316999971866608 0.18680000143051148
v 0.5728610157966614 0.03293899819254875 0.18850999908447266
v 0.5856900215148926 0.040688998997211456 0.18680000143051148
v 0.5856900215148926 0.040688998997211456 0.18680000143051148
v 0.5728610157966614 0.03293899819254875 0.18850999908447266
v 0.5857939720153809 0.04040500149130821 0.18850999908447266
v 0.5856900215148926 0.040688998997211456 0.18680000143051148
v 0.5857939720153809 0.04040500149130821 0.18850999908447266
v 0.6004999876022339 0.04305500164628029 0.1883449985265732
v 0.6004999876022339 0.04305500164628029 0.1883449985265732
v 0.5857939720153809 0.04040500149130821 0.18850999908447266
v 0.6004999876022339 0.04234499856829643 0.18973900215625764
v 0.6004999876022339 0.04234499856829643 0.18973900215625764
v 0.5857939720153809 0.04040500149130821 0.18850999908447266
v 0.5860909819602966 0.03958899900317192 0.1900140030860901
v 0.6004999876022339 0.04234499856829643 0.18973900215625764
v 0.5860909819602966 0.03958899900317192 0.1900140030860901
v 0.6004999876022339 0.04123900085687637 0.190845003592968
v 0.6004999876022339 0.04123900085687637 0.190845003592968
v 0.5860909819602966 0.03958899900317192 0.1900140030860901
v 0.5865449905395508 0.038339000195264816 0.19113000320196152
v 0.6004999876022339 0.04123900085687637 0.190845003592968
v 0.5865449905395508 0.038339000195264816 0.19113000320196152
v 0.6004999876022339 0.039845000952482224 0.19155499922037125
v 0.6004999876022339 0.039845000952482224 0.19155499922037125
v 0.5865449905395508 0.038339000195264816 0.19113000320196152
v 0.5871040225028992 0.03680599853396416 0.19172400074005128
v 0.6004999876022339 0.039845000952482224 0.19155499922037125
v 0.5871040225028992 0.03680599853396416 0.19172400074005128
v 0.6004999876022339 0.03830000013113022 0.1917999966621399
v 0.6004999876022339 0.03830000013113022 0.1917999966621399
v 0.5871040225028992 0.03680599853396416 0.19172400074005128
v 0.5874009728431702 0.035989999771118164 0.1917999966621399
v 0.5874009728431702 0.035989999771118164 0.1917999966621399
v 0.5871040225028992 0.03680599853396416 0.19172400074005128
v 0.5758810043334961 0.029339000582695007 0.1917999966621399
v 0.5758810043334961 0.029339000582695007 0.1917999966621399
v 0.5871040225028992 0.03680599853396416 0.19172400074005128
v 0.5753229856491089 0.03000500053167343 0.19172400074005128
v 0.5758810043334961 0.029339000582695007 0.1917999966621399
v 0.5753229856491089 0.03000500053167343 0.19172400074005128
v 0.5673310160636902 0.01915000006556511 0.1917999966621399
v 0.5673310160636902 0.01915000006556511 0.1917999966621399
v 0.5753229856491089 0.03000500053167343 0.19172400074005128
v 0.5665789842605591 0.01958400011062622 0.19172400074005128
v 0.5673310160636902 0.01915000006556511 0.1917999966621399
v 0.5665789842605591 0.01958400011062622 0.19172400074005128
v 0.5627819895744324 0.006651000119745731 0.1917999966621399
v 0.5627819895744324 0.006651000119745731 0.1917999966621399
v 0.5665789842605591 0.01958400011062622 0.19172400074005128
v 0.5619270205497742 0.006800999864935875 0.19172400074005128
v 0.5627819895744324 0.006651000119745731 0.1917999966621399
v 0.5619270205497742 0.006800999864935875 0.19172400074005128
v 0.5627819895744324 -0.006651000119745731 0.1917999966621399
v 0.5627819895744324 -0.006651000119745731 0.1917999966621399
v 0.5619270205497742 0.006800999864935875 0.19172400074005128
v 0.5619270205497742 -0.006800999864935875 0.19172400074005128
v 0.5627819895744324 -0.006651000119745731 0.1917999966621399
v 0.5619270205497742 -0.006800999864935875 0.19172400074005128
v 0.5673310160636902 -0.01915000006556511 0.1917999966621399
v 0.5673310160636902 -0.01915000006556511 0.1917999966621399
v 0.5619270205497742 -0.006800999864935875 0.19172400074005128
v 0.5665789842605591 -0.01958400011062622 0.19172400074005128
v 0.5673310160636902 -0.01915000006556511 0.1917999966621399
v 0.5665789842605591 -0.01958400011062622 0.19172400074005128
v 0.5758810043334961 -0.029339000582695007 0.1917999966621399
v 0.5758810043334961 -0.029339000582695007 0.1917999966621399
v 0.5665789842605591 -0.01958400011062622 0.19172400074005128
v 0.5753229856491089 -0.03000500053167343 0.19172400074005128
v 0.5758810043334961 -0.029339000582695007 0.1917999966621399
v 0.5753229856491089 -0.03000500053167343 0.19172400074005128
v 0.5874009728431702 -0.035989999771118164 0.1917999966621399
v 0.5874009728431702 -0.035989999771118164 0.1917999966621399
v 0.5753229856491089 -0.03000500053167343 0.19172400074005128
v 0.5871040225028992 -0.03680599853396416 0.19172400074005128
v 0.5874009728431702 -0.035989999771118164 0.1917999966621399
v 0.5871040225028992 -0.03680599853396416 0.19172400074005128
v 0.6004999876022339 -0.03830000013113022 0.1917999966621399
v 0.6004999876022339 -0.03830000013113022 0.1917999966621399
v 0.5871040225028992 -0.03680599853396416 0.19172400074005128
v 0.6004999876022339 -0.039845000952482224 0.19155499922037125
v 0.6004999876022339 -0.039845000952482224 0.19155499922037125
v 0.5871040225028992 -0.03680599853396416 0.19172400074005128
v 0.5865449905395508 -0.038339000195264816 0.19113000320196152
v 0.6004999876022339 -0.039845000952482224 0.19155499922037125
v 0.5865449905395508 -0.038339000195264816 0.19113000320196152
v 0.6004999876022339 -0.04123900085687637 0.190845003592968
v 0.6004999876022339 -0.04123900085687637 0.190845003592968
v 0.5865449905395508 -0.038339000195264816 0.19113000320196152
v 0.5860909819602966 -0.03958899900317192 0.1900140030860901
v 0.6004999876022339 -0.04123900085687637 0.190845003592968
v 0.5860909819602966 -0.03958899900317192 0.1900140030860901
v 0.6004999876022339 -0.04234499856829643 0.18973900215625764
v 0.6004999876022339 -0.04234499856829643 0.18973900215625764
v 0.5860909819602966 -0.03958899900317192 0.1900140030860901
v 0.5857939720153809 -0.04040500149130821 0.18850999908447266
v 0.6004999876022339 -0.04234499856829643 0.18973900215625764
v 0.5857939720153809 -0.04040500149130821 0.18850999908447266
v 0.6004999876022339 -0.04305500164628029 0.1883449985265732
v 0.6004999876022339 0.04305500164628029 0.1883449985265732
v 0.6004999876022339 0.043299999088048935 0.18680000143051148
v 0.5856900215148926 0.040688998997211456 0.18680000143051148
v 0.5865449905395508 -0.038339000195264816 0.19113000320196152
v 0.5871040225028992 -0.03680599853396416 0.19172400074005128
v 0.5742740035057068 -0.031254999339580536 0.19113000320196152
v 0.5742740035057068 -0.031254999339580536 0.19113000320196152
v 0.5871040225028992 -0.03680599853396416 0.19172400074005128
v 0.5753229856491089 -0.03000500053167343 0.19172400074005128
v 0.5742740035057068 -0.031254999339580536 0.19113000320196152
v 0.5753229856491089 -0.03000500053167343 0.19172400074005128
v 0.5651659965515137 -0.020400000736117363 0.19113000320196152
v 0.5651659965515137 -0.020400000736117363 0.19113000320196152
v 0.5753229856491089 -0.03000500053167343 0.19172400074005128
v 0.5665789842605591 -0.01958400011062622 0.19172400074005128
v 0.5651659965515137 -0.020400000736117363 0.19113000320196152
v 0.5665789842605591 -0.01958400011062622 0.19172400074005128
v 0.5603200197219849 -0.007085000164806843 0.19113000320196152
v 0.5603200197219849 -0.007085000164806843 0.19113000320196152
v 0.5665789842605591 -0.01958400011062622 0.19172400074005128
v 0.5619270205497742 -0.006800999864935875 0.19172400074005128
v 0.5603200197219849 -0.007085000164806843 0.19113000320196152
v 0.5619270205497742 -0.006800999864935875 0.19172400074005128
v 0.5603200197219849 0.007085000164806843 0.19113000320196152
v 0.5603200197219849 0.007085000164806843 0.19113000320196152
v 0.5619270205497742 -0.006800999864935875 0.19172400074005128
v 0.5619270205497742 0.006800999864935875 0.19172400074005128
v 0.5603200197219849 0.007085000164806843 0.19113000320196152
v 0.5619270205497742 0.006800999864935875 0.19172400074005128
v 0.5651659965515137 0.020400000736117363 0.19113000320196152
v 0.5651659965515137 0.020400000736117363 0.19113000320196152
v 0.5619270205497742 0.006800999864935875 0.19172400074005128
v 0.5665789842605591 0.01958400011062622 0.19172400074005128
v 0.5651659965515137 0.020400000736117363 0.19113000320196152
v 0.5665789842605591 0.01958400011062622 0.19172400074005128
v 0.5742740035057068 0.031254999339580536 0.19113000320196152
v 0.5742740035057068 0.031254999339580536 0.19113000320196152
v 0.5665789842605591 0.01958400011062622 0.19172400074005128
v 0.5753229856491089 0.03000500053167343 0.19172400074005128
v 0.5742740035057068 0.031254999339580536 0.19113000320196152
v 0.5753229856491089 0.03000500053167343 0.19172400074005128
v 0.5865449905395508 0.038339000195264816 0.19113000320196152
v 0.5865449905395508 0.038339000195264816 0.19113000320196152
v 0.5753229856491089 0.03000500053167343 0.19172400074005128
v 0.5871040225028992 0.03680599853396416 0.19172400074005128
v 0.5728610157966614 -0.03293899819254875 0.18850999908447266
v 0.5857939720153809 -0.04040500149130821 0.18850999908447266
v 0.5860909819602966 -0.03958899900317192 0.1900140030860901
v 0.5860909819602966 -0.03958899900317192 0.1900140030860901
v 0.5865449905395508 -0.038339000195264816 0.19113000320196152
v 0.5734189748764038 -0.032274000346660614 0.1900140030860901
v 0.5734189748764038 -0.032274000346660614 0.1900140030860901
v 0.5865449905395508 -0.038339000195264816 0.19113000320196152
v 0.5742740035057068 -0.031254999339580536 0.19113000320196152
v 0.5734189748764038 -0.032274000346660614 0.1900140030860901
v 0.5742740035057068 -0.031254999339580536 0.19113000320196152
v 0.5640140175819397 -0.02106500044465065 0.1900140030860901
v 0.5640140175819397 -0.02106500044465065 0.1900140030860901
v 0.5742740035057068 -0.031254999339580536 0.19113000320196152
v 0.5651659965515137 -0.020400000736117363 0.19113000320196152
v 0.5640140175819397 -0.02106500044465065 0.1900140030860901
v 0.5651659965515137 -0.020400000736117363 0.19113000320196152
v 0.5590100288391113 -0.007315999828279018 0.1900140030860901
v 0.5590100288391113 -0.007315999828279018 0.1900140030860901
v 0.5651659965515137 -0.020400000736117363 0.19113000320196152
v 0.5603200197219849 -0.007085000164806843 0.19113000320196152
v 0.5590100288391113 -0.007315999828279018 0.1900140030860901
v 0.5603200197219849 -0.007085000164806843 0.19113000320196152
v 0.5590100288391113 0.007315999828279018 0.1900140030860901
v 0.5590100288391113 0.007315999828279018 0.1900140030860901
v 0.5603200197219849 -0.007085000164806843 0.19113000320196152
v 0.5603200197219849 0.007085000164806843 0.19113000320196152
v 0.5590100288391113 0.007315999828279018 0.1900140030860901
v 0.5603200197219849 0.007085000164806843 0.19113000320196152
v 0.5640140175819397 0.02106500044465065 0.1900140030860901
v 0.5640140175819397 0.02106500044465065 0.1900140030860901
v 0.5603200197219849 0.007085000164806843 0.19113000320196152
v 0.5651659965515137 0.020400000736117363 0.19113000320196152
v 0.5640140175819397 0.02106500044465065 0.1900140030860901
v 0.5651659965515137 0.020400000736117363 0.19113000320196152
v 0.5734189748764038 0.032274000346660614 0.1900140030860901
v 0.5734189748764038 0.032274000346660614 0.1900140030860901
v 0.5651659965515137 0.020400000736117363 0.19113000320196152
v 0.5742740035057068 0.031254999339580536 0.19113000320196152
v 0.5734189748764038 0.032274000346660614 0.1900140030860901
v 0.5742740035057068 0.031254999339580536 0.19113000320196152
v 0.5860909819602966 0.03958899900317192 0.1900140030860901
v 0.5860909819602966 0.03958899900317192 0.1900140030860901
v 0.5742740035057068 0.031254999339580536 0.19113000320196152
v 0.5865449905395508 0.038339000195264816 0.19113000320196152
v 0.5632619857788086 -0.02149900048971176 0.18850999908447266
v 0.5728610157966614 -0.03293899819254875 0.18850999908447266
v 0.5734189748764038 -0.032274000346660614 0.1900140030860901
v 0.5734189748764038 -0.032274000346660614 0.1900140030860901
v 0.5728610157966614 -0.03293899819254875 0.18850999908447266
v 0.5860909819602966 -0.03958899900317192 0.1900140030860901
v 0.5632619857788086 -0.02149900048971176 0.18850999908447266
v 0.5734189748764038 -0.032274000346660614 0.1900140030860901
v 0.5640140175819397 -0.02106500044465065 0.1900140030860901
v 0.5581550002098083 -0.007466999813914299 0.18850999908447266
v 0.5632619857788086 -0.02149900048971176 0.18850999908447266
v 0.5640140175819397 -0.02106500044465065 0.1900140030860901
v 0.5581550002098083 -0.007466999813914299 0.18850999908447266
v 0.5640140175819397 -0.02106500044465065 0.1900140030860901
v 0.5590100288391113 -0.007315999828279018 0.1900140030860901
v 0.5581550002098083 0.007466999813914299 0.18850999908447266
v 0.5581550002098083 -0.007466999813914299 0.18850999908447266
v 0.5590100288391113 -0.007315999828279018 0.1900140030860901
v 0.5581550002098083 0.007466999813914299 0.18850999908447266
v 0.5590100288391113 -0.007315999828279018 0.1900140030860901
v 0.5590100288391113 0.007315999828279018 0.1900140030860901
v 0.5632619857788086 0.02149900048971176 0.18850999908447266
v 0.5581550002098083 0.007466999813914299 0.18850999908447266
v 0.5590100288391113 0.007315999828279018 0.1900140030860901
v 0.5632619857788086 0.02149900048971176 0.18850999908447266
v 0.5590100288391113 0.007315999828279018 0.1900140030860901
v 0.5640140175819397 0.02106500044465065 0.1900140030860901
v 0.5728610157966614 0.03293899819254875 0.18850999908447266
v 0.5632619857788086 0.02149900048971176 0.18850999908447266
v 0.5640140175819397 0.02106500044465065 0.1900140030860901
v 0.5728610157966614 0.03293899819254875 0.18850999908447266
v 0.5640140175819397 0.02106500044465065 0.1900140030860901
v 0.5734189748764038 0.032274000346660614 0.1900140030860901
v 0.5857939720153809 0.04040500149130821 0.18850999908447266
v 0.5728610157966614 0.03293899819254875 0.18850999908447266
v 0.5734189748764038 0.032274000346660614 0.1900140030860901
v 0.5857939720153809 0.04040500149130821 0.18850999908447266
v 0.5734189748764038 0.032274000346660614 0.1900140030860901
v 0.5860909819602966 0.03958899900317192 0.1900140030860901
v 0.5856900215148926 0.040688998997211456 0.06350000040531159
v 0.6004999876022339 0.043299999088048935 0.06350000040531159
v 0.6004999876022339 0.04149999842047691 0.06350000040531159
v 0.6004999876022339 0.04149999842047691 0.06350000040531159
v 0.6004999876022339 0.043299999088048935 0.06350000040531159
v 0.6153090000152588 0.040688998997211456 0.06350000040531159
v 0.6004999876022339 0.04149999842047691 0.06350000040531159
v 0.6153090000152588 0.040688998997211456 0.06350000040531159
v 0.6146939992904663 0.038996998220682144 0.06350000040531159
v 0.6146939992904663 0.038996998220682144 0.06350000040531159
v 0.6153090000152588 0.040688998997211456 0.06350000040531159
v 0.6283329725265503 0.03316999971866608 0.06350000040531159
v 0.6146939992904663 0.038996998220682144 0.06350000040531159
v 0.6283329725265503 0.03316999971866608 0.06350000040531159
v 0.6271759867668152 0.03179100155830383 0.06350000040531159
v 0.6271759867668152 0.03179100155830383 0.06350000040531159
v 0.6283329725265503 0.03316999971866608 0.06350000040531159
v 0.6379989981651306 0.021649999544024467 0.06350000040531159
v 0.6271759867668152 0.03179100155830383 0.06350000040531159
v 0.6379989981651306 0.021649999544024467 0.06350000040531159
v 0.6364399790763855 0.020749999210238457 0.06350000040531159
v 0.6364399790763855 0.020749999210238457 0.06350000040531159
v 0.6379989981651306 0.021649999544024467 0.06350000040531159
v 0.6431419849395752 0.007519000209867954 0.06350000040531159
v 0.6364399790763855 0.020749999210238457 0.06350000040531159
v 0.6431419849395752 0.007519000209867954 0.06350000040531159
v 0.6413689851760864 0.007205999922007322 0.06350000040531159
v 0.6413689851760864 0.007205999922007322 0.06350000040531159
v 0.6431419849395752 0.007519000209867954 0.06350000040531159
v 0.6431419849395752 -0.007519000209867954 0.06350000040531159
v 0.6413689851760864 0.007205999922007322 0.06350000040531159
v 0.6431419849395752 -0.007519000209867954 0.06350000040531159
v 0.6413689851760864 -0.007205999922007322 0.06350000040531159
v 0.6413689851760864 -0.007205999922007322 0.06350000040531159
v 0.6431419849395752 -0.007519000209867954 0.06350000040531159
v 0.6364399790763855 -0.020749999210238457 0.06350000040531159
v 0.6364399790763855 -0.020749999210238457 0.06350000040531159
v 0.6431419849395752 -0.007519000209867954 0.06350000040531159
v 0.6379989981651306 -0.021649999544024467 0.06350000040531159
v 0.6364399790763855 -0.020749999210238457 0.06350000040531159
v 0.6379989981651306 -0.021649999544024467 0.06350000040531159
v 0.6271759867668152 -0.03179100155830383 0.06350000040531159
v 0.6271759867668152 -0.03179100155830383 0.06350000040531159
v 0.6379989981651306 -0.021649999544024467 0.06350000040531159
v 0.6283329725265503 -0.03316999971866608 0.06350000040531159
v 0.6271759867668152 -0.03179100155830383 0.06350000040531159
v 0.6283329725265503 -0.03316999971866608 0.06350000040531159
v 0.6146939992904663 -0.038996998220682144 0.06350000040531159
v 0.6146939992904663 -0.038996998220682144 0.06350000040531159
v 0.6283329725265503 -0.03316999971866608 0.06350000040531159
v 0.6153090000152588 -0.040688998997211456 0.06350000040531159
v 0.6146939992904663 -0.038996998220682144 0.06350000040531159
v 0.6153090000152588 -0.040688998997211456 0.06350000040531159
v 0.6004999876022339 -0.04149999842047691 0.06350000040531159
v 0.6004999876022339 -0.04149999842047691 0.06350000040531159
v 0.6153090000152588 -0.040688998997211456 0.06350000040531159
v 0.6004999876022339 -0.043299999088048935 0.06350000040531159
v 0.6004999876022339 -0.04149999842047691 0.06350000040531159
v 0.6004999876022339 -0.043299999088048935 0.06350000040531159
v 0.5856900215148926 -0.040688998997211456 0.06350000040531159
v 0.6004999876022339 -0.04149999842047691 0.06350000040531159
v 0.5856900215148926 -0.040688998997211456 0.06350000040531159
v 0.5863059759140015 -0.038996998220682144 0.06350000040531159
v 0.5863059759140015 -0.038996998220682144 0.06350000040531159
v 0.5856900215148926 -0.040688998997211456 0.06350000040531159
v 0.5726670026779175 -0.03316999971866608 0.06350000040531159
v 0.5863059759140015 -0.038996998220682144 0.06350000040531159
v 0.5726670026779175 -0.03316999971866608 0.06350000040531159
v 0.5738239884376526 -0.03179100155830383 0.06350000040531159
v 0.5738239884376526 -0.03179100155830383 0.06350000040531159
v 0.5726670026779175 -0.03316999971866608 0.06350000040531159
v 0.5630009770393372 -0.021649999544024467 0.06350000040531159
v 0.5738239884376526 -0.03179100155830383 0.06350000040531159
v 0.5630009770393372 -0.021649999544024467 0.06350000040531159
v 0.5645599961280823 -0.020749999210238457 0.06350000040531159
v 0.5645599961280823 -0.020749999210238457 0.06350000040531159
v 0.5630009770393372 -0.021649999544024467 0.06350000040531159
v 0.5578579902648926 -0.007519000209867954 0.06350000040531159
v 0.5645599961280823 -0.020749999210238457 0.06350000040531159
v 0.5578579902648926 -0.007519000209867954 0.06350000040531159
v 0.5596299767494202 -0.007205999922007322 0.06350000040531159
v 0.5596299767494202 -0.007205999922007322 0.06350000040531159
v 0.5578579902648926 -0.007519000209867954 0.06350000040531159
v 0.5578579902648926 0.007519000209867954 0.06350000040531159
v 0.5596299767494202 -0.007205999922007322 0.06350000040531159
v 0.5578579902648926 0.007519000209867954 0.06350000040531159
v 0.5596299767494202 0.007205999922007322 0.06350000040531159
v 0.5596299767494202 0.007205999922007322 0.06350000040531159
v 0.5578579902648926 0.007519000209867954 0.06350000040531159
v 0.5645599961280823 0.020749999210238457 0.06350000040531159
v 0.5645599961280823 0.020749999210238457 0.06350000040531159
v 0.5578579902648926 0.007519000209867954 0.06350000040531159
v 0.5630009770393372 0.021649999544024467 0.06350000040531159
v 0.5645599961280823 0.020749999210238457 0.06350000040531159
v 0.5630009770393372 0.021649999544024467 0.06350000040531159
v 0.5738239884376526 0.03179100155830383 0.06350000040531159
v 0.5738239884376526 0.03179100155830383 0.06350000040531159
v 0.5630009770393372 0.021649999544024467 0.06350000040531159
v 0.5726670026779175 0.03316999971866608 0.06350000040531159
v 0.5738239884376526 0.03179100155830383 0.06350000040531159
v 0.5726670026779175 0.03316999971866608 0.06350000040531159
v 0.5863059759140015 0.038996998220682144 0.06350000040531159
v 0.5863059759140015 0.038996998220682144 0.06350000040531159
v 0.5726670026779175 0.03316999971866608 0.06350000040531159
v 0.5856900215148926 0.040688998997211456 0.06350000040531159
v 0.5863059759140015 0.038996998220682144 0.06350000040531159
v 0.5856900215148926 0.040688998997211456 0.06350000040531159
v 0.6004999876022339 0.04149999842047691 0.06350000040531159
v 0.6004999876022339 0.043299999088048935 0.16591799842119218
v 0.5856900215148926 0.040688998997211456 0.16988599883317948
v 0.6004999876022339 0.043299999088048935 0.18680000143051148
v 0.6004999876022339 0.043299999088048935 0.18680000143051148
v 0.5856900215148926 0.040688998997211456 0.16988599883317948
v 0.5856900215148926 0.040688998997211456 0.18680000143051148
v 0.5856900215148926 0.040688998997211456 0.18680000143051148
v 0.5856900215148926 0.040688998997211456 0.16988599883317948
v 0.5726670026779175 0.03316999971866608 0.17337599979639054
v 0.5856900215148926 0.040688998997211456 0.18680000143051148
v 0.5726670026779175 0.03316999971866608 0.17337599979639054
v 0.5726670026779175 0.03316999971866608 0.18680000143051148
v 0.5726670026779175 0.03316999971866608 0.18680000143051148
v 0.5726670026779175 0.03316999971866608 0.17337599979639054
v 0.5630009770393372 0.021649999544024467 0.1759660004258156
v 0.5726670026779175 0.03316999971866608 0.18680000143051148
v 0.5630009770393372 0.021649999544024467 0.1759660004258156
v 0.5630009770393372 0.021649999544024467 0.18680000143051148
v 0.5630009770393372 0.021649999544024467 0.18680000143051148
v 0.5630009770393372 0.021649999544024467 0.1759660004258156
v 0.5578579902648926 0.007519000209867954 0.17734400020837784
v 0.5630009770393372 0.021649999544024467 0.18680000143051148
v 0.5578579902648926 0.007519000209867954 0.17734400020837784
v 0.5578579902648926 0.007519000209867954 0.18680000143051148
v 0.5578579902648926 0.007519000209867954 0.18680000143051148
v 0.5578579902648926 0.007519000209867954 0.17734400020837784
v 0.5578579902648926 -0.007519000209867954 0.18680000143051148
v 0.5578579902648926 -0.007519000209867954 0.18680000143051148
v 0.5578579902648926 0.007519000209867954 0.17734400020837784
v 0.5578579902648926 -0.007519000209867954 0.17734400020837784
v 0.5578579902648926 -0.007519000209867954 0.18680000143051148
v 0.5578579902648926 -0.007519000209867954 0.17734400020837784
v 0.5630009770393372 -0.021649999544024467 0.18680000143051148
v 0.5630009770393372 -0.021649999544024467 0.18680000143051148
v 0.5578579902648926 -0.007519000209867954 0.17734400020837784
v 0.5630009770393372 -0.021649999544024467 0.1759660004258156
v 0.5630009770393372 -0.021649999544024467 0.18680000143051148
v 0.5630009770393372 -0.021649999544024467 0.1759660004258156
v 0.5726670026779175 -0.03316999971866608 0.18680000143051148
v 0.5726670026779175 -0.03316999971866608 0.18680000143051148
v 0.5630009770393372 -0.021649999544024467 0.1759660004258156
v 0.5726670026779175 -0.03316999971866608 0.17337599979639054
v 0.5726670026779175 -0.03316999971866608 0.18680000143051148
v 0.5726670026779175 -0.03316999971866608 0.17337599979639054
v 0.5856900215148926 -0.040688998997211456 0.18680000143051148
v 0.5856900215148926 -0.040688998997211456 0.18680000143051148
v 0.5726670026779175 -0.03316999971866608 0.17337599979639054
v 0.5856900215148926 -0.040688998997211456 0.16988599883317948
v 0.5856900215148926 -0.040688998997211456 0.18680000143051148
v 0.5856900215148926 -0.040688998997211456 0.16988599883317948
v 0.6004999876022339 -0.043299999088048935 0.18680000143051148
v 0.6004999876022339 -0.043299999088048935 0.18680000143051148
v 0.5856900215148926 -0.040688998997211456 0.16988599883317948
v 0.6004999876022339 -0.043299999088048935 0.16591799842119218
v 0.6004999876022339 -0.043299999088048935 0.06350000040531159
v 0.6004999876022339 -0.043299999088048935 0.0684999998278916
v 0.5856900215148926 -0.040688998997211456 0.06350000040531159
v 0.5856900215148926 -0.040688998997211456 0.06350000040531159
v 0.6004999876022339 -0.043299999088048935 0.0684999998278916
v 0.5856900215148926 -0.040688998997211456 0.0684999998278916
v 0.5856900215148926 -0.040688998997211456 0.06350000040531159
v 0.5856900215148926 -0.040688998997211456 0.0684999998278916
v 0.5726670026779175 -0.03316999971866608 0.06350000040531159
v 0.5726670026779175 -0.03316999971866608 0.06350000040531159
v 0.5856900215148926 -0.040688998997211456 0.0684999998278916
v 0.5726670026779175 -0.03316999971866608 0.0684999998278916
v 0.5726670026779175 -0.03316999971866608 0.06350000040531159
v 0.5726670026779175 -0.03316999971866608 0.0684999998278916
v 0.5630009770393372 -0.021649999544024467 0.06350000040531159
v 0.5630009770393372 -0.021649999544024467 0.06350000040531159
v 0.5726670026779175 -0.03316999971866608 0.0684999998278916
v 0.5630009770393372 -0.021649999544024467 0.0684999998278916
v 0.5630009770393372 -0.021649999544024467 0.06350000040531159
v 0.5630009770393372 -0.021649999544024467 0.0684999998278916
v 0.5578579902648926 -0.007519000209867954 0.06350000040531159
v 0.5578579902648926 -0.007519000209867954 0.06350000040531159
v 0.5630009770393372 -0.021649999544024467 0.0684999998278916
v 0.5578579902648926 -0.007519000209867954 0.0684999998278916
v 0.5578579902648926 -0.007519000209867954 0.06350000040531159
v 0.5578579902648926 -0.007519000209867954 0.0684999998278916
v 0.5578579902648926 0.007519000209867954 0.06350000040531159
v 0.5578579902648926 0.007519000209867954 0.06350000040531159
v 0.5578579902648926 -0.007519000209867954 0.0684999998278916
v 0.5578579902648926 0.007519000209867954 0.0684999998278916
v 0.5578579902648926 0.007519000209867954 0.06350000040531159
v 0.5578579902648926 0.007519000209867954 0.0684999998278916
v 0.5630009770393372 0.021649999544024467 0.06350000040531159
v 0.5630009770393372 0.021649999544024467 0.06350000040531159
v 0.5578579902648926 0.007519000209867954 0.0684999998278916
v 0.5630009770393372 0.021649999544024467 0.0684999998278916
v 0.5630009770393372 0.021649999544024467 0.06350000040531159
v 0.5630009770393372 0.021649999544024467 0.0684999998278916
v 0.5726670026779175 0.03316999971866608 0.06350000040531159
v 0.5726670026779175 0.03316999971866608 0.06350000040531159
v 0.5630009770393372 0.021649999544024467 0.0684999998278916
v 0.5726670026779175 0.03316999971866608 0.0684999998278916
v 0.5726670026779175 0.03316999971866608 0.06350000040531159
v 0.5726670026779175 0.03316999971866608 0.0684999998278916
v 0.5856900215148926 0.040688998997211456 0.06350000040531159
v 0.5856900215148926 0.040688998997211456 0.06350000040531159
v 0.5726670026779175 0.03316999971866608 0.0684999998278916
v 0.5856900215148926 0.040688998997211456 0.0684999998278916
v 0.5856900215148926 0.040688998997211456 0.06350000040531159
v 0.5856900215148926 0.040688998997211456 0.0684999998278916
v 0.6004999876022339 0.043299999088048935 0.06350000040531159
v 0.6004999876022339 0.043299999088048935 0.06350000040531159
v 0.5856900215148926 0.040688998997211456 0.0684999998278916
v 0.6004999876022339 0.043299999088048935 0.0684999998278916
vt -12.303657531738281 0
vt -13.152300834655762 0.8541200160980225
vt -17.60365867614746 0
vt -17.60365867614746 0
vt -13.152300834655762 0.8541200160980225
vt -17.60365867614746 1.5184359550476074
vt -17.60365867614746 1.5184359550476074
vt -13.152300834655762 0.8541200160980225
vt -13.968331336975098 1.7082409858703613
vt -17.60365867614746 1.5184359550476074
vt -13.968331336975098 1.7082409858703613
vt -14.720388412475586 2.562361001968384
vt -17.60365867614746 1.5184359550476074
vt -14.720388412475586 2.562361001968384
vt -17.60365867614746 3.0368731021881104
vt -17.60365867614746 3.0368731021881104
vt -14.720388412475586 2.562361001968384
vt -15.379572868347168 3.4164819717407227
vt -17.60365867614746 3.0368731021881104
vt -15.379572868347168 3.4164819717407227
vt -15.920550346374512 4.270603179931641
vt -17.60365867614746 3.0368731021881104
vt -15.920550346374512 4.270603179931641
vt -17.60365867614746 4.555308818817139
vt -17.60365867614746 4.555308818817139
vt -15.920550346374512 4.270603179931641
vt -16.322534561157227 5.124722957611084
vt -17.60365867614746 4.555308818817139
vt -16.322534561157227 5.124722957611084
vt -17.60365867614746 6.073746204376221
vt -17.60365867614746 6.073746204376221
vt -16.322534561157227 5.124722957611084
vt -16.5700740814209 5.978844165802002
vt -17.60365867614746 6.073746204376221
vt -16.5700740814209 5.978844165802002
vt -16.653657913208008 6.832963943481445
vt -17.60365867614746 6.073746204376221
vt -16.653657913208008 6.832963943481445
vt -17.60365867614746 7.592182159423828
vt -17.60365867614746 7.592182159423828
vt -16.653657913208008 6.832963943481445
vt -16.5700740814209 7.687085151672363
vt -17.60365867614746 7.592182159423828
vt -16.5700740814209 7.687085151672363
vt -16.322534561157227 8.541205406188965
vt -17.60365867614746 7.592182159423828
vt -16.322534561157227 8.541205406188965
vt -17.60365867614746 9.110618591308594
vt -17.60365867614746 9.110618591308594
vt -16.322534561157227 8.541205406188965
vt -15.920550346374512 9.395325660705566
vt -17.60365867614746 9.110618591308594
vt -15.920550346374512 9.395325660705566
vt -15.379572868347168 10.249445915222168
vt -17.60365867614746 9.110618591308594
vt -15.379572868347168 10.249445915222168
vt -17.60365867614746 10.62905502319336
vt -17.60365867614746 10.62905502319336
vt -15.379572868347168 10.249445915222168
vt -14.720388412475586 11.10356616973877
vt -17.60365867614746 10.62905502319336
vt -14.720388412475586 11.10356616973877
vt -17.60365867614746 12.147491455078125
vt -17.60365867614746 12.147491455078125
vt -14.720388412475586 11.10356616973877
vt -13.968331336975098 11.957687377929688
vt -17.60365867614746 12.147491455078125
vt -13.968331336975098 11.957687377929688
vt -13.152300834655762 12.811807632446289
vt -12.303657531738281 13.66592788696289
vt -17.60365867614746 13.66592788696289
vt -13.152300834655762 12.811807632446289
vt -13.152300834655762 12.811807632446289
vt -17.60365867614746 13.66592788696289
vt -17.60365867614746 12.147491455078125
vt -2.588191032409668 0
vt -2.986841917037964 1.5184359550476074
vt -6.400000095367432 0
vt -6.400000095367432 0
vt -2.986841917037964 1.5184359550476074
vt -12.329999923706055 1.5184359550476074
vt -6.400000095367432 0
vt -12.329999923706055 1.5184359550476074
vt -12.329999923706055 0
vt -2.986841917037964 1.5184359550476074
vt -3.3374099731445312 3.0368731021881104
vt -12.329999923706055 1.5184359550476074
vt -12.329999923706055 1.5184359550476074
vt -3.3374099731445312 3.0368731021881104
vt -12.329999923706055 3.0368731021881104
vt -12.329999923706055 3.0368731021881104
vt -3.3374099731445312 3.0368731021881104
vt -3.5976109504699707 4.555308818817139
vt -12.329999923706055 3.0368731021881104
vt -3.5976109504699707 4.555308818817139
vt -12.329999923706055 4.555308818817139
vt -12.329999923706055 4.555308818817139
vt -3.5976109504699707 4.555308818817139
vt -3.7360620498657227 6.073746204376221
vt -12.329999923706055 4.555308818817139
vt -3.7360620498657227 6.073746204376221
vt -12.329999923706055 6.073746204376221
vt -12.329999923706055 6.073746204376221
vt -3.7360620498657227 6.073746204376221
vt -12.329999923706055 7.592182159423828
vt -12.329999923706055 7.592182159423828
vt -3.7360620498657227 6.073746204376221
vt -3.7360620498657227 7.592182159423828
vt -12.329999923706055 7.592182159423828
vt -3.7360620498657227 7.592182159423828
vt -12.329999923706055 9.110618591308594
vt -12.329999923706055 9.110618591308594
vt -3.7360620498657227 7.592182159423828
vt -3.5976109504699707 9.110618591308594
vt -12.329999923706055 9.110618591308594
vt -3.5976109504699707 9.110618591308594
vt -12.329999923706055 10.62905502319336
vt -12.329999923706055 10.62905502319336
vt -3.5976109504699707 9.110618591308594
vt -3.3374099731445312 10.62905502319336
vt -12.329999923706055 10.62905502319336
vt -3.3374099731445312 10.62905502319336
vt -12.329999923706055 12.147491455078125
vt -12.329999923706055 12.147491455078125
vt -3.3374099731445312 10.62905502319336
vt -2.986841917037964 12.147491455078125
vt -12.329999923706055 12.147491455078125
vt -2.986841917037964 12.147491455078125
vt -6.400000095367432 13.66592788696289
vt -6.400000095367432 13.66592788696289
vt -2.986841917037964 12.147491455078125
vt -2.588191032409668 13.66592788696289
vt -6.400000095367432 13.66592788696289
vt -12.329999923706055 13.66592788696289
vt -12.329999923706055 12.147491455078125
vt -6.400000095367432 -13.66592788696289
vt -2.588191032409668 -13.66592788696289
vt -5.551356792449951 -12.811807632446289
vt -5.551356792449951 -12.811807632446289
vt -2.588191032409668 -13.66592788696289
vt -2.1895389556884766 -12.147491455078125
vt -5.551356792449951 -12.811807632446289
vt -2.1895389556884766 -12.147491455078125
vt -4.735326766967773 -11.957687377929688
vt -4.735326766967773 -11.957687377929688
vt -2.1895389556884766 -12.147491455078125
vt -3.983268976211548 -11.10356616973877
vt -3.983268976211548 -11.10356616973877
vt -2.1895389556884766 -12.147491455078125
vt -1.8389710187911987 -10.62905502319336
vt -3.983268976211548 -11.10356616973877
vt -1.8389710187911987 -10.62905502319336
vt -3.324084997177124 -10.249445915222168
vt -3.324084997177124 -10.249445915222168
vt -1.8389710187911987 -10.62905502319336
vt -2.783107042312622 -9.395325660705566
vt -2.783107042312622 -9.395325660705566
vt -1.8389710187911987 -10.62905502319336
vt -1.5787689685821533 -9.110618591308594
vt -2.783107042312622 -9.395325660705566
vt -1.5787689685821533 -9.110618591308594
vt -2.3811240196228027 -8.541205406188965
vt -2.3811240196228027 -8.541205406188965
vt -1.5787689685821533 -9.110618591308594
vt -1.4403189420700073 -7.592182159423828
vt -2.3811240196228027 -8.541205406188965
vt -1.4403189420700073 -7.592182159423828
vt -2.1335840225219727 -7.687085151672363
vt -2.1335840225219727 -7.687085151672363
vt -1.4403189420700073 -7.592182159423828
vt -2.049999952316284 -6.832963943481445
vt -2.049999952316284 -6.832963943481445
vt -1.4403189420700073 -7.592182159423828
vt -1.4403189420700073 -6.073746204376221
vt -2.049999952316284 -6.832963943481445
vt -1.4403189420700073 -6.073746204376221
vt -2.1335840225219727 -5.978844165802002
vt -2.1335840225219727 -5.978844165802002
vt -1.4403189420700073 -6.073746204376221
vt -2.3811240196228027 -5.124722957611084
vt -2.3811240196228027 -5.124722957611084
vt -1.4403189420700073 -6.073746204376221
vt -1.5787689685821533 -4.555308818817139
vt -2.3811240196228027 -5.124722957611084
vt -1.5787689685821533 -4.555308818817139
vt -2.783107042312622 -4.270603179931641
vt -2.783107042312622 -4.270603179931641
vt -1.5787689685821533 -4.555308818817139
vt -3.324084997177124 -3.4164819717407227
vt -3.324084997177124 -3.4164819717407227
vt -1.5787689685821533 -4.555308818817139
vt -1.8389710187911987 -3.0368731021881104
vt -3.324084997177124 -3.4164819717407227
vt -1.8389710187911987 -3.0368731021881104
vt -3.983268976211548 -2.562361001968384
vt -3.983268976211548 -2.562361001968384
vt -1.8389710187911987 -3.0368731021881104
vt -2.1895389556884766 -1.5184359550476074
vt -3.983268976211548 -2.562361001968384
vt -2.1895389556884766 -1.5184359550476074
vt -4.735326766967773 -1.7082409858703613
vt -4.735326766967773 -1.7082409858703613
vt -2.1895389556884766 -1.5184359550476074
vt -5.551356792449951 -0.8541200160980225
vt -5.551356792449951 -0.8541200160980225
vt -2.1895389556884766 -1.5184359550476074
vt -2.588191032409668 0
vt -5.551356792449951 -0.8541200160980225
vt -2.588191032409668 0
vt -6.400000095367432 0
vt -46.29999923706055 0
vt 0 0
vt -46.29999923706055 1.3613569736480713
vt -46.29999923706055 1.3613569736480713
vt 0 0
vt 0 1.3613569736480713
vt -46.29999923706055 1.3613569736480713
vt 0 1.3613569736480713
vt -46.29999923706055 2.7227139472961426
vt -46.29999923706055 2.7227139472961426
vt 0 1.3613569736480713
vt 0 2.7227139472961426
vt -46.29999923706055 2.7227139472961426
vt 0 2.7227139472961426
vt -46.29999923706055 4.084071159362793
vt -46.29999923706055 4.084071159362793
vt 0 2.7227139472961426
vt 0 4.084071159362793
vt -46.29999923706055 4.084071159362793
vt 0 4.084071159362793
vt -46.29999923706055 5.445426940917969
vt -46.29999923706055 5.445426940917969
vt 0 4.084071159362793
vt 0 5.445426940917969
vt -46.29999923706055 5.445426940917969
vt 0 5.445426940917969
vt -46.29999923706055 6.806784152984619
vt -46.29999923706055 6.806784152984619
vt 0 5.445426940917969
vt 0 6.806784152984619
vt -46.29999923706055 6.806784152984619
vt 0 6.806784152984619
vt -46.29999923706055 8.16814136505127
vt -46.29999923706055 8.16814136505127
vt 0 6.806784152984619
vt 0 8.16814136505127
vt -46.29999923706055 8.16814136505127
vt 0 8.16814136505127
vt -46.29999923706055 9.529498100280762
vt -46.29999923706055 9.529498100280762
vt 0 8.16814136505127
vt 0 9.529498100280762
vt -46.29999923706055 9.529498100280762
vt 0 9.529498100280762
vt -46.29999923706055 10.890854835510254
vt -46.29999923706055 10.890854835510254
vt 0 9.529498100280762
vt 0 10.890854835510254
vt -46.29999923706055 10.890854835510254
vt 0 10.890854835510254
vt -46.29999923706055 12.252211570739746
vt -46.29999923706055 12.252211570739746
vt 0 10.890854835510254
vt 0 12.252211570739746
vt 0.9333109855651855 0
vt 0.9335989952087402 0.026732999831438065
vt 0 0
vt 0 0
vt 0.9335989952087402 0.026732999831438065
vt 0.9335989952087402 0.818693995475769
vt 0 0
vt 0.9335989952087402 0.818693995475769
vt 0.9335989952087402 1.6106539964675903
vt 0.9335989952087402 1.6106539964675903
vt 0.9335989952087402 0.818693995475769
vt 1.8671989440917969 0.818693995475769
vt 0.9335989952087402 1.6106539964675903
vt 1.8671989440917969 0.818693995475769
vt 1.8671989440917969 1.6106539964675903
vt 1.8671989440917969 1.6106539964675903
vt 1.8671989440917969 0.818693995475769
vt 2.713273048400879 0.818693995475769
vt 1.8671989440917969 1.6106539964675903
vt 2.713273048400879 0.818693995475769
vt 2.713273048400879 1.6106539964675903
vt 2.713273048400879 1.6106539964675903
vt 2.713273048400879 0.818693995475769
vt 3.5593481063842773 0.818693995475769
vt 2.713273048400879 1.6106539964675903
vt 3.5593481063842773 0.818693995475769
vt 3.5593481063842773 1.6106539964675903
vt 3.5593481063842773 1.6106539964675903
vt 3.5593481063842773 0.818693995475769
vt 4.405422210693359 0.818693995475769
vt 3.5593481063842773 1.6106539964675903
vt 4.405422210693359 0.818693995475769
vt 4.405422210693359 1.6106539964675903
vt 4.405422210693359 1.6106539964675903
vt 4.405422210693359 0.818693995475769
vt 5.251495838165283 0.818693995475769
vt 4.405422210693359 1.6106539964675903
vt 5.251495838165283 0.818693995475769
vt 5.251495838165283 1.6106539964675903
vt 5.251495838165283 1.6106539964675903
vt 5.251495838165283 0.818693995475769
vt 6.097570896148682 0.818693995475769
vt 5.251495838165283 1.6106539964675903
vt 6.097570896148682 0.818693995475769
vt 6.097570896148682 1.6106539964675903
vt 6.097570896148682 1.6106539964675903
vt 6.097570896148682 0.818693995475769
vt 6.943645000457764 0.818693995475769
vt 6.097570896148682 1.6106539964675903
vt 6.943645000457764 0.818693995475769
vt 6.943645000457764 1.6106539964675903
vt 6.943645000457764 1.6106539964675903
vt 6.943645000457764 0.818693995475769
vt 7.789720058441162 0.818693995475769
vt 6.943645000457764 1.6106539964675903
vt 7.789720058441162 0.818693995475769
vt 7.789720058441162 1.6106539964675903
vt 7.789720058441162 1.6106539964675903
vt 7.789720058441162 0.818693995475769
vt 8.635793685913086 0.818693995475769
vt 7.789720058441162 1.6106539964675903
vt 8.635793685913086 0.818693995475769
vt 8.635793685913086 1.6106539964675903
vt 8.635793685913086 1.6106539964675903
vt 8.635793685913086 0.818693995475769
vt 9.423518180847168 0.818693995475769
vt 8.635793685913086 1.6106539964675903
vt 9.423518180847168 0.818693995475769
vt 9.423518180847168 1.6106539964675903
vt 9.423518180847168 1.6106539964675903
vt 9.423518180847168 0.818693995475769
vt 10.21124267578125 0.818693995475769
vt 9.423518180847168 1.6106539964675903
vt 10.21124267578125 0.818693995475769
vt 10.21124267578125 1.6106539964675903
vt 10.21124267578125 1.6106539964675903
vt 10.21124267578125 0.818693995475769
vt 10.998967170715332 0.818693995475769
vt 10.21124267578125 1.6106539964675903
vt 10.998967170715332 0.818693995475769
vt 10.998967170715332 1.6106539964675903
vt 10.998967170715332 1.6106539964675903
vt 10.998967170715332 0.818693995475769
vt 11.786691665649414 0.818693995475769
vt 10.998967170715332 1.6106539964675903
vt 11.786691665649414 0.818693995475769
vt 11.786691665649414 1.6106539964675903
vt 11.786691665649414 1.6106539964675903
vt 11.786691665649414 0.818693995475769
vt 12.574416160583496 0.818693995475769
vt 11.786691665649414 1.6106539964675903
vt 12.574416160583496 0.818693995475769
vt 12.574416160583496 1.6106539964675903
vt 12.574416160583496 1.6106539964675903
vt 12.574416160583496 0.818693995475769
vt 13.362140655517578 0.818693995475769
vt 12.574416160583496 1.6106539964675903
vt 13.362140655517578 0.818693995475769
vt 13.362140655517578 1.6106539964675903
vt 13.362140655517578 1.6106539964675903
vt 13.362140655517578 0.818693995475769
vt 14.14986515045166 0.818693995475769
vt 13.362140655517578 1.6106539964675903
vt 14.14986515045166 0.818693995475769
vt 14.14986515045166 1.6106539964675903
vt 14.14986515045166 1.6106539964675903
vt 14.14986515045166 0.818693995475769
vt 14.937589645385742 1.2340569496154785
vt 14.14986515045166 1.6106539964675903
vt 14.937589645385742 1.2340569496154785
vt 14.937589645385742 2.4413809776306152
vt 0.9333109855651855 0
vt 1.8674689531326294 0
vt 0.9335989952087402 0.026732999831438065
vt 0.9335989952087402 0.026732999831438065
vt 1.8674689531326294 0
vt 1.8671989440917969 0.026732999831438065
vt 0.9335989952087402 0.026732999831438065
vt 1.8671989440917969 0.026732999831438065
vt 0.9335989952087402 0.818693995475769
vt 0.9335989952087402 0.818693995475769
vt 1.8671989440917969 0.026732999831438065
vt 1.8671989440917969 0.818693995475769
vt 1.8671989440917969 0.026732999831438065
vt 1.8674689531326294 0
vt 2.713273048400879 0.026732999831438065
vt 2.713273048400879 0.026732999831438065
vt 1.8674689531326294 0
vt 2.800899028778076 0
vt 2.713273048400879 0.026732999831438065
vt 2.800899028778076 0
vt 2.713273048400879 0.818693995475769
vt 2.713273048400879 0.818693995475769
vt 2.800899028778076 0
vt 3.5593481063842773 0.818693995475769
vt 3.5593481063842773 0.818693995475769
vt 2.800899028778076 0
vt 3.5593481063842773 0.026732999831438065
vt 3.5593481063842773 0.026732999831438065
vt 2.800899028778076 0
vt 3.734127998352051 0
vt 3.5593481063842773 0.026732999831438065
vt 3.734127998352051 0
vt 3.5593481063842773 0.818693995475769
vt 3.5593481063842773 0.818693995475769
vt 3.734127998352051 0
vt 4.405422210693359 0.818693995475769
vt 4.405422210693359 0.818693995475769
vt 3.734127998352051 0
vt 4.405422210693359 0.026732999831438065
vt 4.405422210693359 0.026732999831438065
vt 3.734127998352051 0
vt 4.667853832244873 0
vt 4.405422210693359 0.026732999831438065
vt 4.667853832244873 0
vt 4.405422210693359 0.818693995475769
vt 4.405422210693359 0.818693995475769
vt 4.667853832244873 0
vt 5.251495838165283 0.818693995475769
vt 5.251495838165283 0.818693995475769
vt 4.667853832244873 0
vt 5.251495838165283 0.026732999831438065
vt 5.251495838165283 0.026732999831438065
vt 4.667853832244873 0
vt 5.601416110992432 0
vt 5.251495838165283 0.026732999831438065
vt 5.601416110992432 0
vt 5.251495838165283 0.818693995475769
vt 5.251495838165283 0.818693995475769
vt 5.601416110992432 0
vt 6.097570896148682 0.818693995475769
vt 6.097570896148682 0.818693995475769
vt 5.601416110992432 0
vt 6.097570896148682 0.026732999831438065
vt 6.097570896148682 0.026732999831438065
vt 5.601416110992432 0
vt 6.535181999206543 0
vt 6.097570896148682 0.026732999831438065
vt 6.535181999206543 0
vt 6.097570896148682 0.818693995475769
vt 6.097570896148682 0.818693995475769
vt 6.535181999206543 0
vt 6.943645000457764 0.818693995475769
vt 6.943645000457764 0.818693995475769
vt 6.535181999206543 0
vt 6.943645000457764 0.026732999831438065
vt 6.943645000457764 0.026732999831438065
vt 6.535181999206543 0
vt 7.468794822692871 0
vt 6.943645000457764 0.026732999831438065
vt 7.468794822692871 0
vt 6.943645000457764 0.818693995475769
vt 6.943645000457764 0.818693995475769
vt 7.468794822692871 0
vt 7.789720058441162 0.818693995475769
vt 7.789720058441162 0.818693995475769
vt 7.468794822692871 0
vt 7.789720058441162 0.026732999831438065
vt 7.789720058441162 0.026732999831438065
vt 7.468794822692871 0
vt 8.4024076461792 0
vt 7.789720058441162 0.026732999831438065
vt 8.4024076461792 0
vt 7.789720058441162 0.818693995475769
vt 7.789720058441162 0.818693995475769
vt 8.4024076461792 0
vt 8.635793685913086 0.818693995475769
vt 8.635793685913086 0.818693995475769
vt 8.4024076461792 0
vt 8.635793685913086 0.026732999831438065
vt 8.635793685913086 0.026732999831438065
vt 8.4024076461792 0
vt 9.336174011230469 0
vt 8.635793685913086 0.026732999831438065
vt 9.336174011230469 0
vt 8.635793685913086 0.818693995475769
vt 8.635793685913086 0.818693995475769
vt 9.336174011230469 0
vt 9.423518180847168 0.818693995475769
vt 9.423518180847168 0.818693995475769
vt 9.336174011230469 0
vt 9.423518180847168 0.026732999831438065
vt 9.423518180847168 0.026732999831438065
vt 9.336174011230469 0
vt 10.269736289978027 0
vt 9.423518180847168 0.026732999831438065
vt 10.269736289978027 0
vt 10.21124267578125 0.026732999831438065
vt 10.21124267578125 0.026732999831438065
vt 10.269736289978027 0
vt 10.21124267578125 0.818693995475769
vt 10.21124267578125 0.026732999831438065
vt 10.21124267578125 0.818693995475769
vt 9.423518180847168 0.818693995475769
vt 10.21124267578125 0.818693995475769
vt 10.269736289978027 0
vt 10.998967170715332 0.026732999831438065
vt 10.998967170715332 0.026732999831438065
vt 10.269736289978027 0
vt 11.203461647033691 0
vt 10.998967170715332 0.026732999831438065
vt 11.203461647033691 0
vt 10.998967170715332 0.818693995475769
vt 10.998967170715332 0.818693995475769
vt 11.203461647033691 0
vt 11.786691665649414 0.026732999831438065
vt 10.998967170715332 0.818693995475769
vt 11.786691665649414 0.026732999831438065
vt 11.786691665649414 0.818693995475769
vt 11.786691665649414 0.818693995475769
vt 11.786691665649414 0.026732999831438065
vt 12.574416160583496 0.026732999831438065
vt 11.786691665649414 0.818693995475769
vt 12.574416160583496 0.026732999831438065
vt 12.574416160583496 0.818693995475769
vt 12.574416160583496 0.818693995475769
vt 12.574416160583496 0.026732999831438065
vt 13.362140655517578 0.026732999831438065
vt 12.574416160583496 0.818693995475769
vt 13.362140655517578 0.026732999831438065
vt 13.362140655517578 0.818693995475769
vt 13.362140655517578 0.818693995475769
vt 13.362140655517578 0.026732999831438065
vt 14.14986515045166 0.026732999831438065
vt 13.362140655517578 0.818693995475769
vt 14.14986515045166 0.026732999831438065
vt 14.14986515045166 0.818693995475769
vt 14.14986515045166 0.818693995475769
vt 14.14986515045166 0.026732999831438065
vt 14.937589645385742 0.026732999831438065
vt 14.14986515045166 0.818693995475769
vt 14.937589645385742 0.026732999831438065
vt 14.937589645385742 1.2340569496154785
vt 11.203461647033691 0
vt 12.136691093444824 0
vt 11.786691665649414 0.026732999831438065
vt 11.786691665649414 0.026732999831438065
vt 12.136691093444824 0
vt 12.574416160583496 0.026732999831438065
vt 12.136691093444824 0
vt 13.070120811462402 0
vt 12.574416160583496 0.026732999831438065
vt 12.574416160583496 0.026732999831438065
vt 13.070120811462402 0
vt 13.362140655517578 0.026732999831438065
vt 13.070120811462402 0
vt 14.004278182983398 0
vt 13.362140655517578 0.026732999831438065
vt 13.362140655517578 0.026732999831438065
vt 14.004278182983398 0
vt 14.14986515045166 0.026732999831438065
vt 14.004278182983398 0
vt 14.937589645385742 0
vt 14.14986515045166 0.026732999831438065
vt 14.14986515045166 0.026732999831438065
vt 14.937589645385742 0
vt 14.937589645385742 0.0133670000359416
vt 14.14986515045166 0.026732999831438065
vt 14.937589645385742 0.0133670000359416
vt 14.937589645385742 0.026732999831438065
vt 14.937589645385742 3.648705005645752
vt 14.14986515045166 3.1945741176605225
vt 14.937589645385742 2.4413809776306152
vt 14.937589645385742 2.4413809776306152
vt 14.14986515045166 3.1945741176605225
vt 14.14986515045166 2.402614116668701
vt 14.937589645385742 2.4413809776306152
vt 14.14986515045166 2.402614116668701
vt 14.14986515045166 1.6106539964675903
vt 14.14986515045166 1.6106539964675903
vt 14.14986515045166 2.402614116668701
vt 13.362140655517578 2.402614116668701
vt 14.14986515045166 1.6106539964675903
vt 13.362140655517578 2.402614116668701
vt 13.362140655517578 1.6106539964675903
vt 13.362140655517578 1.6106539964675903
vt 13.362140655517578 2.402614116668701
vt 12.574416160583496 2.402614116668701
vt 13.362140655517578 1.6106539964675903
vt 12.574416160583496 2.402614116668701
vt 12.574416160583496 1.6106539964675903
vt 12.574416160583496 1.6106539964675903
vt 12.574416160583496 2.402614116668701
vt 11.786691665649414 2.402614116668701
vt 12.574416160583496 1.6106539964675903
vt 11.786691665649414 2.402614116668701
vt 11.786691665649414 1.6106539964675903
vt 11.786691665649414 1.6106539964675903
vt 11.786691665649414 2.402614116668701
vt 10.998967170715332 2.402614116668701
vt 11.786691665649414 1.6106539964675903
vt 10.998967170715332 2.402614116668701
vt 10.998967170715332 1.6106539964675903
vt 10.998967170715332 1.6106539964675903
vt 10.998967170715332 2.402614116668701
vt 10.21124267578125 2.402614116668701
vt 10.998967170715332 1.6106539964675903
vt 10.21124267578125 2.402614116668701
vt 10.21124267578125 1.6106539964675903
vt 10.21124267578125 1.6106539964675903
vt 10.21124267578125 2.402614116668701
vt 9.423518180847168 2.402614116668701
vt 10.21124267578125 1.6106539964675903
vt 9.423518180847168 2.402614116668701
vt 9.423518180847168 1.6106539964675903
vt 9.423518180847168 1.6106539964675903
vt 9.423518180847168 2.402614116668701
vt 8.635793685913086 2.402614116668701
vt 9.423518180847168 1.6106539964675903
vt 8.635793685913086 2.402614116668701
vt 8.635793685913086 1.6106539964675903
vt 8.635793685913086 1.6106539964675903
vt 8.635793685913086 2.402614116668701
vt 7.789720058441162 2.402614116668701
vt 8.635793685913086 1.6106539964675903
vt 7.789720058441162 2.402614116668701
vt 7.789720058441162 1.6106539964675903
vt 7.789720058441162 1.6106539964675903
vt 7.789720058441162 2.402614116668701
vt 6.943645000457764 2.402614116668701
vt 7.789720058441162 1.6106539964675903
vt 6.943645000457764 2.402614116668701
vt 6.943645000457764 1.6106539964675903
vt 6.943645000457764 1.6106539964675903
vt 6.943645000457764 2.402614116668701
vt 6.097570896148682 2.402614116668701
vt 6.943645000457764 1.6106539964675903
vt 6.097570896148682 2.402614116668701
vt 6.097570896148682 1.6106539964675903
vt 6.097570896148682 1.6106539964675903
vt 6.097570896148682 2.402614116668701
vt 5.251495838165283 2.402614116668701
vt 6.097570896148682 1.6106539964675903
vt 5.251495838165283 2.402614116668701
vt 5.251495838165283 1.6106539964675903
vt 5.251495838165283 1.6106539964675903
vt 5.251495838165283 2.402614116668701
vt 4.405422210693359 2.402614116668701
vt 5.251495838165283 1.6106539964675903
vt 4.405422210693359 2.402614116668701
vt 4.405422210693359 1.6106539964675903
vt 4.405422210693359 1.6106539964675903
vt 4.405422210693359 2.402614116668701
vt 3.5593481063842773 2.402614116668701
vt 4.405422210693359 1.6106539964675903
vt 3.5593481063842773 2.402614116668701
vt 3.5593481063842773 1.6106539964675903
vt 3.5593481063842773 1.6106539964675903
vt 3.5593481063842773 2.402614116668701
vt 2.713273048400879 2.402614116668701
vt 3.5593481063842773 1.6106539964675903
vt 2.713273048400879 2.402614116668701
vt 2.713273048400879 1.6106539964675903
vt 2.713273048400879 1.6106539964675903
vt 2.713273048400879 2.402614116668701
vt 1.8671989440917969 2.402614116668701
vt 2.713273048400879 1.6106539964675903
vt 1.8671989440917969 2.402614116668701
vt 1.8671989440917969 1.6106539964675903
vt 1.8671989440917969 1.6106539964675903
vt 1.8671989440917969 2.402614116668701
vt 0.9335989952087402 2.402614116668701
vt 1.8671989440917969 1.6106539964675903
vt 0.9335989952087402 2.402614116668701
vt 0.9335989952087402 1.6106539964675903
vt 0.9335989952087402 1.6106539964675903
vt 0.9335989952087402 2.402614116668701
vt 0 0
vt 14.14986515045166 3.1945741176605225
vt 14.937589645385742 3.648705005645752
vt 14.14986515045166 4.005918979644775
vt 14.14986515045166 4.005918979644775
vt 14.937589645385742 3.648705005645752
vt 14.937589645385742 4.856029987335205
vt 14.14986515045166 4.005918979644775
vt 14.937589645385742 4.856029987335205
vt 14.14986515045166 4.817262172698975
vt 14.14986515045166 4.817262172698975
vt 14.937589645385742 4.856029987335205
vt 14.14986515045166 5.628605842590332
vt 14.14986515045166 4.817262172698975
vt 14.14986515045166 5.628605842590332
vt 13.362140655517578 5.628605842590332
vt 13.362140655517578 5.628605842590332
vt 14.14986515045166 5.628605842590332
vt 13.362140655517578 6.439949989318848
vt 13.362140655517578 5.628605842590332
vt 13.362140655517578 6.439949989318848
vt 12.574416160583496 6.439949989318848
vt 12.574416160583496 6.439949989318848
vt 13.362140655517578 6.439949989318848
vt 12.574416160583496 7.251294136047363
vt 12.574416160583496 6.439949989318848
vt 12.574416160583496 7.251294136047363
vt 11.786691665649414 7.251294136047363
vt 11.786691665649414 7.251294136047363
vt 12.574416160583496 7.251294136047363
vt 11.786691665649414 8.062638282775879
vt 11.786691665649414 7.251294136047363
vt 11.786691665649414 8.062638282775879
vt 10.998967170715332 8.062638282775879
vt 10.998967170715332 8.062638282775879
vt 11.786691665649414 8.062638282775879
vt 10.998967170715332 8.873982429504395
vt 10.998967170715332 8.062638282775879
vt 10.998967170715332 8.873982429504395
vt 10.21124267578125 8.873982429504395
vt 10.21124267578125 8.873982429504395
vt 10.998967170715332 8.873982429504395
vt 10.269719123840332 9.685311317443848
vt 10.21124267578125 8.873982429504395
vt 10.269719123840332 9.685311317443848
vt 9.336161613464355 9.68532657623291
vt 14.937589645385742 4.856029987335205
vt 14.937589645385742 6.063354015350342
vt 14.14986515045166 5.628605842590332
vt 14.14986515045166 5.628605842590332
vt 14.937589645385742 6.063354015350342
vt 14.14986515045166 6.439949989318848
vt 14.14986515045166 5.628605842590332
vt 14.14986515045166 6.439949989318848
vt 13.362140655517578 6.439949989318848
vt 13.362140655517578 6.439949989318848
vt 14.14986515045166 6.439949989318848
vt 13.362140655517578 7.251294136047363
vt 13.362140655517578 6.439949989318848
vt 13.362140655517578 7.251294136047363
vt 12.574416160583496 7.251294136047363
vt 12.574416160583496 7.251294136047363
vt 13.362140655517578 7.251294136047363
vt 12.574416160583496 8.062638282775879
vt 12.574416160583496 7.251294136047363
vt 12.574416160583496 8.062638282775879
vt 11.786691665649414 8.062638282775879
vt 11.786691665649414 8.062638282775879
vt 12.574416160583496 8.062638282775879
vt 11.786691665649414 8.873982429504395
vt 11.786691665649414 8.062638282775879
vt 11.786691665649414 8.873982429504395
vt 10.998967170715332 8.873982429504395
vt 10.998967170715332 8.873982429504395
vt 11.786691665649414 8.873982429504395
vt 11.203434944152832 9.68532657623291
vt 10.998967170715332 8.873982429504395
vt 11.203434944152832 9.68532657623291
vt 10.269719123840332 9.685311317443848
vt 14.937589645385742 6.063354015350342
vt 14.937589645385742 7.2706780433654785
vt 14.14986515045166 6.439949989318848
vt 14.14986515045166 6.439949989318848
vt 14.937589645385742 7.2706780433654785
vt 14.14986515045166 7.251294136047363
vt 14.14986515045166 6.439949989318848
vt 14.14986515045166 7.251294136047363
vt 13.362140655517578 7.251294136047363
vt 13.362140655517578 7.251294136047363
vt 14.14986515045166 7.251294136047363
vt 13.362140655517578 8.062638282775879
vt 13.362140655517578 7.251294136047363
vt 13.362140655517578 8.062638282775879
vt 12.574416160583496 8.062638282775879
vt 12.574416160583496 8.062638282775879
vt 13.362140655517578 8.062638282775879
vt 12.574416160583496 8.873982429504395
vt 12.574416160583496 8.062638282775879
vt 12.574416160583496 8.873982429504395
vt 11.786691665649414 8.873982429504395
vt 11.786691665649414 8.873982429504395
vt 12.574416160583496 8.873982429504395
vt 12.136661529541016 9.685312271118164
vt 11.786691665649414 8.873982429504395
vt 12.136661529541016 9.685312271118164
vt 11.203434944152832 9.68532657623291
vt 14.14986515045166 7.251294136047363
vt 14.937589645385742 7.2706780433654785
vt 14.14986515045166 8.062638282775879
vt 14.14986515045166 8.062638282775879
vt 14.937589645385742 7.2706780433654785
vt 14.937589645385742 8.478001594543457
vt 14.14986515045166 8.062638282775879
vt 14.937589645385742 8.478001594543457
vt 14.14986515045166 8.873982429504395
vt 14.14986515045166 8.873982429504395
vt 14.937589645385742 8.478001594543457
vt 14.937589645385742 9.68532657623291
vt 14.14986515045166 8.873982429504395
vt 14.937589645385742 9.68532657623291
vt 14.004263877868652 9.68532657623291
vt 14.14986515045166 8.873982429504395
vt 14.004263877868652 9.68532657623291
vt 13.362140655517578 8.873982429504395
vt 13.362140655517578 8.873982429504395
vt 14.004263877868652 9.68532657623291
vt 13.070090293884277 9.68532657623291
vt 13.362140655517578 8.873982429504395
vt 13.070090293884277 9.68532657623291
vt 12.574416160583496 8.873982429504395
vt 12.574416160583496 8.873982429504395
vt 13.070090293884277 9.68532657623291
vt 12.136661529541016 9.685312271118164
vt 8.40240478515625 9.685310363769531
vt 8.635793685913086 8.873982429504395
vt 9.336161613464355 9.68532657623291
vt 9.336161613464355 9.68532657623291
vt 8.635793685913086 8.873982429504395
vt 9.423518180847168 8.873982429504395
vt 9.336161613464355 9.68532657623291
vt 9.423518180847168 8.873982429504395
vt 10.21124267578125 8.873982429504395
vt 10.21124267578125 8.873982429504395
vt 9.423518180847168 8.873982429504395
vt 10.21124267578125 8.062638282775879
vt 10.21124267578125 8.873982429504395
vt 10.21124267578125 8.062638282775879
vt 10.998967170715332 8.062638282775879
vt 10.998967170715332 8.062638282775879
vt 10.21124267578125 8.062638282775879
vt 10.998967170715332 7.251294136047363
vt 10.998967170715332 8.062638282775879
vt 10.998967170715332 7.251294136047363
vt 11.786691665649414 7.251294136047363
vt 11.786691665649414 7.251294136047363
vt 10.998967170715332 7.251294136047363
vt 11.786691665649414 6.439949989318848
vt 11.786691665649414 7.251294136047363
vt 11.786691665649414 6.439949989318848
vt 12.574416160583496 6.439949989318848
vt 12.574416160583496 6.439949989318848
vt 11.786691665649414 6.439949989318848
vt 12.574416160583496 5.628605842590332
vt 12.574416160583496 6.439949989318848
vt 12.574416160583496 5.628605842590332
vt 13.362140655517578 5.628605842590332
vt 13.362140655517578 5.628605842590332
vt 12.574416160583496 5.628605842590332
vt 13.362140655517578 4.817262172698975
vt 13.362140655517578 5.628605842590332
vt 13.362140655517578 4.817262172698975
vt 14.14986515045166 4.817262172698975
vt 14.14986515045166 4.817262172698975
vt 13.362140655517578 4.817262172698975
vt 14.14986515045166 4.005918979644775
vt 8.635793685913086 8.873982429504395
vt 8.40240478515625 9.685310363769531
vt 7.789720058441162 8.873982429504395
vt 7.789720058441162 8.873982429504395
vt 8.40240478515625 9.685310363769531
vt 7.468794822692871 9.68532657623291
vt 7.789720058441162 8.873982429504395
vt 7.468794822692871 9.68532657623291
vt 6.943645000457764 8.873982429504395
vt 6.943645000457764 8.873982429504395
vt 7.468794822692871 9.68532657623291
vt 6.535192012786865 9.68531322479248
vt 6.943645000457764 8.873982429504395
vt 6.535192012786865 9.68531322479248
vt 6.097570896148682 8.873982429504395
vt 6.097570896148682 8.873982429504395
vt 6.535192012786865 9.68531322479248
vt 5.601428985595703 9.68532657623291
vt 6.097570896148682 8.873982429504395
vt 5.601428985595703 9.68532657623291
vt 5.251495838165283 8.873982429504395
vt 5.251495838165283 8.873982429504395
vt 5.601428985595703 9.68532657623291
vt 4.667874813079834 9.685324668884277
vt 5.251495838165283 8.873982429504395
vt 4.667874813079834 9.685324668884277
vt 4.405422210693359 8.873982429504395
vt 4.405422210693359 8.873982429504395
vt 4.667874813079834 9.685324668884277
vt 3.734153985977173 9.68532657623291
vt 4.405422210693359 8.873982429504395
vt 3.734153985977173 9.68532657623291
vt 3.5593481063842773 8.873982429504395
vt 3.5593481063842773 8.873982429504395
vt 3.734153985977173 9.68532657623291
vt 2.800930976867676 9.68532657623291
vt 3.5593481063842773 8.873982429504395
vt 2.800930976867676 9.68532657623291
vt 2.713273048400879 8.873982429504395
vt 2.713273048400879 8.873982429504395
vt 2.800930976867676 9.68532657623291
vt 1.8674989938735962 9.685325622558594
vt 2.713273048400879 8.873982429504395
vt 1.8674989938735962 9.685325622558594
vt 1.8671989440917969 8.873982429504395
vt 1.8671989440917969 8.873982429504395
vt 1.8674989938735962 9.685325622558594
vt 0.9335989952087402 8.873982429504395
vt 1.8671989440917969 8.873982429504395
vt 0.9335989952087402 8.873982429504395
vt 1.8671989440917969 8.062638282775879
vt 1.8671989440917969 8.062638282775879
vt 0.9335989952087402 8.873982429504395
vt 0.9335989952087402 8.062638282775879
vt 1.8671989440917969 8.062638282775879
vt 0.9335989952087402 8.062638282775879
vt 1.8671989440917969 7.251294136047363
vt 1.8671989440917969 7.251294136047363
vt 0.9335989952087402 8.062638282775879
vt 0.9335989952087402 7.251294136047363
vt 1.8671989440917969 7.251294136047363
vt 0.9335989952087402 7.251294136047363
vt 1.8671989440917969 6.439949989318848
vt 1.8671989440917969 6.439949989318848
vt 0.9335989952087402 7.251294136047363
vt 0.9335989952087402 6.439949989318848
vt 1.8671989440917969 6.439949989318848
vt 0.9335989952087402 6.439949989318848
vt 1.8671989440917969 5.628605842590332
vt 1.8671989440917969 5.628605842590332
vt 0.9335989952087402 6.439949989318848
vt 0.9335989952087402 5.628605842590332
vt 1.8671989440917969 5.628605842590332
vt 0.9335989952087402 5.628605842590332
vt 1.8671989440917969 4.817262172698975
vt 1.8671989440917969 4.817262172698975
vt 0.9335989952087402 5.628605842590332
vt 0.9335989952087402 4.817262172698975
vt 1.8671989440917969 4.817262172698975
vt 0.9335989952087402 4.817262172698975
vt 1.8671989440917969 4.005918979644775
vt 1.8671989440917969 4.005918979644775
vt 0.9335989952087402 4.817262172698975
vt 0.9335989952087402 4.005918979644775
vt 1.8671989440917969 4.005918979644775
vt 0.9335989952087402 4.005918979644775
vt 1.8671989440917969 3.1945741176605225
vt 1.8671989440917969 3.1945741176605225
vt 0.9335989952087402 4.005918979644775
vt 0.9335989952087402 3.1945741176605225
vt 1.8671989440917969 3.1945741176605225
vt 0.9335989952087402 3.1945741176605225
vt 1.8671989440917969 2.402614116668701
vt 1.8671989440917969 2.402614116668701
vt 0.9335989952087402 3.1945741176605225
vt 0.9335989952087402 2.402614116668701
vt 1.8674989938735962 9.685325622558594
vt 0.933326005935669 9.685325622558594
vt 0.9335989952087402 8.873982429504395
vt 0.9335989952087402 8.873982429504395
vt 0.933326005935669 9.685325622558594
vt 0 7.263995170593262
vt 0.9335989952087402 8.873982429504395
vt 0 7.263995170593262
vt 0.9335989952087402 8.062638282775879
vt 0.9335989952087402 8.062638282775879
vt 0 7.263995170593262
vt 0.9335989952087402 7.251294136047363
vt 0.933326005935669 9.685325622558594
vt 0 9.68532657623291
vt 0 7.263995170593262
vt 0 7.263995170593262
vt 0 4.842662811279297
vt 0.9335989952087402 7.251294136047363
vt 0.9335989952087402 7.251294136047363
vt 0 4.842662811279297
vt 0.9335989952087402 6.439949989318848
vt 0 2.4213318824768066
vt 0.9335989952087402 4.817262172698975
vt 0 4.842662811279297
vt 0 4.842662811279297
vt 0.9335989952087402 4.817262172698975
vt 0.9335989952087402 5.628605842590332
vt 0 4.842662811279297
vt 0.9335989952087402 5.628605842590332
vt 0.9335989952087402 6.439949989318848
vt 0 0
vt 0.9335989952087402 2.402614116668701
vt 0 2.4213318824768066
vt 0 2.4213318824768066
vt 0.9335989952087402 2.402614116668701
vt 0.9335989952087402 3.1945741176605225
vt 0 2.4213318824768066
vt 0.9335989952087402 3.1945741176605225
vt 0.9335989952087402 4.005918979644775
vt 0.9335989952087402 4.817262172698975
vt 0 2.4213318824768066
vt 0.9335989952087402 4.005918979644775
vt 10.21124267578125 0.818693995475769
vt 10.998967170715332 0.026732999831438065
vt 10.998967170715332 0.818693995475769
vt 9.423518180847168 0.818693995475769
vt 9.423518180847168 0.026732999831438065
vt 10.21124267578125 0.026732999831438065
vt 1.8671989440917969 0.818693995475769
vt 1.8671989440917969 0.026732999831438065
vt 2.713273048400879 0.026732999831438065
vt 2.713273048400879 0.818693995475769
vt 1.8671989440917969 0.818693995475769
vt 2.713273048400879 0.026732999831438065
vt 13.362140655517578 2.402614116668701
vt 14.14986515045166 2.402614116668701
vt 13.362140655517578 3.1945741176605225
vt 13.362140655517578 3.1945741176605225
vt 14.14986515045166 2.402614116668701
vt 14.14986515045166 3.1945741176605225
vt 13.362140655517578 3.1945741176605225
vt 14.14986515045166 3.1945741176605225
vt 13.362140655517578 4.005918979644775
vt 13.362140655517578 4.005918979644775
vt 14.14986515045166 3.1945741176605225
vt 14.14986515045166 4.005918979644775
vt 13.362140655517578 4.005918979644775
vt 14.14986515045166 4.005918979644775
vt 13.362140655517578 4.817262172698975
vt 12.574416160583496 2.402614116668701
vt 13.362140655517578 2.402614116668701
vt 12.574416160583496 3.1945741176605225
vt 12.574416160583496 3.1945741176605225
vt 13.362140655517578 2.402614116668701
vt 13.362140655517578 3.1945741176605225
vt 12.574416160583496 3.1945741176605225
vt 13.362140655517578 3.1945741176605225
vt 12.574416160583496 4.005918979644775
vt 12.574416160583496 4.005918979644775
vt 13.362140655517578 3.1945741176605225
vt 13.362140655517578 4.005918979644775
vt 12.574416160583496 4.005918979644775
vt 13.362140655517578 4.005918979644775
vt 12.574416160583496 4.817262172698975
vt 12.574416160583496 4.817262172698975
vt 13.362140655517578 4.005918979644775
vt 13.362140655517578 4.817262172698975
vt 12.574416160583496 4.817262172698975
vt 13.362140655517578 4.817262172698975
vt 12.574416160583496 5.628605842590332
vt 11.786691665649414 2.402614116668701
vt 12.574416160583496 2.402614116668701
vt 11.786691665649414 3.1945741176605225
vt 11.786691665649414 3.1945741176605225
vt 12.574416160583496 2.402614116668701
vt 12.574416160583496 3.1945741176605225
vt 11.786691665649414 3.1945741176605225
vt 12.574416160583496 3.1945741176605225
vt 11.786691665649414 4.005918979644775
vt 11.786691665649414 4.005918979644775
vt 12.574416160583496 3.1945741176605225
vt 12.574416160583496 4.005918979644775
vt 11.786691665649414 4.005918979644775
vt 12.574416160583496 4.005918979644775
vt 11.786691665649414 4.817262172698975
vt 11.786691665649414 4.817262172698975
vt 12.574416160583496 4.005918979644775
vt 12.574416160583496 4.817262172698975
vt 11.786691665649414 4.817262172698975
vt 12.574416160583496 4.817262172698975
vt 11.786691665649414 5.628605842590332
vt 11.786691665649414 5.628605842590332
vt 12.574416160583496 4.817262172698975
vt 12.574416160583496 5.628605842590332
vt 11.786691665649414 5.628605842590332
vt 12.574416160583496 5.628605842590332
vt 11.786691665649414 6.439949989318848
vt 10.998967170715332 2.402614116668701
vt 11.786691665649414 2.402614116668701
vt 10.998967170715332 3.1945741176605225
vt 10.998967170715332 3.1945741176605225
vt 11.786691665649414 2.402614116668701
vt 11.786691665649414 3.1945741176605225
vt 10.998967170715332 3.1945741176605225
vt 11.786691665649414 3.1945741176605225
vt 10.998967170715332 4.005918979644775
vt 10.998967170715332 4.005918979644775
vt 11.786691665649414 3.1945741176605225
vt 11.786691665649414 4.005918979644775
vt 10.998967170715332 4.005918979644775
vt 11.786691665649414 4.005918979644775
vt 10.998967170715332 4.817262172698975
vt 10.998967170715332 4.817262172698975
vt 11.786691665649414 4.005918979644775
vt 11.786691665649414 4.817262172698975
vt 10.998967170715332 4.817262172698975
vt 11.786691665649414 4.817262172698975
vt 10.998967170715332 5.628605842590332
vt 10.998967170715332 5.628605842590332
vt 11.786691665649414 4.817262172698975
vt 11.786691665649414 5.628605842590332
vt 10.998967170715332 5.628605842590332
vt 11.786691665649414 5.628605842590332
vt 10.998967170715332 6.439949989318848
vt 10.998967170715332 6.439949989318848
vt 11.786691665649414 5.628605842590332
vt 11.786691665649414 6.439949989318848
vt 10.998967170715332 6.439949989318848
vt 11.786691665649414 6.439949989318848
vt 10.998967170715332 7.251294136047363
vt 10.21124267578125 2.402614116668701
vt 10.998967170715332 2.402614116668701
vt 10.21124267578125 3.1945741176605225
vt 10.21124267578125 3.1945741176605225
vt 10.998967170715332 2.402614116668701
vt 10.998967170715332 3.1945741176605225
vt 10.21124267578125 3.1945741176605225
vt 10.998967170715332 3.1945741176605225
vt 10.21124267578125 4.005918979644775
vt 10.21124267578125 4.005918979644775
vt 10.998967170715332 3.1945741176605225
vt 10.998967170715332 4.005918979644775
vt 10.21124267578125 4.005918979644775
vt 10.998967170715332 4.005918979644775
vt 10.21124267578125 4.817262172698975
vt 10.21124267578125 4.817262172698975
vt 10.998967170715332 4.005918979644775
vt 10.998967170715332 4.817262172698975
vt 10.21124267578125 4.817262172698975
vt 10.998967170715332 4.817262172698975
vt 10.21124267578125 5.628605842590332
vt 10.21124267578125 5.628605842590332
vt 10.998967170715332 4.817262172698975
vt 10.998967170715332 5.628605842590332
vt 10.21124267578125 5.628605842590332
vt 10.998967170715332 5.628605842590332
vt 10.21124267578125 6.439949989318848
vt 10.21124267578125 6.439949989318848
vt 10.998967170715332 5.628605842590332
vt 10.998967170715332 6.439949989318848
vt 10.21124267578125 6.439949989318848
vt 10.998967170715332 6.439949989318848
vt 10.21124267578125 7.251294136047363
vt 10.21124267578125 7.251294136047363
vt 10.998967170715332 6.439949989318848
vt 10.998967170715332 7.251294136047363
vt 10.21124267578125 7.251294136047363
vt 10.998967170715332 7.251294136047363
vt 10.21124267578125 8.062638282775879
vt 9.423518180847168 2.402614116668701
vt 10.21124267578125 2.402614116668701
vt 9.423518180847168 3.1945741176605225
vt 9.423518180847168 3.1945741176605225
vt 10.21124267578125 2.402614116668701
vt 10.21124267578125 3.1945741176605225
vt 9.423518180847168 3.1945741176605225
vt 10.21124267578125 3.1945741176605225
vt 9.423518180847168 4.005918979644775
vt 9.423518180847168 4.005918979644775
vt 10.21124267578125 3.1945741176605225
vt 10.21124267578125 4.005918979644775
vt 9.423518180847168 4.005918979644775
vt 10.21124267578125 4.005918979644775
vt 9.423518180847168 4.817262172698975
vt 9.423518180847168 4.817262172698975
vt 10.21124267578125 4.005918979644775
vt 10.21124267578125 4.817262172698975
vt 9.423518180847168 4.817262172698975
vt 10.21124267578125 4.817262172698975
vt 9.423518180847168 5.628605842590332
vt 9.423518180847168 5.628605842590332
vt 10.21124267578125 4.817262172698975
vt 10.21124267578125 5.628605842590332
vt 9.423518180847168 5.628605842590332
vt 10.21124267578125 5.628605842590332
vt 9.423518180847168 6.439949989318848
vt 9.423518180847168 6.439949989318848
vt 10.21124267578125 5.628605842590332
vt 10.21124267578125 6.439949989318848
vt 9.423518180847168 6.439949989318848
vt 10.21124267578125 6.439949989318848
vt 9.423518180847168 7.251294136047363
vt 9.423518180847168 7.251294136047363
vt 10.21124267578125 6.439949989318848
vt 10.21124267578125 7.251294136047363
vt 9.423518180847168 7.251294136047363
vt 10.21124267578125 7.251294136047363
vt 9.423518180847168 8.062638282775879
vt 9.423518180847168 8.062638282775879
vt 10.21124267578125 7.251294136047363
vt 10.21124267578125 8.062638282775879
vt 9.423518180847168 8.062638282775879
vt 10.21124267578125 8.062638282775879
vt 9.423518180847168 8.873982429504395
vt 8.635793685913086 2.402614116668701
vt 9.423518180847168 2.402614116668701
vt 8.635793685913086 3.1945741176605225
vt 8.635793685913086 3.1945741176605225
vt 9.423518180847168 2.402614116668701
vt 9.423518180847168 3.1945741176605225
vt 8.635793685913086 3.1945741176605225
vt 9.423518180847168 3.1945741176605225
vt 8.635793685913086 4.005918979644775
vt 8.635793685913086 4.005918979644775
vt 9.423518180847168 3.1945741176605225
vt 9.423518180847168 4.005918979644775
vt 8.635793685913086 4.005918979644775
vt 9.423518180847168 4.005918979644775
vt 8.635793685913086 4.817262172698975
vt 8.635793685913086 4.817262172698975
vt 9.423518180847168 4.005918979644775
vt 9.423518180847168 4.817262172698975
vt 8.635793685913086 4.817262172698975
vt 9.423518180847168 4.817262172698975
vt 8.635793685913086 5.628605842590332
vt 8.635793685913086 5.628605842590332
vt 9.423518180847168 4.817262172698975
vt 9.423518180847168 5.628605842590332
vt 8.635793685913086 5.628605842590332
vt 9.423518180847168 5.628605842590332
vt 8.635793685913086 6.439949989318848
vt 8.635793685913086 6.439949989318848
vt 9.423518180847168 5.628605842590332
vt 9.423518180847168 6.439949989318848
vt 8.635793685913086 6.439949989318848
vt 9.423518180847168 6.439949989318848
vt 8.635793685913086 7.251294136047363
vt 8.635793685913086 7.251294136047363
vt 9.423518180847168 6.439949989318848
vt 9.423518180847168 7.251294136047363
vt 8.635793685913086 7.251294136047363
vt 9.423518180847168 7.251294136047363
vt 8.635793685913086 8.062638282775879
vt 8.635793685913086 8.062638282775879
vt 9.423518180847168 7.251294136047363
vt 9.423518180847168 8.062638282775879
vt 8.635793685913086 8.062638282775879
vt 9.423518180847168 8.062638282775879
vt 8.635793685913086 8.873982429504395
vt 8.635793685913086 8.873982429504395
vt 9.423518180847168 8.062638282775879
vt 9.423518180847168 8.873982429504395
vt 7.789720058441162 2.402614116668701
vt 8.635793685913086 2.402614116668701
vt 7.789720058441162 3.1945741176605225
vt 7.789720058441162 3.1945741176605225
vt 8.635793685913086 2.402614116668701
vt 8.635793685913086 3.1945741176605225
vt 7.789720058441162 3.1945741176605225
vt 8.635793685913086 3.1945741176605225
vt 7.789720058441162 4.005918979644775
vt 7.789720058441162 4.005918979644775
vt 8.635793685913086 3.1945741176605225
vt 8.635793685913086 4.005918979644775
vt 7.789720058441162 4.005918979644775
vt 8.635793685913086 4.005918979644775
vt 7.789720058441162 4.817262172698975
vt 7.789720058441162 4.817262172698975
vt 8.635793685913086 4.005918979644775
vt 8.635793685913086 4.817262172698975
vt 7.789720058441162 4.817262172698975
vt 8.635793685913086 4.817262172698975
vt 7.789720058441162 5.628605842590332
vt 7.789720058441162 5.628605842590332
vt 8.635793685913086 4.817262172698975
vt 8.635793685913086 5.628605842590332
vt 7.789720058441162 5.628605842590332
vt 8.635793685913086 5.628605842590332
vt 7.789720058441162 6.439949989318848
vt 7.789720058441162 6.439949989318848
vt 8.635793685913086 5.628605842590332
vt 8.635793685913086 6.439949989318848
vt 7.789720058441162 6.439949989318848
vt 8.635793685913086 6.439949989318848
vt 7.789720058441162 7.251294136047363
vt 7.789720058441162 7.251294136047363
vt 8.635793685913086 6.439949989318848
vt 8.635793685913086 7.251294136047363
vt 7.789720058441162 7.251294136047363
vt 8.635793685913086 7.251294136047363
vt 7.789720058441162 8.062638282775879
vt 7.789720058441162 8.062638282775879
vt 8.635793685913086 7.251294136047363
vt 8.635793685913086 8.062638282775879
vt 7.789720058441162 8.062638282775879
vt 8.635793685913086 8.062638282775879
vt 7.789720058441162 8.873982429504395
vt 7.789720058441162 8.873982429504395
vt 8.635793685913086 8.062638282775879
vt 8.635793685913086 8.873982429504395
vt 6.943645000457764 2.402614116668701
vt 7.789720058441162 2.402614116668701
vt 6.943645000457764 3.1945741176605225
vt 6.943645000457764 3.1945741176605225
vt 7.789720058441162 2.402614116668701
vt 7.789720058441162 3.1945741176605225
vt 6.943645000457764 3.1945741176605225
vt 7.789720058441162 3.1945741176605225
vt 6.943645000457764 4.005918979644775
vt 6.943645000457764 4.005918979644775
vt 7.789720058441162 3.1945741176605225
vt 7.789720058441162 4.005918979644775
vt 6.943645000457764 4.005918979644775
vt 7.789720058441162 4.005918979644775
vt 6.943645000457764 4.817262172698975
vt 6.943645000457764 4.817262172698975
vt 7.789720058441162 4.005918979644775
vt 7.789720058441162 4.817262172698975
vt 6.943645000457764 4.817262172698975
vt 7.789720058441162 4.817262172698975
vt 6.943645000457764 5.628605842590332
vt 6.943645000457764 5.628605842590332
vt 7.789720058441162 4.817262172698975
vt 7.789720058441162 5.628605842590332
vt 6.943645000457764 5.628605842590332
vt 7.789720058441162 5.628605842590332
vt 6.943645000457764 6.439949989318848
vt 6.943645000457764 6.439949989318848
vt 7.789720058441162 5.628605842590332
vt 7.789720058441162 6.439949989318848
vt 6.943645000457764 6.439949989318848
vt 7.789720058441162 6.439949989318848
vt 6.943645000457764 7.251294136047363
vt 6.943645000457764 7.251294136047363
vt 7.789720058441162 6.439949989318848
vt 7.789720058441162 7.251294136047363
vt 6.943645000457764 7.251294136047363
vt 7.789720058441162 7.251294136047363
vt 6.943645000457764 8.062638282775879
vt 6.943645000457764 8.062638282775879
vt 7.789720058441162 7.251294136047363
vt 7.789720058441162 8.062638282775879
vt 6.943645000457764 8.062638282775879
vt 7.789720058441162 8.062638282775879
vt 6.943645000457764 8.873982429504395
vt 6.943645000457764 8.873982429504395
vt 7.789720058441162 8.062638282775879
vt 7.789720058441162 8.873982429504395
vt 6.097570896148682 2.402614116668701
vt 6.943645000457764 2.402614116668701
vt 6.097570896148682 3.1945741176605225
vt 6.097570896148682 3.1945741176605225
vt 6.943645000457764 2.402614116668701
vt 6.943645000457764 3.1945741176605225
vt 6.097570896148682 3.1945741176605225
vt 6.943645000457764 3.1945741176605225
vt 6.097570896148682 4.005918979644775
vt 6.097570896148682 4.005918979644775
vt 6.943645000457764 3.1945741176605225
vt 6.943645000457764 4.005918979644775
vt 6.097570896148682 4.005918979644775
vt 6.943645000457764 4.005918979644775
vt 6.097570896148682 4.817262172698975
vt 6.097570896148682 4.817262172698975
vt 6.943645000457764 4.005918979644775
vt 6.943645000457764 4.817262172698975
vt 6.097570896148682 4.817262172698975
vt 6.943645000457764 4.817262172698975
vt 6.097570896148682 5.628605842590332
vt 6.097570896148682 5.628605842590332
vt 6.943645000457764 4.817262172698975
vt 6.943645000457764 5.628605842590332
vt 6.097570896148682 5.628605842590332
vt 6.943645000457764 5.628605842590332
vt 6.097570896148682 6.439949989318848
vt 6.097570896148682 6.439949989318848
vt 6.943645000457764 5.628605842590332
vt 6.943645000457764 6.439949989318848
vt 6.097570896148682 6.439949989318848
vt 6.943645000457764 6.439949989318848
vt 6.097570896148682 7.251294136047363
vt 6.097570896148682 7.251294136047363
vt 6.943645000457764 6.439949989318848
vt 6.943645000457764 7.251294136047363
vt 6.097570896148682 7.251294136047363
vt 6.943645000457764 7.251294136047363
vt 6.097570896148682 8.062638282775879
vt 6.097570896148682 8.062638282775879
vt 6.943645000457764 7.251294136047363
vt 6.943645000457764 8.062638282775879
vt 6.097570896148682 8.062638282775879
vt 6.943645000457764 8.062638282775879
vt 6.097570896148682 8.873982429504395
vt 6.097570896148682 8.873982429504395
vt 6.943645000457764 8.062638282775879
vt 6.943645000457764 8.873982429504395
vt 5.251495838165283 2.402614116668701
vt 6.097570896148682 2.402614116668701
vt 5.251495838165283 3.1945741176605225
vt 5.251495838165283 3.1945741176605225
vt 6.097570896148682 2.402614116668701
vt 6.097570896148682 3.1945741176605225
vt 5.251495838165283 3.1945741176605225
vt 6.097570896148682 3.1945741176605225
vt 5.251495838165283 4.005918979644775
vt 5.251495838165283 4.005918979644775
vt 6.097570896148682 3.1945741176605225
vt 6.097570896148682 4.005918979644775
vt 5.251495838165283 4.005918979644775
vt 6.097570896148682 4.005918979644775
vt 5.251495838165283 4.817262172698975
vt 5.251495838165283 4.817262172698975
vt 6.097570896148682 4.005918979644775
vt 6.097570896148682 4.817262172698975
vt 5.251495838165283 4.817262172698975
vt 6.097570896148682 4.817262172698975
vt 5.251495838165283 5.628605842590332
vt 5.251495838165283 5.628605842590332
vt 6.097570896148682 4.817262172698975
vt 6.097570896148682 5.628605842590332
vt 5.251495838165283 5.628605842590332
vt 6.097570896148682 5.628605842590332
vt 5.251495838165283 6.439949989318848
vt 5.251495838165283 6.439949989318848
vt 6.097570896148682 5.628605842590332
vt 6.097570896148682 6.439949989318848
vt 5.251495838165283 6.439949989318848
vt 6.097570896148682 6.439949989318848
vt 5.251495838165283 7.251294136047363
vt 5.251495838165283 7.251294136047363
vt 6.097570896148682 6.439949989318848
vt 6.097570896148682 7.251294136047363
vt 5.251495838165283 7.251294136047363
vt 6.097570896148682 7.251294136047363
vt 5.251495838165283 8.062638282775879
vt 5.251495838165283 8.062638282775879
vt 6.097570896148682 7.251294136047363
vt 6.097570896148682 8.062638282775879
vt 5.251495838165283 8.062638282775879
vt 6.097570896148682 8.062638282775879
vt 5.251495838165283 8.873982429504395
vt 5.251495838165283 8.873982429504395
vt 6.097570896148682 8.062638282775879
vt 6.097570896148682 8.873982429504395
vt 4.405422210693359 2.402614116668701
vt 5.251495838165283 2.402614116668701
vt 4.405422210693359 3.1945741176605225
vt 4.405422210693359 3.1945741176605225
vt 5.251495838165283 2.402614116668701
vt 5.251495838165283 3.1945741176605225
vt 4.405422210693359 3.1945741176605225
vt 5.251495838165283 3.1945741176605225
vt 4.405422210693359 4.005918979644775
vt 4.405422210693359 4.005918979644775
vt 5.251495838165283 3.1945741176605225
vt 5.251495838165283 4.005918979644775
vt 4.405422210693359 4.005918979644775
vt 5.251495838165283 4.005918979644775
vt 4.405422210693359 4.817262172698975
vt 4.405422210693359 4.817262172698975
vt 5.251495838165283 4.005918979644775
vt 5.251495838165283 4.817262172698975
vt 4.405422210693359 4.817262172698975
vt 5.251495838165283 4.817262172698975
vt 4.405422210693359 5.628605842590332
vt 4.405422210693359 5.628605842590332
vt 5.251495838165283 4.817262172698975
vt 5.251495838165283 5.628605842590332
vt 4.405422210693359 5.628605842590332
vt 5.251495838165283 5.628605842590332
vt 4.405422210693359 6.439949989318848
vt 4.405422210693359 6.439949989318848
vt 5.251495838165283 5.628605842590332
vt 5.251495838165283 6.439949989318848
vt 4.405422210693359 6.439949989318848
vt 5.251495838165283 6.439949989318848
vt 4.405422210693359 7.251294136047363
vt 4.405422210693359 7.251294136047363
vt 5.251495838165283 6.439949989318848
vt 5.251495838165283 7.251294136047363
vt 4.405422210693359 7.251294136047363
vt 5.251495838165283 7.251294136047363
vt 4.405422210693359 8.062638282775879
vt 4.405422210693359 8.062638282775879
vt 5.251495838165283 7.251294136047363
vt 5.251495838165283 8.062638282775879
vt 4.405422210693359 8.062638282775879
vt 5.251495838165283 8.062638282775879
vt 4.405422210693359 8.873982429504395
vt 4.405422210693359 8.873982429504395
vt 5.251495838165283 8.062638282775879
vt 5.251495838165283 8.873982429504395
vt 3.5593481063842773 2.402614116668701
vt 4.405422210693359 2.402614116668701
vt 3.5593481063842773 3.1945741176605225
vt 3.5593481063842773 3.1945741176605225
vt 4.405422210693359 2.402614116668701
vt 4.405422210693359 3.1945741176605225
vt 3.5593481063842773 3.1945741176605225
vt 4.405422210693359 3.1945741176605225
vt 3.5593481063842773 4.005918979644775
vt 3.5593481063842773 4.005918979644775
vt 4.405422210693359 3.1945741176605225
vt 4.405422210693359 4.005918979644775
vt 3.5593481063842773 4.005918979644775
vt 4.405422210693359 4.005918979644775
vt 3.5593481063842773 4.817262172698975
vt 3.5593481063842773 4.817262172698975
vt 4.405422210693359 4.005918979644775
vt 4.405422210693359 4.817262172698975
vt 3.5593481063842773 4.817262172698975
vt 4.405422210693359 4.817262172698975
vt 3.5593481063842773 5.628605842590332
vt 3.5593481063842773 5.628605842590332
vt 4.405422210693359 4.817262172698975
vt 4.405422210693359 5.628605842590332
vt 3.5593481063842773 5.628605842590332
vt 4.405422210693359 5.628605842590332
vt 3.5593481063842773 6.439949989318848
vt 3.5593481063842773 6.439949989318848
vt 4.405422210693359 5.628605842590332
vt 4.405422210693359 6.439949989318848
vt 3.5593481063842773 6.439949989318848
vt 4.405422210693359 6.439949989318848
vt 3.5593481063842773 7.251294136047363
vt 3.5593481063842773 7.251294136047363
vt 4.405422210693359 6.439949989318848
vt 4.405422210693359 7.251294136047363
vt 3.5593481063842773 7.251294136047363
vt 4.405422210693359 7.251294136047363
vt 3.5593481063842773 8.062638282775879
vt 3.5593481063842773 8.062638282775879
vt 4.405422210693359 7.251294136047363
vt 4.405422210693359 8.062638282775879
vt 3.5593481063842773 8.062638282775879
vt 4.405422210693359 8.062638282775879
vt 3.5593481063842773 8.873982429504395
vt 3.5593481063842773 8.873982429504395
vt 4.405422210693359 8.062638282775879
vt 4.405422210693359 8.873982429504395
vt 2.713273048400879 2.402614116668701
vt 3.5593481063842773 2.402614116668701
vt 2.713273048400879 3.1945741176605225
vt 2.713273048400879 3.1945741176605225
vt 3.5593481063842773 2.402614116668701
vt 3.5593481063842773 3.1945741176605225
vt 2.713273048400879 3.1945741176605225
vt 3.5593481063842773 3.1945741176605225
vt 2.713273048400879 4.005918979644775
vt 2.713273048400879 4.005918979644775
vt 3.5593481063842773 3.1945741176605225
vt 3.5593481063842773 4.005918979644775
vt 2.713273048400879 4.005918979644775
vt 3.5593481063842773 4.005918979644775
vt 2.713273048400879 4.817262172698975
vt 2.713273048400879 4.817262172698975
vt 3.5593481063842773 4.005918979644775
vt 3.5593481063842773 4.817262172698975
vt 2.713273048400879 4.817262172698975
vt 3.5593481063842773 4.817262172698975
vt 2.713273048400879 5.628605842590332
vt 2.713273048400879 5.628605842590332
vt 3.5593481063842773 4.817262172698975
vt 3.5593481063842773 5.628605842590332
vt 2.713273048400879 5.628605842590332
vt 3.5593481063842773 5.628605842590332
vt 2.713273048400879 6.439949989318848
vt 2.713273048400879 6.439949989318848
vt 3.5593481063842773 5.628605842590332
vt 3.5593481063842773 6.439949989318848
vt 2.713273048400879 6.439949989318848
vt 3.5593481063842773 6.439949989318848
vt 2.713273048400879 7.251294136047363
vt 2.713273048400879 7.251294136047363
vt 3.5593481063842773 6.439949989318848
vt 3.5593481063842773 7.251294136047363
vt 2.713273048400879 7.251294136047363
vt 3.5593481063842773 7.251294136047363
vt 2.713273048400879 8.062638282775879
vt 2.713273048400879 8.062638282775879
vt 3.5593481063842773 7.251294136047363
vt 3.5593481063842773 8.062638282775879
vt 2.713273048400879 8.062638282775879
vt 3.5593481063842773 8.062638282775879
vt 2.713273048400879 8.873982429504395
vt 2.713273048400879 8.873982429504395
vt 3.5593481063842773 8.062638282775879
vt 3.5593481063842773 8.873982429504395
vt 1.8671989440917969 2.402614116668701
vt 2.713273048400879 2.402614116668701
vt 1.8671989440917969 3.1945741176605225
vt 1.8671989440917969 3.1945741176605225
vt 2.713273048400879 2.402614116668701
vt 2.713273048400879 3.1945741176605225
vt 1.8671989440917969 3.1945741176605225
vt 2.713273048400879 3.1945741176605225
vt 1.8671989440917969 4.005918979644775
vt 1.8671989440917969 4.005918979644775
vt 2.713273048400879 3.1945741176605225
vt 2.713273048400879 4.005918979644775
vt 1.8671989440917969 4.005918979644775
vt 2.713273048400879 4.005918979644775
vt 1.8671989440917969 4.817262172698975
vt 1.8671989440917969 4.817262172698975
vt 2.713273048400879 4.005918979644775
vt 2.713273048400879 4.817262172698975
vt 1.8671989440917969 4.817262172698975
vt 2.713273048400879 4.817262172698975
vt 1.8671989440917969 5.628605842590332
vt 1.8671989440917969 5.628605842590332
vt 2.713273048400879 4.817262172698975
vt 2.713273048400879 5.628605842590332
vt 1.8671989440917969 5.628605842590332
vt 2.713273048400879 5.628605842590332
vt 1.8671989440917969 6.439949989318848
vt 1.8671989440917969 6.439949989318848
vt 2.713273048400879 5.628605842590332
vt 2.713273048400879 6.439949989318848
vt 1.8671989440917969 6.439949989318848
vt 2.713273048400879 6.439949989318848
vt 1.8671989440917969 7.251294136047363
vt 1.8671989440917969 7.251294136047363
vt 2.713273048400879 6.439949989318848
vt 2.713273048400879 7.251294136047363
vt 1.8671989440917969 7.251294136047363
vt 2.713273048400879 7.251294136047363
vt 1.8671989440917969 8.062638282775879
vt 1.8671989440917969 8.062638282775879
vt 2.713273048400879 7.251294136047363
vt 2.713273048400879 8.062638282775879
vt 1.8671989440917969 8.062638282775879
vt 2.713273048400879 8.062638282775879
vt 1.8671989440917969 8.873982429504395
vt 1.8671989440917969 8.873982429504395
vt 2.713273048400879 8.062638282775879
vt 2.713273048400879 8.873982429504395
vt 14.14986515045166 7.251294136047363
vt 14.14986515045166 8.062638282775879
vt 13.362140655517578 8.062638282775879
vt 13.362140655517578 8.062638282775879
vt 14.14986515045166 8.062638282775879
vt 13.362140655517578 8.873982429504395
vt 13.362140655517578 8.062638282775879
vt 13.362140655517578 8.873982429504395
vt 12.574416160583496 8.873982429504395
vt 14.14986515045166 8.873982429504395
vt 13.362140655517578 8.873982429504395
vt 14.14986515045166 8.062638282775879
vt 21.03919219970703 0
vt 20.339191436767578 0
vt 21.03919219970703 -1.7592920064926147
vt 21.03919219970703 -1.7592920064926147
vt 20.339191436767578 0
vt 20.339191436767578 -1.7592920064926147
vt 21.03919219970703 -1.7592920064926147
vt 20.339191436767578 -1.7592920064926147
vt 21.03919219970703 -3.5185840129852295
vt 21.03919219970703 -3.5185840129852295
vt 20.339191436767578 -1.7592920064926147
vt 20.339191436767578 -3.5185840129852295
vt 21.03919219970703 -3.5185840129852295
vt 20.339191436767578 -3.5185840129852295
vt 21.03919219970703 -5.277874946594238
vt 21.03919219970703 -5.277874946594238
vt 20.339191436767578 -3.5185840129852295
vt 20.339191436767578 -5.277874946594238
vt 21.03919219970703 -5.277874946594238
vt 20.339191436767578 -5.277874946594238
vt 21.03919219970703 -7.037168025970459
vt 21.03919219970703 -7.037168025970459
vt 20.339191436767578 -5.277874946594238
vt 20.339191436767578 -7.037168025970459
vt 21.03919219970703 -7.037168025970459
vt 20.339191436767578 -7.037168025970459
vt 21.03919219970703 -8.796459197998047
vt 21.03919219970703 -8.796459197998047
vt 20.339191436767578 -7.037168025970459
vt 20.339191436767578 -8.796459197998047
vt 21.03919219970703 -8.796459197998047
vt 20.339191436767578 -8.796459197998047
vt 21.03919219970703 -10.555750846862793
vt 21.03919219970703 -10.555750846862793
vt 20.339191436767578 -8.796459197998047
vt 20.339191436767578 -10.555750846862793
vt 21.03919219970703 -10.555750846862793
vt 20.339191436767578 -10.555750846862793
vt 21.03919219970703 -12.315043449401855
vt 21.03919219970703 -12.315043449401855
vt 20.339191436767578 -10.555750846862793
vt 20.339191436767578 -12.315043449401855
vt 21.03919219970703 -12.315043449401855
vt 20.339191436767578 -12.315043449401855
vt 21.03919219970703 -14.074335098266602
vt 21.03919219970703 -14.074335098266602
vt 20.339191436767578 -12.315043449401855
vt 20.339191436767578 -14.074335098266602
vt 21.03919219970703 -14.074335098266602
vt 20.339191436767578 -14.074335098266602
vt 21.03919219970703 -15.833626747131348
vt 21.03919219970703 -15.833626747131348
vt 20.339191436767578 -14.074335098266602
vt 20.339191436767578 -15.833626747131348
vt 21.03919219970703 -15.833626747131348
vt 20.339191436767578 -15.833626747131348
vt 21.03919219970703 -17.592918395996094
vt 21.03919219970703 -17.592918395996094
vt 20.339191436767578 -15.833626747131348
vt 20.339191436767578 -17.592918395996094
vt -64.40365600585938 0
vt -63.90365982055664 0
vt -64.40365600585938 1.5184359550476074
vt -64.40365600585938 1.5184359550476074
vt -63.90365982055664 0
vt -63.90365982055664 1.5184359550476074
vt -64.40365600585938 1.5184359550476074
vt -63.90365982055664 1.5184359550476074
vt -64.40365600585938 3.0368731021881104
vt -64.40365600585938 3.0368731021881104
vt -63.90365982055664 1.5184359550476074
vt -63.90365982055664 3.0368731021881104
vt -64.40365600585938 3.0368731021881104
vt -63.90365982055664 3.0368731021881104
vt -64.40365600585938 4.555308818817139
vt -64.40365600585938 4.555308818817139
vt -63.90365982055664 3.0368731021881104
vt -63.90365982055664 4.555308818817139
vt -64.40365600585938 4.555308818817139
vt -63.90365982055664 4.555308818817139
vt -64.40365600585938 6.073746204376221
vt -64.40365600585938 6.073746204376221
vt -63.90365982055664 4.555308818817139
vt -63.90365982055664 6.073746204376221
vt -64.40365600585938 6.073746204376221
vt -63.90365982055664 6.073746204376221
vt -64.40365600585938 7.592182159423828
vt -64.40365600585938 7.592182159423828
vt -63.90365982055664 6.073746204376221
vt -63.90365982055664 7.592182159423828
vt -64.40365600585938 7.592182159423828
vt -63.90365982055664 7.592182159423828
vt -64.40365600585938 9.110618591308594
vt -64.40365600585938 9.110618591308594
vt -63.90365982055664 7.592182159423828
vt -63.90365982055664 9.110618591308594
vt -64.40365600585938 9.110618591308594
vt -63.90365982055664 9.110618591308594
vt -64.40365600585938 10.62905502319336
vt -64.40365600585938 10.62905502319336
vt -63.90365982055664 9.110618591308594
vt -63.90365982055664 10.62905502319336
vt -64.40365600585938 10.62905502319336
vt -63.90365982055664 10.62905502319336
vt -64.40365600585938 12.147491455078125
vt -64.40365600585938 12.147491455078125
vt -63.90365982055664 10.62905502319336
vt -63.90365982055664 12.147491455078125
vt -64.40365600585938 12.147491455078125
vt -63.90365982055664 12.147491455078125
vt -64.40365600585938 13.66592788696289
vt -64.40365600585938 13.66592788696289
vt -63.90365982055664 12.147491455078125
vt -63.90365982055664 13.66592788696289
vt -64.40365600585938 -13.66592788696289
vt -63.90365982055664 -13.66592788696289
vt -64.40365600585938 -12.147491455078125
vt -64.40365600585938 -12.147491455078125
vt -63.90365982055664 -13.66592788696289
vt -63.90365982055664 -12.147491455078125
vt -64.40365600585938 -12.147491455078125
vt -63.90365982055664 -12.147491455078125
vt -64.40365600585938 -10.62905502319336
vt -64.40365600585938 -10.62905502319336
vt -63.90365982055664 -12.147491455078125
vt -63.90365982055664 -10.62905502319336
vt -64.40365600585938 -10.62905502319336
vt -63.90365982055664 -10.62905502319336
vt -64.40365600585938 -9.110618591308594
vt -64.40365600585938 -9.110618591308594
vt -63.90365982055664 -10.62905502319336
vt -63.90365982055664 -9.110618591308594
vt -64.40365600585938 -9.110618591308594
vt -63.90365982055664 -9.110618591308594
vt -64.40365600585938 -7.592182159423828
vt -64.40365600585938 -7.592182159423828
vt -63.90365982055664 -9.110618591308594
vt -63.90365982055664 -7.592182159423828
vt -64.40365600585938 -7.592182159423828
vt -63.90365982055664 -7.592182159423828
vt -64.40365600585938 -6.073746204376221
vt -64.40365600585938 -6.073746204376221
vt -63.90365982055664 -7.592182159423828
vt -63.90365982055664 -6.073746204376221
vt -64.40365600585938 -6.073746204376221
vt -63.90365982055664 -6.073746204376221
vt -64.40365600585938 -4.555308818817139
vt -64.40365600585938 -4.555308818817139
vt -63.90365982055664 -6.073746204376221
vt -63.90365982055664 -4.555308818817139
vt -64.40365600585938 -4.555308818817139
vt -63.90365982055664 -4.555308818817139
vt -64.40365600585938 -3.0368731021881104
vt -64.40365600585938 -3.0368731021881104
vt -63.90365982055664 -4.555308818817139
vt -63.90365982055664 -3.0368731021881104
vt -64.40365600585938 -3.0368731021881104
vt -63.90365982055664 -3.0368731021881104
vt -64.40365600585938 -1.5184359550476074
vt -64.40365600585938 -1.5184359550476074
vt -63.90365982055664 -3.0368731021881104
vt -63.90365982055664 -1.5184359550476074
vt -64.40365600585938 -1.5184359550476074
vt -63.90365982055664 -1.5184359550476074
vt -64.40365600585938 0
vt -64.40365600585938 0
vt -63.90365982055664 -1.5184359550476074
vt -63.90365982055664 0
vt -4.087663173675537 -1.4877879619598389
vt -4.068869113922119 -1.4809470176696777
vt -4.349999904632568 0
vt -4.349999904632568 0
vt -4.068869113922119 -1.4809470176696777
vt -4.329999923706055 0
vt -4.349999904632568 0
vt -4.329999923706055 0
vt -4.068869113922119 1.4809470176696777
vt -4.068869113922119 -1.4809470176696777
vt -4.087663173675537 -1.4877879619598389
vt -3.316972017288208 -2.7832698822021484
vt -3.316972017288208 -2.7832698822021484
vt -4.087663173675537 -1.4877879619598389
vt -3.3322930335998535 -2.796125888824463
vt -3.316972017288208 -2.7832698822021484
vt -3.3322930335998535 -2.796125888824463
vt -2.1649999618530273 -3.749890089035034
vt -2.1649999618530273 -3.749890089035034
vt -3.3322930335998535 -2.796125888824463
vt -2.174999952316284 -3.767210006713867
vt -2.1649999618530273 -3.749890089035034
vt -2.174999952316284 -3.767210006713867
vt -0.7518969774246216 -4.264216899871826
vt -0.7518969774246216 -4.264216899871826
vt -2.174999952316284 -3.767210006713867
vt -0.755370020866394 -4.283914089202881
vt -0.7518969774246216 -4.264216899871826
vt -0.755370020866394 -4.283914089202881
vt 0.755370020866394 -4.283914089202881
vt -0.7518969774246216 -4.264216899871826
vt 0.755370020866394 -4.283914089202881
vt 0.7518969774246216 -4.264216899871826
vt 0.7518969774246216 -4.264216899871826
vt 0.755370020866394 -4.283914089202881
vt 2.174999952316284 -3.767210006713867
vt 0.7518969774246216 -4.264216899871826
vt 2.174999952316284 -3.767210006713867
vt 2.1649999618530273 -3.749890089035034
vt 2.1649999618530273 -3.749890089035034
vt 2.174999952316284 -3.767210006713867
vt 3.3322930335998535 -2.796125888824463
vt 2.1649999618530273 -3.749890089035034
vt 3.3322930335998535 -2.796125888824463
vt 3.316972017288208 -2.7832698822021484
vt 3.316972017288208 -2.7832698822021484
vt 3.3322930335998535 -2.796125888824463
vt 4.087663173675537 -1.4877879619598389
vt 3.316972017288208 -2.7832698822021484
vt 4.087663173675537 -1.4877879619598389
vt 4.068869113922119 -1.4809470176696777
vt 4.068869113922119 -1.4809470176696777
vt 4.087663173675537 -1.4877879619598389
vt 4.349999904632568 0
vt 4.068869113922119 -1.4809470176696777
vt 4.349999904632568 0
vt 4.329999923706055 0
vt 4.329999923706055 0
vt 4.349999904632568 0
vt 4.068869113922119 1.4809470176696777
vt 4.068869113922119 1.4809470176696777
vt 4.349999904632568 0
vt 4.087663173675537 1.4877879619598389
vt 4.068869113922119 1.4809470176696777
vt 4.087663173675537 1.4877879619598389
vt 3.316972017288208 2.7832698822021484
vt 3.316972017288208 2.7832698822021484
vt 4.087663173675537 1.4877879619598389
vt 3.3322930335998535 2.796125888824463
vt 3.316972017288208 2.7832698822021484
vt 3.3322930335998535 2.796125888824463
vt 2.1649999618530273 3.749890089035034
vt 2.1649999618530273 3.749890089035034
vt 3.3322930335998535 2.796125888824463
vt 2.174999952316284 3.767210006713867
vt 2.1649999618530273 3.749890089035034
vt 2.174999952316284 3.767210006713867
vt 0.7518969774246216 4.264216899871826
vt 0.7518969774246216 4.264216899871826
vt 2.174999952316284 3.767210006713867
vt 0.755370020866394 4.283914089202881
vt 0.7518969774246216 4.264216899871826
vt 0.755370020866394 4.283914089202881
vt -0.755370020866394 4.283914089202881
vt 0.7518969774246216 4.264216899871826
vt -0.755370020866394 4.283914089202881
vt -0.7518969774246216 4.264216899871826
vt -0.7518969774246216 4.264216899871826
vt -0.755370020866394 4.283914089202881
vt -2.174999952316284 3.767210006713867
vt -0.7518969774246216 4.264216899871826
vt -2.174999952316284 3.767210006713867
vt -2.1649999618530273 3.749890089035034
vt -2.1649999618530273 3.749890089035034
vt -2.174999952316284 3.767210006713867
vt -3.3322930335998535 2.796125888824463
vt -2.1649999618530273 3.749890089035034
vt -3.3322930335998535 2.796125888824463
vt -3.316972017288208 2.7832698822021484
vt -3.316972017288208 2.7832698822021484
vt -3.3322930335998535 2.796125888824463
vt -4.087663173675537 1.4877879619598389
vt -3.316972017288208 2.7832698822021484
vt -4.087663173675537 1.4877879619598389
vt -4.068869113922119 1.4809470176696777
vt -4.068869113922119 1.4809470176696777
vt -4.087663173675537 1.4877879619598389
vt -4.349999904632568 0
vt 0.8483859896659851 4.266478061676025
vt 0 4.349999904632568
vt 0 4.329999923706055
vt 0 4.329999923706055
vt 0 4.349999904632568
vt -0.8483859896659851 4.266478061676025
vt 0 4.329999923706055
vt -0.8483859896659851 4.266478061676025
vt -0.8447409868240356 4.246799945831299
vt -0.8447409868240356 4.246799945831299
vt -0.8483859896659851 4.266478061676025
vt -1.6649069786071777 4.018787860870361
vt -0.8447409868240356 4.246799945831299
vt -1.6649069786071777 4.018787860870361
vt -1.657019019126892 4.0003981590271
vt -1.657019019126892 4.0003981590271
vt -1.6649069786071777 4.018787860870361
vt -2.405618906021118 3.6002631187438965
vt -2.405618906021118 3.6002631187438965
vt -1.6649069786071777 4.018787860870361
vt -2.4167819023132324 3.61680006980896
vt -2.405618906021118 3.6002631187438965
vt -2.4167819023132324 3.61680006980896
vt -3.0757479667663574 3.076093912124634
vt -2.405618906021118 3.6002631187438965
vt -3.0757479667663574 3.076093912124634
vt -3.061772108078003 3.061772108078003
vt -3.061772108078003 3.061772108078003
vt -3.0757479667663574 3.076093912124634
vt -3.616776943206787 2.4168100357055664
vt -3.061772108078003 3.061772108078003
vt -3.616776943206787 2.4168100357055664
vt -3.6002631187438965 2.405618906021118
vt -3.6002631187438965 2.405618906021118
vt -3.616776943206787 2.4168100357055664
vt -4.018820762634277 1.6648290157318115
vt -3.6002631187438965 2.405618906021118
vt -4.018820762634277 1.6648290157318115
vt -4.0003981590271 1.657019019126892
vt -4.0003981590271 1.657019019126892
vt -4.018820762634277 1.6648290157318115
vt -4.266357898712158 0.8486430048942566
vt -4.0003981590271 1.657019019126892
vt -4.266357898712158 0.8486430048942566
vt -4.246799945831299 0.8447409868240356
vt -4.246799945831299 0.8447409868240356
vt -4.266357898712158 0.8486430048942566
vt -4.350008964538574 0
vt -4.246799945831299 0.8447409868240356
vt -4.350008964538574 0
vt -4.329999923706055 0
vt -4.329999923706055 0
vt -4.350008964538574 0
vt -4.246799945831299 -0.8447409868240356
vt -4.246799945831299 -0.8447409868240356
vt -4.350008964538574 0
vt -4.266357898712158 -0.8486430048942566
vt -4.246799945831299 -0.8447409868240356
vt -4.266357898712158 -0.8486430048942566
vt -4.0003981590271 -1.657019019126892
vt -4.0003981590271 -1.657019019126892
vt -4.266357898712158 -0.8486430048942566
vt -4.018820762634277 -1.6648290157318115
vt -4.0003981590271 -1.657019019126892
vt -4.018820762634277 -1.6648290157318115
vt -3.6002631187438965 -2.405618906021118
vt -3.6002631187438965 -2.405618906021118
vt -4.018820762634277 -1.6648290157318115
vt -3.616776943206787 -2.4168100357055664
vt -3.6002631187438965 -2.405618906021118
vt -3.616776943206787 -2.4168100357055664
vt -3.061772108078003 -3.061772108078003
vt -3.061772108078003 -3.061772108078003
vt -3.616776943206787 -2.4168100357055664
vt -3.0757479667663574 -3.076093912124634
vt -3.061772108078003 -3.061772108078003
vt -3.0757479667663574 -3.076093912124634
vt -2.405618906021118 -3.6002631187438965
vt -2.405618906021118 -3.6002631187438965
vt -3.0757479667663574 -3.076093912124634
vt -2.4167819023132324 -3.61680006980896
vt -2.405618906021118 -3.6002631187438965
vt -2.4167819023132324 -3.61680006980896
vt -1.6649069786071777 -4.018787860870361
vt -0.8483859896659851 -4.266478061676025
vt -0.8447409868240356 -4.246799945831299
vt -1.6649069786071777 -4.018787860870361
vt -1.6649069786071777 -4.018787860870361
vt -0.8447409868240356 -4.246799945831299
vt -1.657019019126892 -4.0003981590271
vt -1.6649069786071777 -4.018787860870361
vt -1.657019019126892 -4.0003981590271
vt -2.405618906021118 -3.6002631187438965
vt -0.8447409868240356 -4.246799945831299
vt -0.8483859896659851 -4.266478061676025
vt 0 -4.329999923706055
vt 0 -4.329999923706055
vt -0.8483859896659851 -4.266478061676025
vt 0 -4.349999904632568
vt 0 -4.329999923706055
vt 0 -4.349999904632568
vt 0.8483859896659851 -4.266478061676025
vt 0 -4.329999923706055
vt 0.8483859896659851 -4.266478061676025
vt 0.8447409868240356 -4.246799945831299
vt 0.8447409868240356 -4.246799945831299
vt 0.8483859896659851 -4.266478061676025
vt 1.6649069786071777 -4.018787860870361
vt 0.8447409868240356 -4.246799945831299
vt 1.6649069786071777 -4.018787860870361
vt 1.657019019126892 -4.0003981590271
vt 1.657019019126892 -4.0003981590271
vt 1.6649069786071777 -4.018787860870361
vt 2.405618906021118 -3.6002631187438965
vt 2.405618906021118 -3.6002631187438965
vt 1.6649069786071777 -4.018787860870361
vt 2.4167819023132324 -3.61680006980896
vt 2.405618906021118 -3.6002631187438965
vt 2.4167819023132324 -3.61680006980896
vt 3.0757479667663574 -3.076093912124634
vt 2.405618906021118 -3.6002631187438965
vt 3.0757479667663574 -3.076093912124634
vt 3.061772108078003 -3.061772108078003
vt 3.061772108078003 -3.061772108078003
vt 3.0757479667663574 -3.076093912124634
vt 3.616776943206787 -2.4168100357055664
vt 3.061772108078003 -3.061772108078003
vt 3.616776943206787 -2.4168100357055664
vt 3.6002631187438965 -2.405618906021118
vt 3.6002631187438965 -2.405618906021118
vt 3.616776943206787 -2.4168100357055664
vt 4.018820762634277 -1.6648290157318115
vt 3.6002631187438965 -2.405618906021118
vt 4.018820762634277 -1.6648290157318115
vt 4.0003981590271 -1.657019019126892
vt 4.0003981590271 -1.657019019126892
vt 4.018820762634277 -1.6648290157318115
vt 4.266357898712158 -0.8486430048942566
vt 4.0003981590271 -1.657019019126892
vt 4.266357898712158 -0.8486430048942566
vt 4.246799945831299 -0.8447409868240356
vt 4.246799945831299 -0.8447409868240356
vt 4.266357898712158 -0.8486430048942566
vt 4.350008964538574 0
vt 4.246799945831299 -0.8447409868240356
vt 4.350008964538574 0
vt 4.329999923706055 0
vt 4.329999923706055 0
vt 4.350008964538574 0
vt 4.246799945831299 0.8447409868240356
vt 4.246799945831299 0.8447409868240356
vt 4.350008964538574 0
vt 4.266357898712158 0.8486430048942566
vt 4.246799945831299 0.8447409868240356
vt 4.266357898712158 0.8486430048942566
vt 4.0003981590271 1.657019019126892
vt 4.0003981590271 1.657019019126892
vt 4.266357898712158 0.8486430048942566
vt 4.018820762634277 1.6648290157318115
vt 4.0003981590271 1.657019019126892
vt 4.018820762634277 1.6648290157318115
vt 3.6002631187438965 2.405618906021118
vt 3.6002631187438965 2.405618906021118
vt 4.018820762634277 1.6648290157318115
vt 3.616776943206787 2.4168100357055664
vt 3.6002631187438965 2.405618906021118
vt 3.616776943206787 2.4168100357055664
vt 3.061772108078003 3.061772108078003
vt 3.061772108078003 3.061772108078003
vt 3.616776943206787 2.4168100357055664
vt 3.0757479667663574 3.076093912124634
vt 3.061772108078003 3.061772108078003
vt 3.0757479667663574 3.076093912124634
vt 2.405618906021118 3.6002631187438965
vt 2.405618906021118 3.6002631187438965
vt 3.0757479667663574 3.076093912124634
vt 2.4167819023132324 3.61680006980896
vt 2.405618906021118 3.6002631187438965
vt 2.4167819023132324 3.61680006980896
vt 1.6649069786071777 4.018787860870361
vt 0.8483859896659851 4.266478061676025
vt 0.8447409868240356 4.246799945831299
vt 1.6649069786071777 4.018787860870361
vt 1.6649069786071777 4.018787860870361
vt 0.8447409868240356 4.246799945831299
vt 1.657019019126892 4.0003981590271
vt 1.6649069786071777 4.018787860870361
vt 1.657019019126892 4.0003981590271
vt 2.405618906021118 3.6002631187438965
vt 0.8447409868240356 4.246799945831299
vt 0.8483859896659851 4.266478061676025
vt 0 4.329999923706055
vt -5.325915813446045 -1.7304949760437012
vt 5.325915813446045 -1.7304949760437012
vt -5.599999904632568 0
vt -5.599999904632568 0
vt 5.325915813446045 -1.7304949760437012
vt 5.599999904632568 0
vt -5.599999904632568 0
vt 5.599999904632568 0
vt -5.325915813446045 1.7304949760437012
vt -5.325915813446045 1.7304949760437012
vt 5.599999904632568 0
vt 5.325915813446045 1.7304949760437012
vt -5.325915813446045 1.7304949760437012
vt 5.325915813446045 1.7304949760437012
vt -4.5304951667785645 3.2915968894958496
vt -4.5304951667785645 3.2915968894958496
vt 5.325915813446045 1.7304949760437012
vt 4.5304951667785645 3.2915968894958496
vt -4.5304951667785645 3.2915968894958496
vt 4.5304951667785645 3.2915968894958496
vt -3.2915968894958496 4.5304951667785645
vt -3.2915968894958496 4.5304951667785645
vt 4.5304951667785645 3.2915968894958496
vt 3.2915968894958496 4.5304951667785645
vt -3.2915968894958496 4.5304951667785645
vt 3.2915968894958496 4.5304951667785645
vt -1.7304949760437012 5.325915813446045
vt -1.7304949760437012 5.325915813446045
vt 3.2915968894958496 4.5304951667785645
vt 1.7304949760437012 5.325915813446045
vt -1.7304949760437012 5.325915813446045
vt 1.7304949760437012 5.325915813446045
vt 0 5.599999904632568
vt 5.325915813446045 -1.7304949760437012
vt -5.325915813446045 -1.7304949760437012
vt 4.5304951667785645 -3.2915968894958496
vt 4.5304951667785645 -3.2915968894958496
vt -5.325915813446045 -1.7304949760437012
vt -4.5304951667785645 -3.2915968894958496
vt 4.5304951667785645 -3.2915968894958496
vt -4.5304951667785645 -3.2915968894958496
vt 3.2915968894958496 -4.5304951667785645
vt 3.2915968894958496 -4.5304951667785645
vt -4.5304951667785645 -3.2915968894958496
vt -3.2915968894958496 -4.5304951667785645
vt 3.2915968894958496 -4.5304951667785645
vt -3.2915968894958496 -4.5304951667785645
vt 1.7304949760437012 -5.325915813446045
vt 1.7304949760437012 -5.325915813446045
vt -3.2915968894958496 -4.5304951667785645
vt -1.7304949760437012 -5.325915813446045
vt 1.7304949760437012 -5.325915813446045
vt -1.7304949760437012 -5.325915813446045
vt 0 -5.599999904632568
vt 21.03919219970703 17.592918395996094
vt 20.339191436767578 17.592918395996094
vt 21.03919219970703 15.833626747131348
vt 21.03919219970703 15.833626747131348
vt 20.339191436767578 17.592918395996094
vt 20.339191436767578 15.833626747131348
vt 21.03919219970703 15.833626747131348
vt 20.339191436767578 15.833626747131348
vt 21.03919219970703 14.074335098266602
vt 21.03919219970703 14.074335098266602
vt 20.339191436767578 15.833626747131348
vt 20.339191436767578 14.074335098266602
vt 21.03919219970703 14.074335098266602
vt 20.339191436767578 14.074335098266602
vt 21.03919219970703 12.315043449401855
vt 21.03919219970703 12.315043449401855
vt 20.339191436767578 14.074335098266602
vt 20.339191436767578 12.315043449401855
vt 21.03919219970703 12.315043449401855
vt 20.339191436767578 12.315043449401855
vt 21.03919219970703 10.555750846862793
vt 21.03919219970703 10.555750846862793
vt 20.339191436767578 12.315043449401855
vt 20.339191436767578 10.555750846862793
vt 21.03919219970703 10.555750846862793
vt 20.339191436767578 10.555750846862793
vt 21.03919219970703 8.796459197998047
vt 21.03919219970703 8.796459197998047
vt 20.339191436767578 10.555750846862793
vt 20.339191436767578 8.796459197998047
vt 21.03919219970703 8.796459197998047
vt 20.339191436767578 8.796459197998047
vt 21.03919219970703 7.037168025970459
vt 21.03919219970703 7.037168025970459
vt 20.339191436767578 8.796459197998047
vt 20.339191436767578 7.037168025970459
vt 21.03919219970703 7.037168025970459
vt 20.339191436767578 7.037168025970459
vt 21.03919219970703 5.277874946594238
vt 21.03919219970703 5.277874946594238
vt 20.339191436767578 7.037168025970459
vt 20.339191436767578 5.277874946594238
vt 21.03919219970703 5.277874946594238
vt 20.339191436767578 5.277874946594238
vt 21.03919219970703 3.5185840129852295
vt 21.03919219970703 3.5185840129852295
vt 20.339191436767578 5.277874946594238
vt 20.339191436767578 3.5185840129852295
vt 21.03919219970703 3.5185840129852295
vt 20.339191436767578 3.5185840129852295
vt 21.03919219970703 1.7592920064926147
vt 21.03919219970703 1.7592920064926147
vt 20.339191436767578 3.5185840129852295
vt 20.339191436767578 1.7592920064926147
vt 21.03919219970703 1.7592920064926147
vt 20.339191436767578 1.7592920064926147
vt 21.03919219970703 0
vt 21.03919219970703 0
vt 20.339191436767578 1.7592920064926147
vt 20.339191436767578 0
vt 1.150702953338623 5.78671407699585
vt 0 5.900000095367432
vt 0 5.599999904632568
vt 0 5.599999904632568
vt 0 5.900000095367432
vt -1.150702953338623 5.78671407699585
vt 0 5.599999904632568
vt -1.150702953338623 5.78671407699585
vt -1.7304949760437012 5.325915813446045
vt -1.7304949760437012 5.325915813446045
vt -1.150702953338623 5.78671407699585
vt -2.258183002471924 5.450757026672363
vt -1.7304949760437012 5.325915813446045
vt -2.258183002471924 5.450757026672363
vt -3.2915968894958496 4.5304951667785645
vt -3.2915968894958496 4.5304951667785645
vt -2.258183002471924 5.450757026672363
vt -3.277966022491455 4.905526161193848
vt -3.2915968894958496 4.5304951667785645
vt -3.277966022491455 4.905526161193848
vt -4.171724796295166 4.172152042388916
vt -3.2915968894958496 4.5304951667785645
vt -4.171724796295166 4.172152042388916
vt -4.5304951667785645 3.2915968894958496
vt -4.5304951667785645 3.2915968894958496
vt -4.171724796295166 4.172152042388916
vt -4.9055280685424805 3.277951955795288
vt -4.5304951667785645 3.2915968894958496
vt -4.9055280685424805 3.277951955795288
vt -5.4508209228515625 2.2580299377441406
vt -4.5304951667785645 3.2915968894958496
vt -5.4508209228515625 2.2580299377441406
vt -5.325915813446045 1.7304949760437012
vt -5.325915813446045 1.7304949760437012
vt -5.4508209228515625 2.2580299377441406
vt -5.786555767059326 1.1510260105133057
vt -5.325915813446045 1.7304949760437012
vt -5.786555767059326 1.1510260105133057
vt -5.599999904632568 0
vt -5.599999904632568 0
vt -5.786555767059326 1.1510260105133057
vt -5.900012016296387 0
vt -5.599999904632568 0
vt -5.900012016296387 0
vt -5.786555767059326 -1.1510260105133057
vt -5.599999904632568 0
vt -5.786555767059326 -1.1510260105133057
vt -5.325915813446045 -1.7304949760437012
vt -5.325915813446045 -1.7304949760437012
vt -5.786555767059326 -1.1510260105133057
vt -5.4508209228515625 -2.2580299377441406
vt -5.325915813446045 -1.7304949760437012
vt -5.4508209228515625 -2.2580299377441406
vt -4.5304951667785645 -3.2915968894958496
vt -4.5304951667785645 -3.2915968894958496
vt -5.4508209228515625 -2.2580299377441406
vt -4.9055280685424805 -3.277951955795288
vt -4.5304951667785645 -3.2915968894958496
vt -4.9055280685424805 -3.277951955795288
vt -4.171724796295166 -4.172152042388916
vt -4.5304951667785645 -3.2915968894958496
vt -4.171724796295166 -4.172152042388916
vt -3.2915968894958496 -4.5304951667785645
vt -3.2915968894958496 -4.5304951667785645
vt -4.171724796295166 -4.172152042388916
vt -3.277966022491455 -4.905526161193848
vt -3.2915968894958496 -4.5304951667785645
vt -3.277966022491455 -4.905526161193848
vt -2.258183002471924 -5.450757026672363
vt -3.2915968894958496 -4.5304951667785645
vt -2.258183002471924 -5.450757026672363
vt -1.7304949760437012 -5.325915813446045
vt -1.7304949760437012 -5.325915813446045
vt -2.258183002471924 -5.450757026672363
vt -1.150702953338623 -5.78671407699585
vt -1.7304949760437012 -5.325915813446045
vt -1.150702953338623 -5.78671407699585
vt 0 -5.599999904632568
vt 0 -5.599999904632568
vt -1.150702953338623 -5.78671407699585
vt 0 -5.900000095367432
vt 0 -5.599999904632568
vt 0 -5.900000095367432
vt 1.150702953338623 -5.78671407699585
vt 0 -5.599999904632568
vt 1.150702953338623 -5.78671407699585
vt 1.7304949760437012 -5.325915813446045
vt 1.7304949760437012 -5.325915813446045
vt 1.150702953338623 -5.78671407699585
vt 2.258183002471924 -5.450757026672363
vt 1.7304949760437012 -5.325915813446045
vt 2.258183002471924 -5.450757026672363
vt 3.2915968894958496 -4.5304951667785645
vt 3.2915968894958496 -4.5304951667785645
vt 2.258183002471924 -5.450757026672363
vt 3.277966022491455 -4.905526161193848
vt 3.2915968894958496 -4.5304951667785645
vt 3.277966022491455 -4.905526161193848
vt 4.171724796295166 -4.172152042388916
vt 3.2915968894958496 -4.5304951667785645
vt 4.171724796295166 -4.172152042388916
vt 4.5304951667785645 -3.2915968894958496
vt 4.5304951667785645 -3.2915968894958496
vt 4.171724796295166 -4.172152042388916
vt 4.9055280685424805 -3.277951955795288
vt 4.5304951667785645 -3.2915968894958496
vt 4.9055280685424805 -3.277951955795288
vt 5.4508209228515625 -2.2580299377441406
vt 4.5304951667785645 -3.2915968894958496
vt 5.4508209228515625 -2.2580299377441406
vt 5.325915813446045 -1.7304949760437012
vt 5.325915813446045 -1.7304949760437012
vt 5.4508209228515625 -2.2580299377441406
vt 5.786555767059326 -1.1510260105133057
vt 5.325915813446045 -1.7304949760437012
vt 5.786555767059326 -1.1510260105133057
vt 5.599999904632568 0
vt 5.599999904632568 0
vt 5.786555767059326 -1.1510260105133057
vt 5.900012016296387 0
vt 5.599999904632568 0
vt 5.900012016296387 0
vt 5.786555767059326 1.1510260105133057
vt 5.599999904632568 0
vt 5.786555767059326 1.1510260105133057
vt 5.325915813446045 1.7304949760437012
vt 5.325915813446045 1.7304949760437012
vt 5.786555767059326 1.1510260105133057
vt 5.4508209228515625 2.2580299377441406
vt 5.325915813446045 1.7304949760437012
vt 5.4508209228515625 2.2580299377441406
vt 4.5304951667785645 3.2915968894958496
vt 4.5304951667785645 3.2915968894958496
vt 5.4508209228515625 2.2580299377441406
vt 4.9055280685424805 3.277951955795288
vt 4.5304951667785645 3.2915968894958496
vt 4.9055280685424805 3.277951955795288
vt 4.171724796295166 4.172152042388916
vt 4.5304951667785645 3.2915968894958496
vt 4.171724796295166 4.172152042388916
vt 3.2915968894958496 4.5304951667785645
vt 3.2915968894958496 4.5304951667785645
vt 4.171724796295166 4.172152042388916
vt 3.277966022491455 4.905526161193848
vt 3.2915968894958496 4.5304951667785645
vt 3.277966022491455 4.905526161193848
vt 2.258183002471924 5.450757026672363
vt 3.2915968894958496 4.5304951667785645
vt 2.258183002471924 5.450757026672363
vt 1.7304949760437012 5.325915813446045
vt 1.7304949760437012 5.325915813446045
vt 2.258183002471924 5.450757026672363
vt 1.150702953338623 5.78671407699585
vt 1.7304949760437012 5.325915813446045
vt 1.150702953338623 5.78671407699585
vt 0 5.599999904632568
vt 15.870915412902832 9.68532657623291
vt 14.937589645385742 9.68532657623291
vt 15.84201431274414 8.873982429504395
vt 15.84201431274414 8.873982429504395
vt 14.937589645385742 9.68532657623291
vt 14.937589645385742 8.478001594543457
vt 15.84201431274414 8.873982429504395
vt 14.937589645385742 8.478001594543457
vt 15.84201431274414 8.062638282775879
vt 15.84201431274414 8.062638282775879
vt 14.937589645385742 8.478001594543457
vt 14.937589645385742 7.2706780433654785
vt 15.84201431274414 8.062638282775879
vt 14.937589645385742 7.2706780433654785
vt 15.84201431274414 7.251294136047363
vt 15.84201431274414 7.251294136047363
vt 14.937589645385742 7.2706780433654785
vt 15.84201431274414 6.439949989318848
vt 15.84201431274414 7.251294136047363
vt 15.84201431274414 6.439949989318848
vt 16.74643898010254 6.439949989318848
vt 16.74643898010254 6.439949989318848
vt 15.84201431274414 6.439949989318848
vt 16.74643898010254 5.628605842590332
vt 16.74643898010254 6.439949989318848
vt 16.74643898010254 5.628605842590332
vt 17.650863647460938 5.628605842590332
vt 17.650863647460938 5.628605842590332
vt 16.74643898010254 5.628605842590332
vt 17.650863647460938 4.817262172698975
vt 17.650863647460938 5.628605842590332
vt 17.650863647460938 4.817262172698975
vt 18.555286407470703 4.817262172698975
vt 18.555286407470703 4.817262172698975
vt 17.650863647460938 4.817262172698975
vt 18.555286407470703 4.005918979644775
vt 18.555286407470703 4.817262172698975
vt 18.555286407470703 4.005918979644775
vt 19.4597110748291 4.005918979644775
vt 19.4597110748291 4.005918979644775
vt 18.555286407470703 4.005918979644775
vt 19.4597110748291 3.1945741176605225
vt 19.4597110748291 4.005918979644775
vt 19.4597110748291 3.1945741176605225
vt 20.3641357421875 3.1945741176605225
vt 20.3641357421875 3.1945741176605225
vt 19.4597110748291 3.1945741176605225
vt 20.3641357421875 2.402614116668701
vt 20.3641357421875 3.1945741176605225
vt 20.3641357421875 2.402614116668701
vt 21.2685604095459 2.402614116668701
vt 21.2685604095459 2.402614116668701
vt 20.3641357421875 2.402614116668701
vt 21.2685604095459 1.6106539964675903
vt 21.2685604095459 2.402614116668701
vt 21.2685604095459 1.6106539964675903
vt 22.172985076904297 1.6106539964675903
vt 22.172985076904297 1.6106539964675903
vt 21.2685604095459 1.6106539964675903
vt 22.172985076904297 0.818693995475769
vt 22.172985076904297 1.6106539964675903
vt 22.172985076904297 0.818693995475769
vt 23.019060134887695 0.818693995475769
vt 23.019060134887695 0.818693995475769
vt 22.172985076904297 0.818693995475769
vt 22.40638542175293 0
vt 23.019060134887695 0.818693995475769
vt 22.40638542175293 0
vt 23.019060134887695 0.026732999831438065
vt 23.019060134887695 0.026732999831438065
vt 22.40638542175293 0
vt 23.339996337890625 0
vt 23.019060134887695 0.026732999831438065
vt 23.339996337890625 0
vt 23.019060134887695 0.818693995475769
vt 23.019060134887695 0.818693995475769
vt 23.339996337890625 0
vt 23.86513328552246 0.818693995475769
vt 23.019060134887695 0.818693995475769
vt 23.86513328552246 0.818693995475769
vt 23.019060134887695 1.6106539964675903
vt 23.019060134887695 1.6106539964675903
vt 23.86513328552246 0.818693995475769
vt 23.86513328552246 1.6106539964675903
vt 23.019060134887695 1.6106539964675903
vt 23.86513328552246 1.6106539964675903
vt 23.019060134887695 2.402614116668701
vt 23.019060134887695 2.402614116668701
vt 23.86513328552246 1.6106539964675903
vt 23.86513328552246 2.402614116668701
vt 23.019060134887695 2.402614116668701
vt 23.86513328552246 2.402614116668701
vt 23.019060134887695 3.1945741176605225
vt 23.019060134887695 3.1945741176605225
vt 23.86513328552246 2.402614116668701
vt 23.86513328552246 3.1945741176605225
vt 23.019060134887695 3.1945741176605225
vt 23.86513328552246 3.1945741176605225
vt 23.019060134887695 4.005918979644775
vt 23.019060134887695 4.005918979644775
vt 23.86513328552246 3.1945741176605225
vt 23.86513328552246 4.005918979644775
vt 23.019060134887695 4.005918979644775
vt 23.86513328552246 4.005918979644775
vt 23.019060134887695 4.817262172698975
vt 23.019060134887695 4.817262172698975
vt 23.86513328552246 4.005918979644775
vt 23.86513328552246 4.817262172698975
vt 23.019060134887695 4.817262172698975
vt 23.86513328552246 4.817262172698975
vt 23.019060134887695 5.628605842590332
vt 23.019060134887695 5.628605842590332
vt 23.86513328552246 4.817262172698975
vt 23.86513328552246 5.628605842590332
vt 23.019060134887695 5.628605842590332
vt 23.86513328552246 5.628605842590332
vt 23.019060134887695 6.439949989318848
vt 23.019060134887695 6.439949989318848
vt 23.86513328552246 5.628605842590332
vt 23.86513328552246 6.439949989318848
vt 23.019060134887695 6.439949989318848
vt 23.86513328552246 6.439949989318848
vt 23.019060134887695 7.251294136047363
vt 23.019060134887695 7.251294136047363
vt 23.86513328552246 6.439949989318848
vt 23.86513328552246 7.251294136047363
vt 23.019060134887695 7.251294136047363
vt 23.86513328552246 7.251294136047363
vt 23.019060134887695 8.062638282775879
vt 23.019060134887695 8.062638282775879
vt 23.86513328552246 7.251294136047363
vt 23.86513328552246 8.062638282775879
vt 23.019060134887695 8.062638282775879
vt 23.86513328552246 8.062638282775879
vt 23.019060134887695 8.873982429504395
vt 23.019060134887695 8.873982429504395
vt 23.86513328552246 8.062638282775879
vt 23.86513328552246 8.873982429504395
vt 23.019060134887695 8.873982429504395
vt 23.86513328552246 8.873982429504395
vt 23.33998680114746 9.68531322479248
vt 23.33998680114746 9.68531322479248
vt 23.86513328552246 8.873982429504395
vt 24.27375030517578 9.68532657623291
vt 24.27375030517578 9.68532657623291
vt 23.86513328552246 8.873982429504395
vt 24.71120834350586 8.873982429504395
vt 24.27375030517578 9.68532657623291
vt 24.71120834350586 8.873982429504395
vt 25.207304000854492 9.685324668884277
vt 25.207304000854492 9.685324668884277
vt 24.71120834350586 8.873982429504395
vt 25.557283401489258 8.873982429504395
vt 25.207304000854492 9.685324668884277
vt 25.557283401489258 8.873982429504395
vt 26.14102554321289 9.68532657623291
vt 26.14102554321289 9.68532657623291
vt 25.557283401489258 8.873982429504395
vt 26.403356552124023 8.873982429504395
vt 26.14102554321289 9.68532657623291
vt 26.403356552124023 8.873982429504395
vt 27.074249267578125 9.68532657623291
vt 27.074249267578125 9.68532657623291
vt 26.403356552124023 8.873982429504395
vt 27.249431610107422 8.873982429504395
vt 27.074249267578125 9.68532657623291
vt 27.249431610107422 8.873982429504395
vt 28.007680892944336 9.685325622558594
vt 28.007680892944336 9.685325622558594
vt 27.249431610107422 8.873982429504395
vt 28.09550666809082 8.873982429504395
vt 28.007680892944336 9.685325622558594
vt 28.09550666809082 8.873982429504395
vt 28.94185447692871 9.685325622558594
vt 28.94185447692871 9.685325622558594
vt 28.09550666809082 8.873982429504395
vt 28.941579818725586 8.873982429504395
vt 28.94185447692871 9.685325622558594
vt 28.941579818725586 8.873982429504395
vt 29.875179290771484 9.68532657623291
vt 29.875179290771484 9.68532657623291
vt 28.941579818725586 8.873982429504395
vt 29.875179290771484 7.263995170593262
vt 29.875179290771484 7.263995170593262
vt 28.941579818725586 8.873982429504395
vt 28.941579818725586 8.062638282775879
vt 29.875179290771484 7.263995170593262
vt 28.941579818725586 8.062638282775879
vt 28.941579818725586 7.251294136047363
vt 28.941579818725586 7.251294136047363
vt 28.941579818725586 8.062638282775879
vt 28.09550666809082 8.062638282775879
vt 28.941579818725586 7.251294136047363
vt 28.09550666809082 8.062638282775879
vt 28.09550666809082 7.251294136047363
vt 28.09550666809082 7.251294136047363
vt 28.09550666809082 8.062638282775879
vt 27.249431610107422 8.062638282775879
vt 28.09550666809082 7.251294136047363
vt 27.249431610107422 8.062638282775879
vt 27.249431610107422 7.251294136047363
vt 27.249431610107422 7.251294136047363
vt 27.249431610107422 8.062638282775879
vt 26.403356552124023 8.062638282775879
vt 27.249431610107422 7.251294136047363
vt 26.403356552124023 8.062638282775879
vt 26.403356552124023 7.251294136047363
vt 26.403356552124023 7.251294136047363
vt 26.403356552124023 8.062638282775879
vt 25.557283401489258 8.062638282775879
vt 26.403356552124023 7.251294136047363
vt 25.557283401489258 8.062638282775879
vt 25.557283401489258 7.251294136047363
vt 25.557283401489258 7.251294136047363
vt 25.557283401489258 8.062638282775879
vt 24.71120834350586 8.062638282775879
vt 25.557283401489258 7.251294136047363
vt 24.71120834350586 8.062638282775879
vt 24.71120834350586 7.251294136047363
vt 24.71120834350586 7.251294136047363
vt 24.71120834350586 8.062638282775879
vt 23.86513328552246 8.062638282775879
vt 24.71120834350586 7.251294136047363
vt 23.86513328552246 8.062638282775879
vt 23.86513328552246 7.251294136047363
vt 14.937589645385742 7.2706780433654785
vt 14.937589645385742 6.063354015350342
vt 15.84201431274414 6.439949989318848
vt 15.84201431274414 6.439949989318848
vt 14.937589645385742 6.063354015350342
vt 15.84201431274414 5.628605842590332
vt 15.84201431274414 6.439949989318848
vt 15.84201431274414 5.628605842590332
vt 16.74643898010254 5.628605842590332
vt 16.74643898010254 5.628605842590332
vt 15.84201431274414 5.628605842590332
vt 16.74643898010254 4.817262172698975
vt 16.74643898010254 5.628605842590332
vt 16.74643898010254 4.817262172698975
vt 17.650863647460938 4.817262172698975
vt 17.650863647460938 4.817262172698975
vt 16.74643898010254 4.817262172698975
vt 17.650863647460938 4.005918979644775
vt 17.650863647460938 4.817262172698975
vt 17.650863647460938 4.005918979644775
vt 18.555286407470703 4.005918979644775
vt 18.555286407470703 4.005918979644775
vt 17.650863647460938 4.005918979644775
vt 18.555286407470703 3.1945741176605225
vt 18.555286407470703 4.005918979644775
vt 18.555286407470703 3.1945741176605225
vt 19.4597110748291 3.1945741176605225
vt 19.4597110748291 3.1945741176605225
vt 18.555286407470703 3.1945741176605225
vt 19.4597110748291 2.402614116668701
vt 19.4597110748291 3.1945741176605225
vt 19.4597110748291 2.402614116668701
vt 20.3641357421875 2.402614116668701
vt 20.3641357421875 2.402614116668701
vt 19.4597110748291 2.402614116668701
vt 20.3641357421875 1.6106539964675903
vt 20.3641357421875 2.402614116668701
vt 20.3641357421875 1.6106539964675903
vt 21.2685604095459 1.6106539964675903
vt 21.2685604095459 1.6106539964675903
vt 20.3641357421875 1.6106539964675903
vt 21.2685604095459 0.818693995475769
vt 21.2685604095459 1.6106539964675903
vt 21.2685604095459 0.818693995475769
vt 22.172985076904297 0.818693995475769
vt 22.172985076904297 0.818693995475769
vt 21.2685604095459 0.818693995475769
vt 21.4727725982666 0
vt 22.172985076904297 0.818693995475769
vt 21.4727725982666 0
vt 22.172985076904297 0.026732999831438065
vt 22.172985076904297 0.026732999831438065
vt 21.4727725982666 0
vt 22.40638542175293 0
vt 22.172985076904297 0.026732999831438065
vt 22.40638542175293 0
vt 22.172985076904297 0.818693995475769
vt 14.937589645385742 6.063354015350342
vt 14.937589645385742 4.856029987335205
vt 15.84201431274414 5.628605842590332
vt 15.84201431274414 5.628605842590332
vt 14.937589645385742 4.856029987335205
vt 15.84201431274414 4.817262172698975
vt 15.84201431274414 5.628605842590332
vt 15.84201431274414 4.817262172698975
vt 16.74643898010254 4.817262172698975
vt 16.74643898010254 4.817262172698975
vt 15.84201431274414 4.817262172698975
vt 16.74643898010254 4.005918979644775
vt 16.74643898010254 4.817262172698975
vt 16.74643898010254 4.005918979644775
vt 17.650863647460938 4.005918979644775
vt 17.650863647460938 4.005918979644775
vt 16.74643898010254 4.005918979644775
vt 17.650863647460938 3.1945741176605225
vt 17.650863647460938 4.005918979644775
vt 17.650863647460938 3.1945741176605225
vt 18.555286407470703 3.1945741176605225
vt 18.555286407470703 3.1945741176605225
vt 17.650863647460938 3.1945741176605225
vt 18.555286407470703 2.402614116668701
vt 18.555286407470703 3.1945741176605225
vt 18.555286407470703 2.402614116668701
vt 19.4597110748291 2.402614116668701
vt 19.4597110748291 2.402614116668701
vt 18.555286407470703 2.402614116668701
vt 19.4597110748291 1.6106539964675903
vt 19.4597110748291 2.402614116668701
vt 19.4597110748291 1.6106539964675903
vt 20.3641357421875 1.6106539964675903
vt 20.3641357421875 1.6106539964675903
vt 19.4597110748291 1.6106539964675903
vt 20.3641357421875 0.818693995475769
vt 20.3641357421875 1.6106539964675903
vt 20.3641357421875 0.818693995475769
vt 21.2685604095459 0.818693995475769
vt 21.2685604095459 0.818693995475769
vt 20.3641357421875 0.818693995475769
vt 20.539005279541016 0
vt 21.2685604095459 0.818693995475769
vt 20.539005279541016 0
vt 21.2685604095459 0.026732999831438065
vt 21.2685604095459 0.026732999831438065
vt 20.539005279541016 0
vt 21.4727725982666 0
vt 21.2685604095459 0.026732999831438065
vt 21.4727725982666 0
vt 21.2685604095459 0.818693995475769
vt 15.84201431274414 4.817262172698975
vt 14.937589645385742 4.856029987335205
vt 15.84201431274414 4.005918979644775
vt 15.84201431274414 4.005918979644775
vt 14.937589645385742 4.856029987335205
vt 14.937589645385742 3.648705005645752
vt 15.84201431274414 4.005918979644775
vt 14.937589645385742 3.648705005645752
vt 15.84201431274414 3.1945741176605225
vt 15.84201431274414 3.1945741176605225
vt 14.937589645385742 3.648705005645752
vt 14.937589645385742 2.4413809776306152
vt 15.84201431274414 3.1945741176605225
vt 14.937589645385742 2.4413809776306152
vt 15.84201431274414 2.402614116668701
vt 15.84201431274414 2.402614116668701
vt 14.937589645385742 2.4413809776306152
vt 15.84201431274414 1.6106539964675903
vt 15.84201431274414 2.402614116668701
vt 15.84201431274414 1.6106539964675903
vt 16.74643898010254 1.6106539964675903
vt 16.74643898010254 1.6106539964675903
vt 15.84201431274414 1.6106539964675903
vt 16.74643898010254 0.818693995475769
vt 16.74643898010254 1.6106539964675903
vt 16.74643898010254 0.818693995475769
vt 17.650863647460938 0.818693995475769
vt 17.650863647460938 0.818693995475769
vt 16.74643898010254 0.818693995475769
vt 17.650863647460938 0.026732999831438065
vt 17.650863647460938 0.818693995475769
vt 17.650863647460938 0.026732999831438065
vt 17.738489151000977 0
vt 17.738489151000977 0
vt 17.650863647460938 0.026732999831438065
vt 16.8050594329834 0
vt 16.8050594329834 0
vt 17.650863647460938 0.026732999831438065
vt 16.74643898010254 0.818693995475769
vt 16.8050594329834 0
vt 16.74643898010254 0.818693995475769
vt 16.74643898010254 0.026732999831438065
vt 16.74643898010254 0.026732999831438065
vt 16.74643898010254 0.818693995475769
vt 15.84201431274414 0.818693995475769
vt 16.74643898010254 0.026732999831438065
vt 15.84201431274414 0.818693995475769
vt 15.84201431274414 0.026732999831438065
vt 15.84201431274414 0.026732999831438065
vt 15.84201431274414 0.818693995475769
vt 14.937589645385742 0.026732999831438065
vt 15.84201431274414 0.026732999831438065
vt 14.937589645385742 0.026732999831438065
vt 14.937589645385742 0.0133670000359416
vt 14.937589645385742 2.4413809776306152
vt 14.937589645385742 1.2340569496154785
vt 15.84201431274414 1.6106539964675903
vt 15.84201431274414 1.6106539964675903
vt 14.937589645385742 1.2340569496154785
vt 15.84201431274414 0.818693995475769
vt 15.84201431274414 1.6106539964675903
vt 15.84201431274414 0.818693995475769
vt 16.74643898010254 0.818693995475769
vt 14.937589645385742 1.2340569496154785
vt 14.937589645385742 0.026732999831438065
vt 15.84201431274414 0.818693995475769
vt 14.937589645385742 0.0133670000359416
vt 14.937589645385742 0
vt 15.84201431274414 0.026732999831438065
vt 15.84201431274414 0.026732999831438065
vt 14.937589645385742 0
vt 15.870901107788086 0
vt 15.84201431274414 0.026732999831438065
vt 15.870901107788086 0
vt 16.74643898010254 0.026732999831438065
vt 16.74643898010254 0.026732999831438065
vt 15.870901107788086 0
vt 16.8050594329834 0
vt 18.67171859741211 0
vt 18.555286407470703 0.026732999831438065
vt 17.738489151000977 0
vt 17.738489151000977 0
vt 18.555286407470703 0.026732999831438065
vt 18.555286407470703 0.818693995475769
vt 17.738489151000977 0
vt 18.555286407470703 0.818693995475769
vt 17.650863647460938 0.818693995475769
vt 17.650863647460938 0.818693995475769
vt 18.555286407470703 0.818693995475769
vt 17.650863647460938 1.6106539964675903
vt 17.650863647460938 0.818693995475769
vt 17.650863647460938 1.6106539964675903
vt 16.74643898010254 1.6106539964675903
vt 16.74643898010254 1.6106539964675903
vt 17.650863647460938 1.6106539964675903
vt 16.74643898010254 2.402614116668701
vt 16.74643898010254 1.6106539964675903
vt 16.74643898010254 2.402614116668701
vt 15.84201431274414 2.402614116668701
vt 15.84201431274414 2.402614116668701
vt 16.74643898010254 2.402614116668701
vt 15.84201431274414 3.1945741176605225
vt 19.605443954467773 0
vt 19.4597110748291 0.026732999831438065
vt 18.67171859741211 0
vt 18.67171859741211 0
vt 19.4597110748291 0.026732999831438065
vt 19.4597110748291 0.818693995475769
vt 18.67171859741211 0
vt 19.4597110748291 0.818693995475769
vt 18.555286407470703 0.818693995475769
vt 18.555286407470703 0.818693995475769
vt 19.4597110748291 0.818693995475769
vt 18.555286407470703 1.6106539964675903
vt 18.555286407470703 0.818693995475769
vt 18.555286407470703 1.6106539964675903
vt 17.650863647460938 1.6106539964675903
vt 17.650863647460938 1.6106539964675903
vt 18.555286407470703 1.6106539964675903
vt 17.650863647460938 2.402614116668701
vt 17.650863647460938 1.6106539964675903
vt 17.650863647460938 2.402614116668701
vt 16.74643898010254 2.402614116668701
vt 16.74643898010254 2.402614116668701
vt 17.650863647460938 2.402614116668701
vt 16.74643898010254 3.1945741176605225
vt 16.74643898010254 2.402614116668701
vt 16.74643898010254 3.1945741176605225
vt 15.84201431274414 3.1945741176605225
vt 15.84201431274414 3.1945741176605225
vt 16.74643898010254 3.1945741176605225
vt 15.84201431274414 4.005918979644775
vt 20.539005279541016 0
vt 20.3641357421875 0.026732999831438065
vt 19.605443954467773 0
vt 19.605443954467773 0
vt 20.3641357421875 0.026732999831438065
vt 20.3641357421875 0.818693995475769
vt 19.605443954467773 0
vt 20.3641357421875 0.818693995475769
vt 19.4597110748291 0.818693995475769
vt 19.4597110748291 0.818693995475769
vt 20.3641357421875 0.818693995475769
vt 19.4597110748291 1.6106539964675903
vt 19.4597110748291 0.818693995475769
vt 19.4597110748291 1.6106539964675903
vt 18.555286407470703 1.6106539964675903
vt 18.555286407470703 1.6106539964675903
vt 19.4597110748291 1.6106539964675903
vt 18.555286407470703 2.402614116668701
vt 18.555286407470703 1.6106539964675903
vt 18.555286407470703 2.402614116668701
vt 17.650863647460938 2.402614116668701
vt 17.650863647460938 2.402614116668701
vt 18.555286407470703 2.402614116668701
vt 17.650863647460938 3.1945741176605225
vt 17.650863647460938 2.402614116668701
vt 17.650863647460938 3.1945741176605225
vt 16.74643898010254 3.1945741176605225
vt 16.74643898010254 3.1945741176605225
vt 17.650863647460938 3.1945741176605225
vt 16.74643898010254 4.005918979644775
vt 16.74643898010254 3.1945741176605225
vt 16.74643898010254 4.005918979644775
vt 15.84201431274414 4.005918979644775
vt 15.84201431274414 4.005918979644775
vt 16.74643898010254 4.005918979644775
vt 15.84201431274414 4.817262172698975
vt 23.86513328552246 0.818693995475769
vt 23.339996337890625 0
vt 23.86513328552246 0.026732999831438065
vt 23.86513328552246 0.026732999831438065
vt 23.339996337890625 0
vt 24.27376365661621 0
vt 23.86513328552246 0.026732999831438065
vt 24.27376365661621 0
vt 23.86513328552246 0.818693995475769
vt 23.86513328552246 0.818693995475769
vt 24.27376365661621 0
vt 24.71120834350586 0.818693995475769
vt 23.86513328552246 0.818693995475769
vt 24.71120834350586 0.818693995475769
vt 23.86513328552246 1.6106539964675903
vt 23.86513328552246 1.6106539964675903
vt 24.71120834350586 0.818693995475769
vt 24.71120834350586 1.6106539964675903
vt 23.86513328552246 1.6106539964675903
vt 24.71120834350586 1.6106539964675903
vt 23.86513328552246 2.402614116668701
vt 23.86513328552246 2.402614116668701
vt 24.71120834350586 1.6106539964675903
vt 24.71120834350586 2.402614116668701
vt 23.86513328552246 2.402614116668701
vt 24.71120834350586 2.402614116668701
vt 23.86513328552246 3.1945741176605225
vt 23.86513328552246 3.1945741176605225
vt 24.71120834350586 2.402614116668701
vt 24.71120834350586 3.1945741176605225
vt 23.86513328552246 3.1945741176605225
vt 24.71120834350586 3.1945741176605225
vt 23.86513328552246 4.005918979644775
vt 23.86513328552246 4.005918979644775
vt 24.71120834350586 3.1945741176605225
vt 24.71120834350586 4.005918979644775
vt 23.86513328552246 4.005918979644775
vt 24.71120834350586 4.005918979644775
vt 23.86513328552246 4.817262172698975
vt 23.86513328552246 4.817262172698975
vt 24.71120834350586 4.005918979644775
vt 24.71120834350586 4.817262172698975
vt 23.86513328552246 4.817262172698975
vt 24.71120834350586 4.817262172698975
vt 23.86513328552246 5.628605842590332
vt 23.86513328552246 5.628605842590332
vt 24.71120834350586 4.817262172698975
vt 24.71120834350586 5.628605842590332
vt 23.86513328552246 5.628605842590332
vt 24.71120834350586 5.628605842590332
vt 23.86513328552246 6.439949989318848
vt 23.86513328552246 6.439949989318848
vt 24.71120834350586 5.628605842590332
vt 24.71120834350586 6.439949989318848
vt 23.86513328552246 6.439949989318848
vt 24.71120834350586 6.439949989318848
vt 23.86513328552246 7.251294136047363
vt 23.86513328552246 7.251294136047363
vt 24.71120834350586 6.439949989318848
vt 24.71120834350586 7.251294136047363
vt 24.71120834350586 0.818693995475769
vt 24.27376365661621 0
vt 24.71120834350586 0.026732999831438065
vt 24.71120834350586 0.026732999831438065
vt 24.27376365661621 0
vt 25.207324981689453 0
vt 24.71120834350586 0.026732999831438065
vt 25.207324981689453 0
vt 24.71120834350586 0.818693995475769
vt 24.71120834350586 0.818693995475769
vt 25.207324981689453 0
vt 25.557283401489258 0.818693995475769
vt 24.71120834350586 0.818693995475769
vt 25.557283401489258 0.818693995475769
vt 24.71120834350586 1.6106539964675903
vt 24.71120834350586 1.6106539964675903
vt 25.557283401489258 0.818693995475769
vt 25.557283401489258 1.6106539964675903
vt 24.71120834350586 1.6106539964675903
vt 25.557283401489258 1.6106539964675903
vt 24.71120834350586 2.402614116668701
vt 24.71120834350586 2.402614116668701
vt 25.557283401489258 1.6106539964675903
vt 25.557283401489258 2.402614116668701
vt 24.71120834350586 2.402614116668701
vt 25.557283401489258 2.402614116668701
vt 24.71120834350586 3.1945741176605225
vt 24.71120834350586 3.1945741176605225
vt 25.557283401489258 2.402614116668701
vt 25.557283401489258 3.1945741176605225
vt 24.71120834350586 3.1945741176605225
vt 25.557283401489258 3.1945741176605225
vt 24.71120834350586 4.005918979644775
vt 24.71120834350586 4.005918979644775
vt 25.557283401489258 3.1945741176605225
vt 25.557283401489258 4.005918979644775
vt 24.71120834350586 4.005918979644775
vt 25.557283401489258 4.005918979644775
vt 24.71120834350586 4.817262172698975
vt 24.71120834350586 4.817262172698975
vt 25.557283401489258 4.005918979644775
vt 25.557283401489258 4.817262172698975
vt 24.71120834350586 4.817262172698975
vt 25.557283401489258 4.817262172698975
vt 24.71120834350586 5.628605842590332
vt 24.71120834350586 5.628605842590332
vt 25.557283401489258 4.817262172698975
vt 25.557283401489258 5.628605842590332
vt 24.71120834350586 5.628605842590332
vt 25.557283401489258 5.628605842590332
vt 24.71120834350586 6.439949989318848
vt 24.71120834350586 6.439949989318848
vt 25.557283401489258 5.628605842590332
vt 25.557283401489258 6.439949989318848
vt 24.71120834350586 6.439949989318848
vt 25.557283401489258 6.439949989318848
vt 24.71120834350586 7.251294136047363
vt 24.71120834350586 7.251294136047363
vt 25.557283401489258 6.439949989318848
vt 25.557283401489258 7.251294136047363
vt 25.557283401489258 0.818693995475769
vt 25.207324981689453 0
vt 25.557283401489258 0.026732999831438065
vt 25.557283401489258 0.026732999831438065
vt 25.207324981689453 0
vt 26.141050338745117 0
vt 25.557283401489258 0.026732999831438065
vt 26.141050338745117 0
vt 25.557283401489258 0.818693995475769
vt 25.557283401489258 0.818693995475769
vt 26.141050338745117 0
vt 26.403356552124023 0.818693995475769
vt 25.557283401489258 0.818693995475769
vt 26.403356552124023 0.818693995475769
vt 25.557283401489258 1.6106539964675903
vt 25.557283401489258 1.6106539964675903
vt 26.403356552124023 0.818693995475769
vt 26.403356552124023 1.6106539964675903
vt 25.557283401489258 1.6106539964675903
vt 26.403356552124023 1.6106539964675903
vt 25.557283401489258 2.402614116668701
vt 25.557283401489258 2.402614116668701
vt 26.403356552124023 1.6106539964675903
vt 26.403356552124023 2.402614116668701
vt 25.557283401489258 2.402614116668701
vt 26.403356552124023 2.402614116668701
vt 25.557283401489258 3.1945741176605225
vt 25.557283401489258 3.1945741176605225
vt 26.403356552124023 2.402614116668701
vt 26.403356552124023 3.1945741176605225
vt 25.557283401489258 3.1945741176605225
vt 26.403356552124023 3.1945741176605225
vt 25.557283401489258 4.005918979644775
vt 25.557283401489258 4.005918979644775
vt 26.403356552124023 3.1945741176605225
vt 26.403356552124023 4.005918979644775
vt 25.557283401489258 4.005918979644775
vt 26.403356552124023 4.005918979644775
vt 25.557283401489258 4.817262172698975
vt 25.557283401489258 4.817262172698975
vt 26.403356552124023 4.005918979644775
vt 26.403356552124023 4.817262172698975
vt 25.557283401489258 4.817262172698975
vt 26.403356552124023 4.817262172698975
vt 25.557283401489258 5.628605842590332
vt 25.557283401489258 5.628605842590332
vt 26.403356552124023 4.817262172698975
vt 26.403356552124023 5.628605842590332
vt 25.557283401489258 5.628605842590332
vt 26.403356552124023 5.628605842590332
vt 25.557283401489258 6.439949989318848
vt 25.557283401489258 6.439949989318848
vt 26.403356552124023 5.628605842590332
vt 26.403356552124023 6.439949989318848
vt 25.557283401489258 6.439949989318848
vt 26.403356552124023 6.439949989318848
vt 25.557283401489258 7.251294136047363
vt 25.557283401489258 7.251294136047363
vt 26.403356552124023 6.439949989318848
vt 26.403356552124023 7.251294136047363
vt 26.403356552124023 0.818693995475769
vt 26.141050338745117 0
vt 26.403356552124023 0.026732999831438065
vt 26.403356552124023 0.026732999831438065
vt 26.141050338745117 0
vt 27.074281692504883 0
vt 26.403356552124023 0.026732999831438065
vt 27.074281692504883 0
vt 26.403356552124023 0.818693995475769
vt 26.403356552124023 0.818693995475769
vt 27.074281692504883 0
vt 27.249431610107422 0.818693995475769
vt 26.403356552124023 0.818693995475769
vt 27.249431610107422 0.818693995475769
vt 26.403356552124023 1.6106539964675903
vt 26.403356552124023 1.6106539964675903
vt 27.249431610107422 0.818693995475769
vt 27.249431610107422 1.6106539964675903
vt 26.403356552124023 1.6106539964675903
vt 27.249431610107422 1.6106539964675903
vt 26.403356552124023 2.402614116668701
vt 26.403356552124023 2.402614116668701
vt 27.249431610107422 1.6106539964675903
vt 27.249431610107422 2.402614116668701
vt 26.403356552124023 2.402614116668701
vt 27.249431610107422 2.402614116668701
vt 26.403356552124023 3.1945741176605225
vt 26.403356552124023 3.1945741176605225
vt 27.249431610107422 2.402614116668701
vt 27.249431610107422 3.1945741176605225
vt 26.403356552124023 3.1945741176605225
vt 27.249431610107422 3.1945741176605225
vt 26.403356552124023 4.005918979644775
vt 26.403356552124023 4.005918979644775
vt 27.249431610107422 3.1945741176605225
vt 27.249431610107422 4.005918979644775
vt 26.403356552124023 4.005918979644775
vt 27.249431610107422 4.005918979644775
vt 26.403356552124023 4.817262172698975
vt 26.403356552124023 4.817262172698975
vt 27.249431610107422 4.005918979644775
vt 27.249431610107422 4.817262172698975
vt 26.403356552124023 4.817262172698975
vt 27.249431610107422 4.817262172698975
vt 26.403356552124023 5.628605842590332
vt 26.403356552124023 5.628605842590332
vt 27.249431610107422 4.817262172698975
vt 27.249431610107422 5.628605842590332
vt 26.403356552124023 5.628605842590332
vt 27.249431610107422 5.628605842590332
vt 26.403356552124023 6.439949989318848
vt 26.403356552124023 6.439949989318848
vt 27.249431610107422 5.628605842590332
vt 27.249431610107422 6.439949989318848
vt 26.403356552124023 6.439949989318848
vt 27.249431610107422 6.439949989318848
vt 26.403356552124023 7.251294136047363
vt 26.403356552124023 7.251294136047363
vt 27.249431610107422 6.439949989318848
vt 27.249431610107422 7.251294136047363
vt 27.249431610107422 0.818693995475769
vt 27.074281692504883 0
vt 27.249431610107422 0.026732999831438065
vt 27.249431610107422 0.026732999831438065
vt 27.074281692504883 0
vt 28.007709503173828 0
vt 27.249431610107422 0.026732999831438065
vt 28.007709503173828 0
vt 27.249431610107422 0.818693995475769
vt 27.249431610107422 0.818693995475769
vt 28.007709503173828 0
vt 28.09550666809082 0.818693995475769
vt 27.249431610107422 0.818693995475769
vt 28.09550666809082 0.818693995475769
vt 27.249431610107422 1.6106539964675903
vt 27.249431610107422 1.6106539964675903
vt 28.09550666809082 0.818693995475769
vt 28.09550666809082 1.6106539964675903
vt 27.249431610107422 1.6106539964675903
vt 28.09550666809082 1.6106539964675903
vt 27.249431610107422 2.402614116668701
vt 27.249431610107422 2.402614116668701
vt 28.09550666809082 1.6106539964675903
vt 28.09550666809082 2.402614116668701
vt 27.249431610107422 2.402614116668701
vt 28.09550666809082 2.402614116668701
vt 27.249431610107422 3.1945741176605225
vt 27.249431610107422 3.1945741176605225
vt 28.09550666809082 2.402614116668701
vt 28.09550666809082 3.1945741176605225
vt 27.249431610107422 3.1945741176605225
vt 28.09550666809082 3.1945741176605225
vt 27.249431610107422 4.005918979644775
vt 27.249431610107422 4.005918979644775
vt 28.09550666809082 3.1945741176605225
vt 28.09550666809082 4.005918979644775
vt 27.249431610107422 4.005918979644775
vt 28.09550666809082 4.005918979644775
vt 27.249431610107422 4.817262172698975
vt 27.249431610107422 4.817262172698975
vt 28.09550666809082 4.005918979644775
vt 28.09550666809082 4.817262172698975
vt 27.249431610107422 4.817262172698975
vt 28.09550666809082 4.817262172698975
vt 27.249431610107422 5.628605842590332
vt 27.249431610107422 5.628605842590332
vt 28.09550666809082 4.817262172698975
vt 28.09550666809082 5.628605842590332
vt 27.249431610107422 5.628605842590332
vt 28.09550666809082 5.628605842590332
vt 27.249431610107422 6.439949989318848
vt 27.249431610107422 6.439949989318848
vt 28.09550666809082 5.628605842590332
vt 28.09550666809082 6.439949989318848
vt 27.249431610107422 6.439949989318848
vt 28.09550666809082 6.439949989318848
vt 27.249431610107422 7.251294136047363
vt 27.249431610107422 7.251294136047363
vt 28.09550666809082 6.439949989318848
vt 28.09550666809082 7.251294136047363
vt 28.09550666809082 0.818693995475769
vt 28.007709503173828 0
vt 28.09550666809082 0.026732999831438065
vt 28.09550666809082 0.026732999831438065
vt 28.007709503173828 0
vt 28.94186782836914 0
vt 28.09550666809082 0.026732999831438065
vt 28.94186782836914 0
vt 28.941579818725586 0.026732999831438065
vt 28.941579818725586 0.026732999831438065
vt 28.94186782836914 0
vt 29.875179290771484 0
vt 28.941579818725586 0.026732999831438065
vt 29.875179290771484 0
vt 29.875179290771484 2.4213318824768066
vt 29.875179290771484 4.842662811279297
vt 28.941579818725586 4.005918979644775
vt 29.875179290771484 2.4213318824768066
vt 29.875179290771484 2.4213318824768066
vt 28.941579818725586 4.005918979644775
vt 28.941579818725586 3.1945741176605225
vt 29.875179290771484 2.4213318824768066
vt 28.941579818725586 3.1945741176605225
vt 28.941579818725586 2.402614116668701
vt 28.941579818725586 2.402614116668701
vt 28.941579818725586 3.1945741176605225
vt 28.09550666809082 3.1945741176605225
vt 28.941579818725586 2.402614116668701
vt 28.09550666809082 3.1945741176605225
vt 28.09550666809082 2.402614116668701
vt 29.875179290771484 7.263995170593262
vt 28.941579818725586 6.439949989318848
vt 29.875179290771484 4.842662811279297
vt 29.875179290771484 4.842662811279297
vt 28.941579818725586 6.439949989318848
vt 28.941579818725586 5.628605842590332
vt 29.875179290771484 4.842662811279297
vt 28.941579818725586 5.628605842590332
vt 28.941579818725586 4.817262172698975
vt 28.941579818725586 4.817262172698975
vt 28.941579818725586 5.628605842590332
vt 28.09550666809082 5.628605842590332
vt 28.941579818725586 4.817262172698975
vt 28.09550666809082 5.628605842590332
vt 28.09550666809082 4.817262172698975
vt 23.33998680114746 9.68531322479248
vt 22.40638542175293 9.68532657623291
vt 23.019060134887695 8.873982429504395
vt 23.019060134887695 8.873982429504395
vt 22.40638542175293 9.68532657623291
vt 22.172985076904297 8.873982429504395
vt 23.019060134887695 8.873982429504395
vt 22.172985076904297 8.873982429504395
vt 23.019060134887695 8.062638282775879
vt 23.019060134887695 8.062638282775879
vt 22.172985076904297 8.873982429504395
vt 22.172985076904297 8.062638282775879
vt 23.019060134887695 8.062638282775879
vt 22.172985076904297 8.062638282775879
vt 23.019060134887695 7.251294136047363
vt 23.019060134887695 7.251294136047363
vt 22.172985076904297 8.062638282775879
vt 22.172985076904297 7.251294136047363
vt 23.019060134887695 7.251294136047363
vt 22.172985076904297 7.251294136047363
vt 23.019060134887695 6.439949989318848
vt 23.019060134887695 6.439949989318848
vt 22.172985076904297 7.251294136047363
vt 22.172985076904297 6.439949989318848
vt 23.019060134887695 6.439949989318848
vt 22.172985076904297 6.439949989318848
vt 23.019060134887695 5.628605842590332
vt 23.019060134887695 5.628605842590332
vt 22.172985076904297 6.439949989318848
vt 22.172985076904297 5.628605842590332
vt 23.019060134887695 5.628605842590332
vt 22.172985076904297 5.628605842590332
vt 23.019060134887695 4.817262172698975
vt 23.019060134887695 4.817262172698975
vt 22.172985076904297 5.628605842590332
vt 22.172985076904297 4.817262172698975
vt 23.019060134887695 4.817262172698975
vt 22.172985076904297 4.817262172698975
vt 23.019060134887695 4.005918979644775
vt 23.019060134887695 4.005918979644775
vt 22.172985076904297 4.817262172698975
vt 22.172985076904297 4.005918979644775
vt 23.019060134887695 4.005918979644775
vt 22.172985076904297 4.005918979644775
vt 23.019060134887695 3.1945741176605225
vt 23.019060134887695 3.1945741176605225
vt 22.172985076904297 4.005918979644775
vt 22.172985076904297 3.1945741176605225
vt 23.019060134887695 3.1945741176605225
vt 22.172985076904297 3.1945741176605225
vt 23.019060134887695 2.402614116668701
vt 23.019060134887695 2.402614116668701
vt 22.172985076904297 3.1945741176605225
vt 22.172985076904297 2.402614116668701
vt 23.019060134887695 2.402614116668701
vt 22.172985076904297 2.402614116668701
vt 23.019060134887695 1.6106539964675903
vt 23.019060134887695 1.6106539964675903
vt 22.172985076904297 2.402614116668701
vt 22.172985076904297 1.6106539964675903
vt 23.019060134887695 1.6106539964675903
vt 22.172985076904297 1.6106539964675903
vt 23.019060134887695 0.818693995475769
vt 22.40638542175293 9.68532657623291
vt 21.472774505615234 9.685310363769531
vt 22.172985076904297 8.873982429504395
vt 22.172985076904297 8.873982429504395
vt 21.472774505615234 9.685310363769531
vt 21.2685604095459 8.873982429504395
vt 22.172985076904297 8.873982429504395
vt 21.2685604095459 8.873982429504395
vt 22.172985076904297 8.062638282775879
vt 22.172985076904297 8.062638282775879
vt 21.2685604095459 8.873982429504395
vt 21.2685604095459 8.062638282775879
vt 22.172985076904297 8.062638282775879
vt 21.2685604095459 8.062638282775879
vt 22.172985076904297 7.251294136047363
vt 22.172985076904297 7.251294136047363
vt 21.2685604095459 8.062638282775879
vt 21.2685604095459 7.251294136047363
vt 22.172985076904297 7.251294136047363
vt 21.2685604095459 7.251294136047363
vt 22.172985076904297 6.439949989318848
vt 22.172985076904297 6.439949989318848
vt 21.2685604095459 7.251294136047363
vt 21.2685604095459 6.439949989318848
vt 22.172985076904297 6.439949989318848
vt 21.2685604095459 6.439949989318848
vt 22.172985076904297 5.628605842590332
vt 22.172985076904297 5.628605842590332
vt 21.2685604095459 6.439949989318848
vt 21.2685604095459 5.628605842590332
vt 22.172985076904297 5.628605842590332
vt 21.2685604095459 5.628605842590332
vt 22.172985076904297 4.817262172698975
vt 22.172985076904297 4.817262172698975
vt 21.2685604095459 5.628605842590332
vt 21.2685604095459 4.817262172698975
vt 22.172985076904297 4.817262172698975
vt 21.2685604095459 4.817262172698975
vt 22.172985076904297 4.005918979644775
vt 22.172985076904297 4.005918979644775
vt 21.2685604095459 4.817262172698975
vt 21.2685604095459 4.005918979644775
vt 22.172985076904297 4.005918979644775
vt 21.2685604095459 4.005918979644775
vt 22.172985076904297 3.1945741176605225
vt 22.172985076904297 3.1945741176605225
vt 21.2685604095459 4.005918979644775
vt 21.2685604095459 3.1945741176605225
vt 22.172985076904297 3.1945741176605225
vt 21.2685604095459 3.1945741176605225
vt 22.172985076904297 2.402614116668701
vt 22.172985076904297 2.402614116668701
vt 21.2685604095459 3.1945741176605225
vt 21.2685604095459 2.402614116668701
vt 22.172985076904297 2.402614116668701
vt 21.2685604095459 2.402614116668701
vt 22.172985076904297 1.6106539964675903
vt 21.472774505615234 9.685310363769531
vt 20.539018630981445 9.68532657623291
vt 21.2685604095459 8.873982429504395
vt 21.2685604095459 8.873982429504395
vt 20.539018630981445 9.68532657623291
vt 20.3641357421875 8.873982429504395
vt 21.2685604095459 8.873982429504395
vt 20.3641357421875 8.873982429504395
vt 21.2685604095459 8.062638282775879
vt 21.2685604095459 8.062638282775879
vt 20.3641357421875 8.873982429504395
vt 20.3641357421875 8.062638282775879
vt 21.2685604095459 8.062638282775879
vt 20.3641357421875 8.062638282775879
vt 21.2685604095459 7.251294136047363
vt 21.2685604095459 7.251294136047363
vt 20.3641357421875 8.062638282775879
vt 20.3641357421875 7.251294136047363
vt 21.2685604095459 7.251294136047363
vt 20.3641357421875 7.251294136047363
vt 21.2685604095459 6.439949989318848
vt 21.2685604095459 6.439949989318848
vt 20.3641357421875 7.251294136047363
vt 20.3641357421875 6.439949989318848
vt 21.2685604095459 6.439949989318848
vt 20.3641357421875 6.439949989318848
vt 21.2685604095459 5.628605842590332
vt 21.2685604095459 5.628605842590332
vt 20.3641357421875 6.439949989318848
vt 20.3641357421875 5.628605842590332
vt 21.2685604095459 5.628605842590332
vt 20.3641357421875 5.628605842590332
vt 21.2685604095459 4.817262172698975
vt 21.2685604095459 4.817262172698975
vt 20.3641357421875 5.628605842590332
vt 20.3641357421875 4.817262172698975
vt 21.2685604095459 4.817262172698975
vt 20.3641357421875 4.817262172698975
vt 21.2685604095459 4.005918979644775
vt 21.2685604095459 4.005918979644775
vt 20.3641357421875 4.817262172698975
vt 20.3641357421875 4.005918979644775
vt 21.2685604095459 4.005918979644775
vt 20.3641357421875 4.005918979644775
vt 21.2685604095459 3.1945741176605225
vt 21.2685604095459 3.1945741176605225
vt 20.3641357421875 4.005918979644775
vt 20.3641357421875 3.1945741176605225
vt 21.2685604095459 3.1945741176605225
vt 20.3641357421875 3.1945741176605225
vt 21.2685604095459 2.402614116668701
vt 20.539018630981445 9.68532657623291
vt 19.60546112060547 9.685311317443848
vt 20.3641357421875 8.873982429504395
vt 20.3641357421875 8.873982429504395
vt 19.60546112060547 9.685311317443848
vt 19.4597110748291 8.873982429504395
vt 20.3641357421875 8.873982429504395
vt 19.4597110748291 8.873982429504395
vt 20.3641357421875 8.062638282775879
vt 20.3641357421875 8.062638282775879
vt 19.4597110748291 8.873982429504395
vt 19.4597110748291 8.062638282775879
vt 20.3641357421875 8.062638282775879
vt 19.4597110748291 8.062638282775879
vt 20.3641357421875 7.251294136047363
vt 20.3641357421875 7.251294136047363
vt 19.4597110748291 8.062638282775879
vt 19.4597110748291 7.251294136047363
vt 20.3641357421875 7.251294136047363
vt 19.4597110748291 7.251294136047363
vt 20.3641357421875 6.439949989318848
vt 20.3641357421875 6.439949989318848
vt 19.4597110748291 7.251294136047363
vt 19.4597110748291 6.439949989318848
vt 20.3641357421875 6.439949989318848
vt 19.4597110748291 6.439949989318848
vt 20.3641357421875 5.628605842590332
vt 20.3641357421875 5.628605842590332
vt 19.4597110748291 6.439949989318848
vt 19.4597110748291 5.628605842590332
vt 20.3641357421875 5.628605842590332
vt 19.4597110748291 5.628605842590332
vt 20.3641357421875 4.817262172698975
vt 20.3641357421875 4.817262172698975
vt 19.4597110748291 5.628605842590332
vt 19.4597110748291 4.817262172698975
vt 20.3641357421875 4.817262172698975
vt 19.4597110748291 4.817262172698975
vt 20.3641357421875 4.005918979644775
vt 20.3641357421875 4.005918979644775
vt 19.4597110748291 4.817262172698975
vt 19.4597110748291 4.005918979644775
vt 20.3641357421875 4.005918979644775
vt 19.4597110748291 4.005918979644775
vt 20.3641357421875 3.1945741176605225
vt 19.60546112060547 9.685311317443848
vt 18.671743392944336 9.68532657623291
vt 19.4597110748291 8.873982429504395
vt 19.4597110748291 8.873982429504395
vt 18.671743392944336 9.68532657623291
vt 18.555286407470703 8.873982429504395
vt 19.4597110748291 8.873982429504395
vt 18.555286407470703 8.873982429504395
vt 19.4597110748291 8.062638282775879
vt 19.4597110748291 8.062638282775879
vt 18.555286407470703 8.873982429504395
vt 18.555286407470703 8.062638282775879
vt 19.4597110748291 8.062638282775879
vt 18.555286407470703 8.062638282775879
vt 19.4597110748291 7.251294136047363
vt 19.4597110748291 7.251294136047363
vt 18.555286407470703 8.062638282775879
vt 18.555286407470703 7.251294136047363
vt 19.4597110748291 7.251294136047363
vt 18.555286407470703 7.251294136047363
vt 19.4597110748291 6.439949989318848
vt 19.4597110748291 6.439949989318848
vt 18.555286407470703 7.251294136047363
vt 18.555286407470703 6.439949989318848
vt 19.4597110748291 6.439949989318848
vt 18.555286407470703 6.439949989318848
vt 19.4597110748291 5.628605842590332
vt 19.4597110748291 5.628605842590332
vt 18.555286407470703 6.439949989318848
vt 18.555286407470703 5.628605842590332
vt 19.4597110748291 5.628605842590332
vt 18.555286407470703 5.628605842590332
vt 19.4597110748291 4.817262172698975
vt 19.4597110748291 4.817262172698975
vt 18.555286407470703 5.628605842590332
vt 18.555286407470703 4.817262172698975
vt 19.4597110748291 4.817262172698975
vt 18.555286407470703 4.817262172698975
vt 19.4597110748291 4.005918979644775
vt 18.671743392944336 9.68532657623291
vt 17.73851776123047 9.685312271118164
vt 18.555286407470703 8.873982429504395
vt 18.555286407470703 8.873982429504395
vt 17.73851776123047 9.685312271118164
vt 17.650863647460938 8.873982429504395
vt 18.555286407470703 8.873982429504395
vt 17.650863647460938 8.873982429504395
vt 18.555286407470703 8.062638282775879
vt 18.555286407470703 8.062638282775879
vt 17.650863647460938 8.873982429504395
vt 17.650863647460938 8.062638282775879
vt 18.555286407470703 8.062638282775879
vt 17.650863647460938 8.062638282775879
vt 18.555286407470703 7.251294136047363
vt 18.555286407470703 7.251294136047363
vt 17.650863647460938 8.062638282775879
vt 17.650863647460938 7.251294136047363
vt 18.555286407470703 7.251294136047363
vt 17.650863647460938 7.251294136047363
vt 18.555286407470703 6.439949989318848
vt 18.555286407470703 6.439949989318848
vt 17.650863647460938 7.251294136047363
vt 17.650863647460938 6.439949989318848
vt 18.555286407470703 6.439949989318848
vt 17.650863647460938 6.439949989318848
vt 18.555286407470703 5.628605842590332
vt 18.555286407470703 5.628605842590332
vt 17.650863647460938 6.439949989318848
vt 17.650863647460938 5.628605842590332
vt 18.555286407470703 5.628605842590332
vt 17.650863647460938 5.628605842590332
vt 18.555286407470703 4.817262172698975
vt 17.73851776123047 9.685312271118164
vt 16.80508804321289 9.68532657623291
vt 17.650863647460938 8.873982429504395
vt 17.650863647460938 8.873982429504395
vt 16.80508804321289 9.68532657623291
vt 16.74643898010254 8.873982429504395
vt 17.650863647460938 8.873982429504395
vt 16.74643898010254 8.873982429504395
vt 17.650863647460938 8.062638282775879
vt 17.650863647460938 8.062638282775879
vt 16.74643898010254 8.873982429504395
vt 16.74643898010254 8.062638282775879
vt 17.650863647460938 8.062638282775879
vt 16.74643898010254 8.062638282775879
vt 17.650863647460938 7.251294136047363
vt 17.650863647460938 7.251294136047363
vt 16.74643898010254 8.062638282775879
vt 16.74643898010254 7.251294136047363
vt 17.650863647460938 7.251294136047363
vt 16.74643898010254 7.251294136047363
vt 17.650863647460938 6.439949989318848
vt 17.650863647460938 6.439949989318848
vt 16.74643898010254 7.251294136047363
vt 16.74643898010254 6.439949989318848
vt 17.650863647460938 6.439949989318848
vt 16.74643898010254 6.439949989318848
vt 17.650863647460938 5.628605842590332
vt 16.80508804321289 9.68532657623291
vt 15.870915412902832 9.68532657623291
vt 16.74643898010254 8.873982429504395
vt 16.74643898010254 8.873982429504395
vt 15.870915412902832 9.68532657623291
vt 15.84201431274414 8.873982429504395
vt 16.74643898010254 8.873982429504395
vt 15.84201431274414 8.873982429504395
vt 16.74643898010254 8.062638282775879
vt 16.74643898010254 8.062638282775879
vt 15.84201431274414 8.873982429504395
vt 15.84201431274414 8.062638282775879
vt 16.74643898010254 8.062638282775879
vt 15.84201431274414 8.062638282775879
vt 16.74643898010254 7.251294136047363
vt 16.74643898010254 7.251294136047363
vt 15.84201431274414 8.062638282775879
vt 15.84201431274414 7.251294136047363
vt 16.74643898010254 7.251294136047363
vt 15.84201431274414 7.251294136047363
vt 16.74643898010254 6.439949989318848
vt 29.875179290771484 2.4213318824768066
vt 28.941579818725586 2.402614116668701
vt 28.941579818725586 1.6106539964675903
vt 28.941579818725586 1.6106539964675903
vt 28.941579818725586 2.402614116668701
vt 28.09550666809082 2.402614116668701
vt 28.941579818725586 1.6106539964675903
vt 28.09550666809082 2.402614116668701
vt 28.09550666809082 1.6106539964675903
vt 29.875179290771484 4.842662811279297
vt 28.941579818725586 4.817262172698975
vt 28.941579818725586 4.005918979644775
vt 28.941579818725586 4.005918979644775
vt 28.941579818725586 4.817262172698975
vt 28.09550666809082 4.817262172698975
vt 28.941579818725586 4.005918979644775
vt 28.09550666809082 4.817262172698975
vt 28.09550666809082 4.005918979644775
vt 29.875179290771484 7.263995170593262
vt 28.941579818725586 7.251294136047363
vt 28.941579818725586 6.439949989318848
vt 28.941579818725586 6.439949989318848
vt 28.941579818725586 7.251294136047363
vt 28.09550666809082 7.251294136047363
vt 28.941579818725586 6.439949989318848
vt 28.09550666809082 7.251294136047363
vt 28.09550666809082 6.439949989318848
vt 23.86513328552246 8.062638282775879
vt 24.71120834350586 8.062638282775879
vt 23.86513328552246 8.873982429504395
vt 23.86513328552246 8.873982429504395
vt 24.71120834350586 8.062638282775879
vt 24.71120834350586 8.873982429504395
vt 24.71120834350586 8.062638282775879
vt 25.557283401489258 8.062638282775879
vt 24.71120834350586 8.873982429504395
vt 24.71120834350586 8.873982429504395
vt 25.557283401489258 8.062638282775879
vt 25.557283401489258 8.873982429504395
vt 25.557283401489258 8.062638282775879
vt 26.403356552124023 8.062638282775879
vt 25.557283401489258 8.873982429504395
vt 25.557283401489258 8.873982429504395
vt 26.403356552124023 8.062638282775879
vt 26.403356552124023 8.873982429504395
vt 26.403356552124023 8.062638282775879
vt 27.249431610107422 8.062638282775879
vt 26.403356552124023 8.873982429504395
vt 26.403356552124023 8.873982429504395
vt 27.249431610107422 8.062638282775879
vt 27.249431610107422 8.873982429504395
vt 28.941579818725586 8.062638282775879
vt 28.941579818725586 8.873982429504395
vt 28.09550666809082 8.873982429504395
vt 27.249431610107422 8.062638282775879
vt 28.09550666809082 8.062638282775879
vt 27.249431610107422 8.873982429504395
vt 27.249431610107422 8.873982429504395
vt 28.09550666809082 8.062638282775879
vt 28.09550666809082 8.873982429504395
vt 28.09550666809082 8.062638282775879
vt 28.941579818725586 8.062638282775879
vt 28.09550666809082 8.873982429504395
vt 28.941579818725586 6.439949989318848
vt 28.09550666809082 6.439949989318848
vt 28.941579818725586 5.628605842590332
vt 28.941579818725586 5.628605842590332
vt 28.09550666809082 6.439949989318848
vt 28.09550666809082 5.628605842590332
vt 28.941579818725586 4.005918979644775
vt 28.09550666809082 4.005918979644775
vt 28.941579818725586 3.1945741176605225
vt 28.941579818725586 3.1945741176605225
vt 28.09550666809082 4.005918979644775
vt 28.09550666809082 3.1945741176605225
vt 29.875179290771484 2.4213318824768066
vt 28.941579818725586 1.6106539964675903
vt 28.941579818725586 0.818693995475769
vt 28.941579818725586 0.818693995475769
vt 28.941579818725586 1.6106539964675903
vt 28.09550666809082 1.6106539964675903
vt 28.941579818725586 0.818693995475769
vt 28.09550666809082 1.6106539964675903
vt 28.09550666809082 0.818693995475769
vt 18.555286407470703 0.026732999831438065
vt 18.67171859741211 0
vt 18.555286407470703 0.818693995475769
vt 19.4597110748291 0.026732999831438065
vt 19.605443954467773 0
vt 19.4597110748291 0.818693995475769
vt 20.3641357421875 0.026732999831438065
vt 20.539005279541016 0
vt 20.3641357421875 0.818693995475769
vt 28.09550666809082 0.026732999831438065
vt 28.941579818725586 0.026732999831438065
vt 28.09550666809082 0.818693995475769
vt 28.09550666809082 0.818693995475769
vt 28.941579818725586 0.026732999831438065
vt 28.941579818725586 0.818693995475769
vt 28.941579818725586 0.026732999831438065
vt 29.875179290771484 2.4213318824768066
vt 28.941579818725586 0.818693995475769
vt 4.087663173675537 1.4877879619598389
vt 3.6648008823394775 1.333878993988037
vt 4.349999904632568 0
vt 4.349999904632568 0
vt 3.6648008823394775 1.333878993988037
vt 3.9000000953674316 0
vt 4.349999904632568 0
vt 3.9000000953674316 0
vt 3.6648008823394775 -1.333878993988037
vt 3.6648008823394775 1.333878993988037
vt 4.087663173675537 1.4877879619598389
vt 2.9875729084014893 2.5068719387054443
vt 2.9875729084014893 2.5068719387054443
vt 4.087663173675537 1.4877879619598389
vt 3.3322930335998535 2.796125888824463
vt 2.9875729084014893 2.5068719387054443
vt 3.3322930335998535 2.796125888824463
vt 1.9500000476837158 3.3774991035461426
vt 1.9500000476837158 3.3774991035461426
vt 3.3322930335998535 2.796125888824463
vt 2.174999952316284 3.767210006713867
vt 1.9500000476837158 3.3774991035461426
vt 2.174999952316284 3.767210006713867
vt 0.6772279739379883 3.840749979019165
vt 0.6772279739379883 3.840749979019165
vt 2.174999952316284 3.767210006713867
vt 0.755370020866394 4.283914089202881
vt 0.6772279739379883 3.840749979019165
vt 0.755370020866394 4.283914089202881
vt -0.755370020866394 4.283914089202881
vt 0.6772279739379883 3.840749979019165
vt -0.755370020866394 4.283914089202881
vt -0.6772279739379883 3.840749979019165
vt -0.6772279739379883 3.840749979019165
vt -0.755370020866394 4.283914089202881
vt -2.174999952316284 3.767210006713867
vt -0.6772279739379883 3.840749979019165
vt -2.174999952316284 3.767210006713867
vt -1.9500000476837158 3.3774991035461426
vt -1.9500000476837158 3.3774991035461426
vt -2.174999952316284 3.767210006713867
vt -3.3322930335998535 2.796125888824463
vt -1.9500000476837158 3.3774991035461426
vt -3.3322930335998535 2.796125888824463
vt -2.9875729084014893 2.5068719387054443
vt -2.9875729084014893 2.5068719387054443
vt -3.3322930335998535 2.796125888824463
vt -4.087663173675537 1.4877879619598389
vt -2.9875729084014893 2.5068719387054443
vt -4.087663173675537 1.4877879619598389
vt -3.6648008823394775 1.333878993988037
vt -3.6648008823394775 1.333878993988037
vt -4.087663173675537 1.4877879619598389
vt -4.349999904632568 0
vt -3.6648008823394775 1.333878993988037
vt -4.349999904632568 0
vt -3.9000000953674316 0
vt -3.9000000953674316 0
vt -4.349999904632568 0
vt -3.6648008823394775 -1.333878993988037
vt -3.6648008823394775 -1.333878993988037
vt -4.349999904632568 0
vt -4.087663173675537 -1.4877879619598389
vt -3.6648008823394775 -1.333878993988037
vt -4.087663173675537 -1.4877879619598389
vt -2.9875729084014893 -2.5068719387054443
vt -2.9875729084014893 -2.5068719387054443
vt -4.087663173675537 -1.4877879619598389
vt -3.3322930335998535 -2.796125888824463
vt -2.9875729084014893 -2.5068719387054443
vt -3.3322930335998535 -2.796125888824463
vt -1.9500000476837158 -3.3774991035461426
vt -1.9500000476837158 -3.3774991035461426
vt -3.3322930335998535 -2.796125888824463
vt -2.174999952316284 -3.767210006713867
vt -1.9500000476837158 -3.3774991035461426
vt -2.174999952316284 -3.767210006713867
vt -0.6772279739379883 -3.840749979019165
vt -0.6772279739379883 -3.840749979019165
vt -2.174999952316284 -3.767210006713867
vt -0.755370020866394 -4.283914089202881
vt -0.6772279739379883 -3.840749979019165
vt -0.755370020866394 -4.283914089202881
vt 0.755370020866394 -4.283914089202881
vt -0.6772279739379883 -3.840749979019165
vt 0.755370020866394 -4.283914089202881
vt 0.6772279739379883 -3.840749979019165
vt 0.6772279739379883 -3.840749979019165
vt 0.755370020866394 -4.283914089202881
vt 2.174999952316284 -3.767210006713867
vt 0.6772279739379883 -3.840749979019165
vt 2.174999952316284 -3.767210006713867
vt 1.9500000476837158 -3.3774991035461426
vt 1.9500000476837158 -3.3774991035461426
vt 2.174999952316284 -3.767210006713867
vt 3.3322930335998535 -2.796125888824463
vt 1.9500000476837158 -3.3774991035461426
vt 3.3322930335998535 -2.796125888824463
vt 2.9875729084014893 -2.5068719387054443
vt 2.9875729084014893 -2.5068719387054443
vt 3.3322930335998535 -2.796125888824463
vt 4.087663173675537 -1.4877879619598389
vt 2.9875729084014893 -2.5068719387054443
vt 4.087663173675537 -1.4877879619598389
vt 3.6648008823394775 -1.333878993988037
vt 3.6648008823394775 -1.333878993988037
vt 4.087663173675537 -1.4877879619598389
vt 4.349999904632568 0
vt 4.087663173675537 1.4877879619598389
vt 3.6648008823394775 1.333878993988037
vt 4.349999904632568 0
vt 4.349999904632568 0
vt 3.6648008823394775 1.333878993988037
vt 3.9000000953674316 0
vt 4.349999904632568 0
vt 3.9000000953674316 0
vt 3.6648008823394775 -1.333878993988037
vt 3.6648008823394775 1.333878993988037
vt 4.087663173675537 1.4877879619598389
vt 2.9875729084014893 2.5068719387054443
vt 2.9875729084014893 2.5068719387054443
vt 4.087663173675537 1.4877879619598389
vt 3.3322930335998535 2.796125888824463
vt 2.9875729084014893 2.5068719387054443
vt 3.3322930335998535 2.796125888824463
vt 1.9500000476837158 3.3774991035461426
vt 1.9500000476837158 3.3774991035461426
vt 3.3322930335998535 2.796125888824463
vt 2.174999952316284 3.767210006713867
vt 1.9500000476837158 3.3774991035461426
vt 2.174999952316284 3.767210006713867
vt 0.6772279739379883 3.840749979019165
vt 0.6772279739379883 3.840749979019165
vt 2.174999952316284 3.767210006713867
vt 0.755370020866394 4.283914089202881
vt 0.6772279739379883 3.840749979019165
vt 0.755370020866394 4.283914089202881
vt -0.755370020866394 4.283914089202881
vt 0.6772279739379883 3.840749979019165
vt -0.755370020866394 4.283914089202881
vt -0.6772279739379883 3.840749979019165
vt -0.6772279739379883 3.840749979019165
vt -0.755370020866394 4.283914089202881
vt -2.174999952316284 3.767210006713867
vt -0.6772279739379883 3.840749979019165
vt -2.174999952316284 3.767210006713867
vt -1.9500000476837158 3.3774991035461426
vt -1.9500000476837158 3.3774991035461426
vt -2.174999952316284 3.767210006713867
vt -3.3322930335998535 2.796125888824463
vt -1.9500000476837158 3.3774991035461426
vt -3.3322930335998535 2.796125888824463
vt -2.9875729084014893 2.5068719387054443
vt -2.9875729084014893 2.5068719387054443
vt -3.3322930335998535 2.796125888824463
vt -4.087663173675537 1.4877879619598389
vt -2.9875729084014893 2.5068719387054443
vt -4.087663173675537 1.4877879619598389
vt -3.6648008823394775 1.333878993988037
vt -3.6648008823394775 1.333878993988037
vt -4.087663173675537 1.4877879619598389
vt -4.349999904632568 0
vt -3.6648008823394775 1.333878993988037
vt -4.349999904632568 0
vt -3.9000000953674316 0
vt -3.9000000953674316 0
vt -4.349999904632568 0
vt -3.6648008823394775 -1.333878993988037
vt -3.6648008823394775 -1.333878993988037
vt -4.349999904632568 0
vt -4.087663173675537 -1.4877879619598389
vt -3.6648008823394775 -1.333878993988037
vt -4.087663173675537 -1.4877879619598389
vt -2.9875729084014893 -2.5068719387054443
vt -2.9875729084014893 -2.5068719387054443
vt -4.087663173675537 -1.4877879619598389
vt -3.3322930335998535 -2.796125888824463
vt -2.9875729084014893 -2.5068719387054443
vt -3.3322930335998535 -2.796125888824463
vt -1.9500000476837158 -3.3774991035461426
vt -1.9500000476837158 -3.3774991035461426
vt -3.3322930335998535 -2.796125888824463
vt -2.174999952316284 -3.767210006713867
vt -1.9500000476837158 -3.3774991035461426
vt -2.174999952316284 -3.767210006713867
vt -0.6772279739379883 -3.840749979019165
vt -0.6772279739379883 -3.840749979019165
vt -2.174999952316284 -3.767210006713867
vt -0.755370020866394 -4.283914089202881
vt -0.6772279739379883 -3.840749979019165
vt -0.755370020866394 -4.283914089202881
vt 0.755370020866394 -4.283914089202881
vt -0.6772279739379883 -3.840749979019165
vt 0.755370020866394 -4.283914089202881
vt 0.6772279739379883 -3.840749979019165
vt 0.6772279739379883 -3.840749979019165
vt 0.755370020866394 -4.283914089202881
vt 2.174999952316284 -3.767210006713867
vt 0.6772279739379883 -3.840749979019165
vt 2.174999952316284 -3.767210006713867
vt 1.9500000476837158 -3.3774991035461426
vt 1.9500000476837158 -3.3774991035461426
vt 2.174999952316284 -3.767210006713867
vt 3.3322930335998535 -2.796125888824463
vt 1.9500000476837158 -3.3774991035461426
vt 3.3322930335998535 -2.796125888824463
vt 2.9875729084014893 -2.5068719387054443
vt 2.9875729084014893 -2.5068719387054443
vt 3.3322930335998535 -2.796125888824463
vt 4.087663173675537 -1.4877879619598389
vt 2.9875729084014893 -2.5068719387054443
vt 4.087663173675537 -1.4877879619598389
vt 3.6648008823394775 -1.333878993988037
vt 3.6648008823394775 -1.333878993988037
vt 4.087663173675537 -1.4877879619598389
vt 4.349999904632568 0
vt -46.29999923706055 -12.252211570739746
vt 0 -12.252211570739746
vt -46.29999923706055 -10.890854835510254
vt -46.29999923706055 -10.890854835510254
vt 0 -12.252211570739746
vt 0 -10.890854835510254
vt -46.29999923706055 -10.890854835510254
vt 0 -10.890854835510254
vt -46.29999923706055 -9.529498100280762
vt -46.29999923706055 -9.529498100280762
vt 0 -10.890854835510254
vt 0 -9.529498100280762
vt -46.29999923706055 -9.529498100280762
vt 0 -9.529498100280762
vt -46.29999923706055 -8.16814136505127
vt -46.29999923706055 -8.16814136505127
vt 0 -9.529498100280762
vt 0 -8.16814136505127
vt -46.29999923706055 -8.16814136505127
vt 0 -8.16814136505127
vt -46.29999923706055 -6.806784152984619
vt -46.29999923706055 -6.806784152984619
vt 0 -8.16814136505127
vt 0 -6.806784152984619
vt -46.29999923706055 -6.806784152984619
vt 0 -6.806784152984619
vt -46.29999923706055 -5.445426940917969
vt -46.29999923706055 -5.445426940917969
vt 0 -6.806784152984619
vt 0 -5.445426940917969
vt -46.29999923706055 -5.445426940917969
vt 0 -5.445426940917969
vt -46.29999923706055 -4.084071159362793
vt -46.29999923706055 -4.084071159362793
vt 0 -5.445426940917969
vt 0 -4.084071159362793
vt -46.29999923706055 -4.084071159362793
vt 0 -4.084071159362793
vt -46.29999923706055 -2.7227139472961426
vt -46.29999923706055 -2.7227139472961426
vt 0 -4.084071159362793
vt 0 -2.7227139472961426
vt -46.29999923706055 -2.7227139472961426
vt 0 -2.7227139472961426
vt -46.29999923706055 -1.3613569736480713
vt -46.29999923706055 -1.3613569736480713
vt 0 -2.7227139472961426
vt 0 -1.3613569736480713
vt -46.29999923706055 -1.3613569736480713
vt 0 -1.3613569736480713
vt -46.29999923706055 0
vt -46.29999923706055 0
vt 0 -1.3613569736480713
vt 0 0
vt -54.13114547729492 4.087663173675537
vt -55.671417236328125 4.349999904632568
vt -55.671417236328125 4.329999923706055
vt -55.671417236328125 4.329999923706055
vt -55.671417236328125 4.349999904632568
vt -57.21168899536133 4.087663173675537
vt -55.671417236328125 4.329999923706055
vt -57.21168899536133 4.087663173675537
vt -57.20460891723633 4.068869113922119
vt -57.20460891723633 4.068869113922119
vt -57.21168899536133 4.087663173675537
vt -58.56618118286133 3.3322930335998535
vt -57.20460891723633 4.068869113922119
vt -58.56618118286133 3.3322930335998535
vt -58.55287170410156 3.316972017288208
vt -58.55287170410156 3.316972017288208
vt -58.56618118286133 3.3322930335998535
vt -59.5715217590332 2.174999952316284
vt -58.55287170410156 3.316972017288208
vt -59.5715217590332 2.174999952316284
vt -59.5535888671875 2.1649999618530273
vt -59.5535888671875 2.1649999618530273
vt -59.5715217590332 2.174999952316284
vt -60.10645294189453 0.755370020866394
vt -59.5535888671875 2.1649999618530273
vt -60.10645294189453 0.755370020866394
vt -60.0860595703125 0.7518969774246216
vt -60.0860595703125 0.7518969774246216
vt -60.10645294189453 0.755370020866394
vt -60.10645294189453 -0.755370020866394
vt -60.0860595703125 0.7518969774246216
vt -60.10645294189453 -0.755370020866394
vt -60.0860595703125 -0.7518969774246216
vt -60.0860595703125 -0.7518969774246216
vt -60.10645294189453 -0.755370020866394
vt -59.5535888671875 -2.1649999618530273
vt -59.5535888671875 -2.1649999618530273
vt -60.10645294189453 -0.755370020866394
vt -59.5715217590332 -2.174999952316284
vt -59.5535888671875 -2.1649999618530273
vt -59.5715217590332 -2.174999952316284
vt -58.55287170410156 -3.316972017288208
vt -58.55287170410156 -3.316972017288208
vt -59.5715217590332 -2.174999952316284
vt -58.56618118286133 -3.3322930335998535
vt -58.55287170410156 -3.316972017288208
vt -58.56618118286133 -3.3322930335998535
vt -57.20460891723633 -4.068869113922119
vt -57.20460891723633 -4.068869113922119
vt -58.56618118286133 -3.3322930335998535
vt -57.21168899536133 -4.087663173675537
vt -57.20460891723633 -4.068869113922119
vt -57.21168899536133 -4.087663173675537
vt -55.671417236328125 -4.329999923706055
vt -55.671417236328125 -4.329999923706055
vt -57.21168899536133 -4.087663173675537
vt -55.671417236328125 -4.349999904632568
vt -55.671417236328125 -4.329999923706055
vt -55.671417236328125 -4.349999904632568
vt -54.13114547729492 -4.087663173675537
vt -55.671417236328125 -4.329999923706055
vt -54.13114547729492 -4.087663173675537
vt -54.13822937011719 -4.068869113922119
vt -54.13822937011719 -4.068869113922119
vt -54.13114547729492 -4.087663173675537
vt -52.77665328979492 -3.3322930335998535
vt -54.13822937011719 -4.068869113922119
vt -52.77665328979492 -3.3322930335998535
vt -52.78996276855469 -3.316972017288208
vt -52.78996276855469 -3.316972017288208
vt -52.77665328979492 -3.3322930335998535
vt -51.77131271362305 -2.174999952316284
vt -52.78996276855469 -3.316972017288208
vt -51.77131271362305 -2.174999952316284
vt -51.78924560546875 -2.1649999618530273
vt -51.78924560546875 -2.1649999618530273
vt -51.77131271362305 -2.174999952316284
vt -51.236385345458984 -0.755370020866394
vt -51.78924560546875 -2.1649999618530273
vt -51.236385345458984 -0.755370020866394
vt -51.25677490234375 -0.7518969774246216
vt -51.25677490234375 -0.7518969774246216
vt -51.236385345458984 -0.755370020866394
vt -51.25677490234375 0.7518969774246216
vt -51.25677490234375 0.7518969774246216
vt -51.236385345458984 -0.755370020866394
vt -51.236385345458984 0.755370020866394
vt -51.25677490234375 0.7518969774246216
vt -51.236385345458984 0.755370020866394
vt -51.78924560546875 2.1649999618530273
vt -51.78924560546875 2.1649999618530273
vt -51.236385345458984 0.755370020866394
vt -51.77131271362305 2.174999952316284
vt -51.78924560546875 2.1649999618530273
vt -51.77131271362305 2.174999952316284
vt -52.78996276855469 3.316972017288208
vt -52.78996276855469 3.316972017288208
vt -51.77131271362305 2.174999952316284
vt -52.77665328979492 3.3322930335998535
vt -52.78996276855469 3.316972017288208
vt -52.77665328979492 3.3322930335998535
vt -54.13822937011719 4.068869113922119
vt -54.13822937011719 4.068869113922119
vt -52.77665328979492 3.3322930335998535
vt -54.13114547729492 4.087663173675537
vt -54.13822937011719 4.068869113922119
vt -54.13114547729492 4.087663173675537
vt -55.671417236328125 4.329999923706055
vt -4.087663173675537 -1.4877879619598389
vt -4.068869113922119 -1.4809470176696777
vt -4.349999904632568 0
vt -4.349999904632568 0
vt -4.068869113922119 -1.4809470176696777
vt -4.329999923706055 0
vt -4.349999904632568 0
vt -4.329999923706055 0
vt -4.068869113922119 1.4809470176696777
vt -4.068869113922119 -1.4809470176696777
vt -4.087663173675537 -1.4877879619598389
vt -3.316972017288208 -2.7832698822021484
vt -3.316972017288208 -2.7832698822021484
vt -4.087663173675537 -1.4877879619598389
vt -3.3322930335998535 -2.796125888824463
vt -3.316972017288208 -2.7832698822021484
vt -3.3322930335998535 -2.796125888824463
vt -2.1649999618530273 -3.749890089035034
vt -2.1649999618530273 -3.749890089035034
vt -3.3322930335998535 -2.796125888824463
vt -2.174999952316284 -3.767210006713867
vt -2.1649999618530273 -3.749890089035034
vt -2.174999952316284 -3.767210006713867
vt -0.7518969774246216 -4.264216899871826
vt -0.7518969774246216 -4.264216899871826
vt -2.174999952316284 -3.767210006713867
vt -0.755370020866394 -4.283914089202881
vt -0.7518969774246216 -4.264216899871826
vt -0.755370020866394 -4.283914089202881
vt 0.755370020866394 -4.283914089202881
vt -0.7518969774246216 -4.264216899871826
vt 0.755370020866394 -4.283914089202881
vt 0.7518969774246216 -4.264216899871826
vt 0.7518969774246216 -4.264216899871826
vt 0.755370020866394 -4.283914089202881
vt 2.174999952316284 -3.767210006713867
vt 0.7518969774246216 -4.264216899871826
vt 2.174999952316284 -3.767210006713867
vt 2.1649999618530273 -3.749890089035034
vt 2.1649999618530273 -3.749890089035034
vt 2.174999952316284 -3.767210006713867
vt 3.3322930335998535 -2.796125888824463
vt 2.1649999618530273 -3.749890089035034
vt 3.3322930335998535 -2.796125888824463
vt 3.316972017288208 -2.7832698822021484
vt 3.316972017288208 -2.7832698822021484
vt 3.3322930335998535 -2.796125888824463
vt 4.087663173675537 -1.4877879619598389
vt 3.316972017288208 -2.7832698822021484
vt 4.087663173675537 -1.4877879619598389
vt 4.068869113922119 -1.4809470176696777
vt 4.068869113922119 -1.4809470176696777
vt 4.087663173675537 -1.4877879619598389
vt 4.349999904632568 0
vt 4.068869113922119 -1.4809470176696777
vt 4.349999904632568 0
vt 4.329999923706055 0
vt 4.329999923706055 0
vt 4.349999904632568 0
vt 4.068869113922119 1.4809470176696777
vt 4.068869113922119 1.4809470176696777
vt 4.349999904632568 0
vt 4.087663173675537 1.4877879619598389
vt 4.068869113922119 1.4809470176696777
vt 4.087663173675537 1.4877879619598389
vt 3.316972017288208 2.7832698822021484
vt 3.316972017288208 2.7832698822021484
vt 4.087663173675537 1.4877879619598389
vt 3.3322930335998535 2.796125888824463
vt 3.316972017288208 2.7832698822021484
vt 3.3322930335998535 2.796125888824463
vt 2.1649999618530273 3.749890089035034
vt 2.1649999618530273 3.749890089035034
vt 3.3322930335998535 2.796125888824463
vt 2.174999952316284 3.767210006713867
vt 2.1649999618530273 3.749890089035034
vt 2.174999952316284 3.767210006713867
vt 0.7518969774246216 4.264216899871826
vt 0.7518969774246216 4.264216899871826
vt 2.174999952316284 3.767210006713867
vt 0.755370020866394 4.283914089202881
vt 0.7518969774246216 4.264216899871826
vt 0.755370020866394 4.283914089202881
vt -0.755370020866394 4.283914089202881
vt 0.7518969774246216 4.264216899871826
vt -0.755370020866394 4.283914089202881
vt -0.7518969774246216 4.264216899871826
vt -0.7518969774246216 4.264216899871826
vt -0.755370020866394 4.283914089202881
vt -2.174999952316284 3.767210006713867
vt -0.7518969774246216 4.264216899871826
vt -2.174999952316284 3.767210006713867
vt -2.1649999618530273 3.749890089035034
vt -2.1649999618530273 3.749890089035034
vt -2.174999952316284 3.767210006713867
vt -3.3322930335998535 2.796125888824463
vt -2.1649999618530273 3.749890089035034
vt -3.3322930335998535 2.796125888824463
vt -3.316972017288208 2.7832698822021484
vt -3.316972017288208 2.7832698822021484
vt -3.3322930335998535 2.796125888824463
vt -4.087663173675537 1.4877879619598389
vt -3.316972017288208 2.7832698822021484
vt -4.087663173675537 1.4877879619598389
vt -4.068869113922119 1.4809470176696777
vt -4.068869113922119 1.4809470176696777
vt -4.087663173675537 1.4877879619598389
vt -4.349999904632568 0
vt -6.400000095367432 -13.66592788696289
vt -7.248642921447754 -12.811807632446289
vt -12.329999923706055 -13.66592788696289
vt -12.329999923706055 -13.66592788696289
vt -7.248642921447754 -12.811807632446289
vt -12.329999923706055 -12.147491455078125
vt -12.329999923706055 -12.147491455078125
vt -7.248642921447754 -12.811807632446289
vt -8.064672470092773 -11.957687377929688
vt -12.329999923706055 -12.147491455078125
vt -8.064672470092773 -11.957687377929688
vt -8.816729545593262 -11.10356616973877
vt -12.329999923706055 -12.147491455078125
vt -8.816729545593262 -11.10356616973877
vt -12.329999923706055 -10.62905502319336
vt -12.329999923706055 -10.62905502319336
vt -8.816729545593262 -11.10356616973877
vt -9.47591495513916 -10.249445915222168
vt -12.329999923706055 -10.62905502319336
vt -9.47591495513916 -10.249445915222168
vt -10.016892433166504 -9.395325660705566
vt -12.329999923706055 -10.62905502319336
vt -10.016892433166504 -9.395325660705566
vt -12.329999923706055 -9.110618591308594
vt -12.329999923706055 -9.110618591308594
vt -10.016892433166504 -9.395325660705566
vt -10.418875694274902 -8.541205406188965
vt -12.329999923706055 -9.110618591308594
vt -10.418875694274902 -8.541205406188965
vt -12.329999923706055 -7.592182159423828
vt -12.329999923706055 -7.592182159423828
vt -10.418875694274902 -8.541205406188965
vt -10.66641616821289 -7.687085151672363
vt -12.329999923706055 -7.592182159423828
vt -10.66641616821289 -7.687085151672363
vt -10.75 -6.832963943481445
vt -12.329999923706055 -7.592182159423828
vt -10.75 -6.832963943481445
vt -12.329999923706055 -6.073746204376221
vt -12.329999923706055 -6.073746204376221
vt -10.75 -6.832963943481445
vt -10.66641616821289 -5.978844165802002
vt -12.329999923706055 -6.073746204376221
vt -10.66641616821289 -5.978844165802002
vt -10.418875694274902 -5.124722957611084
vt -12.329999923706055 -6.073746204376221
vt -10.418875694274902 -5.124722957611084
vt -12.329999923706055 -4.555308818817139
vt -12.329999923706055 -4.555308818817139
vt -10.418875694274902 -5.124722957611084
vt -10.016892433166504 -4.270603179931641
vt -12.329999923706055 -4.555308818817139
vt -10.016892433166504 -4.270603179931641
vt -9.47591495513916 -3.4164819717407227
vt -12.329999923706055 -4.555308818817139
vt -9.47591495513916 -3.4164819717407227
vt -12.329999923706055 -3.0368731021881104
vt -12.329999923706055 -3.0368731021881104
vt -9.47591495513916 -3.4164819717407227
vt -8.816729545593262 -2.562361001968384
vt -12.329999923706055 -3.0368731021881104
vt -8.816729545593262 -2.562361001968384
vt -12.329999923706055 -1.5184359550476074
vt -12.329999923706055 -1.5184359550476074
vt -8.816729545593262 -2.562361001968384
vt -8.064672470092773 -1.7082409858703613
vt -12.329999923706055 -1.5184359550476074
vt -8.064672470092773 -1.7082409858703613
vt -7.248642921447754 -0.8541200160980225
vt -6.400000095367432 0
vt -12.329999923706055 0
vt -7.248642921447754 -0.8541200160980225
vt -7.248642921447754 -0.8541200160980225
vt -12.329999923706055 0
vt -12.329999923706055 -1.5184359550476074
vt -12.303657531738281 -13.66592788696289
vt -13.152300834655762 -12.811807632446289
vt -17.60365867614746 -13.66592788696289
vt -17.60365867614746 -13.66592788696289
vt -13.152300834655762 -12.811807632446289
vt -17.60365867614746 -12.147491455078125
vt -17.60365867614746 -12.147491455078125
vt -13.152300834655762 -12.811807632446289
vt -13.968331336975098 -11.957687377929688
vt -17.60365867614746 -12.147491455078125
vt -13.968331336975098 -11.957687377929688
vt -14.720388412475586 -11.10356616973877
vt -17.60365867614746 -12.147491455078125
vt -14.720388412475586 -11.10356616973877
vt -17.60365867614746 -10.62905502319336
vt -17.60365867614746 -10.62905502319336
vt -14.720388412475586 -11.10356616973877
vt -15.379572868347168 -10.249445915222168
vt -17.60365867614746 -10.62905502319336
vt -15.379572868347168 -10.249445915222168
vt -15.920550346374512 -9.395325660705566
vt -17.60365867614746 -10.62905502319336
vt -15.920550346374512 -9.395325660705566
vt -17.60365867614746 -9.110618591308594
vt -17.60365867614746 -9.110618591308594
vt -15.920550346374512 -9.395325660705566
vt -16.322534561157227 -8.541205406188965
vt -17.60365867614746 -9.110618591308594
vt -16.322534561157227 -8.541205406188965
vt -17.60365867614746 -7.592182159423828
vt -17.60365867614746 -7.592182159423828
vt -16.322534561157227 -8.541205406188965
vt -16.5700740814209 -7.687085151672363
vt -17.60365867614746 -7.592182159423828
vt -16.5700740814209 -7.687085151672363
vt -16.653657913208008 -6.832963943481445
vt -17.60365867614746 -7.592182159423828
vt -16.653657913208008 -6.832963943481445
vt -17.60365867614746 -6.073746204376221
vt -17.60365867614746 -6.073746204376221
vt -16.653657913208008 -6.832963943481445
vt -16.5700740814209 -5.978844165802002
vt -17.60365867614746 -6.073746204376221
vt -16.5700740814209 -5.978844165802002
vt -16.322534561157227 -5.124722957611084
vt -17.60365867614746 -6.073746204376221
vt -16.322534561157227 -5.124722957611084
vt -17.60365867614746 -4.555308818817139
vt -17.60365867614746 -4.555308818817139
vt -16.322534561157227 -5.124722957611084
vt -15.920550346374512 -4.270603179931641
vt -17.60365867614746 -4.555308818817139
vt -15.920550346374512 -4.270603179931641
vt -15.379572868347168 -3.4164819717407227
vt -17.60365867614746 -4.555308818817139
vt -15.379572868347168 -3.4164819717407227
vt -17.60365867614746 -3.0368731021881104
vt -17.60365867614746 -3.0368731021881104
vt -15.379572868347168 -3.4164819717407227
vt -14.720388412475586 -2.562361001968384
vt -17.60365867614746 -3.0368731021881104
vt -14.720388412475586 -2.562361001968384
vt -17.60365867614746 -1.5184359550476074
vt -17.60365867614746 -1.5184359550476074
vt -14.720388412475586 -2.562361001968384
vt -13.968331336975098 -1.7082409858703613
vt -17.60365867614746 -1.5184359550476074
vt -13.968331336975098 -1.7082409858703613
vt -13.152300834655762 -0.8541200160980225
vt -12.303657531738281 0
vt -17.60365867614746 0
vt -13.152300834655762 -0.8541200160980225
vt -13.152300834655762 -0.8541200160980225
vt -17.60365867614746 0
vt -17.60365867614746 -1.5184359550476074
vt -0.5 0
vt 0 0
vt -0.5 1.5114550590515137
vt -0.5 1.5114550590515137
vt 0 0
vt 0 1.5114550590515137
vt -0.5 1.5114550590515137
vt 0 1.5114550590515137
vt -0.5 3.0229101181030273
vt -0.5 3.0229101181030273
vt 0 1.5114550590515137
vt 0 3.0229101181030273
vt -0.5 3.0229101181030273
vt 0 3.0229101181030273
vt -0.5 4.534365177154541
vt -0.5 4.534365177154541
vt 0 3.0229101181030273
vt 0 4.534365177154541
vt -0.5 4.534365177154541
vt 0 4.534365177154541
vt -0.5 6.045821189880371
vt -0.5 6.045821189880371
vt 0 4.534365177154541
vt 0 6.045821189880371
vt -0.5 6.045821189880371
vt 0 6.045821189880371
vt -0.5 7.557275772094727
vt -0.5 7.557275772094727
vt 0 6.045821189880371
vt 0 7.557275772094727
vt -0.5 7.557275772094727
vt 0 7.557275772094727
vt -0.5 9.068730354309082
vt -0.5 9.068730354309082
vt 0 7.557275772094727
vt 0 9.068730354309082
vt -0.5 9.068730354309082
vt 0 9.068730354309082
vt -0.5 10.580185890197754
vt -0.5 10.580185890197754
vt 0 9.068730354309082
vt 0 10.580185890197754
vt -0.5 10.580185890197754
vt 0 10.580185890197754
vt -0.5 12.091641426086426
vt -0.5 12.091641426086426
vt 0 10.580185890197754
vt 0 12.091641426086426
vt -0.5 12.091641426086426
vt 0 12.091641426086426
vt -0.5 13.603096008300781
vt -0.5 13.603096008300781
vt 0 12.091641426086426
vt 0 13.603096008300781
vt -17.4871768951416 0
vt -15.398985862731934 0
vt -17.4871768951416 1.5114550590515137
vt -17.4871768951416 1.5114550590515137
vt -15.398985862731934 0
vt -15.002167701721191 1.5114550590515137
vt -17.4871768951416 1.5114550590515137
vt -15.002167701721191 1.5114550590515137
vt -17.4871768951416 3.0229101181030273
vt -17.4871768951416 3.0229101181030273
vt -15.002167701721191 1.5114550590515137
vt -14.65321159362793 3.0229101181030273
vt -17.4871768951416 3.0229101181030273
vt -14.65321159362793 3.0229101181030273
vt -17.4871768951416 4.534365177154541
vt -17.4871768951416 4.534365177154541
vt -14.65321159362793 3.0229101181030273
vt -14.394206047058105 4.534365177154541
vt -17.4871768951416 4.534365177154541
vt -14.394206047058105 4.534365177154541
vt -17.4871768951416 6.045821189880371
vt -17.4871768951416 6.045821189880371
vt -14.394206047058105 4.534365177154541
vt -14.256391525268555 6.045821189880371
vt -17.4871768951416 6.045821189880371
vt -14.256391525268555 6.045821189880371
vt -17.4871768951416 7.557275772094727
vt -17.4871768951416 7.557275772094727
vt -14.256391525268555 6.045821189880371
vt -14.256391525268555 7.557275772094727
vt -17.4871768951416 7.557275772094727
vt -14.256391525268555 7.557275772094727
vt -14.394206047058105 9.068730354309082
vt -17.4871768951416 7.557275772094727
vt -14.394206047058105 9.068730354309082
vt -17.4871768951416 9.068730354309082
vt -17.4871768951416 9.068730354309082
vt -14.394206047058105 9.068730354309082
vt -14.65321159362793 10.580185890197754
vt -17.4871768951416 9.068730354309082
vt -14.65321159362793 10.580185890197754
vt -17.4871768951416 10.580185890197754
vt -17.4871768951416 10.580185890197754
vt -14.65321159362793 10.580185890197754
vt -15.002167701721191 12.091641426086426
vt -17.4871768951416 10.580185890197754
vt -15.002167701721191 12.091641426086426
vt -17.4871768951416 12.091641426086426
vt -17.4871768951416 12.091641426086426
vt -15.002167701721191 12.091641426086426
vt -15.398985862731934 13.603096008300781
vt -17.4871768951416 12.091641426086426
vt -15.398985862731934 13.603096008300781
vt -17.4871768951416 13.603096008300781
vt 0.6283190250396729 0
vt 0.785398006439209 0
vt 0.6981319785118103 1.4603359699249268
vt 0.6981319785118103 1.4603359699249268
vt 0.785398006439209 0
vt 0.785398006439209 1.4603359699249268
vt 0.6981319785118103 1.4603359699249268
vt 0.785398006439209 1.4603359699249268
vt 0.6981319785118103 2.920670986175537
vt 0.6981319785118103 2.920670986175537
vt 0.785398006439209 1.4603359699249268
vt 0.785398006439209 2.920670986175537
vt 0.6981319785118103 2.920670986175537
vt 0.785398006439209 2.920670986175537
vt 0.6981319785118103 4.381007194519043
vt 0.6981319785118103 4.381007194519043
vt 0.785398006439209 2.920670986175537
vt 0.785398006439209 4.381007194519043
vt 0.6981319785118103 4.381007194519043
vt 0.785398006439209 4.381007194519043
vt 0.6981319785118103 5.841341972351074
vt 0.6981319785118103 5.841341972351074
vt 0.785398006439209 4.381007194519043
vt 0.785398006439209 5.841341972351074
vt 0.6981319785118103 5.841341972351074
vt 0.785398006439209 5.841341972351074
vt 0.6981319785118103 7.30167818069458
vt 0.6981319785118103 7.30167818069458
vt 0.785398006439209 5.841341972351074
vt 0.785398006439209 7.30167818069458
vt 0.6981319785118103 7.30167818069458
vt 0.785398006439209 7.30167818069458
vt 0.6981319785118103 8.76201343536377
vt 0.6981319785118103 8.76201343536377
vt 0.785398006439209 7.30167818069458
vt 0.785398006439209 8.76201343536377
vt 0.6981319785118103 8.76201343536377
vt 0.785398006439209 8.76201343536377
vt 0.6981319785118103 10.222349166870117
vt 0.6981319785118103 10.222349166870117
vt 0.785398006439209 8.76201343536377
vt 0.785398006439209 10.222349166870117
vt 0.6981319785118103 10.222349166870117
vt 0.785398006439209 10.222349166870117
vt 0.6981319785118103 11.682684898376465
vt 0.6981319785118103 11.682684898376465
vt 0.785398006439209 10.222349166870117
vt 0.785398006439209 11.682684898376465
vt 0.6981319785118103 11.682684898376465
vt 0.785398006439209 11.682684898376465
vt 0.785398006439209 13.143020629882812
vt 0.785398006439209 13.143020629882812
vt 0.6283190250396729 13.143020629882812
vt 0.6981319785118103 11.682684898376465
vt 0.6981319785118103 11.682684898376465
vt 0.6283190250396729 13.143020629882812
vt 0.5235990285873413 11.682684898376465
vt 0.6981319785118103 11.682684898376465
vt 0.5235990285873413 11.682684898376465
vt 0.6981319785118103 10.222349166870117
vt 0.6981319785118103 10.222349166870117
vt 0.5235990285873413 11.682684898376465
vt 0.5235990285873413 10.222349166870117
vt 0.6981319785118103 10.222349166870117
vt 0.5235990285873413 10.222349166870117
vt 0.6981319785118103 8.76201343536377
vt 0.6981319785118103 8.76201343536377
vt 0.5235990285873413 10.222349166870117
vt 0.5235990285873413 8.76201343536377
vt 0.6981319785118103 8.76201343536377
vt 0.5235990285873413 8.76201343536377
vt 0.6981319785118103 7.30167818069458
vt 0.6981319785118103 7.30167818069458
vt 0.5235990285873413 8.76201343536377
vt 0.5235990285873413 7.30167818069458
vt 0.6981319785118103 7.30167818069458
vt 0.5235990285873413 7.30167818069458
vt 0.6981319785118103 5.841341972351074
vt 0.6981319785118103 5.841341972351074
vt 0.5235990285873413 7.30167818069458
vt 0.5235990285873413 5.841341972351074
vt 0.6981319785118103 5.841341972351074
vt 0.5235990285873413 5.841341972351074
vt 0.6981319785118103 4.381007194519043
vt 0.6981319785118103 4.381007194519043
vt 0.5235990285873413 5.841341972351074
vt 0.5235990285873413 4.381007194519043
vt 0.6981319785118103 4.381007194519043
vt 0.5235990285873413 4.381007194519043
vt 0.6981319785118103 2.920670986175537
vt 0.6981319785118103 2.920670986175537
vt 0.5235990285873413 4.381007194519043
vt 0.5235990285873413 2.920670986175537
vt 0.6981319785118103 2.920670986175537
vt 0.5235990285873413 2.920670986175537
vt 0.6981319785118103 1.4603359699249268
vt 0.6981319785118103 1.4603359699249268
vt 0.5235990285873413 2.920670986175537
vt 0.5235990285873413 1.4603359699249268
vt 0.6981319785118103 1.4603359699249268
vt 0.5235990285873413 1.4603359699249268
vt 0.6283190250396729 0
vt 0.6283190250396729 0
vt 0.5235990285873413 1.4603359699249268
vt 0.47123900055885315 0
vt 0.47123900055885315 0
vt 0.5235990285873413 1.4603359699249268
vt 0.34906598925590515 1.4603359699249268
vt 0.47123900055885315 0
vt 0.34906598925590515 1.4603359699249268
vt 0.31415900588035583 0
vt 0.31415900588035583 0
vt 0.34906598925590515 1.4603359699249268
vt 0.17453299462795258 1.4603359699249268
vt 0.31415900588035583 0
vt 0.17453299462795258 1.4603359699249268
vt 0.15707999467849731 0
vt 0.15707999467849731 0
vt 0.17453299462795258 1.4603359699249268
vt 0 1.4603359699249268
vt 0.15707999467849731 0
vt 0 1.4603359699249268
vt 0 0
vt 0.6283190250396729 13.143020629882812
vt 0.47123900055885315 13.143020629882812
vt 0.5235990285873413 11.682684898376465
vt 0.5235990285873413 11.682684898376465
vt 0.47123900055885315 13.143020629882812
vt 0.34906598925590515 11.682684898376465
vt 0.5235990285873413 11.682684898376465
vt 0.34906598925590515 11.682684898376465
vt 0.5235990285873413 10.222349166870117
vt 0.5235990285873413 10.222349166870117
vt 0.34906598925590515 11.682684898376465
vt 0.34906598925590515 10.222349166870117
vt 0.5235990285873413 10.222349166870117
vt 0.34906598925590515 10.222349166870117
vt 0.5235990285873413 8.76201343536377
vt 0.5235990285873413 8.76201343536377
vt 0.34906598925590515 10.222349166870117
vt 0.34906598925590515 8.76201343536377
vt 0.5235990285873413 8.76201343536377
vt 0.34906598925590515 8.76201343536377
vt 0.5235990285873413 7.30167818069458
vt 0.5235990285873413 7.30167818069458
vt 0.34906598925590515 8.76201343536377
vt 0.34906598925590515 7.30167818069458
vt 0.5235990285873413 7.30167818069458
vt 0.34906598925590515 7.30167818069458
vt 0.5235990285873413 5.841341972351074
vt 0.5235990285873413 5.841341972351074
vt 0.34906598925590515 7.30167818069458
vt 0.34906598925590515 5.841341972351074
vt 0.5235990285873413 5.841341972351074
vt 0.34906598925590515 5.841341972351074
vt 0.5235990285873413 4.381007194519043
vt 0.5235990285873413 4.381007194519043
vt 0.34906598925590515 5.841341972351074
vt 0.34906598925590515 4.381007194519043
vt 0.5235990285873413 4.381007194519043
vt 0.34906598925590515 4.381007194519043
vt 0.5235990285873413 2.920670986175537
vt 0.5235990285873413 2.920670986175537
vt 0.34906598925590515 4.381007194519043
vt 0.34906598925590515 2.920670986175537
vt 0.5235990285873413 2.920670986175537
vt 0.34906598925590515 2.920670986175537
vt 0.5235990285873413 1.4603359699249268
vt 0.5235990285873413 1.4603359699249268
vt 0.34906598925590515 2.920670986175537
vt 0.34906598925590515 1.4603359699249268
vt 0.47123900055885315 13.143020629882812
vt 0.31415900588035583 13.143020629882812
vt 0.34906598925590515 11.682684898376465
vt 0.34906598925590515 11.682684898376465
vt 0.31415900588035583 13.143020629882812
vt 0.17453299462795258 11.682684898376465
vt 0.34906598925590515 11.682684898376465
vt 0.17453299462795258 11.682684898376465
vt 0.34906598925590515 10.222349166870117
vt 0.34906598925590515 10.222349166870117
vt 0.17453299462795258 11.682684898376465
vt 0.17453299462795258 10.222349166870117
vt 0.34906598925590515 10.222349166870117
vt 0.17453299462795258 10.222349166870117
vt 0.34906598925590515 8.76201343536377
vt 0.34906598925590515 8.76201343536377
vt 0.17453299462795258 10.222349166870117
vt 0.17453299462795258 8.76201343536377
vt 0.34906598925590515 8.76201343536377
vt 0.17453299462795258 8.76201343536377
vt 0.34906598925590515 7.30167818069458
vt 0.34906598925590515 7.30167818069458
vt 0.17453299462795258 8.76201343536377
vt 0.17453299462795258 7.30167818069458
vt 0.34906598925590515 7.30167818069458
vt 0.17453299462795258 7.30167818069458
vt 0.34906598925590515 5.841341972351074
vt 0.34906598925590515 5.841341972351074
vt 0.17453299462795258 7.30167818069458
vt 0.17453299462795258 5.841341972351074
vt 0.34906598925590515 5.841341972351074
vt 0.17453299462795258 5.841341972351074
vt 0.34906598925590515 4.381007194519043
vt 0.34906598925590515 4.381007194519043
vt 0.17453299462795258 5.841341972351074
vt 0.17453299462795258 4.381007194519043
vt 0.34906598925590515 4.381007194519043
vt 0.17453299462795258 4.381007194519043
vt 0.34906598925590515 2.920670986175537
vt 0.34906598925590515 2.920670986175537
vt 0.17453299462795258 4.381007194519043
vt 0.17453299462795258 2.920670986175537
vt 0.34906598925590515 2.920670986175537
vt 0.17453299462795258 2.920670986175537
vt 0.34906598925590515 1.4603359699249268
vt 0.34906598925590515 1.4603359699249268
vt 0.17453299462795258 2.920670986175537
vt 0.17453299462795258 1.4603359699249268
vt 0.31415900588035583 13.143020629882812
vt 0.15707999467849731 13.143020629882812
vt 0.17453299462795258 11.682684898376465
vt 0.17453299462795258 11.682684898376465
vt 0.15707999467849731 13.143020629882812
vt 0 11.682684898376465
vt 0.17453299462795258 11.682684898376465
vt 0 11.682684898376465
vt 0.17453299462795258 10.222349166870117
vt 0.17453299462795258 10.222349166870117
vt 0 11.682684898376465
vt 0 10.222349166870117
vt 0.17453299462795258 10.222349166870117
vt 0 10.222349166870117
vt 0.17453299462795258 8.76201343536377
vt 0.17453299462795258 8.76201343536377
vt 0 10.222349166870117
vt 0 8.76201343536377
vt 0.17453299462795258 8.76201343536377
vt 0 8.76201343536377
vt 0.17453299462795258 7.30167818069458
vt 0.17453299462795258 7.30167818069458
vt 0 8.76201343536377
vt 0 7.30167818069458
vt 0.17453299462795258 7.30167818069458
vt 0 7.30167818069458
vt 0.17453299462795258 5.841341972351074
vt 0.17453299462795258 5.841341972351074
vt 0 7.30167818069458
vt 0 5.841341972351074
vt 0.17453299462795258 5.841341972351074
vt 0 5.841341972351074
vt 0.17453299462795258 4.381007194519043
vt 0.17453299462795258 4.381007194519043
vt 0 5.841341972351074
vt 0 4.381007194519043
vt 0.17453299462795258 4.381007194519043
vt 0 4.381007194519043
vt 0.17453299462795258 2.920670986175537
vt 0.17453299462795258 2.920670986175537
vt 0 4.381007194519043
vt 0 2.920670986175537
vt 0.17453299462795258 2.920670986175537
vt 0 2.920670986175537
vt 0.17453299462795258 1.4603359699249268
vt 0.17453299462795258 1.4603359699249268
vt 0 2.920670986175537
vt 0 1.4603359699249268
vt 0.15707999467849731 13.143020629882812
vt 0 13.143020629882812
vt 0 11.682684898376465
vt -0.6200000047683716 0
vt 0 0
vt -0.6200000047683716 1.4486229419708252
vt -0.6200000047683716 1.4486229419708252
vt 0 0
vt 0 1.4486229419708252
vt -0.6200000047683716 1.4486229419708252
vt 0 1.4486229419708252
vt -0.6200000047683716 2.897247076034546
vt -0.6200000047683716 2.897247076034546
vt 0 1.4486229419708252
vt 0 2.897247076034546
vt -0.6200000047683716 2.897247076034546
vt 0 2.897247076034546
vt -0.6200000047683716 4.345870018005371
vt -0.6200000047683716 4.345870018005371
vt 0 2.897247076034546
vt 0 4.345870018005371
vt -0.6200000047683716 4.345870018005371
vt 0 4.345870018005371
vt -0.6200000047683716 5.794493198394775
vt -0.6200000047683716 5.794493198394775
vt 0 4.345870018005371
vt 0 5.794493198394775
vt -0.6200000047683716 5.794493198394775
vt 0 5.794493198394775
vt -0.6200000047683716 7.2431159019470215
vt -0.6200000047683716 7.2431159019470215
vt 0 5.794493198394775
vt 0 7.2431159019470215
vt -0.6200000047683716 7.2431159019470215
vt 0 7.2431159019470215
vt -0.6200000047683716 8.691740036010742
vt -0.6200000047683716 8.691740036010742
vt 0 7.2431159019470215
vt 0 8.691740036010742
vt -0.6200000047683716 8.691740036010742
vt 0 8.691740036010742
vt -0.6200000047683716 10.140362739562988
vt -0.6200000047683716 10.140362739562988
vt 0 8.691740036010742
vt 0 10.140362739562988
vt -0.6200000047683716 10.140362739562988
vt 0 10.140362739562988
vt -0.6200000047683716 11.58898639678955
vt -0.6200000047683716 11.58898639678955
vt 0 10.140362739562988
vt 0 11.58898639678955
vt -0.6200000047683716 11.58898639678955
vt 0 11.58898639678955
vt -0.6200000047683716 13.037609100341797
vt -0.6200000047683716 13.037609100341797
vt 0 11.58898639678955
vt 0 13.037609100341797
vt -0.5 0
vt 0 0
vt -0.5 0.850193977355957
vt -0.5 0.850193977355957
vt 0 0
vt 0 1.5114550590515137
vt -0.5 0.850193977355957
vt 0 1.5114550590515137
vt -0.5 1.7003870010375977
vt -0.5 1.7003870010375977
vt 0 1.5114550590515137
vt -0.5 2.5505809783935547
vt -0.5 2.5505809783935547
vt 0 1.5114550590515137
vt 0 3.0229101181030273
vt -0.5 2.5505809783935547
vt 0 3.0229101181030273
vt -0.5 3.4007740020751953
vt -0.5 3.4007740020751953
vt 0 3.0229101181030273
vt 0 4.534365177154541
vt -0.5 3.4007740020751953
vt 0 4.534365177154541
vt -0.5 4.250967979431152
vt -0.5 4.250967979431152
vt 0 4.534365177154541
vt -0.5 5.101161003112793
vt -0.5 5.101161003112793
vt 0 4.534365177154541
vt 0 6.045821189880371
vt -0.5 5.101161003112793
vt 0 6.045821189880371
vt -0.5 5.95135498046875
vt -0.5 5.95135498046875
vt 0 6.045821189880371
vt -0.5 6.801548004150391
vt -0.5 6.801548004150391
vt 0 6.045821189880371
vt 0 7.557275772094727
vt -0.5 6.801548004150391
vt 0 7.557275772094727
vt -0.5 7.651741981506348
vt -0.5 7.651741981506348
vt 0 7.557275772094727
vt -0.5 8.501935005187988
vt -0.5 8.501935005187988
vt 0 7.557275772094727
vt 0 9.068730354309082
vt -0.5 8.501935005187988
vt 0 9.068730354309082
vt -0.5 9.352128982543945
vt -0.5 9.352128982543945
vt 0 9.068730354309082
vt -0.5 10.202322006225586
vt -0.5 10.202322006225586
vt 0 9.068730354309082
vt 0 10.580185890197754
vt -0.5 10.202322006225586
vt 0 10.580185890197754
vt -0.5 11.052515983581543
vt -0.5 11.052515983581543
vt 0 10.580185890197754
vt 0 12.091641426086426
vt -0.5 11.052515983581543
vt 0 12.091641426086426
vt -0.5 11.902709007263184
vt -0.5 11.902709007263184
vt 0 12.091641426086426
vt -0.5 12.75290298461914
vt -0.5 12.75290298461914
vt 0 12.091641426086426
vt 0 13.603096008300781
vt -0.5 12.75290298461914
vt 0 13.603096008300781
vt -0.5 13.603096008300781
vt -0.5 -13.603096008300781
vt 0 -13.603096008300781
vt -0.5 -12.75290298461914
vt -0.5 -12.75290298461914
vt 0 -13.603096008300781
vt 0 -12.091641426086426
vt -0.5 -12.75290298461914
vt 0 -12.091641426086426
vt -0.5 -11.902709007263184
vt -0.5 -11.902709007263184
vt 0 -12.091641426086426
vt -0.5 -11.052515983581543
vt -0.5 -11.052515983581543
vt 0 -12.091641426086426
vt 0 -10.580185890197754
vt -0.5 -11.052515983581543
vt 0 -10.580185890197754
vt -0.5 -10.202322006225586
vt -0.5 -10.202322006225586
vt 0 -10.580185890197754
vt 0 -9.068730354309082
vt -0.5 -10.202322006225586
vt 0 -9.068730354309082
vt -0.5 -9.352128982543945
vt -0.5 -9.352128982543945
vt 0 -9.068730354309082
vt -0.5 -8.501935005187988
vt -0.5 -8.501935005187988
vt 0 -9.068730354309082
vt 0 -7.557275772094727
vt -0.5 -8.501935005187988
vt 0 -7.557275772094727
vt -0.5 -7.651741981506348
vt -0.5 -7.651741981506348
vt 0 -7.557275772094727
vt -0.5 -6.801548004150391
vt -0.5 -6.801548004150391
vt 0 -7.557275772094727
vt 0 -6.045821189880371
vt -0.5 -6.801548004150391
vt 0 -6.045821189880371
vt -0.5 -5.95135498046875
vt -0.5 -5.95135498046875
vt 0 -6.045821189880371
vt -0.5 -5.101161003112793
vt -0.5 -5.101161003112793
vt 0 -6.045821189880371
vt 0 -4.534365177154541
vt -0.5 -5.101161003112793
vt 0 -4.534365177154541
vt -0.5 -4.250967979431152
vt -0.5 -4.250967979431152
vt 0 -4.534365177154541
vt -0.5 -3.4007740020751953
vt -0.5 -3.4007740020751953
vt 0 -4.534365177154541
vt 0 -3.0229101181030273
vt -0.5 -3.4007740020751953
vt 0 -3.0229101181030273
vt -0.5 -2.5505809783935547
vt -0.5 -2.5505809783935547
vt 0 -3.0229101181030273
vt 0 -1.5114550590515137
vt -0.5 -2.5505809783935547
vt 0 -1.5114550590515137
vt -0.5 -1.7003870010375977
vt -0.5 -1.7003870010375977
vt 0 -1.5114550590515137
vt -0.5 -0.850193977355957
vt -0.5 -0.850193977355957
vt 0 -1.5114550590515137
vt 0 0
vt -0.5 -0.850193977355957
vt 0 0
vt -0.5 0
vt 3.899724006652832 1.4193840026855469
vt -3.899724006652832 1.4193840026855469
vt 4.150000095367432 0
vt 4.150000095367432 0
vt -3.899724006652832 1.4193840026855469
vt -4.150000095367432 0
vt 4.150000095367432 0
vt -4.150000095367432 0
vt 3.899724006652832 -1.4193840026855469
vt 3.899724006652832 -1.4193840026855469
vt -4.150000095367432 0
vt -3.899724006652832 -1.4193840026855469
vt 3.899724006652832 -1.4193840026855469
vt -3.899724006652832 -1.4193840026855469
vt 3.1790850162506104 -2.6675689220428467
vt 3.1790850162506104 -2.6675689220428467
vt -3.899724006652832 -1.4193840026855469
vt -3.1790850162506104 -2.6675689220428467
vt 3.1790850162506104 -2.6675689220428467
vt -3.1790850162506104 -2.6675689220428467
vt 2.075000047683716 -3.5940051078796387
vt 2.075000047683716 -3.5940051078796387
vt -3.1790850162506104 -2.6675689220428467
vt -2.075000047683716 -3.5940051078796387
vt 2.075000047683716 -3.5940051078796387
vt -2.075000047683716 -3.5940051078796387
vt 0.7206400036811829 -4.086952209472656
vt 0.7206400036811829 -4.086952209472656
vt -2.075000047683716 -3.5940051078796387
vt -0.7206400036811829 -4.086952209472656
vt -3.899724006652832 1.4193840026855469
vt 3.899724006652832 1.4193840026855469
vt -3.1790850162506104 2.6675689220428467
vt -3.1790850162506104 2.6675689220428467
vt 3.899724006652832 1.4193840026855469
vt 3.1790850162506104 2.6675689220428467
vt -3.1790850162506104 2.6675689220428467
vt 3.1790850162506104 2.6675689220428467
vt -2.075000047683716 3.5940051078796387
vt -2.075000047683716 3.5940051078796387
vt 3.1790850162506104 2.6675689220428467
vt 2.075000047683716 3.5940051078796387
vt -2.075000047683716 3.5940051078796387
vt 2.075000047683716 3.5940051078796387
vt -0.7206400036811829 4.086952209472656
vt -0.7206400036811829 4.086952209472656
vt 2.075000047683716 3.5940051078796387
vt 0.7206400036811829 4.086952209472656
vt -3.5990231037139893 -1.3099370002746582
vt 3.5990231037139893 -1.3099370002746582
vt -3.8299999237060547 0
vt -3.8299999237060547 0
vt 3.5990231037139893 -1.3099370002746582
vt 3.8299999237060547 0
vt -3.8299999237060547 0
vt 3.8299999237060547 0
vt -3.5990231037139893 1.3099370002746582
vt -3.5990231037139893 1.3099370002746582
vt 3.8299999237060547 0
vt 3.5990231037139893 1.3099370002746582
vt -3.5990231037139893 1.3099370002746582
vt 3.5990231037139893 1.3099370002746582
vt -2.9339499473571777 2.4618771076202393
vt -2.9339499473571777 2.4618771076202393
vt 3.5990231037139893 1.3099370002746582
vt 2.9339499473571777 2.4618771076202393
vt -2.9339499473571777 2.4618771076202393
vt 2.9339499473571777 2.4618771076202393
vt -1.9149999618530273 3.3168768882751465
vt -1.9149999618530273 3.3168768882751465
vt 2.9339499473571777 2.4618771076202393
vt 1.9149999618530273 3.3168768882751465
vt -1.9149999618530273 3.3168768882751465
vt 1.9149999618530273 3.3168768882751465
vt -0.6650729775428772 3.7718141078948975
vt -0.6650729775428772 3.7718141078948975
vt 1.9149999618530273 3.3168768882751465
vt 0.6650729775428772 3.7718141078948975
vt 3.5990231037139893 -1.3099370002746582
vt -3.5990231037139893 -1.3099370002746582
vt 2.9339499473571777 -2.4618771076202393
vt 2.9339499473571777 -2.4618771076202393
vt -3.5990231037139893 -1.3099370002746582
vt -2.9339499473571777 -2.4618771076202393
vt 2.9339499473571777 -2.4618771076202393
vt -2.9339499473571777 -2.4618771076202393
vt 1.9149999618530273 -3.3168768882751465
vt 1.9149999618530273 -3.3168768882751465
vt -2.9339499473571777 -2.4618771076202393
vt -1.9149999618530273 -3.3168768882751465
vt 1.9149999618530273 -3.3168768882751465
vt -1.9149999618530273 -3.3168768882751465
vt 0.6650729775428772 -3.7718141078948975
vt 0.6650729775428772 -3.7718141078948975
vt -1.9149999618530273 -3.3168768882751465
vt -0.6650729775428772 -3.7718141078948975
vt -0.6200000047683716 -13.037609100341797
vt 0 -13.037609100341797
vt -0.6200000047683716 -11.58898639678955
vt -0.6200000047683716 -11.58898639678955
vt 0 -13.037609100341797
vt 0 -11.58898639678955
vt -0.6200000047683716 -11.58898639678955
vt 0 -11.58898639678955
vt -0.6200000047683716 -10.140362739562988
vt -0.6200000047683716 -10.140362739562988
vt 0 -11.58898639678955
vt 0 -10.140362739562988
vt -0.6200000047683716 -10.140362739562988
vt 0 -10.140362739562988
vt -0.6200000047683716 -8.691740036010742
vt -0.6200000047683716 -8.691740036010742
vt 0 -10.140362739562988
vt 0 -8.691740036010742
vt -0.6200000047683716 -8.691740036010742
vt 0 -8.691740036010742
vt -0.6200000047683716 -7.2431159019470215
vt -0.6200000047683716 -7.2431159019470215
vt 0 -8.691740036010742
vt 0 -7.2431159019470215
vt -0.6200000047683716 -7.2431159019470215
vt 0 -7.2431159019470215
vt -0.6200000047683716 -5.794493198394775
vt -0.6200000047683716 -5.794493198394775
vt 0 -7.2431159019470215
vt 0 -5.794493198394775
vt -0.6200000047683716 -5.794493198394775
vt 0 -5.794493198394775
vt -0.6200000047683716 -4.345870018005371
vt -0.6200000047683716 -4.345870018005371
vt 0 -5.794493198394775
vt 0 -4.345870018005371
vt -0.6200000047683716 -4.345870018005371
vt 0 -4.345870018005371
vt -0.6200000047683716 -2.897247076034546
vt -0.6200000047683716 -2.897247076034546
vt 0 -4.345870018005371
vt 0 -2.897247076034546
vt -0.6200000047683716 -2.897247076034546
vt 0 -2.897247076034546
vt -0.6200000047683716 -1.4486229419708252
vt -0.6200000047683716 -1.4486229419708252
vt 0 -2.897247076034546
vt 0 -1.4486229419708252
vt -0.6200000047683716 -1.4486229419708252
vt 0 -1.4486229419708252
vt -0.6200000047683716 0
vt -0.6200000047683716 0
vt 0 -1.4486229419708252
vt 0 0
vt 0 -13.143020629882812
vt 0.15707999467849731 -13.143020629882812
vt 0 -11.682684898376465
vt 0 -11.682684898376465
vt 0.15707999467849731 -13.143020629882812
vt 0.17453299462795258 -11.682684898376465
vt 0 -11.682684898376465
vt 0.17453299462795258 -11.682684898376465
vt 0 -10.222349166870117
vt 0 -10.222349166870117
vt 0.17453299462795258 -11.682684898376465
vt 0.17453299462795258 -10.222349166870117
vt 0 -10.222349166870117
vt 0.17453299462795258 -10.222349166870117
vt 0 -8.76201343536377
vt 0 -8.76201343536377
vt 0.17453299462795258 -10.222349166870117
vt 0.17453299462795258 -8.76201343536377
vt 0 -8.76201343536377
vt 0.17453299462795258 -8.76201343536377
vt 0 -7.30167818069458
vt 0 -7.30167818069458
vt 0.17453299462795258 -8.76201343536377
vt 0.17453299462795258 -7.30167818069458
vt 0 -7.30167818069458
vt 0.17453299462795258 -7.30167818069458
vt 0 -5.841341972351074
vt 0 -5.841341972351074
vt 0.17453299462795258 -7.30167818069458
vt 0.17453299462795258 -5.841341972351074
vt 0 -5.841341972351074
vt 0.17453299462795258 -5.841341972351074
vt 0 -4.381007194519043
vt 0 -4.381007194519043
vt 0.17453299462795258 -5.841341972351074
vt 0.17453299462795258 -4.381007194519043
vt 0 -4.381007194519043
vt 0.17453299462795258 -4.381007194519043
vt 0 -2.920670986175537
vt 0 -2.920670986175537
vt 0.17453299462795258 -4.381007194519043
vt 0.17453299462795258 -2.920670986175537
vt 0 -2.920670986175537
vt 0.17453299462795258 -2.920670986175537
vt 0 -1.4603359699249268
vt 0 -1.4603359699249268
vt 0.17453299462795258 -2.920670986175537
vt 0.17453299462795258 -1.4603359699249268
vt 0 -1.4603359699249268
vt 0.17453299462795258 -1.4603359699249268
vt 0.15707999467849731 0
vt 0.15707999467849731 0
vt 0.17453299462795258 -1.4603359699249268
vt 0.31415900588035583 0
vt 0.31415900588035583 0
vt 0.17453299462795258 -1.4603359699249268
vt 0.34906598925590515 -1.4603359699249268
vt 0.31415900588035583 0
vt 0.34906598925590515 -1.4603359699249268
vt 0.47123900055885315 0
vt 0.47123900055885315 0
vt 0.34906598925590515 -1.4603359699249268
vt 0.5235990285873413 -1.4603359699249268
vt 0.47123900055885315 0
vt 0.5235990285873413 -1.4603359699249268
vt 0.6283190250396729 0
vt 0.6283190250396729 0
vt 0.5235990285873413 -1.4603359699249268
vt 0.6981319785118103 -1.4603359699249268
vt 0.6283190250396729 0
vt 0.6981319785118103 -1.4603359699249268
vt 0.785398006439209 0
vt 0.785398006439209 0
vt 0.6981319785118103 -1.4603359699249268
vt 0.785398006439209 -1.4603359699249268
vt 0.785398006439209 -1.4603359699249268
vt 0.6981319785118103 -1.4603359699249268
vt 0.785398006439209 -2.920670986175537
vt 0.785398006439209 -2.920670986175537
vt 0.6981319785118103 -1.4603359699249268
vt 0.6981319785118103 -2.920670986175537
vt 0.785398006439209 -2.920670986175537
vt 0.6981319785118103 -2.920670986175537
vt 0.785398006439209 -4.381007194519043
vt 0.785398006439209 -4.381007194519043
vt 0.6981319785118103 -2.920670986175537
vt 0.6981319785118103 -4.381007194519043
vt 0.785398006439209 -4.381007194519043
vt 0.6981319785118103 -4.381007194519043
vt 0.785398006439209 -5.841341972351074
vt 0.785398006439209 -5.841341972351074
vt 0.6981319785118103 -4.381007194519043
vt 0.6981319785118103 -5.841341972351074
vt 0.785398006439209 -5.841341972351074
vt 0.6981319785118103 -5.841341972351074
vt 0.785398006439209 -7.30167818069458
vt 0.785398006439209 -7.30167818069458
vt 0.6981319785118103 -5.841341972351074
vt 0.6981319785118103 -7.30167818069458
vt 0.785398006439209 -7.30167818069458
vt 0.6981319785118103 -7.30167818069458
vt 0.785398006439209 -8.76201343536377
vt 0.785398006439209 -8.76201343536377
vt 0.6981319785118103 -7.30167818069458
vt 0.6981319785118103 -8.76201343536377
vt 0.785398006439209 -8.76201343536377
vt 0.6981319785118103 -8.76201343536377
vt 0.785398006439209 -10.222349166870117
vt 0.785398006439209 -10.222349166870117
vt 0.6981319785118103 -8.76201343536377
vt 0.6981319785118103 -10.222349166870117
vt 0.785398006439209 -10.222349166870117
vt 0.6981319785118103 -10.222349166870117
vt 0.785398006439209 -11.682684898376465
vt 0.785398006439209 -11.682684898376465
vt 0.6981319785118103 -10.222349166870117
vt 0.6981319785118103 -11.682684898376465
vt 0.785398006439209 -11.682684898376465
vt 0.6981319785118103 -11.682684898376465
vt 0.785398006439209 -13.143020629882812
vt 0.785398006439209 -13.143020629882812
vt 0.6981319785118103 -11.682684898376465
vt 0.6283190250396729 -13.143020629882812
vt 0.6283190250396729 -13.143020629882812
vt 0.6981319785118103 -11.682684898376465
vt 0.5235990285873413 -11.682684898376465
vt 0.6283190250396729 -13.143020629882812
vt 0.5235990285873413 -11.682684898376465
vt 0.47123900055885315 -13.143020629882812
vt 0.47123900055885315 -13.143020629882812
vt 0.5235990285873413 -11.682684898376465
vt 0.34906598925590515 -11.682684898376465
vt 0.47123900055885315 -13.143020629882812
vt 0.34906598925590515 -11.682684898376465
vt 0.31415900588035583 -13.143020629882812
vt 0.31415900588035583 -13.143020629882812
vt 0.34906598925590515 -11.682684898376465
vt 0.17453299462795258 -11.682684898376465
vt 0.31415900588035583 -13.143020629882812
vt 0.17453299462795258 -11.682684898376465
vt 0.15707999467849731 -13.143020629882812
vt 0.15707999467849731 0
vt 0 0
vt 0 -1.4603359699249268
vt 0.5235990285873413 -11.682684898376465
vt 0.6981319785118103 -11.682684898376465
vt 0.5235990285873413 -10.222349166870117
vt 0.5235990285873413 -10.222349166870117
vt 0.6981319785118103 -11.682684898376465
vt 0.6981319785118103 -10.222349166870117
vt 0.5235990285873413 -10.222349166870117
vt 0.6981319785118103 -10.222349166870117
vt 0.5235990285873413 -8.76201343536377
vt 0.5235990285873413 -8.76201343536377
vt 0.6981319785118103 -10.222349166870117
vt 0.6981319785118103 -8.76201343536377
vt 0.5235990285873413 -8.76201343536377
vt 0.6981319785118103 -8.76201343536377
vt 0.5235990285873413 -7.30167818069458
vt 0.5235990285873413 -7.30167818069458
vt 0.6981319785118103 -8.76201343536377
vt 0.6981319785118103 -7.30167818069458
vt 0.5235990285873413 -7.30167818069458
vt 0.6981319785118103 -7.30167818069458
vt 0.5235990285873413 -5.841341972351074
vt 0.5235990285873413 -5.841341972351074
vt 0.6981319785118103 -7.30167818069458
vt 0.6981319785118103 -5.841341972351074
vt 0.5235990285873413 -5.841341972351074
vt 0.6981319785118103 -5.841341972351074
vt 0.5235990285873413 -4.381007194519043
vt 0.5235990285873413 -4.381007194519043
vt 0.6981319785118103 -5.841341972351074
vt 0.6981319785118103 -4.381007194519043
vt 0.5235990285873413 -4.381007194519043
vt 0.6981319785118103 -4.381007194519043
vt 0.5235990285873413 -2.920670986175537
vt 0.5235990285873413 -2.920670986175537
vt 0.6981319785118103 -4.381007194519043
vt 0.6981319785118103 -2.920670986175537
vt 0.5235990285873413 -2.920670986175537
vt 0.6981319785118103 -2.920670986175537
vt 0.5235990285873413 -1.4603359699249268
vt 0.5235990285873413 -1.4603359699249268
vt 0.6981319785118103 -2.920670986175537
vt 0.6981319785118103 -1.4603359699249268
vt 0.17453299462795258 -10.222349166870117
vt 0.17453299462795258 -11.682684898376465
vt 0.34906598925590515 -11.682684898376465
vt 0.34906598925590515 -11.682684898376465
vt 0.5235990285873413 -11.682684898376465
vt 0.34906598925590515 -10.222349166870117
vt 0.34906598925590515 -10.222349166870117
vt 0.5235990285873413 -11.682684898376465
vt 0.5235990285873413 -10.222349166870117
vt 0.34906598925590515 -10.222349166870117
vt 0.5235990285873413 -10.222349166870117
vt 0.34906598925590515 -8.76201343536377
vt 0.34906598925590515 -8.76201343536377
vt 0.5235990285873413 -10.222349166870117
vt 0.5235990285873413 -8.76201343536377
vt 0.34906598925590515 -8.76201343536377
vt 0.5235990285873413 -8.76201343536377
vt 0.34906598925590515 -7.30167818069458
vt 0.34906598925590515 -7.30167818069458
vt 0.5235990285873413 -8.76201343536377
vt 0.5235990285873413 -7.30167818069458
vt 0.34906598925590515 -7.30167818069458
vt 0.5235990285873413 -7.30167818069458
vt 0.34906598925590515 -5.841341972351074
vt 0.34906598925590515 -5.841341972351074
vt 0.5235990285873413 -7.30167818069458
vt 0.5235990285873413 -5.841341972351074
vt 0.34906598925590515 -5.841341972351074
vt 0.5235990285873413 -5.841341972351074
vt 0.34906598925590515 -4.381007194519043
vt 0.34906598925590515 -4.381007194519043
vt 0.5235990285873413 -5.841341972351074
vt 0.5235990285873413 -4.381007194519043
vt 0.34906598925590515 -4.381007194519043
vt 0.5235990285873413 -4.381007194519043
vt 0.34906598925590515 -2.920670986175537
vt 0.34906598925590515 -2.920670986175537
vt 0.5235990285873413 -4.381007194519043
vt 0.5235990285873413 -2.920670986175537
vt 0.34906598925590515 -2.920670986175537
vt 0.5235990285873413 -2.920670986175537
vt 0.34906598925590515 -1.4603359699249268
vt 0.34906598925590515 -1.4603359699249268
vt 0.5235990285873413 -2.920670986175537
vt 0.5235990285873413 -1.4603359699249268
vt 0.17453299462795258 -8.76201343536377
vt 0.17453299462795258 -10.222349166870117
vt 0.34906598925590515 -10.222349166870117
vt 0.34906598925590515 -10.222349166870117
vt 0.17453299462795258 -10.222349166870117
vt 0.34906598925590515 -11.682684898376465
vt 0.17453299462795258 -8.76201343536377
vt 0.34906598925590515 -10.222349166870117
vt 0.34906598925590515 -8.76201343536377
vt 0.17453299462795258 -7.30167818069458
vt 0.17453299462795258 -8.76201343536377
vt 0.34906598925590515 -8.76201343536377
vt 0.17453299462795258 -7.30167818069458
vt 0.34906598925590515 -8.76201343536377
vt 0.34906598925590515 -7.30167818069458
vt 0.17453299462795258 -5.841341972351074
vt 0.17453299462795258 -7.30167818069458
vt 0.34906598925590515 -7.30167818069458
vt 0.17453299462795258 -5.841341972351074
vt 0.34906598925590515 -7.30167818069458
vt 0.34906598925590515 -5.841341972351074
vt 0.17453299462795258 -4.381007194519043
vt 0.17453299462795258 -5.841341972351074
vt 0.34906598925590515 -5.841341972351074
vt 0.17453299462795258 -4.381007194519043
vt 0.34906598925590515 -5.841341972351074
vt 0.34906598925590515 -4.381007194519043
vt 0.17453299462795258 -2.920670986175537
vt 0.17453299462795258 -4.381007194519043
vt 0.34906598925590515 -4.381007194519043
vt 0.17453299462795258 -2.920670986175537
vt 0.34906598925590515 -4.381007194519043
vt 0.34906598925590515 -2.920670986175537
vt 0.17453299462795258 -1.4603359699249268
vt 0.17453299462795258 -2.920670986175537
vt 0.34906598925590515 -2.920670986175537
vt 0.17453299462795258 -1.4603359699249268
vt 0.34906598925590515 -2.920670986175537
vt 0.34906598925590515 -1.4603359699249268
vt 4.068869113922119 29.31916046142578
vt 4.329999923706055 30.800107955932617
vt 4.150000095367432 30.800107955932617
vt 4.150000095367432 30.800107955932617
vt 4.329999923706055 30.800107955932617
vt 4.068869113922119 32.28105545043945
vt 4.150000095367432 30.800107955932617
vt 4.068869113922119 32.28105545043945
vt 3.899724006652832 32.21949005126953
vt 3.899724006652832 32.21949005126953
vt 4.068869113922119 32.28105545043945
vt 3.316972017288208 33.583377838134766
vt 3.899724006652832 32.21949005126953
vt 3.316972017288208 33.583377838134766
vt 3.1790850162506104 33.46767807006836
vt 3.1790850162506104 33.46767807006836
vt 3.316972017288208 33.583377838134766
vt 2.1649999618530273 34.54999923706055
vt 3.1790850162506104 33.46767807006836
vt 2.1649999618530273 34.54999923706055
vt 2.075000047683716 34.39411544799805
vt 2.075000047683716 34.39411544799805
vt 2.1649999618530273 34.54999923706055
vt 0.7518969774246216 35.064327239990234
vt 2.075000047683716 34.39411544799805
vt 0.7518969774246216 35.064327239990234
vt 0.7206400036811829 34.887062072753906
vt 0.7206400036811829 34.887062072753906
vt 0.7518969774246216 35.064327239990234
vt -0.7518969774246216 35.064327239990234
vt 0.7206400036811829 34.887062072753906
vt -0.7518969774246216 35.064327239990234
vt -0.7206400036811829 34.887062072753906
vt -0.7206400036811829 34.887062072753906
vt -0.7518969774246216 35.064327239990234
vt -2.075000047683716 34.39411544799805
vt -2.075000047683716 34.39411544799805
vt -0.7518969774246216 35.064327239990234
vt -2.1649999618530273 34.54999923706055
vt -2.075000047683716 34.39411544799805
vt -2.1649999618530273 34.54999923706055
vt -3.1790850162506104 33.46767807006836
vt -3.1790850162506104 33.46767807006836
vt -2.1649999618530273 34.54999923706055
vt -3.316972017288208 33.583377838134766
vt -3.1790850162506104 33.46767807006836
vt -3.316972017288208 33.583377838134766
vt -3.899724006652832 32.21949005126953
vt -3.899724006652832 32.21949005126953
vt -3.316972017288208 33.583377838134766
vt -4.068869113922119 32.28105545043945
vt -3.899724006652832 32.21949005126953
vt -4.068869113922119 32.28105545043945
vt -4.150000095367432 30.800107955932617
vt -4.150000095367432 30.800107955932617
vt -4.068869113922119 32.28105545043945
vt -4.329999923706055 30.800107955932617
vt -4.150000095367432 30.800107955932617
vt -4.329999923706055 30.800107955932617
vt -4.068869113922119 29.31916046142578
vt -4.150000095367432 30.800107955932617
vt -4.068869113922119 29.31916046142578
vt -3.899724006652832 29.38072395324707
vt -3.899724006652832 29.38072395324707
vt -4.068869113922119 29.31916046142578
vt -3.316972017288208 28.01683807373047
vt -3.899724006652832 29.38072395324707
vt -3.316972017288208 28.01683807373047
vt -3.1790850162506104 28.132539749145508
vt -3.1790850162506104 28.132539749145508
vt -3.316972017288208 28.01683807373047
vt -2.1649999618530273 27.05021858215332
vt -3.1790850162506104 28.132539749145508
vt -2.1649999618530273 27.05021858215332
vt -2.075000047683716 27.20610237121582
vt -2.075000047683716 27.20610237121582
vt -2.1649999618530273 27.05021858215332
vt -0.7518969774246216 26.535890579223633
vt -2.075000047683716 27.20610237121582
vt -0.7518969774246216 26.535890579223633
vt -0.7206400036811829 26.71315574645996
vt -0.7206400036811829 26.71315574645996
vt -0.7518969774246216 26.535890579223633
vt 0.7518969774246216 26.535890579223633
vt -0.7206400036811829 26.71315574645996
vt 0.7518969774246216 26.535890579223633
vt 0.7206400036811829 26.71315574645996
vt 0.7206400036811829 26.71315574645996
vt 0.7518969774246216 26.535890579223633
vt 2.075000047683716 27.20610237121582
vt 2.075000047683716 27.20610237121582
vt 0.7518969774246216 26.535890579223633
vt 2.1649999618530273 27.05021858215332
vt 2.075000047683716 27.20610237121582
vt 2.1649999618530273 27.05021858215332
vt 3.1790850162506104 28.132539749145508
vt 3.1790850162506104 28.132539749145508
vt 2.1649999618530273 27.05021858215332
vt 3.316972017288208 28.01683807373047
vt 3.1790850162506104 28.132539749145508
vt 3.316972017288208 28.01683807373047
vt 3.899724006652832 29.38072395324707
vt 3.899724006652832 29.38072395324707
vt 3.316972017288208 28.01683807373047
vt 4.068869113922119 29.31916046142578
vt 3.899724006652832 29.38072395324707
vt 4.068869113922119 29.31916046142578
vt 4.150000095367432 30.800107955932617
vt -15.398985862731934 -13.603096008300781
vt -15.795804977416992 -12.091641426086426
vt -17.4871768951416 -13.603096008300781
vt -17.4871768951416 -13.603096008300781
vt -15.795804977416992 -12.091641426086426
vt -17.4871768951416 -12.091641426086426
vt -17.4871768951416 -12.091641426086426
vt -15.795804977416992 -12.091641426086426
vt -16.14476203918457 -10.580185890197754
vt -17.4871768951416 -12.091641426086426
vt -16.14476203918457 -10.580185890197754
vt -17.4871768951416 -10.580185890197754
vt -17.4871768951416 -10.580185890197754
vt -16.14476203918457 -10.580185890197754
vt -16.403766632080078 -9.068730354309082
vt -17.4871768951416 -10.580185890197754
vt -16.403766632080078 -9.068730354309082
vt -17.4871768951416 -9.068730354309082
vt -17.4871768951416 -9.068730354309082
vt -16.403766632080078 -9.068730354309082
vt -16.541580200195312 -7.557275772094727
vt -17.4871768951416 -9.068730354309082
vt -16.541580200195312 -7.557275772094727
vt -17.4871768951416 -7.557275772094727
vt -17.4871768951416 -7.557275772094727
vt -16.541580200195312 -7.557275772094727
vt -17.4871768951416 -6.045821189880371
vt -17.4871768951416 -6.045821189880371
vt -16.541580200195312 -7.557275772094727
vt -16.541580200195312 -6.045821189880371
vt -17.4871768951416 -6.045821189880371
vt -16.541580200195312 -6.045821189880371
vt -17.4871768951416 -4.534365177154541
vt -17.4871768951416 -4.534365177154541
vt -16.541580200195312 -6.045821189880371
vt -16.403766632080078 -4.534365177154541
vt -17.4871768951416 -4.534365177154541
vt -16.403766632080078 -4.534365177154541
vt -17.4871768951416 -3.0229101181030273
vt -17.4871768951416 -3.0229101181030273
vt -16.403766632080078 -4.534365177154541
vt -16.14476203918457 -3.0229101181030273
vt -17.4871768951416 -3.0229101181030273
vt -16.14476203918457 -3.0229101181030273
vt -17.4871768951416 -1.5114550590515137
vt -17.4871768951416 -1.5114550590515137
vt -16.14476203918457 -3.0229101181030273
vt -15.795804977416992 -1.5114550590515137
vt -17.4871768951416 -1.5114550590515137
vt -15.795804977416992 -1.5114550590515137
vt -17.4871768951416 0
vt -17.4871768951416 0
vt -15.795804977416992 -1.5114550590515137
vt -15.398985862731934 0
vt -0.5 -13.603096008300781
vt 0 -13.603096008300781
vt -0.5 -12.091641426086426
vt -0.5 -12.091641426086426
vt 0 -13.603096008300781
vt 0 -12.091641426086426
vt -0.5 -12.091641426086426
vt 0 -12.091641426086426
vt -0.5 -10.580185890197754
vt -0.5 -10.580185890197754
vt 0 -12.091641426086426
vt 0 -10.580185890197754
vt -0.5 -10.580185890197754
vt 0 -10.580185890197754
vt -0.5 -9.068730354309082
vt -0.5 -9.068730354309082
vt 0 -10.580185890197754
vt 0 -9.068730354309082
vt -0.5 -9.068730354309082
vt 0 -9.068730354309082
vt -0.5 -7.557275772094727
vt -0.5 -7.557275772094727
vt 0 -9.068730354309082
vt 0 -7.557275772094727
vt -0.5 -7.557275772094727
vt 0 -7.557275772094727
vt -0.5 -6.045821189880371
vt -0.5 -6.045821189880371
vt 0 -7.557275772094727
vt 0 -6.045821189880371
vt -0.5 -6.045821189880371
vt 0 -6.045821189880371
vt -0.5 -4.534365177154541
vt -0.5 -4.534365177154541
vt 0 -6.045821189880371
vt 0 -4.534365177154541
vt -0.5 -4.534365177154541
vt 0 -4.534365177154541
vt -0.5 -3.0229101181030273
vt -0.5 -3.0229101181030273
vt 0 -4.534365177154541
vt 0 -3.0229101181030273
vt -0.5 -3.0229101181030273
vt 0 -3.0229101181030273
vt -0.5 -1.5114550590515137
vt -0.5 -1.5114550590515137
vt 0 -3.0229101181030273
vt 0 -1.5114550590515137
vt -0.5 -1.5114550590515137
vt 0 -1.5114550590515137
vt -0.5 0
vt -0.5 0
vt 0 -1.5114550590515137
vt 0 0
vn 0 1 0
vn 0 0.9807852826379501 -0.19509031078143346
vn 0 1 0
vn 0 1 0
vn 0 0.9807852826379501 -0.19509031078143346
vn 0 0.9396926178244733 -0.34202015146214465
vn 0 0.9396926178244733 -0.34202015146214465
vn 0 0.9807852826379501 -0.19509031078143346
vn 0 0.923879528842943 -0.38268344122125475
vn 0 0.9396926178244733 -0.34202015146214465
vn 0 0.923879528842943 -0.38268344122125475
vn 0 0.83146962959776 -0.5555702071354832
vn 0 0.9396926178244733 -0.34202015146214465
vn 0 0.83146962959776 -0.5555702071354832
vn 0 0.7660444426892987 -0.6427876101986112
vn 0 0.7660444426892987 -0.6427876101986112
vn 0 0.83146962959776 -0.5555702071354832
vn 0 0.7071067811865475 -0.7071067811865475
vn 0 0.7660444426892987 -0.6427876101986112
vn 0 0.7071067811865475 -0.7071067811865475
vn 0 0.5555702071354832 -0.83146962959776
vn 0 0.7660444426892987 -0.6427876101986112
vn 0 0.5555702071354832 -0.83146962959776
vn 0 0.5000000056982041 -0.866025400494579
vn 0 0.5000000056982041 -0.866025400494579
vn 0 0.5555702071354832 -0.83146962959776
vn 0 0.38268344122125475 -0.923879528842943
vn 0 0.5000000056982041 -0.866025400494579
vn 0 0.38268344122125475 -0.923879528842943
vn 0 0.17364818783899005 -0.9848077512185995
vn 0 0.17364818783899005 -0.9848077512185995
vn 0 0.38268344122125475 -0.923879528842943
vn 0 0.19509031078143346 -0.9807852826379501
vn 0 0.17364818783899005 -0.9848077512185995
vn 0 0.19509031078143346 -0.9807852826379501
vn 0 0 -1
vn 0 0.17364818783899005 -0.9848077512185995
vn 0 0 -1
vn 0 -0.17364818783899005 -0.9848077512185995
vn 0 -0.17364818783899005 -0.9848077512185995
vn 0 0 -1
vn 0 -0.19509031078143346 -0.9807852826379501
vn 0 -0.17364818783899005 -0.9848077512185995
vn 0 -0.19509031078143346 -0.9807852826379501
vn 0 -0.38268344122125475 -0.923879528842943
vn 0 -0.17364818783899005 -0.9848077512185995
vn 0 -0.38268344122125475 -0.923879528842943
vn 0 -0.5000000056982041 -0.866025400494579
vn 0 -0.5000000056982041 -0.866025400494579
vn 0 -0.38268344122125475 -0.923879528842943
vn 0 -0.5555702071354832 -0.83146962959776
vn 0 -0.5000000056982041 -0.866025400494579
vn 0 -0.5555702071354832 -0.83146962959776
vn 0 -0.7071067811865475 -0.7071067811865475
vn 0 -0.5000000056982041 -0.866025400494579
vn 0 -0.7071067811865475 -0.7071067811865475
vn 0 -0.7660444426892987 -0.6427876101986112
vn 0 -0.7660444426892987 -0.6427876101986112
vn 0 -0.7071067811865475 -0.7071067811865475
vn 0 -0.83146962959776 -0.5555702071354832
vn 0 -0.7660444426892987 -0.6427876101986112
vn 0 -0.83146962959776 -0.5555702071354832
vn 0 -0.9396926178244733 -0.34202015146214465
vn 0 -0.9396926178244733 -0.34202015146214465
vn 0 -0.83146962959776 -0.5555702071354832
vn 0 -0.923879528842943 -0.38268344122125475
vn 0 -0.9396926178244733 -0.34202015146214465
vn 0 -0.923879528842943 -0.38268344122125475
vn 0 -0.9807852826379501 -0.19509031078143346
vn 0 -1 0
vn 0 -1 0
vn 0 -0.9807852826379501 -0.19509031078143346
vn 0 -0.9807852826379501 -0.19509031078143346
vn 0 -1 0
vn 0 -0.9396926178244733 -0.34202015146214465
vn 0 1 0
vn 0.34202015146214465 0.9396926178244733 0
vn 0 1 0
vn 0 1 0
vn 0.34202015146214465 0.9396926178244733 0
vn 0.34202015146214465 0.9396926178244733 0
vn 0 1 0
vn 0.34202015146214465 0.9396926178244733 0
vn 0 1 0
vn 0.34202015146214465 0.9396926178244733 0
vn 0.6427876101986112 0.7660444426892987 0
vn 0.34202015146214465 0.9396926178244733 0
vn 0.34202015146214465 0.9396926178244733 0
vn 0.6427876101986112 0.7660444426892987 0
vn 0.6427876101986112 0.7660444426892987 0
vn 0.6427876101986112 0.7660444426892987 0
vn 0.6427876101986112 0.7660444426892987 0
vn 0.866025400494579 0.5000000056982041 0
vn 0.6427876101986112 0.7660444426892987 0
vn 0.866025400494579 0.5000000056982041 0
vn 0.866025400494579 0.5000000056982041 0
vn 0.866025400494579 0.5000000056982041 0
vn 0.866025400494579 0.5000000056982041 0
vn 0.9848077512185995 0.17364818783899005 0
vn 0.866025400494579 0.5000000056982041 0
vn 0.9848077512185995 0.17364818783899005 0
vn 0.9848077512185995 0.17364818783899005 0
vn 0.9848077512185995 0.17364818783899005 0
vn 0.9848077512185995 0.17364818783899005 0
vn 0.9848077512185995 -0.17364818783899005 0
vn 0.9848077512185995 -0.17364818783899005 0
vn 0.9848077512185995 0.17364818783899005 0
vn 0.9848077512185995 -0.17364818783899005 0
vn 0.9848077512185995 -0.17364818783899005 0
vn 0.9848077512185995 -0.17364818783899005 0
vn 0.866025400494579 -0.5000000056982041 0
vn 0.866025400494579 -0.5000000056982041 0
vn 0.9848077512185995 -0.17364818783899005 0
vn 0.866025400494579 -0.5000000056982041 0
vn 0.866025400494579 -0.5000000056982041 0
vn 0.866025400494579 -0.5000000056982041 0
vn 0.6427876101986112 -0.7660444426892987 0
vn 0.6427876101986112 -0.7660444426892987 0
vn 0.866025400494579 -0.5000000056982041 0
vn 0.6427876101986112 -0.7660444426892987 0
vn 0.6427876101986112 -0.7660444426892987 0
vn 0.6427876101986112 -0.7660444426892987 0
vn 0.34202015146214465 -0.9396926178244733 0
vn 0.34202015146214465 -0.9396926178244733 0
vn 0.6427876101986112 -0.7660444426892987 0
vn 0.34202015146214465 -0.9396926178244733 0
vn 0.34202015146214465 -0.9396926178244733 0
vn 0.34202015146214465 -0.9396926178244733 0
vn 0 -1 0
vn 0 -1 0
vn 0.34202015146214465 -0.9396926178244733 0
vn 0 -1 0
vn 0 -1 0
vn 0 -1 0
vn 0.34202015146214465 -0.9396926178244733 0
vn 0 -1 0
vn 0 -1 0
vn -0.19509031078143346 -0.9807852826379501 0
vn -0.19509031078143346 -0.9807852826379501 0
vn 0 -1 0
vn -0.34202015146214465 -0.9396926178244733 0
vn -0.19509031078143346 -0.9807852826379501 0
vn -0.34202015146214465 -0.9396926178244733 0
vn -0.38268344122125475 -0.923879528842943 0
vn -0.38268344122125475 -0.923879528842943 0
vn -0.34202015146214465 -0.9396926178244733 0
vn -0.5555702071354832 -0.83146962959776 0
vn -0.5555702071354832 -0.83146962959776 0
vn -0.34202015146214465 -0.9396926178244733 0
vn -0.6427876101986112 -0.7660444426892987 0
vn -0.5555702071354832 -0.83146962959776 0
vn -0.6427876101986112 -0.7660444426892987 0
vn -0.7071067811865475 -0.7071067811865475 0
vn -0.7071067811865475 -0.7071067811865475 0
vn -0.6427876101986112 -0.7660444426892987 0
vn -0.83146962959776 -0.5555702071354832 0
vn -0.83146962959776 -0.5555702071354832 0
vn -0.6427876101986112 -0.7660444426892987 0
vn -0.866025400494579 -0.5000000056982041 0
vn -0.83146962959776 -0.5555702071354832 0
vn -0.866025400494579 -0.5000000056982041 0
vn -0.923879528842943 -0.38268344122125475 0
vn -0.923879528842943 -0.38268344122125475 0
vn -0.866025400494579 -0.5000000056982041 0
vn -0.9848077512185995 -0.17364818783899005 0
vn -0.923879528842943 -0.38268344122125475 0
vn -0.9848077512185995 -0.17364818783899005 0
vn -0.9807852826379501 -0.19509031078143346 0
vn -0.9807852826379501 -0.19509031078143346 0
vn -0.9848077512185995 -0.17364818783899005 0
vn -1 0 0
vn -1 0 0
vn -0.9848077512185995 -0.17364818783899005 0
vn -0.9848077512185995 0.17364818783899005 0
vn -1 0 0
vn -0.9848077512185995 0.17364818783899005 0
vn -0.9807852826379501 0.19509031078143346 0
vn -0.9807852826379501 0.19509031078143346 0
vn -0.9848077512185995 0.17364818783899005 0
vn -0.923879528842943 0.38268344122125475 0
vn -0.923879528842943 0.38268344122125475 0
vn -0.9848077512185995 0.17364818783899005 0
vn -0.866025400494579 0.5000000056982041 0
vn -0.923879528842943 0.38268344122125475 0
vn -0.866025400494579 0.5000000056982041 0
vn -0.83146962959776 0.5555702071354832 0
vn -0.83146962959776 0.5555702071354832 0
vn -0.866025400494579 0.5000000056982041 0
vn -0.7071067811865475 0.7071067811865475 0
vn -0.7071067811865475 0.7071067811865475 0
vn -0.866025400494579 0.5000000056982041 0
vn -0.6427876101986112 0.7660444426892987 0
vn -0.7071067811865475 0.7071067811865475 0
vn -0.6427876101986112 0.7660444426892987 0
vn -0.5555702071354832 0.83146962959776 0
vn -0.5555702071354832 0.83146962959776 0
vn -0.6427876101986112 0.7660444426892987 0
vn -0.34202015146214465 0.9396926178244733 0
vn -0.5555702071354832 0.83146962959776 0
vn -0.34202015146214465 0.9396926178244733 0
vn -0.38268344122125475 0.923879528842943 0
vn -0.38268344122125475 0.923879528842943 0
vn -0.34202015146214465 0.9396926178244733 0
vn -0.19509031078143346 0.9807852826379501 0
vn -0.19509031078143346 0.9807852826379501 0
vn -0.34202015146214465 0.9396926178244733 0
vn 0 1 0
vn -0.19509031078143346 0.9807852826379501 0
vn 0 1 0
vn 0 1 0
vn 0 1 0
vn 0 1 0
vn 0 0.9396926178244733 -0.34202015146214465
vn 0 0.9396926178244733 -0.34202015146214465
vn 0 1 0
vn 0 0.9396926178244733 -0.34202015146214465
vn 0 0.9396926178244733 -0.34202015146214465
vn 0 0.9396926178244733 -0.34202015146214465
vn 0 0.7660444426892987 -0.6427876101986112
vn 0 0.7660444426892987 -0.6427876101986112
vn 0 0.9396926178244733 -0.34202015146214465
vn 0 0.7660444426892987 -0.6427876101986112
vn 0 0.7660444426892987 -0.6427876101986112
vn 0 0.7660444426892987 -0.6427876101986112
vn 0 0.5000000056982041 -0.866025400494579
vn 0 0.5000000056982041 -0.866025400494579
vn 0 0.7660444426892987 -0.6427876101986112
vn 0 0.5000000056982041 -0.866025400494579
vn 0 0.5000000056982041 -0.866025400494579
vn 0 0.5000000056982041 -0.866025400494579
vn 0 0.17364818783899005 -0.9848077512185995
vn 0 0.17364818783899005 -0.9848077512185995
vn 0 0.5000000056982041 -0.866025400494579
vn 0 0.17364818783899005 -0.9848077512185995
vn 0 0.17364818783899005 -0.9848077512185995
vn 0 0.17364818783899005 -0.9848077512185995
vn 0 -0.17364818783899005 -0.9848077512185995
vn 0 -0.17364818783899005 -0.9848077512185995
vn 0 0.17364818783899005 -0.9848077512185995
vn 0 -0.17364818783899005 -0.9848077512185995
vn 0 -0.17364818783899005 -0.9848077512185995
vn 0 -0.17364818783899005 -0.9848077512185995
vn 0 -0.5000000056982041 -0.866025400494579
vn 0 -0.5000000056982041 -0.866025400494579
vn 0 -0.17364818783899005 -0.9848077512185995
vn 0 -0.5000000056982041 -0.866025400494579
vn 0 -0.5000000056982041 -0.866025400494579
vn 0 -0.5000000056982041 -0.866025400494579
vn 0 -0.7660444426892987 -0.6427876101986112
vn 0 -0.7660444426892987 -0.6427876101986112
vn 0 -0.5000000056982041 -0.866025400494579
vn 0 -0.7660444426892987 -0.6427876101986112
vn 0 -0.7660444426892987 -0.6427876101986112
vn 0 -0.7660444426892987 -0.6427876101986112
vn 0 -0.9396926178244733 -0.34202015146214465
vn 0 -0.9396926178244733 -0.34202015146214465
vn 0 -0.7660444426892987 -0.6427876101986112
vn 0 -0.9396926178244733 -0.34202015146214465
vn 0 -0.9396926178244733 -0.34202015146214465
vn 0 -0.9396926178244733 -0.34202015146214465
vn 0 -1 0
vn 0 -1 0
vn 0 -0.9396926178244733 -0.34202015146214465
vn 0 -1 0
vn -0.09377481334173284 -0.19416391110969333 -0.9764766561497055
vn -0.09058332727993793 -0.19406397475901538 -0.9767977449398765
vn -0.12817957302871535 0 -0.991750975325044
vn -0.12817957302871535 0 -0.991750975325044
vn -0.09058332727993793 -0.19406397475901538 -0.9767977449398765
vn 0.013163600203291376 -0.19010658604026917 -0.9816752037073166
vn -0.12817957302871535 0 -0.991750975325044
vn 0.013163600203291376 -0.19010658604026917 -0.9816752037073166
vn 0.11614038575858066 -0.18703617270599948 -0.9754634185326171
vn 0.11614038575858066 -0.18703617270599948 -0.9754634185326171
vn 0.013163600203291376 -0.19010658604026917 -0.9816752037073166
vn 0.08787406588779498 -0.37539915571285115 -0.9226882585328731
vn 0.11614038575858066 -0.18703617270599948 -0.9754634185326171
vn 0.08787406588779498 -0.37539915571285115 -0.9226882585328731
vn 0.18556729758748614 -0.37003867082774716 -0.9102945458246531
vn 0.18556729758748614 -0.37003867082774716 -0.9102945458246531
vn 0.08787406588779498 -0.37539915571285115 -0.9226882585328731
vn 0.15412888480034836 -0.5309774001183147 -0.8332510350631412
vn 0.18556729758748614 -0.37003867082774716 -0.9102945458246531
vn 0.15412888480034836 -0.5309774001183147 -0.8332510350631412
vn 0.24302643162324647 -0.5250344159159727 -0.8156451530146213
vn 0.24302643162324647 -0.5250344159159727 -0.8156451530146213
vn 0.15412888480034836 -0.5309774001183147 -0.8332510350631412
vn 0.1995125144898427 -0.6684708988342072 -0.7164784811658529
vn 0.24302643162324647 -0.5250344159159727 -0.8156451530146213
vn 0.1995125144898427 -0.6684708988342072 -0.7164784811658529
vn 0.27643785294643863 -0.6632558397485181 -0.6954666091897231
vn 0.27643785294643863 -0.6632558397485181 -0.6954666091897231
vn 0.1995125144898427 -0.6684708988342072 -0.7164784811658529
vn 0.22086579085549737 -0.7847034708875259 -0.5791880223268134
vn 0.27643785294643863 -0.6632558397485181 -0.6954666091897231
vn 0.22086579085549737 -0.7847034708875259 -0.5791880223268134
vn 0.2833839285809604 -0.7811074994594831 -0.5563853191001491
vn 0.2833839285809604 -0.7811074994594831 -0.5563853191001491
vn 0.22086579085549737 -0.7847034708875259 -0.5791880223268134
vn 0.2212422174275549 -0.8773059058634681 -0.4258946216669307
vn 0.2833839285809604 -0.7811074994594831 -0.5563853191001491
vn 0.2212422174275549 -0.8773059058634681 -0.4258946216669307
vn 0.26739453521662676 -0.8756076567887765 -0.4022578699157451
vn 0.26739453521662676 -0.8756076567887765 -0.4022578699157451
vn 0.2212422174275549 -0.8773059058634681 -0.4258946216669307
vn 0.20493146927420594 -0.9435630812639968 -0.26017648736330334
vn 0.26739453521662676 -0.8756076567887765 -0.4022578699157451
vn 0.20493146927420594 -0.9435630812639968 -0.26017648736330334
vn 0.23313356589483453 -0.9433129959669633 -0.23623998834446075
vn 0.23313356589483453 -0.9433129959669633 -0.23623998834446075
vn 0.20493146927420594 -0.9435630812639968 -0.26017648736330334
vn 0.17608857485319887 -0.9806023059934372 -0.08609257393366143
vn 0.23313356589483453 -0.9433129959669633 -0.23623998834446075
vn 0.17608857485319887 -0.9806023059934372 -0.08609257393366143
vn 0.1852606915578412 -0.9807040148357492 -0.062434857640206086
vn 0.1852606915578412 -0.9807040148357492 -0.062434857640206086
vn 0.17608857485319887 -0.9806023059934372 -0.08609257393366143
vn 0.13863814472569627 -0.9861299980619179 0.09125289995073407
vn 0.1852606915578412 -0.9807040148357492 -0.062434857640206086
vn 0.13863814472569627 -0.9861299980619179 0.09125289995073407
vn 0.12843273150968637 -0.9851873007249708 0.11362665165887213
vn 0.12843273150968637 -0.9851873007249708 0.11362665165887213
vn 0.13863814472569627 -0.9861299980619179 0.09125289995073407
vn 0.0963501911666701 -0.9591795164253019 0.26587834799447324
vn 0.12843273150968637 -0.9851873007249708 0.11362665165887213
vn 0.0963501911666701 -0.9591795164253019 0.26587834799447324
vn 0.06730771843313456 -0.9560280360394412 0.28544713231331414
vn 0.06730771843313456 -0.9560280360394412 0.28544713231331414
vn 0.0963501911666701 -0.9591795164253019 0.26587834799447324
vn 0.05576011994658508 -0.9055640184184983 0.4205289735194044
vn 0.06730771843313456 -0.9560280360394412 0.28544713231331414
vn 0.05576011994658508 -0.9055640184184983 0.4205289735194044
vn 0.01042328007798895 -0.8999390478119247 0.4358911165139548
vn 0.01042328007798895 -0.8999390478119247 0.4358911165139548
vn 0.05576011994658508 -0.9055640184184983 0.4205289735194044
vn 0.016633900451594404 -0.8264671349342917 0.5627391831295114
vn 0.01042328007798895 -0.8999390478119247 0.4358911165139548
vn 0.016633900451594404 -0.8264671349342917 0.5627391831295114
vn -0.04325201875325848 -0.8187389160075951 0.5725345843601732
vn -0.04325201875325848 -0.8187389160075951 0.5725345843601732
vn 0.016633900451594404 -0.8264671349342917 0.5627391831295114
vn -0.018915498959861613 -0.7247747615399647 0.6887261784873484
vn -0.04325201875325848 -0.8187389160075951 0.5725345843601732
vn -0.018915498959861613 -0.7247747615399647 0.6887261784873484
vn -0.09130997528478044 -0.715962819451582 0.6921414086560883
vn -0.09130997528478044 -0.715962819451582 0.6921414086560883
vn -0.018915498959861613 -0.7247747615399647 0.6887261784873484
vn -0.04928017014947818 -0.603930877688394 0.7955117596896757
vn -0.09130997528478044 -0.715962819451582 0.6921414086560883
vn -0.04928017014947818 -0.603930877688394 0.7955117596896757
vn -0.13203156435816366 -0.5953934844249671 0.7925113656708229
vn -0.13203156435816366 -0.5953934844249671 0.7925113656708229
vn -0.04928017014947818 -0.603930877688394 0.7955117596896757
vn -0.07337969680089841 -0.4675481351156107 0.8809166597626151
vn -0.13203156435816366 -0.5953934844249671 0.7925113656708229
vn -0.07337969680089841 -0.4675481351156107 0.8809166597626151
vn -0.16433141521663822 -0.46057837916641087 0.8722744651870411
vn -0.16433141521663822 -0.46057837916641087 0.8722744651870411
vn -0.07337969680089841 -0.4675481351156107 0.8809166597626151
vn -0.09062026324194944 -0.31916075810557953 0.9433580329733942
vn -0.16433141521663822 -0.46057837916641087 0.8722744651870411
vn -0.09062026324194944 -0.31916075810557953 0.9433580329733942
vn -0.1876140810021606 -0.3146122211089281 0.9304945496555161
vn -0.1876140810021606 -0.3146122211089281 0.9304945496555161
vn -0.09062026324194944 -0.31916075810557953 0.9433580329733942
vn -0.10082150161202674 -0.16215117928790124 0.9816017623599905
vn -0.1876140810021606 -0.3146122211089281 0.9304945496555161
vn -0.10082150161202674 -0.16215117928790124 0.9816017623599905
vn -0.20161375114323032 -0.16018522317034622 0.9662776979873963
vn -0.20161375114323032 -0.16018522317034622 0.9662776979873963
vn -0.10082150161202674 -0.16215117928790124 0.9816017623599905
vn -0.1580312396788395 0 0.9874341128832694
vn -0.20161375114323032 -0.16018522317034622 0.9662776979873963
vn -0.1580312396788395 0 0.9874341128832694
vn -0.3099900206600602 0 0.950739810406178
vn -0.09377481334173284 -0.19416391110969333 -0.9764766561497055
vn -0.013185030721197128 -0.3827066566422654 -0.9237758223327672
vn -0.09058332727993793 -0.19406397475901538 -0.9767977449398765
vn -0.09058332727993793 -0.19406397475901538 -0.9767977449398765
vn -0.013185030721197128 -0.3827066566422654 -0.9237758223327672
vn -0.010864110192472907 -0.38237816559074533 -0.9239420488262141
vn -0.09058332727993793 -0.19406397475901538 -0.9767977449398765
vn -0.010864110192472907 -0.38237816559074533 -0.9239420488262141
vn 0.013163600203291376 -0.19010658604026917 -0.9816752037073166
vn 0.013163600203291376 -0.19010658604026917 -0.9816752037073166
vn -0.010864110192472907 -0.38237816559074533 -0.9239420488262141
vn 0.08787406588779498 -0.37539915571285115 -0.9226882585328731
vn -0.010864110192472907 -0.38237816559074533 -0.9239420488262141
vn -0.013185030721197128 -0.3827066566422654 -0.9237758223327672
vn 0.0637926997906104 -0.5388314736820529 -0.8399947228542881
vn 0.0637926997906104 -0.5388314736820529 -0.8399947228542881
vn -0.013185030721197128 -0.3827066566422654 -0.9237758223327672
vn 0.06914577064829784 -0.5542572067604027 -0.8294683906910554
vn 0.0637926997906104 -0.5388314736820529 -0.8399947228542881
vn 0.06914577064829784 -0.5542572067604027 -0.8294683906910554
vn 0.15412888480034836 -0.5309774001183147 -0.8332510350631412
vn 0.15412888480034836 -0.5309774001183147 -0.8332510350631412
vn 0.06914577064829784 -0.5542572067604027 -0.8294683906910554
vn 0.1995125144898427 -0.6684708988342072 -0.7164784811658529
vn 0.1995125144898427 -0.6684708988342072 -0.7164784811658529
vn 0.06914577064829784 -0.5542572067604027 -0.8294683906910554
vn 0.12071413077202067 -0.675523760007404 -0.7273896811870615
vn 0.12071413077202067 -0.675523760007404 -0.7273896811870615
vn 0.06914577064829784 -0.5542572067604027 -0.8294683906910554
vn 0.1288103576113642 -0.7011764502627026 -0.7012556433776688
vn 0.12071413077202067 -0.675523760007404 -0.7273896811870615
vn 0.1288103576113642 -0.7011764502627026 -0.7012556433776688
vn 0.1995125144898427 -0.6684708988342072 -0.7164784811658529
vn 0.1995125144898427 -0.6684708988342072 -0.7164784811658529
vn 0.1288103576113642 -0.7011764502627026 -0.7012556433776688
vn 0.22086579085549737 -0.7847034708875259 -0.5791880223268134
vn 0.22086579085549737 -0.7847034708875259 -0.5791880223268134
vn 0.1288103576113642 -0.7011764502627026 -0.7012556433776688
vn 0.1560328461881726 -0.7897877392603959 -0.5932023919577287
vn 0.1560328461881726 -0.7897877392603959 -0.5932023919577287
vn 0.1288103576113642 -0.7011764502627026 -0.7012556433776688
vn 0.16238969179856877 -0.8204169149362666 -0.5482204608403671
vn 0.1560328461881726 -0.7897877392603959 -0.5932023919577287
vn 0.16238969179856877 -0.8204169149362666 -0.5482204608403671
vn 0.22086579085549737 -0.7847034708875259 -0.5791880223268134
vn 0.22086579085549737 -0.7847034708875259 -0.5791880223268134
vn 0.16238969179856877 -0.8204169149362666 -0.5482204608403671
vn 0.2212422174275549 -0.8773059058634681 -0.4258946216669307
vn 0.2212422174275549 -0.8773059058634681 -0.4258946216669307
vn 0.16238969179856877 -0.8204169149362666 -0.5482204608403671
vn 0.17231931469279382 -0.879998005269465 -0.4426167241593665
vn 0.17231931469279382 -0.879998005269465 -0.4426167241593665
vn 0.16238969179856877 -0.8204169149362666 -0.5482204608403671
vn 0.17411853559671114 -0.9097526429800366 -0.3768724773083
vn 0.17231931469279382 -0.879998005269465 -0.4426167241593665
vn 0.17411853559671114 -0.9097526429800366 -0.3768724773083
vn 0.2212422174275549 -0.8773059058634681 -0.4258946216669307
vn 0.2212422174275549 -0.8773059058634681 -0.4258946216669307
vn 0.17411853559671114 -0.9097526429800366 -0.3768724773083
vn 0.20493146927420594 -0.9435630812639968 -0.26017648736330334
vn 0.20493146927420594 -0.9435630812639968 -0.26017648736330334
vn 0.17411853559671114 -0.9097526429800366 -0.3768724773083
vn 0.17350944571955407 -0.9443107633777624 -0.27959194268612353
vn 0.17350944571955407 -0.9443107633777624 -0.27959194268612353
vn 0.17411853559671114 -0.9097526429800366 -0.3768724773083
vn 0.16931807985645536 -0.9666236599968315 -0.1922760717511482
vn 0.17350944571955407 -0.9443107633777624 -0.27959194268612353
vn 0.16931807985645536 -0.9666236599968315 -0.1922760717511482
vn 0.20493146927420594 -0.9435630812639968 -0.26017648736330334
vn 0.20493146927420594 -0.9435630812639968 -0.26017648736330334
vn 0.16931807985645536 -0.9666236599968315 -0.1922760717511482
vn 0.17608857485319887 -0.9806023059934372 -0.08609257393366143
vn 0.17608857485319887 -0.9806023059934372 -0.08609257393366143
vn 0.16931807985645536 -0.9666236599968315 -0.1922760717511482
vn 0.16333671558549512 -0.9806377404119586 -0.10803119651966717
vn 0.16333671558549512 -0.9806377404119586 -0.10803119651966717
vn 0.16931807985645536 -0.9666236599968315 -0.1922760717511482
vn 0.1527710201255052 -0.9882616128383276 0
vn 0.16333671558549512 -0.9806377404119586 -0.10803119651966717
vn 0.1527710201255052 -0.9882616128383276 0
vn 0.17608857485319887 -0.9806023059934372 -0.08609257393366143
vn 0.17608857485319887 -0.9806023059934372 -0.08609257393366143
vn 0.1527710201255052 -0.9882616128383276 0
vn 0.13863814472569627 -0.9861299980619179 0.09125289995073407
vn 0.13863814472569627 -0.9861299980619179 0.09125289995073407
vn 0.1527710201255052 -0.9882616128383276 0
vn 0.1451259186635145 -0.9871021728076048 0.06758526592813167
vn 0.1451259186635145 -0.9871021728076048 0.06758526592813167
vn 0.1527710201255052 -0.9882616128383276 0
vn 0.12870006937718512 -0.9726281259829109 0.19347046464325848
vn 0.1451259186635145 -0.9871021728076048 0.06758526592813167
vn 0.12870006937718512 -0.9726281259829109 0.19347046464325848
vn 0.13863814472569627 -0.9861299980619179 0.09125289995073407
vn 0.13863814472569627 -0.9861299980619179 0.09125289995073407
vn 0.12870006937718512 -0.9726281259829109 0.19347046464325848
vn 0.0963501911666701 -0.9591795164253019 0.26587834799447324
vn 0.0963501911666701 -0.9591795164253019 0.26587834799447324
vn 0.12870006937718512 -0.9726281259829109 0.19347046464325848
vn 0.12188469802144124 -0.9625719385064149 0.24207309554806963
vn 0.12188469802144124 -0.9625719385064149 0.24207309554806963
vn 0.12870006937718512 -0.9726281259829109 0.19347046464325848
vn 0.10090934369461872 -0.9191492112425532 0.38076506119563247
vn 0.12188469802144124 -0.9625719385064149 0.24207309554806963
vn 0.10090934369461872 -0.9191492112425532 0.38076506119563247
vn 0.0963501911666701 -0.9591795164253019 0.26587834799447324
vn 0.0963501911666701 -0.9591795164253019 0.26587834799447324
vn 0.10090934369461872 -0.9191492112425532 0.38076506119563247
vn 0.05576011994658508 -0.9055640184184983 0.4205289735194044
vn 0.05576011994658508 -0.9055640184184983 0.4205289735194044
vn 0.10090934369461872 -0.9191492112425532 0.38076506119563247
vn 0.09814196979381964 -0.9118866331742188 0.3985359732861974
vn 0.09814196979381964 -0.9118866331742188 0.3985359732861974
vn 0.10090934369461872 -0.9191492112425532 0.38076506119563247
vn 0.07280345973950443 -0.8292466038055114 0.5541206784870816
vn 0.09814196979381964 -0.9118866331742188 0.3985359732861974
vn 0.07280345973950443 -0.8292466038055114 0.5541206784870816
vn 0.07441431913249259 -0.8354708765797982 0.5444730695773954
vn 0.07441431913249259 -0.8354708765797982 0.5444730695773954
vn 0.07280345973950443 -0.8292466038055114 0.5541206784870816
vn 0.016633900451594404 -0.8264671349342917 0.5627391831295114
vn 0.07441431913249259 -0.8354708765797982 0.5444730695773954
vn 0.016633900451594404 -0.8264671349342917 0.5627391831295114
vn 0.05576011994658508 -0.9055640184184983 0.4205289735194044
vn 0.016633900451594404 -0.8264671349342917 0.5627391831295114
vn 0.07280345973950443 -0.8292466038055114 0.5541206784870816
vn 0.05239719031469107 -0.7353604290791915 0.675647521857065
vn 0.05239719031469107 -0.7353604290791915 0.675647521857065
vn 0.07280345973950443 -0.8292466038055114 0.5541206784870816
vn 0.04721652968561437 -0.7062782263578089 0.7063580298243344
vn 0.05239719031469107 -0.7353604290791915 0.675647521857065
vn 0.04721652968561437 -0.7062782263578089 0.7063580298243344
vn -0.018915498959861613 -0.7247747615399647 0.6887261784873484
vn -0.018915498959861613 -0.7247747615399647 0.6887261784873484
vn 0.04721652968561437 -0.7062782263578089 0.7063580298243344
vn 0.03342952987251892 -0.6144613303785486 0.7882383776510293
vn -0.018915498959861613 -0.7247747615399647 0.6887261784873484
vn 0.03342952987251892 -0.6144613303785486 0.7882383776510293
vn -0.04928017014947818 -0.603930877688394 0.7955117596896757
vn -0.04928017014947818 -0.603930877688394 0.7955117596896757
vn 0.03342952987251892 -0.6144613303785486 0.7882383776510293
vn 0.018436739070959836 -0.4763437174547757 0.8790658391120622
vn -0.04928017014947818 -0.603930877688394 0.7955117596896757
vn 0.018436739070959836 -0.4763437174547757 0.8790658391120622
vn -0.07337969680089841 -0.4675481351156107 0.8809166597626151
vn -0.07337969680089841 -0.4675481351156107 0.8809166597626151
vn 0.018436739070959836 -0.4763437174547757 0.8790658391120622
vn 0.007902160530421717 -0.32502034235247296 0.9456740098554219
vn -0.07337969680089841 -0.4675481351156107 0.8809166597626151
vn 0.007902160530421717 -0.32502034235247296 0.9456740098554219
vn -0.09062026324194944 -0.31916075810557953 0.9433580329733942
vn -0.09062026324194944 -0.31916075810557953 0.9433580329733942
vn 0.007902160530421717 -0.32502034235247296 0.9456740098554219
vn 0.0018730300119274557 -0.16473943230429278 0.9863353441921434
vn -0.09062026324194944 -0.31916075810557953 0.9433580329733942
vn 0.0018730300119274557 -0.16473943230429278 0.9863353441921434
vn -0.10082150161202674 -0.16215117928790124 0.9816017623599905
vn -0.10082150161202674 -0.16215117928790124 0.9816017623599905
vn 0.0018730300119274557 -0.16473943230429278 0.9863353441921434
vn 0 0 1
vn -0.10082150161202674 -0.16215117928790124 0.9816017623599905
vn 0 0 1
vn -0.1580312396788395 0 0.9874341128832694
vn 0.04721652968561437 -0.7062782263578089 0.7063580298243344
vn 0.026291748965833805 -0.5553948866547436 0.8311710195946933
vn 0.03342952987251892 -0.6144613303785486 0.7882383776510293
vn 0.03342952987251892 -0.6144613303785486 0.7882383776510293
vn 0.026291748965833805 -0.5553948866547436 0.8311710195946933
vn 0.018436739070959836 -0.4763437174547757 0.8790658391120622
vn 0.026291748965833805 -0.5553948866547436 0.8311710195946933
vn 0.01130188911198543 -0.3827154818332949 0.9237971245179372
vn 0.018436739070959836 -0.4763437174547757 0.8790658391120622
vn 0.018436739070959836 -0.4763437174547757 0.8790658391120622
vn 0.01130188911198543 -0.3827154818332949 0.9237971245179372
vn 0.007902160530421717 -0.32502034235247296 0.9456740098554219
vn 0.01130188911198543 -0.3827154818332949 0.9237971245179372
vn 0.0026660099349011417 -0.19502260005810382 0.9807951253231246
vn 0.007902160530421717 -0.32502034235247296 0.9456740098554219
vn 0.007902160530421717 -0.32502034235247296 0.9456740098554219
vn 0.0026660099349011417 -0.19502260005810382 0.9807951253231246
vn 0.0018730300119274557 -0.16473943230429278 0.9863353441921434
vn 0.0026660099349011417 -0.19502260005810382 0.9807951253231246
vn 0 0 1
vn 0.0018730300119274557 -0.16473943230429278 0.9863353441921434
vn 0.0018730300119274557 -0.16473943230429278 0.9863353441921434
vn 0 0 1
vn 0 0 1
vn 0.0018730300119274557 -0.16473943230429278 0.9863353441921434
vn 0 0 1
vn 0 0 1
vn -0.45250947456816865 0 0.8917595950849309
vn -0.39313957501998686 -0.1576084625331578 0.9058702153680948
vn -0.3099900206600602 0 0.950739810406178
vn -0.3099900206600602 0 0.950739810406178
vn -0.39313957501998686 -0.1576084625331578 0.9058702153680948
vn -0.2993518557327341 -0.15870619342927222 0.9408511097068222
vn -0.3099900206600602 0 0.950739810406178
vn -0.2993518557327341 -0.15870619342927222 0.9408511097068222
vn -0.20161375114323032 -0.16018522317034622 0.9662776979873963
vn -0.20161375114323032 -0.16018522317034622 0.9662776979873963
vn -0.2993518557327341 -0.15870619342927222 0.9408511097068222
vn -0.28187803698625336 -0.31115395067157786 0.9075946183435893
vn -0.20161375114323032 -0.16018522317034622 0.9662776979873963
vn -0.28187803698625336 -0.31115395067157786 0.9075946183435893
vn -0.1876140810021606 -0.3146122211089281 0.9304945496555161
vn -0.1876140810021606 -0.3146122211089281 0.9304945496555161
vn -0.28187803698625336 -0.31115395067157786 0.9075946183435893
vn -0.25311952158775425 -0.45520457444236007 0.853650574414342
vn -0.1876140810021606 -0.3146122211089281 0.9304945496555161
vn -0.25311952158775425 -0.45520457444236007 0.853650574414342
vn -0.16433141521663822 -0.46057837916641087 0.8722744651870411
vn -0.16433141521663822 -0.46057837916641087 0.8722744651870411
vn -0.25311952158775425 -0.45520457444236007 0.853650574414342
vn -0.2134114812846029 -0.5886889961495935 0.7796799378387875
vn -0.16433141521663822 -0.46057837916641087 0.8722744651870411
vn -0.2134114812846029 -0.5886889961495935 0.7796799378387875
vn -0.13203156435816366 -0.5953934844249671 0.7925113656708229
vn -0.13203156435816366 -0.5953934844249671 0.7925113656708229
vn -0.2134114812846029 -0.5886889961495935 0.7796799378387875
vn -0.16330119479517063 -0.708878452647848 0.6861662037364287
vn -0.13203156435816366 -0.5953934844249671 0.7925113656708229
vn -0.16330119479517063 -0.708878452647848 0.6861662037364287
vn -0.09130997528478044 -0.715962819451582 0.6921414086560883
vn -0.09130997528478044 -0.715962819451582 0.6921414086560883
vn -0.16330119479517063 -0.708878452647848 0.6861662037364287
vn -0.10379360790580741 -0.812341585432233 0.5738710966195649
vn -0.09130997528478044 -0.715962819451582 0.6921414086560883
vn -0.10379360790580741 -0.812341585432233 0.5738710966195649
vn -0.04325201875325848 -0.8187389160075951 0.5725345843601732
vn -0.04325201875325848 -0.8187389160075951 0.5725345843601732
vn -0.10379360790580741 -0.812341585432233 0.5738710966195649
vn -0.03660584949880252 -0.8951104793241765 0.4443391065239634
vn -0.04325201875325848 -0.8187389160075951 0.5725345843601732
vn -0.03660584949880252 -0.8951104793241765 0.4443391065239634
vn 0.01042328007798895 -0.8999390478119247 0.4358911165139548
vn 0.01042328007798895 -0.8999390478119247 0.4358911165139548
vn -0.03660584949880252 -0.8951104793241765 0.4443391065239634
vn 0.03567672915217557 -0.953194718587682 0.30024489912994695
vn 0.01042328007798895 -0.8999390478119247 0.4358911165139548
vn 0.03567672915217557 -0.953194718587682 0.30024489912994695
vn 0.06730771843313456 -0.9560280360394412 0.28544713231331414
vn 0.06730771843313456 -0.9560280360394412 0.28544713231331414
vn 0.03567672915217557 -0.953194718587682 0.30024489912994695
vn 0.11493414517954793 -0.9842921901628005 0.13401129301803014
vn 0.06730771843313456 -0.9560280360394412 0.28544713231331414
vn 0.11493414517954793 -0.9842921901628005 0.13401129301803014
vn 0.12843273150968637 -0.9851873007249708 0.11362665165887213
vn 0.12843273150968637 -0.9851873007249708 0.11362665165887213
vn 0.11493414517954793 -0.9842921901628005 0.13401129301803014
vn 0.19073770753763997 -0.9809130215074637 -0.03779908941209651
vn 0.12843273150968637 -0.9851873007249708 0.11362665165887213
vn 0.19073770753763997 -0.9809130215074637 -0.03779908941209651
vn 0.1852606915578412 -0.9807040148357492 -0.062434857640206086
vn 0.1852606915578412 -0.9807040148357492 -0.062434857640206086
vn 0.19073770753763997 -0.9809130215074637 -0.03779908941209651
vn 0.25750350151162194 -0.9435139934783542 -0.20850249595576123
vn 0.1852606915578412 -0.9807040148357492 -0.062434857640206086
vn 0.25750350151162194 -0.9435139934783542 -0.20850249595576123
vn 0.23313356589483453 -0.9433129959669633 -0.23623998834446075
vn 0.23313356589483453 -0.9433129959669633 -0.23623998834446075
vn 0.25750350151162194 -0.9435139934783542 -0.20850249595576123
vn 0.3097687727577815 -0.8748533648235303 -0.37239078597769454
vn 0.23313356589483453 -0.9433129959669633 -0.23623998834446075
vn 0.3097687727577815 -0.8748533648235303 -0.37239078597769454
vn 0.26739453521662676 -0.8756076567887765 -0.4022578699157451
vn 0.26739453521662676 -0.8756076567887765 -0.4022578699157451
vn 0.3097687727577815 -0.8748533648235303 -0.37239078597769454
vn 0.34230839333866675 -0.7789282353589065 -0.5254481592037032
vn 0.26739453521662676 -0.8756076567887765 -0.4022578699157451
vn 0.34230839333866675 -0.7789282353589065 -0.5254481592037032
vn 0.2833839285809604 -0.7811074994594831 -0.5563853191001491
vn 0.2833839285809604 -0.7811074994594831 -0.5563853191001491
vn 0.34230839333866675 -0.7789282353589065 -0.5254481592037032
vn 0.35006019213270795 -0.6597522664163535 -0.6649697803979489
vn 0.2833839285809604 -0.7811074994594831 -0.5563853191001491
vn 0.35006019213270795 -0.6597522664163535 -0.6649697803979489
vn 0.27643785294643863 -0.6632558397485181 -0.6954666091897231
vn 0.27643785294643863 -0.6632558397485181 -0.6954666091897231
vn 0.35006019213270795 -0.6597522664163535 -0.6649697803979489
vn 0.3290125742695844 -0.5208061736762999 -0.7877256219224769
vn 0.27643785294643863 -0.6632558397485181 -0.6954666091897231
vn 0.3290125742695844 -0.5208061736762999 -0.7877256219224769
vn 0.24302643162324647 -0.5250344159159727 -0.8156451530146213
vn 0.24302643162324647 -0.5250344159159727 -0.8156451530146213
vn 0.3290125742695844 -0.5208061736762999 -0.7877256219224769
vn 0.28079402572776235 -0.3660617782635508 -0.8872167094966843
vn 0.24302643162324647 -0.5250344159159727 -0.8156451530146213
vn 0.28079402572776235 -0.3660617782635508 -0.8872167094966843
vn 0.18556729758748614 -0.37003867082774716 -0.9102945458246531
vn 0.18556729758748614 -0.37003867082774716 -0.9102945458246531
vn 0.28079402572776235 -0.3660617782635508 -0.8872167094966843
vn 0.2170453960464755 -0.18467597410033995 -0.9585332965761384
vn 0.18556729758748614 -0.37003867082774716 -0.9102945458246531
vn 0.2170453960464755 -0.18467597410033995 -0.9585332965761384
vn 0.11614038575858066 -0.18703617270599948 -0.9754634185326171
vn 0.11614038575858066 -0.18703617270599948 -0.9754634185326171
vn 0.2170453960464755 -0.18467597410033995 -0.9585332965761384
vn -0.12817957302871535 0 -0.991750975325044
vn -0.39313957501998686 -0.1576084625331578 0.9058702153680948
vn -0.45250947456816865 0 0.8917595950849309
vn -0.48440132735109825 -0.15679561807260672 0.8606802473704874
vn -0.48440132735109825 -0.15679561807260672 0.8606802473704874
vn -0.45250947456816865 0 0.8917595950849309
vn -0.5832584568779152 0 0.8122866319719863
vn -0.48440132735109825 -0.15679561807260672 0.8606802473704874
vn -0.5832584568779152 0 0.8122866319719863
vn -0.5701814075731412 -0.15623526994487064 0.8065256988361653
vn -0.5701814075731412 -0.15623526994487064 0.8065256988361653
vn -0.5832584568779152 0 0.8122866319719863
vn -0.6499268301574552 -0.15588121319470313 0.7438388016327395
vn -0.5701814075731412 -0.15623526994487064 0.8065256988361653
vn -0.6499268301574552 -0.15588121319470313 0.7438388016327395
vn -0.6210348385074379 -0.30510773995034324 0.7219591376126727
vn -0.6210348385074379 -0.30510773995034324 0.7219591376126727
vn -0.6499268301574552 -0.15588121319470313 0.7438388016327395
vn -0.6919209190469731 -0.3050715784256537 0.6543521787402198
vn -0.6210348385074379 -0.30510773995034324 0.7219591376126727
vn -0.6919209190469731 -0.3050715784256537 0.6543521787402198
vn -0.6415756178601892 -0.4462639585238995 0.6238823654262844
vn -0.6415756178601892 -0.4462639585238995 0.6238823654262844
vn -0.6919209190469731 -0.3050715784256537 0.6543521787402198
vn -0.702161791356556 -0.4472462097298842 0.5540213413228815
vn -0.6415756178601892 -0.4462639585238995 0.6238823654262844
vn -0.702161791356556 -0.4472462097298842 0.5540213413228815
vn -0.6289607587705718 -0.5788596314052125 0.5189700290538638
vn -0.6289607587705718 -0.5788596314052125 0.5189700290538638
vn -0.702161791356556 -0.4472462097298842 0.5540213413228815
vn -0.6781789197319634 -0.5811447352891803 0.4498267994204612
vn -0.6289607587705718 -0.5788596314052125 0.5189700290538638
vn -0.6781789197319634 -0.5811447352891803 0.4498267994204612
vn -0.5814655244378337 -0.7002399372833755 0.4142002826213537
vn -0.5814655244378337 -0.7002399372833755 0.4142002826213537
vn -0.6781789197319634 -0.5811447352891803 0.4498267994204612
vn -0.6189752191977144 -0.7034958642671021 0.34923236817085657
vn -0.5814655244378337 -0.7002399372833755 0.4142002826213537
vn -0.6189752191977144 -0.7034958642671021 0.34923236817085657
vn -0.4997910717670903 -0.8058989759698697 0.31738891775331185
vn -0.4997910717670903 -0.8058989759698697 0.31738891775331185
vn -0.6189752191977144 -0.7034958642671021 0.34923236817085657
vn -0.5361885768192319 -0.802416829790234 0.26197145141781597
vn -0.4997910717670903 -0.8058989759698697 0.31738891775331185
vn -0.5361885768192319 -0.802416829790234 0.26197145141781597
vn -0.3721025201420465 -0.8982449620771622 0.2338711239271226
vn -0.5832584568779152 0 0.8122866319719863
vn -0.7003526063994725 0 0.7137970486836338
vn -0.6499268301574552 -0.15588121319470313 0.7438388016327395
vn -0.6499268301574552 -0.15588121319470313 0.7438388016327395
vn -0.7003526063994725 0 0.7137970486836338
vn -0.7230612051140141 -0.15569964125759767 0.6730082580260995
vn -0.6499268301574552 -0.15588121319470313 0.7438388016327395
vn -0.7230612051140141 -0.15569964125759767 0.6730082580260995
vn -0.6919209190469731 -0.3050715784256537 0.6543521787402198
vn -0.6919209190469731 -0.3050715784256537 0.6543521787402198
vn -0.7230612051140141 -0.15569964125759767 0.6730082580260995
vn -0.755799960599576 -0.30547987735341187 0.57917912953578
vn -0.6919209190469731 -0.3050715784256537 0.6543521787402198
vn -0.755799960599576 -0.30547987735341187 0.57917912953578
vn -0.702161791356556 -0.4472462097298842 0.5540213413228815
vn -0.702161791356556 -0.4472462097298842 0.5540213413228815
vn -0.755799960599576 -0.30547987735341187 0.57917912953578
vn -0.7553775698040842 -0.44890090411621225 0.47738109024187686
vn -0.702161791356556 -0.4472462097298842 0.5540213413228815
vn -0.7553775698040842 -0.44890090411621225 0.47738109024187686
vn -0.6781789197319634 -0.5811447352891803 0.4498267994204612
vn -0.6781789197319634 -0.5811447352891803 0.4498267994204612
vn -0.7553775698040842 -0.44890090411621225 0.47738109024187686
vn -0.7198006505589685 -0.5841786629190895 0.37499641764282293
vn -0.6781789197319634 -0.5811447352891803 0.4498267994204612
vn -0.7198006505589685 -0.5841786629190895 0.37499641764282293
vn -0.6189752191977144 -0.7034958642671021 0.34923236817085657
vn -0.6189752191977144 -0.7034958642671021 0.34923236817085657
vn -0.7198006505589685 -0.5841786629190895 0.37499641764282293
vn -0.6779485309687319 -0.6778797901241205 0.28436733198209835
vn -0.6189752191977144 -0.7034958642671021 0.34923236817085657
vn -0.6779485309687319 -0.6778797901241205 0.28436733198209835
vn -0.5361885768192319 -0.802416829790234 0.26197145141781597
vn -0.7003526063994725 0 0.7137970486836338
vn -0.8017910563845398 0 0.5976044694459401
vn -0.7230612051140141 -0.15569964125759767 0.6730082580260995
vn -0.7230612051140141 -0.15569964125759767 0.6730082580260995
vn -0.8017910563845398 0 0.5976044694459401
vn -0.7889294596414076 -0.1556651815115892 0.5944397858276989
vn -0.7230612051140141 -0.15569964125759767 0.6730082580260995
vn -0.7889294596414076 -0.1556651815115892 0.5944397858276989
vn -0.755799960599576 -0.30547987735341187 0.57917912953578
vn -0.755799960599576 -0.30547987735341187 0.57917912953578
vn -0.7889294596414076 -0.1556651815115892 0.5944397858276989
vn -0.8119360265054759 -0.3062722936423388 0.4969478554230415
vn -0.755799960599576 -0.30547987735341187 0.57917912953578
vn -0.8119360265054759 -0.3062722936423388 0.4969478554230415
vn -0.7553775698040842 -0.44890090411621225 0.47738109024187686
vn -0.7553775698040842 -0.44890090411621225 0.47738109024187686
vn -0.8119360265054759 -0.3062722936423388 0.4969478554230415
vn -0.8004586063799862 -0.4511206455739934 0.3946595781291944
vn -0.7553775698040842 -0.44890090411621225 0.47738109024187686
vn -0.8004586063799862 -0.4511206455739934 0.3946595781291944
vn -0.7198006505589685 -0.5841786629190895 0.37499641764282293
vn -0.7198006505589685 -0.5841786629190895 0.37499641764282293
vn -0.8004586063799862 -0.4511206455739934 0.3946595781291944
vn -0.7929055772855923 -0.5298330298134992 0.3009613032069897
vn -0.7198006505589685 -0.5841786629190895 0.37499641764282293
vn -0.7929055772855923 -0.5298330298134992 0.3009613032069897
vn -0.6779485309687319 -0.6778797901241205 0.28436733198209835
vn -0.7889294596414076 -0.1556651815115892 0.5944397858276989
vn -0.8017910563845398 0 0.5976044694459401
vn -0.8467736009427802 -0.15575781741198078 0.5086393329869932
vn -0.8467736009427802 -0.15575781741198078 0.5086393329869932
vn -0.8017910563845398 0 0.5976044694459401
vn -0.8851295308223749 0 0.4653447256240932
vn -0.8467736009427802 -0.15575781741198078 0.5086393329869932
vn -0.8851295308223749 0 0.4653447256240932
vn -0.8957487923752893 -0.15596143153220596 0.41630533606072845
vn -0.8957487923752893 -0.15596143153220596 0.41630533606072845
vn -0.8851295308223749 0 0.4653447256240932
vn -0.9475460891736517 0 0.3196191622724112
vn -0.8957487923752893 -0.15596143153220596 0.41630533606072845
vn -0.9475460891736517 0 0.3196191622724112
vn -0.929921052652003 -0.18490982391421232 0.3178917942549093
vn -0.8957487923752893 -0.15596143153220596 0.41630533606072845
vn -0.929921052652003 -0.18490982391421232 0.3178917942549093
vn -0.8595134174355444 -0.30739126928535604 0.4083470249866029
vn -0.8595134174355444 -0.30739126928535604 0.4083470249866029
vn -0.929921052652003 -0.18490982391421232 0.3178917942549093
vn -0.8777499292134684 -0.3636444051397748 0.3119580234202842
vn -0.8595134174355444 -0.30739126928535604 0.4083470249866029
vn -0.8777499292134684 -0.3636444051397748 0.3119580234202842
vn -0.8004586063799862 -0.4511206455739934 0.3946595781291944
vn -0.8004586063799862 -0.4511206455739934 0.3946595781291944
vn -0.8777499292134684 -0.3636444051397748 0.3119580234202842
vn -0.7929055772855923 -0.5298330298134992 0.3009613032069897
vn -0.1911375810874732 -0.9609036265736283 0.20032634757734413
vn -0.21655763092635918 -0.9472217326478194 0.23637635602408713
vn -0.3721025201420465 -0.8982449620771622 0.2338711239271226
vn -0.3721025201420465 -0.8982449620771622 0.2338711239271226
vn -0.21655763092635918 -0.9472217326478194 0.23637635602408713
vn -0.36463114787989653 -0.8881639641829067 0.27965853951326697
vn -0.3721025201420465 -0.8982449620771622 0.2338711239271226
vn -0.36463114787989653 -0.8881639641829067 0.27965853951326697
vn -0.4997910717670903 -0.8058989759698697 0.31738891775331185
vn -0.4997910717670903 -0.8058989759698697 0.31738891775331185
vn -0.36463114787989653 -0.8881639641829067 0.27965853951326697
vn -0.4666704843102274 -0.8030727981297383 0.370530349604092
vn -0.4997910717670903 -0.8058989759698697 0.31738891775331185
vn -0.4666704843102274 -0.8030727981297383 0.370530349604092
vn -0.5814655244378337 -0.7002399372833755 0.4142002826213537
vn -0.5814655244378337 -0.7002399372833755 0.4142002826213537
vn -0.4666704843102274 -0.8030727981297383 0.370530349604092
vn -0.5370648914418858 -0.6978095953886044 0.4739441643950347
vn -0.5814655244378337 -0.7002399372833755 0.4142002826213537
vn -0.5370648914418858 -0.6978095953886044 0.4739441643950347
vn -0.6289607587705718 -0.5788596314052125 0.5189700290538638
vn -0.6289607587705718 -0.5788596314052125 0.5189700290538638
vn -0.5370648914418858 -0.6978095953886044 0.4739441643950347
vn -0.5728413741378049 -0.5774727599157985 0.5817026488087722
vn -0.6289607587705718 -0.5788596314052125 0.5189700290538638
vn -0.5728413741378049 -0.5774727599157985 0.5817026488087722
vn -0.6415756178601892 -0.4462639585238995 0.6238823654262844
vn -0.6415756178601892 -0.4462639585238995 0.6238823654262844
vn -0.5728413741378049 -0.5774727599157985 0.5817026488087722
vn -0.5743230377321386 -0.44605922225897127 0.6864285968459138
vn -0.6415756178601892 -0.4462639585238995 0.6238823654262844
vn -0.5743230377321386 -0.44605922225897127 0.6864285968459138
vn -0.6210348385074379 -0.30510773995034324 0.7219591376126727
vn -0.6210348385074379 -0.30510773995034324 0.7219591376126727
vn -0.5743230377321386 -0.44605922225897127 0.6864285968459138
vn -0.5437848377135829 -0.30565434037728256 0.7815839522926123
vn -0.6210348385074379 -0.30510773995034324 0.7219591376126727
vn -0.5437848377135829 -0.30565434037728256 0.7815839522926123
vn -0.5701814075731412 -0.15623526994487064 0.8065256988361653
vn -0.5701814075731412 -0.15623526994487064 0.8065256988361653
vn -0.5437848377135829 -0.30565434037728256 0.7815839522926123
vn -0.48440132735109825 -0.15679561807260672 0.8606802473704874
vn -0.21655763092635918 -0.9472217326478194 0.23637635602408713
vn -0.1911375810874732 -0.9609036265736283 0.20032634757734413
vn -0.0477520980418751 -0.9817116342013046 0.18428783032637566
vn -0.0477520980418751 -0.9817116342013046 0.18428783032637566
vn -0.1911375810874732 -0.9609036265736283 0.20032634757734413
vn 0 -0.9868605560566029 0.16157426434817004
vn -0.0477520980418751 -0.9817116342013046 0.18428783032637566
vn 0 -0.9868605560566029 0.16157426434817004
vn 0.12527607488737222 -0.9839587065355277 0.12700853866470832
vn 0.12527607488737222 -0.9839587065355277 0.12700853866470832
vn 0 -0.9868605560566029 0.16157426434817004
vn 0.19374153436066444 -0.973999572519719 0.11742678823411708
vn 0.12527607488737222 -0.9839587065355277 0.12700853866470832
vn 0.19374153436066444 -0.973999572519719 0.11742678823411708
vn 0.295790712605995 -0.953051612173844 0.06481110143235198
vn 0.295790712605995 -0.953051612173844 0.06481110143235198
vn 0.19374153436066444 -0.973999572519719 0.11742678823411708
vn 0.3818635850991779 -0.9218079922964877 0.06671002708379978
vn 0.295790712605995 -0.953051612173844 0.06481110143235198
vn 0.3818635850991779 -0.9218079922964877 0.06671002708379978
vn 0.45671728326344985 -0.8896072816551095 -0.0028648899909835207
vn 0.45671728326344985 -0.8896072816551095 -0.0028648899909835207
vn 0.3818635850991779 -0.9218079922964877 0.06671002708379978
vn 0.5555798394767869 -0.831437157267364 0.006579930251320262
vn 0.45671728326344985 -0.8896072816551095 -0.0028648899909835207
vn 0.5555798394767869 -0.831437157267364 0.006579930251320262
vn 0.6008526470520266 -0.7955547909267453 -0.07790167625972676
vn 0.6008526470520266 -0.7955547909267453 -0.07790167625972676
vn 0.5555798394767869 -0.831437157267364 0.006579930251320262
vn 0.7055052991015329 -0.7054337353803934 -0.06801116031153992
vn 0.6008526470520266 -0.7955547909267453 -0.07790167625972676
vn 0.7055052991015329 -0.7054337353803934 -0.06801116031153992
vn 0.7206052933223862 -0.6737882019107551 -0.16351596314008404
vn 0.7206052933223862 -0.6737882019107551 -0.16351596314008404
vn 0.7055052991015329 -0.7054337353803934 -0.06801116031153992
vn 0.8203863475576988 -0.5481964840981236 -0.1626248922010226
vn 0.7206052933223862 -0.6737882019107551 -0.16351596314008404
vn 0.8203863475576988 -0.5481964840981236 -0.1626248922010226
vn 0.8074985592193361 -0.5282739315411125 -0.26243614482916033
vn 0.8074985592193361 -0.5282739315411125 -0.26243614482916033
vn 0.8203863475576988 -0.5481964840981236 -0.1626248922010226
vn 0.8881476679840593 -0.36795212151692647 -0.2753269985411348
vn 0.8074985592193361 -0.5282739315411125 -0.26243614482916033
vn 0.8881476679840593 -0.36795212151692647 -0.2753269985411348
vn 0.8537473319190826 -0.3656720361626466 -0.37067432499393826
vn 0.8537473319190826 -0.3656720361626466 -0.37067432499393826
vn 0.8881476679840593 -0.36795212151692647 -0.2753269985411348
vn 0.8609054759541573 -0.18001665521247376 -0.4758526718620577
vn 0.8537473319190826 -0.3656720361626466 -0.37067432499393826
vn 0.8609054759541573 -0.18001665521247376 -0.4758526718620577
vn 0.8092055543289224 -0.363719789027652 -0.46140468778817345
vn 0.8092055543289224 -0.363719789027652 -0.46140468778817345
vn 0.8609054759541573 -0.18001665521247376 -0.4758526718620577
vn 0.8048503105843614 -0.179711208188337 -0.5656145853880937
vn 0.8092055543289224 -0.363719789027652 -0.46140468778817345
vn 0.8048503105843614 -0.179711208188337 -0.5656145853880937
vn 0.755274675363219 -0.3621304403566314 -0.5462798814912521
vn 0.755274675363219 -0.3621304403566314 -0.5462798814912521
vn 0.8048503105843614 -0.179711208188337 -0.5656145853880937
vn 0.7400561304897825 -0.17957801288551115 -0.6481270407972356
vn 0.755274675363219 -0.3621304403566314 -0.5462798814912521
vn 0.7400561304897825 -0.17957801288551115 -0.6481270407972356
vn 0.6927644236530603 -0.36100470914953525 -0.6243020529299119
vn 0.6927644236530603 -0.36100470914953525 -0.6243020529299119
vn 0.7400561304897825 -0.17957801288551115 -0.6481270407972356
vn 0.6674623903202638 -0.17965372172652477 -0.7226468693475179
vn 0.6927644236530603 -0.36100470914953525 -0.6243020529299119
vn 0.6674623903202638 -0.17965372172652477 -0.7226468693475179
vn 0.6224774656408458 -0.36044525754583945 -0.6946949122327463
vn 0.6224774656408458 -0.36044525754583945 -0.6946949122327463
vn 0.6674623903202638 -0.17965372172652477 -0.7226468693475179
vn 0.5879236863886386 -0.17997615445740964 -0.7886408072182901
vn 0.6224774656408458 -0.36044525754583945 -0.6946949122327463
vn 0.5879236863886386 -0.17997615445740964 -0.7886408072182901
vn 0.5451728479522036 -0.36055786398621303 -0.7568253382210345
vn 0.5451728479522036 -0.36055786398621303 -0.7568253382210345
vn 0.5879236863886386 -0.17997615445740964 -0.7886408072182901
vn 0.5021920861284782 -0.18058691330141644 -0.845689940447558
vn 0.5451728479522036 -0.36055786398621303 -0.7568253382210345
vn 0.5021920861284782 -0.18058691330141644 -0.845689940447558
vn 0.4615734063242901 -0.3614559144532018 -0.8101232082103261
vn 0.4615734063242901 -0.3614559144532018 -0.8101232082103261
vn 0.5021920861284782 -0.18058691330141644 -0.845689940447558
vn 0.4109438694838455 -0.1815357775771361 -0.8934035468885876
vn 0.4615734063242901 -0.3614559144532018 -0.8101232082103261
vn 0.4109438694838455 -0.1815357775771361 -0.8934035468885876
vn 0.3724114122582691 -0.36326765946360945 -0.854017767735328
vn 0.3724114122582691 -0.36326765946360945 -0.854017767735328
vn 0.4109438694838455 -0.1815357775771361 -0.8934035468885876
vn 0.31483998188672857 -0.1828870440855423 -0.931358209772812
vn 0.3724114122582691 -0.36326765946360945 -0.854017767735328
vn 0.31483998188672857 -0.1828870440855423 -0.931358209772812
vn 0.28079402572776235 -0.3660617782635508 -0.8872167094966843
vn 0.28079402572776235 -0.3660617782635508 -0.8872167094966843
vn 0.31483998188672857 -0.1828870440855423 -0.931358209772812
vn 0.2170453960464755 -0.18467597410033995 -0.9585332965761384
vn 0.8881476679840593 -0.36795212151692647 -0.2753269985411348
vn 0.9072630418344102 -0.18040439821032828 -0.37990528560121756
vn 0.8609054759541573 -0.18001665521247376 -0.4758526718620577
vn 0.8609054759541573 -0.18001665521247376 -0.4758526718620577
vn 0.9072630418344102 -0.18040439821032828 -0.37990528560121756
vn 0.7261579275052176 0 -0.6875279371206143
vn 0.8609054759541573 -0.18001665521247376 -0.4758526718620577
vn 0.7261579275052176 0 -0.6875279371206143
vn 0.8048503105843614 -0.179711208188337 -0.5656145853880937
vn 0.8048503105843614 -0.179711208188337 -0.5656145853880937
vn 0.7261579275052176 0 -0.6875279371206143
vn 0.7400561304897825 -0.17957801288551115 -0.6481270407972356
vn 0.9072630418344102 -0.18040439821032828 -0.37990528560121756
vn 0.9051537570595157 0 -0.42508431643739014
vn 0.7261579275052176 0 -0.6875279371206143
vn 0.7261579275052176 0 -0.6875279371206143
vn 0.48083258660968464 0 -0.8768124221600879
vn 0.7400561304897825 -0.17957801288551115 -0.6481270407972356
vn 0.7400561304897825 -0.17957801288551115 -0.6481270407972356
vn 0.48083258660968464 0 -0.8768124221600879
vn 0.6674623903202638 -0.17965372172652477 -0.7226468693475179
vn 0.18934108454747411 0 -0.9819113777232579
vn 0.5021920861284782 -0.18058691330141644 -0.845689940447558
vn 0.48083258660968464 0 -0.8768124221600879
vn 0.48083258660968464 0 -0.8768124221600879
vn 0.5021920861284782 -0.18058691330141644 -0.845689940447558
vn 0.5879236863886386 -0.17997615445740964 -0.7886408072182901
vn 0.48083258660968464 0 -0.8768124221600879
vn 0.5879236863886386 -0.17997615445740964 -0.7886408072182901
vn 0.6674623903202638 -0.17965372172652477 -0.7226468693475179
vn -0.12817957302871535 0 -0.991750975325044
vn 0.2170453960464755 -0.18467597410033995 -0.9585332965761384
vn 0.18934108454747411 0 -0.9819113777232579
vn 0.18934108454747411 0 -0.9819113777232579
vn 0.2170453960464755 -0.18467597410033995 -0.9585332965761384
vn 0.31483998188672857 -0.1828870440855423 -0.931358209772812
vn 0.18934108454747411 0 -0.9819113777232579
vn 0.31483998188672857 -0.1828870440855423 -0.931358209772812
vn 0.4109438694838455 -0.1815357775771361 -0.8934035468885876
vn 0.5021920861284782 -0.18058691330141644 -0.845689940447558
vn 0.18934108454747411 0 -0.9819113777232579
vn 0.4109438694838455 -0.1815357775771361 -0.8934035468885876
vn 0.016633900451594404 -0.8264671349342917 0.5627391831295114
vn 0.05239719031469107 -0.7353604290791915 0.675647521857065
vn -0.018915498959861613 -0.7247747615399647 0.6887261784873484
vn 0.05576011994658508 -0.9055640184184983 0.4205289735194044
vn 0.09814196979381964 -0.9118866331742188 0.3985359732861974
vn 0.07441431913249259 -0.8354708765797982 0.5444730695773954
vn 0.08787406588779498 -0.37539915571285115 -0.9226882585328731
vn -0.010864110192472907 -0.38237816559074533 -0.9239420488262141
vn 0.0637926997906104 -0.5388314736820529 -0.8399947228542881
vn 0.15412888480034836 -0.5309774001183147 -0.8332510350631412
vn 0.08787406588779498 -0.37539915571285115 -0.9226882585328731
vn 0.0637926997906104 -0.5388314736820529 -0.8399947228542881
vn -0.28187803698625336 -0.31115395067157786 0.9075946183435893
vn -0.2993518557327341 -0.15870619342927222 0.9408511097068222
vn -0.3724788542941865 -0.30860562260532115 0.8752268693316448
vn -0.3724788542941865 -0.30860562260532115 0.8752268693316448
vn -0.2993518557327341 -0.15870619342927222 0.9408511097068222
vn -0.39313957501998686 -0.1576084625331578 0.9058702153680948
vn -0.3724788542941865 -0.30860562260532115 0.8752268693316448
vn -0.39313957501998686 -0.1576084625331578 0.9058702153680948
vn -0.46074549305686907 -0.3067884929304398 0.8328231572388296
vn -0.46074549305686907 -0.3067884929304398 0.8328231572388296
vn -0.39313957501998686 -0.1576084625331578 0.9058702153680948
vn -0.48440132735109825 -0.15679561807260672 0.8606802473704874
vn -0.46074549305686907 -0.3067884929304398 0.8328231572388296
vn -0.48440132735109825 -0.15679561807260672 0.8606802473704874
vn -0.5437848377135829 -0.30565434037728256 0.7815839522926123
vn -0.25311952158775425 -0.45520457444236007 0.853650574414342
vn -0.28187803698625336 -0.31115395067157786 0.9075946183435893
vn -0.3387267973558705 -0.4512257261569565 0.8256267321296968
vn -0.3387267973558705 -0.4512257261569565 0.8256267321296968
vn -0.28187803698625336 -0.31115395067157786 0.9075946183435893
vn -0.3724788542941865 -0.30860562260532115 0.8752268693316448
vn -0.3387267973558705 -0.4512257261569565 0.8256267321296968
vn -0.3724788542941865 -0.30860562260532115 0.8752268693316448
vn -0.42230624926344135 -0.4484172415551966 0.787768626761102
vn -0.42230624926344135 -0.4484172415551966 0.787768626761102
vn -0.3724788542941865 -0.30860562260532115 0.8752268693316448
vn -0.46074549305686907 -0.3067884929304398 0.8328231572388296
vn -0.42230624926344135 -0.4484172415551966 0.787768626761102
vn -0.46074549305686907 -0.3067884929304398 0.8328231572388296
vn -0.50103734321786 -0.44673871209266364 0.7412058444312056
vn -0.50103734321786 -0.44673871209266364 0.7412058444312056
vn -0.46074549305686907 -0.3067884929304398 0.8328231572388296
vn -0.5437848377135829 -0.30565434037728256 0.7815839522926123
vn -0.50103734321786 -0.44673871209266364 0.7412058444312056
vn -0.5437848377135829 -0.30565434037728256 0.7815839522926123
vn -0.5743230377321386 -0.44605922225897127 0.6864285968459138
vn -0.2134114812846029 -0.5886889961495935 0.7796799378387875
vn -0.25311952158775425 -0.45520457444236007 0.853650574414342
vn -0.29228938542804295 -0.583657597776569 0.757568956415046
vn -0.29228938542804295 -0.583657597776569 0.757568956415046
vn -0.25311952158775425 -0.45520457444236007 0.853650574414342
vn -0.3387267973558705 -0.4512257261569565 0.8256267321296968
vn -0.29228938542804295 -0.583657597776569 0.757568956415046
vn -0.3387267973558705 -0.4512257261569565 0.8256267321296968
vn -0.3695723464109362 -0.5800798987864407 0.725895028080664
vn -0.3695723464109362 -0.5800798987864407 0.725895028080664
vn -0.3387267973558705 -0.4512257261569565 0.8256267321296968
vn -0.42230624926344135 -0.4484172415551966 0.787768626761102
vn -0.3695723464109362 -0.5800798987864407 0.725895028080664
vn -0.42230624926344135 -0.4484172415551966 0.787768626761102
vn -0.44252400395425945 -0.5779488115516156 0.6856731562124667
vn -0.44252400395425945 -0.5779488115516156 0.6856731562124667
vn -0.42230624926344135 -0.4484172415551966 0.787768626761102
vn -0.50103734321786 -0.44673871209266364 0.7412058444312056
vn -0.44252400395425945 -0.5779488115516156 0.6856731562124667
vn -0.50103734321786 -0.44673871209266364 0.7412058444312056
vn -0.5104861767392684 -0.5771243976409879 0.6374412074894841
vn -0.5104861767392684 -0.5771243976409879 0.6374412074894841
vn -0.50103734321786 -0.44673871209266364 0.7412058444312056
vn -0.5743230377321386 -0.44605922225897127 0.6864285968459138
vn -0.5104861767392684 -0.5771243976409879 0.6374412074894841
vn -0.5743230377321386 -0.44605922225897127 0.6864285968459138
vn -0.5728413741378049 -0.5774727599157985 0.5817026488087722
vn -0.16330119479517063 -0.708878452647848 0.6861662037364287
vn -0.2134114812846029 -0.5886889961495935 0.7796799378387875
vn -0.23365870633184388 -0.7034474705348485 0.671241584791536
vn -0.23365870633184388 -0.7034474705348485 0.671241584791536
vn -0.2134114812846029 -0.5886889961495935 0.7796799378387875
vn -0.29228938542804295 -0.583657597776569 0.757568956415046
vn -0.23365870633184388 -0.7034474705348485 0.671241584791536
vn -0.29228938542804295 -0.583657597776569 0.757568956415046
vn -0.3030029513665096 -0.6995027983734251 0.6472132929189047
vn -0.3030029513665096 -0.6995027983734251 0.6472132929189047
vn -0.29228938542804295 -0.583657597776569 0.757568956415046
vn -0.3695723464109362 -0.5800798987864407 0.725895028080664
vn -0.3030029513665096 -0.6995027983734251 0.6472132929189047
vn -0.3695723464109362 -0.5800798987864407 0.725895028080664
vn -0.3687156734919202 -0.6970887865383641 0.6149113560537572
vn -0.3687156734919202 -0.6970887865383641 0.6149113560537572
vn -0.3695723464109362 -0.5800798987864407 0.725895028080664
vn -0.44252400395425945 -0.5779488115516156 0.6856731562124667
vn -0.3687156734919202 -0.6970887865383641 0.6149113560537572
vn -0.44252400395425945 -0.5779488115516156 0.6856731562124667
vn -0.4300637140427629 -0.6960881181652007 0.5748969765209888
vn -0.4300637140427629 -0.6960881181652007 0.5748969765209888
vn -0.44252400395425945 -0.5779488115516156 0.6856731562124667
vn -0.5104861767392684 -0.5771243976409879 0.6374412074894841
vn -0.4300637140427629 -0.6960881181652007 0.5748969765209888
vn -0.5104861767392684 -0.5771243976409879 0.6374412074894841
vn -0.4863896208588895 -0.6963745159265333 0.5277193101344995
vn -0.4863896208588895 -0.6963745159265333 0.5277193101344995
vn -0.5104861767392684 -0.5771243976409879 0.6374412074894841
vn -0.5728413741378049 -0.5774727599157985 0.5817026488087722
vn -0.4863896208588895 -0.6963745159265333 0.5277193101344995
vn -0.5728413741378049 -0.5774727599157985 0.5817026488087722
vn -0.5370648914418858 -0.6978095953886044 0.4739441643950347
vn -0.10379360790580741 -0.812341585432233 0.5738710966195649
vn -0.16330119479517063 -0.708878452647848 0.6861662037364287
vn -0.16373079816363414 -0.8072909800532665 0.5669863307499889
vn -0.16373079816363414 -0.8072909800532665 0.5669863307499889
vn -0.16330119479517063 -0.708878452647848 0.6861662037364287
vn -0.23365870633184388 -0.7034474705348485 0.671241584791536
vn -0.16373079816363414 -0.8072909800532665 0.5669863307499889
vn -0.23365870633184388 -0.7034474705348485 0.671241584791536
vn -0.22339993776918216 -0.8034964517110188 0.5518024283133665
vn -0.22339993776918216 -0.8034964517110188 0.5518024283133665
vn -0.23365870633184388 -0.7034474705348485 0.671241584791536
vn -0.3030029513665096 -0.6995027983734251 0.6472132929189047
vn -0.22339993776918216 -0.8034964517110188 0.5518024283133665
vn -0.3030029513665096 -0.6995027983734251 0.6472132929189047
vn -0.2803724624720633 -0.8010533011550123 0.5288713369015272
vn -0.2803724624720633 -0.8010533011550123 0.5288713369015272
vn -0.3030029513665096 -0.6995027983734251 0.6472132929189047
vn -0.3687156734919202 -0.6970887865383641 0.6149113560537572
vn -0.2803724624720633 -0.8010533011550123 0.5288713369015272
vn -0.3687156734919202 -0.6970887865383641 0.6149113560537572
vn -0.333849764491688 -0.7998922972878894 0.4987149962537195
vn -0.333849764491688 -0.7998922972878894 0.4987149962537195
vn -0.3687156734919202 -0.6970887865383641 0.6149113560537572
vn -0.4300637140427629 -0.6960881181652007 0.5748969765209888
vn -0.333849764491688 -0.7998922972878894 0.4987149962537195
vn -0.4300637140427629 -0.6960881181652007 0.5748969765209888
vn -0.3831370918643113 -0.799921797190253 0.4618777838537745
vn -0.3831370918643113 -0.799921797190253 0.4618777838537745
vn -0.4300637140427629 -0.6960881181652007 0.5748969765209888
vn -0.4863896208588895 -0.6963745159265333 0.5277193101344995
vn -0.3831370918643113 -0.799921797190253 0.4618777838537745
vn -0.4863896208588895 -0.6963745159265333 0.5277193101344995
vn -0.4276055145369227 -0.8010276031691875 0.41893711091122043
vn -0.4276055145369227 -0.8010276031691875 0.41893711091122043
vn -0.4863896208588895 -0.6963745159265333 0.5277193101344995
vn -0.5370648914418858 -0.6978095953886044 0.4739441643950347
vn -0.4276055145369227 -0.8010276031691875 0.41893711091122043
vn -0.5370648914418858 -0.6978095953886044 0.4739441643950347
vn -0.4666704843102274 -0.8030727981297383 0.370530349604092
vn -0.03660584949880252 -0.8951104793241765 0.4443391065239634
vn -0.10379360790580741 -0.812341585432233 0.5738710966195649
vn -0.0841596719941363 -0.8911473307770211 0.4458403127340885
vn -0.0841596719941363 -0.8911473307770211 0.4458403127340885
vn -0.10379360790580741 -0.812341585432233 0.5738710966195649
vn -0.16373079816363414 -0.8072909800532665 0.5669863307499889
vn -0.0841596719941363 -0.8911473307770211 0.4458403127340885
vn -0.16373079816363414 -0.8072909800532665 0.5669863307499889
vn -0.13234037153598951 -0.8880267932059547 0.4403344644813362
vn -0.13234037153598951 -0.8880267932059547 0.4403344644813362
vn -0.16373079816363414 -0.8072909800532665 0.5669863307499889
vn -0.22339993776918216 -0.8034964517110188 0.5518024283133665
vn -0.13234037153598951 -0.8880267932059547 0.4403344644813362
vn -0.22339993776918216 -0.8034964517110188 0.5518024283133665
vn -0.17902460523237065 -0.8858712215904263 0.4279980951818358
vn -0.17902460523237065 -0.8858712215904263 0.4279980951818358
vn -0.22339993776918216 -0.8034964517110188 0.5518024283133665
vn -0.2803724624720633 -0.8010533011550123 0.5288713369015272
vn -0.17902460523237065 -0.8858712215904263 0.4279980951818358
vn -0.2803724624720633 -0.8010533011550123 0.5288713369015272
vn -0.2233884840986846 -0.8846670649391504 0.4092209297971465
vn -0.2233884840986846 -0.8846670649391504 0.4092209297971465
vn -0.2803724624720633 -0.8010533011550123 0.5288713369015272
vn -0.333849764491688 -0.7998922972878894 0.4987149962537195
vn -0.2233884840986846 -0.8846670649391504 0.4092209297971465
vn -0.333849764491688 -0.7998922972878894 0.4987149962537195
vn -0.2647201322064668 -0.8843737708492233 0.3844558297626872
vn -0.2647201322064668 -0.8843737708492233 0.3844558297626872
vn -0.333849764491688 -0.7998922972878894 0.4987149962537195
vn -0.3831370918643113 -0.799921797190253 0.4618777838537745
vn -0.2647201322064668 -0.8843737708492233 0.3844558297626872
vn -0.3831370918643113 -0.799921797190253 0.4618777838537745
vn -0.30239509897449796 -0.8849244019162665 0.3542118109399259
vn -0.30239509897449796 -0.8849244019162665 0.3542118109399259
vn -0.3831370918643113 -0.799921797190253 0.4618777838537745
vn -0.4276055145369227 -0.8010276031691875 0.41893711091122043
vn -0.30239509897449796 -0.8849244019162665 0.3542118109399259
vn -0.4276055145369227 -0.8010276031691875 0.41893711091122043
vn -0.33586029491404573 -0.8862264367459828 0.3190620082566535
vn -0.33586029491404573 -0.8862264367459828 0.3190620082566535
vn -0.4276055145369227 -0.8010276031691875 0.41893711091122043
vn -0.4666704843102274 -0.8030727981297383 0.370530349604092
vn -0.33586029491404573 -0.8862264367459828 0.3190620082566535
vn -0.4666704843102274 -0.8030727981297383 0.370530349604092
vn -0.36463114787989653 -0.8881639641829067 0.27965853951326697
vn 0.03567672915217557 -0.953194718587682 0.30024489912994695
vn -0.03660584949880252 -0.8951104793241765 0.4443391065239634
vn 0.0023852501230723373 -0.9507470303401576 0.3099586986700353
vn 0.0023852501230723373 -0.9507470303401576 0.3099586986700353
vn -0.03660584949880252 -0.8951104793241765 0.4443391065239634
vn -0.0841596719941363 -0.8911473307770211 0.4458403127340885
vn 0.0023852501230723373 -0.9507470303401576 0.3099586986700353
vn -0.0841596719941363 -0.8911473307770211 0.4458403127340885
vn -0.03251934170036151 -0.9486968576970483 0.3145103569218693
vn -0.03251934170036151 -0.9486968576970483 0.3145103569218693
vn -0.0841596719941363 -0.8911473307770211 0.4458403127340885
vn -0.13234037153598951 -0.8880267932059547 0.4403344644813362
vn -0.03251934170036151 -0.9486968576970483 0.3145103569218693
vn -0.13234037153598951 -0.8880267932059547 0.4403344644813362
vn -0.06736900060398379 -0.9471527391542142 0.31362893117550467
vn -0.06736900060398379 -0.9471527391542142 0.31362893117550467
vn -0.13234037153598951 -0.8880267932059547 0.4403344644813362
vn -0.17902460523237065 -0.8858712215904263 0.4279980951818358
vn -0.06736900060398379 -0.9471527391542142 0.31362893117550467
vn -0.17902460523237065 -0.8858712215904263 0.4279980951818358
vn -0.1013857397022788 -0.9461403958069108 0.3074724104815975
vn -0.1013857397022788 -0.9461403958069108 0.3074724104815975
vn -0.17902460523237065 -0.8858712215904263 0.4279980951818358
vn -0.2233884840986846 -0.8846670649391504 0.4092209297971465
vn -0.1013857397022788 -0.9461403958069108 0.3074724104815975
vn -0.2233884840986846 -0.8846670649391504 0.4092209297971465
vn -0.13388157442169835 -0.9456660940150551 0.2962960726379551
vn -0.13388157442169835 -0.9456660940150551 0.2962960726379551
vn -0.2233884840986846 -0.8846670649391504 0.4092209297971465
vn -0.2647201322064668 -0.8843737708492233 0.3844558297626872
vn -0.13388157442169835 -0.9456660940150551 0.2962960726379551
vn -0.2647201322064668 -0.8843737708492233 0.3844558297626872
vn -0.16425054101479605 -0.9457153824906224 0.28043568798739354
vn -0.16425054101479605 -0.9457153824906224 0.28043568798739354
vn -0.2647201322064668 -0.8843737708492233 0.3844558297626872
vn -0.30239509897449796 -0.8849244019162665 0.3542118109399259
vn -0.16425054101479605 -0.9457153824906224 0.28043568798739354
vn -0.30239509897449796 -0.8849244019162665 0.3542118109399259
vn -0.19196177003652626 -0.9462526173949928 0.2603011004924288
vn -0.19196177003652626 -0.9462526173949928 0.2603011004924288
vn -0.30239509897449796 -0.8849244019162665 0.3542118109399259
vn -0.33586029491404573 -0.8862264367459828 0.3190620082566535
vn -0.19196177003652626 -0.9462526173949928 0.2603011004924288
vn -0.33586029491404573 -0.8862264367459828 0.3190620082566535
vn -0.21655763092635918 -0.9472217326478194 0.23637635602408713
vn -0.21655763092635918 -0.9472217326478194 0.23637635602408713
vn -0.33586029491404573 -0.8862264367459828 0.3190620082566535
vn -0.36463114787989653 -0.8881639641829067 0.27965853951326697
vn 0.11493414517954793 -0.9842921901628005 0.13401129301803014
vn 0.03567672915217557 -0.953194718587682 0.30024489912994695
vn 0.09867076551085874 -0.9834663832419338 0.15184845427771407
vn 0.09867076551085874 -0.9834663832419338 0.15184845427771407
vn 0.03567672915217557 -0.953194718587682 0.30024489912994695
vn 0.0023852501230723373 -0.9507470303401576 0.3099586986700353
vn 0.09867076551085874 -0.9834663832419338 0.15184845427771407
vn 0.0023852501230723373 -0.9507470303401576 0.3099586986700353
vn 0.07975123965149687 -0.9827182108933519 0.16704687292080347
vn 0.07975123965149687 -0.9827182108933519 0.16704687292080347
vn 0.0023852501230723373 -0.9507470303401576 0.3099586986700353
vn -0.03251934170036151 -0.9486968576970483 0.3145103569218693
vn 0.07975123965149687 -0.9827182108933519 0.16704687292080347
vn -0.03251934170036151 -0.9486968576970483 0.3145103569218693
vn 0.059182919079464415 -0.9820973740091001 0.17883548320639156
vn 0.059182919079464415 -0.9820973740091001 0.17883548320639156
vn -0.03251934170036151 -0.9486968576970483 0.3145103569218693
vn -0.06736900060398379 -0.9471527391542142 0.31362893117550467
vn 0.059182919079464415 -0.9820973740091001 0.17883548320639156
vn -0.06736900060398379 -0.9471527391542142 0.31362893117550467
vn 0.037592899391871694 -0.9816319168501747 0.18704425609027425
vn 0.037592899391871694 -0.9816319168501747 0.18704425609027425
vn -0.06736900060398379 -0.9471527391542142 0.31362893117550467
vn -0.1013857397022788 -0.9461403958069108 0.3074724104815975
vn 0.037592899391871694 -0.9816319168501747 0.18704425609027425
vn -0.1013857397022788 -0.9461403958069108 0.3074724104815975
vn 0.01557565012002244 -0.9813466121845146 0.19161478512190697
vn 0.01557565012002244 -0.9813466121845146 0.19161478512190697
vn -0.1013857397022788 -0.9461403958069108 0.3074724104815975
vn -0.13388157442169835 -0.9456660940150551 0.2962960726379551
vn 0.01557565012002244 -0.9813466121845146 0.19161478512190697
vn -0.13388157442169835 -0.9456660940150551 0.2962960726379551
vn -0.006316310158155006 -0.9812600693781147 0.19258447619173127
vn -0.006316310158155006 -0.9812600693781147 0.19258447619173127
vn -0.13388157442169835 -0.9456660940150551 0.2962960726379551
vn -0.16425054101479605 -0.9457153824906224 0.28043568798739354
vn -0.006316310158155006 -0.9812600693781147 0.19258447619173127
vn -0.16425054101479605 -0.9457153824906224 0.28043568798739354
vn -0.027577269585340815 -0.9813820828987598 0.1900755154340223
vn -0.027577269585340815 -0.9813820828987598 0.1900755154340223
vn -0.16425054101479605 -0.9457153824906224 0.28043568798739354
vn -0.19196177003652626 -0.9462526173949928 0.2603011004924288
vn -0.027577269585340815 -0.9813820828987598 0.1900755154340223
vn -0.19196177003652626 -0.9462526173949928 0.2603011004924288
vn -0.0477520980418751 -0.9817116342013046 0.18428783032637566
vn -0.0477520980418751 -0.9817116342013046 0.18428783032637566
vn -0.19196177003652626 -0.9462526173949928 0.2603011004924288
vn -0.21655763092635918 -0.9472217326478194 0.23637635602408713
vn 0.19073770753763997 -0.9809130215074637 -0.03779908941209651
vn 0.11493414517954793 -0.9842921901628005 0.13401129301803014
vn 0.1925729018336707 -0.9811979063626233 -0.012897520264150574
vn 0.1925729018336707 -0.9811979063626233 -0.012897520264150574
vn 0.11493414517954793 -0.9842921901628005 0.13401129301803014
vn 0.09867076551085874 -0.9834663832419338 0.15184845427771407
vn 0.1925729018336707 -0.9811979063626233 -0.012897520264150574
vn 0.09867076551085874 -0.9834663832419338 0.15184845427771407
vn 0.19087275998121145 -0.9815388251902039 0.012211639586439582
vn 0.19087275998121145 -0.9815388251902039 0.012211639586439582
vn 0.09867076551085874 -0.9834663832419338 0.15184845427771407
vn 0.07975123965149687 -0.9827182108933519 0.16704687292080347
vn 0.19087275998121145 -0.9815388251902039 0.012211639586439582
vn 0.07975123965149687 -0.9827182108933519 0.16704687292080347
vn 0.18585380720444503 -0.9819062130067339 0.03631186040934143
vn 0.18585380720444503 -0.9819062130067339 0.03631186040934143
vn 0.07975123965149687 -0.9827182108933519 0.16704687292080347
vn 0.059182919079464415 -0.9820973740091001 0.17883548320639156
vn 0.18585380720444503 -0.9819062130067339 0.03631186040934143
vn 0.059182919079464415 -0.9820973740091001 0.17883548320639156
vn 0.17789323964883277 -0.9822859279205113 0.05889270834817545
vn 0.17789323964883277 -0.9822859279205113 0.05889270834817545
vn 0.059182919079464415 -0.9820973740091001 0.17883548320639156
vn 0.037592899391871694 -0.9816319168501747 0.18704425609027425
vn 0.17789323964883277 -0.9822859279205113 0.05889270834817545
vn 0.037592899391871694 -0.9816319168501747 0.18704425609027425
vn 0.1674104501189383 -0.9826735695312154 0.07953865057790382
vn 0.1674104501189383 -0.9826735695312154 0.07953865057790382
vn 0.037592899391871694 -0.9816319168501747 0.18704425609027425
vn 0.01557565012002244 -0.9813466121845146 0.19161478512190697
vn 0.1674104501189383 -0.9826735695312154 0.07953865057790382
vn 0.01557565012002244 -0.9813466121845146 0.19161478512190697
vn 0.15484690958509528 -0.9830735201447919 0.09792287057716748
vn 0.15484690958509528 -0.9830735201447919 0.09792287057716748
vn 0.01557565012002244 -0.9813466121845146 0.19161478512190697
vn -0.006316310158155006 -0.9812600693781147 0.19258447619173127
vn 0.15484690958509528 -0.9830735201447919 0.09792287057716748
vn -0.006316310158155006 -0.9812600693781147 0.19258447619173127
vn 0.14065255551660827 -0.9834968837192695 0.11380131080586706
vn 0.14065255551660827 -0.9834968837192695 0.11380131080586706
vn -0.006316310158155006 -0.9812600693781147 0.19258447619173127
vn -0.027577269585340815 -0.9813820828987598 0.1900755154340223
vn 0.14065255551660827 -0.9834968837192695 0.11380131080586706
vn -0.027577269585340815 -0.9813820828987598 0.1900755154340223
vn 0.12527607488737222 -0.9839587065355277 0.12700853866470832
vn 0.12527607488737222 -0.9839587065355277 0.12700853866470832
vn -0.027577269585340815 -0.9813820828987598 0.1900755154340223
vn -0.0477520980418751 -0.9817116342013046 0.18428783032637566
vn 0.25750350151162194 -0.9435139934783542 -0.20850249595576123
vn 0.19073770753763997 -0.9809130215074637 -0.03779908941209651
vn 0.2776363251122158 -0.9440992971634757 -0.17774866546226173
vn 0.2776363251122158 -0.9440992971634757 -0.17774866546226173
vn 0.19073770753763997 -0.9809130215074637 -0.03779908941209651
vn 0.1925729018336707 -0.9811979063626233 -0.012897520264150574
vn 0.2776363251122158 -0.9440992971634757 -0.17774866546226173
vn 0.1925729018336707 -0.9811979063626233 -0.012897520264150574
vn 0.2936402037978933 -0.9450157482807193 -0.14394674784434672
vn 0.2936402037978933 -0.9450157482807193 -0.14394674784434672
vn 0.1925729018336707 -0.9811979063626233 -0.012897520264150574
vn 0.19087275998121145 -0.9815388251902039 0.012211639586439582
vn 0.2936402037978933 -0.9450157482807193 -0.14394674784434672
vn 0.19087275998121145 -0.9815388251902039 0.012211639586439582
vn 0.3049013817860251 -0.9461665678880823 -0.10864609148910633
vn 0.3049013817860251 -0.9461665678880823 -0.10864609148910633
vn 0.19087275998121145 -0.9815388251902039 0.012211639586439582
vn 0.18585380720444503 -0.9819062130067339 0.03631186040934143
vn 0.3049013817860251 -0.9461665678880823 -0.10864609148910633
vn 0.18585380720444503 -0.9819062130067339 0.03631186040934143
vn 0.3114888660951774 -0.9474699670316621 -0.07263159004015962
vn 0.3114888660951774 -0.9474699670316621 -0.07263159004015962
vn 0.18585380720444503 -0.9819062130067339 0.03631186040934143
vn 0.17789323964883277 -0.9822859279205113 0.05889270834817545
vn 0.3114888660951774 -0.9474699670316621 -0.07263159004015962
vn 0.17789323964883277 -0.9822859279205113 0.05889270834817545
vn 0.3135776288369087 -0.9488556548074724 -0.03663355064561598
vn 0.3135776288369087 -0.9488556548074724 -0.03663355064561598
vn 0.17789323964883277 -0.9822859279205113 0.05889270834817545
vn 0.1674104501189383 -0.9826735695312154 0.07953865057790382
vn 0.3135776288369087 -0.9488556548074724 -0.03663355064561598
vn 0.1674104501189383 -0.9826735695312154 0.07953865057790382
vn 0.31142721060608736 -0.9502690852196425 -0.001325960005370867
vn 0.31142721060608736 -0.9502690852196425 -0.001325960005370867
vn 0.1674104501189383 -0.9826735695312154 0.07953865057790382
vn 0.15484690958509528 -0.9830735201447919 0.09792287057716748
vn 0.31142721060608736 -0.9502690852196425 -0.001325960005370867
vn 0.15484690958509528 -0.9830735201447919 0.09792287057716748
vn 0.3053677245996961 -0.9516737579413017 0.03267432047778457
vn 0.3053677245996961 -0.9516737579413017 0.03267432047778457
vn 0.15484690958509528 -0.9830735201447919 0.09792287057716748
vn 0.14065255551660827 -0.9834968837192695 0.11380131080586706
vn 0.3053677245996961 -0.9516737579413017 0.03267432047778457
vn 0.14065255551660827 -0.9834968837192695 0.11380131080586706
vn 0.295790712605995 -0.953051612173844 0.06481110143235198
vn 0.295790712605995 -0.953051612173844 0.06481110143235198
vn 0.14065255551660827 -0.9834968837192695 0.11380131080586706
vn 0.12527607488737222 -0.9839587065355277 0.12700853866470832
vn 0.3097687727577815 -0.8748533648235303 -0.37239078597769454
vn 0.25750350151162194 -0.9435139934783542 -0.20850249595576123
vn 0.34759022958482005 -0.8749547878829778 -0.33709813327549787
vn 0.34759022958482005 -0.8749547878829778 -0.33709813327549787
vn 0.25750350151162194 -0.9435139934783542 -0.20850249595576123
vn 0.2776363251122158 -0.9440992971634757 -0.17774866546226173
vn 0.34759022958482005 -0.8749547878829778 -0.33709813327549787
vn 0.2776363251122158 -0.9440992971634757 -0.17774866546226173
vn 0.3810319951003484 -0.8758254357999538 -0.29621685420594984
vn 0.3810319951003484 -0.8758254357999538 -0.29621685420594984
vn 0.2776363251122158 -0.9440992971634757 -0.17774866546226173
vn 0.2936402037978933 -0.9450157482807193 -0.14394674784434672
vn 0.3810319951003484 -0.8758254357999538 -0.29621685420594984
vn 0.2936402037978933 -0.9450157482807193 -0.14394674784434672
vn 0.40870552965451046 -0.8773321726926859 -0.25149164755147857
vn 0.40870552965451046 -0.8773321726926859 -0.25149164755147857
vn 0.2936402037978933 -0.9450157482807193 -0.14394674784434672
vn 0.3049013817860251 -0.9461665678880823 -0.10864609148910633
vn 0.40870552965451046 -0.8773321726926859 -0.25149164755147857
vn 0.3049013817860251 -0.9461665678880823 -0.10864609148910633
vn 0.4303729307683177 -0.8793283965841706 -0.20386444374289583
vn 0.4303729307683177 -0.8793283965841706 -0.20386444374289583
vn 0.3049013817860251 -0.9461665678880823 -0.10864609148910633
vn 0.3114888660951774 -0.9474699670316621 -0.07263159004015962
vn 0.4303729307683177 -0.8793283965841706 -0.20386444374289583
vn 0.3114888660951774 -0.9474699670316621 -0.07263159004015962
vn 0.4459325709178784 -0.8816720420458379 -0.15426779466010934
vn 0.4459325709178784 -0.8816720420458379 -0.15426779466010934
vn 0.3114888660951774 -0.9474699670316621 -0.07263159004015962
vn 0.3135776288369087 -0.9488556548074724 -0.03663355064561598
vn 0.4459325709178784 -0.8816720420458379 -0.15426779466010934
vn 0.3135776288369087 -0.9488556548074724 -0.03663355064561598
vn 0.45540232311535706 -0.8842342887131356 -0.10362647714320397
vn 0.45540232311535706 -0.8842342887131356 -0.10362647714320397
vn 0.3135776288369087 -0.9488556548074724 -0.03663355064561598
vn 0.31142721060608736 -0.9502690852196425 -0.001325960005370867
vn 0.45540232311535706 -0.8842342887131356 -0.10362647714320397
vn 0.31142721060608736 -0.9502690852196425 -0.001325960005370867
vn 0.4589144240533062 -0.8869067587692494 -0.052857853203160124
vn 0.4589144240533062 -0.8869067587692494 -0.052857853203160124
vn 0.31142721060608736 -0.9502690852196425 -0.001325960005370867
vn 0.3053677245996961 -0.9516737579413017 0.03267432047778457
vn 0.4589144240533062 -0.8869067587692494 -0.052857853203160124
vn 0.3053677245996961 -0.9516737579413017 0.03267432047778457
vn 0.45671728326344985 -0.8896072816551095 -0.0028648899909835207
vn 0.45671728326344985 -0.8896072816551095 -0.0028648899909835207
vn 0.3053677245996961 -0.9516737579413017 0.03267432047778457
vn 0.295790712605995 -0.953051612173844 0.06481110143235198
vn 0.34230839333866675 -0.7789282353589065 -0.5254481592037032
vn 0.3097687727577815 -0.8748533648235303 -0.37239078597769454
vn 0.3966144485279944 -0.7780516665137227 -0.4871679212079279
vn 0.3966144485279944 -0.7780516665137227 -0.4871679212079279
vn 0.3097687727577815 -0.8748533648235303 -0.37239078597769454
vn 0.34759022958482005 -0.8749547878829778 -0.33709813327549787
vn 0.3966144485279944 -0.7780516665137227 -0.4871679212079279
vn 0.34759022958482005 -0.8749547878829778 -0.33709813327549787
vn 0.446629421928899 -0.7783534452269926 -0.44123471505620304
vn 0.446629421928899 -0.7783534452269926 -0.44123471505620304
vn 0.34759022958482005 -0.8749547878829778 -0.33709813327549787
vn 0.3810319951003484 -0.8758254357999538 -0.29621685420594984
vn 0.446629421928899 -0.7783534452269926 -0.44123471505620304
vn 0.3810319951003484 -0.8758254357999538 -0.29621685420594984
vn 0.4903101273956321 -0.7796946597169271 -0.38945117355348174
vn 0.4903101273956321 -0.7796946597169271 -0.38945117355348174
vn 0.3810319951003484 -0.8758254357999538 -0.29621685420594984
vn 0.40870552965451046 -0.8773321726926859 -0.25149164755147857
vn 0.4903101273956321 -0.7796946597169271 -0.38945117355348174
vn 0.40870552965451046 -0.8773321726926859 -0.25149164755147857
vn 0.5271652225641603 -0.7818880468522773 -0.33278808618760725
vn 0.5271652225641603 -0.7818880468522773 -0.33278808618760725
vn 0.40870552965451046 -0.8773321726926859 -0.25149164755147857
vn 0.4303729307683177 -0.8793283965841706 -0.20386444374289583
vn 0.5271652225641603 -0.7818880468522773 -0.33278808618760725
vn 0.4303729307683177 -0.8793283965841706 -0.20386444374289583
vn 0.5568317331087513 -0.7847445562806254 -0.2722396047437419
vn 0.5568317331087513 -0.7847445562806254 -0.2722396047437419
vn 0.4303729307683177 -0.8793283965841706 -0.20386444374289583
vn 0.4459325709178784 -0.8816720420458379 -0.15426779466010934
vn 0.5568317331087513 -0.7847445562806254 -0.2722396047437419
vn 0.4459325709178784 -0.8816720420458379 -0.15426779466010934
vn 0.5790620779966313 -0.7880817380848403 -0.20884033117049108
vn 0.5790620779966313 -0.7880817380848403 -0.20884033117049108
vn 0.4459325709178784 -0.8816720420458379 -0.15426779466010934
vn 0.45540232311535706 -0.8842342887131356 -0.10362647714320397
vn 0.5790620779966313 -0.7880817380848403 -0.20884033117049108
vn 0.45540232311535706 -0.8842342887131356 -0.10362647714320397
vn 0.5937303056998628 -0.7917326215467599 -0.14367943510552358
vn 0.5937303056998628 -0.7917326215467599 -0.14367943510552358
vn 0.45540232311535706 -0.8842342887131356 -0.10362647714320397
vn 0.4589144240533062 -0.8869067587692494 -0.052857853203160124
vn 0.5937303056998628 -0.7917326215467599 -0.14367943510552358
vn 0.4589144240533062 -0.8869067587692494 -0.052857853203160124
vn 0.6008526470520266 -0.7955547909267453 -0.07790167625972676
vn 0.6008526470520266 -0.7955547909267453 -0.07790167625972676
vn 0.4589144240533062 -0.8869067587692494 -0.052857853203160124
vn 0.45671728326344985 -0.8896072816551095 -0.0028648899909835207
vn 0.35006019213270795 -0.6597522664163535 -0.6649697803979489
vn 0.34230839333866675 -0.7789282353589065 -0.5254481592037032
vn 0.41922179490748196 -0.657807530144593 -0.6257334416184095
vn 0.41922179490748196 -0.657807530144593 -0.6257334416184095
vn 0.34230839333866675 -0.7789282353589065 -0.5254481592037032
vn 0.3966144485279944 -0.7780516665137227 -0.4871679212079279
vn 0.41922179490748196 -0.657807530144593 -0.6257334416184095
vn 0.3966144485279944 -0.7780516665137227 -0.4871679212079279
vn 0.4844861922705492 -0.6572553169678402 -0.5773115084741411
vn 0.4844861922705492 -0.6572553169678402 -0.5773115084741411
vn 0.3966144485279944 -0.7780516665137227 -0.4871679212079279
vn 0.446629421928899 -0.7783534452269926 -0.44123471505620304
vn 0.4844861922705492 -0.6572553169678402 -0.5773115084741411
vn 0.446629421928899 -0.7783534452269926 -0.44123471505620304
vn 0.5433017933275325 -0.6579712460334429 -0.5214374370528888
vn 0.5433017933275325 -0.6579712460334429 -0.5214374370528888
vn 0.446629421928899 -0.7783534452269926 -0.44123471505620304
vn 0.4903101273956321 -0.7796946597169271 -0.38945117355348174
vn 0.5433017933275325 -0.6579712460334429 -0.5214374370528888
vn 0.4903101273956321 -0.7796946597169271 -0.38945117355348174
vn 0.5950067566536646 -0.6597598318045662 -0.45900318503655
vn 0.5950067566536646 -0.6597598318045662 -0.45900318503655
vn 0.4903101273956321 -0.7796946597169271 -0.38945117355348174
vn 0.5271652225641603 -0.7818880468522773 -0.33278808618760725
vn 0.5950067566536646 -0.6597598318045662 -0.45900318503655
vn 0.5271652225641603 -0.7818880468522773 -0.33278808618760725
vn 0.6390326154726863 -0.6624246055688386 -0.39093600281773283
vn 0.6390326154726863 -0.6624246055688386 -0.39093600281773283
vn 0.5271652225641603 -0.7818880468522773 -0.33278808618760725
vn 0.5568317331087513 -0.7847445562806254 -0.2722396047437419
vn 0.6390326154726863 -0.6624246055688386 -0.39093600281773283
vn 0.5568317331087513 -0.7847445562806254 -0.2722396047437419
vn 0.6748878446769747 -0.6657717863709057 -0.3182362731992704
vn 0.6748878446769747 -0.6657717863709057 -0.3182362731992704
vn 0.5568317331087513 -0.7847445562806254 -0.2722396047437419
vn 0.5790620779966313 -0.7880817380848403 -0.20884033117049108
vn 0.6748878446769747 -0.6657717863709057 -0.3182362731992704
vn 0.5790620779966313 -0.7880817380848403 -0.20884033117049108
vn 0.7021702642395445 -0.6696160189351357 -0.24201509705641916
vn 0.7021702642395445 -0.6696160189351357 -0.24201509705641916
vn 0.5790620779966313 -0.7880817380848403 -0.20884033117049108
vn 0.5937303056998628 -0.7917326215467599 -0.14367943510552358
vn 0.7021702642395445 -0.6696160189351357 -0.24201509705641916
vn 0.5937303056998628 -0.7917326215467599 -0.14367943510552358
vn 0.7206052933223862 -0.6737882019107551 -0.16351596314008404
vn 0.7206052933223862 -0.6737882019107551 -0.16351596314008404
vn 0.5937303056998628 -0.7917326215467599 -0.14367943510552358
vn 0.6008526470520266 -0.7955547909267453 -0.07790167625972676
vn 0.3290125742695844 -0.5208061736762999 -0.7877256219224769
vn 0.35006019213270795 -0.6597522664163535 -0.6649697803979489
vn 0.4108965690264261 -0.5181010446192186 -0.7501568616807994
vn 0.4108965690264261 -0.5181010446192186 -0.7501568616807994
vn 0.35006019213270795 -0.6597522664163535 -0.6649697803979489
vn 0.41922179490748196 -0.657807530144593 -0.6257334416184095
vn 0.4108965690264261 -0.5181010446192186 -0.7501568616807994
vn 0.41922179490748196 -0.657807530144593 -0.6257334416184095
vn 0.48953206056883064 -0.5167192940666482 -0.7023955671945116
vn 0.48953206056883064 -0.5167192940666482 -0.7023955671945116
vn 0.41922179490748196 -0.657807530144593 -0.6257334416184095
vn 0.4844861922705492 -0.6572553169678402 -0.5773115084741411
vn 0.48953206056883064 -0.5167192940666482 -0.7023955671945116
vn 0.4844861922705492 -0.6572553169678402 -0.5773115084741411
vn 0.5620113804402582 -0.5165620849909156 -0.6459928951664048
vn 0.5620113804402582 -0.5165620849909156 -0.6459928951664048
vn 0.4844861922705492 -0.6572553169678402 -0.5773115084741411
vn 0.5433017933275325 -0.6579712460334429 -0.5214374370528888
vn 0.5620113804402582 -0.5165620849909156 -0.6459928951664048
vn 0.5433017933275325 -0.6579712460334429 -0.5214374370528888
vn 0.6275940569214172 -0.5174561579867186 -0.581691347948842
vn 0.6275940569214172 -0.5174561579867186 -0.581691347948842
vn 0.5433017933275325 -0.6579712460334429 -0.5214374370528888
vn 0.5950067566536646 -0.6597598318045662 -0.45900318503655
vn 0.6275940569214172 -0.5174561579867186 -0.581691347948842
vn 0.5950067566536646 -0.6597598318045662 -0.45900318503655
vn 0.6855880796104584 -0.5192348524757117 -0.5102589078796859
vn 0.6855880796104584 -0.5192348524757117 -0.5102589078796859
vn 0.5950067566536646 -0.6597598318045662 -0.45900318503655
vn 0.6390326154726863 -0.6624246055688386 -0.39093600281773283
vn 0.6855880796104584 -0.5192348524757117 -0.5102589078796859
vn 0.6390326154726863 -0.6624246055688386 -0.39093600281773283
vn 0.735321181454699 -0.5217354469824064 -0.43254466066076275
vn 0.735321181454699 -0.5217354469824064 -0.43254466066076275
vn 0.6390326154726863 -0.6624246055688386 -0.39093600281773283
vn 0.6748878446769747 -0.6657717863709057 -0.3182362731992704
vn 0.735321181454699 -0.5217354469824064 -0.43254466066076275
vn 0.6748878446769747 -0.6657717863709057 -0.3182362731992704
vn 0.7761486977549881 -0.5247990144969269 -0.3495414043518889
vn 0.7761486977549881 -0.5247990144969269 -0.3495414043518889
vn 0.6748878446769747 -0.6657717863709057 -0.3182362731992704
vn 0.7021702642395445 -0.6696160189351357 -0.24201509705641916
vn 0.7761486977549881 -0.5247990144969269 -0.3495414043518889
vn 0.7021702642395445 -0.6696160189351357 -0.24201509705641916
vn 0.8074985592193361 -0.5282739315411125 -0.26243614482916033
vn 0.8074985592193361 -0.5282739315411125 -0.26243614482916033
vn 0.7021702642395445 -0.6696160189351357 -0.24201509705641916
vn 0.7206052933223862 -0.6737882019107551 -0.16351596314008404
vn 0.28079402572776235 -0.3660617782635508 -0.8872167094966843
vn 0.3290125742695844 -0.5208061736762999 -0.7877256219224769
vn 0.3724114122582691 -0.36326765946360945 -0.854017767735328
vn 0.3724114122582691 -0.36326765946360945 -0.854017767735328
vn 0.3290125742695844 -0.5208061736762999 -0.7877256219224769
vn 0.4108965690264261 -0.5181010446192186 -0.7501568616807994
vn 0.3724114122582691 -0.36326765946360945 -0.854017767735328
vn 0.4108965690264261 -0.5181010446192186 -0.7501568616807994
vn 0.4615734063242901 -0.3614559144532018 -0.8101232082103261
vn 0.4615734063242901 -0.3614559144532018 -0.8101232082103261
vn 0.4108965690264261 -0.5181010446192186 -0.7501568616807994
vn 0.48953206056883064 -0.5167192940666482 -0.7023955671945116
vn 0.4615734063242901 -0.3614559144532018 -0.8101232082103261
vn 0.48953206056883064 -0.5167192940666482 -0.7023955671945116
vn 0.5451728479522036 -0.36055786398621303 -0.7568253382210345
vn 0.5451728479522036 -0.36055786398621303 -0.7568253382210345
vn 0.48953206056883064 -0.5167192940666482 -0.7023955671945116
vn 0.5620113804402582 -0.5165620849909156 -0.6459928951664048
vn 0.5451728479522036 -0.36055786398621303 -0.7568253382210345
vn 0.5620113804402582 -0.5165620849909156 -0.6459928951664048
vn 0.6224774656408458 -0.36044525754583945 -0.6946949122327463
vn 0.6224774656408458 -0.36044525754583945 -0.6946949122327463
vn 0.5620113804402582 -0.5165620849909156 -0.6459928951664048
vn 0.6275940569214172 -0.5174561579867186 -0.581691347948842
vn 0.6224774656408458 -0.36044525754583945 -0.6946949122327463
vn 0.6275940569214172 -0.5174561579867186 -0.581691347948842
vn 0.6927644236530603 -0.36100470914953525 -0.6243020529299119
vn 0.6927644236530603 -0.36100470914953525 -0.6243020529299119
vn 0.6275940569214172 -0.5174561579867186 -0.581691347948842
vn 0.6855880796104584 -0.5192348524757117 -0.5102589078796859
vn 0.6927644236530603 -0.36100470914953525 -0.6243020529299119
vn 0.6855880796104584 -0.5192348524757117 -0.5102589078796859
vn 0.755274675363219 -0.3621304403566314 -0.5462798814912521
vn 0.755274675363219 -0.3621304403566314 -0.5462798814912521
vn 0.6855880796104584 -0.5192348524757117 -0.5102589078796859
vn 0.735321181454699 -0.5217354469824064 -0.43254466066076275
vn 0.755274675363219 -0.3621304403566314 -0.5462798814912521
vn 0.735321181454699 -0.5217354469824064 -0.43254466066076275
vn 0.8092055543289224 -0.363719789027652 -0.46140468778817345
vn 0.8092055543289224 -0.363719789027652 -0.46140468778817345
vn 0.735321181454699 -0.5217354469824064 -0.43254466066076275
vn 0.7761486977549881 -0.5247990144969269 -0.3495414043518889
vn 0.8092055543289224 -0.363719789027652 -0.46140468778817345
vn 0.7761486977549881 -0.5247990144969269 -0.3495414043518889
vn 0.8537473319190826 -0.3656720361626466 -0.37067432499393826
vn 0.8537473319190826 -0.3656720361626466 -0.37067432499393826
vn 0.7761486977549881 -0.5247990144969269 -0.3495414043518889
vn 0.8074985592193361 -0.5282739315411125 -0.26243614482916033
vn -0.7889294596414076 -0.1556651815115892 0.5944397858276989
vn -0.8467736009427802 -0.15575781741198078 0.5086393329869932
vn -0.8119360265054759 -0.3062722936423388 0.4969478554230415
vn -0.8119360265054759 -0.3062722936423388 0.4969478554230415
vn -0.8467736009427802 -0.15575781741198078 0.5086393329869932
vn -0.8595134174355444 -0.30739126928535604 0.4083470249866029
vn -0.8119360265054759 -0.3062722936423388 0.4969478554230415
vn -0.8595134174355444 -0.30739126928535604 0.4083470249866029
vn -0.8004586063799862 -0.4511206455739934 0.3946595781291944
vn -0.8957487923752893 -0.15596143153220596 0.41630533606072845
vn -0.8595134174355444 -0.30739126928535604 0.4083470249866029
vn -0.8467736009427802 -0.15575781741198078 0.5086393329869932
vn 0 -1 0
vn 0 -1 0
vn 0.30901699035215185 -0.9510565176022391 0
vn 0.30901699035215185 -0.9510565176022391 0
vn 0 -1 0
vn 0.30901699035215185 -0.9510565176022391 0
vn 0.30901699035215185 -0.9510565176022391 0
vn 0.30901699035215185 -0.9510565176022391 0
vn 0.5877852429667365 -0.8090170011504916 0
vn 0.5877852429667365 -0.8090170011504916 0
vn 0.30901699035215185 -0.9510565176022391 0
vn 0.5877852429667365 -0.8090170011504916 0
vn 0.5877852429667365 -0.8090170011504916 0
vn 0.5877852429667365 -0.8090170011504916 0
vn 0.8090170011504916 -0.5877852429667365 0
vn 0.8090170011504916 -0.5877852429667365 0
vn 0.5877852429667365 -0.8090170011504916 0
vn 0.8090170011504916 -0.5877852429667365 0
vn 0.8090170011504916 -0.5877852429667365 0
vn 0.8090170011504916 -0.5877852429667365 0
vn 0.9510565176022391 -0.30901699035215185 0
vn 0.9510565176022391 -0.30901699035215185 0
vn 0.8090170011504916 -0.5877852429667365 0
vn 0.9510565176022391 -0.30901699035215185 0
vn 0.9510565176022391 -0.30901699035215185 0
vn 0.9510565176022391 -0.30901699035215185 0
vn 1 0 0
vn 1 0 0
vn 0.9510565176022391 -0.30901699035215185 0
vn 1 0 0
vn 1 0 0
vn 1 0 0
vn 0.9510565176022391 0.30901699035215185 0
vn 0.9510565176022391 0.30901699035215185 0
vn 1 0 0
vn 0.9510565176022391 0.30901699035215185 0
vn 0.9510565176022391 0.30901699035215185 0
vn 0.9510565176022391 0.30901699035215185 0
vn 0.8090170011504916 0.5877852429667365 0
vn 0.8090170011504916 0.5877852429667365 0
vn 0.9510565176022391 0.30901699035215185 0
vn 0.8090170011504916 0.5877852429667365 0
vn 0.8090170011504916 0.5877852429667365 0
vn 0.8090170011504916 0.5877852429667365 0
vn 0.5877852429667365 0.8090170011504916 0
vn 0.5877852429667365 0.8090170011504916 0
vn 0.8090170011504916 0.5877852429667365 0
vn 0.5877852429667365 0.8090170011504916 0
vn 0.5877852429667365 0.8090170011504916 0
vn 0.5877852429667365 0.8090170011504916 0
vn 0.30901699035215185 0.9510565176022391 0
vn 0.30901699035215185 0.9510565176022391 0
vn 0.5877852429667365 0.8090170011504916 0
vn 0.30901699035215185 0.9510565176022391 0
vn 0.30901699035215185 0.9510565176022391 0
vn 0.30901699035215185 0.9510565176022391 0
vn 0 1 0
vn 0 1 0
vn 0.30901699035215185 0.9510565176022391 0
vn 0 1 0
vn 0 1 0
vn 0 1 0
vn 0 0.9396926178244733 -0.34202015146214465
vn 0 0.9396926178244733 -0.34202015146214465
vn 0 1 0
vn 0 0.9396926178244733 -0.34202015146214465
vn 0 0.9396926178244733 -0.34202015146214465
vn 0 0.9396926178244733 -0.34202015146214465
vn 0 0.7660444426892987 -0.6427876101986112
vn 0 0.7660444426892987 -0.6427876101986112
vn 0 0.9396926178244733 -0.34202015146214465
vn 0 0.7660444426892987 -0.6427876101986112
vn 0 0.7660444426892987 -0.6427876101986112
vn 0 0.7660444426892987 -0.6427876101986112
vn 0 0.5000000056982041 -0.866025400494579
vn 0 0.5000000056982041 -0.866025400494579
vn 0 0.7660444426892987 -0.6427876101986112
vn 0 0.5000000056982041 -0.866025400494579
vn 0 0.5000000056982041 -0.866025400494579
vn 0 0.5000000056982041 -0.866025400494579
vn 0 0.17364818783899005 -0.9848077512185995
vn 0 0.17364818783899005 -0.9848077512185995
vn 0 0.5000000056982041 -0.866025400494579
vn 0 0.17364818783899005 -0.9848077512185995
vn 0 0.17364818783899005 -0.9848077512185995
vn 0 0.17364818783899005 -0.9848077512185995
vn 0 -0.17364818783899005 -0.9848077512185995
vn 0 -0.17364818783899005 -0.9848077512185995
vn 0 0.17364818783899005 -0.9848077512185995
vn 0 -0.17364818783899005 -0.9848077512185995
vn 0 -0.17364818783899005 -0.9848077512185995
vn 0 -0.17364818783899005 -0.9848077512185995
vn 0 -0.5000000056982041 -0.866025400494579
vn 0 -0.5000000056982041 -0.866025400494579
vn 0 -0.17364818783899005 -0.9848077512185995
vn 0 -0.5000000056982041 -0.866025400494579
vn 0 -0.5000000056982041 -0.866025400494579
vn 0 -0.5000000056982041 -0.866025400494579
vn 0 -0.7660444426892987 -0.6427876101986112
vn 0 -0.7660444426892987 -0.6427876101986112
vn 0 -0.5000000056982041 -0.866025400494579
vn 0 -0.7660444426892987 -0.6427876101986112
vn 0 -0.7660444426892987 -0.6427876101986112
vn 0 -0.7660444426892987 -0.6427876101986112
vn 0 -0.9396926178244733 -0.34202015146214465
vn 0 -0.9396926178244733 -0.34202015146214465
vn 0 -0.7660444426892987 -0.6427876101986112
vn 0 -0.9396926178244733 -0.34202015146214465
vn 0 -0.9396926178244733 -0.34202015146214465
vn 0 -0.9396926178244733 -0.34202015146214465
vn 0 -1 0
vn 0 -1 0
vn 0 -0.9396926178244733 -0.34202015146214465
vn 0 -1 0
vn 0 -1 0
vn 0 -1 0
vn 0 -0.9396926178244733 0.34202015146214465
vn 0 -0.9396926178244733 0.34202015146214465
vn 0 -1 0
vn 0 -0.9396926178244733 0.34202015146214465
vn 0 -0.9396926178244733 0.34202015146214465
vn 0 -0.9396926178244733 0.34202015146214465
vn 0 -0.7660444426892987 0.6427876101986112
vn 0 -0.7660444426892987 0.6427876101986112
vn 0 -0.9396926178244733 0.34202015146214465
vn 0 -0.7660444426892987 0.6427876101986112
vn 0 -0.7660444426892987 0.6427876101986112
vn 0 -0.7660444426892987 0.6427876101986112
vn 0 -0.5000000056982041 0.866025400494579
vn 0 -0.5000000056982041 0.866025400494579
vn 0 -0.7660444426892987 0.6427876101986112
vn 0 -0.5000000056982041 0.866025400494579
vn 0 -0.5000000056982041 0.866025400494579
vn 0 -0.5000000056982041 0.866025400494579
vn 0 -0.17364818783899005 0.9848077512185995
vn 0 -0.17364818783899005 0.9848077512185995
vn 0 -0.5000000056982041 0.866025400494579
vn 0 -0.17364818783899005 0.9848077512185995
vn 0 -0.17364818783899005 0.9848077512185995
vn 0 -0.17364818783899005 0.9848077512185995
vn 0 0.17364818783899005 0.9848077512185995
vn 0 0.17364818783899005 0.9848077512185995
vn 0 -0.17364818783899005 0.9848077512185995
vn 0 0.17364818783899005 0.9848077512185995
vn 0 0.17364818783899005 0.9848077512185995
vn 0 0.17364818783899005 0.9848077512185995
vn 0 0.5000000056982041 0.866025400494579
vn 0 0.5000000056982041 0.866025400494579
vn 0 0.17364818783899005 0.9848077512185995
vn 0 0.5000000056982041 0.866025400494579
vn 0 0.5000000056982041 0.866025400494579
vn 0 0.5000000056982041 0.866025400494579
vn 0 0.7660444426892987 0.6427876101986112
vn 0 0.7660444426892987 0.6427876101986112
vn 0 0.5000000056982041 0.866025400494579
vn 0 0.7660444426892987 0.6427876101986112
vn 0 0.7660444426892987 0.6427876101986112
vn 0 0.7660444426892987 0.6427876101986112
vn 0 0.9396926178244733 0.34202015146214465
vn 0 0.9396926178244733 0.34202015146214465
vn 0 0.7660444426892987 0.6427876101986112
vn 0 0.9396926178244733 0.34202015146214465
vn 0 0.9396926178244733 0.34202015146214465
vn 0 0.9396926178244733 0.34202015146214465
vn 0 1 0
vn 0 1 0
vn 0 0.9396926178244733 0.34202015146214465
vn 0 1 0
vn -1 0 0
vn -1 0 0
vn -1 0 0
vn -1 0 0
vn -1 0 0
vn -1 0 0
vn -1 0 0
vn -1 0 0
vn -1 0 0
vn -1 0 0
vn -1 0 0
vn -1 0 0
vn -1 0 0
vn -1 0 0
vn -1 0 0
vn -1 0 0
vn -1 0 0
vn -1 0 0
vn -1 0 0
vn -1 0 0
vn -1 0 0
vn -1 0 0
vn -1 0 0
vn -1 0 0
vn -1 0 0
vn -1 0 0
vn -1 0 0
vn -1 0 0
vn -1 0 0
vn -1 0 0
vn -1 0 0
vn -1 0 0
vn -1 0 0
vn -1 0 0
vn -1 0 0
vn -1 0 0
vn -1 0 0
vn -1 0 0
vn -1 0 0
vn -1 0 0
vn -1 0 0
vn -1 0 0
vn -1 0 0
vn -1 0 0
vn -1 0 0
vn -1 0 0
vn -1 0 0
vn -1 0 0
vn -1 0 0
vn -1 0 0
vn -1 0 0
vn -1 0 0
vn -1 0 0
vn -1 0 0
vn -1 0 0
vn -1 0 0
vn -1 0 0
vn -1 0 0
vn -1 0 0
vn -1 0 0
vn -1 0 0
vn -1 0 0
vn -1 0 0
vn -1 0 0
vn -1 0 0
vn -1 0 0
vn -1 0 0
vn -1 0 0
vn -1 0 0
vn -1 0 0
vn -1 0 0
vn -1 0 0
vn -1 0 0
vn -1 0 0
vn -1 0 0
vn -1 0 0
vn -1 0 0
vn -1 0 0
vn -1 0 0
vn -1 0 0
vn -1 0 0
vn -1 0 0
vn -1 0 0
vn -1 0 0
vn -1 0 0
vn -1 0 0
vn -1 0 0
vn -1 0 0
vn -1 0 0
vn -1 0 0
vn -1 0 0
vn -1 0 0
vn -1 0 0
vn -1 0 0
vn -1 0 0
vn -1 0 0
vn -1 0 0
vn -1 0 0
vn -1 0 0
vn -1 0 0
vn -1 0 0
vn -1 0 0
vn -1 0 0
vn -1 0 0
vn -1 0 0
vn -1 0 0
vn -1 0 0
vn -1 0 0
vn 1 0 0
vn 1 0 0
vn 1 0 0
vn 1 0 0
vn 1 0 0
vn 1 0 0
vn 1 0 0
vn 1 0 0
vn 1 0 0
vn 1 0 0
vn 1 0 0
vn 1 0 0
vn 1 0 0
vn 1 0 0
vn 1 0 0
vn 1 0 0
vn 1 0 0
vn 1 0 0
vn 1 0 0
vn 1 0 0
vn 1 0 0
vn 1 0 0
vn 1 0 0
vn 1 0 0
vn 1 0 0
vn 1 0 0
vn 1 0 0
vn 1 0 0
vn 1 0 0
vn 1 0 0
vn 1 0 0
vn 1 0 0
vn 1 0 0
vn 1 0 0
vn 1 0 0
vn 1 0 0
vn 1 0 0
vn 1 0 0
vn 1 0 0
vn 1 0 0
vn 1 0 0
vn 1 0 0
vn 1 0 0
vn 1 0 0
vn 1 0 0
vn 1 0 0
vn 1 0 0
vn 1 0 0
vn 1 0 0
vn 1 0 0
vn 1 0 0
vn 1 0 0
vn 1 0 0
vn 1 0 0
vn 1 0 0
vn 1 0 0
vn 1 0 0
vn 1 0 0
vn 1 0 0
vn 1 0 0
vn 1 0 0
vn 1 0 0
vn 1 0 0
vn 1 0 0
vn 1 0 0
vn 1 0 0
vn 1 0 0
vn 1 0 0
vn 1 0 0
vn 1 0 0
vn 1 0 0
vn 1 0 0
vn 1 0 0
vn 1 0 0
vn 1 0 0
vn 1 0 0
vn 1 0 0
vn 1 0 0
vn 1 0 0
vn 1 0 0
vn 1 0 0
vn 1 0 0
vn 1 0 0
vn 1 0 0
vn 1 0 0
vn 1 0 0
vn 1 0 0
vn 1 0 0
vn 1 0 0
vn 1 0 0
vn 1 0 0
vn 1 0 0
vn 1 0 0
vn 1 0 0
vn 1 0 0
vn 1 0 0
vn 1 0 0
vn 1 0 0
vn 1 0 0
vn 1 0 0
vn 1 0 0
vn 1 0 0
vn 1 0 0
vn 1 0 0
vn 1 0 0
vn 1 0 0
vn 1 0 0
vn 1 0 0
vn 1 0 0
vn 1 0 0
vn 1 0 0
vn 1 0 0
vn 1 0 0
vn 1 0 0
vn 1 0 0
vn 1 0 0
vn 1 0 0
vn 1 0 0
vn 1 0 0
vn 1 0 0
vn 1 0 0
vn 1 0 0
vn 1 0 0
vn 1 0 0
vn 1 0 0
vn 1 0 0
vn 1 0 0
vn 1 0 0
vn 1 0 0
vn 1 0 0
vn 1 0 0
vn 1 0 0
vn 1 0 0
vn 1 0 0
vn 1 0 0
vn 1 0 0
vn 1 0 0
vn 1 0 0
vn 1 0 0
vn 1 0 0
vn 1 0 0
vn 1 0 0
vn 1 0 0
vn 1 0 0
vn 1 0 0
vn 1 0 0
vn 1 0 0
vn 1 0 0
vn 1 0 0
vn 1 0 0
vn 1 0 0
vn 1 0 0
vn 1 0 0
vn 1 0 0
vn 1 0 0
vn 1 0 0
vn 1 0 0
vn 1 0 0
vn 1 0 0
vn 1 0 0
vn 1 0 0
vn 1 0 0
vn 1 0 0
vn 1 0 0
vn 1 0 0
vn 1 0 0
vn 1 0 0
vn 1 0 0
vn 1 0 0
vn 1 0 0
vn 1 0 0
vn 1 0 0
vn 1 0 0
vn 1 0 0
vn 1 0 0
vn 1 0 0
vn 1 0 0
vn 1 0 0
vn 1 0 0
vn 1 0 0
vn 1 0 0
vn 1 0 0
vn 1 0 0
vn 1 0 0
vn 1 0 0
vn 1 0 0
vn 1 0 0
vn 1 0 0
vn 1 0 0
vn 1 0 0
vn 1 0 0
vn 1 0 0
vn 0 0 -1
vn 0 0 -1
vn 0 0 -1
vn 0 0 -1
vn 0 0 -1
vn 0 0 -1
vn 0 0 -1
vn 0 0 -1
vn 0 0 -1
vn 0 0 -1
vn 0 0 -1
vn 0 0 -1
vn 0 0 -1
vn 0 0 -1
vn 0 0 -1
vn 0 0 -1
vn 0 0 -1
vn 0 0 -1
vn 0 0 -1
vn 0 0 -1
vn 0 0 -1
vn 0 0 -1
vn 0 0 -1
vn 0 0 -1
vn 0 0 -1
vn 0 0 -1
vn 0 0 -1
vn 0 0 -1
vn 0 0 -1
vn 0 0 -1
vn 0 0 -1
vn 0 0 -1
vn 0 0 -1
vn 0 0 -1
vn 0 0 -1
vn 0 0 -1
vn 0 0 -1
vn 0 0 -1
vn 0 0 -1
vn 0 0 -1
vn 0 0 -1
vn 0 0 -1
vn 0 0 -1
vn 0 0 -1
vn 0 0 -1
vn 0 0 -1
vn 0 0 -1
vn 0 0 -1
vn 0 0 -1
vn 0 0 -1
vn 0 0 -1
vn 0 0 -1
vn 0 0 -1
vn 0 0 -1
vn 0 1 0
vn 0 1 0
vn -0.30901699035215185 0.9510565176022391 0
vn -0.30901699035215185 0.9510565176022391 0
vn 0 1 0
vn -0.30901699035215185 0.9510565176022391 0
vn -0.30901699035215185 0.9510565176022391 0
vn -0.30901699035215185 0.9510565176022391 0
vn -0.5877852429667365 0.8090170011504916 0
vn -0.5877852429667365 0.8090170011504916 0
vn -0.30901699035215185 0.9510565176022391 0
vn -0.5877852429667365 0.8090170011504916 0
vn -0.5877852429667365 0.8090170011504916 0
vn -0.5877852429667365 0.8090170011504916 0
vn -0.8090170011504916 0.5877852429667365 0
vn -0.8090170011504916 0.5877852429667365 0
vn -0.5877852429667365 0.8090170011504916 0
vn -0.8090170011504916 0.5877852429667365 0
vn -0.8090170011504916 0.5877852429667365 0
vn -0.8090170011504916 0.5877852429667365 0
vn -0.9510565176022391 0.30901699035215185 0
vn -0.9510565176022391 0.30901699035215185 0
vn -0.8090170011504916 0.5877852429667365 0
vn -0.9510565176022391 0.30901699035215185 0
vn -0.9510565176022391 0.30901699035215185 0
vn -0.9510565176022391 0.30901699035215185 0
vn -1 0 0
vn -1 0 0
vn -0.9510565176022391 0.30901699035215185 0
vn -1 0 0
vn -1 0 0
vn -1 0 0
vn -0.9510565176022391 -0.30901699035215185 0
vn -0.9510565176022391 -0.30901699035215185 0
vn -1 0 0
vn -0.9510565176022391 -0.30901699035215185 0
vn -0.9510565176022391 -0.30901699035215185 0
vn -0.9510565176022391 -0.30901699035215185 0
vn -0.8090170011504916 -0.5877852429667365 0
vn -0.8090170011504916 -0.5877852429667365 0
vn -0.9510565176022391 -0.30901699035215185 0
vn -0.8090170011504916 -0.5877852429667365 0
vn -0.8090170011504916 -0.5877852429667365 0
vn -0.8090170011504916 -0.5877852429667365 0
vn -0.5877852429667365 -0.8090170011504916 0
vn -0.5877852429667365 -0.8090170011504916 0
vn -0.8090170011504916 -0.5877852429667365 0
vn -0.5877852429667365 -0.8090170011504916 0
vn -0.5877852429667365 -0.8090170011504916 0
vn -0.5877852429667365 -0.8090170011504916 0
vn -0.30901699035215185 -0.9510565176022391 0
vn -0.30901699035215185 -0.9510565176022391 0
vn -0.5877852429667365 -0.8090170011504916 0
vn -0.30901699035215185 -0.9510565176022391 0
vn -0.30901699035215185 -0.9510565176022391 0
vn -0.30901699035215185 -0.9510565176022391 0
vn 0 -1 0
vn 0 -1 0
vn -0.30901699035215185 -0.9510565176022391 0
vn 0 -1 0
vn 0 0 -1
vn 0 0 -1
vn 0 0 -1
vn 0 0 -1
vn 0 0 -1
vn 0 0 -1
vn 0 0 -1
vn 0 0 -1
vn 0 0 -1
vn 0 0 -1
vn 0 0 -1
vn 0 0 -1
vn 0 0 -1
vn 0 0 -1
vn 0 0 -1
vn 0 0 -1
vn 0 0 -1
vn 0 0 -1
vn 0 0 -1
vn 0 0 -1
vn 0 0 -1
vn 0 0 -1
vn 0 0 -1
vn 0 0 -1
vn 0 0 -1
vn 0 0 -1
vn 0 0 -1
vn 0 0 -1
vn 0 0 -1
vn 0 0 -1
vn 0 0 -1
vn 0 0 -1
vn 0 0 -1
vn 0 0 -1
vn 0 0 -1
vn 0 0 -1
vn 0 0 -1
vn 0 0 -1
vn 0 0 -1
vn 0 0 -1
vn 0 0 -1
vn 0 0 -1
vn 0 0 -1
vn 0 0 -1
vn 0 0 -1
vn 0 0 -1
vn 0 0 -1
vn 0 0 -1
vn 0 0 -1
vn 0 0 -1
vn 0 0 -1
vn 0 0 -1
vn 0 0 -1
vn 0 0 -1
vn 0 0 -1
vn 0 0 -1
vn 0 0 -1
vn 0 0 -1
vn 0 0 -1
vn 0 0 -1
vn 0 0 -1
vn 0 0 -1
vn 0 0 -1
vn 0 0 -1
vn 0 0 -1
vn 0 0 -1
vn 0 0 -1
vn 0 0 -1
vn 0 0 -1
vn 0 0 -1
vn 0 0 -1
vn 0 0 -1
vn 0 0 -1
vn 0 0 -1
vn 0 0 -1
vn 0 0 -1
vn 0 0 -1
vn 0 0 -1
vn 0 0 -1
vn 0 0 -1
vn 0 0 -1
vn 0 0 -1
vn 0 0 -1
vn 0 0 -1
vn 0 0 -1
vn 0 0 -1
vn 0 0 -1
vn 0 0 -1
vn 0 0 -1
vn 0 0 -1
vn 0 0 -1
vn 0 0 -1
vn 0 0 -1
vn 0 0 -1
vn 0 0 -1
vn 0 0 -1
vn 0 0 -1
vn 0 0 -1
vn 0 0 -1
vn 0 0 -1
vn 0 0 -1
vn 0 0 -1
vn 0 0 -1
vn 0 0 -1
vn 0 0 -1
vn 0 0 -1
vn 0 0 -1
vn 0 0 -1
vn 0 0 -1
vn 0 0 -1
vn 0 0 -1
vn 0 0 -1
vn 0 0 -1
vn 0 0 -1
vn 0 0 -1
vn 0 0 -1
vn 0 0 -1
vn 0 0 -1
vn 0 0 -1
vn 0 0 -1
vn 0 0 -1
vn 0 0 -1
vn 0 0 -1
vn 0 0 -1
vn 0 0 -1
vn 0 0 -1
vn 0 0 -1
vn 0 0 -1
vn 0 0 -1
vn 0 0 -1
vn 0 0 -1
vn 0 0 -1
vn 0 0 -1
vn 0 0 -1
vn 0 0 -1
vn 0 0 -1
vn 0 0 -1
vn 0 0 -1
vn 0 0 -1
vn 0 0 -1
vn 0 0 -1
vn 0 0 -1
vn 0 0 -1
vn 0 0 -1
vn 0 0 -1
vn 0 0 -1
vn 0 0 -1
vn 0 0 -1
vn 0 0 -1
vn 0 0 -1
vn 0 0 -1
vn 0 0 -1
vn 0 0 -1
vn 0 0 -1
vn 0 0 -1
vn 0 0 -1
vn -0.929921052652003 0.18490982391421232 0.3178917942549093
vn -0.9475460891736517 0 0.3196191622724112
vn -0.891859012151929 0.17879856788849252 0.41547391562456665
vn -0.891859012151929 0.17879856788849252 0.41547391562456665
vn -0.9475460891736517 0 0.3196191622724112
vn -0.8851295308223749 0 0.4653447256240932
vn -0.891859012151929 0.17879856788849252 0.41547391562456665
vn -0.8851295308223749 0 0.4653447256240932
vn -0.843023295683122 0.17848937893263658 0.5073985263516333
vn -0.843023295683122 0.17848937893263658 0.5073985263516333
vn -0.8851295308223749 0 0.4653447256240932
vn -0.8017910563845398 0 0.5976044694459401
vn -0.843023295683122 0.17848937893263658 0.5073985263516333
vn -0.8017910563845398 0 0.5976044694459401
vn -0.7853555828531912 0.17831872412708125 0.5928060737770946
vn -0.7853555828531912 0.17831872412708125 0.5928060737770946
vn -0.8017910563845398 0 0.5976044694459401
vn -0.7196977270752609 0.17830783935330782 0.6710003696480785
vn -0.7853555828531912 0.17831872412708125 0.5928060737770946
vn -0.7196977270752609 0.17830783935330782 0.6710003696480785
vn -0.6789606512547383 0.34784153172727295 0.6465436588919314
vn -0.6789606512547383 0.34784153172727295 0.6465436588919314
vn -0.7196977270752609 0.17830783935330782 0.6710003696480785
vn -0.609012243232513 0.34780629400368335 0.7128357941660377
vn -0.6789606512547383 0.34784153172727295 0.6465436588919314
vn -0.609012243232513 0.34780629400368335 0.7128357941660377
vn -0.5480492076860531 0.5056081824627661 0.6663350747044521
vn -0.5480492076860531 0.5056081824627661 0.6663350747044521
vn -0.609012243232513 0.34780629400368335 0.7128357941660377
vn -0.47696501789852613 0.5063483715337468 0.7184119280372377
vn -0.5480492076860531 0.5056081824627661 0.6663350747044521
vn -0.47696501789852613 0.5063483715337468 0.7184119280372377
vn -0.4006333664686586 0.6501160630205031 0.6456330306565107
vn -0.4006333664686586 0.6501160630205031 0.6456330306565107
vn -0.47696501789852613 0.5063483715337468 0.7184119280372377
vn -0.33178879962462443 0.6524405901867476 0.6813497403833212
vn -0.4006333664686586 0.6501160630205031 0.6456330306565107
vn -0.33178879962462443 0.6524405901867476 0.6813497403833212
vn -0.24526006592909297 0.7781706204256349 0.5781850789901443
vn -0.24526006592909297 0.7781706204256349 0.5781850789901443
vn -0.33178879962462443 0.6524405901867476 0.6813497403833212
vn -0.18290422050275862 0.782056257768521 0.5957634226833457
vn -0.24526006592909297 0.7781706204256349 0.5781850789901443
vn -0.18290422050275862 0.782056257768521 0.5957634226833457
vn -0.09341381925383782 0.8829396724331232 0.46009932972794093
vn -0.09341381925383782 0.8829396724331232 0.46009932972794093
vn -0.18290422050275862 0.782056257768521 0.5957634226833457
vn -0.04438593999476619 0.8870516474702418 0.459531569156147
vn -0.09341381925383782 0.8829396724331232 0.46009932972794093
vn -0.04438593999476619 0.8870516474702418 0.459531569156147
vn 0.03840764044426658 0.9548238369599058 0.29467998494751413
vn 0.03840764044426658 0.9548238369599058 0.29467998494751413
vn -0.04438593999476619 0.8870516474702418 0.459531569156147
vn 0.0694371896670398 0.9575827867205366 0.2796670936447022
vn 0.03840764044426658 0.9548238369599058 0.29467998494751413
vn 0.0694371896670398 0.9575827867205366 0.2796670936447022
vn 0.13458593560535895 0.9862879321615943 0.09551303999788073
vn 0.13458593560535895 0.9862879321615943 0.09551303999788073
vn 0.0694371896670398 0.9575827867205366 0.2796670936447022
vn 0.14279808211021947 0.9870602532142714 0.07294356908063554
vn 0.13458593560535895 0.9862879321615943 0.09551303999788073
vn 0.14279808211021947 0.9870602532142714 0.07294356908063554
vn 0.17953531087567748 0.97820471749129 -0.10431971446739698
vn 0.17953531087567748 0.97820471749129 -0.10431971446739698
vn 0.14279808211021947 0.9870602532142714 0.07294356908063554
vn 0.1527710201255052 0.9882616128383276 0
vn 0.17953531087567748 0.97820471749129 -0.10431971446739698
vn 0.1527710201255052 0.9882616128383276 0
vn 0.1648168040940668 0.9782402331200168 -0.12602169413840303
vn 0.1648168040940668 0.9782402331200168 -0.12602169413840303
vn 0.1527710201255052 0.9882616128383276 0
vn 0.16931807985645536 0.9666236599968315 -0.1922760717511482
vn 0.1648168040940668 0.9782402331200168 -0.12602169413840303
vn 0.16931807985645536 0.9666236599968315 -0.1922760717511482
vn 0.17953531087567748 0.97820471749129 -0.10431971446739698
vn 0.17953531087567748 0.97820471749129 -0.10431971446739698
vn 0.16931807985645536 0.9666236599968315 -0.1922760717511482
vn 0.20726801110199589 0.9380261317189814 -0.2777533938337155
vn 0.17953531087567748 0.97820471749129 -0.10431971446739698
vn 0.20726801110199589 0.9380261317189814 -0.2777533938337155
vn 0.19070331808326346 0.9783335996940924 -0.08059536079473098
vn 0.19070331808326346 0.9783335996940924 -0.08059536079473098
vn 0.20726801110199589 0.9380261317189814 -0.2777533938337155
vn 0.23738417982641294 0.9376681282952726 -0.25382520037888595
vn 0.19070331808326346 0.9783335996940924 -0.08059536079473098
vn 0.23738417982641294 0.9376681282952726 -0.25382520037888595
vn 0.19815086450443353 0.9785939068201617 -0.05558957123956202
vn 0.19815086450443353 0.9785939068201617 -0.05558957123956202
vn 0.23738417982641294 0.9376681282952726 -0.25382520037888595
vn 0.26366613132220257 0.9378079895574616 -0.22582370538934746
vn 0.19815086450443353 0.9785939068201617 -0.05558957123956202
vn 0.26366613132220257 0.9378079895574616 -0.22582370538934746
vn 0.20188163654399033 0.978949579969965 -0.030025400962339167
vn 0.20188163654399033 0.978949579969965 -0.030025400962339167
vn 0.26366613132220257 0.9378079895574616 -0.22582370538934746
vn 0.28566573941679235 0.9383763834582328 -0.19453752412145345
vn 0.20188163654399033 0.978949579969965 -0.030025400962339167
vn 0.28566573941679235 0.9383763834582328 -0.19453752412145345
vn 0.20200088324373786 0.9793773565499282 -0.003954319919347129
vn 0.20200088324373786 0.9793773565499282 -0.003954319919347129
vn 0.28566573941679235 0.9383763834582328 -0.19453752412145345
vn 0.30349423090186173 0.9393167310899752 -0.15992288924269266
vn 0.20200088324373786 0.9793773565499282 -0.003954319919347129
vn 0.30349423090186173 0.9393167310899752 -0.15992288924269266
vn 0.19863950280960102 0.9798396843019381 0.0213668198530523
vn 0.19863950280960102 0.9798396843019381 0.0213668198530523
vn 0.30349423090186173 0.9393167310899752 -0.15992288924269266
vn 0.31645377906544 0.9405269561503824 -0.12355585971413299
vn 0.19863950280960102 0.9798396843019381 0.0213668198530523
vn 0.31645377906544 0.9405269561503824 -0.12355585971413299
vn 0.19214463707915239 0.9803161376348773 0.045395029842012956
vn 0.19214463707915239 0.9803161376348773 0.045395029842012956
vn 0.31645377906544 0.9405269561503824 -0.12355585971413299
vn 0.32458065408669834 0.941917964394165 -0.0862435350864269
vn 0.19214463707915239 0.9803161376348773 0.045395029842012956
vn 0.32458065408669834 0.941917964394165 -0.0862435350864269
vn 0.18291316662971183 0.9807967966392457 0.06767877936019169
vn 0.18291316662971183 0.9807967966392457 0.06767877936019169
vn 0.32458065408669834 0.941917964394165 -0.0862435350864269
vn 0.3280220042070258 0.9434117156180253 -0.04874320045565446
vn 0.18291316662971183 0.9807967966392457 0.06767877936019169
vn 0.3280220042070258 0.9434117156180253 -0.04874320045565446
vn 0.17137112264173468 0.9812816963640113 0.08785312006684619
vn 0.17137112264173468 0.9812816963640113 0.08785312006684619
vn 0.3280220042070258 0.9434117156180253 -0.04874320045565446
vn 0.3270146647616805 0.9449460853052375 -0.011760310247303535
vn 0.17137112264173468 0.9812816963640113 0.08785312006684619
vn 0.3270146647616805 0.9449460853052375 -0.011760310247303535
vn 0.15795951599594213 0.9817790833658704 0.10563438252576308
vn 0.15795951599594213 0.9817790833658704 0.10563438252576308
vn 0.3270146647616805 0.9449460853052375 -0.011760310247303535
vn 0.3218719411440505 0.9464776402604496 0.024052650398072056
vn 0.15795951599594213 0.9817790833658704 0.10563438252576308
vn 0.3218719411440505 0.9464776402604496 0.024052650398072056
vn 0.1431242930148648 0.9823027714614806 0.12081681144645962
vn 0.1431242930148648 0.9823027714614806 0.12081681144645962
vn 0.3218719411440505 0.9464776402604496 0.024052650398072056
vn 0.31297499722316685 0.9479825900785069 0.05810043047348377
vn 0.1431242930148648 0.9823027714614806 0.12081681144645962
vn 0.31297499722316685 0.9479825900785069 0.05810043047348377
vn 0.19374153436066444 0.973999572519719 0.11742678823411708
vn 0.19374153436066444 0.973999572519719 0.11742678823411708
vn 0.31297499722316685 0.9479825900785069 0.05810043047348377
vn 0.3818635850991779 0.9218079922964877 0.06671002708379978
vn 0.3818635850991779 0.9218079922964877 0.06671002708379978
vn 0.31297499722316685 0.9479825900785069 0.05810043047348377
vn 0.47250607343955303 0.8812680967180251 -0.010225080426348853
vn 0.3818635850991779 0.9218079922964877 0.06671002708379978
vn 0.47250607343955303 0.8812680967180251 -0.010225080426348853
vn 0.5555798394767869 0.831437157267364 0.006579930251320262
vn 0.5555798394767869 0.831437157267364 0.006579930251320262
vn 0.47250607343955303 0.8812680967180251 -0.010225080426348853
vn 0.6144935410236841 0.7841989370297867 -0.08619579572999127
vn 0.5555798394767869 0.831437157267364 0.006579930251320262
vn 0.6144935410236841 0.7841989370297867 -0.08619579572999127
vn 0.7055052991015329 0.7054337353803934 -0.06801116031153992
vn 0.7055052991015329 0.7054337353803934 -0.06801116031153992
vn 0.6144935410236841 0.7841989370297867 -0.08619579572999127
vn 0.7312683911816373 0.6597562447610467 -0.17311336620094264
vn 0.7055052991015329 0.7054337353803934 -0.06801116031153992
vn 0.7312683911816373 0.6597562447610467 -0.17311336620094264
vn 0.8203863475576988 0.5481964840981236 -0.1626248922010226
vn 0.8203863475576988 0.5481964840981236 -0.1626248922010226
vn 0.7312683911816373 0.6597562447610467 -0.17311336620094264
vn 0.8142690377340308 0.5120746294118117 -0.27339624741472046
vn 0.8203863475576988 0.5481964840981236 -0.1626248922010226
vn 0.8142690377340308 0.5120746294118117 -0.27339624741472046
vn 0.8881476679840593 0.36795212151692647 -0.2753269985411348
vn 0.8881476679840593 0.36795212151692647 -0.2753269985411348
vn 0.8142690377340308 0.5120746294118117 -0.27339624741472046
vn 0.8561307702858625 0.34825150257032905 -0.3817865832205787
vn 0.8881476679840593 0.36795212151692647 -0.2753269985411348
vn 0.8561307702858625 0.34825150257032905 -0.3817865832205787
vn 0.9072630418344102 0.18040439821032828 -0.37990528560121756
vn 0.9072630418344102 0.18040439821032828 -0.37990528560121756
vn 0.8561307702858625 0.34825150257032905 -0.3817865832205787
vn 0.8609054759541573 0.18001665521247376 -0.4758526718620577
vn 0.9072630418344102 0.18040439821032828 -0.37990528560121756
vn 0.8609054759541573 0.18001665521247376 -0.4758526718620577
vn 0.9051537570595157 0 -0.42508431643739014
vn 0.9051537570595157 0 -0.42508431643739014
vn 0.8609054759541573 0.18001665521247376 -0.4758526718620577
vn 0.7261579275052176 0 -0.6875279371206143
vn 0.7261579275052176 0 -0.6875279371206143
vn 0.8609054759541573 0.18001665521247376 -0.4758526718620577
vn 0.8048503105843614 0.179711208188337 -0.5656145853880937
vn 0.7261579275052176 0 -0.6875279371206143
vn 0.8048503105843614 0.179711208188337 -0.5656145853880937
vn 0.7400561304897825 0.17957801288551115 -0.6481270407972356
vn 0.7400561304897825 0.17957801288551115 -0.6481270407972356
vn 0.8048503105843614 0.179711208188337 -0.5656145853880937
vn 0.8103057016026572 0.34647842055054656 -0.47260699745456997
vn 0.7400561304897825 0.17957801288551115 -0.6481270407972356
vn 0.8103057016026572 0.34647842055054656 -0.47260699745456997
vn 0.7551367924680181 0.3450549686105441 -0.5574096279203382
vn 0.7551367924680181 0.3450549686105441 -0.5574096279203382
vn 0.8103057016026572 0.34647842055054656 -0.47260699745456997
vn 0.7815306288580701 0.5087289175653358 -0.36111599880026296
vn 0.7551367924680181 0.3450549686105441 -0.5574096279203382
vn 0.7815306288580701 0.5087289175653358 -0.36111599880026296
vn 0.739291245885587 0.5057961005551613 -0.4445433144476808
vn 0.739291245885587 0.5057961005551613 -0.4445433144476808
vn 0.7815306288580701 0.5087289175653358 -0.36111599880026296
vn 0.7115593200101286 0.6556066355998174 -0.25271183878918674
vn 0.739291245885587 0.5057961005551613 -0.4445433144476808
vn 0.7115593200101286 0.6556066355998174 -0.25271183878918674
vn 0.6829046615527513 0.6517983994155565 -0.32984855577801314
vn 0.6829046615527513 0.6517983994155565 -0.32984855577801314
vn 0.7115593200101286 0.6556066355998174 -0.25271183878918674
vn 0.6062926430776525 0.7802967767062624 -0.1534476171588593
vn 0.6829046615527513 0.6517983994155565 -0.32984855577801314
vn 0.6062926430776525 0.7802967767062624 -0.1534476171588593
vn 0.5903838487292608 0.7765829650485805 -0.2199222807174856
vn 0.5903838487292608 0.7765829650485805 -0.2199222807174856
vn 0.6062926430776525 0.7802967767062624 -0.1534476171588593
vn 0.4738346067339968 0.8784313141628162 -0.06196121173303814
vn 0.5903838487292608 0.7765829650485805 -0.2199222807174856
vn 0.4738346067339968 0.8784313141628162 -0.06196121173303814
vn 0.46924438907630256 0.8756342396113296 -0.11434326276915562
vn 0.46924438907630256 0.8756342396113296 -0.11434326276915562
vn 0.4738346067339968 0.8784313141628162 -0.06196121173303814
vn 0.3218719411440505 0.9464776402604496 0.024052650398072056
vn 0.46924438907630256 0.8756342396113296 -0.11434326276915562
vn 0.3218719411440505 0.9464776402604496 0.024052650398072056
vn 0.3270146647616805 0.9449460853052375 -0.011760310247303535
vn -0.8017910563845398 0 0.5976044694459401
vn -0.7003526063994725 0 0.7137970486836338
vn -0.7196977270752609 0.17830783935330782 0.6710003696480785
vn -0.7196977270752609 0.17830783935330782 0.6710003696480785
vn -0.7003526063994725 0 0.7137970486836338
vn -0.6468053456782137 0.17848180827450302 0.7414762901921748
vn -0.7196977270752609 0.17830783935330782 0.6710003696480785
vn -0.6468053456782137 0.17848180827450302 0.7414762901921748
vn -0.609012243232513 0.34780629400368335 0.7128357941660377
vn -0.609012243232513 0.34780629400368335 0.7128357941660377
vn -0.6468053456782137 0.17848180827450302 0.7414762901921748
vn -0.5327897612010632 0.3483943918262849 0.7712045241719651
vn -0.609012243232513 0.34780629400368335 0.7128357941660377
vn -0.5327897612010632 0.3483943918262849 0.7712045241719651
vn -0.47696501789852613 0.5063483715337468 0.7184119280372377
vn -0.47696501789852613 0.5063483715337468 0.7184119280372377
vn -0.5327897612010632 0.3483943918262849 0.7712045241719651
vn -0.40062180003887793 0.5082435282064836 0.762358635662924
vn -0.47696501789852613 0.5063483715337468 0.7184119280372377
vn -0.40062180003887793 0.5082435282064836 0.762358635662924
vn -0.33178879962462443 0.6524405901867476 0.6813497403833212
vn -0.33178879962462443 0.6524405901867476 0.6813497403833212
vn -0.40062180003887793 0.5082435282064836 0.762358635662924
vn -0.2590019743709108 0.6562927107817983 0.7086591952741804
vn -0.33178879962462443 0.6524405901867476 0.6813497403833212
vn -0.2590019743709108 0.6562927107817983 0.7086591952741804
vn -0.18290422050275862 0.782056257768521 0.5957634226833457
vn -0.18290422050275862 0.782056257768521 0.5957634226833457
vn -0.2590019743709108 0.6562927107817983 0.7086591952741804
vn -0.12007123108397681 0.7872798995033714 0.60479191405304
vn -0.18290422050275862 0.782056257768521 0.5957634226833457
vn -0.12007123108397681 0.7872798995033714 0.60479191405304
vn -0.04438593999476619 0.8870516474702418 0.459531569156147
vn -0.04438593999476619 0.8870516474702418 0.459531569156147
vn -0.12007123108397681 0.7872798995033714 0.60479191405304
vn 0.004245089869515054 0.8920860250478597 0.45184566294954
vn -0.04438593999476619 0.8870516474702418 0.459531569156147
vn 0.004245089869515054 0.8920860250478597 0.45184566294954
vn 0.0694371896670398 0.9575827867205366 0.2796670936447022
vn 0.0694371896670398 0.9575827867205366 0.2796670936447022
vn 0.004245089869515054 0.8920860250478597 0.45184566294954
vn 0.0978490829361099 0.9606455992605054 0.2599722861960232
vn 0.0694371896670398 0.9575827867205366 0.2796670936447022
vn 0.0978490829361099 0.9606455992605054 0.2599722861960232
vn 0.14279808211021947 0.9870602532142714 0.07294356908063554
vn 0.14279808211021947 0.9870602532142714 0.07294356908063554
vn 0.0978490829361099 0.9606455992605054 0.2599722861960232
vn 0.12870006937718512 0.9726281259829109 0.19347046464325848
vn 0.14279808211021947 0.9870602532142714 0.07294356908063554
vn 0.12870006937718512 0.9726281259829109 0.19347046464325848
vn 0.14729243436267733 0.9878588972996657 0.04939370208239863
vn 0.14729243436267733 0.9878588972996657 0.04939370208239863
vn 0.12870006937718512 0.9726281259829109 0.19347046464325848
vn 0.1527710201255052 0.9882616128383276 0
vn 0.14729243436267733 0.9878588972996657 0.04939370208239863
vn 0.1527710201255052 0.9882616128383276 0
vn 0.14279808211021947 0.9870602532142714 0.07294356908063554
vn -0.7003526063994725 0 0.7137970486836338
vn -0.5832584568779152 0 0.8122866319719863
vn -0.6468053456782137 0.17848180827450302 0.7414762901921748
vn -0.6468053456782137 0.17848180827450302 0.7414762901921748
vn -0.5832584568779152 0 0.8122866319719863
vn -0.5673318506659631 0.17887155612334027 0.8038280522785629
vn -0.6468053456782137 0.17848180827450302 0.7414762901921748
vn -0.5673318506659631 0.17887155612334027 0.8038280522785629
vn -0.5327897612010632 0.3483943918262849 0.7712045241719651
vn -0.5327897612010632 0.3483943918262849 0.7712045241719651
vn -0.5673318506659631 0.17887155612334027 0.8038280522785629
vn -0.4508700648317636 0.34969544130208247 0.8212364354868474
vn -0.5327897612010632 0.3483943918262849 0.7712045241719651
vn -0.4508700648317636 0.34969544130208247 0.8212364354868474
vn -0.40062180003887793 0.5082435282064836 0.762358635662924
vn -0.40062180003887793 0.5082435282064836 0.762358635662924
vn -0.4508700648317636 0.34969544130208247 0.8212364354868474
vn -0.3196408513674436 0.5114321981255192 0.7976633581013959
vn -0.40062180003887793 0.5082435282064836 0.762358635662924
vn -0.3196408513674436 0.5114321981255192 0.7976633581013959
vn -0.2590019743709108 0.6562927107817983 0.7086591952741804
vn -0.2590019743709108 0.6562927107817983 0.7086591952741804
vn -0.3196408513674436 0.5114321981255192 0.7976633581013959
vn -0.18494537849308018 0.6616504083621958 0.7266456798799474
vn -0.2590019743709108 0.6562927107817983 0.7086591952741804
vn -0.18494537849308018 0.6616504083621958 0.7266456798799474
vn -0.12007123108397681 0.7872798995033714 0.60479191405304
vn -0.12007123108397681 0.7872798995033714 0.60479191405304
vn -0.18494537849308018 0.6616504083621958 0.7266456798799474
vn -0.05635369028610617 0.7939526655450919 0.6053622274844881
vn -0.12007123108397681 0.7872798995033714 0.60479191405304
vn -0.05635369028610617 0.7939526655450919 0.6053622274844881
vn 0.004245089869515054 0.8920860250478597 0.45184566294954
vn 0.004245089869515054 0.8920860250478597 0.45184566294954
vn -0.05635369028610617 0.7939526655450919 0.6053622274844881
vn 0.05129425938393415 0.8979769785229217 0.4370426123355685
vn 0.004245089869515054 0.8920860250478597 0.45184566294954
vn 0.05129425938393415 0.8979769785229217 0.4370426123355685
vn 0.0978490829361099 0.9606455992605054 0.2599722861960232
vn 0.0978490829361099 0.9606455992605054 0.2599722861960232
vn 0.05129425938393415 0.8979769785229217 0.4370426123355685
vn 0.10090934369461872 0.9191492112425532 0.38076506119563247
vn 0.0978490829361099 0.9606455992605054 0.2599722861960232
vn 0.10090934369461872 0.9191492112425532 0.38076506119563247
vn 0.12273913174565021 0.9639367511705971 0.23613776758705607
vn 0.12273913174565021 0.9639367511705971 0.23613776758705607
vn 0.10090934369461872 0.9191492112425532 0.38076506119563247
vn 0.12870006937718512 0.9726281259829109 0.19347046464325848
vn 0.12273913174565021 0.9639367511705971 0.23613776758705607
vn 0.12870006937718512 0.9726281259829109 0.19347046464325848
vn 0.0978490829361099 0.9606455992605054 0.2599722861960232
vn -0.5673318506659631 0.17887155612334027 0.8038280522785629
vn -0.5832584568779152 0 0.8122866319719863
vn -0.48185273208694424 0.17951712024200456 0.8576663384559087
vn -0.48185273208694424 0.17951712024200456 0.8576663384559087
vn -0.5832584568779152 0 0.8122866319719863
vn -0.45250947456816865 0 0.8917595950849309
vn -0.48185273208694424 0.17951712024200456 0.8576663384559087
vn -0.45250947456816865 0 0.8917595950849309
vn -0.39092108751660026 0.1804722743083933 0.9025577330790505
vn -0.39092108751660026 0.1804722743083933 0.9025577330790505
vn -0.45250947456816865 0 0.8917595950849309
vn -0.3099900206600602 0 0.950739810406178
vn -0.39092108751660026 0.1804722743083933 0.9025577330790505
vn -0.3099900206600602 0 0.950739810406178
vn -0.29748465173568783 0.1817730176689227 0.9372627443941373
vn -0.29748465173568783 0.1817730176689227 0.9372627443941373
vn -0.3099900206600602 0 0.950739810406178
vn -0.20012817083676784 0.1835293933138771 0.9624269723087409
vn -0.29748465173568783 0.1817730176689227 0.9372627443941373
vn -0.20012817083676784 0.1835293933138771 0.9624269723087409
vn -0.18167564286496046 0.358866956532352 0.9155372566415908
vn -0.18167564286496046 0.358866956532352 0.9155372566415908
vn -0.20012817083676784 0.1835293933138771 0.9624269723087409
vn -0.08624469990267006 0.3641844657183386 0.9273249304683588
vn -0.18167564286496046 0.358866956532352 0.9155372566415908
vn -0.08624469990267006 0.3641844657183386 0.9273249304683588
vn -0.06349630712481028 0.5298077673761431 0.8457375175605127
vn -0.06349630712481028 0.5298077673761431 0.8457375175605127
vn -0.08624469990267006 0.3641844657183386 0.9273249304683588
vn 0.024565269603837425 0.5395591278985413 0.841589267416509
vn -0.06349630712481028 0.5298077673761431 0.8457375175605127
vn 0.024565269603837425 0.5395591278985413 0.841589267416509
vn 0.026291748965833805 0.5553948866547436 0.8311710195946933
vn 0.026291748965833805 0.5553948866547436 0.8311710195946933
vn 0.024565269603837425 0.5395591278985413 0.841589267416509
vn 0.01130188911198543 0.3827154818332949 0.9237971245179372
vn 0.01130188911198543 0.3827154818332949 0.9237971245179372
vn 0.024565269603837425 0.5395591278985413 0.841589267416509
vn -0.08624469990267006 0.3641844657183386 0.9273249304683588
vn 0.01130188911198543 0.3827154818332949 0.9237971245179372
vn -0.08624469990267006 0.3641844657183386 0.9273249304683588
vn 0.010547529605120636 0.3709935811893924 0.9285755286111619
vn 0.010547529605120636 0.3709935811893924 0.9285755286111619
vn -0.08624469990267006 0.3641844657183386 0.9273249304683588
vn -0.09975070649083786 0.18586070447443997 0.9774996650060007
vn 0.010547529605120636 0.3709935811893924 0.9285755286111619
vn -0.09975070649083786 0.18586070447443997 0.9774996650060007
vn 0.0024917699860260837 0.18891888016321542 0.9819895354840668
vn 0.0024917699860260837 0.18891888016321542 0.9819895354840668
vn -0.09975070649083786 0.18586070447443997 0.9774996650060007
vn 0 0 1
vn 0.0024917699860260837 0.18891888016321542 0.9819895354840668
vn 0 0 1
vn 0 0 1
vn -0.3099900206600602 0 0.950739810406178
vn -0.1580312396788395 0 0.9874341128832694
vn -0.20012817083676784 0.1835293933138771 0.9624269723087409
vn -0.20012817083676784 0.1835293933138771 0.9624269723087409
vn -0.1580312396788395 0 0.9874341128832694
vn -0.09975070649083786 0.18586070447443997 0.9774996650060007
vn -0.20012817083676784 0.1835293933138771 0.9624269723087409
vn -0.09975070649083786 0.18586070447443997 0.9774996650060007
vn -0.08624469990267006 0.3641844657183386 0.9273249304683588
vn -0.1580312396788395 0 0.9874341128832694
vn 0 0 1
vn -0.09975070649083786 0.18586070447443997 0.9774996650060007
vn 0 0 1
vn 0 0 1
vn 0.0024917699860260837 0.18891888016321542 0.9819895354840668
vn 0.0024917699860260837 0.18891888016321542 0.9819895354840668
vn 0 0 1
vn 0.0026660099349011417 0.19502260005810382 0.9807951253231246
vn 0.0024917699860260837 0.18891888016321542 0.9819895354840668
vn 0.0026660099349011417 0.19502260005810382 0.9807951253231246
vn 0.010547529605120636 0.3709935811893924 0.9285755286111619
vn 0.010547529605120636 0.3709935811893924 0.9285755286111619
vn 0.0026660099349011417 0.19502260005810382 0.9807951253231246
vn 0.01130188911198543 0.3827154818332949 0.9237971245179372
vn 0.04721652968561437 0.7062782263578089 0.7063580298243344
vn 0.04423369876164663 0.6883468614972631 0.7240317521771622
vn 0.026291748965833805 0.5553948866547436 0.8311710195946933
vn 0.026291748965833805 0.5553948866547436 0.8311710195946933
vn 0.04423369876164663 0.6883468614972631 0.7240317521771622
vn -0.03199773016164438 0.6775739930500396 0.7347582113911536
vn 0.026291748965833805 0.5553948866547436 0.8311710195946933
vn -0.03199773016164438 0.6775739930500396 0.7347582113911536
vn -0.06349630712481028 0.5298077673761431 0.8457375175605127
vn -0.06349630712481028 0.5298077673761431 0.8457375175605127
vn -0.03199773016164438 0.6775739930500396 0.7347582113911536
vn -0.15107077036997257 0.5220049039903802 0.8394572666609165
vn -0.06349630712481028 0.5298077673761431 0.8457375175605127
vn -0.15107077036997257 0.5220049039903802 0.8394572666609165
vn -0.18167564286496046 0.358866956532352 0.9155372566415908
vn -0.18167564286496046 0.358866956532352 0.9155372566415908
vn -0.15107077036997257 0.5220049039903802 0.8394572666609165
vn -0.274519421952287 0.3548088423066876 0.8937280192496879
vn -0.18167564286496046 0.358866956532352 0.9155372566415908
vn -0.274519421952287 0.3548088423066876 0.8937280192496879
vn -0.29748465173568783 0.1817730176689227 0.9372627443941373
vn -0.29748465173568783 0.1817730176689227 0.9372627443941373
vn -0.274519421952287 0.3548088423066876 0.8937280192496879
vn -0.39092108751660026 0.1804722743083933 0.9025577330790505
vn 0.07280345973950443 0.8292466038055114 0.5541206784870816
vn 0.06847597806870818 0.8116287675550627 0.5801463471440494
vn 0.04721652968561437 0.7062782263578089 0.7063580298243344
vn 0.04721652968561437 0.7062782263578089 0.7063580298243344
vn 0.06847597806870818 0.8116287675550627 0.5801463471440494
vn 0.006986140127343403 0.8020800149885672 0.5971757223816627
vn 0.04721652968561437 0.7062782263578089 0.7063580298243344
vn 0.006986140127343403 0.8020800149885672 0.5971757223816627
vn -0.03199773016164438 0.6775739930500396 0.7347582113911536
vn -0.03199773016164438 0.6775739930500396 0.7347582113911536
vn 0.006986140127343403 0.8020800149885672 0.5971757223816627
vn -0.10887907762546792 0.6687067278625947 0.7355111546174737
vn -0.03199773016164438 0.6775739930500396 0.7347582113911536
vn -0.10887907762546792 0.6687067278625947 0.7355111546174737
vn -0.15107077036997257 0.5220049039903802 0.8394572666609165
vn -0.15107077036997257 0.5220049039903802 0.8394572666609165
vn -0.10887907762546792 0.6687067278625947 0.7355111546174737
vn -0.23680757819113407 0.5159430377716728 0.8232405193418192
vn -0.15107077036997257 0.5220049039903802 0.8394572666609165
vn -0.23680757819113407 0.5159430377716728 0.8232405193418192
vn -0.274519421952287 0.3548088423066876 0.8937280192496879
vn -0.274519421952287 0.3548088423066876 0.8937280192496879
vn -0.23680757819113407 0.5159430377716728 0.8232405193418192
vn -0.3638225234532491 0.35181736578264083 0.862471861895722
vn -0.274519421952287 0.3548088423066876 0.8937280192496879
vn -0.3638225234532491 0.35181736578264083 0.862471861895722
vn -0.39092108751660026 0.1804722743083933 0.9025577330790505
vn -0.39092108751660026 0.1804722743083933 0.9025577330790505
vn -0.3638225234532491 0.35181736578264083 0.862471861895722
vn -0.48185273208694424 0.17951712024200456 0.8576663384559087
vn 0.10090934369461872 0.9191492112425532 0.38076506119563247
vn 0.09546996106635955 0.9046271505414951 0.4153735728680427
vn 0.07280345973950443 0.8292466038055114 0.5541206784870816
vn 0.07280345973950443 0.8292466038055114 0.5541206784870816
vn 0.09546996106635955 0.9046271505414951 0.4153735728680427
vn 0.05129425938393415 0.8979769785229217 0.4370426123355685
vn 0.07280345973950443 0.8292466038055114 0.5541206784870816
vn 0.05129425938393415 0.8979769785229217 0.4370426123355685
vn 0.006986140127343403 0.8020800149885672 0.5971757223816627
vn 0.006986140127343403 0.8020800149885672 0.5971757223816627
vn 0.05129425938393415 0.8979769785229217 0.4370426123355685
vn -0.05635369028610617 0.7939526655450919 0.6053622274844881
vn 0.006986140127343403 0.8020800149885672 0.5971757223816627
vn -0.05635369028610617 0.7939526655450919 0.6053622274844881
vn -0.10887907762546792 0.6687067278625947 0.7355111546174737
vn -0.10887907762546792 0.6687067278625947 0.7355111546174737
vn -0.05635369028610617 0.7939526655450919 0.6053622274844881
vn -0.18494537849308018 0.6616504083621958 0.7266456798799474
vn -0.10887907762546792 0.6687067278625947 0.7355111546174737
vn -0.18494537849308018 0.6616504083621958 0.7266456798799474
vn -0.23680757819113407 0.5159430377716728 0.8232405193418192
vn -0.23680757819113407 0.5159430377716728 0.8232405193418192
vn -0.18494537849308018 0.6616504083621958 0.7266456798799474
vn -0.3196408513674436 0.5114321981255192 0.7976633581013959
vn -0.23680757819113407 0.5159430377716728 0.8232405193418192
vn -0.3196408513674436 0.5114321981255192 0.7976633581013959
vn -0.3638225234532491 0.35181736578264083 0.862471861895722
vn -0.3638225234532491 0.35181736578264083 0.862471861895722
vn -0.3196408513674436 0.5114321981255192 0.7976633581013959
vn -0.4508700648317636 0.34969544130208247 0.8212364354868474
vn -0.3638225234532491 0.35181736578264083 0.862471861895722
vn -0.4508700648317636 0.34969544130208247 0.8212364354868474
vn -0.48185273208694424 0.17951712024200456 0.8576663384559087
vn -0.48185273208694424 0.17951712024200456 0.8576663384559087
vn -0.4508700648317636 0.34969544130208247 0.8212364354868474
vn -0.5673318506659631 0.17887155612334027 0.8038280522785629
vn 0.20726801110199589 0.9380261317189814 -0.2777533938337155
vn 0.16931807985645536 0.9666236599968315 -0.1922760717511482
vn 0.17397607389951417 0.9389289632853393 -0.2968917776133737
vn 0.17397607389951417 0.9389289632853393 -0.2968917776133737
vn 0.16931807985645536 0.9666236599968315 -0.1922760717511482
vn 0.17411853559671114 0.9097526429800366 -0.3768724773083
vn 0.17397607389951417 0.9389289632853393 -0.2968917776133737
vn 0.17411853559671114 0.9097526429800366 -0.3768724773083
vn 0.20726801110199589 0.9380261317189814 -0.2777533938337155
vn 0.20726801110199589 0.9380261317189814 -0.2777533938337155
vn 0.17411853559671114 0.9097526429800366 -0.3768724773083
vn 0.22205162608156556 0.8689116887763421 -0.4423635975782569
vn 0.20726801110199589 0.9380261317189814 -0.2777533938337155
vn 0.22205162608156556 0.8689116887763421 -0.4423635975782569
vn 0.23738417982641294 0.9376681282952726 -0.25382520037888595
vn 0.23738417982641294 0.9376681282952726 -0.25382520037888595
vn 0.22205162608156556 0.8689116887763421 -0.4423635975782569
vn 0.269974454113452 0.8670255071166895 -0.4187846273864301
vn 0.23738417982641294 0.9376681282952726 -0.25382520037888595
vn 0.269974454113452 0.8670255071166895 -0.4187846273864301
vn 0.26366613132220257 0.9378079895574616 -0.22582370538934746
vn 0.26366613132220257 0.9378079895574616 -0.22582370538934746
vn 0.269974454113452 0.8670255071166895 -0.4187846273864301
vn 0.31413294962245386 0.8661359952399523 -0.3887530420603731
vn 0.26366613132220257 0.9378079895574616 -0.22582370538934746
vn 0.31413294962245386 0.8661359952399523 -0.3887530420603731
vn 0.28566573941679235 0.9383763834582328 -0.19453752412145345
vn 0.28566573941679235 0.9383763834582328 -0.19453752412145345
vn 0.31413294962245386 0.8661359952399523 -0.3887530420603731
vn 0.3537208618133751 0.8661527401579219 -0.35307362211715376
vn 0.28566573941679235 0.9383763834582328 -0.19453752412145345
vn 0.3537208618133751 0.8661527401579219 -0.35307362211715376
vn 0.30349423090186173 0.9393167310899752 -0.15992288924269266
vn 0.30349423090186173 0.9393167310899752 -0.15992288924269266
vn 0.3537208618133751 0.8661527401579219 -0.35307362211715376
vn 0.38892288521240725 0.866985633203281 -0.31156845343706197
vn 0.30349423090186173 0.9393167310899752 -0.15992288924269266
vn 0.38892288521240725 0.866985633203281 -0.31156845343706197
vn 0.31645377906544 0.9405269561503824 -0.12355585971413299
vn 0.31645377906544 0.9405269561503824 -0.12355585971413299
vn 0.38892288521240725 0.866985633203281 -0.31156845343706197
vn 0.41827655765581917 0.8684996790119838 -0.26599441511369987
vn 0.31645377906544 0.9405269561503824 -0.12355585971413299
vn 0.41827655765581917 0.8684996790119838 -0.26599441511369987
vn 0.32458065408669834 0.941917964394165 -0.0862435350864269
vn 0.32458065408669834 0.941917964394165 -0.0862435350864269
vn 0.41827655765581917 0.8684996790119838 -0.26599441511369987
vn 0.4415146592621606 0.8705426700901543 -0.21730224391138517
vn 0.32458065408669834 0.941917964394165 -0.0862435350864269
vn 0.4415146592621606 0.8705426700901543 -0.21730224391138517
vn 0.3280220042070258 0.9434117156180253 -0.04874320045565446
vn 0.3280220042070258 0.9434117156180253 -0.04874320045565446
vn 0.4415146592621606 0.8705426700901543 -0.21730224391138517
vn 0.4585069659503042 0.8729661566019752 -0.16643753063123207
vn 0.3280220042070258 0.9434117156180253 -0.04874320045565446
vn 0.4585069659503042 0.8729661566019752 -0.16643753063123207
vn 0.3270146647616805 0.9449460853052375 -0.011760310247303535
vn 0.3270146647616805 0.9449460853052375 -0.011760310247303535
vn 0.4585069659503042 0.8729661566019752 -0.16643753063123207
vn 0.46924438907630256 0.8756342396113296 -0.11434326276915562
vn 0.22205162608156556 0.8689116887763421 -0.4423635975782569
vn 0.17411853559671114 0.9097526429800366 -0.3768724773083
vn 0.1714058120970953 0.8718454019536755 -0.4588089391801007
vn 0.1714058120970953 0.8718454019536755 -0.4588089391801007
vn 0.17411853559671114 0.9097526429800366 -0.3768724773083
vn 0.16238969179856877 0.8204169149362666 -0.5482204608403671
vn 0.1714058120970953 0.8718454019536755 -0.4588089391801007
vn 0.16238969179856877 0.8204169149362666 -0.5482204608403671
vn 0.22205162608156556 0.8689116887763421 -0.4423635975782569
vn 0.22205162608156556 0.8689116887763421 -0.4423635975782569
vn 0.16238969179856877 0.8204169149362666 -0.5482204608403671
vn 0.2197025239613576 0.7737447910716537 -0.5941799384483558
vn 0.22205162608156556 0.8689116887763421 -0.4423635975782569
vn 0.2197025239613576 0.7737447910716537 -0.5941799384483558
vn 0.269974454113452 0.8670255071166895 -0.4187846273864301
vn 0.269974454113452 0.8670255071166895 -0.4187846273864301
vn 0.2197025239613576 0.7737447910716537 -0.5941799384483558
vn 0.28380661541317476 0.7699564505515304 -0.5715075408967121
vn 0.269974454113452 0.8670255071166895 -0.4187846273864301
vn 0.28380661541317476 0.7699564505515304 -0.5715075408967121
vn 0.31413294962245386 0.8661359952399523 -0.3887530420603731
vn 0.31413294962245386 0.8661359952399523 -0.3887530420603731
vn 0.28380661541317476 0.7699564505515304 -0.5715075408967121
vn 0.34434226138162266 0.7676260186136983 -0.5405355701282502
vn 0.31413294962245386 0.8661359952399523 -0.3887530420603731
vn 0.34434226138162266 0.7676260186136983 -0.5405355701282502
vn 0.3537208618133751 0.8661527401579219 -0.35307362211715376
vn 0.3537208618133751 0.8661527401579219 -0.35307362211715376
vn 0.34434226138162266 0.7676260186136983 -0.5405355701282502
vn 0.4002658901749754 0.7666359821313655 -0.5020522762262024
vn 0.3537208618133751 0.8661527401579219 -0.35307362211715376
vn 0.4002658901749754 0.7666359821313655 -0.5020522762262024
vn 0.38892288521240725 0.866985633203281 -0.31156845343706197
vn 0.38892288521240725 0.866985633203281 -0.31156845343706197
vn 0.4002658901749754 0.7666359821313655 -0.5020522762262024
vn 0.4519256237358432 0.766857838449155 -0.45573269162970836
vn 0.38892288521240725 0.866985633203281 -0.31156845343706197
vn 0.4519256237358432 0.766857838449155 -0.45573269162970836
vn 0.41827655765581917 0.8684996790119838 -0.26599441511369987
vn 0.41827655765581917 0.8684996790119838 -0.26599441511369987
vn 0.4519256237358432 0.766857838449155 -0.45573269162970836
vn 0.4972188599541323 0.7681533099087267 -0.4033781077130745
vn 0.41827655765581917 0.8684996790119838 -0.26599441511369987
vn 0.4972188599541323 0.7681533099087267 -0.4033781077130745
vn 0.4415146592621606 0.8705426700901543 -0.21730224391138517
vn 0.4415146592621606 0.8705426700901543 -0.21730224391138517
vn 0.4972188599541323 0.7681533099087267 -0.4033781077130745
vn 0.5356323974267152 0.7703328660452206 -0.34595550337791375
vn 0.4415146592621606 0.8705426700901543 -0.21730224391138517
vn 0.5356323974267152 0.7703328660452206 -0.34595550337791375
vn 0.4585069659503042 0.8729661566019752 -0.16643753063123207
vn 0.4585069659503042 0.8729661566019752 -0.16643753063123207
vn 0.5356323974267152 0.7703328660452206 -0.34595550337791375
vn 0.5667789456046759 0.7732046504448483 -0.2844577215505176
vn 0.4585069659503042 0.8729661566019752 -0.16643753063123207
vn 0.5667789456046759 0.7732046504448483 -0.2844577215505176
vn 0.46924438907630256 0.8756342396113296 -0.11434326276915562
vn 0.46924438907630256 0.8756342396113296 -0.11434326276915562
vn 0.5667789456046759 0.7732046504448483 -0.2844577215505176
vn 0.5903838487292608 0.7765829650485805 -0.2199222807174856
vn 0.2197025239613576 0.7737447910716537 -0.5941799384483558
vn 0.16238969179856877 0.8204169149362666 -0.5482204608403671
vn 0.15332997198429263 0.7790666898841936 -0.6079021404833035
vn 0.15332997198429263 0.7790666898841936 -0.6079021404833035
vn 0.16238969179856877 0.8204169149362666 -0.5482204608403671
vn 0.1288103576113642 0.7011764502627026 -0.7012556433776688
vn 0.15332997198429263 0.7790666898841936 -0.6079021404833035
vn 0.1288103576113642 0.7011764502627026 -0.7012556433776688
vn 0.2197025239613576 0.7737447910716537 -0.5941799384483558
vn 0.2197025239613576 0.7737447910716537 -0.5941799384483558
vn 0.1288103576113642 0.7011764502627026 -0.7012556433776688
vn 0.19595540693105307 0.655195225932499 -0.7296031074562024
vn 0.2197025239613576 0.7737447910716537 -0.5941799384483558
vn 0.19595540693105307 0.655195225932499 -0.7296031074562024
vn 0.28380661541317476 0.7699564505515304 -0.5715075408967121
vn 0.28380661541317476 0.7699564505515304 -0.5715075408967121
vn 0.19595540693105307 0.655195225932499 -0.7296031074562024
vn 0.27424226047569156 0.6498545668377308 -0.7088583952591153
vn 0.28380661541317476 0.7699564505515304 -0.5715075408967121
vn 0.27424226047569156 0.6498545668377308 -0.7088583952591153
vn 0.34434226138162266 0.7676260186136983 -0.5405355701282502
vn 0.34434226138162266 0.7676260186136983 -0.5405355701282502
vn 0.27424226047569156 0.6498545668377308 -0.7088583952591153
vn 0.34926220757080073 0.646240707253691 -0.6785196081551513
vn 0.34434226138162266 0.7676260186136983 -0.5405355701282502
vn 0.34926220757080073 0.646240707253691 -0.6785196081551513
vn 0.4002658901749754 0.7666359821313655 -0.5020522762262024
vn 0.4002658901749754 0.7666359821313655 -0.5020522762262024
vn 0.34926220757080073 0.646240707253691 -0.6785196081551513
vn 0.41984970266872207 0.6441965511331992 -0.6393254497336057
vn 0.4002658901749754 0.7666359821313655 -0.5020522762262024
vn 0.41984970266872207 0.6441965511331992 -0.6393254497336057
vn 0.4519256237358432 0.766857838449155 -0.45573269162970836
vn 0.4519256237358432 0.766857838449155 -0.45573269162970836
vn 0.41984970266872207 0.6441965511331992 -0.6393254497336057
vn 0.4865964565049809 0.6435515669859138 -0.5908174583970681
vn 0.4519256237358432 0.766857838449155 -0.45573269162970836
vn 0.4865964565049809 0.6435515669859138 -0.5908174583970681
vn 0.4972188599541323 0.7681533099087267 -0.4033781077130745
vn 0.4972188599541323 0.7681533099087267 -0.4033781077130745
vn 0.4865964565049809 0.6435515669859138 -0.5908174583970681
vn 0.5469068789121384 0.6441837169953399 -0.5347150685707773
vn 0.4972188599541323 0.7681533099087267 -0.4033781077130745
vn 0.5469068789121384 0.6441837169953399 -0.5347150685707773
vn 0.5356323974267152 0.7703328660452206 -0.34595550337791375
vn 0.5356323974267152 0.7703328660452206 -0.34595550337791375
vn 0.5469068789121384 0.6441837169953399 -0.5347150685707773
vn 0.6001066897956769 0.6458984296571276 -0.47189742468987034
vn 0.5356323974267152 0.7703328660452206 -0.34595550337791375
vn 0.6001066897956769 0.6458984296571276 -0.47189742468987034
vn 0.5667789456046759 0.7732046504448483 -0.2844577215505176
vn 0.5667789456046759 0.7732046504448483 -0.2844577215505176
vn 0.6001066897956769 0.6458984296571276 -0.47189742468987034
vn 0.6456105877883532 0.6485007550575579 -0.40327873688722327
vn 0.5667789456046759 0.7732046504448483 -0.2844577215505176
vn 0.6456105877883532 0.6485007550575579 -0.40327873688722327
vn 0.5903838487292608 0.7765829650485805 -0.2199222807174856
vn 0.5903838487292608 0.7765829650485805 -0.2199222807174856
vn 0.6456105877883532 0.6485007550575579 -0.40327873688722327
vn 0.6829046615527513 0.6517983994155565 -0.32984855577801314
vn 0.19595540693105307 0.655195225932499 -0.7296031074562024
vn 0.1288103576113642 0.7011764502627026 -0.7012556433776688
vn 0.11584082164268938 0.6623961388270996 -0.7401434045562364
vn 0.11584082164268938 0.6623961388270996 -0.7401434045562364
vn 0.1288103576113642 0.7011764502627026 -0.7012556433776688
vn 0.06914577064829784 0.5542572067604027 -0.8294683906910554
vn 0.11584082164268938 0.6623961388270996 -0.7401434045562364
vn 0.06914577064829784 0.5542572067604027 -0.8294683906910554
vn 0.19595540693105307 0.655195225932499 -0.7296031074562024
vn 0.19595540693105307 0.655195225932499 -0.7296031074562024
vn 0.06914577064829784 0.5542572067604027 -0.8294683906910554
vn 0.1480816382311324 0.5156313005262292 -0.843917170305483
vn 0.19595540693105307 0.655195225932499 -0.7296031074562024
vn 0.1480816382311324 0.5156313005262292 -0.843917170305483
vn 0.27424226047569156 0.6498545668377308 -0.7088583952591153
vn 0.27424226047569156 0.6498545668377308 -0.7088583952591153
vn 0.1480816382311324 0.5156313005262292 -0.843917170305483
vn 0.23805182064173436 0.5096833158417344 -0.8267733959445782
vn 0.27424226047569156 0.6498545668377308 -0.7088583952591153
vn 0.23805182064173436 0.5096833158417344 -0.8267733959445782
vn 0.34926220757080073 0.646240707253691 -0.6785196081551513
vn 0.34926220757080073 0.646240707253691 -0.6785196081551513
vn 0.23805182064173436 0.5096833158417344 -0.8267733959445782
vn 0.32515563282602994 0.5054310501860737 -0.7992579483178799
vn 0.34926220757080073 0.646240707253691 -0.6785196081551513
vn 0.32515563282602994 0.5054310501860737 -0.7992579483178799
vn 0.41984970266872207 0.6441965511331992 -0.6393254497336057
vn 0.41984970266872207 0.6441965511331992 -0.6393254497336057
vn 0.32515563282602994 0.5054310501860737 -0.7992579483178799
vn 0.408204012018395 0.5026799511386961 -0.7620251644763999
vn 0.41984970266872207 0.6441965511331992 -0.6393254497336057
vn 0.408204012018395 0.5026799511386961 -0.7620251644763999
vn 0.4865964565049809 0.6435515669859138 -0.5908174583970681
vn 0.4865964565049809 0.6435515669859138 -0.5908174583970681
vn 0.408204012018395 0.5026799511386961 -0.7620251644763999
vn 0.4880820475628053 0.5012282191610188 -0.7145251480273965
vn 0.4865964565049809 0.6435515669859138 -0.5908174583970681
vn 0.4880820475628053 0.5012282191610188 -0.7145251480273965
vn 0.5469068789121384 0.6441837169953399 -0.5347150685707773
vn 0.5469068789121384 0.6441837169953399 -0.5347150685707773
vn 0.4880820475628053 0.5012282191610188 -0.7145251480273965
vn 0.5618542545683896 0.5009800015424783 -0.6582847671622802
vn 0.5469068789121384 0.6441837169953399 -0.5347150685707773
vn 0.5618542545683896 0.5009800015424783 -0.6582847671622802
vn 0.6001066897956769 0.6458984296571276 -0.47189742468987034
vn 0.6001066897956769 0.6458984296571276 -0.47189742468987034
vn 0.5618542545683896 0.5009800015424783 -0.6582847671622802
vn 0.6287772752797187 0.5017657853723128 -0.594028816406678
vn 0.6001066897956769 0.6458984296571276 -0.47189742468987034
vn 0.6287772752797187 0.5017657853723128 -0.594028816406678
vn 0.6456105877883532 0.6485007550575579 -0.40327873688722327
vn 0.6456105877883532 0.6485007550575579 -0.40327873688722327
vn 0.6287772752797187 0.5017657853723128 -0.594028816406678
vn 0.6881516045607642 0.5034236746824647 -0.5225054764398642
vn 0.6456105877883532 0.6485007550575579 -0.40327873688722327
vn 0.6881516045607642 0.5034236746824647 -0.5225054764398642
vn 0.6829046615527513 0.6517983994155565 -0.32984855577801314
vn 0.6829046615527513 0.6517983994155565 -0.32984855577801314
vn 0.6881516045607642 0.5034236746824647 -0.5225054764398642
vn 0.739291245885587 0.5057961005551613 -0.4445433144476808
vn 0.1480816382311324 0.5156313005262292 -0.843917170305483
vn 0.06914577064829784 0.5542572067604027 -0.8294683906910554
vn 0.0567165414103267 0.5234778136559184 -0.8501495236371485
vn 0.0567165414103267 0.5234778136559184 -0.8501495236371485
vn 0.06914577064829784 0.5542572067604027 -0.8294683906910554
vn -0.013185030721197128 0.3827066566422654 -0.9237758223327672
vn 0.0567165414103267 0.5234778136559184 -0.8501495236371485
vn -0.013185030721197128 0.3827066566422654 -0.9237758223327672
vn 0.1480816382311324 0.5156313005262292 -0.843917170305483
vn 0.1480816382311324 0.5156313005262292 -0.843917170305483
vn -0.013185030721197128 0.3827066566422654 -0.9237758223327672
vn 0.08037510955849908 0.35844368355400064 -0.930084924877131
vn 0.1480816382311324 0.5156313005262292 -0.843917170305483
vn 0.08037510955849908 0.35844368355400064 -0.930084924877131
vn 0.23805182064173436 0.5096833158417344 -0.8267733959445782
vn 0.23805182064173436 0.5096833158417344 -0.8267733959445782
vn 0.08037510955849908 0.35844368355400064 -0.930084924877131
vn 0.17876744835218913 0.35323031610951694 -0.9182976332272766
vn 0.23805182064173436 0.5096833158417344 -0.8267733959445782
vn 0.17876744835218913 0.35323031610951694 -0.9182976332272766
vn 0.32515563282602994 0.5054310501860737 -0.7992579483178799
vn 0.32515563282602994 0.5054310501860737 -0.7992579483178799
vn 0.17876744835218913 0.35323031610951694 -0.9182976332272766
vn 0.27473731946357766 0.3493479150356124 -0.8958099349495062
vn 0.32515563282602994 0.5054310501860737 -0.7992579483178799
vn 0.27473731946357766 0.3493479150356124 -0.8958099349495062
vn 0.408204012018395 0.5026799511386961 -0.7620251644763999
vn 0.408204012018395 0.5026799511386961 -0.7620251644763999
vn 0.27473731946357766 0.3493479150356124 -0.8958099349495062
vn 0.36715041825681693 0.34659766878457016 -0.8631747368678869
vn 0.408204012018395 0.5026799511386961 -0.7620251644763999
vn 0.36715041825681693 0.34659766878457016 -0.8631747368678869
vn 0.4880820475628053 0.5012282191610188 -0.7145251480273965
vn 0.4880820475628053 0.5012282191610188 -0.7145251480273965
vn 0.36715041825681693 0.34659766878457016 -0.8631747368678869
vn 0.45719016022563586 0.3447820969037638 -0.819818554954388
vn 0.4880820475628053 0.5012282191610188 -0.7145251480273965
vn 0.45719016022563586 0.3447820969037638 -0.819818554954388
vn 0.5618542545683896 0.5009800015424783 -0.6582847671622802
vn 0.5618542545683896 0.5009800015424783 -0.6582847671622802
vn 0.45719016022563586 0.3447820969037638 -0.819818554954388
vn 0.541737508754828 0.34383571018263354 -0.7670055254112037
vn 0.5618542545683896 0.5009800015424783 -0.6582847671622802
vn 0.541737508754828 0.34383571018263354 -0.7670055254112037
vn 0.6287772752797187 0.5017657853723128 -0.594028816406678
vn 0.6287772752797187 0.5017657853723128 -0.594028816406678
vn 0.541737508754828 0.34383571018263354 -0.7670055254112037
vn 0.6200652587498452 0.3436359346106021 -0.7052895996225845
vn 0.6287772752797187 0.5017657853723128 -0.594028816406678
vn 0.6200652587498452 0.3436359346106021 -0.7052895996225845
vn 0.6881516045607642 0.5034236746824647 -0.5225054764398642
vn 0.6881516045607642 0.5034236746824647 -0.5225054764398642
vn 0.6200652587498452 0.3436359346106021 -0.7052895996225845
vn 0.6914524689268742 0.34407542425803667 -0.6352208951511137
vn 0.6881516045607642 0.5034236746824647 -0.5225054764398642
vn 0.6914524689268742 0.34407542425803667 -0.6352208951511137
vn 0.739291245885587 0.5057961005551613 -0.4445433144476808
vn 0.739291245885587 0.5057961005551613 -0.4445433144476808
vn 0.6914524689268742 0.34407542425803667 -0.6352208951511137
vn 0.7551367924680181 0.3450549686105441 -0.5574096279203382
vn 0.08037510955849908 0.35844368355400064 -0.930084924877131
vn -0.013185030721197128 0.3827066566422654 -0.9237758223327672
vn -0.019027800898772103 0.365222822969781 -0.9307256482846816
vn -0.019027800898772103 0.365222822969781 -0.9307256482846816
vn -0.013185030721197128 0.3827066566422654 -0.9237758223327672
vn -0.09377481334173284 0.19416391110969333 -0.9764766561497055
vn -0.019027800898772103 0.365222822969781 -0.9307256482846816
vn -0.09377481334173284 0.19416391110969333 -0.9764766561497055
vn -0.09058332727993793 0.19406397475901538 -0.9767977449398765
vn -0.09058332727993793 0.19406397475901538 -0.9767977449398765
vn -0.09377481334173284 0.19416391110969333 -0.9764766561497055
vn -0.12817957302871535 0 -0.991750975325044
vn -0.09058332727993793 0.19406397475901538 -0.9767977449398765
vn -0.12817957302871535 0 -0.991750975325044
vn 0.18934108454747411 0 -0.9819113777232579
vn 0.48083258660968464 0 -0.8768124221600879
vn 0.4109438694838455 0.1815357775771361 -0.8934035468885876
vn 0.18934108454747411 0 -0.9819113777232579
vn 0.18934108454747411 0 -0.9819113777232579
vn 0.4109438694838455 0.1815357775771361 -0.8934035468885876
vn 0.31483998188672857 0.1828870440855423 -0.931358209772812
vn 0.18934108454747411 0 -0.9819113777232579
vn 0.31483998188672857 0.1828870440855423 -0.931358209772812
vn 0.2170453960464755 0.18467597410033995 -0.9585332965761384
vn 0.2170453960464755 0.18467597410033995 -0.9585332965761384
vn 0.31483998188672857 0.1828870440855423 -0.931358209772812
vn 0.36715041825681693 0.34659766878457016 -0.8631747368678869
vn 0.2170453960464755 0.18467597410033995 -0.9585332965761384
vn 0.36715041825681693 0.34659766878457016 -0.8631747368678869
vn 0.27473731946357766 0.3493479150356124 -0.8958099349495062
vn 0.7261579275052176 0 -0.6875279371206143
vn 0.6674623903202638 0.17965372172652477 -0.7226468693475179
vn 0.48083258660968464 0 -0.8768124221600879
vn 0.48083258660968464 0 -0.8768124221600879
vn 0.6674623903202638 0.17965372172652477 -0.7226468693475179
vn 0.5879236863886386 0.17997615445740964 -0.7886408072182901
vn 0.48083258660968464 0 -0.8768124221600879
vn 0.5879236863886386 0.17997615445740964 -0.7886408072182901
vn 0.5021920861284782 0.18058691330141644 -0.845689940447558
vn 0.5021920861284782 0.18058691330141644 -0.845689940447558
vn 0.5879236863886386 0.17997615445740964 -0.7886408072182901
vn 0.6200652587498452 0.3436359346106021 -0.7052895996225845
vn 0.5021920861284782 0.18058691330141644 -0.845689940447558
vn 0.6200652587498452 0.3436359346106021 -0.7052895996225845
vn 0.541737508754828 0.34383571018263354 -0.7670055254112037
vn 0.19374153436066444 0.973999572519719 0.11742678823411708
vn 0 0.9868605560566029 0.16157426434817004
vn 0.1431242930148648 0.9823027714614806 0.12081681144645962
vn 0.1431242930148648 0.9823027714614806 0.12081681144645962
vn 0 0.9868605560566029 0.16157426434817004
vn -0.029954267839459908 0.9834653877022117 0.17860171620099463
vn 0.1431242930148648 0.9823027714614806 0.12081681144645962
vn -0.029954267839459908 0.9834653877022117 0.17860171620099463
vn 0.15795951599594213 0.9817790833658704 0.10563438252576308
vn 0.15795951599594213 0.9817790833658704 0.10563438252576308
vn -0.029954267839459908 0.9834653877022117 0.17860171620099463
vn -0.010247679761597463 0.9831614505450165 0.1824514927911603
vn 0.15795951599594213 0.9817790833658704 0.10563438252576308
vn -0.010247679761597463 0.9831614505450165 0.1824514927911603
vn 0.17137112264173468 0.9812816963640113 0.08785312006684619
vn 0.17137112264173468 0.9812816963640113 0.08785312006684619
vn -0.010247679761597463 0.9831614505450165 0.1824514927911603
vn 0.010319219616268221 0.9830440319868864 0.18307906729464402
vn 0.17137112264173468 0.9812816963640113 0.08785312006684619
vn 0.010319219616268221 0.9830440319868864 0.18307906729464402
vn 0.18291316662971183 0.9807967966392457 0.06767877936019169
vn 0.18291316662971183 0.9807967966392457 0.06767877936019169
vn 0.010319219616268221 0.9830440319868864 0.18307906729464402
vn 0.03129102000181997 0.9831102779480805 0.1803193097260902
vn 0.18291316662971183 0.9807967966392457 0.06767877936019169
vn 0.03129102000181997 0.9831102779480805 0.1803193097260902
vn 0.19214463707915239 0.9803161376348773 0.045395029842012956
vn 0.19214463707915239 0.9803161376348773 0.045395029842012956
vn 0.03129102000181997 0.9831102779480805 0.1803193097260902
vn 0.05216571027443553 0.9833478872739212 0.17408524137754844
vn 0.19214463707915239 0.9803161376348773 0.045395029842012956
vn 0.05216571027443553 0.9833478872739212 0.17408524137754844
vn 0.19863950280960102 0.9798396843019381 0.0213668198530523
vn 0.19863950280960102 0.9798396843019381 0.0213668198530523
vn 0.05216571027443553 0.9833478872739212 0.17408524137754844
vn 0.07239923870848027 0.9837373239052981 0.16437526514069853
vn 0.19863950280960102 0.9798396843019381 0.0213668198530523
vn 0.07239923870848027 0.9837373239052981 0.16437526514069853
vn 0.20200088324373786 0.9793773565499282 -0.003954319919347129
vn 0.20200088324373786 0.9793773565499282 -0.003954319919347129
vn 0.07239923870848027 0.9837373239052981 0.16437526514069853
vn 0.09141142518263554 0.9842545729570304 0.15128412659381418
vn 0.20200088324373786 0.9793773565499282 -0.003954319919347129
vn 0.09141142518263554 0.9842545729570304 0.15128412659381418
vn 0.20188163654399033 0.978949579969965 -0.030025400962339167
vn 0.20188163654399033 0.978949579969965 -0.030025400962339167
vn 0.09141142518263554 0.9842545729570304 0.15128412659381418
vn 0.10859683203040787 0.9848740537724289 0.13501787392350026
vn 0.20188163654399033 0.978949579969965 -0.030025400962339167
vn 0.10859683203040787 0.9848740537724289 0.13501787392350026
vn 0.19815086450443353 0.9785939068201617 -0.05558957123956202
vn 0.19815086450443353 0.9785939068201617 -0.05558957123956202
vn 0.10859683203040787 0.9848740537724289 0.13501787392350026
vn 0.1230251120224984 0.9855538930047337 0.11639736163275191
vn 0.19815086450443353 0.9785939068201617 -0.05558957123956202
vn 0.1230251120224984 0.9855538930047337 0.11639736163275191
vn 0.19070331808326346 0.9783335996940924 -0.08059536079473098
vn 0.19070331808326346 0.9783335996940924 -0.08059536079473098
vn 0.1230251120224984 0.9855538930047337 0.11639736163275191
vn 0.13458593560535895 0.9862879321615943 0.09551303999788073
vn 0.19070331808326346 0.9783335996940924 -0.08059536079473098
vn 0.13458593560535895 0.9862879321615943 0.09551303999788073
vn 0.17953531087567748 0.97820471749129 -0.10431971446739698
vn 0 0.9868605560566029 0.16157426434817004
vn -0.1911375810874732 0.9609036265736283 0.20032634757734413
vn -0.029954267839459908 0.9834653877022117 0.17860171620099463
vn -0.029954267839459908 0.9834653877022117 0.17860171620099463
vn -0.1911375810874732 0.9609036265736283 0.20032634757734413
vn -0.2108767437227237 0.9489252909820696 0.23467379719835663
vn -0.029954267839459908 0.9834653877022117 0.17860171620099463
vn -0.2108767437227237 0.9489252909820696 0.23467379719835663
vn -0.010247679761597463 0.9831614505450165 0.1824514927911603
vn -0.010247679761597463 0.9831614505450165 0.1824514927911603
vn -0.2108767437227237 0.9489252909820696 0.23467379719835663
vn -0.18643264362430914 0.9479878027361036 0.25799611480568024
vn -0.010247679761597463 0.9831614505450165 0.1824514927911603
vn -0.18643264362430914 0.9479878027361036 0.25799611480568024
vn 0.010319219616268221 0.9830440319868864 0.18307906729464402
vn 0.010319219616268221 0.9830440319868864 0.18307906729464402
vn -0.18643264362430914 0.9479878027361036 0.25799611480568024
vn -0.1589378321729881 0.9474741916605374 0.27754535060303637
vn 0.010319219616268221 0.9830440319868864 0.18307906729464402
vn -0.1589378321729881 0.9474741916605374 0.27754535060303637
vn 0.03129102000181997 0.9831102779480805 0.1803193097260902
vn 0.03129102000181997 0.9831102779480805 0.1803193097260902
vn -0.1589378321729881 0.9474741916605374 0.27754535060303637
vn -0.12884942309020325 0.9474382968950144 0.29284552198385516
vn 0.03129102000181997 0.9831102779480805 0.1803193097260902
vn -0.12884942309020325 0.9474382968950144 0.29284552198385516
vn 0.05216571027443553 0.9833478872739212 0.17408524137754844
vn 0.05216571027443553 0.9833478872739212 0.17408524137754844
vn -0.12884942309020325 0.9474382968950144 0.29284552198385516
vn -0.0966975796037533 0.947913753569857 0.3034948004363174
vn 0.05216571027443553 0.9833478872739212 0.17408524137754844
vn -0.0966975796037533 0.947913753569857 0.3034948004363174
vn 0.07239923870848027 0.9837373239052981 0.16437526514069853
vn 0.07239923870848027 0.9837373239052981 0.16437526514069853
vn -0.0966975796037533 0.947913753569857 0.3034948004363174
vn -0.06308713943389795 0.948913273619427 0.309165994227875
vn 0.07239923870848027 0.9837373239052981 0.16437526514069853
vn -0.06308713943389795 0.948913273619427 0.309165994227875
vn 0.09141142518263554 0.9842545729570304 0.15128412659381418
vn 0.09141142518263554 0.9842545729570304 0.15128412659381418
vn -0.06308713943389795 0.948913273619427 0.309165994227875
vn -0.028704149000537933 0.9504292821069216 0.30961306746304573
vn 0.09141142518263554 0.9842545729570304 0.15128412659381418
vn -0.028704149000537933 0.9504292821069216 0.30961306746304573
vn 0.10859683203040787 0.9848740537724289 0.13501787392350026
vn 0.10859683203040787 0.9848740537724289 0.13501787392350026
vn -0.028704149000537933 0.9504292821069216 0.30961306746304573
vn 0.005676820109864282 0.9524351982031208 0.3046883111266698
vn 0.10859683203040787 0.9848740537724289 0.13501787392350026
vn 0.005676820109864282 0.9524351982031208 0.3046883111266698
vn 0.1230251120224984 0.9855538930047337 0.11639736163275191
vn 0.1230251120224984 0.9855538930047337 0.11639736163275191
vn 0.005676820109864282 0.9524351982031208 0.3046883111266698
vn 0.03840764044426658 0.9548238369599058 0.29467998494751413
vn 0.1230251120224984 0.9855538930047337 0.11639736163275191
vn 0.03840764044426658 0.9548238369599058 0.29467998494751413
vn 0.13458593560535895 0.9862879321615943 0.09551303999788073
vn -0.1911375810874732 0.9609036265736283 0.20032634757734413
vn -0.3721025201420465 0.8982449620771622 0.2338711239271226
vn -0.2108767437227237 0.9489252909820696 0.23467379719835663
vn -0.2108767437227237 0.9489252909820696 0.23467379719835663
vn -0.3721025201420465 0.8982449620771622 0.2338711239271226
vn -0.3803695623686929 0.8801041285038236 0.2841403157138638
vn -0.2108767437227237 0.9489252909820696 0.23467379719835663
vn -0.3803695623686929 0.8801041285038236 0.2841403157138638
vn -0.18643264362430914 0.9479878027361036 0.25799611480568024
vn -0.18643264362430914 0.9479878027361036 0.25799611480568024
vn -0.3803695623686929 0.8801041285038236 0.2841403157138638
vn -0.3511225889102169 0.878055877182626 0.3251627347991093
vn -0.18643264362430914 0.9479878027361036 0.25799611480568024
vn -0.3511225889102169 0.878055877182626 0.3251627347991093
vn -0.1589378321729881 0.9474741916605374 0.27754535060303637
vn -0.1589378321729881 0.9474741916605374 0.27754535060303637
vn -0.3511225889102169 0.878055877182626 0.3251627347991093
vn -0.3170260283189805 0.8766630677370897 0.361878934222604
vn -0.1589378321729881 0.9474741916605374 0.27754535060303637
vn -0.3170260283189805 0.8766630677370897 0.361878934222604
vn -0.12884942309020325 0.9474382968950144 0.29284552198385516
vn -0.12884942309020325 0.9474382968950144 0.29284552198385516
vn -0.3170260283189805 0.8766630677370897 0.361878934222604
vn -0.27856935041444514 0.8760475777078389 0.39362387961339684
vn -0.12884942309020325 0.9474382968950144 0.29284552198385516
vn -0.27856935041444514 0.8760475777078389 0.39362387961339684
vn -0.0966975796037533 0.947913753569857 0.3034948004363174
vn -0.0966975796037533 0.947913753569857 0.3034948004363174
vn -0.27856935041444514 0.8760475777078389 0.39362387961339684
vn -0.2363086476284388 0.8763078947112146 0.41981269242701214
vn -0.0966975796037533 0.947913753569857 0.3034948004363174
vn -0.2363086476284388 0.8763078947112146 0.41981269242701214
vn -0.06308713943389795 0.948913273619427 0.309165994227875
vn -0.06308713943389795 0.948913273619427 0.309165994227875
vn -0.2363086476284388 0.8763078947112146 0.41981269242701214
vn -0.19086935505140745 0.8775168821933146 0.43992386928647575
vn -0.06308713943389795 0.948913273619427 0.309165994227875
vn -0.19086935505140745 0.8775168821933146 0.43992386928647575
vn -0.028704149000537933 0.9504292821069216 0.30961306746304573
vn -0.028704149000537933 0.9504292821069216 0.30961306746304573
vn -0.19086935505140745 0.8775168821933146 0.43992386928647575
vn -0.14296304653552933 0.8797209900141171 0.45348930202802124
vn -0.028704149000537933 0.9504292821069216 0.30961306746304573
vn -0.14296304653552933 0.8797209900141171 0.45348930202802124
vn 0.005676820109864282 0.9524351982031208 0.3046883111266698
vn 0.005676820109864282 0.9524351982031208 0.3046883111266698
vn -0.14296304653552933 0.8797209900141171 0.45348930202802124
vn -0.09341381925383782 0.8829396724331232 0.46009932972794093
vn 0.005676820109864282 0.9524351982031208 0.3046883111266698
vn -0.09341381925383782 0.8829396724331232 0.46009932972794093
vn 0.03840764044426658 0.9548238369599058 0.29467998494751413
vn -0.3721025201420465 0.8982449620771622 0.2338711239271226
vn -0.5361885768192319 0.802416829790234 0.26197145141781597
vn -0.3803695623686929 0.8801041285038236 0.2841403157138638
vn -0.3803695623686929 0.8801041285038236 0.2841403157138638
vn -0.5361885768192319 0.802416829790234 0.26197145141781597
vn -0.5324056724099174 0.7810926200759382 0.3262491668167901
vn -0.3803695623686929 0.8801041285038236 0.2841403157138638
vn -0.5324056724099174 0.7810926200759382 0.3262491668167901
vn -0.3511225889102169 0.878055877182626 0.3251627347991093
vn -0.3511225889102169 0.878055877182626 0.3251627347991093
vn -0.5324056724099174 0.7810926200759382 0.3262491668167901
vn -0.4981356287980504 0.7780998770998143 0.3826505933344736
vn -0.3511225889102169 0.878055877182626 0.3251627347991093
vn -0.4981356287980504 0.7780998770998143 0.3826505933344736
vn -0.3170260283189805 0.8766630677370897 0.361878934222604
vn -0.3170260283189805 0.8766630677370897 0.361878934222604
vn -0.4981356287980504 0.7780998770998143 0.3826505933344736
vn -0.45764838587047424 0.7759106346076315 0.4341896383067337
vn -0.3170260283189805 0.8766630677370897 0.361878934222604
vn -0.45764838587047424 0.7759106346076315 0.4341896383067337
vn -0.27856935041444514 0.8760475777078389 0.39362387961339684
vn -0.27856935041444514 0.8760475777078389 0.39362387961339684
vn -0.45764838587047424 0.7759106346076315 0.4341896383067337
vn -0.41150334806390654 0.7746893574456756 0.48012643542363054
vn -0.27856935041444514 0.8760475777078389 0.39362387961339684
vn -0.41150334806390654 0.7746893574456756 0.48012643542363054
vn -0.2363086476284388 0.8763078947112146 0.41981269242701214
vn -0.2363086476284388 0.8763078947112146 0.41981269242701214
vn -0.41150334806390654 0.7746893574456756 0.48012643542363054
vn -0.36029471745320446 0.7745802939840267 0.5198202427252465
vn -0.2363086476284388 0.8763078947112146 0.41981269242701214
vn -0.36029471745320446 0.7745802939840267 0.5198202427252465
vn -0.19086935505140745 0.8775168821933146 0.43992386928647575
vn -0.19086935505140745 0.8775168821933146 0.43992386928647575
vn -0.36029471745320446 0.7745802939840267 0.5198202427252465
vn -0.3046516050001416 0.7757064089533121 0.5526906609303206
vn -0.19086935505140745 0.8775168821933146 0.43992386928647575
vn -0.3046516050001416 0.7757064089533121 0.5526906609303206
vn -0.14296304653552933 0.8797209900141171 0.45348930202802124
vn -0.14296304653552933 0.8797209900141171 0.45348930202802124
vn -0.3046516050001416 0.7757064089533121 0.5526906609303206
vn -0.24526006592909297 0.7781706204256349 0.5781850789901443
vn -0.14296304653552933 0.8797209900141171 0.45348930202802124
vn -0.24526006592909297 0.7781706204256349 0.5781850789901443
vn -0.09341381925383782 0.8829396724331232 0.46009932972794093
vn -0.5361885768192319 0.802416829790234 0.26197145141781597
vn -0.6779485309687319 0.6778797901241205 0.28436733198209835
vn -0.5324056724099174 0.7810926200759382 0.3262491668167901
vn -0.5324056724099174 0.7810926200759382 0.3262491668167901
vn -0.6779485309687319 0.6778797901241205 0.28436733198209835
vn -0.6624440025831372 0.6566687797844254 0.36049141057460227
vn -0.5324056724099174 0.7810926200759382 0.3262491668167901
vn -0.6624440025831372 0.6566687797844254 0.36049141057460227
vn -0.4981356287980504 0.7780998770998143 0.3826505933344736
vn -0.4981356287980504 0.7780998770998143 0.3826505933344736
vn -0.6624440025831372 0.6566687797844254 0.36049141057460227
vn -0.6231991182003517 0.653424452301507 0.42972007657169053
vn -0.4981356287980504 0.7780998770998143 0.3826505933344736
vn -0.6231991182003517 0.653424452301507 0.42972007657169053
vn -0.45764838587047424 0.7759106346076315 0.4341896383067337
vn -0.45764838587047424 0.7759106346076315 0.4341896383067337
vn -0.6231991182003517 0.653424452301507 0.42972007657169053
vn -0.576751091776581 0.6509888380864494 0.4935298479538766
vn -0.45764838587047424 0.7759106346076315 0.4341896383067337
vn -0.576751091776581 0.6509888380864494 0.4935298479538766
vn -0.41150334806390654 0.7746893574456756 0.48012643542363054
vn -0.41150334806390654 0.7746893574456756 0.48012643542363054
vn -0.576751091776581 0.6509888380864494 0.4935298479538766
vn -0.5237488945225256 0.6495265970425212 0.5511826332721257
vn -0.41150334806390654 0.7746893574456756 0.48012643542363054
vn -0.5237488945225256 0.6495265970425212 0.5511826332721257
vn -0.36029471745320446 0.7745802939840267 0.5198202427252465
vn -0.36029471745320446 0.7745802939840267 0.5198202427252465
vn -0.5237488945225256 0.6495265970425212 0.5511826332721257
vn -0.4648335709427928 0.6491890039986221 0.6020659336084782
vn -0.36029471745320446 0.7745802939840267 0.5198202427252465
vn -0.4648335709427928 0.6491890039986221 0.6020659336084782
vn -0.3046516050001416 0.7757064089533121 0.5526906609303206
vn -0.3046516050001416 0.7757064089533121 0.5526906609303206
vn -0.4648335709427928 0.6491890039986221 0.6020659336084782
vn -0.4006333664686586 0.6501160630205031 0.6456330306565107
vn -0.3046516050001416 0.7757064089533121 0.5526906609303206
vn -0.4006333664686586 0.6501160630205031 0.6456330306565107
vn -0.24526006592909297 0.7781706204256349 0.5781850789901443
vn -0.6779485309687319 0.6778797901241205 0.28436733198209835
vn -0.7929055772855923 0.5298330298134992 0.3009613032069897
vn -0.6624440025831372 0.6566687797844254 0.36049141057460227
vn -0.6624440025831372 0.6566687797844254 0.36049141057460227
vn -0.7929055772855923 0.5298330298134992 0.3009613032069897
vn -0.7672232772653185 0.5117112319816595 0.38667823559915615
vn -0.6624440025831372 0.6566687797844254 0.36049141057460227
vn -0.7672232772653185 0.5117112319816595 0.38667823559915615
vn -0.6231991182003517 0.653424452301507 0.42972007657169053
vn -0.6231991182003517 0.653424452301507 0.42972007657169053
vn -0.7672232772653185 0.5117112319816595 0.38667823559915615
vn -0.723573773840261 0.509073419077619 0.4661386572675408
vn -0.6231991182003517 0.653424452301507 0.42972007657169053
vn -0.723573773840261 0.509073419077619 0.4661386572675408
vn -0.576751091776581 0.6509888380864494 0.4935298479538766
vn -0.576751091776581 0.6509888380864494 0.4935298479538766
vn -0.723573773840261 0.509073419077619 0.4661386572675408
vn -0.6720126312423226 0.5070925880418411 0.539681508487921
vn -0.576751091776581 0.6509888380864494 0.4935298479538766
vn -0.6720126312423226 0.5070925880418411 0.539681508487921
vn -0.5237488945225256 0.6495265970425212 0.5511826332721257
vn -0.5237488945225256 0.6495265970425212 0.5511826332721257
vn -0.6720126312423226 0.5070925880418411 0.539681508487921
vn -0.6132752873049346 0.5058966348853016 0.6065987279848002
vn -0.5237488945225256 0.6495265970425212 0.5511826332721257
vn -0.6132752873049346 0.5058966348853016 0.6065987279848002
vn -0.4648335709427928 0.6491890039986221 0.6020659336084782
vn -0.4648335709427928 0.6491890039986221 0.6020659336084782
vn -0.6132752873049346 0.5058966348853016 0.6065987279848002
vn -0.5480492076860531 0.5056081824627661 0.6663350747044521
vn -0.4648335709427928 0.6491890039986221 0.6020659336084782
vn -0.5480492076860531 0.5056081824627661 0.6663350747044521
vn -0.4006333664686586 0.6501160630205031 0.6456330306565107
vn -0.7929055772855923 0.5298330298134992 0.3009613032069897
vn -0.8777499292134684 0.3636444051397748 0.3119580234202842
vn -0.7672232772653185 0.5117112319816595 0.38667823559915615
vn -0.7672232772653185 0.5117112319816595 0.38667823559915615
vn -0.8777499292134684 0.3636444051397748 0.3119580234202842
vn -0.8443393808238429 0.35092163505556856 0.40490124232945507
vn -0.7672232772653185 0.5117112319816595 0.38667823559915615
vn -0.8443393808238429 0.35092163505556856 0.40490124232945507
vn -0.723573773840261 0.509073419077619 0.4661386572675408
vn -0.723573773840261 0.509073419077619 0.4661386572675408
vn -0.8443393808238429 0.35092163505556856 0.40490124232945507
vn -0.7973892951039775 0.3494721974426422 0.4919750961869843
vn -0.723573773840261 0.509073419077619 0.4661386572675408
vn -0.7973892951039775 0.3494721974426422 0.4919750961869843
vn -0.6720126312423226 0.5070925880418411 0.539681508487921
vn -0.6720126312423226 0.5070925880418411 0.539681508487921
vn -0.7973892951039775 0.3494721974426422 0.4919750961869843
vn -0.7419954867186769 0.3484214107017583 0.5727523184184508
vn -0.6720126312423226 0.5070925880418411 0.539681508487921
vn -0.7419954867186769 0.3484214107017583 0.5727523184184508
vn -0.6132752873049346 0.5058966348853016 0.6065987279848002
vn -0.6132752873049346 0.5058966348853016 0.6065987279848002
vn -0.7419954867186769 0.3484214107017583 0.5727523184184508
vn -0.6789606512547383 0.34784153172727295 0.6465436588919314
vn -0.6132752873049346 0.5058966348853016 0.6065987279848002
vn -0.6789606512547383 0.34784153172727295 0.6465436588919314
vn -0.5480492076860531 0.5056081824627661 0.6663350747044521
vn -0.8777499292134684 0.3636444051397748 0.3119580234202842
vn -0.929921052652003 0.18490982391421232 0.3178917942549093
vn -0.8443393808238429 0.35092163505556856 0.40490124232945507
vn -0.8443393808238429 0.35092163505556856 0.40490124232945507
vn -0.929921052652003 0.18490982391421232 0.3178917942549093
vn -0.891859012151929 0.17879856788849252 0.41547391562456665
vn -0.8443393808238429 0.35092163505556856 0.40490124232945507
vn -0.891859012151929 0.17879856788849252 0.41547391562456665
vn -0.7973892951039775 0.3494721974426422 0.4919750961869843
vn -0.7973892951039775 0.3494721974426422 0.4919750961869843
vn -0.891859012151929 0.17879856788849252 0.41547391562456665
vn -0.843023295683122 0.17848937893263658 0.5073985263516333
vn -0.7973892951039775 0.3494721974426422 0.4919750961869843
vn -0.843023295683122 0.17848937893263658 0.5073985263516333
vn -0.7419954867186769 0.3484214107017583 0.5727523184184508
vn -0.7419954867186769 0.3484214107017583 0.5727523184184508
vn -0.843023295683122 0.17848937893263658 0.5073985263516333
vn -0.7853555828531912 0.17831872412708125 0.5928060737770946
vn -0.7419954867186769 0.3484214107017583 0.5727523184184508
vn -0.7853555828531912 0.17831872412708125 0.5928060737770946
vn -0.6789606512547383 0.34784153172727295 0.6465436588919314
vn 0.18934108454747411 0 -0.9819113777232579
vn 0.2170453960464755 0.18467597410033995 -0.9585332965761384
vn 0.11614038575858066 0.18703617270599948 -0.9754634185326171
vn 0.11614038575858066 0.18703617270599948 -0.9754634185326171
vn 0.2170453960464755 0.18467597410033995 -0.9585332965761384
vn 0.27473731946357766 0.3493479150356124 -0.8958099349495062
vn 0.11614038575858066 0.18703617270599948 -0.9754634185326171
vn 0.27473731946357766 0.3493479150356124 -0.8958099349495062
vn 0.17876744835218913 0.35323031610951694 -0.9182976332272766
vn 0.48083258660968464 0 -0.8768124221600879
vn 0.5021920861284782 0.18058691330141644 -0.845689940447558
vn 0.4109438694838455 0.1815357775771361 -0.8934035468885876
vn 0.4109438694838455 0.1815357775771361 -0.8934035468885876
vn 0.5021920861284782 0.18058691330141644 -0.845689940447558
vn 0.541737508754828 0.34383571018263354 -0.7670055254112037
vn 0.4109438694838455 0.1815357775771361 -0.8934035468885876
vn 0.541737508754828 0.34383571018263354 -0.7670055254112037
vn 0.45719016022563586 0.3447820969037638 -0.819818554954388
vn 0.7261579275052176 0 -0.6875279371206143
vn 0.7400561304897825 0.17957801288551115 -0.6481270407972356
vn 0.6674623903202638 0.17965372172652477 -0.7226468693475179
vn 0.6674623903202638 0.17965372172652477 -0.7226468693475179
vn 0.7400561304897825 0.17957801288551115 -0.6481270407972356
vn 0.7551367924680181 0.3450549686105441 -0.5574096279203382
vn 0.6674623903202638 0.17965372172652477 -0.7226468693475179
vn 0.7551367924680181 0.3450549686105441 -0.5574096279203382
vn 0.6914524689268742 0.34407542425803667 -0.6352208951511137
vn 0.3218719411440505 0.9464776402604496 0.024052650398072056
vn 0.4738346067339968 0.8784313141628162 -0.06196121173303814
vn 0.31297499722316685 0.9479825900785069 0.05810043047348377
vn 0.31297499722316685 0.9479825900785069 0.05810043047348377
vn 0.4738346067339968 0.8784313141628162 -0.06196121173303814
vn 0.47250607343955303 0.8812680967180251 -0.010225080426348853
vn 0.4738346067339968 0.8784313141628162 -0.06196121173303814
vn 0.6062926430776525 0.7802967767062624 -0.1534476171588593
vn 0.47250607343955303 0.8812680967180251 -0.010225080426348853
vn 0.47250607343955303 0.8812680967180251 -0.010225080426348853
vn 0.6062926430776525 0.7802967767062624 -0.1534476171588593
vn 0.6144935410236841 0.7841989370297867 -0.08619579572999127
vn 0.6062926430776525 0.7802967767062624 -0.1534476171588593
vn 0.7115593200101286 0.6556066355998174 -0.25271183878918674
vn 0.6144935410236841 0.7841989370297867 -0.08619579572999127
vn 0.6144935410236841 0.7841989370297867 -0.08619579572999127
vn 0.7115593200101286 0.6556066355998174 -0.25271183878918674
vn 0.7312683911816373 0.6597562447610467 -0.17311336620094264
vn 0.7115593200101286 0.6556066355998174 -0.25271183878918674
vn 0.7815306288580701 0.5087289175653358 -0.36111599880026296
vn 0.7312683911816373 0.6597562447610467 -0.17311336620094264
vn 0.7312683911816373 0.6597562447610467 -0.17311336620094264
vn 0.7815306288580701 0.5087289175653358 -0.36111599880026296
vn 0.8142690377340308 0.5120746294118117 -0.27339624741472046
vn 0.8048503105843614 0.179711208188337 -0.5656145853880937
vn 0.8609054759541573 0.18001665521247376 -0.4758526718620577
vn 0.8561307702858625 0.34825150257032905 -0.3817865832205787
vn 0.7815306288580701 0.5087289175653358 -0.36111599880026296
vn 0.8103057016026572 0.34647842055054656 -0.47260699745456997
vn 0.8142690377340308 0.5120746294118117 -0.27339624741472046
vn 0.8142690377340308 0.5120746294118117 -0.27339624741472046
vn 0.8103057016026572 0.34647842055054656 -0.47260699745456997
vn 0.8561307702858625 0.34825150257032905 -0.3817865832205787
vn 0.8103057016026572 0.34647842055054656 -0.47260699745456997
vn 0.8048503105843614 0.179711208188337 -0.5656145853880937
vn 0.8561307702858625 0.34825150257032905 -0.3817865832205787
vn 0.6674623903202638 0.17965372172652477 -0.7226468693475179
vn 0.6914524689268742 0.34407542425803667 -0.6352208951511137
vn 0.5879236863886386 0.17997615445740964 -0.7886408072182901
vn 0.5879236863886386 0.17997615445740964 -0.7886408072182901
vn 0.6914524689268742 0.34407542425803667 -0.6352208951511137
vn 0.6200652587498452 0.3436359346106021 -0.7052895996225845
vn 0.4109438694838455 0.1815357775771361 -0.8934035468885876
vn 0.45719016022563586 0.3447820969037638 -0.819818554954388
vn 0.31483998188672857 0.1828870440855423 -0.931358209772812
vn 0.31483998188672857 0.1828870440855423 -0.931358209772812
vn 0.45719016022563586 0.3447820969037638 -0.819818554954388
vn 0.36715041825681693 0.34659766878457016 -0.8631747368678869
vn 0.18934108454747411 0 -0.9819113777232579
vn 0.11614038575858066 0.18703617270599948 -0.9754634185326171
vn 0.013163600203291376 0.19010658604026917 -0.9816752037073166
vn 0.013163600203291376 0.19010658604026917 -0.9816752037073166
vn 0.11614038575858066 0.18703617270599948 -0.9754634185326171
vn 0.17876744835218913 0.35323031610951694 -0.9182976332272766
vn 0.013163600203291376 0.19010658604026917 -0.9816752037073166
vn 0.17876744835218913 0.35323031610951694 -0.9182976332272766
vn 0.08037510955849908 0.35844368355400064 -0.930084924877131
vn 0.04423369876164663 0.6883468614972631 0.7240317521771622
vn 0.04721652968561437 0.7062782263578089 0.7063580298243344
vn -0.03199773016164438 0.6775739930500396 0.7347582113911536
vn 0.06847597806870818 0.8116287675550627 0.5801463471440494
vn 0.07280345973950443 0.8292466038055114 0.5541206784870816
vn 0.006986140127343403 0.8020800149885672 0.5971757223816627
vn 0.09546996106635955 0.9046271505414951 0.4153735728680427
vn 0.10090934369461872 0.9191492112425532 0.38076506119563247
vn 0.05129425938393415 0.8979769785229217 0.4370426123355685
vn -0.019027800898772103 0.365222822969781 -0.9307256482846816
vn -0.09058332727993793 0.19406397475901538 -0.9767977449398765
vn 0.08037510955849908 0.35844368355400064 -0.930084924877131
vn 0.08037510955849908 0.35844368355400064 -0.930084924877131
vn -0.09058332727993793 0.19406397475901538 -0.9767977449398765
vn 0.013163600203291376 0.19010658604026917 -0.9816752037073166
vn -0.09058332727993793 0.19406397475901538 -0.9767977449398765
vn 0.18934108454747411 0 -0.9819113777232579
vn 0.013163600203291376 0.19010658604026917 -0.9816752037073166
vn -1 0 0
vn -1 0 0
vn -1 0 0
vn -1 0 0
vn -1 0 0
vn -1 0 0
vn -1 0 0
vn -1 0 0
vn -1 0 0
vn -1 0 0
vn -1 0 0
vn -1 0 0
vn -1 0 0
vn -1 0 0
vn -1 0 0
vn -1 0 0
vn -1 0 0
vn -1 0 0
vn -1 0 0
vn -1 0 0
vn -1 0 0
vn -1 0 0
vn -1 0 0
vn -1 0 0
vn -1 0 0
vn -1 0 0
vn -1 0 0
vn -1 0 0
vn -1 0 0
vn -1 0 0
vn -1 0 0
vn -1 0 0
vn -1 0 0
vn -1 0 0
vn -1 0 0
vn -1 0 0
vn -1 0 0
vn -1 0 0
vn -1 0 0
vn -1 0 0
vn -1 0 0
vn -1 0 0
vn -1 0 0
vn -1 0 0
vn -1 0 0
vn -1 0 0
vn -1 0 0
vn -1 0 0
vn -1 0 0
vn -1 0 0
vn -1 0 0
vn -1 0 0
vn -1 0 0
vn -1 0 0
vn -1 0 0
vn -1 0 0
vn -1 0 0
vn -1 0 0
vn -1 0 0
vn -1 0 0
vn -1 0 0
vn -1 0 0
vn -1 0 0
vn -1 0 0
vn -1 0 0
vn -1 0 0
vn -1 0 0
vn -1 0 0
vn -1 0 0
vn -1 0 0
vn -1 0 0
vn -1 0 0
vn -1 0 0
vn -1 0 0
vn -1 0 0
vn -1 0 0
vn -1 0 0
vn -1 0 0
vn -1 0 0
vn -1 0 0
vn -1 0 0
vn -1 0 0
vn -1 0 0
vn -1 0 0
vn -1 0 0
vn -1 0 0
vn -1 0 0
vn -1 0 0
vn -1 0 0
vn -1 0 0
vn -1 0 0
vn -1 0 0
vn -1 0 0
vn -1 0 0
vn -1 0 0
vn -1 0 0
vn -1 0 0
vn -1 0 0
vn -1 0 0
vn -1 0 0
vn -1 0 0
vn -1 0 0
vn -1 0 0
vn -1 0 0
vn -1 0 0
vn -1 0 0
vn -1 0 0
vn -1 0 0
vn 1 0 0
vn 1 0 0
vn 1 0 0
vn 1 0 0
vn 1 0 0
vn 1 0 0
vn 1 0 0
vn 1 0 0
vn 1 0 0
vn 1 0 0
vn 1 0 0
vn 1 0 0
vn 1 0 0
vn 1 0 0
vn 1 0 0
vn 1 0 0
vn 1 0 0
vn 1 0 0
vn 1 0 0
vn 1 0 0
vn 1 0 0
vn 1 0 0
vn 1 0 0
vn 1 0 0
vn 1 0 0
vn 1 0 0
vn 1 0 0
vn 1 0 0
vn 1 0 0
vn 1 0 0
vn 1 0 0
vn 1 0 0
vn 1 0 0
vn 1 0 0
vn 1 0 0
vn 1 0 0
vn 1 0 0
vn 1 0 0
vn 1 0 0
vn 1 0 0
vn 1 0 0
vn 1 0 0
vn 1 0 0
vn 1 0 0
vn 1 0 0
vn 1 0 0
vn 1 0 0
vn 1 0 0
vn 1 0 0
vn 1 0 0
vn 1 0 0
vn 1 0 0
vn 1 0 0
vn 1 0 0
vn 1 0 0
vn 1 0 0
vn 1 0 0
vn 1 0 0
vn 1 0 0
vn 1 0 0
vn 1 0 0
vn 1 0 0
vn 1 0 0
vn 1 0 0
vn 1 0 0
vn 1 0 0
vn 1 0 0
vn 1 0 0
vn 1 0 0
vn 1 0 0
vn 1 0 0
vn 1 0 0
vn 1 0 0
vn 1 0 0
vn 1 0 0
vn 1 0 0
vn 1 0 0
vn 1 0 0
vn 1 0 0
vn 1 0 0
vn 1 0 0
vn 1 0 0
vn 1 0 0
vn 1 0 0
vn 1 0 0
vn 1 0 0
vn 1 0 0
vn 1 0 0
vn 1 0 0
vn 1 0 0
vn 1 0 0
vn 1 0 0
vn 1 0 0
vn 1 0 0
vn 1 0 0
vn 1 0 0
vn 1 0 0
vn 1 0 0
vn 1 0 0
vn 1 0 0
vn 1 0 0
vn 1 0 0
vn 1 0 0
vn 1 0 0
vn 1 0 0
vn 1 0 0
vn 1 0 0
vn 1 0 0
vn 0 -1 0
vn 0 -1 0
vn 0 -0.9396926178244733 0.34202015146214465
vn 0 -0.9396926178244733 0.34202015146214465
vn 0 -1 0
vn 0 -0.9396926178244733 0.34202015146214465
vn 0 -0.9396926178244733 0.34202015146214465
vn 0 -0.9396926178244733 0.34202015146214465
vn 0 -0.7660444426892987 0.6427876101986112
vn 0 -0.7660444426892987 0.6427876101986112
vn 0 -0.9396926178244733 0.34202015146214465
vn 0 -0.7660444426892987 0.6427876101986112
vn 0 -0.7660444426892987 0.6427876101986112
vn 0 -0.7660444426892987 0.6427876101986112
vn 0 -0.5000000056982041 0.866025400494579
vn 0 -0.5000000056982041 0.866025400494579
vn 0 -0.7660444426892987 0.6427876101986112
vn 0 -0.5000000056982041 0.866025400494579
vn 0 -0.5000000056982041 0.866025400494579
vn 0 -0.5000000056982041 0.866025400494579
vn 0 -0.17364818783899005 0.9848077512185995
vn 0 -0.17364818783899005 0.9848077512185995
vn 0 -0.5000000056982041 0.866025400494579
vn 0 -0.17364818783899005 0.9848077512185995
vn 0 -0.17364818783899005 0.9848077512185995
vn 0 -0.17364818783899005 0.9848077512185995
vn 0 0.17364818783899005 0.9848077512185995
vn 0 0.17364818783899005 0.9848077512185995
vn 0 -0.17364818783899005 0.9848077512185995
vn 0 0.17364818783899005 0.9848077512185995
vn 0 0.17364818783899005 0.9848077512185995
vn 0 0.17364818783899005 0.9848077512185995
vn 0 0.5000000056982041 0.866025400494579
vn 0 0.5000000056982041 0.866025400494579
vn 0 0.17364818783899005 0.9848077512185995
vn 0 0.5000000056982041 0.866025400494579
vn 0 0.5000000056982041 0.866025400494579
vn 0 0.5000000056982041 0.866025400494579
vn 0 0.7660444426892987 0.6427876101986112
vn 0 0.7660444426892987 0.6427876101986112
vn 0 0.5000000056982041 0.866025400494579
vn 0 0.7660444426892987 0.6427876101986112
vn 0 0.7660444426892987 0.6427876101986112
vn 0 0.7660444426892987 0.6427876101986112
vn 0 0.9396926178244733 0.34202015146214465
vn 0 0.9396926178244733 0.34202015146214465
vn 0 0.7660444426892987 0.6427876101986112
vn 0 0.9396926178244733 0.34202015146214465
vn 0 0.9396926178244733 0.34202015146214465
vn 0 0.9396926178244733 0.34202015146214465
vn 0 1 0
vn 0 1 0
vn 0 0.9396926178244733 0.34202015146214465
vn 0 1 0
vn 0.2588190457746896 0 0.9659258261089613
vn 0.2588190457746896 0 0.9659258261089613
vn 0.2588190457746896 0 0.9659258261089613
vn 0.2588190457746896 0 0.9659258261089613
vn 0.2588190457746896 0 0.9659258261089613
vn 0.2588190457746896 0 0.9659258261089613
vn 0.2588190457746896 0 0.9659258261089613
vn 0.2588190457746896 0 0.9659258261089613
vn 0.2588190457746896 0 0.9659258261089613
vn 0.2588190457746896 0 0.9659258261089613
vn 0.2588190457746896 0 0.9659258261089613
vn 0.2588190457746896 0 0.9659258261089613
vn 0.2588190457746896 0 0.9659258261089613
vn 0.2588190457746896 0 0.9659258261089613
vn 0.2588190457746896 0 0.9659258261089613
vn 0.2588190457746896 0 0.9659258261089613
vn 0.2588190457746896 0 0.9659258261089613
vn 0.2588190457746896 0 0.9659258261089613
vn 0.2588190457746896 0 0.9659258261089613
vn 0.2588190457746896 0 0.9659258261089613
vn 0.2588190457746896 0 0.9659258261089613
vn 0.2588190457746896 0 0.9659258261089613
vn 0.2588190457746896 0 0.9659258261089613
vn 0.2588190457746896 0 0.9659258261089613
vn 0.2588190457746896 0 0.9659258261089613
vn 0.2588190457746896 0 0.9659258261089613
vn 0.2588190457746896 0 0.9659258261089613
vn 0.2588190457746896 0 0.9659258261089613
vn 0.2588190457746896 0 0.9659258261089613
vn 0.2588190457746896 0 0.9659258261089613
vn 0.2588190457746896 0 0.9659258261089613
vn 0.2588190457746896 0 0.9659258261089613
vn 0.2588190457746896 0 0.9659258261089613
vn 0.2588190457746896 0 0.9659258261089613
vn 0.2588190457746896 0 0.9659258261089613
vn 0.2588190457746896 0 0.9659258261089613
vn 0.2588190457746896 0 0.9659258261089613
vn 0.2588190457746896 0 0.9659258261089613
vn 0.2588190457746896 0 0.9659258261089613
vn 0.2588190457746896 0 0.9659258261089613
vn 0.2588190457746896 0 0.9659258261089613
vn 0.2588190457746896 0 0.9659258261089613
vn 0.2588190457746896 0 0.9659258261089613
vn 0.2588190457746896 0 0.9659258261089613
vn 0.2588190457746896 0 0.9659258261089613
vn 0.2588190457746896 0 0.9659258261089613
vn 0.2588190457746896 0 0.9659258261089613
vn 0.2588190457746896 0 0.9659258261089613
vn 0.2588190457746896 0 0.9659258261089613
vn 0.2588190457746896 0 0.9659258261089613
vn 0.2588190457746896 0 0.9659258261089613
vn 0.2588190457746896 0 0.9659258261089613
vn 0.2588190457746896 0 0.9659258261089613
vn 0.2588190457746896 0 0.9659258261089613
vn 0.2588190457746896 0 0.9659258261089613
vn 0.2588190457746896 0 0.9659258261089613
vn 0.2588190457746896 0 0.9659258261089613
vn 0.2588190457746896 0 0.9659258261089613
vn 0.2588190457746896 0 0.9659258261089613
vn 0.2588190457746896 0 0.9659258261089613
vn 0.2588190457746896 0 0.9659258261089613
vn 0.2588190457746896 0 0.9659258261089613
vn 0.2588190457746896 0 0.9659258261089613
vn 0.2588190457746896 0 0.9659258261089613
vn 0.2588190457746896 0 0.9659258261089613
vn 0.2588190457746896 0 0.9659258261089613
vn 0.2588190457746896 0 0.9659258261089613
vn 0.2588190457746896 0 0.9659258261089613
vn 0.2588190457746896 0 0.9659258261089613
vn 0.2588190457746896 0 0.9659258261089613
vn 0.2588190457746896 0 0.9659258261089613
vn 0.2588190457746896 0 0.9659258261089613
vn 0.2588190457746896 0 0.9659258261089613
vn 0.2588190457746896 0 0.9659258261089613
vn 0.2588190457746896 0 0.9659258261089613
vn 0.2588190457746896 0 0.9659258261089613
vn 0.2588190457746896 0 0.9659258261089613
vn 0.2588190457746896 0 0.9659258261089613
vn 0.2588190457746896 0 0.9659258261089613
vn 0.2588190457746896 0 0.9659258261089613
vn 0.2588190457746896 0 0.9659258261089613
vn 0.2588190457746896 0 0.9659258261089613
vn 0.2588190457746896 0 0.9659258261089613
vn 0.2588190457746896 0 0.9659258261089613
vn 0.2588190457746896 0 0.9659258261089613
vn 0.2588190457746896 0 0.9659258261089613
vn 0.2588190457746896 0 0.9659258261089613
vn 0.2588190457746896 0 0.9659258261089613
vn 0.2588190457746896 0 0.9659258261089613
vn 0.2588190457746896 0 0.9659258261089613
vn 0.2588190457746896 0 0.9659258261089613
vn 0.2588190457746896 0 0.9659258261089613
vn 0.2588190457746896 0 0.9659258261089613
vn 0.2588190457746896 0 0.9659258261089613
vn 0.2588190457746896 0 0.9659258261089613
vn 0.2588190457746896 0 0.9659258261089613
vn 0.2588190457746896 0 0.9659258261089613
vn 0.2588190457746896 0 0.9659258261089613
vn 0.2588190457746896 0 0.9659258261089613
vn 0.2588190457746896 0 0.9659258261089613
vn 0.2588190457746896 0 0.9659258261089613
vn 0.2588190457746896 0 0.9659258261089613
vn 0.2588190457746896 0 0.9659258261089613
vn 0.2588190457746896 0 0.9659258261089613
vn 0.2588190457746896 0 0.9659258261089613
vn 0.2588190457746896 0 0.9659258261089613
vn 0.2588190457746896 0 0.9659258261089613
vn 0.2588190457746896 0 0.9659258261089613
vn 0 0 -1
vn 0 0 -1
vn 0 0 -1
vn 0 0 -1
vn 0 0 -1
vn 0 0 -1
vn 0 0 -1
vn 0 0 -1
vn 0 0 -1
vn 0 0 -1
vn 0 0 -1
vn 0 0 -1
vn 0 0 -1
vn 0 0 -1
vn 0 0 -1
vn 0 0 -1
vn 0 0 -1
vn 0 0 -1
vn 0 0 -1
vn 0 0 -1
vn 0 0 -1
vn 0 0 -1
vn 0 0 -1
vn 0 0 -1
vn 0 0 -1
vn 0 0 -1
vn 0 0 -1
vn 0 0 -1
vn 0 0 -1
vn 0 0 -1
vn 0 0 -1
vn 0 0 -1
vn 0 0 -1
vn 0 0 -1
vn 0 0 -1
vn 0 0 -1
vn 0 0 -1
vn 0 0 -1
vn 0 0 -1
vn 0 0 -1
vn 0 0 -1
vn 0 0 -1
vn 0 0 -1
vn 0 0 -1
vn 0 0 -1
vn 0 0 -1
vn 0 0 -1
vn 0 0 -1
vn 0 0 -1
vn 0 0 -1
vn 0 0 -1
vn 0 0 -1
vn 0 0 -1
vn 0 0 -1
vn 0 0 -1
vn 0 0 -1
vn 0 0 -1
vn 0 0 -1
vn 0 0 -1
vn 0 0 -1
vn 0 0 -1
vn 0 0 -1
vn 0 0 -1
vn 0 0 -1
vn 0 0 -1
vn 0 0 -1
vn 0 0 -1
vn 0 0 -1
vn 0 0 -1
vn 0 0 -1
vn 0 0 -1
vn 0 0 -1
vn 0 0 -1
vn 0 0 -1
vn 0 0 -1
vn 0 0 -1
vn 0 0 -1
vn 0 0 -1
vn 0 0 -1
vn 0 0 -1
vn 0 0 -1
vn 0 0 -1
vn 0 0 -1
vn 0 0 -1
vn 0 0 -1
vn 0 0 -1
vn 0 0 -1
vn 0 0 -1
vn 0 0 -1
vn 0 0 -1
vn 0 0 -1
vn 0 0 -1
vn 0 0 -1
vn 0 0 -1
vn 0 0 -1
vn 0 0 -1
vn 0 0 -1
vn 0 0 -1
vn 0 0 -1
vn 0 0 -1
vn 0 0 -1
vn 0 0 -1
vn 0 0 -1
vn 0 0 -1
vn 0 0 -1
vn 0 0 -1
vn 0 0 -1
vn 0 0 -1
vn 0 -1 0
vn -0.19509031078143346 -0.9807852826379501 0
vn 0 -1 0
vn 0 -1 0
vn -0.19509031078143346 -0.9807852826379501 0
vn -0.34202015146214465 -0.9396926178244733 0
vn -0.34202015146214465 -0.9396926178244733 0
vn -0.19509031078143346 -0.9807852826379501 0
vn -0.38268344122125475 -0.923879528842943 0
vn -0.34202015146214465 -0.9396926178244733 0
vn -0.38268344122125475 -0.923879528842943 0
vn -0.5555702071354832 -0.83146962959776 0
vn -0.34202015146214465 -0.9396926178244733 0
vn -0.5555702071354832 -0.83146962959776 0
vn -0.6427876101986112 -0.7660444426892987 0
vn -0.6427876101986112 -0.7660444426892987 0
vn -0.5555702071354832 -0.83146962959776 0
vn -0.7071067811865475 -0.7071067811865475 0
vn -0.6427876101986112 -0.7660444426892987 0
vn -0.7071067811865475 -0.7071067811865475 0
vn -0.83146962959776 -0.5555702071354832 0
vn -0.6427876101986112 -0.7660444426892987 0
vn -0.83146962959776 -0.5555702071354832 0
vn -0.866025400494579 -0.5000000056982041 0
vn -0.866025400494579 -0.5000000056982041 0
vn -0.83146962959776 -0.5555702071354832 0
vn -0.923879528842943 -0.38268344122125475 0
vn -0.866025400494579 -0.5000000056982041 0
vn -0.923879528842943 -0.38268344122125475 0
vn -0.9848077512185995 -0.17364818783899005 0
vn -0.9848077512185995 -0.17364818783899005 0
vn -0.923879528842943 -0.38268344122125475 0
vn -0.9807852826379501 -0.19509031078143346 0
vn -0.9848077512185995 -0.17364818783899005 0
vn -0.9807852826379501 -0.19509031078143346 0
vn -1 0 0
vn -0.9848077512185995 -0.17364818783899005 0
vn -1 0 0
vn -0.9848077512185995 0.17364818783899005 0
vn -0.9848077512185995 0.17364818783899005 0
vn -1 0 0
vn -0.9807852826379501 0.19509031078143346 0
vn -0.9848077512185995 0.17364818783899005 0
vn -0.9807852826379501 0.19509031078143346 0
vn -0.923879528842943 0.38268344122125475 0
vn -0.9848077512185995 0.17364818783899005 0
vn -0.923879528842943 0.38268344122125475 0
vn -0.866025400494579 0.5000000056982041 0
vn -0.866025400494579 0.5000000056982041 0
vn -0.923879528842943 0.38268344122125475 0
vn -0.83146962959776 0.5555702071354832 0
vn -0.866025400494579 0.5000000056982041 0
vn -0.83146962959776 0.5555702071354832 0
vn -0.7071067811865475 0.7071067811865475 0
vn -0.866025400494579 0.5000000056982041 0
vn -0.7071067811865475 0.7071067811865475 0
vn -0.6427876101986112 0.7660444426892987 0
vn -0.6427876101986112 0.7660444426892987 0
vn -0.7071067811865475 0.7071067811865475 0
vn -0.5555702071354832 0.83146962959776 0
vn -0.6427876101986112 0.7660444426892987 0
vn -0.5555702071354832 0.83146962959776 0
vn -0.34202015146214465 0.9396926178244733 0
vn -0.34202015146214465 0.9396926178244733 0
vn -0.5555702071354832 0.83146962959776 0
vn -0.38268344122125475 0.923879528842943 0
vn -0.34202015146214465 0.9396926178244733 0
vn -0.38268344122125475 0.923879528842943 0
vn -0.19509031078143346 0.9807852826379501 0
vn 0 1 0
vn 0 1 0
vn -0.19509031078143346 0.9807852826379501 0
vn -0.19509031078143346 0.9807852826379501 0
vn 0 1 0
vn -0.34202015146214465 0.9396926178244733 0
vn 0 -1 0
vn 0 -0.9807852826379501 0.19509031078143346
vn 0 -1 0
vn 0 -1 0
vn 0 -0.9807852826379501 0.19509031078143346
vn 0 -0.9396926178244733 0.34202015146214465
vn 0 -0.9396926178244733 0.34202015146214465
vn 0 -0.9807852826379501 0.19509031078143346
vn 0 -0.923879528842943 0.38268344122125475
vn 0 -0.9396926178244733 0.34202015146214465
vn 0 -0.923879528842943 0.38268344122125475
vn 0 -0.83146962959776 0.5555702071354832
vn 0 -0.9396926178244733 0.34202015146214465
vn 0 -0.83146962959776 0.5555702071354832
vn 0 -0.7660444426892987 0.6427876101986112
vn 0 -0.7660444426892987 0.6427876101986112
vn 0 -0.83146962959776 0.5555702071354832
vn 0 -0.7071067811865475 0.7071067811865475
vn 0 -0.7660444426892987 0.6427876101986112
vn 0 -0.7071067811865475 0.7071067811865475
vn 0 -0.5555702071354832 0.83146962959776
vn 0 -0.7660444426892987 0.6427876101986112
vn 0 -0.5555702071354832 0.83146962959776
vn 0 -0.5000000056982041 0.866025400494579
vn 0 -0.5000000056982041 0.866025400494579
vn 0 -0.5555702071354832 0.83146962959776
vn 0 -0.38268344122125475 0.923879528842943
vn 0 -0.5000000056982041 0.866025400494579
vn 0 -0.38268344122125475 0.923879528842943
vn 0 -0.17364818783899005 0.9848077512185995
vn 0 -0.17364818783899005 0.9848077512185995
vn 0 -0.38268344122125475 0.923879528842943
vn 0 -0.19509031078143346 0.9807852826379501
vn 0 -0.17364818783899005 0.9848077512185995
vn 0 -0.19509031078143346 0.9807852826379501
vn 0 0 1
vn 0 -0.17364818783899005 0.9848077512185995
vn 0 0 1
vn 0 0.17364818783899005 0.9848077512185995
vn 0 0.17364818783899005 0.9848077512185995
vn 0 0 1
vn 0 0.19509031078143346 0.9807852826379501
vn 0 0.17364818783899005 0.9848077512185995
vn 0 0.19509031078143346 0.9807852826379501
vn 0 0.38268344122125475 0.923879528842943
vn 0 0.17364818783899005 0.9848077512185995
vn 0 0.38268344122125475 0.923879528842943
vn 0 0.5000000056982041 0.866025400494579
vn 0 0.5000000056982041 0.866025400494579
vn 0 0.38268344122125475 0.923879528842943
vn 0 0.5555702071354832 0.83146962959776
vn 0 0.5000000056982041 0.866025400494579
vn 0 0.5555702071354832 0.83146962959776
vn 0 0.7071067811865475 0.7071067811865475
vn 0 0.5000000056982041 0.866025400494579
vn 0 0.7071067811865475 0.7071067811865475
vn 0 0.7660444426892987 0.6427876101986112
vn 0 0.7660444426892987 0.6427876101986112
vn 0 0.7071067811865475 0.7071067811865475
vn 0 0.83146962959776 0.5555702071354832
vn 0 0.7660444426892987 0.6427876101986112
vn 0 0.83146962959776 0.5555702071354832
vn 0 0.9396926178244733 0.34202015146214465
vn 0 0.9396926178244733 0.34202015146214465
vn 0 0.83146962959776 0.5555702071354832
vn 0 0.923879528842943 0.38268344122125475
vn 0 0.9396926178244733 0.34202015146214465
vn 0 0.923879528842943 0.38268344122125475
vn 0 0.9807852826379501 0.19509031078143346
vn 0 1 0
vn 0 1 0
vn 0 0.9807852826379501 0.19509031078143346
vn 0 0.9807852826379501 0.19509031078143346
vn 0 1 0
vn 0 0.9396926178244733 0.34202015146214465
vn 0 1 0
vn 0 1 0
vn 0.34202015146214465 0.9396926178244733 0
vn 0.34202015146214465 0.9396926178244733 0
vn 0 1 0
vn 0.34202015146214465 0.9396926178244733 0
vn 0.34202015146214465 0.9396926178244733 0
vn 0.34202015146214465 0.9396926178244733 0
vn 0.6427876101986112 0.7660444426892987 0
vn 0.6427876101986112 0.7660444426892987 0
vn 0.34202015146214465 0.9396926178244733 0
vn 0.6427876101986112 0.7660444426892987 0
vn 0.6427876101986112 0.7660444426892987 0
vn 0.6427876101986112 0.7660444426892987 0
vn 0.866025400494579 0.5000000056982041 0
vn 0.866025400494579 0.5000000056982041 0
vn 0.6427876101986112 0.7660444426892987 0
vn 0.866025400494579 0.5000000056982041 0
vn 0.866025400494579 0.5000000056982041 0
vn 0.866025400494579 0.5000000056982041 0
vn 0.9848077512185995 0.17364818783899005 0
vn 0.9848077512185995 0.17364818783899005 0
vn 0.866025400494579 0.5000000056982041 0
vn 0.9848077512185995 0.17364818783899005 0
vn 0.9848077512185995 0.17364818783899005 0
vn 0.9848077512185995 0.17364818783899005 0
vn 0.9848077512185995 -0.17364818783899005 0
vn 0.9848077512185995 -0.17364818783899005 0
vn 0.9848077512185995 0.17364818783899005 0
vn 0.9848077512185995 -0.17364818783899005 0
vn 0.9848077512185995 -0.17364818783899005 0
vn 0.9848077512185995 -0.17364818783899005 0
vn 0.866025400494579 -0.5000000056982041 0
vn 0.866025400494579 -0.5000000056982041 0
vn 0.9848077512185995 -0.17364818783899005 0
vn 0.866025400494579 -0.5000000056982041 0
vn 0.866025400494579 -0.5000000056982041 0
vn 0.866025400494579 -0.5000000056982041 0
vn 0.6427876101986112 -0.7660444426892987 0
vn 0.6427876101986112 -0.7660444426892987 0
vn 0.866025400494579 -0.5000000056982041 0
vn 0.6427876101986112 -0.7660444426892987 0
vn 0.6427876101986112 -0.7660444426892987 0
vn 0.6427876101986112 -0.7660444426892987 0
vn 0.34202015146214465 -0.9396926178244733 0
vn 0.34202015146214465 -0.9396926178244733 0
vn 0.6427876101986112 -0.7660444426892987 0
vn 0.34202015146214465 -0.9396926178244733 0
vn 0.34202015146214465 -0.9396926178244733 0
vn 0.34202015146214465 -0.9396926178244733 0
vn 0 -1 0
vn 0 -1 0
vn 0.34202015146214465 -0.9396926178244733 0
vn 0 -1 0
vn 0 -1 0
vn 0 -1 0
vn 0.34202015146214465 -0.9396926178244733 0
vn 0.34202015146214465 -0.9396926178244733 0
vn 0 -1 0
vn 0.34202015146214465 -0.9396926178244733 0
vn 0.34202015146214465 -0.9396926178244733 0
vn 0.34202015146214465 -0.9396926178244733 0
vn 0.6427876101986112 -0.7660444426892987 0
vn 0.6427876101986112 -0.7660444426892987 0
vn 0.34202015146214465 -0.9396926178244733 0
vn 0.6427876101986112 -0.7660444426892987 0
vn 0.6427876101986112 -0.7660444426892987 0
vn 0.6427876101986112 -0.7660444426892987 0
vn 0.866025400494579 -0.5000000056982041 0
vn 0.866025400494579 -0.5000000056982041 0
vn 0.6427876101986112 -0.7660444426892987 0
vn 0.866025400494579 -0.5000000056982041 0
vn 0.866025400494579 -0.5000000056982041 0
vn 0.866025400494579 -0.5000000056982041 0
vn 0.9848077512185995 -0.17364818783899005 0
vn 0.9848077512185995 -0.17364818783899005 0
vn 0.866025400494579 -0.5000000056982041 0
vn 0.9848077512185995 -0.17364818783899005 0
vn 0.9848077512185995 -0.17364818783899005 0
vn 0.9848077512185995 -0.17364818783899005 0
vn 0.9848077512185995 0.17364818783899005 0
vn 0.9848077512185995 0.17364818783899005 0
vn 0.9848077512185995 -0.17364818783899005 0
vn 0.9848077512185995 0.17364818783899005 0
vn 0.9848077512185995 0.17364818783899005 0
vn 0.9848077512185995 0.17364818783899005 0
vn 0.866025400494579 0.5000000056982041 0
vn 0.9848077512185995 0.17364818783899005 0
vn 0.866025400494579 0.5000000056982041 0
vn 0.866025400494579 0.5000000056982041 0
vn 0.866025400494579 0.5000000056982041 0
vn 0.866025400494579 0.5000000056982041 0
vn 0.6427876101986112 0.7660444426892987 0
vn 0.866025400494579 0.5000000056982041 0
vn 0.6427876101986112 0.7660444426892987 0
vn 0.6427876101986112 0.7660444426892987 0
vn 0.6427876101986112 0.7660444426892987 0
vn 0.6427876101986112 0.7660444426892987 0
vn 0.34202015146214465 0.9396926178244733 0
vn 0.6427876101986112 0.7660444426892987 0
vn 0.34202015146214465 0.9396926178244733 0
vn 0.34202015146214465 0.9396926178244733 0
vn 0.34202015146214465 0.9396926178244733 0
vn 0.34202015146214465 0.9396926178244733 0
vn 0 1 0
vn 0.34202015146214465 0.9396926178244733 0
vn 0 1 0
vn 0 1 0
vn 0 0.30901699035215185 0.9510565176022391
vn 0 0 1
vn 0.05939117040945311 0.16317590950173763 0.9848077535416119
vn 0.05939117040945311 0.16317590950173763 0.9848077535416119
vn 0 0 1
vn 0 0 1
vn 0.05939117040945311 0.16317590950173763 0.9848077535416119
vn 0 0 1
vn 0.1116189017562609 0.13302222425553065 0.9848077521145119
vn 0.1116189017562609 0.13302222425553065 0.9848077521145119
vn 0 0 1
vn 0 0 1
vn 0.1116189017562609 0.13302222425553065 0.9848077521145119
vn 0 0 1
vn 0.15038373199246952 0.08682409405304849 0.9848077527334381
vn 0.15038373199246952 0.08682409405304849 0.9848077527334381
vn 0 0 1
vn 0 0 1
vn 0.15038373199246952 0.08682409405304849 0.9848077527334381
vn 0 0 1
vn 0.1710100768466838 0.03015368977788213 0.9848077521068113
vn 0.1710100768466838 0.03015368977788213 0.9848077521068113
vn 0 0 1
vn 0 0 1
vn 0.1710100768466838 0.03015368977788213 0.9848077521068113
vn 0 0 1
vn 0.1710100768466838 -0.03015368977788213 0.9848077521068113
vn 0.1710100768466838 -0.03015368977788213 0.9848077521068113
vn 0 0 1
vn 0 0 1
vn 0.1710100768466838 -0.03015368977788213 0.9848077521068113
vn 0 0 1
vn 0.15038373199246952 -0.08682409405304849 0.9848077527334381
vn 0.15038373199246952 -0.08682409405304849 0.9848077527334381
vn 0 0 1
vn 0 0 1
vn 0.15038373199246952 -0.08682409405304849 0.9848077527334381
vn 0 0 1
vn 0.1116189017562609 -0.13302222425553065 0.9848077521145119
vn 0.1116189017562609 -0.13302222425553065 0.9848077521145119
vn 0 0 1
vn 0 0 1
vn 0.1116189017562609 -0.13302222425553065 0.9848077521145119
vn 0 0 1
vn 0.05939117040945311 -0.16317590950173763 0.9848077535416119
vn 0.05939117040945311 -0.16317590950173763 0.9848077535416119
vn 0 0 1
vn 0 0 1
vn 0.05939117040945311 -0.16317590950173763 0.9848077535416119
vn 0 0 1
vn 0 0 1
vn 0 0 1
vn 0 -0.30901699035215185 0.9510565176022391
vn 0.05939117040945311 -0.16317590950173763 0.9848077535416119
vn 0.05939117040945311 -0.16317590950173763 0.9848077535416119
vn 0 -0.30901699035215185 0.9510565176022391
vn 0.1710100768432776 -0.4698463119679955 0.8660254019069702
vn 0.05939117040945311 -0.16317590950173763 0.9848077535416119
vn 0.1710100768432776 -0.4698463119679955 0.8660254019069702
vn 0.1116189017562609 -0.13302222425553065 0.9848077521145119
vn 0.1116189017562609 -0.13302222425553065 0.9848077521145119
vn 0.1710100768432776 -0.4698463119679955 0.8660254019069702
vn 0.3213938155027469 -0.38302223374298794 0.8660253944400927
vn 0.1116189017562609 -0.13302222425553065 0.9848077521145119
vn 0.3213938155027469 -0.38302223374298794 0.8660253944400927
vn 0.15038373199246952 -0.08682409405304849 0.9848077527334381
vn 0.15038373199246952 -0.08682409405304849 0.9848077527334381
vn 0.3213938155027469 -0.38302223374298794 0.8660253944400927
vn 0.4330127014809868 -0.2500000035613776 0.8660254029619736
vn 0.15038373199246952 -0.08682409405304849 0.9848077527334381
vn 0.4330127014809868 -0.2500000035613776 0.8660254029619736
vn 0.1710100768466838 -0.03015368977788213 0.9848077521068113
vn 0.1710100768466838 -0.03015368977788213 0.9848077521068113
vn 0.4330127014809868 -0.2500000035613776 0.8660254029619736
vn 0.4924038767356402 -0.08682409411809924 0.8660254031241138
vn 0.1710100768466838 -0.03015368977788213 0.9848077521068113
vn 0.4924038767356402 -0.08682409411809924 0.8660254031241138
vn 0.1710100768466838 0.03015368977788213 0.9848077521068113
vn 0.1710100768466838 0.03015368977788213 0.9848077521068113
vn 0.4924038767356402 -0.08682409411809924 0.8660254031241138
vn 0.4924038767356402 0.08682409411809924 0.8660254031241138
vn 0.1710100768466838 0.03015368977788213 0.9848077521068113
vn 0.4924038767356402 0.08682409411809924 0.8660254031241138
vn 0.15038373199246952 0.08682409405304849 0.9848077527334381
vn 0.15038373199246952 0.08682409405304849 0.9848077527334381
vn 0.4924038767356402 0.08682409411809924 0.8660254031241138
vn 0.4330127014809868 0.2500000035613776 0.8660254029619736
vn 0.15038373199246952 0.08682409405304849 0.9848077527334381
vn 0.4330127014809868 0.2500000035613776 0.8660254029619736
vn 0.1116189017562609 0.13302222425553065 0.9848077521145119
vn 0.1116189017562609 0.13302222425553065 0.9848077521145119
vn 0.4330127014809868 0.2500000035613776 0.8660254029619736
vn 0.3213938155027469 0.38302223374298794 0.8660253944400927
vn 0.1116189017562609 0.13302222425553065 0.9848077521145119
vn 0.3213938155027469 0.38302223374298794 0.8660253944400927
vn 0.05939117040945311 0.16317590950173763 0.9848077535416119
vn 0.05939117040945311 0.16317590950173763 0.9848077535416119
vn 0.3213938155027469 0.38302223374298794 0.8660253944400927
vn 0.1710100768432776 0.4698463119679955 0.8660254019069702
vn 0.05939117040945311 0.16317590950173763 0.9848077535416119
vn 0.1710100768432776 0.4698463119679955 0.8660254019069702
vn 0 0.30901699035215185 0.9510565176022391
vn 0 0.30901699035215185 0.9510565176022391
vn 0.1710100768432776 0.4698463119679955 0.8660254019069702
vn 0 0.5877852429667365 0.8090170011504916
vn 0 0.5877852429667365 0.8090170011504916
vn 0.1710100768432776 0.4698463119679955 0.8660254019069702
vn 0.2620026119006542 0.7198463198263182 0.642787606593143
vn 0 0.5877852429667365 0.8090170011504916
vn 0.2620026119006542 0.7198463198263182 0.642787606593143
vn 0 0.8090170011504916 0.5877852429667365
vn 0 0.8090170011504916 0.5877852429667365
vn 0.2620026119006542 0.7198463198263182 0.642787606593143
vn 0.3213938095041811 0.883022219464709 0.34202014435411454
vn 0 0.8090170011504916 0.5877852429667365
vn 0.3213938095041811 0.883022219464709 0.34202014435411454
vn 0 0.9510565176022391 0.30901699035215185
vn 0 0.9510565176022391 0.30901699035215185
vn 0.3213938095041811 0.883022219464709 0.34202014435411454
vn 0.34202015146214465 0.9396926178244733 0
vn 0 0.9510565176022391 0.30901699035215185
vn 0.34202015146214465 0.9396926178244733 0
vn 0 1 0
vn 0 -0.30901699035215185 0.9510565176022391
vn 0 -0.5877852429667365 0.8090170011504916
vn 0.1710100768432776 -0.4698463119679955 0.8660254019069702
vn 0.1710100768432776 -0.4698463119679955 0.8660254019069702
vn 0 -0.5877852429667365 0.8090170011504916
vn 0.2620026119006542 -0.7198463198263182 0.642787606593143
vn 0.1710100768432776 -0.4698463119679955 0.8660254019069702
vn 0.2620026119006542 -0.7198463198263182 0.642787606593143
vn 0.3213938155027469 -0.38302223374298794 0.8660253944400927
vn 0.3213938155027469 -0.38302223374298794 0.8660253944400927
vn 0.2620026119006542 -0.7198463198263182 0.642787606593143
vn 0.4924038697913718 -0.5868240739851228 0.6427876283859119
vn 0.3213938155027469 -0.38302223374298794 0.8660253944400927
vn 0.4924038697913718 -0.5868240739851228 0.6427876283859119
vn 0.4330127014809868 -0.2500000035613776 0.8660254029619736
vn 0.4330127014809868 -0.2500000035613776 0.8660254029619736
vn 0.4924038697913718 -0.5868240739851228 0.6427876283859119
vn 0.6634139247420355 -0.38302223180805994 0.642787627758299
vn 0.4330127014809868 -0.2500000035613776 0.8660254029619736
vn 0.6634139247420355 -0.38302223180805994 0.642787627758299
vn 0.4924038767356402 -0.08682409411809924 0.8660254031241138
vn 0.4924038767356402 -0.08682409411809924 0.8660254031241138
vn 0.6634139247420355 -0.38302223180805994 0.642787627758299
vn 0.7544064988221005 -0.13302222065385513 0.6427876191614904
vn 0.4924038767356402 -0.08682409411809924 0.8660254031241138
vn 0.7544064988221005 -0.13302222065385513 0.6427876191614904
vn 0.4924038767356402 0.08682409411809924 0.8660254031241138
vn 0.4924038767356402 0.08682409411809924 0.8660254031241138
vn 0.7544064988221005 -0.13302222065385513 0.6427876191614904
vn 0.7544064988221005 0.13302222065385513 0.6427876191614904
vn 0.4924038767356402 0.08682409411809924 0.8660254031241138
vn 0.7544064988221005 0.13302222065385513 0.6427876191614904
vn 0.4330127014809868 0.2500000035613776 0.8660254029619736
vn 0.4330127014809868 0.2500000035613776 0.8660254029619736
vn 0.7544064988221005 0.13302222065385513 0.6427876191614904
vn 0.6634139247420355 0.38302223180805994 0.642787627758299
vn 0.4330127014809868 0.2500000035613776 0.8660254029619736
vn 0.6634139247420355 0.38302223180805994 0.642787627758299
vn 0.3213938155027469 0.38302223374298794 0.8660253944400927
vn 0.3213938155027469 0.38302223374298794 0.8660253944400927
vn 0.6634139247420355 0.38302223180805994 0.642787627758299
vn 0.4924038697913718 0.5868240739851228 0.6427876283859119
vn 0.3213938155027469 0.38302223374298794 0.8660253944400927
vn 0.4924038697913718 0.5868240739851228 0.6427876283859119
vn 0.1710100768432776 0.4698463119679955 0.8660254019069702
vn 0.1710100768432776 0.4698463119679955 0.8660254019069702
vn 0.4924038697913718 0.5868240739851228 0.6427876283859119
vn 0.2620026119006542 0.7198463198263182 0.642787606593143
vn 0 -0.5877852429667365 0.8090170011504916
vn 0 -0.8090170011504916 0.5877852429667365
vn 0.2620026119006542 -0.7198463198263182 0.642787606593143
vn 0.2620026119006542 -0.7198463198263182 0.642787606593143
vn 0 -0.8090170011504916 0.5877852429667365
vn 0.3213938095041811 -0.883022219464709 0.34202014435411454
vn 0.2620026119006542 -0.7198463198263182 0.642787606593143
vn 0.3213938095041811 -0.883022219464709 0.34202014435411454
vn 0.4924038697913718 -0.5868240739851228 0.6427876283859119
vn 0.4924038697913718 -0.5868240739851228 0.6427876283859119
vn 0.3213938095041811 -0.883022219464709 0.34202014435411454
vn 0.604022767536065 -0.7198463184126728 0.34202013707644996
vn 0.4924038697913718 -0.5868240739851228 0.6427876283859119
vn 0.604022767536065 -0.7198463184126728 0.34202013707644996
vn 0.6634139247420355 -0.38302223180805994 0.642787627758299
vn 0.6634139247420355 -0.38302223180805994 0.642787627758299
vn 0.604022767536065 -0.7198463184126728 0.34202013707644996
vn 0.8137976822430781 -0.4698463049968799 0.3420201486119979
vn 0.6634139247420355 -0.38302223180805994 0.642787627758299
vn 0.8137976822430781 -0.4698463049968799 0.3420201486119979
vn 0.7544064988221005 -0.13302222065385513 0.6427876191614904
vn 0.7544064988221005 -0.13302222065385513 0.6427876191614904
vn 0.8137976822430781 -0.4698463049968799 0.3420201486119979
vn 0.9254165752055478 -0.16317590894485484 0.34202015302443056
vn 0.7544064988221005 -0.13302222065385513 0.6427876191614904
vn 0.9254165752055478 -0.16317590894485484 0.34202015302443056
vn 0.7544064988221005 0.13302222065385513 0.6427876191614904
vn 0.7544064988221005 0.13302222065385513 0.6427876191614904
vn 0.9254165752055478 -0.16317590894485484 0.34202015302443056
vn 0.9254165752055478 0.16317590894485484 0.34202015302443056
vn 0.7544064988221005 0.13302222065385513 0.6427876191614904
vn 0.9254165752055478 0.16317590894485484 0.34202015302443056
vn 0.6634139247420355 0.38302223180805994 0.642787627758299
vn 0.6634139247420355 0.38302223180805994 0.642787627758299
vn 0.9254165752055478 0.16317590894485484 0.34202015302443056
vn 0.8137976822430781 0.4698463049968799 0.3420201486119979
vn 0.6634139247420355 0.38302223180805994 0.642787627758299
vn 0.8137976822430781 0.4698463049968799 0.3420201486119979
vn 0.4924038697913718 0.5868240739851228 0.6427876283859119
vn 0.4924038697913718 0.5868240739851228 0.6427876283859119
vn 0.8137976822430781 0.4698463049968799 0.3420201486119979
vn 0.604022767536065 0.7198463184126728 0.34202013707644996
vn 0.4924038697913718 0.5868240739851228 0.6427876283859119
vn 0.604022767536065 0.7198463184126728 0.34202013707644996
vn 0.2620026119006542 0.7198463198263182 0.642787606593143
vn 0.2620026119006542 0.7198463198263182 0.642787606593143
vn 0.604022767536065 0.7198463184126728 0.34202013707644996
vn 0.3213938095041811 0.883022219464709 0.34202014435411454
vn 0 -0.8090170011504916 0.5877852429667365
vn 0 -0.9510565176022391 0.30901699035215185
vn 0.3213938095041811 -0.883022219464709 0.34202014435411454
vn 0.3213938095041811 -0.883022219464709 0.34202014435411454
vn 0 -0.9510565176022391 0.30901699035215185
vn 0.34202015146214465 -0.9396926178244733 0
vn 0.3213938095041811 -0.883022219464709 0.34202014435411454
vn 0.34202015146214465 -0.9396926178244733 0
vn 0.604022767536065 -0.7198463184126728 0.34202013707644996
vn 0.604022767536065 -0.7198463184126728 0.34202013707644996
vn 0.34202015146214465 -0.9396926178244733 0
vn 0.6427876101986112 -0.7660444426892987 0
vn 0.604022767536065 -0.7198463184126728 0.34202013707644996
vn 0.6427876101986112 -0.7660444426892987 0
vn 0.8137976822430781 -0.4698463049968799 0.3420201486119979
vn 0.8137976822430781 -0.4698463049968799 0.3420201486119979
vn 0.6427876101986112 -0.7660444426892987 0
vn 0.866025400494579 -0.5000000056982041 0
vn 0.8137976822430781 -0.4698463049968799 0.3420201486119979
vn 0.866025400494579 -0.5000000056982041 0
vn 0.9254165752055478 -0.16317590894485484 0.34202015302443056
vn 0.9254165752055478 -0.16317590894485484 0.34202015302443056
vn 0.866025400494579 -0.5000000056982041 0
vn 0.9848077512185995 -0.17364818783899005 0
vn 0.9254165752055478 -0.16317590894485484 0.34202015302443056
vn 0.9848077512185995 -0.17364818783899005 0
vn 0.9254165752055478 0.16317590894485484 0.34202015302443056
vn 0.9254165752055478 0.16317590894485484 0.34202015302443056
vn 0.9848077512185995 -0.17364818783899005 0
vn 0.9848077512185995 0.17364818783899005 0
vn 0.9254165752055478 0.16317590894485484 0.34202015302443056
vn 0.9848077512185995 0.17364818783899005 0
vn 0.8137976822430781 0.4698463049968799 0.3420201486119979
vn 0.8137976822430781 0.4698463049968799 0.3420201486119979
vn 0.9848077512185995 0.17364818783899005 0
vn 0.866025400494579 0.5000000056982041 0
vn 0.8137976822430781 0.4698463049968799 0.3420201486119979
vn 0.866025400494579 0.5000000056982041 0
vn 0.604022767536065 0.7198463184126728 0.34202013707644996
vn 0.604022767536065 0.7198463184126728 0.34202013707644996
vn 0.866025400494579 0.5000000056982041 0
vn 0.6427876101986112 0.7660444426892987 0
vn 0.604022767536065 0.7198463184126728 0.34202013707644996
vn 0.6427876101986112 0.7660444426892987 0
vn 0.3213938095041811 0.883022219464709 0.34202014435411454
vn 0.3213938095041811 0.883022219464709 0.34202014435411454
vn 0.6427876101986112 0.7660444426892987 0
vn 0.34202015146214465 0.9396926178244733 0
vn 0 -0.9510565176022391 0.30901699035215185
vn 0 -1 0
vn 0.34202015146214465 -0.9396926178244733 0
vn 0 1 0
vn 0 1 0
vn 0.34202015146214465 0.9396926178244733 0
vn 0.34202015146214465 0.9396926178244733 0
vn 0 1 0
vn 0.34202015146214465 0.9396926178244733 0
vn 0.34202015146214465 0.9396926178244733 0
vn 0.34202015146214465 0.9396926178244733 0
vn 0.6427876101986112 0.7660444426892987 0
vn 0.6427876101986112 0.7660444426892987 0
vn 0.34202015146214465 0.9396926178244733 0
vn 0.6427876101986112 0.7660444426892987 0
vn 0.6427876101986112 0.7660444426892987 0
vn 0.6427876101986112 0.7660444426892987 0
vn 0.866025400494579 0.5000000056982041 0
vn 0.866025400494579 0.5000000056982041 0
vn 0.6427876101986112 0.7660444426892987 0
vn 0.866025400494579 0.5000000056982041 0
vn 0.866025400494579 0.5000000056982041 0
vn 0.866025400494579 0.5000000056982041 0
vn 0.9848077512185995 0.17364818783899005 0
vn 0.9848077512185995 0.17364818783899005 0
vn 0.866025400494579 0.5000000056982041 0
vn 0.9848077512185995 0.17364818783899005 0
vn 0.9848077512185995 0.17364818783899005 0
vn 0.9848077512185995 0.17364818783899005 0
vn 0.9848077512185995 -0.17364818783899005 0
vn 0.9848077512185995 -0.17364818783899005 0
vn 0.9848077512185995 0.17364818783899005 0
vn 0.9848077512185995 -0.17364818783899005 0
vn 0.9848077512185995 -0.17364818783899005 0
vn 0.9848077512185995 -0.17364818783899005 0
vn 0.866025400494579 -0.5000000056982041 0
vn 0.866025400494579 -0.5000000056982041 0
vn 0.9848077512185995 -0.17364818783899005 0
vn 0.866025400494579 -0.5000000056982041 0
vn 0.866025400494579 -0.5000000056982041 0
vn 0.866025400494579 -0.5000000056982041 0
vn 0.6427876101986112 -0.7660444426892987 0
vn 0.6427876101986112 -0.7660444426892987 0
vn 0.866025400494579 -0.5000000056982041 0
vn 0.6427876101986112 -0.7660444426892987 0
vn 0.6427876101986112 -0.7660444426892987 0
vn 0.6427876101986112 -0.7660444426892987 0
vn 0.34202015146214465 -0.9396926178244733 0
vn 0.34202015146214465 -0.9396926178244733 0
vn 0.6427876101986112 -0.7660444426892987 0
vn 0.34202015146214465 -0.9396926178244733 0
vn 0.34202015146214465 -0.9396926178244733 0
vn 0.34202015146214465 -0.9396926178244733 0
vn 0 -1 0
vn 0 -1 0
vn 0.34202015146214465 -0.9396926178244733 0
vn 0 -1 0
vn 0 1 0
vn 0 1 0
vn 0 0.9807852826379501 -0.19509031078143346
vn 0 0.9807852826379501 -0.19509031078143346
vn 0 1 0
vn 0 0.9396926178244733 -0.34202015146214465
vn 0 0.9807852826379501 -0.19509031078143346
vn 0 0.9396926178244733 -0.34202015146214465
vn 0 0.923879528842943 -0.38268344122125475
vn 0 0.923879528842943 -0.38268344122125475
vn 0 0.9396926178244733 -0.34202015146214465
vn 0 0.83146962959776 -0.5555702071354832
vn 0 0.83146962959776 -0.5555702071354832
vn 0 0.9396926178244733 -0.34202015146214465
vn 0 0.7660444426892987 -0.6427876101986112
vn 0 0.83146962959776 -0.5555702071354832
vn 0 0.7660444426892987 -0.6427876101986112
vn 0 0.7071067811865475 -0.7071067811865475
vn 0 0.7071067811865475 -0.7071067811865475
vn 0 0.7660444426892987 -0.6427876101986112
vn 0 0.5000000056982041 -0.866025400494579
vn 0 0.7071067811865475 -0.7071067811865475
vn 0 0.5000000056982041 -0.866025400494579
vn 0 0.5555702071354832 -0.83146962959776
vn 0 0.5555702071354832 -0.83146962959776
vn 0 0.5000000056982041 -0.866025400494579
vn 0 0.38268344122125475 -0.923879528842943
vn 0 0.38268344122125475 -0.923879528842943
vn 0 0.5000000056982041 -0.866025400494579
vn 0 0.17364818783899005 -0.9848077512185995
vn 0 0.38268344122125475 -0.923879528842943
vn 0 0.17364818783899005 -0.9848077512185995
vn 0 0.19509031078143346 -0.9807852826379501
vn 0 0.19509031078143346 -0.9807852826379501
vn 0 0.17364818783899005 -0.9848077512185995
vn 0 0 -1
vn 0 0 -1
vn 0 0.17364818783899005 -0.9848077512185995
vn 0 -0.17364818783899005 -0.9848077512185995
vn 0 0 -1
vn 0 -0.17364818783899005 -0.9848077512185995
vn 0 -0.19509031078143346 -0.9807852826379501
vn 0 -0.19509031078143346 -0.9807852826379501
vn 0 -0.17364818783899005 -0.9848077512185995
vn 0 -0.38268344122125475 -0.923879528842943
vn 0 -0.38268344122125475 -0.923879528842943
vn 0 -0.17364818783899005 -0.9848077512185995
vn 0 -0.5000000056982041 -0.866025400494579
vn 0 -0.38268344122125475 -0.923879528842943
vn 0 -0.5000000056982041 -0.866025400494579
vn 0 -0.5555702071354832 -0.83146962959776
vn 0 -0.5555702071354832 -0.83146962959776
vn 0 -0.5000000056982041 -0.866025400494579
vn 0 -0.7071067811865475 -0.7071067811865475
vn 0 -0.7071067811865475 -0.7071067811865475
vn 0 -0.5000000056982041 -0.866025400494579
vn 0 -0.7660444426892987 -0.6427876101986112
vn 0 -0.7071067811865475 -0.7071067811865475
vn 0 -0.7660444426892987 -0.6427876101986112
vn 0 -0.83146962959776 -0.5555702071354832
vn 0 -0.83146962959776 -0.5555702071354832
vn 0 -0.7660444426892987 -0.6427876101986112
vn 0 -0.9396926178244733 -0.34202015146214465
vn 0 -0.83146962959776 -0.5555702071354832
vn 0 -0.9396926178244733 -0.34202015146214465
vn 0 -0.923879528842943 -0.38268344122125475
vn 0 -0.923879528842943 -0.38268344122125475
vn 0 -0.9396926178244733 -0.34202015146214465
vn 0 -0.9807852826379501 -0.19509031078143346
vn 0 -0.9807852826379501 -0.19509031078143346
vn 0 -0.9396926178244733 -0.34202015146214465
vn 0 -1 0
vn 0 -0.9807852826379501 -0.19509031078143346
vn 0 -1 0
vn 0 -1 0
vn 0 -1 0
vn 0 -1 0
vn 0 -0.9807852826379501 0.19509031078143346
vn 0 -0.9807852826379501 0.19509031078143346
vn 0 -1 0
vn 0 -0.9396926178244733 0.34202015146214465
vn 0 -0.9807852826379501 0.19509031078143346
vn 0 -0.9396926178244733 0.34202015146214465
vn 0 -0.923879528842943 0.38268344122125475
vn 0 -0.923879528842943 0.38268344122125475
vn 0 -0.9396926178244733 0.34202015146214465
vn 0 -0.83146962959776 0.5555702071354832
vn 0 -0.83146962959776 0.5555702071354832
vn 0 -0.9396926178244733 0.34202015146214465
vn 0 -0.7660444426892987 0.6427876101986112
vn 0 -0.83146962959776 0.5555702071354832
vn 0 -0.7660444426892987 0.6427876101986112
vn 0 -0.7071067811865475 0.7071067811865475
vn 0 -0.7071067811865475 0.7071067811865475
vn 0 -0.7660444426892987 0.6427876101986112
vn 0 -0.5000000056982041 0.866025400494579
vn 0 -0.7071067811865475 0.7071067811865475
vn 0 -0.5000000056982041 0.866025400494579
vn 0 -0.5555702071354832 0.83146962959776
vn 0 -0.5555702071354832 0.83146962959776
vn 0 -0.5000000056982041 0.866025400494579
vn 0 -0.38268344122125475 0.923879528842943
vn 0 -0.38268344122125475 0.923879528842943
vn 0 -0.5000000056982041 0.866025400494579
vn 0 -0.17364818783899005 0.9848077512185995
vn 0 -0.38268344122125475 0.923879528842943
vn 0 -0.17364818783899005 0.9848077512185995
vn 0 -0.19509031078143346 0.9807852826379501
vn 0 -0.19509031078143346 0.9807852826379501
vn 0 -0.17364818783899005 0.9848077512185995
vn 0 0 1
vn 0 0 1
vn 0 -0.17364818783899005 0.9848077512185995
vn 0 0.17364818783899005 0.9848077512185995
vn 0 0 1
vn 0 0.17364818783899005 0.9848077512185995
vn 0 0.19509031078143346 0.9807852826379501
vn 0 0.19509031078143346 0.9807852826379501
vn 0 0.17364818783899005 0.9848077512185995
vn 0 0.38268344122125475 0.923879528842943
vn 0 0.38268344122125475 0.923879528842943
vn 0 0.17364818783899005 0.9848077512185995
vn 0 0.5000000056982041 0.866025400494579
vn 0 0.38268344122125475 0.923879528842943
vn 0 0.5000000056982041 0.866025400494579
vn 0 0.5555702071354832 0.83146962959776
vn 0 0.5555702071354832 0.83146962959776
vn 0 0.5000000056982041 0.866025400494579
vn 0 0.7071067811865475 0.7071067811865475
vn 0 0.7071067811865475 0.7071067811865475
vn 0 0.5000000056982041 0.866025400494579
vn 0 0.7660444426892987 0.6427876101986112
vn 0 0.7071067811865475 0.7071067811865475
vn 0 0.7660444426892987 0.6427876101986112
vn 0 0.83146962959776 0.5555702071354832
vn 0 0.83146962959776 0.5555702071354832
vn 0 0.7660444426892987 0.6427876101986112
vn 0 0.9396926178244733 0.34202015146214465
vn 0 0.83146962959776 0.5555702071354832
vn 0 0.9396926178244733 0.34202015146214465
vn 0 0.923879528842943 0.38268344122125475
vn 0 0.923879528842943 0.38268344122125475
vn 0 0.9396926178244733 0.34202015146214465
vn 0 0.9807852826379501 0.19509031078143346
vn 0 0.9807852826379501 0.19509031078143346
vn 0 0.9396926178244733 0.34202015146214465
vn 0 1 0
vn 0 0.9807852826379501 0.19509031078143346
vn 0 1 0
vn 0 1 0
vn 0 0 -1
vn 0 0 -1
vn 0 0 -1
vn 0 0 -1
vn 0 0 -1
vn 0 0 -1
vn 0 0 -1
vn 0 0 -1
vn 0 0 -1
vn 0 0 -1
vn 0 0 -1
vn 0 0 -1
vn 0 0 -1
vn 0 0 -1
vn 0 0 -1
vn 0 0 -1
vn 0 0 -1
vn 0 0 -1
vn 0 0 -1
vn 0 0 -1
vn 0 0 -1
vn 0 0 -1
vn 0 0 -1
vn 0 0 -1
vn 0 0 -1
vn 0 0 -1
vn 0 0 -1
vn 0 0 -1
vn 0 0 -1
vn 0 0 -1
vn 0 0 -1
vn 0 0 -1
vn 0 0 -1
vn 0 0 -1
vn 0 0 -1
vn 0 0 -1
vn 0 0 -1
vn 0 0 -1
vn 0 0 -1
vn 0 0 -1
vn 0 0 -1
vn 0 0 -1
vn 0 0 -1
vn 0 0 -1
vn 0 0 -1
vn 0 0 -1
vn 0 0 -1
vn 0 0 -1
vn 0 0 1
vn 0 0 1
vn 0 0 1
vn 0 0 1
vn 0 0 1
vn 0 0 1
vn 0 0 1
vn 0 0 1
vn 0 0 1
vn 0 0 1
vn 0 0 1
vn 0 0 1
vn 0 0 1
vn 0 0 1
vn 0 0 1
vn 0 0 1
vn 0 0 1
vn 0 0 1
vn 0 0 1
vn 0 0 1
vn 0 0 1
vn 0 0 1
vn 0 0 1
vn 0 0 1
vn 0 0 1
vn 0 0 1
vn 0 0 1
vn 0 0 1
vn 0 0 1
vn 0 0 1
vn 0 0 1
vn 0 0 1
vn 0 0 1
vn 0 0 1
vn 0 0 1
vn 0 0 1
vn 0 0 1
vn 0 0 1
vn 0 0 1
vn 0 0 1
vn 0 0 1
vn 0 0 1
vn 0 0 1
vn 0 0 1
vn 0 0 1
vn 0 0 1
vn 0 0 1
vn 0 0 1
vn 0 -1 0
vn 0 -1 0
vn -0.34202015146214465 -0.9396926178244733 0
vn -0.34202015146214465 -0.9396926178244733 0
vn 0 -1 0
vn -0.34202015146214465 -0.9396926178244733 0
vn -0.34202015146214465 -0.9396926178244733 0
vn -0.34202015146214465 -0.9396926178244733 0
vn -0.6427876101986112 -0.7660444426892987 0
vn -0.6427876101986112 -0.7660444426892987 0
vn -0.34202015146214465 -0.9396926178244733 0
vn -0.6427876101986112 -0.7660444426892987 0
vn -0.6427876101986112 -0.7660444426892987 0
vn -0.6427876101986112 -0.7660444426892987 0
vn -0.866025400494579 -0.5000000056982041 0
vn -0.866025400494579 -0.5000000056982041 0
vn -0.6427876101986112 -0.7660444426892987 0
vn -0.866025400494579 -0.5000000056982041 0
vn -0.866025400494579 -0.5000000056982041 0
vn -0.866025400494579 -0.5000000056982041 0
vn -0.9848077512185995 -0.17364818783899005 0
vn -0.9848077512185995 -0.17364818783899005 0
vn -0.866025400494579 -0.5000000056982041 0
vn -0.9848077512185995 -0.17364818783899005 0
vn -0.9848077512185995 -0.17364818783899005 0
vn -0.9848077512185995 -0.17364818783899005 0
vn -0.9848077512185995 0.17364818783899005 0
vn -0.9848077512185995 0.17364818783899005 0
vn -0.9848077512185995 -0.17364818783899005 0
vn -0.9848077512185995 0.17364818783899005 0
vn -0.9848077512185995 0.17364818783899005 0
vn -0.9848077512185995 0.17364818783899005 0
vn -0.866025400494579 0.5000000056982041 0
vn -0.866025400494579 0.5000000056982041 0
vn -0.9848077512185995 0.17364818783899005 0
vn -0.866025400494579 0.5000000056982041 0
vn -0.866025400494579 0.5000000056982041 0
vn -0.866025400494579 0.5000000056982041 0
vn -0.6427876101986112 0.7660444426892987 0
vn -0.6427876101986112 0.7660444426892987 0
vn -0.866025400494579 0.5000000056982041 0
vn -0.6427876101986112 0.7660444426892987 0
vn -0.6427876101986112 0.7660444426892987 0
vn -0.6427876101986112 0.7660444426892987 0
vn -0.34202015146214465 0.9396926178244733 0
vn -0.34202015146214465 0.9396926178244733 0
vn -0.6427876101986112 0.7660444426892987 0
vn -0.34202015146214465 0.9396926178244733 0
vn -0.34202015146214465 0.9396926178244733 0
vn -0.34202015146214465 0.9396926178244733 0
vn 0 1 0
vn 0 1 0
vn -0.34202015146214465 0.9396926178244733 0
vn 0 1 0
vn 0 -1 0
vn 0 -0.9510565176022391 0.30901699035215185
vn -0.34202015146214465 -0.9396926178244733 0
vn -0.34202015146214465 -0.9396926178244733 0
vn 0 -0.9510565176022391 0.30901699035215185
vn -0.3213938095041811 -0.883022219464709 0.34202014435411454
vn -0.34202015146214465 -0.9396926178244733 0
vn -0.3213938095041811 -0.883022219464709 0.34202014435411454
vn -0.6427876101986112 -0.7660444426892987 0
vn -0.6427876101986112 -0.7660444426892987 0
vn -0.3213938095041811 -0.883022219464709 0.34202014435411454
vn -0.604022767536065 -0.7198463184126728 0.34202013707644996
vn -0.6427876101986112 -0.7660444426892987 0
vn -0.604022767536065 -0.7198463184126728 0.34202013707644996
vn -0.866025400494579 -0.5000000056982041 0
vn -0.866025400494579 -0.5000000056982041 0
vn -0.604022767536065 -0.7198463184126728 0.34202013707644996
vn -0.8137976822430781 -0.4698463049968799 0.3420201486119979
vn -0.866025400494579 -0.5000000056982041 0
vn -0.8137976822430781 -0.4698463049968799 0.3420201486119979
vn -0.9848077512185995 -0.17364818783899005 0
vn -0.9848077512185995 -0.17364818783899005 0
vn -0.8137976822430781 -0.4698463049968799 0.3420201486119979
vn -0.9254165752055478 -0.16317590894485484 0.34202015302443056
vn -0.9848077512185995 -0.17364818783899005 0
vn -0.9254165752055478 -0.16317590894485484 0.34202015302443056
vn -0.9848077512185995 0.17364818783899005 0
vn -0.9848077512185995 0.17364818783899005 0
vn -0.9254165752055478 -0.16317590894485484 0.34202015302443056
vn -0.9254165752055478 0.16317590894485484 0.34202015302443056
vn -0.9848077512185995 0.17364818783899005 0
vn -0.9254165752055478 0.16317590894485484 0.34202015302443056
vn -0.866025400494579 0.5000000056982041 0
vn -0.866025400494579 0.5000000056982041 0
vn -0.9254165752055478 0.16317590894485484 0.34202015302443056
vn -0.8137976822430781 0.4698463049968799 0.3420201486119979
vn -0.866025400494579 0.5000000056982041 0
vn -0.8137976822430781 0.4698463049968799 0.3420201486119979
vn -0.6427876101986112 0.7660444426892987 0
vn -0.6427876101986112 0.7660444426892987 0
vn -0.8137976822430781 0.4698463049968799 0.3420201486119979
vn -0.604022767536065 0.7198463184126728 0.34202013707644996
vn -0.6427876101986112 0.7660444426892987 0
vn -0.604022767536065 0.7198463184126728 0.34202013707644996
vn -0.34202015146214465 0.9396926178244733 0
vn -0.34202015146214465 0.9396926178244733 0
vn -0.604022767536065 0.7198463184126728 0.34202013707644996
vn -0.3213938095041811 0.883022219464709 0.34202014435411454
vn -0.34202015146214465 0.9396926178244733 0
vn -0.3213938095041811 0.883022219464709 0.34202014435411454
vn 0 0.9510565176022391 0.30901699035215185
vn 0 0.9510565176022391 0.30901699035215185
vn -0.3213938095041811 0.883022219464709 0.34202014435411454
vn 0 0.8090170011504916 0.5877852429667365
vn 0 0.8090170011504916 0.5877852429667365
vn -0.3213938095041811 0.883022219464709 0.34202014435411454
vn -0.2620026119006542 0.7198463198263182 0.642787606593143
vn 0 0.8090170011504916 0.5877852429667365
vn -0.2620026119006542 0.7198463198263182 0.642787606593143
vn 0 0.5877852429667365 0.8090170011504916
vn 0 0.5877852429667365 0.8090170011504916
vn -0.2620026119006542 0.7198463198263182 0.642787606593143
vn -0.1710100768432776 0.4698463119679955 0.8660254019069702
vn 0 0.5877852429667365 0.8090170011504916
vn -0.1710100768432776 0.4698463119679955 0.8660254019069702
vn 0 0.30901699035215185 0.9510565176022391
vn 0 0.30901699035215185 0.9510565176022391
vn -0.1710100768432776 0.4698463119679955 0.8660254019069702
vn -0.05939117040945311 0.16317590950173763 0.9848077535416119
vn 0 0.30901699035215185 0.9510565176022391
vn -0.05939117040945311 0.16317590950173763 0.9848077535416119
vn 0 0 1
vn 0 0 1
vn -0.05939117040945311 0.16317590950173763 0.9848077535416119
vn 0 0 1
vn 0 0 1
vn -0.05939117040945311 0.16317590950173763 0.9848077535416119
vn 0 0 1
vn 0 0 1
vn -0.05939117040945311 0.16317590950173763 0.9848077535416119
vn -0.1116189017562609 0.13302222425553065 0.9848077521145119
vn 0 0 1
vn -0.1116189017562609 0.13302222425553065 0.9848077521145119
vn 0 0 1
vn 0 0 1
vn -0.1116189017562609 0.13302222425553065 0.9848077521145119
vn -0.15038373199246952 0.08682409405304849 0.9848077527334381
vn 0 0 1
vn -0.15038373199246952 0.08682409405304849 0.9848077527334381
vn 0 0 1
vn 0 0 1
vn -0.15038373199246952 0.08682409405304849 0.9848077527334381
vn -0.1710100768466838 0.03015368977788213 0.9848077521068113
vn 0 0 1
vn -0.1710100768466838 0.03015368977788213 0.9848077521068113
vn 0 0 1
vn 0 0 1
vn -0.1710100768466838 0.03015368977788213 0.9848077521068113
vn -0.1710100768466838 -0.03015368977788213 0.9848077521068113
vn 0 0 1
vn -0.1710100768466838 -0.03015368977788213 0.9848077521068113
vn 0 0 1
vn 0 0 1
vn -0.1710100768466838 -0.03015368977788213 0.9848077521068113
vn -0.15038373199246952 -0.08682409405304849 0.9848077527334381
vn 0 0 1
vn -0.15038373199246952 -0.08682409405304849 0.9848077527334381
vn 0 0 1
vn 0 0 1
vn -0.15038373199246952 -0.08682409405304849 0.9848077527334381
vn -0.1116189017562609 -0.13302222425553065 0.9848077521145119
vn 0 0 1
vn -0.1116189017562609 -0.13302222425553065 0.9848077521145119
vn 0 0 1
vn 0 0 1
vn -0.1116189017562609 -0.13302222425553065 0.9848077521145119
vn -0.05939117040945311 -0.16317590950173763 0.9848077535416119
vn 0 0 1
vn -0.05939117040945311 -0.16317590950173763 0.9848077535416119
vn 0 0 1
vn 0 0 1
vn -0.05939117040945311 -0.16317590950173763 0.9848077535416119
vn 0 -0.30901699035215185 0.9510565176022391
vn 0 -0.30901699035215185 0.9510565176022391
vn -0.05939117040945311 -0.16317590950173763 0.9848077535416119
vn -0.1710100768432776 -0.4698463119679955 0.8660254019069702
vn 0 -0.30901699035215185 0.9510565176022391
vn -0.1710100768432776 -0.4698463119679955 0.8660254019069702
vn 0 -0.5877852429667365 0.8090170011504916
vn 0 -0.5877852429667365 0.8090170011504916
vn -0.1710100768432776 -0.4698463119679955 0.8660254019069702
vn -0.2620026119006542 -0.7198463198263182 0.642787606593143
vn 0 -0.5877852429667365 0.8090170011504916
vn -0.2620026119006542 -0.7198463198263182 0.642787606593143
vn 0 -0.8090170011504916 0.5877852429667365
vn 0 -0.8090170011504916 0.5877852429667365
vn -0.2620026119006542 -0.7198463198263182 0.642787606593143
vn -0.3213938095041811 -0.883022219464709 0.34202014435411454
vn 0 -0.8090170011504916 0.5877852429667365
vn -0.3213938095041811 -0.883022219464709 0.34202014435411454
vn 0 -0.9510565176022391 0.30901699035215185
vn 0 0.9510565176022391 0.30901699035215185
vn 0 1 0
vn -0.34202015146214465 0.9396926178244733 0
vn -0.1710100768432776 -0.4698463119679955 0.8660254019069702
vn -0.05939117040945311 -0.16317590950173763 0.9848077535416119
vn -0.3213938155027469 -0.38302223374298794 0.8660253944400927
vn -0.3213938155027469 -0.38302223374298794 0.8660253944400927
vn -0.05939117040945311 -0.16317590950173763 0.9848077535416119
vn -0.1116189017562609 -0.13302222425553065 0.9848077521145119
vn -0.3213938155027469 -0.38302223374298794 0.8660253944400927
vn -0.1116189017562609 -0.13302222425553065 0.9848077521145119
vn -0.4330127014809868 -0.2500000035613776 0.8660254029619736
vn -0.4330127014809868 -0.2500000035613776 0.8660254029619736
vn -0.1116189017562609 -0.13302222425553065 0.9848077521145119
vn -0.15038373199246952 -0.08682409405304849 0.9848077527334381
vn -0.4330127014809868 -0.2500000035613776 0.8660254029619736
vn -0.15038373199246952 -0.08682409405304849 0.9848077527334381
vn -0.4924038767356402 -0.08682409411809924 0.8660254031241138
vn -0.4924038767356402 -0.08682409411809924 0.8660254031241138
vn -0.15038373199246952 -0.08682409405304849 0.9848077527334381
vn -0.1710100768466838 -0.03015368977788213 0.9848077521068113
vn -0.4924038767356402 -0.08682409411809924 0.8660254031241138
vn -0.1710100768466838 -0.03015368977788213 0.9848077521068113
vn -0.4924038767356402 0.08682409411809924 0.8660254031241138
vn -0.4924038767356402 0.08682409411809924 0.8660254031241138
vn -0.1710100768466838 -0.03015368977788213 0.9848077521068113
vn -0.1710100768466838 0.03015368977788213 0.9848077521068113
vn -0.4924038767356402 0.08682409411809924 0.8660254031241138
vn -0.1710100768466838 0.03015368977788213 0.9848077521068113
vn -0.4330127014809868 0.2500000035613776 0.8660254029619736
vn -0.4330127014809868 0.2500000035613776 0.8660254029619736
vn -0.1710100768466838 0.03015368977788213 0.9848077521068113
vn -0.15038373199246952 0.08682409405304849 0.9848077527334381
vn -0.4330127014809868 0.2500000035613776 0.8660254029619736
vn -0.15038373199246952 0.08682409405304849 0.9848077527334381
vn -0.3213938155027469 0.38302223374298794 0.8660253944400927
vn -0.3213938155027469 0.38302223374298794 0.8660253944400927
vn -0.15038373199246952 0.08682409405304849 0.9848077527334381
vn -0.1116189017562609 0.13302222425553065 0.9848077521145119
vn -0.3213938155027469 0.38302223374298794 0.8660253944400927
vn -0.1116189017562609 0.13302222425553065 0.9848077521145119
vn -0.1710100768432776 0.4698463119679955 0.8660254019069702
vn -0.1710100768432776 0.4698463119679955 0.8660254019069702
vn -0.1116189017562609 0.13302222425553065 0.9848077521145119
vn -0.05939117040945311 0.16317590950173763 0.9848077535416119
vn -0.604022767536065 -0.7198463184126728 0.34202013707644996
vn -0.3213938095041811 -0.883022219464709 0.34202014435411454
vn -0.2620026119006542 -0.7198463198263182 0.642787606593143
vn -0.2620026119006542 -0.7198463198263182 0.642787606593143
vn -0.1710100768432776 -0.4698463119679955 0.8660254019069702
vn -0.4924038697913718 -0.5868240739851228 0.6427876283859119
vn -0.4924038697913718 -0.5868240739851228 0.6427876283859119
vn -0.1710100768432776 -0.4698463119679955 0.8660254019069702
vn -0.3213938155027469 -0.38302223374298794 0.8660253944400927
vn -0.4924038697913718 -0.5868240739851228 0.6427876283859119
vn -0.3213938155027469 -0.38302223374298794 0.8660253944400927
vn -0.6634139247420355 -0.38302223180805994 0.642787627758299
vn -0.6634139247420355 -0.38302223180805994 0.642787627758299
vn -0.3213938155027469 -0.38302223374298794 0.8660253944400927
vn -0.4330127014809868 -0.2500000035613776 0.8660254029619736
vn -0.6634139247420355 -0.38302223180805994 0.642787627758299
vn -0.4330127014809868 -0.2500000035613776 0.8660254029619736
vn -0.7544064988221005 -0.13302222065385513 0.6427876191614904
vn -0.7544064988221005 -0.13302222065385513 0.6427876191614904
vn -0.4330127014809868 -0.2500000035613776 0.8660254029619736
vn -0.4924038767356402 -0.08682409411809924 0.8660254031241138
vn -0.7544064988221005 -0.13302222065385513 0.6427876191614904
vn -0.4924038767356402 -0.08682409411809924 0.8660254031241138
vn -0.7544064988221005 0.13302222065385513 0.6427876191614904
vn -0.7544064988221005 0.13302222065385513 0.6427876191614904
vn -0.4924038767356402 -0.08682409411809924 0.8660254031241138
vn -0.4924038767356402 0.08682409411809924 0.8660254031241138
vn -0.7544064988221005 0.13302222065385513 0.6427876191614904
vn -0.4924038767356402 0.08682409411809924 0.8660254031241138
vn -0.6634139247420355 0.38302223180805994 0.642787627758299
vn -0.6634139247420355 0.38302223180805994 0.642787627758299
vn -0.4924038767356402 0.08682409411809924 0.8660254031241138
vn -0.4330127014809868 0.2500000035613776 0.8660254029619736
vn -0.6634139247420355 0.38302223180805994 0.642787627758299
vn -0.4330127014809868 0.2500000035613776 0.8660254029619736
vn -0.4924038697913718 0.5868240739851228 0.6427876283859119
vn -0.4924038697913718 0.5868240739851228 0.6427876283859119
vn -0.4330127014809868 0.2500000035613776 0.8660254029619736
vn -0.3213938155027469 0.38302223374298794 0.8660253944400927
vn -0.4924038697913718 0.5868240739851228 0.6427876283859119
vn -0.3213938155027469 0.38302223374298794 0.8660253944400927
vn -0.2620026119006542 0.7198463198263182 0.642787606593143
vn -0.2620026119006542 0.7198463198263182 0.642787606593143
vn -0.3213938155027469 0.38302223374298794 0.8660253944400927
vn -0.1710100768432776 0.4698463119679955 0.8660254019069702
vn -0.8137976822430781 -0.4698463049968799 0.3420201486119979
vn -0.604022767536065 -0.7198463184126728 0.34202013707644996
vn -0.4924038697913718 -0.5868240739851228 0.6427876283859119
vn -0.4924038697913718 -0.5868240739851228 0.6427876283859119
vn -0.604022767536065 -0.7198463184126728 0.34202013707644996
vn -0.2620026119006542 -0.7198463198263182 0.642787606593143
vn -0.8137976822430781 -0.4698463049968799 0.3420201486119979
vn -0.4924038697913718 -0.5868240739851228 0.6427876283859119
vn -0.6634139247420355 -0.38302223180805994 0.642787627758299
vn -0.9254165752055478 -0.16317590894485484 0.34202015302443056
vn -0.8137976822430781 -0.4698463049968799 0.3420201486119979
vn -0.6634139247420355 -0.38302223180805994 0.642787627758299
vn -0.9254165752055478 -0.16317590894485484 0.34202015302443056
vn -0.6634139247420355 -0.38302223180805994 0.642787627758299
vn -0.7544064988221005 -0.13302222065385513 0.6427876191614904
vn -0.9254165752055478 0.16317590894485484 0.34202015302443056
vn -0.9254165752055478 -0.16317590894485484 0.34202015302443056
vn -0.7544064988221005 -0.13302222065385513 0.6427876191614904
vn -0.9254165752055478 0.16317590894485484 0.34202015302443056
vn -0.7544064988221005 -0.13302222065385513 0.6427876191614904
vn -0.7544064988221005 0.13302222065385513 0.6427876191614904
vn -0.8137976822430781 0.4698463049968799 0.3420201486119979
vn -0.9254165752055478 0.16317590894485484 0.34202015302443056
vn -0.7544064988221005 0.13302222065385513 0.6427876191614904
vn -0.8137976822430781 0.4698463049968799 0.3420201486119979
vn -0.7544064988221005 0.13302222065385513 0.6427876191614904
vn -0.6634139247420355 0.38302223180805994 0.642787627758299
vn -0.604022767536065 0.7198463184126728 0.34202013707644996
vn -0.8137976822430781 0.4698463049968799 0.3420201486119979
vn -0.6634139247420355 0.38302223180805994 0.642787627758299
vn -0.604022767536065 0.7198463184126728 0.34202013707644996
vn -0.6634139247420355 0.38302223180805994 0.642787627758299
vn -0.4924038697913718 0.5868240739851228 0.6427876283859119
vn -0.3213938095041811 0.883022219464709 0.34202014435411454
vn -0.604022767536065 0.7198463184126728 0.34202013707644996
vn -0.4924038697913718 0.5868240739851228 0.6427876283859119
vn -0.3213938095041811 0.883022219464709 0.34202014435411454
vn -0.4924038697913718 0.5868240739851228 0.6427876283859119
vn -0.2620026119006542 0.7198463198263182 0.642787606593143
vn 0 0 -1
vn 0 0 -1
vn 0 0 -1
vn 0 0 -1
vn 0 0 -1
vn 0 0 -1
vn 0 0 -1
vn 0 0 -1
vn 0 0 -1
vn 0 0 -1
vn 0 0 -1
vn 0 0 -1
vn 0 0 -1
vn 0 0 -1
vn 0 0 -1
vn 0 0 -1
vn 0 0 -1
vn 0 0 -1
vn 0 0 -1
vn 0 0 -1
vn 0 0 -1
vn 0 0 -1
vn 0 0 -1
vn 0 0 -1
vn 0 0 -1
vn 0 0 -1
vn 0 0 -1
vn 0 0 -1
vn 0 0 -1
vn 0 0 -1
vn 0 0 -1
vn 0 0 -1
vn 0 0 -1
vn 0 0 -1
vn 0 0 -1
vn 0 0 -1
vn 0 0 -1
vn 0 0 -1
vn 0 0 -1
vn 0 0 -1
vn 0 0 -1
vn 0 0 -1
vn 0 0 -1
vn 0 0 -1
vn 0 0 -1
vn 0 0 -1
vn 0 0 -1
vn 0 0 -1
vn 0 0 -1
vn 0 0 -1
vn 0 0 -1
vn 0 0 -1
vn 0 0 -1
vn 0 0 -1
vn 0 0 -1
vn 0 0 -1
vn 0 0 -1
vn 0 0 -1
vn 0 0 -1
vn 0 0 -1
vn 0 0 -1
vn 0 0 -1
vn 0 0 -1
vn 0 0 -1
vn 0 0 -1
vn 0 0 -1
vn 0 0 -1
vn 0 0 -1
vn 0 0 -1
vn 0 0 -1
vn 0 0 -1
vn 0 0 -1
vn 0 0 -1
vn 0 0 -1
vn 0 0 -1
vn 0 0 -1
vn 0 0 -1
vn 0 0 -1
vn 0 0 -1
vn 0 0 -1
vn 0 0 -1
vn 0 0 -1
vn 0 0 -1
vn 0 0 -1
vn 0 0 -1
vn 0 0 -1
vn 0 0 -1
vn 0 0 -1
vn 0 0 -1
vn 0 0 -1
vn 0 0 -1
vn 0 0 -1
vn 0 0 -1
vn 0 0 -1
vn 0 0 -1
vn 0 0 -1
vn 0 0 -1
vn 0 0 -1
vn 0 0 -1
vn 0 0 -1
vn 0 0 -1
vn 0 0 -1
vn 0 0 -1
vn 0 0 -1
vn 0 0 -1
vn 0 0 -1
vn 0 0 -1
vn 0 0 -1
vn 0 1 0
vn -0.34202015146214465 0.9396926178244733 0
vn 0 1 0
vn 0 1 0
vn -0.34202015146214465 0.9396926178244733 0
vn -0.34202015146214465 0.9396926178244733 0
vn -0.34202015146214465 0.9396926178244733 0
vn -0.34202015146214465 0.9396926178244733 0
vn -0.6427876101986112 0.7660444426892987 0
vn -0.34202015146214465 0.9396926178244733 0
vn -0.6427876101986112 0.7660444426892987 0
vn -0.6427876101986112 0.7660444426892987 0
vn -0.6427876101986112 0.7660444426892987 0
vn -0.6427876101986112 0.7660444426892987 0
vn -0.866025400494579 0.5000000056982041 0
vn -0.6427876101986112 0.7660444426892987 0
vn -0.866025400494579 0.5000000056982041 0
vn -0.866025400494579 0.5000000056982041 0
vn -0.866025400494579 0.5000000056982041 0
vn -0.866025400494579 0.5000000056982041 0
vn -0.9848077512185995 0.17364818783899005 0
vn -0.866025400494579 0.5000000056982041 0
vn -0.9848077512185995 0.17364818783899005 0
vn -0.9848077512185995 0.17364818783899005 0
vn -0.9848077512185995 0.17364818783899005 0
vn -0.9848077512185995 0.17364818783899005 0
vn -0.9848077512185995 -0.17364818783899005 0
vn -0.9848077512185995 -0.17364818783899005 0
vn -0.9848077512185995 0.17364818783899005 0
vn -0.9848077512185995 -0.17364818783899005 0
vn -0.9848077512185995 -0.17364818783899005 0
vn -0.9848077512185995 -0.17364818783899005 0
vn -0.866025400494579 -0.5000000056982041 0
vn -0.866025400494579 -0.5000000056982041 0
vn -0.9848077512185995 -0.17364818783899005 0
vn -0.866025400494579 -0.5000000056982041 0
vn -0.866025400494579 -0.5000000056982041 0
vn -0.866025400494579 -0.5000000056982041 0
vn -0.6427876101986112 -0.7660444426892987 0
vn -0.6427876101986112 -0.7660444426892987 0
vn -0.866025400494579 -0.5000000056982041 0
vn -0.6427876101986112 -0.7660444426892987 0
vn -0.6427876101986112 -0.7660444426892987 0
vn -0.6427876101986112 -0.7660444426892987 0
vn -0.34202015146214465 -0.9396926178244733 0
vn -0.34202015146214465 -0.9396926178244733 0
vn -0.6427876101986112 -0.7660444426892987 0
vn -0.34202015146214465 -0.9396926178244733 0
vn -0.34202015146214465 -0.9396926178244733 0
vn -0.34202015146214465 -0.9396926178244733 0
vn 0 -1 0
vn 0 -1 0
vn -0.34202015146214465 -0.9396926178244733 0
vn 0 -1 0
vn 0 -1 0
vn 0 -1 0
vn -0.34202015146214465 -0.9396926178244733 0
vn -0.34202015146214465 -0.9396926178244733 0
vn 0 -1 0
vn -0.34202015146214465 -0.9396926178244733 0
vn -0.34202015146214465 -0.9396926178244733 0
vn -0.34202015146214465 -0.9396926178244733 0
vn -0.6427876101986112 -0.7660444426892987 0
vn -0.6427876101986112 -0.7660444426892987 0
vn -0.34202015146214465 -0.9396926178244733 0
vn -0.6427876101986112 -0.7660444426892987 0
vn -0.6427876101986112 -0.7660444426892987 0
vn -0.6427876101986112 -0.7660444426892987 0
vn -0.866025400494579 -0.5000000056982041 0
vn -0.866025400494579 -0.5000000056982041 0
vn -0.6427876101986112 -0.7660444426892987 0
vn -0.866025400494579 -0.5000000056982041 0
vn -0.866025400494579 -0.5000000056982041 0
vn -0.866025400494579 -0.5000000056982041 0
vn -0.9848077512185995 -0.17364818783899005 0
vn -0.9848077512185995 -0.17364818783899005 0
vn -0.866025400494579 -0.5000000056982041 0
vn -0.9848077512185995 -0.17364818783899005 0
vn -0.9848077512185995 -0.17364818783899005 0
vn -0.9848077512185995 -0.17364818783899005 0
vn -0.9848077512185995 0.17364818783899005 0
vn -0.9848077512185995 0.17364818783899005 0
vn -0.9848077512185995 -0.17364818783899005 0
vn -0.9848077512185995 0.17364818783899005 0
vn -0.9848077512185995 0.17364818783899005 0
vn -0.9848077512185995 0.17364818783899005 0
vn -0.866025400494579 0.5000000056982041 0
vn -0.866025400494579 0.5000000056982041 0
vn -0.9848077512185995 0.17364818783899005 0
vn -0.866025400494579 0.5000000056982041 0
vn -0.866025400494579 0.5000000056982041 0
vn -0.866025400494579 0.5000000056982041 0
vn -0.6427876101986112 0.7660444426892987 0
vn -0.6427876101986112 0.7660444426892987 0
vn -0.866025400494579 0.5000000056982041 0
vn -0.6427876101986112 0.7660444426892987 0
vn -0.6427876101986112 0.7660444426892987 0
vn -0.6427876101986112 0.7660444426892987 0
vn -0.34202015146214465 0.9396926178244733 0
vn -0.34202015146214465 0.9396926178244733 0
vn -0.6427876101986112 0.7660444426892987 0
vn -0.34202015146214465 0.9396926178244733 0
vn -0.34202015146214465 0.9396926178244733 0
vn -0.34202015146214465 0.9396926178244733 0
vn 0 1 0
vn 0 1 0
vn -0.34202015146214465 0.9396926178244733 0
vn 0 1 0
f 1/1/1 2/2/2 3/3/3
f 4/4/4 5/5/5 6/6/6
f 7/7/7 8/8/8 9/9/9
f 10/10/10 11/11/11 12/12/12
f 13/13/13 14/14/14 15/15/15
f 16/16/16 17/17/17 18/18/18
f 19/19/19 20/20/20 21/21/21
f 22/22/22 23/23/23 24/24/24
f 25/25/25 26/26/26 27/27/27
f 28/28/28 29/29/29 30/30/30
f 31/31/31 32/32/32 33/33/33
f 34/34/34 35/35/35 36/36/36
f 37/37/37 38/38/38 39/39/39
f 40/40/40 41/41/41 42/42/42
f 43/43/43 44/44/44 45/45/45
f 46/46/46 47/47/47 48/48/48
f 49/49/49 50/50/50 51/51/51
f 52/52/52 53/53/53 54/54/54
f 55/55/55 56/56/56 57/57/57
f 58/58/58 59/59/59 60/60/60
f 61/61/61 62/62/62 63/63/63
f 64/64/64 65/65/65 66/66/66
f 67/67/67 68/68/68 69/69/69
f 70/70/70 71/71/71 72/72/72
f 73/73/73 74/74/74 75/75/75
f 76/76/76 77/77/77 78/78/78
f 79/79/79 80/80/80 81/81/81
f 82/82/82 83/83/83 84/84/84
f 85/85/85 86/86/86 87/87/87
f 88/88/88 89/89/89 90/90/90
f 91/91/91 92/92/92 93/93/93
f 94/94/94 95/95/95 96/96/96
f 97/97/97 98/98/98 99/99/99
f 100/100/100 101/101/101 102/102/102
f 103/103/103 104/104/104 105/105/105
f 106/106/106 107/107/107 108/108/108
f 109/109/109 110/110/110 111/111/111
f 112/112/112 113/113/113 114/114/114
f 115/115/115 116/116/116 117/117/117
f 118/118/118 119/119/119 120/120/120
f 121/121/121 122/122/122 123/123/123
f 124/124/124 125/125/125 126/126/126
f 127/127/127 128/128/128 129/129/129
f 130/130/130 131/131/131 132/132/132
f 133/133/133 134/134/134 135/135/135
f 136/136/136 137/137/137 138/138/138
f 139/139/139 140/140/140 141/141/141
f 142/142/142 143/143/143 144/144/144
f 145/145/145 146/146/146 147/147/147
f 148/148/148 149/149/149 150/150/150
f 151/151/151 152/152/152 153/153/153
f 154/154/154 155/155/155 156/156/156
f 157/157/157 158/158/158 159/159/159
f 160/160/160 161/161/161 162/162/162
f 163/163/163 164/164/164 165/165/165
f 166/166/166 167/167/167 168/168/168
f 169/169/169 170/170/170 171/171/171
f 172/172/172 173/173/173 174/174/174
f 175/175/175 176/176/176 177/177/177
f 178/178/178 179/179/179 180/180/180
f 181/181/181 182/182/182 183/183/183
f 184/184/184 185/185/185 186/186/186
f 187/187/187 188/188/188 189/189/189
f 190/190/190 191/191/191 192/192/192
f 193/193/193 194/194/194 195/195/195
f 196/196/196 197/197/197 198/198/198
f 199/199/199 200/200/200 201/201/201
f 202/202/202 203/203/203 204/204/204
f 205/205/205 206/206/206 207/207/207
f 208/208/208 209/209/209 210/210/210
f 211/211/211 212/212/212 213/213/213
f 214/214/214 215/215/215 216/216/216
f 217/217/217 218/218/218 219/219/219
f 220/220/220 221/221/221 222/222/222
f 223/223/223 224/224/224 225/225/225
f 226/226/226 227/227/227 228/228/228
f 229/229/229 230/230/230 231/231/231
f 232/232/232 233/233/233 234/234/234
f 235/235/235 236/236/236 237/237/237
f 238/238/238 239/239/239 240/240/240
f 241/241/241 242/242/242 243/243/243
f 244/244/244 245/245/245 246/246/246
f 247/247/247 248/248/248 249/249/249
f 250/250/250 251/251/251 252/252/252
f 253/253/253 254/254/254 255/255/255
f 256/256/256 257/257/257 258/258/258
f 259/259/259 260/260/260 261/261/261
f 262/262/262 263/263/263 264/264/264
f 265/265/265 266/266/266 267/267/267
f 268/268/268 269/269/269 270/270/270
f 271/271/271 272/272/272 273/273/273
f 274/274/274 275/275/275 276/276/276
f 277/277/277 278/278/278 279/279/279
f 280/280/280 281/281/281 282/282/282
f 283/283/283 284/284/284 285/285/285
f 286/286/286 287/287/287 288/288/288
f 289/289/289 290/290/290 291/291/291
f 292/292/292 293/293/293 294/294/294
f 295/295/295 296/296/296 297/297/297
f 298/298/298 299/299/299 300/300/300
f 301/301/301 302/302/302 303/303/303
f 304/304/304 305/305/305 306/306/306
f 307/307/307 308/308/308 309/309/309
f 310/310/310 311/311/311 312/312/312
f 313/313/313 314/314/314 315/315/315
f 316/316/316 317/317/317 318/318/318
f 319/319/319 320/320/320 321/321/321
f 322/322/322 323/323/323 324/324/324
f 325/325/325 326/326/326 327/327/327
f 328/328/328 329/329/329 330/330/330
f 331/331/331 332/332/332 333/333/333
f 334/334/334 335/335/335 336/336/336
f 337/337/337 338/338/338 339/339/339
f 340/340/340 341/341/341 342/342/342
f 343/343/343 344/344/344 345/345/345
f 346/346/346 347/347/347 348/348/348
f 349/349/349 350/350/350 351/351/351
f 352/352/352 353/353/353 354/354/354
f 355/355/355 356/356/356 357/357/357
f 358/358/358 359/359/359 360/360/360
f 361/361/361 362/362/362 363/363/363
f 364/364/364 365/365/365 366/366/366
f 367/367/367 368/368/368 369/369/369
f 370/370/370 371/371/371 372/372/372
f 373/373/373 374/374/374 375/375/375
f 376/376/376 377/377/377 378/378/378
f 379/379/379 380/380/380 381/381/381
f 382/382/382 383/383/383 384/384/384
f 385/385/385 386/386/386 387/387/387
f 388/388/388 389/389/389 390/390/390
f 391/391/391 392/392/392 393/393/393
f 394/394/394 395/395/395 396/396/396
f 397/397/397 398/398/398 399/399/399
f 400/400/400 401/401/401 402/402/402
f 403/403/403 404/404/404 405/405/405
f 406/406/406 407/407/407 408/408/408
f 409/409/409 410/410/410 411/411/411
f 412/412/412 413/413/413 414/414/414
f 415/415/415 416/416/416 417/417/417
f 418/418/418 419/419/419 420/420/420
f 421/421/421 422/422/422 423/423/423
f 424/424/424 425/425/425 426/426/426
f 427/427/427 428/428/428 429/429/429
f 430/430/430 431/431/431 432/432/432
f 433/433/433 434/434/434 435/435/435
f 436/436/436 437/437/437 438/438/438
f 439/439/439 440/440/440 441/441/441
f 442/442/442 443/443/443 444/444/444
f 445/445/445 446/446/446 447/447/447
f 448/448/448 449/449/449 450/450/450
f 451/451/451 452/452/452 453/453/453
f 454/454/454 455/455/455 456/456/456
f 457/457/457 458/458/458 459/459/459
f 460/460/460 461/461/461 462/462/462
f 463/463/463 464/464/464 465/465/465
f 466/466/466 467/467/467 468/468/468
f 469/469/469 470/470/470 471/471/471
f 472/472/472 473/473/473 474/474/474
f 475/475/475 476/476/476 477/477/477
f 478/478/478 479/479/479 480/480/480
f 481/481/481 482/482/482 483/483/483
f 484/484/484 485/485/485 486/486/486
f 487/487/487 488/488/488 489/489/489
f 490/490/490 491/491/491 492/492/492
f 493/493/493 494/494/494 495/495/495
f 496/496/496 497/497/497 498/498/498
f 499/499/499 500/500/500 501/501/501
f 502/502/502 503/503/503 504/504/504
f 505/505/505 506/506/506 507/507/507
f 508/508/508 509/509/509 510/510/510
f 511/511/511 512/512/512 513/513/513
f 514/514/514 515/515/515 516/516/516
f 517/517/517 518/518/518 519/519/519
f 520/520/520 521/521/521 522/522/522
f 523/523/523 524/524/524 525/525/525
f 526/526/526 527/527/527 528/528/528
f 529/529/529 530/530/530 531/531/531
f 532/532/532 533/533/533 534/534/534
f 535/535/535 536/536/536 537/537/537
f 538/538/538 539/539/539 540/540/540
f 541/541/541 542/542/542 543/543/543
f 544/544/544 545/545/545 546/546/546
f 547/547/547 548/548/548 549/549/549
f 550/550/550 551/551/551 552/552/552
f 553/553/553 554/554/554 555/555/555
f 556/556/556 557/557/557 558/558/558
f 559/559/559 560/560/560 561/561/561
f 562/562/562 563/563/563 564/564/564
f 565/565/565 566/566/566 567/567/567
f 568/568/568 569/569/569 570/570/570
f 571/571/571 572/572/572 573/573/573
f 574/574/574 575/575/575 576/576/576
f 577/577/577 578/578/578 579/579/579
f 580/580/580 581/581/581 582/582/582
f 583/583/583 584/584/584 585/585/585
f 586/586/586 587/587/587 588/588/588
f 589/589/589 590/590/590 591/591/591
f 592/592/592 593/593/593 594/594/594
f 595/595/595 596/596/596 597/597/597
f 598/598/598 599/599/599 600/600/600
f 601/601/601 602/602/602 603/603/603
f 604/604/604 605/605/605 606/606/606
f 607/607/607 608/608/608 609/609/609
f 610/610/610 611/611/611 612/612/612
f 613/613/613 614/614/614 615/615/615
f 616/616/616 617/617/617 618/618/618
f 619/619/619 620/620/620 621/621/621
f 622/622/622 623/623/623 624/624/624
f 625/625/625 626/626/626 627/627/627
f 628/628/628 629/629/629 630/630/630
f 631/631/631 632/632/632 633/633/633
f 634/634/634 635/635/635 636/636/636
f 637/637/637 638/638/638 639/639/639
f 640/640/640 641/641/641 642/642/642
f 643/643/643 644/644/644 645/645/645
f 646/646/646 647/647/647 648/648/648
f 649/649/649 650/650/650 651/651/651
f 652/652/652 653/653/653 654/654/654
f 655/655/655 656/656/656 657/657/657
f 658/658/658 659/659/659 660/660/660
f 661/661/661 662/662/662 663/663/663
f 664/664/664 665/665/665 666/666/666
f 667/667/667 668/668/668 669/669/669
f 670/670/670 671/671/671 672/672/672
f 673/673/673 674/674/674 675/675/675
f 676/676/676 677/677/677 678/678/678
f 679/679/679 680/680/680 681/681/681
f 682/682/682 683/683/683 684/684/684
f 685/685/685 686/686/686 687/687/687
f 688/688/688 689/689/689 690/690/690
f 691/691/691 692/692/692 693/693/693
f 694/694/694 695/695/695 696/696/696
f 697/697/697 698/698/698 699/699/699
f 700/700/700 701/701/701 702/702/702
f 703/703/703 704/704/704 705/705/705
f 706/706/706 707/707/707 708/708/708
f 709/709/709 710/710/710 711/711/711
f 712/712/712 713/713/713 714/714/714
f 715/715/715 716/716/716 717/717/717
f 718/718/718 719/719/719 720/720/720
f 721/721/721 722/722/722 723/723/723
f 724/724/724 725/725/725 726/726/726
f 727/727/727 728/728/728 729/729/729
f 730/730/730 731/731/731 732/732/732
f 733/733/733 734/734/734 735/735/735
f 736/736/736 737/737/737 738/738/738
f 739/739/739 740/740/740 741/741/741
f 742/742/742 743/743/743 744/744/744
f 745/745/745 746/746/746 747/747/747
f 748/748/748 749/749/749 750/750/750
f 751/751/751 752/752/752 753/753/753
f 754/754/754 755/755/755 756/756/756
f 757/757/757 758/758/758 759/759/759
f 760/760/760 761/761/761 762/762/762
f 763/763/763 764/764/764 765/765/765
f 766/766/766 767/767/767 768/768/768
f 769/769/769 770/770/770 771/771/771
f 772/772/772 773/773/773 774/774/774
f 775/775/775 776/776/776 777/777/777
f 778/778/778 779/779/779 780/780/780
f 781/781/781 782/782/782 783/783/783
f 784/784/784 785/785/785 786/786/786
f 787/787/787 788/788/788 789/789/789
f 790/790/790 791/791/791 792/792/792
f 793/793/793 794/794/794 795/795/795
f 796/796/796 797/797/797 798/798/798
f 799/799/799 800/800/800 801/801/801
f 802/802/802 803/803/803 804/804/804
f 805/805/805 806/806/806 807/807/807
f 808/808/808 809/809/809 810/810/810
f 811/811/811 812/812/812 813/813/813
f 814/814/814 815/815/815 816/816/816
f 817/817/817 818/818/818 819/819/819
f 820/820/820 821/821/821 822/822/822
f 823/823/823 824/824/824 825/825/825
f 826/826/826 827/827/827 828/828/828
f 829/829/829 830/830/830 831/831/831
f 832/832/832 833/833/833 834/834/834
f 835/835/835 836/836/836 837/837/837
f 838/838/838 839/839/839 840/840/840
f 841/841/841 842/842/842 843/843/843
f 844/844/844 845/845/845 846/846/846
f 847/847/847 848/848/848 849/849/849
f 850/850/850 851/851/851 852/852/852
f 853/853/853 854/854/854 855/855/855
f 856/856/856 857/857/857 858/858/858
f 859/859/859 860/860/860 861/861/861
f 862/862/862 863/863/863 864/864/864
f 865/865/865 866/866/866 867/867/867
f 868/868/868 869/869/869 870/870/870
f 871/871/871 872/872/872 873/873/873
f 874/874/874 875/875/875 876/876/876
f 877/877/877 878/878/878 879/879/879
f 880/880/880 881/881/881 882/882/882
f 883/883/883 884/884/884 885/885/885
f 886/886/886 887/887/887 888/888/888
f 889/889/889 890/890/890 891/891/891
f 892/892/892 893/893/893 894/894/894
f 895/895/895 896/896/896 897/897/897
f 898/898/898 899/899/899 900/900/900
f 901/901/901 902/902/902 903/903/903
f 904/904/904 905/905/905 906/906/906
f 907/907/907 908/908/908 909/909/909
f 910/910/910 911/911/911 912/912/912
f 913/913/913 914/914/914 915/915/915
f 916/916/916 917/917/917 918/918/918
f 919/919/919 920/920/920 921/921/921
f 922/922/922 923/923/923 924/924/924
f 925/925/925 926/926/926 927/927/927
f 928/928/928 929/929/929 930/930/930
f 931/931/931 932/932/932 933/933/933
f 934/934/934 935/935/935 936/936/936
f 937/937/937 938/938/938 939/939/939
f 940/940/940 941/941/941 942/942/942
f 943/943/943 944/944/944 945/945/945
f 946/946/946 947/947/947 948/948/948
f 949/949/949 950/950/950 951/951/951
f 952/952/952 953/953/953 954/954/954
f 955/955/955 956/956/956 957/957/957
f 958/958/958 959/959/959 960/960/960
f 961/961/961 962/962/962 963/963/963
f 964/964/964 965/965/965 966/966/966
f 967/967/967 968/968/968 969/969/969
f 970/970/970 971/971/971 972/972/972
f 973/973/973 974/974/974 975/975/975
f 976/976/976 977/977/977 978/978/978
f 979/979/979 980/980/980 981/981/981
f 982/982/982 983/983/983 984/984/984
f 985/985/985 986/986/986 987/987/987
f 988/988/988 989/989/989 990/990/990
f 991/991/991 992/992/992 993/993/993
f 994/994/994 995/995/995 996/996/996
f 997/997/997 998/998/998 999/999/999
f 1000/1000/1000 1001/1001/1001 1002/1002/1002
f 1003/1003/1003 1004/1004/1004 1005/1005/1005
f 1006/1006/1006 1007/1007/1007 1008/1008/1008
f 1009/1009/1009 1010/1010/1010 1011/1011/1011
f 1012/1012/1012 1013/1013/1013 1014/1014/1014
f 1015/1015/1015 1016/1016/1016 1017/1017/1017
f 1018/1018/1018 1019/1019/1019 1020/1020/1020
f 1021/1021/1021 1022/1022/1022 1023/1023/1023
f 1024/1024/1024 1025/1025/1025 1026/1026/1026
f 1027/1027/1027 1028/1028/1028 1029/1029/1029
f 1030/1030/1030 1031/1031/1031 1032/1032/1032
f 1033/1033/1033 1034/1034/1034 1035/1035/1035
f 1036/1036/1036 1037/1037/1037 1038/1038/1038
f 1039/1039/1039 1040/1040/1040 1041/1041/1041
f 1042/1042/1042 1043/1043/1043 1044/1044/1044
f 1045/1045/1045 1046/1046/1046 1047/1047/1047
f 1048/1048/1048 1049/1049/1049 1050/1050/1050
f 1051/1051/1051 1052/1052/1052 1053/1053/1053
f 1054/1054/1054 1055/1055/1055 1056/1056/1056
f 1057/1057/1057 1058/1058/1058 1059/1059/1059
f 1060/1060/1060 1061/1061/1061 1062/1062/1062
f 1063/1063/1063 1064/1064/1064 1065/1065/1065
f 1066/1066/1066 1067/1067/1067 1068/1068/1068
f 1069/1069/1069 1070/1070/1070 1071/1071/1071
f 1072/1072/1072 1073/1073/1073 1074/1074/1074
f 1075/1075/1075 1076/1076/1076 1077/1077/1077
f 1078/1078/1078 1079/1079/1079 1080/1080/1080
f 1081/1081/1081 1082/1082/1082 1083/1083/1083
f 1084/1084/1084 1085/1085/1085 1086/1086/1086
f 1087/1087/1087 1088/1088/1088 1089/1089/1089
f 1090/1090/1090 1091/1091/1091 1092/1092/1092
f 1093/1093/1093 1094/1094/1094 1095/1095/1095
f 1096/1096/1096 1097/1097/1097 1098/1098/1098
f 1099/1099/1099 1100/1100/1100 1101/1101/1101
f 1102/1102/1102 1103/1103/1103 1104/1104/1104
f 1105/1105/1105 1106/1106/1106 1107/1107/1107
f 1108/1108/1108 1109/1109/1109 1110/1110/1110
f 1111/1111/1111 1112/1112/1112 1113/1113/1113
f 1114/1114/1114 1115/1115/1115 1116/1116/1116
f 1117/1117/1117 1118/1118/1118 1119/1119/1119
f 1120/1120/1120 1121/1121/1121 1122/1122/1122
f 1123/1123/1123 1124/1124/1124 1125/1125/1125
f 1126/1126/1126 1127/1127/1127 1128/1128/1128
f 1129/1129/1129 1130/1130/1130 1131/1131/1131
f 1132/1132/1132 1133/1133/1133 1134/1134/1134
f 1135/1135/1135 1136/1136/1136 1137/1137/1137
f 1138/1138/1138 1139/1139/1139 1140/1140/1140
f 1141/1141/1141 1142/1142/1142 1143/1143/1143
f 1144/1144/1144 1145/1145/1145 1146/1146/1146
f 1147/1147/1147 1148/1148/1148 1149/1149/1149
f 1150/1150/1150 1151/1151/1151 1152/1152/1152
f 1153/1153/1153 1154/1154/1154 1155/1155/1155
f 1156/1156/1156 1157/1157/1157 1158/1158/1158
f 1159/1159/1159 1160/1160/1160 1161/1161/1161
f 1162/1162/1162 1163/1163/1163 1164/1164/1164
f 1165/1165/1165 1166/1166/1166 1167/1167/1167
f 1168/1168/1168 1169/1169/1169 1170/1170/1170
f 1171/1171/1171 1172/1172/1172 1173/1173/1173
f 1174/1174/1174 1175/1175/1175 1176/1176/1176
f 1177/1177/1177 1178/1178/1178 1179/1179/1179
f 1180/1180/1180 1181/1181/1181 1182/1182/1182
f 1183/1183/1183 1184/1184/1184 1185/1185/1185
f 1186/1186/1186 1187/1187/1187 1188/1188/1188
f 1189/1189/1189 1190/1190/1190 1191/1191/1191
f 1192/1192/1192 1193/1193/1193 1194/1194/1194
f 1195/1195/1195 1196/1196/1196 1197/1197/1197
f 1198/1198/1198 1199/1199/1199 1200/1200/1200
f 1201/1201/1201 1202/1202/1202 1203/1203/1203
f 1204/1204/1204 1205/1205/1205 1206/1206/1206
f 1207/1207/1207 1208/1208/1208 1209/1209/1209
f 1210/1210/1210 1211/1211/1211 1212/1212/1212
f 1213/1213/1213 1214/1214/1214 1215/1215/1215
f 1216/1216/1216 1217/1217/1217 1218/1218/1218
f 1219/1219/1219 1220/1220/1220 1221/1221/1221
f 1222/1222/1222 1223/1223/1223 1224/1224/1224
f 1225/1225/1225 1226/1226/1226 1227/1227/1227
f 1228/1228/1228 1229/1229/1229 1230/1230/1230
f 1231/1231/1231 1232/1232/1232 1233/1233/1233
f 1234/1234/1234 1235/1235/1235 1236/1236/1236
f 1237/1237/1237 1238/1238/1238 1239/1239/1239
f 1240/1240/1240 1241/1241/1241 1242/1242/1242
f 1243/1243/1243 1244/1244/1244 1245/1245/1245
f 1246/1246/1246 1247/1247/1247 1248/1248/1248
f 1249/1249/1249 1250/1250/1250 1251/1251/1251
f 1252/1252/1252 1253/1253/1253 1254/1254/1254
f 1255/1255/1255 1256/1256/1256 1257/1257/1257
f 1258/1258/1258 1259/1259/1259 1260/1260/1260
f 1261/1261/1261 1262/1262/1262 1263/1263/1263
f 1264/1264/1264 1265/1265/1265 1266/1266/1266
f 1267/1267/1267 1268/1268/1268 1269/1269/1269
f 1270/1270/1270 1271/1271/1271 1272/1272/1272
f 1273/1273/1273 1274/1274/1274 1275/1275/1275
f 1276/1276/1276 1277/1277/1277 1278/1278/1278
f 1279/1279/1279 1280/1280/1280 1281/1281/1281
f 1282/1282/1282 1283/1283/1283 1284/1284/1284
f 1285/1285/1285 1286/1286/1286 1287/1287/1287
f 1288/1288/1288 1289/1289/1289 1290/1290/1290
f 1291/1291/1291 1292/1292/1292 1293/1293/1293
f 1294/1294/1294 1295/1295/1295 1296/1296/1296
f 1297/1297/1297 1298/1298/1298 1299/1299/1299
f 1300/1300/1300 1301/1301/1301 1302/1302/1302
f 1303/1303/1303 1304/1304/1304 1305/1305/1305
f 1306/1306/1306 1307/1307/1307 1308/1308/1308
f 1309/1309/1309 1310/1310/1310 1311/1311/1311
f 1312/1312/1312 1313/1313/1313 1314/1314/1314
f 1315/1315/1315 1316/1316/1316 1317/1317/1317
f 1318/1318/1318 1319/1319/1319 1320/1320/1320
f 1321/1321/1321 1322/1322/1322 1323/1323/1323
f 1324/1324/1324 1325/1325/1325 1326/1326/1326
f 1327/1327/1327 1328/1328/1328 1329/1329/1329
f 1330/1330/1330 1331/1331/1331 1332/1332/1332
f 1333/1333/1333 1334/1334/1334 1335/1335/1335
f 1336/1336/1336 1337/1337/1337 1338/1338/1338
f 1339/1339/1339 1340/1340/1340 1341/1341/1341
f 1342/1342/1342 1343/1343/1343 1344/1344/1344
f 1345/1345/1345 1346/1346/1346 1347/1347/1347
f 1348/1348/1348 1349/1349/1349 1350/1350/1350
f 1351/1351/1351 1352/1352/1352 1353/1353/1353
f 1354/1354/1354 1355/1355/1355 1356/1356/1356
f 1357/1357/1357 1358/1358/1358 1359/1359/1359
f 1360/1360/1360 1361/1361/1361 1362/1362/1362
f 1363/1363/1363 1364/1364/1364 1365/1365/1365
f 1366/1366/1366 1367/1367/1367 1368/1368/1368
f 1369/1369/1369 1370/1370/1370 1371/1371/1371
f 1372/1372/1372 1373/1373/1373 1374/1374/1374
f 1375/1375/1375 1376/1376/1376 1377/1377/1377
f 1378/1378/1378 1379/1379/1379 1380/1380/1380
f 1381/1381/1381 1382/1382/1382 1383/1383/1383
f 1384/1384/1384 1385/1385/1385 1386/1386/1386
f 1387/1387/1387 1388/1388/1388 1389/1389/1389
f 1390/1390/1390 1391/1391/1391 1392/1392/1392
f 1393/1393/1393 1394/1394/1394 1395/1395/1395
f 1396/1396/1396 1397/1397/1397 1398/1398/1398
f 1399/1399/1399 1400/1400/1400 1401/1401/1401
f 1402/1402/1402 1403/1403/1403 1404/1404/1404
f 1405/1405/1405 1406/1406/1406 1407/1407/1407
f 1408/1408/1408 1409/1409/1409 1410/1410/1410
f 1411/1411/1411 1412/1412/1412 1413/1413/1413
f 1414/1414/1414 1415/1415/1415 1416/1416/1416
f 1417/1417/1417 1418/1418/1418 1419/1419/1419
f 1420/1420/1420 1421/1421/1421 1422/1422/1422
f 1423/1423/1423 1424/1424/1424 1425/1425/1425
f 1426/1426/1426 1427/1427/1427 1428/1428/1428
f 1429/1429/1429 1430/1430/1430 1431/1431/1431
f 1432/1432/1432 1433/1433/1433 1434/1434/1434
f 1435/1435/1435 1436/1436/1436 1437/1437/1437
f 1438/1438/1438 1439/1439/1439 1440/1440/1440
f 1441/1441/1441 1442/1442/1442 1443/1443/1443
f 1444/1444/1444 1445/1445/1445 1446/1446/1446
f 1447/1447/1447 1448/1448/1448 1449/1449/1449
f 1450/1450/1450 1451/1451/1451 1452/1452/1452
f 1453/1453/1453 1454/1454/1454 1455/1455/1455
f 1456/1456/1456 1457/1457/1457 1458/1458/1458
f 1459/1459/1459 1460/1460/1460 1461/1461/1461
f 1462/1462/1462 1463/1463/1463 1464/1464/1464
f 1465/1465/1465 1466/1466/1466 1467/1467/1467
f 1468/1468/1468 1469/1469/1469 1470/1470/1470
f 1471/1471/1471 1472/1472/1472 1473/1473/1473
f 1474/1474/1474 1475/1475/1475 1476/1476/1476
f 1477/1477/1477 1478/1478/1478 1479/1479/1479
f 1480/1480/1480 1481/1481/1481 1482/1482/1482
f 1483/1483/1483 1484/1484/1484 1485/1485/1485
f 1486/1486/1486 1487/1487/1487 1488/1488/1488
f 1489/1489/1489 1490/1490/1490 1491/1491/1491
f 1492/1492/1492 1493/1493/1493 1494/1494/1494
f 1495/1495/1495 1496/1496/1496 1497/1497/1497
f 1498/1498/1498 1499/1499/1499 1500/1500/1500
f 1501/1501/1501 1502/1502/1502 1503/1503/1503
f 1504/1504/1504 1505/1505/1505 1506/1506/1506
f 1507/1507/1507 1508/1508/1508 1509/1509/1509
f 1510/1510/1510 1511/1511/1511 1512/1512/1512
f 1513/1513/1513 1514/1514/1514 1515/1515/1515
f 1516/1516/1516 1517/1517/1517 1518/1518/1518
f 1519/1519/1519 1520/1520/1520 1521/1521/1521
f 1522/1522/1522 1523/1523/1523 1524/1524/1524
f 1525/1525/1525 1526/1526/1526 1527/1527/1527
f 1528/1528/1528 1529/1529/1529 1530/1530/1530
f 1531/1531/1531 1532/1532/1532 1533/1533/1533
f 1534/1534/1534 1535/1535/1535 1536/1536/1536
f 1537/1537/1537 1538/1538/1538 1539/1539/1539
f 1540/1540/1540 1541/1541/1541 1542/1542/1542
f 1543/1543/1543 1544/1544/1544 1545/1545/1545
f 1546/1546/1546 1547/1547/1547 1548/1548/1548
f 1549/1549/1549 1550/1550/1550 1551/1551/1551
f 1552/1552/1552 1553/1553/1553 1554/1554/1554
f 1555/1555/1555 1556/1556/1556 1557/1557/1557
f 1558/1558/1558 1559/1559/1559 1560/1560/1560
f 1561/1561/1561 1562/1562/1562 1563/1563/1563
f 1564/1564/1564 1565/1565/1565 1566/1566/1566
f 1567/1567/1567 1568/1568/1568 1569/1569/1569
f 1570/1570/1570 1571/1571/1571 1572/1572/1572
f 1573/1573/1573 1574/1574/1574 1575/1575/1575
f 1576/1576/1576 1577/1577/1577 1578/1578/1578
f 1579/1579/1579 1580/1580/1580 1581/1581/1581
f 1582/1582/1582 1583/1583/1583 1584/1584/1584
f 1585/1585/1585 1586/1586/1586 1587/1587/1587
f 1588/1588/1588 1589/1589/1589 1590/1590/1590
f 1591/1591/1591 1592/1592/1592 1593/1593/1593
f 1594/1594/1594 1595/1595/1595 1596/1596/1596
f 1597/1597/1597 1598/1598/1598 1599/1599/1599
f 1600/1600/1600 1601/1601/1601 1602/1602/1602
f 1603/1603/1603 1604/1604/1604 1605/1605/1605
f 1606/1606/1606 1607/1607/1607 1608/1608/1608
f 1609/1609/1609 1610/1610/1610 1611/1611/1611
f 1612/1612/1612 1613/1613/1613 1614/1614/1614
f 1615/1615/1615 1616/1616/1616 1617/1617/1617
f 1618/1618/1618 1619/1619/1619 1620/1620/1620
f 1621/1621/1621 1622/1622/1622 1623/1623/1623
f 1624/1624/1624 1625/1625/1625 1626/1626/1626
f 1627/1627/1627 1628/1628/1628 1629/1629/1629
f 1630/1630/1630 1631/1631/1631 1632/1632/1632
f 1633/1633/1633 1634/1634/1634 1635/1635/1635
f 1636/1636/1636 1637/1637/1637 1638/1638/1638
f 1639/1639/1639 1640/1640/1640 1641/1641/1641
f 1642/1642/1642 1643/1643/1643 1644/1644/1644
f 1645/1645/1645 1646/1646/1646 1647/1647/1647
f 1648/1648/1648 1649/1649/1649 1650/1650/1650
f 1651/1651/1651 1652/1652/1652 1653/1653/1653
f 1654/1654/1654 1655/1655/1655 1656/1656/1656
f 1657/1657/1657 1658/1658/1658 1659/1659/1659
f 1660/1660/1660 1661/1661/1661 1662/1662/1662
f 1663/1663/1663 1664/1664/1664 1665/1665/1665
f 1666/1666/1666 1667/1667/1667 1668/1668/1668
f 1669/1669/1669 1670/1670/1670 1671/1671/1671
f 1672/1672/1672 1673/1673/1673 1674/1674/1674
f 1675/1675/1675 1676/1676/1676 1677/1677/1677
f 1678/1678/1678 1679/1679/1679 1680/1680/1680
f 1681/1681/1681 1682/1682/1682 1683/1683/1683
f 1684/1684/1684 1685/1685/1685 1686/1686/1686
f 1687/1687/1687 1688/1688/1688 1689/1689/1689
f 1690/1690/1690 1691/1691/1691 1692/1692/1692
f 1693/1693/1693 1694/1694/1694 1695/1695/1695
f 1696/1696/1696 1697/1697/1697 1698/1698/1698
f 1699/1699/1699 1700/1700/1700 1701/1701/1701
f 1702/1702/1702 1703/1703/1703 1704/1704/1704
f 1705/1705/1705 1706/1706/1706 1707/1707/1707
f 1708/1708/1708 1709/1709/1709 1710/1710/1710
f 1711/1711/1711 1712/1712/1712 1713/1713/1713
f 1714/1714/1714 1715/1715/1715 1716/1716/1716
f 1717/1717/1717 1718/1718/1718 1719/1719/1719
f 1720/1720/1720 1721/1721/1721 1722/1722/1722
f 1723/1723/1723 1724/1724/1724 1725/1725/1725
f 1726/1726/1726 1727/1727/1727 1728/1728/1728
f 1729/1729/1729 1730/1730/1730 1731/1731/1731
f 1732/1732/1732 1733/1733/1733 1734/1734/1734
f 1735/1735/1735 1736/1736/1736 1737/1737/1737
f 1738/1738/1738 1739/1739/1739 1740/1740/1740
f 1741/1741/1741 1742/1742/1742 1743/1743/1743
f 1744/1744/1744 1745/1745/1745 1746/1746/1746
f 1747/1747/1747 1748/1748/1748 1749/1749/1749
f 1750/1750/1750 1751/1751/1751 1752/1752/1752
f 1753/1753/1753 1754/1754/1754 1755/1755/1755
f 1756/1756/1756 1757/1757/1757 1758/1758/1758
f 1759/1759/1759 1760/1760/1760 1761/1761/1761
f 1762/1762/1762 1763/1763/1763 1764/1764/1764
f 1765/1765/1765 1766/1766/1766 1767/1767/1767
f 1768/1768/1768 1769/1769/1769 1770/1770/1770
f 1771/1771/1771 1772/1772/1772 1773/1773/1773
f 1774/1774/1774 1775/1775/1775 1776/1776/1776
f 1777/1777/1777 1778/1778/1778 1779/1779/1779
f 1780/1780/1780 1781/1781/1781 1782/1782/1782
f 1783/1783/1783 1784/1784/1784 1785/1785/1785
f 1786/1786/1786 1787/1787/1787 1788/1788/1788
f 1789/1789/1789 1790/1790/1790 1791/1791/1791
f 1792/1792/1792 1793/1793/1793 1794/1794/1794
f 1795/1795/1795 1796/1796/1796 1797/1797/1797
f 1798/1798/1798 1799/1799/1799 1800/1800/1800
f 1801/1801/1801 1802/1802/1802 1803/1803/1803
f 1804/1804/1804 1805/1805/1805 1806/1806/1806
f 1807/1807/1807 1808/1808/1808 1809/1809/1809
f 1810/1810/1810 1811/1811/1811 1812/1812/1812
f 1813/1813/1813 1814/1814/1814 1815/1815/1815
f 1816/1816/1816 1817/1817/1817 1818/1818/1818
f 1819/1819/1819 1820/1820/1820 1821/1821/1821
f 1822/1822/1822 1823/1823/1823 1824/1824/1824
f 1825/1825/1825 1826/1826/1826 1827/1827/1827
f 1828/1828/1828 1829/1829/1829 1830/1830/1830
f 1831/1831/1831 1832/1832/1832 1833/1833/1833
f 1834/1834/1834 1835/1835/1835 1836/1836/1836
f 1837/1837/1837 1838/1838/1838 1839/1839/1839
f 1840/1840/1840 1841/1841/1841 1842/1842/1842
f 1843/1843/1843 1844/1844/1844 1845/1845/1845
f 1846/1846/1846 1847/1847/1847 1848/1848/1848
f 1849/1849/1849 1850/1850/1850 1851/1851/1851
f 1852/1852/1852 1853/1853/1853 1854/1854/1854
f 1855/1855/1855 1856/1856/1856 1857/1857/1857
f 1858/1858/1858 1859/1859/1859 1860/1860/1860
f 1861/1861/1861 1862/1862/1862 1863/1863/1863
f 1864/1864/1864 1865/1865/1865 1866/1866/1866
f 1867/1867/1867 1868/1868/1868 1869/1869/1869
f 1870/1870/1870 1871/1871/1871 1872/1872/1872
f 1873/1873/1873 1874/1874/1874 1875/1875/1875
f 1876/1876/1876 1877/1877/1877 1878/1878/1878
f 1879/1879/1879 1880/1880/1880 1881/1881/1881
f 1882/1882/1882 1883/1883/1883 1884/1884/1884
f 1885/1885/1885 1886/1886/1886 1887/1887/1887
f 1888/1888/1888 1889/1889/1889 1890/1890/1890
f 1891/1891/1891 1892/1892/1892 1893/1893/1893
f 1894/1894/1894 1895/1895/1895 1896/1896/1896
f 1897/1897/1897 1898/1898/1898 1899/1899/1899
f 1900/1900/1900 1901/1901/1901 1902/1902/1902
f 1903/1903/1903 1904/1904/1904 1905/1905/1905
f 1906/1906/1906 1907/1907/1907 1908/1908/1908
f 1909/1909/1909 1910/1910/1910 1911/1911/1911
f 1912/1912/1912 1913/1913/1913 1914/1914/1914
f 1915/1915/1915 1916/1916/1916 1917/1917/1917
f 1918/1918/1918 1919/1919/1919 1920/1920/1920
f 1921/1921/1921 1922/1922/1922 1923/1923/1923
f 1924/1924/1924 1925/1925/1925 1926/1926/1926
f 1927/1927/1927 1928/1928/1928 1929/1929/1929
f 1930/1930/1930 1931/1931/1931 1932/1932/1932
f 1933/1933/1933 1934/1934/1934 1935/1935/1935
f 1936/1936/1936 1937/1937/1937 1938/1938/1938
f 1939/1939/1939 1940/1940/1940 1941/1941/1941
f 1942/1942/1942 1943/1943/1943 1944/1944/1944
f 1945/1945/1945 1946/1946/1946 1947/1947/1947
f 1948/1948/1948 1949/1949/1949 1950/1950/1950
f 1951/1951/1951 1952/1952/1952 1953/1953/1953
f 1954/1954/1954 1955/1955/1955 1956/1956/1956
f 1957/1957/1957 1958/1958/1958 1959/1959/1959
f 1960/1960/1960 1961/1961/1961 1962/1962/1962
f 1963/1963/1963 1964/1964/1964 1965/1965/1965
f 1966/1966/1966 1967/1967/1967 1968/1968/1968
f 1969/1969/1969 1970/1970/1970 1971/1971/1971
f 1972/1972/1972 1973/1973/1973 1974/1974/1974
f 1975/1975/1975 1976/1976/1976 1977/1977/1977
f 1978/1978/1978 1979/1979/1979 1980/1980/1980
f 1981/1981/1981 1982/1982/1982 1983/1983/1983
f 1984/1984/1984 1985/1985/1985 1986/1986/1986
f 1987/1987/1987 1988/1988/1988 1989/1989/1989
f 1990/1990/1990 1991/1991/1991 1992/1992/1992
f 1993/1993/1993 1994/1994/1994 1995/1995/1995
f 1996/1996/1996 1997/1997/1997 1998/1998/1998
f 1999/1999/1999 2000/2000/2000 2001/2001/2001
f 2002/2002/2002 2003/2003/2003 2004/2004/2004
f 2005/2005/2005 2006/2006/2006 2007/2007/2007
f 2008/2008/2008 2009/2009/2009 2010/2010/2010
f 2011/2011/2011 2012/2012/2012 2013/2013/2013
f 2014/2014/2014 2015/2015/2015 2016/2016/2016
f 2017/2017/2017 2018/2018/2018 2019/2019/2019
f 2020/2020/2020 2021/2021/2021 2022/2022/2022
f 2023/2023/2023 2024/2024/2024 2025/2025/2025
f 2026/2026/2026 2027/2027/2027 2028/2028/2028
f 2029/2029/2029 2030/2030/2030 2031/2031/2031
f 2032/2032/2032 2033/2033/2033 2034/2034/2034
f 2035/2035/2035 2036/2036/2036 2037/2037/2037
f 2038/2038/2038 2039/2039/2039 2040/2040/2040
f 2041/2041/2041 2042/2042/2042 2043/2043/2043
f 2044/2044/2044 2045/2045/2045 2046/2046/2046
f 2047/2047/2047 2048/2048/2048 2049/2049/2049
f 2050/2050/2050 2051/2051/2051 2052/2052/2052
f 2053/2053/2053 2054/2054/2054 2055/2055/2055
f 2056/2056/2056 2057/2057/2057 2058/2058/2058
f 2059/2059/2059 2060/2060/2060 2061/2061/2061
f 2062/2062/2062 2063/2063/2063 2064/2064/2064
f 2065/2065/2065 2066/2066/2066 2067/2067/2067
f 2068/2068/2068 2069/2069/2069 2070/2070/2070
f 2071/2071/2071 2072/2072/2072 2073/2073/2073
f 2074/2074/2074 2075/2075/2075 2076/2076/2076
f 2077/2077/2077 2078/2078/2078 2079/2079/2079
f 2080/2080/2080 2081/2081/2081 2082/2082/2082
f 2083/2083/2083 2084/2084/2084 2085/2085/2085
f 2086/2086/2086 2087/2087/2087 2088/2088/2088
f 2089/2089/2089 2090/2090/2090 2091/2091/2091
f 2092/2092/2092 2093/2093/2093 2094/2094/2094
f 2095/2095/2095 2096/2096/2096 2097/2097/2097
f 2098/2098/2098 2099/2099/2099 2100/2100/2100
f 2101/2101/2101 2102/2102/2102 2103/2103/2103
f 2104/2104/2104 2105/2105/2105 2106/2106/2106
f 2107/2107/2107 2108/2108/2108 2109/2109/2109
f 2110/2110/2110 2111/2111/2111 2112/2112/2112
f 2113/2113/2113 2114/2114/2114 2115/2115/2115
f 2116/2116/2116 2117/2117/2117 2118/2118/2118
f 2119/2119/2119 2120/2120/2120 2121/2121/2121
f 2122/2122/2122 2123/2123/2123 2124/2124/2124
f 2125/2125/2125 2126/2126/2126 2127/2127/2127
f 2128/2128/2128 2129/2129/2129 2130/2130/2130
f 2131/2131/2131 2132/2132/2132 2133/2133/2133
f 2134/2134/2134 2135/2135/2135 2136/2136/2136
f 2137/2137/2137 2138/2138/2138 2139/2139/2139
f 2140/2140/2140 2141/2141/2141 2142/2142/2142
f 2143/2143/2143 2144/2144/2144 2145/2145/2145
f 2146/2146/2146 2147/2147/2147 2148/2148/2148
f 2149/2149/2149 2150/2150/2150 2151/2151/2151
f 2152/2152/2152 2153/2153/2153 2154/2154/2154
f 2155/2155/2155 2156/2156/2156 2157/2157/2157
f 2158/2158/2158 2159/2159/2159 2160/2160/2160
f 2161/2161/2161 2162/2162/2162 2163/2163/2163
f 2164/2164/2164 2165/2165/2165 2166/2166/2166
f 2167/2167/2167 2168/2168/2168 2169/2169/2169
f 2170/2170/2170 2171/2171/2171 2172/2172/2172
f 2173/2173/2173 2174/2174/2174 2175/2175/2175
f 2176/2176/2176 2177/2177/2177 2178/2178/2178
f 2179/2179/2179 2180/2180/2180 2181/2181/2181
f 2182/2182/2182 2183/2183/2183 2184/2184/2184
f 2185/2185/2185 2186/2186/2186 2187/2187/2187
f 2188/2188/2188 2189/2189/2189 2190/2190/2190
f 2191/2191/2191 2192/2192/2192 2193/2193/2193
f 2194/2194/2194 2195/2195/2195 2196/2196/2196
f 2197/2197/2197 2198/2198/2198 2199/2199/2199
f 2200/2200/2200 2201/2201/2201 2202/2202/2202
f 2203/2203/2203 2204/2204/2204 2205/2205/2205
f 2206/2206/2206 2207/2207/2207 2208/2208/2208
f 2209/2209/2209 2210/2210/2210 2211/2211/2211
f 2212/2212/2212 2213/2213/2213 2214/2214/2214
f 2215/2215/2215 2216/2216/2216 2217/2217/2217
f 2218/2218/2218 2219/2219/2219 2220/2220/2220
f 2221/2221/2221 2222/2222/2222 2223/2223/2223
f 2224/2224/2224 2225/2225/2225 2226/2226/2226
f 2227/2227/2227 2228/2228/2228 2229/2229/2229
f 2230/2230/2230 2231/2231/2231 2232/2232/2232
f 2233/2233/2233 2234/2234/2234 2235/2235/2235
f 2236/2236/2236 2237/2237/2237 2238/2238/2238
f 2239/2239/2239 2240/2240/2240 2241/2241/2241
f 2242/2242/2242 2243/2243/2243 2244/2244/2244
f 2245/2245/2245 2246/2246/2246 2247/2247/2247
f 2248/2248/2248 2249/2249/2249 2250/2250/2250
f 2251/2251/2251 2252/2252/2252 2253/2253/2253
f 2254/2254/2254 2255/2255/2255 2256/2256/2256
f 2257/2257/2257 2258/2258/2258 2259/2259/2259
f 2260/2260/2260 2261/2261/2261 2262/2262/2262
f 2263/2263/2263 2264/2264/2264 2265/2265/2265
f 2266/2266/2266 2267/2267/2267 2268/2268/2268
f 2269/2269/2269 2270/2270/2270 2271/2271/2271
f 2272/2272/2272 2273/2273/2273 2274/2274/2274
f 2275/2275/2275 2276/2276/2276 2277/2277/2277
f 2278/2278/2278 2279/2279/2279 2280/2280/2280
f 2281/2281/2281 2282/2282/2282 2283/2283/2283
f 2284/2284/2284 2285/2285/2285 2286/2286/2286
f 2287/2287/2287 2288/2288/2288 2289/2289/2289
f 2290/2290/2290 2291/2291/2291 2292/2292/2292
f 2293/2293/2293 2294/2294/2294 2295/2295/2295
f 2296/2296/2296 2297/2297/2297 2298/2298/2298
f 2299/2299/2299 2300/2300/2300 2301/2301/2301
f 2302/2302/2302 2303/2303/2303 2304/2304/2304
f 2305/2305/2305 2306/2306/2306 2307/2307/2307
f 2308/2308/2308 2309/2309/2309 2310/2310/2310
f 2311/2311/2311 2312/2312/2312 2313/2313/2313
f 2314/2314/2314 2315/2315/2315 2316/2316/2316
f 2317/2317/2317 2318/2318/2318 2319/2319/2319
f 2320/2320/2320 2321/2321/2321 2322/2322/2322
f 2323/2323/2323 2324/2324/2324 2325/2325/2325
f 2326/2326/2326 2327/2327/2327 2328/2328/2328
f 2329/2329/2329 2330/2330/2330 2331/2331/2331
f 2332/2332/2332 2333/2333/2333 2334/2334/2334
f 2335/2335/2335 2336/2336/2336 2337/2337/2337
f 2338/2338/2338 2339/2339/2339 2340/2340/2340
f 2341/2341/2341 2342/2342/2342 2343/2343/2343
f 2344/2344/2344 2345/2345/2345 2346/2346/2346
f 2347/2347/2347 2348/2348/2348 2349/2349/2349
f 2350/2350/2350 2351/2351/2351 2352/2352/2352
f 2353/2353/2353 2354/2354/2354 2355/2355/2355
f 2356/2356/2356 2357/2357/2357 2358/2358/2358
f 2359/2359/2359 2360/2360/2360 2361/2361/2361
f 2362/2362/2362 2363/2363/2363 2364/2364/2364
f 2365/2365/2365 2366/2366/2366 2367/2367/2367
f 2368/2368/2368 2369/2369/2369 2370/2370/2370
f 2371/2371/2371 2372/2372/2372 2373/2373/2373
f 2374/2374/2374 2375/2375/2375 2376/2376/2376
f 2377/2377/2377 2378/2378/2378 2379/2379/2379
f 2380/2380/2380 2381/2381/2381 2382/2382/2382
f 2383/2383/2383 2384/2384/2384 2385/2385/2385
f 2386/2386/2386 2387/2387/2387 2388/2388/2388
f 2389/2389/2389 2390/2390/2390 2391/2391/2391
f 2392/2392/2392 2393/2393/2393 2394/2394/2394
f 2395/2395/2395 2396/2396/2396 2397/2397/2397
f 2398/2398/2398 2399/2399/2399 2400/2400/2400
f 2401/2401/2401 2402/2402/2402 2403/2403/2403
f 2404/2404/2404 2405/2405/2405 2406/2406/2406
f 2407/2407/2407 2408/2408/2408 2409/2409/2409
f 2410/2410/2410 2411/2411/2411 2412/2412/2412
f 2413/2413/2413 2414/2414/2414 2415/2415/2415
f 2416/2416/2416 2417/2417/2417 2418/2418/2418
f 2419/2419/2419 2420/2420/2420 2421/2421/2421
f 2422/2422/2422 2423/2423/2423 2424/2424/2424
f 2425/2425/2425 2426/2426/2426 2427/2427/2427
f 2428/2428/2428 2429/2429/2429 2430/2430/2430
f 2431/2431/2431 2432/2432/2432 2433/2433/2433
f 2434/2434/2434 2435/2435/2435 2436/2436/2436
f 2437/2437/2437 2438/2438/2438 2439/2439/2439
f 2440/2440/2440 2441/2441/2441 2442/2442/2442
f 2443/2443/2443 2444/2444/2444 2445/2445/2445
f 2446/2446/2446 2447/2447/2447 2448/2448/2448
f 2449/2449/2449 2450/2450/2450 2451/2451/2451
f 2452/2452/2452 2453/2453/2453 2454/2454/2454
f 2455/2455/2455 2456/2456/2456 2457/2457/2457
f 2458/2458/2458 2459/2459/2459 2460/2460/2460
f 2461/2461/2461 2462/2462/2462 2463/2463/2463
f 2464/2464/2464 2465/2465/2465 2466/2466/2466
f 2467/2467/2467 2468/2468/2468 2469/2469/2469
f 2470/2470/2470 2471/2471/2471 2472/2472/2472
f 2473/2473/2473 2474/2474/2474 2475/2475/2475
f 2476/2476/2476 2477/2477/2477 2478/2478/2478
f 2479/2479/2479 2480/2480/2480 2481/2481/2481
f 2482/2482/2482 2483/2483/2483 2484/2484/2484
f 2485/2485/2485 2486/2486/2486 2487/2487/2487
f 2488/2488/2488 2489/2489/2489 2490/2490/2490
f 2491/2491/2491 2492/2492/2492 2493/2493/2493
f 2494/2494/2494 2495/2495/2495 2496/2496/2496
f 2497/2497/2497 2498/2498/2498 2499/2499/2499
f 2500/2500/2500 2501/2501/2501 2502/2502/2502
f 2503/2503/2503 2504/2504/2504 2505/2505/2505
f 2506/2506/2506 2507/2507/2507 2508/2508/2508
f 2509/2509/2509 2510/2510/2510 2511/2511/2511
f 2512/2512/2512 2513/2513/2513 2514/2514/2514
f 2515/2515/2515 2516/2516/2516 2517/2517/2517
f 2518/2518/2518 2519/2519/2519 2520/2520/2520
f 2521/2521/2521 2522/2522/2522 2523/2523/2523
f 2524/2524/2524 2525/2525/2525 2526/2526/2526
f 2527/2527/2527 2528/2528/2528 2529/2529/2529
f 2530/2530/2530 2531/2531/2531 2532/2532/2532
f 2533/2533/2533 2534/2534/2534 2535/2535/2535
f 2536/2536/2536 2537/2537/2537 2538/2538/2538
f 2539/2539/2539 2540/2540/2540 2541/2541/2541
f 2542/2542/2542 2543/2543/2543 2544/2544/2544
f 2545/2545/2545 2546/2546/2546 2547/2547/2547
f 2548/2548/2548 2549/2549/2549 2550/2550/2550
f 2551/2551/2551 2552/2552/2552 2553/2553/2553
f 2554/2554/2554 2555/2555/2555 2556/2556/2556
f 2557/2557/2557 2558/2558/2558 2559/2559/2559
f 2560/2560/2560 2561/2561/2561 2562/2562/2562
f 2563/2563/2563 2564/2564/2564 2565/2565/2565
f 2566/2566/2566 2567/2567/2567 2568/2568/2568
f 2569/2569/2569 2570/2570/2570 2571/2571/2571
f 2572/2572/2572 2573/2573/2573 2574/2574/2574
f 2575/2575/2575 2576/2576/2576 2577/2577/2577
f 2578/2578/2578 2579/2579/2579 2580/2580/2580
f 2581/2581/2581 2582/2582/2582 2583/2583/2583
f 2584/2584/2584 2585/2585/2585 2586/2586/2586
f 2587/2587/2587 2588/2588/2588 2589/2589/2589
f 2590/2590/2590 2591/2591/2591 2592/2592/2592
f 2593/2593/2593 2594/2594/2594 2595/2595/2595
f 2596/2596/2596 2597/2597/2597 2598/2598/2598
f 2599/2599/2599 2600/2600/2600 2601/2601/2601
f 2602/2602/2602 2603/2603/2603 2604/2604/2604
f 2605/2605/2605 2606/2606/2606 2607/2607/2607
f 2608/2608/2608 2609/2609/2609 2610/2610/2610
f 2611/2611/2611 2612/2612/2612 2613/2613/2613
f 2614/2614/2614 2615/2615/2615 2616/2616/2616
f 2617/2617/2617 2618/2618/2618 2619/2619/2619
f 2620/2620/2620 2621/2621/2621 2622/2622/2622
f 2623/2623/2623 2624/2624/2624 2625/2625/2625
f 2626/2626/2626 2627/2627/2627 2628/2628/2628
f 2629/2629/2629 2630/2630/2630 2631/2631/2631
f 2632/2632/2632 2633/2633/2633 2634/2634/2634
f 2635/2635/2635 2636/2636/2636 2637/2637/2637
f 2638/2638/2638 2639/2639/2639 2640/2640/2640
f 2641/2641/2641 2642/2642/2642 2643/2643/2643
f 2644/2644/2644 2645/2645/2645 2646/2646/2646
f 2647/2647/2647 2648/2648/2648 2649/2649/2649
f 2650/2650/2650 2651/2651/2651 2652/2652/2652
f 2653/2653/2653 2654/2654/2654 2655/2655/2655
f 2656/2656/2656 2657/2657/2657 2658/2658/2658
f 2659/2659/2659 2660/2660/2660 2661/2661/2661
f 2662/2662/2662 2663/2663/2663 2664/2664/2664
f 2665/2665/2665 2666/2666/2666 2667/2667/2667
f 2668/2668/2668 2669/2669/2669 2670/2670/2670
f 2671/2671/2671 2672/2672/2672 2673/2673/2673
f 2674/2674/2674 2675/2675/2675 2676/2676/2676
f 2677/2677/2677 2678/2678/2678 2679/2679/2679
f 2680/2680/2680 2681/2681/2681 2682/2682/2682
f 2683/2683/2683 2684/2684/2684 2685/2685/2685
f 2686/2686/2686 2687/2687/2687 2688/2688/2688
f 2689/2689/2689 2690/2690/2690 2691/2691/2691
f 2692/2692/2692 2693/2693/2693 2694/2694/2694
f 2695/2695/2695 2696/2696/2696 2697/2697/2697
f 2698/2698/2698 2699/2699/2699 2700/2700/2700
f 2701/2701/2701 2702/2702/2702 2703/2703/2703
f 2704/2704/2704 2705/2705/2705 2706/2706/2706
f 2707/2707/2707 2708/2708/2708 2709/2709/2709
f 2710/2710/2710 2711/2711/2711 2712/2712/2712
f 2713/2713/2713 2714/2714/2714 2715/2715/2715
f 2716/2716/2716 2717/2717/2717 2718/2718/2718
f 2719/2719/2719 2720/2720/2720 2721/2721/2721
f 2722/2722/2722 2723/2723/2723 2724/2724/2724
f 2725/2725/2725 2726/2726/2726 2727/2727/2727
f 2728/2728/2728 2729/2729/2729 2730/2730/2730
f 2731/2731/2731 2732/2732/2732 2733/2733/2733
f 2734/2734/2734 2735/2735/2735 2736/2736/2736
f 2737/2737/2737 2738/2738/2738 2739/2739/2739
f 2740/2740/2740 2741/2741/2741 2742/2742/2742
f 2743/2743/2743 2744/2744/2744 2745/2745/2745
f 2746/2746/2746 2747/2747/2747 2748/2748/2748
f 2749/2749/2749 2750/2750/2750 2751/2751/2751
f 2752/2752/2752 2753/2753/2753 2754/2754/2754
f 2755/2755/2755 2756/2756/2756 2757/2757/2757
f 2758/2758/2758 2759/2759/2759 2760/2760/2760
f 2761/2761/2761 2762/2762/2762 2763/2763/2763
f 2764/2764/2764 2765/2765/2765 2766/2766/2766
f 2767/2767/2767 2768/2768/2768 2769/2769/2769
f 2770/2770/2770 2771/2771/2771 2772/2772/2772
f 2773/2773/2773 2774/2774/2774 2775/2775/2775
f 2776/2776/2776 2777/2777/2777 2778/2778/2778
f 2779/2779/2779 2780/2780/2780 2781/2781/2781
f 2782/2782/2782 2783/2783/2783 2784/2784/2784
f 2785/2785/2785 2786/2786/2786 2787/2787/2787
f 2788/2788/2788 2789/2789/2789 2790/2790/2790
f 2791/2791/2791 2792/2792/2792 2793/2793/2793
f 2794/2794/2794 2795/2795/2795 2796/2796/2796
f 2797/2797/2797 2798/2798/2798 2799/2799/2799
f 2800/2800/2800 2801/2801/2801 2802/2802/2802
f 2803/2803/2803 2804/2804/2804 2805/2805/2805
f 2806/2806/2806 2807/2807/2807 2808/2808/2808
f 2809/2809/2809 2810/2810/2810 2811/2811/2811
f 2812/2812/2812 2813/2813/2813 2814/2814/2814
f 2815/2815/2815 2816/2816/2816 2817/2817/2817
f 2818/2818/2818 2819/2819/2819 2820/2820/2820
f 2821/2821/2821 2822/2822/2822 2823/2823/2823
f 2824/2824/2824 2825/2825/2825 2826/2826/2826
f 2827/2827/2827 2828/2828/2828 2829/2829/2829
f 2830/2830/2830 2831/2831/2831 2832/2832/2832
f 2833/2833/2833 2834/2834/2834 2835/2835/2835
f 2836/2836/2836 2837/2837/2837 2838/2838/2838
f 2839/2839/2839 2840/2840/2840 2841/2841/2841
f 2842/2842/2842 2843/2843/2843 2844/2844/2844
f 2845/2845/2845 2846/2846/2846 2847/2847/2847
f 2848/2848/2848 2849/2849/2849 2850/2850/2850
f 2851/2851/2851 2852/2852/2852 2853/2853/2853
f 2854/2854/2854 2855/2855/2855 2856/2856/2856
f 2857/2857/2857 2858/2858/2858 2859/2859/2859
f 2860/2860/2860 2861/2861/2861 2862/2862/2862
f 2863/2863/2863 2864/2864/2864 2865/2865/2865
f 2866/2866/2866 2867/2867/2867 2868/2868/2868
f 2869/2869/2869 2870/2870/2870 2871/2871/2871
f 2872/2872/2872 2873/2873/2873 2874/2874/2874
f 2875/2875/2875 2876/2876/2876 2877/2877/2877
f 2878/2878/2878 2879/2879/2879 2880/2880/2880
f 2881/2881/2881 2882/2882/2882 2883/2883/2883
f 2884/2884/2884 2885/2885/2885 2886/2886/2886
f 2887/2887/2887 2888/2888/2888 2889/2889/2889
f 2890/2890/2890 2891/2891/2891 2892/2892/2892
f 2893/2893/2893 2894/2894/2894 2895/2895/2895
f 2896/2896/2896 2897/2897/2897 2898/2898/2898
f 2899/2899/2899 2900/2900/2900 2901/2901/2901
f 2902/2902/2902 2903/2903/2903 2904/2904/2904
f 2905/2905/2905 2906/2906/2906 2907/2907/2907
f 2908/2908/2908 2909/2909/2909 2910/2910/2910
f 2911/2911/2911 2912/2912/2912 2913/2913/2913
f 2914/2914/2914 2915/2915/2915 2916/2916/2916
f 2917/2917/2917 2918/2918/2918 2919/2919/2919
f 2920/2920/2920 2921/2921/2921 2922/2922/2922
f 2923/2923/2923 2924/2924/2924 2925/2925/2925
f 2926/2926/2926 2927/2927/2927 2928/2928/2928
f 2929/2929/2929 2930/2930/2930 2931/2931/2931
f 2932/2932/2932 2933/2933/2933 2934/2934/2934
f 2935/2935/2935 2936/2936/2936 2937/2937/2937
f 2938/2938/2938 2939/2939/2939 2940/2940/2940
f 2941/2941/2941 2942/2942/2942 2943/2943/2943
f 2944/2944/2944 2945/2945/2945 2946/2946/2946
f 2947/2947/2947 2948/2948/2948 2949/2949/2949
f 2950/2950/2950 2951/2951/2951 2952/2952/2952
f 2953/2953/2953 2954/2954/2954 2955/2955/2955
f 2956/2956/2956 2957/2957/2957 2958/2958/2958
f 2959/2959/2959 2960/2960/2960 2961/2961/2961
f 2962/2962/2962 2963/2963/2963 2964/2964/2964
f 2965/2965/2965 2966/2966/2966 2967/2967/2967
f 2968/2968/2968 2969/2969/2969 2970/2970/2970
f 2971/2971/2971 2972/2972/2972 2973/2973/2973
f 2974/2974/2974 2975/2975/2975 2976/2976/2976
f 2977/2977/2977 2978/2978/2978 2979/2979/2979
f 2980/2980/2980 2981/2981/2981 2982/2982/2982
f 2983/2983/2983 2984/2984/2984 2985/2985/2985
f 2986/2986/2986 2987/2987/2987 2988/2988/2988
f 2989/2989/2989 2990/2990/2990 2991/2991/2991
f 2992/2992/2992 2993/2993/2993 2994/2994/2994
f 2995/2995/2995 2996/2996/2996 2997/2997/2997
f 2998/2998/2998 2999/2999/2999 3000/3000/3000
f 3001/3001/3001 3002/3002/3002 3003/3003/3003
f 3004/3004/3004 3005/3005/3005 3006/3006/3006
f 3007/3007/3007 3008/3008/3008 3009/3009/3009
f 3010/3010/3010 3011/3011/3011 3012/3012/3012
f 3013/3013/3013 3014/3014/3014 3015/3015/3015
f 3016/3016/3016 3017/3017/3017 3018/3018/3018
f 3019/3019/3019 3020/3020/3020 3021/3021/3021
f 3022/3022/3022 3023/3023/3023 3024/3024/3024
f 3025/3025/3025 3026/3026/3026 3027/3027/3027
f 3028/3028/3028 3029/3029/3029 3030/3030/3030
f 3031/3031/3031 3032/3032/3032 3033/3033/3033
f 3034/3034/3034 3035/3035/3035 3036/3036/3036
f 3037/3037/3037 3038/3038/3038 3039/3039/3039
f 3040/3040/3040 3041/3041/3041 3042/3042/3042
f 3043/3043/3043 3044/3044/3044 3045/3045/3045
f 3046/3046/3046 3047/3047/3047 3048/3048/3048
f 3049/3049/3049 3050/3050/3050 3051/3051/3051
f 3052/3052/3052 3053/3053/3053 3054/3054/3054
f 3055/3055/3055 3056/3056/3056 3057/3057/3057
f 3058/3058/3058 3059/3059/3059 3060/3060/3060
f 3061/3061/3061 3062/3062/3062 3063/3063/3063
f 3064/3064/3064 3065/3065/3065 3066/3066/3066
f 3067/3067/3067 3068/3068/3068 3069/3069/3069
f 3070/3070/3070 3071/3071/3071 3072/3072/3072
f 3073/3073/3073 3074/3074/3074 3075/3075/3075
f 3076/3076/3076 3077/3077/3077 3078/3078/3078
f 3079/3079/3079 3080/3080/3080 3081/3081/3081
f 3082/3082/3082 3083/3083/3083 3084/3084/3084
f 3085/3085/3085 3086/3086/3086 3087/3087/3087
f 3088/3088/3088 3089/3089/3089 3090/3090/3090
f 3091/3091/3091 3092/3092/3092 3093/3093/3093
f 3094/3094/3094 3095/3095/3095 3096/3096/3096
f 3097/3097/3097 3098/3098/3098 3099/3099/3099
f 3100/3100/3100 3101/3101/3101 3102/3102/3102
f 3103/3103/3103 3104/3104/3104 3105/3105/3105
f 3106/3106/3106 3107/3107/3107 3108/3108/3108
f 3109/3109/3109 3110/3110/3110 3111/3111/3111
f 3112/3112/3112 3113/3113/3113 3114/3114/3114
f 3115/3115/3115 3116/3116/3116 3117/3117/3117
f 3118/3118/3118 3119/3119/3119 3120/3120/3120
f 3121/3121/3121 3122/3122/3122 3123/3123/3123
f 3124/3124/3124 3125/3125/3125 3126/3126/3126
f 3127/3127/3127 3128/3128/3128 3129/3129/3129
f 3130/3130/3130 3131/3131/3131 3132/3132/3132
f 3133/3133/3133 3134/3134/3134 3135/3135/3135
f 3136/3136/3136 3137/3137/3137 3138/3138/3138
f 3139/3139/3139 3140/3140/3140 3141/3141/3141
f 3142/3142/3142 3143/3143/3143 3144/3144/3144
f 3145/3145/3145 3146/3146/3146 3147/3147/3147
f 3148/3148/3148 3149/3149/3149 3150/3150/3150
f 3151/3151/3151 3152/3152/3152 3153/3153/3153
f 3154/3154/3154 3155/3155/3155 3156/3156/3156
f 3157/3157/3157 3158/3158/3158 3159/3159/3159
f 3160/3160/3160 3161/3161/3161 3162/3162/3162
f 3163/3163/3163 3164/3164/3164 3165/3165/3165
f 3166/3166/3166 3167/3167/3167 3168/3168/3168
f 3169/3169/3169 3170/3170/3170 3171/3171/3171
f 3172/3172/3172 3173/3173/3173 3174/3174/3174
f 3175/3175/3175 3176/3176/3176 3177/3177/3177
f 3178/3178/3178 3179/3179/3179 3180/3180/3180
f 3181/3181/3181 3182/3182/3182 3183/3183/3183
f 3184/3184/3184 3185/3185/3185 3186/3186/3186
f 3187/3187/3187 3188/3188/3188 3189/3189/3189
f 3190/3190/3190 3191/3191/3191 3192/3192/3192
f 3193/3193/3193 3194/3194/3194 3195/3195/3195
f 3196/3196/3196 3197/3197/3197 3198/3198/3198
f 3199/3199/3199 3200/3200/3200 3201/3201/3201
f 3202/3202/3202 3203/3203/3203 3204/3204/3204
f 3205/3205/3205 3206/3206/3206 3207/3207/3207
f 3208/3208/3208 3209/3209/3209 3210/3210/3210
f 3211/3211/3211 3212/3212/3212 3213/3213/3213
f 3214/3214/3214 3215/3215/3215 3216/3216/3216
f 3217/3217/3217 3218/3218/3218 3219/3219/3219
f 3220/3220/3220 3221/3221/3221 3222/3222/3222
f 3223/3223/3223 3224/3224/3224 3225/3225/3225
f 3226/3226/3226 3227/3227/3227 3228/3228/3228
f 3229/3229/3229 3230/3230/3230 3231/3231/3231
f 3232/3232/3232 3233/3233/3233 3234/3234/3234
f 3235/3235/3235 3236/3236/3236 3237/3237/3237
f 3238/3238/3238 3239/3239/3239 3240/3240/3240
f 3241/3241/3241 3242/3242/3242 3243/3243/3243
f 3244/3244/3244 3245/3245/3245 3246/3246/3246
f 3247/3247/3247 3248/3248/3248 3249/3249/3249
f 3250/3250/3250 3251/3251/3251 3252/3252/3252
f 3253/3253/3253 3254/3254/3254 3255/3255/3255
f 3256/3256/3256 3257/3257/3257 3258/3258/3258
f 3259/3259/3259 3260/3260/3260 3261/3261/3261
f 3262/3262/3262 3263/3263/3263 3264/3264/3264
f 3265/3265/3265 3266/3266/3266 3267/3267/3267
f 3268/3268/3268 3269/3269/3269 3270/3270/3270
f 3271/3271/3271 3272/3272/3272 3273/3273/3273
f 3274/3274/3274 3275/3275/3275 3276/3276/3276
f 3277/3277/3277 3278/3278/3278 3279/3279/3279
f 3280/3280/3280 3281/3281/3281 3282/3282/3282
f 3283/3283/3283 3284/3284/3284 3285/3285/3285
f 3286/3286/3286 3287/3287/3287 3288/3288/3288
f 3289/3289/3289 3290/3290/3290 3291/3291/3291
f 3292/3292/3292 3293/3293/3293 3294/3294/3294
f 3295/3295/3295 3296/3296/3296 3297/3297/3297
f 3298/3298/3298 3299/3299/3299 3300/3300/3300
f 3301/3301/3301 3302/3302/3302 3303/3303/3303
f 3304/3304/3304 3305/3305/3305 3306/3306/3306
f 3307/3307/3307 3308/3308/3308 3309/3309/3309
f 3310/3310/3310 3311/3311/3311 3312/3312/3312
f 3313/3313/3313 3314/3314/3314 3315/3315/3315
f 3316/3316/3316 3317/3317/3317 3318/3318/3318
f 3319/3319/3319 3320/3320/3320 3321/3321/3321
f 3322/3322/3322 3323/3323/3323 3324/3324/3324
f 3325/3325/3325 3326/3326/3326 3327/3327/3327
f 3328/3328/3328 3329/3329/3329 3330/3330/3330
f 3331/3331/3331 3332/3332/3332 3333/3333/3333
f 3334/3334/3334 3335/3335/3335 3336/3336/3336
f 3337/3337/3337 3338/3338/3338 3339/3339/3339
f 3340/3340/3340 3341/3341/3341 3342/3342/3342
f 3343/3343/3343 3344/3344/3344 3345/3345/3345
f 3346/3346/3346 3347/3347/3347 3348/3348/3348
f 3349/3349/3349 3350/3350/3350 3351/3351/3351
f 3352/3352/3352 3353/3353/3353 3354/3354/3354
f 3355/3355/3355 3356/3356/3356 3357/3357/3357
f 3358/3358/3358 3359/3359/3359 3360/3360/3360
f 3361/3361/3361 3362/3362/3362 3363/3363/3363
f 3364/3364/3364 3365/3365/3365 3366/3366/3366
f 3367/3367/3367 3368/3368/3368 3369/3369/3369
f 3370/3370/3370 3371/3371/3371 3372/3372/3372
f 3373/3373/3373 3374/3374/3374 3375/3375/3375
f 3376/3376/3376 3377/3377/3377 3378/3378/3378
f 3379/3379/3379 3380/3380/3380 3381/3381/3381
f 3382/3382/3382 3383/3383/3383 3384/3384/3384
f 3385/3385/3385 3386/3386/3386 3387/3387/3387
f 3388/3388/3388 3389/3389/3389 3390/3390/3390
f 3391/3391/3391 3392/3392/3392 3393/3393/3393
f 3394/3394/3394 3395/3395/3395 3396/3396/3396
f 3397/3397/3397 3398/3398/3398 3399/3399/3399
f 3400/3400/3400 3401/3401/3401 3402/3402/3402
f 3403/3403/3403 3404/3404/3404 3405/3405/3405
f 3406/3406/3406 3407/3407/3407 3408/3408/3408
f 3409/3409/3409 3410/3410/3410 3411/3411/3411
f 3412/3412/3412 3413/3413/3413 3414/3414/3414
f 3415/3415/3415 3416/3416/3416 3417/3417/3417
f 3418/3418/3418 3419/3419/3419 3420/3420/3420
f 3421/3421/3421 3422/3422/3422 3423/3423/3423
f 3424/3424/3424 3425/3425/3425 3426/3426/3426
f 3427/3427/3427 3428/3428/3428 3429/3429/3429
f 3430/3430/3430 3431/3431/3431 3432/3432/3432
f 3433/3433/3433 3434/3434/3434 3435/3435/3435
f 3436/3436/3436 3437/3437/3437 3438/3438/3438
f 3439/3439/3439 3440/3440/3440 3441/3441/3441
f 3442/3442/3442 3443/3443/3443 3444/3444/3444
f 3445/3445/3445 3446/3446/3446 3447/3447/3447
f 3448/3448/3448 3449/3449/3449 3450/3450/3450
f 3451/3451/3451 3452/3452/3452 3453/3453/3453
f 3454/3454/3454 3455/3455/3455 3456/3456/3456
f 3457/3457/3457 3458/3458/3458 3459/3459/3459
f 3460/3460/3460 3461/3461/3461 3462/3462/3462
f 3463/3463/3463 3464/3464/3464 3465/3465/3465
f 3466/3466/3466 3467/3467/3467 3468/3468/3468
f 3469/3469/3469 3470/3470/3470 3471/3471/3471
f 3472/3472/3472 3473/3473/3473 3474/3474/3474
f 3475/3475/3475 3476/3476/3476 3477/3477/3477
f 3478/3478/3478 3479/3479/3479 3480/3480/3480
f 3481/3481/3481 3482/3482/3482 3483/3483/3483
f 3484/3484/3484 3485/3485/3485 3486/3486/3486
f 3487/3487/3487 3488/3488/3488 3489/3489/3489
f 3490/3490/3490 3491/3491/3491 3492/3492/3492
f 3493/3493/3493 3494/3494/3494 3495/3495/3495
f 3496/3496/3496 3497/3497/3497 3498/3498/3498
f 3499/3499/3499 3500/3500/3500 3501/3501/3501
f 3502/3502/3502 3503/3503/3503 3504/3504/3504
f 3505/3505/3505 3506/3506/3506 3507/3507/3507
f 3508/3508/3508 3509/3509/3509 3510/3510/3510
f 3511/3511/3511 3512/3512/3512 3513/3513/3513
f 3514/3514/3514 3515/3515/3515 3516/3516/3516
f 3517/3517/3517 3518/3518/3518 3519/3519/3519
f 3520/3520/3520 3521/3521/3521 3522/3522/3522
f 3523/3523/3523 3524/3524/3524 3525/3525/3525
f 3526/3526/3526 3527/3527/3527 3528/3528/3528
f 3529/3529/3529 3530/3530/3530 3531/3531/3531
f 3532/3532/3532 3533/3533/3533 3534/3534/3534
f 3535/3535/3535 3536/3536/3536 3537/3537/3537
f 3538/3538/3538 3539/3539/3539 3540/3540/3540
f 3541/3541/3541 3542/3542/3542 3543/3543/3543
f 3544/3544/3544 3545/3545/3545 3546/3546/3546
f 3547/3547/3547 3548/3548/3548 3549/3549/3549
f 3550/3550/3550 3551/3551/3551 3552/3552/3552
f 3553/3553/3553 3554/3554/3554 3555/3555/3555
f 3556/3556/3556 3557/3557/3557 3558/3558/3558
f 3559/3559/3559 3560/3560/3560 3561/3561/3561
f 3562/3562/3562 3563/3563/3563 3564/3564/3564
f 3565/3565/3565 3566/3566/3566 3567/3567/3567
f 3568/3568/3568 3569/3569/3569 3570/3570/3570
f 3571/3571/3571 3572/3572/3572 3573/3573/3573
f 3574/3574/3574 3575/3575/3575 3576/3576/3576
f 3577/3577/3577 3578/3578/3578 3579/3579/3579
f 3580/3580/3580 3581/3581/3581 3582/3582/3582
f 3583/3583/3583 3584/3584/3584 3585/3585/3585
f 3586/3586/3586 3587/3587/3587 3588/3588/3588
f 3589/3589/3589 3590/3590/3590 3591/3591/3591
f 3592/3592/3592 3593/3593/3593 3594/3594/3594
f 3595/3595/3595 3596/3596/3596 3597/3597/3597
f 3598/3598/3598 3599/3599/3599 3600/3600/3600
f 3601/3601/3601 3602/3602/3602 3603/3603/3603
f 3604/3604/3604 3605/3605/3605 3606/3606/3606
f 3607/3607/3607 3608/3608/3608 3609/3609/3609
f 3610/3610/3610 3611/3611/3611 3612/3612/3612
f 3613/3613/3613 3614/3614/3614 3615/3615/3615
f 3616/3616/3616 3617/3617/3617 3618/3618/3618
f 3619/3619/3619 3620/3620/3620 3621/3621/3621
f 3622/3622/3622 3623/3623/3623 3624/3624/3624
f 3625/3625/3625 3626/3626/3626 3627/3627/3627
f 3628/3628/3628 3629/3629/3629 3630/3630/3630
f 3631/3631/3631 3632/3632/3632 3633/3633/3633
f 3634/3634/3634 3635/3635/3635 3636/3636/3636
f 3637/3637/3637 3638/3638/3638 3639/3639/3639
f 3640/3640/3640 3641/3641/3641 3642/3642/3642
f 3643/3643/3643 3644/3644/3644 3645/3645/3645
f 3646/3646/3646 3647/3647/3647 3648/3648/3648
f 3649/3649/3649 3650/3650/3650 3651/3651/3651
f 3652/3652/3652 3653/3653/3653 3654/3654/3654
f 3655/3655/3655 3656/3656/3656 3657/3657/3657
f 3658/3658/3658 3659/3659/3659 3660/3660/3660
f 3661/3661/3661 3662/3662/3662 3663/3663/3663
f 3664/3664/3664 3665/3665/3665 3666/3666/3666
f 3667/3667/3667 3668/3668/3668 3669/3669/3669
f 3670/3670/3670 3671/3671/3671 3672/3672/3672
f 3673/3673/3673 3674/3674/3674 3675/3675/3675
f 3676/3676/3676 3677/3677/3677 3678/3678/3678
f 3679/3679/3679 3680/3680/3680 3681/3681/3681
f 3682/3682/3682 3683/3683/3683 3684/3684/3684
f 3685/3685/3685 3686/3686/3686 3687/3687/3687
f 3688/3688/3688 3689/3689/3689 3690/3690/3690
f 3691/3691/3691 3692/3692/3692 3693/3693/3693
f 3694/3694/3694 3695/3695/3695 3696/3696/3696
f 3697/3697/3697 3698/3698/3698 3699/3699/3699
f 3700/3700/3700 3701/3701/3701 3702/3702/3702
f 3703/3703/3703 3704/3704/3704 3705/3705/3705
f 3706/3706/3706 3707/3707/3707 3708/3708/3708
f 3709/3709/3709 3710/3710/3710 3711/3711/3711
f 3712/3712/3712 3713/3713/3713 3714/3714/3714
f 3715/3715/3715 3716/3716/3716 3717/3717/3717
f 3718/3718/3718 3719/3719/3719 3720/3720/3720
f 3721/3721/3721 3722/3722/3722 3723/3723/3723
f 3724/3724/3724 3725/3725/3725 3726/3726/3726
f 3727/3727/3727 3728/3728/3728 3729/3729/3729
f 3730/3730/3730 3731/3731/3731 3732/3732/3732
f 3733/3733/3733 3734/3734/3734 3735/3735/3735
f 3736/3736/3736 3737/3737/3737 3738/3738/3738
f 3739/3739/3739 3740/3740/3740 3741/3741/3741
f 3742/3742/3742 3743/3743/3743 3744/3744/3744
f 3745/3745/3745 3746/3746/3746 3747/3747/3747
f 3748/3748/3748 3749/3749/3749 3750/3750/3750
f 3751/3751/3751 3752/3752/3752 3753/3753/3753
f 3754/3754/3754 3755/3755/3755 3756/3756/3756
f 3757/3757/3757 3758/3758/3758 3759/3759/3759
f 3760/3760/3760 3761/3761/3761 3762/3762/3762
f 3763/3763/3763 3764/3764/3764 3765/3765/3765
f 3766/3766/3766 3767/3767/3767 3768/3768/3768
f 3769/3769/3769 3770/3770/3770 3771/3771/3771
f 3772/3772/3772 3773/3773/3773 3774/3774/3774
f 3775/3775/3775 3776/3776/3776 3777/3777/3777
f 3778/3778/3778 3779/3779/3779 3780/3780/3780
f 3781/3781/3781 3782/3782/3782 3783/3783/3783
f 3784/3784/3784 3785/3785/3785 3786/3786/3786
f 3787/3787/3787 3788/3788/3788 3789/3789/3789
f 3790/3790/3790 3791/3791/3791 3792/3792/3792
f 3793/3793/3793 3794/3794/3794 3795/3795/3795
f 3796/3796/3796 3797/3797/3797 3798/3798/3798
f 3799/3799/3799 3800/3800/3800 3801/3801/3801
f 3802/3802/3802 3803/3803/3803 3804/3804/3804
f 3805/3805/3805 3806/3806/3806 3807/3807/3807
f 3808/3808/3808 3809/3809/3809 3810/3810/3810
f 3811/3811/3811 3812/3812/3812 3813/3813/3813
f 3814/3814/3814 3815/3815/3815 3816/3816/3816
f 3817/3817/3817 3818/3818/3818 3819/3819/3819
f 3820/3820/3820 3821/3821/3821 3822/3822/3822
f 3823/3823/3823 3824/3824/3824 3825/3825/3825
f 3826/3826/3826 3827/3827/3827 3828/3828/3828
f 3829/3829/3829 3830/3830/3830 3831/3831/3831
f 3832/3832/3832 3833/3833/3833 3834/3834/3834
f 3835/3835/3835 3836/3836/3836 3837/3837/3837
f 3838/3838/3838 3839/3839/3839 3840/3840/3840
f 3841/3841/3841 3842/3842/3842 3843/3843/3843
f 3844/3844/3844 3845/3845/3845 3846/3846/3846
f 3847/3847/3847 3848/3848/3848 3849/3849/3849
f 3850/3850/3850 3851/3851/3851 3852/3852/3852
f 3853/3853/3853 3854/3854/3854 3855/3855/3855
f 3856/3856/3856 3857/3857/3857 3858/3858/3858
f 3859/3859/3859 3860/3860/3860 3861/3861/3861
f 3862/3862/3862 3863/3863/3863 3864/3864/3864
f 3865/3865/3865 3866/3866/3866 3867/3867/3867
f 3868/3868/3868 3869/3869/3869 3870/3870/3870
f 3871/3871/3871 3872/3872/3872 3873/3873/3873
f 3874/3874/3874 3875/3875/3875 3876/3876/3876
f 3877/3877/3877 3878/3878/3878 3879/3879/3879
f 3880/3880/3880 3881/3881/3881 3882/3882/3882
f 3883/3883/3883 3884/3884/3884 3885/3885/3885
f 3886/3886/3886 3887/3887/3887 3888/3888/3888
f 3889/3889/3889 3890/3890/3890 3891/3891/3891
f 3892/3892/3892 3893/3893/3893 3894/3894/3894
f 3895/3895/3895 3896/3896/3896 3897/3897/3897
f 3898/3898/3898 3899/3899/3899 3900/3900/3900
f 3901/3901/3901 3902/3902/3902 3903/3903/3903
f 3904/3904/3904 3905/3905/3905 3906/3906/3906
f 3907/3907/3907 3908/3908/3908 3909/3909/3909
f 3910/3910/3910 3911/3911/3911 3912/3912/3912
f 3913/3913/3913 3914/3914/3914 3915/3915/3915
f 3916/3916/3916 3917/3917/3917 3918/3918/3918
f 3919/3919/3919 3920/3920/3920 3921/3921/3921
f 3922/3922/3922 3923/3923/3923 3924/3924/3924
f 3925/3925/3925 3926/3926/3926 3927/3927/3927
f 3928/3928/3928 3929/3929/3929 3930/3930/3930
f 3931/3931/3931 3932/3932/3932 3933/3933/3933
f 3934/3934/3934 3935/3935/3935 3936/3936/3936
f 3937/3937/3937 3938/3938/3938 3939/3939/3939
f 3940/3940/3940 3941/3941/3941 3942/3942/3942
f 3943/3943/3943 3944/3944/3944 3945/3945/3945
f 3946/3946/3946 3947/3947/3947 3948/3948/3948
f 3949/3949/3949 3950/3950/3950 3951/3951/3951
f 3952/3952/3952 3953/3953/3953 3954/3954/3954
f 3955/3955/3955 3956/3956/3956 3957/3957/3957
f 3958/3958/3958 3959/3959/3959 3960/3960/3960
f 3961/3961/3961 3962/3962/3962 3963/3963/3963
f 3964/3964/3964 3965/3965/3965 3966/3966/3966
f 3967/3967/3967 3968/3968/3968 3969/3969/3969
f 3970/3970/3970 3971/3971/3971 3972/3972/3972
f 3973/3973/3973 3974/3974/3974 3975/3975/3975
f 3976/3976/3976 3977/3977/3977 3978/3978/3978
f 3979/3979/3979 3980/3980/3980 3981/3981/3981
f 3982/3982/3982 3983/3983/3983 3984/3984/3984
f 3985/3985/3985 3986/3986/3986 3987/3987/3987
f 3988/3988/3988 3989/3989/3989 3990/3990/3990
f 3991/3991/3991 3992/3992/3992 3993/3993/3993
f 3994/3994/3994 3995/3995/3995 3996/3996/3996
f 3997/3997/3997 3998/3998/3998 3999/3999/3999
f 4000/4000/4000 4001/4001/4001 4002/4002/4002
f 4003/4003/4003 4004/4004/4004 4005/4005/4005
f 4006/4006/4006 4007/4007/4007 4008/4008/4008
f 4009/4009/4009 4010/4010/4010 4011/4011/4011
f 4012/4012/4012 4013/4013/4013 4014/4014/4014
f 4015/4015/4015 4016/4016/4016 4017/4017/4017
f 4018/4018/4018 4019/4019/4019 4020/4020/4020
f 4021/4021/4021 4022/4022/4022 4023/4023/4023
f 4024/4024/4024 4025/4025/4025 4026/4026/4026
f 4027/4027/4027 4028/4028/4028 4029/4029/4029
f 4030/4030/4030 4031/4031/4031 4032/4032/4032
f 4033/4033/4033 4034/4034/4034 4035/4035/4035
f 4036/4036/4036 4037/4037/4037 4038/4038/4038
f 4039/4039/4039 4040/4040/4040 4041/4041/4041
f 4042/4042/4042 4043/4043/4043 4044/4044/4044
f 4045/4045/4045 4046/4046/4046 4047/4047/4047
f 4048/4048/4048 4049/4049/4049 4050/4050/4050
f 4051/4051/4051 4052/4052/4052 4053/4053/4053
f 4054/4054/4054 4055/4055/4055 4056/4056/4056
f 4057/4057/4057 4058/4058/4058 4059/4059/4059
f 4060/4060/4060 4061/4061/4061 4062/4062/4062
f 4063/4063/4063 4064/4064/4064 4065/4065/4065
f 4066/4066/4066 4067/4067/4067 4068/4068/4068
f 4069/4069/4069 4070/4070/4070 4071/4071/4071
f 4072/4072/4072 4073/4073/4073 4074/4074/4074
f 4075/4075/4075 4076/4076/4076 4077/4077/4077
f 4078/4078/4078 4079/4079/4079 4080/4080/4080
f 4081/4081/4081 4082/4082/4082 4083/4083/4083
f 4084/4084/4084 4085/4085/4085 4086/4086/4086
f 4087/4087/4087 4088/4088/4088 4089/4089/4089
f 4090/4090/4090 4091/4091/4091 4092/4092/4092
f 4093/4093/4093 4094/4094/4094 4095/4095/4095
f 4096/4096/4096 4097/4097/4097 4098/4098/4098
f 4099/4099/4099 4100/4100/4100 4101/4101/4101
f 4102/4102/4102 4103/4103/4103 4104/4104/4104
f 4105/4105/4105 4106/4106/4106 4107/4107/4107
f 4108/4108/4108 4109/4109/4109 4110/4110/4110
f 4111/4111/4111 4112/4112/4112 4113/4113/4113
f 4114/4114/4114 4115/4115/4115 4116/4116/4116
f 4117/4117/4117 4118/4118/4118 4119/4119/4119
f 4120/4120/4120 4121/4121/4121 4122/4122/4122
f 4123/4123/4123 4124/4124/4124 4125/4125/4125
f 4126/4126/4126 4127/4127/4127 4128/4128/4128
f 4129/4129/4129 4130/4130/4130 4131/4131/4131
f 4132/4132/4132 4133/4133/4133 4134/4134/4134
f 4135/4135/4135 4136/4136/4136 4137/4137/4137
f 4138/4138/4138 4139/4139/4139 4140/4140/4140
f 4141/4141/4141 4142/4142/4142 4143/4143/4143
f 4144/4144/4144 4145/4145/4145 4146/4146/4146
f 4147/4147/4147 4148/4148/4148 4149/4149/4149
f 4150/4150/4150 4151/4151/4151 4152/4152/4152
f 4153/4153/4153 4154/4154/4154 4155/4155/4155
f 4156/4156/4156 4157/4157/4157 4158/4158/4158
f 4159/4159/4159 4160/4160/4160 4161/4161/4161
f 4162/4162/4162 4163/4163/4163 4164/4164/4164
f 4165/4165/4165 4166/4166/4166 4167/4167/4167
f 4168/4168/4168 4169/4169/4169 4170/4170/4170
f 4171/4171/4171 4172/4172/4172 4173/4173/4173
f 4174/4174/4174 4175/4175/4175 4176/4176/4176
f 4177/4177/4177 4178/4178/4178 4179/4179/4179
f 4180/4180/4180 4181/4181/4181 4182/4182/4182
f 4183/4183/4183 4184/4184/4184 4185/4185/4185
f 4186/4186/4186 4187/4187/4187 4188/4188/4188
f 4189/4189/4189 4190/4190/4190 4191/4191/4191
f 4192/4192/4192 4193/4193/4193 4194/4194/4194
f 4195/4195/4195 4196/4196/4196 4197/4197/4197
f 4198/4198/4198 4199/4199/4199 4200/4200/4200
f 4201/4201/4201 4202/4202/4202 4203/4203/4203
f 4204/4204/4204 4205/4205/4205 4206/4206/4206
f 4207/4207/4207 4208/4208/4208 4209/4209/4209
f 4210/4210/4210 4211/4211/4211 4212/4212/4212
f 4213/4213/4213 4214/4214/4214 4215/4215/4215
f 4216/4216/4216 4217/4217/4217 4218/4218/4218
f 4219/4219/4219 4220/4220/4220 4221/4221/4221
f 4222/4222/4222 4223/4223/4223 4224/4224/4224
f 4225/4225/4225 4226/4226/4226 4227/4227/4227
f 4228/4228/4228 4229/4229/4229 4230/4230/4230
f 4231/4231/4231 4232/4232/4232 4233/4233/4233
f 4234/4234/4234 4235/4235/4235 4236/4236/4236
f 4237/4237/4237 4238/4238/4238 4239/4239/4239
f 4240/4240/4240 4241/4241/4241 4242/4242/4242
f 4243/4243/4243 4244/4244/4244 4245/4245/4245
f 4246/4246/4246 4247/4247/4247 4248/4248/4248
f 4249/4249/4249 4250/4250/4250 4251/4251/4251
f 4252/4252/4252 4253/4253/4253 4254/4254/4254
f 4255/4255/4255 4256/4256/4256 4257/4257/4257
f 4258/4258/4258 4259/4259/4259 4260/4260/4260
f 4261/4261/4261 4262/4262/4262 4263/4263/4263
f 4264/4264/4264 4265/4265/4265 4266/4266/4266
f 4267/4267/4267 4268/4268/4268 4269/4269/4269
f 4270/4270/4270 4271/4271/4271 4272/4272/4272
f 4273/4273/4273 4274/4274/4274 4275/4275/4275
f 4276/4276/4276 4277/4277/4277 4278/4278/4278
f 4279/4279/4279 4280/4280/4280 4281/4281/4281
f 4282/4282/4282 4283/4283/4283 4284/4284/4284
f 4285/4285/4285 4286/4286/4286 4287/4287/4287
f 4288/4288/4288 4289/4289/4289 4290/4290/4290
f 4291/4291/4291 4292/4292/4292 4293/4293/4293
f 4294/4294/4294 4295/4295/4295 4296/4296/4296
f 4297/4297/4297 4298/4298/4298 4299/4299/4299
f 4300/4300/4300 4301/4301/4301 4302/4302/4302
f 4303/4303/4303 4304/4304/4304 4305/4305/4305
f 4306/4306/4306 4307/4307/4307 4308/4308/4308
f 4309/4309/4309 4310/4310/4310 4311/4311/4311
f 4312/4312/4312 4313/4313/4313 4314/4314/4314
f 4315/4315/4315 4316/4316/4316 4317/4317/4317
f 4318/4318/4318 4319/4319/4319 4320/4320/4320
f 4321/4321/4321 4322/4322/4322 4323/4323/4323
f 4324/4324/4324 4325/4325/4325 4326/4326/4326
f 4327/4327/4327 4328/4328/4328 4329/4329/4329
f 4330/4330/4330 4331/4331/4331 4332/4332/4332
f 4333/4333/4333 4334/4334/4334 4335/4335/4335
f 4336/4336/4336 4337/4337/4337 4338/4338/4338
f 4339/4339/4339 4340/4340/4340 4341/4341/4341
f 4342/4342/4342 4343/4343/4343 4344/4344/4344
f 4345/4345/4345 4346/4346/4346 4347/4347/4347
f 4348/4348/4348 4349/4349/4349 4350/4350/4350
f 4351/4351/4351 4352/4352/4352 4353/4353/4353
f 4354/4354/4354 4355/4355/4355 4356/4356/4356
f 4357/4357/4357 4358/4358/4358 4359/4359/4359
f 4360/4360/4360 4361/4361/4361 4362/4362/4362
f 4363/4363/4363 4364/4364/4364 4365/4365/4365
f 4366/4366/4366 4367/4367/4367 4368/4368/4368
f 4369/4369/4369 4370/4370/4370 4371/4371/4371
f 4372/4372/4372 4373/4373/4373 4374/4374/4374
f 4375/4375/4375 4376/4376/4376 4377/4377/4377
f 4378/4378/4378 4379/4379/4379 4380/4380/4380
f 4381/4381/4381 4382/4382/4382 4383/4383/4383
f 4384/4384/4384 4385/4385/4385 4386/4386/4386
f 4387/4387/4387 4388/4388/4388 4389/4389/4389
f 4390/4390/4390 4391/4391/4391 4392/4392/4392
f 4393/4393/4393 4394/4394/4394 4395/4395/4395
f 4396/4396/4396 4397/4397/4397 4398/4398/4398
f 4399/4399/4399 4400/4400/4400 4401/4401/4401
f 4402/4402/4402 4403/4403/4403 4404/4404/4404
f 4405/4405/4405 4406/4406/4406 4407/4407/4407
f 4408/4408/4408 4409/4409/4409 4410/4410/4410
f 4411/4411/4411 4412/4412/4412 4413/4413/4413
f 4414/4414/4414 4415/4415/4415 4416/4416/4416
f 4417/4417/4417 4418/4418/4418 4419/4419/4419
f 4420/4420/4420 4421/4421/4421 4422/4422/4422
f 4423/4423/4423 4424/4424/4424 4425/4425/4425
f 4426/4426/4426 4427/4427/4427 4428/4428/4428
f 4429/4429/4429 4430/4430/4430 4431/4431/4431
f 4432/4432/4432 4433/4433/4433 4434/4434/4434
f 4435/4435/4435 4436/4436/4436 4437/4437/4437
f 4438/4438/4438 4439/4439/4439 4440/4440/4440
f 4441/4441/4441 4442/4442/4442 4443/4443/4443
f 4444/4444/4444 4445/4445/4445 4446/4446/4446
f 4447/4447/4447 4448/4448/4448 4449/4449/4449
f 4450/4450/4450 4451/4451/4451 4452/4452/4452
f 4453/4453/4453 4454/4454/4454 4455/4455/4455
f 4456/4456/4456 4457/4457/4457 4458/4458/4458
f 4459/4459/4459 4460/4460/4460 4461/4461/4461
f 4462/4462/4462 4463/4463/4463 4464/4464/4464
f 4465/4465/4465 4466/4466/4466 4467/4467/4467
f 4468/4468/4468 4469/4469/4469 4470/4470/4470
f 4471/4471/4471 4472/4472/4472 4473/4473/4473
f 4474/4474/4474 4475/4475/4475 4476/4476/4476
f 4477/4477/4477 4478/4478/4478 4479/4479/4479
f 4480/4480/4480 4481/4481/4481 4482/4482/4482
f 4483/4483/4483 4484/4484/4484 4485/4485/4485
f 4486/4486/4486 4487/4487/4487 4488/4488/4488
f 4489/4489/4489 4490/4490/4490 4491/4491/4491
f 4492/4492/4492 4493/4493/4493 4494/4494/4494
f 4495/4495/4495 4496/4496/4496 4497/4497/4497
f 4498/4498/4498 4499/4499/4499 4500/4500/4500
f 4501/4501/4501 4502/4502/4502 4503/4503/4503
f 4504/4504/4504 4505/4505/4505 4506/4506/4506
f 4507/4507/4507 4508/4508/4508 4509/4509/4509
f 4510/4510/4510 4511/4511/4511 4512/4512/4512
f 4513/4513/4513 4514/4514/4514 4515/4515/4515
f 4516/4516/4516 4517/4517/4517 4518/4518/4518
f 4519/4519/4519 4520/4520/4520 4521/4521/4521
f 4522/4522/4522 4523/4523/4523 4524/4524/4524
f 4525/4525/4525 4526/4526/4526 4527/4527/4527
f 4528/4528/4528 4529/4529/4529 4530/4530/4530
f 4531/4531/4531 4532/4532/4532 4533/4533/4533
f 4534/4534/4534 4535/4535/4535 4536/4536/4536
f 4537/4537/4537 4538/4538/4538 4539/4539/4539
f 4540/4540/4540 4541/4541/4541 4542/4542/4542
f 4543/4543/4543 4544/4544/4544 4545/4545/4545
f 4546/4546/4546 4547/4547/4547 4548/4548/4548
f 4549/4549/4549 4550/4550/4550 4551/4551/4551
f 4552/4552/4552 4553/4553/4553 4554/4554/4554
f 4555/4555/4555 4556/4556/4556 4557/4557/4557
f 4558/4558/4558 4559/4559/4559 4560/4560/4560
f 4561/4561/4561 4562/4562/4562 4563/4563/4563
f 4564/4564/4564 4565/4565/4565 4566/4566/4566
f 4567/4567/4567 4568/4568/4568 4569/4569/4569
f 4570/4570/4570 4571/4571/4571 4572/4572/4572
f 4573/4573/4573 4574/4574/4574 4575/4575/4575
f 4576/4576/4576 4577/4577/4577 4578/4578/4578
f 4579/4579/4579 4580/4580/4580 4581/4581/4581
f 4582/4582/4582 4583/4583/4583 4584/4584/4584
f 4585/4585/4585 4586/4586/4586 4587/4587/4587
f 4588/4588/4588 4589/4589/4589 4590/4590/4590
f 4591/4591/4591 4592/4592/4592 4593/4593/4593
f 4594/4594/4594 4595/4595/4595 4596/4596/4596
f 4597/4597/4597 4598/4598/4598 4599/4599/4599
f 4600/4600/4600 4601/4601/4601 4602/4602/4602
f 4603/4603/4603 4604/4604/4604 4605/4605/4605
f 4606/4606/4606 4607/4607/4607 4608/4608/4608
f 4609/4609/4609 4610/4610/4610 4611/4611/4611
f 4612/4612/4612 4613/4613/4613 4614/4614/4614
f 4615/4615/4615 4616/4616/4616 4617/4617/4617
f 4618/4618/4618 4619/4619/4619 4620/4620/4620
f 4621/4621/4621 4622/4622/4622 4623/4623/4623
f 4624/4624/4624 4625/4625/4625 4626/4626/4626
f 4627/4627/4627 4628/4628/4628 4629/4629/4629
f 4630/4630/4630 4631/4631/4631 4632/4632/4632
f 4633/4633/4633 4634/4634/4634 4635/4635/4635
f 4636/4636/4636 4637/4637/4637 4638/4638/4638
f 4639/4639/4639 4640/4640/4640 4641/4641/4641
f 4642/4642/4642 4643/4643/4643 4644/4644/4644
f 4645/4645/4645 4646/4646/4646 4647/4647/4647
f 4648/4648/4648 4649/4649/4649 4650/4650/4650
f 4651/4651/4651 4652/4652/4652 4653/4653/4653
f 4654/4654/4654 4655/4655/4655 4656/4656/4656
f 4657/4657/4657 4658/4658/4658 4659/4659/4659
f 4660/4660/4660 4661/4661/4661 4662/4662/4662
f 4663/4663/4663 4664/4664/4664 4665/4665/4665
f 4666/4666/4666 4667/4667/4667 4668/4668/4668
f 4669/4669/4669 4670/4670/4670 4671/4671/4671
f 4672/4672/4672 4673/4673/4673 4674/4674/4674
f 4675/4675/4675 4676/4676/4676 4677/4677/4677
f 4678/4678/4678 4679/4679/4679 4680/4680/4680
f 4681/4681/4681 4682/4682/4682 4683/4683/4683
f 4684/4684/4684 4685/4685/4685 4686/4686/4686
f 4687/4687/4687 4688/4688/4688 4689/4689/4689
f 4690/4690/4690 4691/4691/4691 4692/4692/4692
f 4693/4693/4693 4694/4694/4694 4695/4695/4695
f 4696/4696/4696 4697/4697/4697 4698/4698/4698
f 4699/4699/4699 4700/4700/4700 4701/4701/4701
f 4702/4702/4702 4703/4703/4703 4704/4704/4704
f 4705/4705/4705 4706/4706/4706 4707/4707/4707
f 4708/4708/4708 4709/4709/4709 4710/4710/4710
f 4711/4711/4711 4712/4712/4712 4713/4713/4713
f 4714/4714/4714 4715/4715/4715 4716/4716/4716
f 4717/4717/4717 4718/4718/4718 4719/4719/4719
f 4720/4720/4720 4721/4721/4721 4722/4722/4722
f 4723/4723/4723 4724/4724/4724 4725/4725/4725
f 4726/4726/4726 4727/4727/4727 4728/4728/4728
f 4729/4729/4729 4730/4730/4730 4731/4731/4731
f 4732/4732/4732 4733/4733/4733 4734/4734/4734
f 4735/4735/4735 4736/4736/4736 4737/4737/4737
f 4738/4738/4738 4739/4739/4739 4740/4740/4740
f 4741/4741/4741 4742/4742/4742 4743/4743/4743
f 4744/4744/4744 4745/4745/4745 4746/4746/4746
f 4747/4747/4747 4748/4748/4748 4749/4749/4749
f 4750/4750/4750 4751/4751/4751 4752/4752/4752
f 4753/4753/4753 4754/4754/4754 4755/4755/4755
f 4756/4756/4756 4757/4757/4757 4758/4758/4758
f 4759/4759/4759 4760/4760/4760 4761/4761/4761
f 4762/4762/4762 4763/4763/4763 4764/4764/4764
f 4765/4765/4765 4766/4766/4766 4767/4767/4767
f 4768/4768/4768 4769/4769/4769 4770/4770/4770
f 4771/4771/4771 4772/4772/4772 4773/4773/4773
f 4774/4774/4774 4775/4775/4775 4776/4776/4776
f 4777/4777/4777 4778/4778/4778 4779/4779/4779
f 4780/4780/4780 4781/4781/4781 4782/4782/4782
f 4783/4783/4783 4784/4784/4784 4785/4785/4785
f 4786/4786/4786 4787/4787/4787 4788/4788/4788
f 4789/4789/4789 4790/4790/4790 4791/4791/4791
f 4792/4792/4792 4793/4793/4793 4794/4794/4794
f 4795/4795/4795 4796/4796/4796 4797/4797/4797
f 4798/4798/4798 4799/4799/4799 4800/4800/4800
f 4801/4801/4801 4802/4802/4802 4803/4803/4803
f 4804/4804/4804 4805/4805/4805 4806/4806/4806
f 4807/4807/4807 4808/4808/4808 4809/4809/4809
f 4810/4810/4810 4811/4811/4811 4812/4812/4812
f 4813/4813/4813 4814/4814/4814 4815/4815/4815
f 4816/4816/4816 4817/4817/4817 4818/4818/4818
f 4819/4819/4819 4820/4820/4820 4821/4821/4821
f 4822/4822/4822 4823/4823/4823 4824/4824/4824
f 4825/4825/4825 4826/4826/4826 4827/4827/4827
f 4828/4828/4828 4829/4829/4829 4830/4830/4830
f 4831/4831/4831 4832/4832/4832 4833/4833/4833
f 4834/4834/4834 4835/4835/4835 4836/4836/4836
f 4837/4837/4837 4838/4838/4838 4839/4839/4839
f 4840/4840/4840 4841/4841/4841 4842/4842/4842
f 4843/4843/4843 4844/4844/4844 4845/4845/4845
f 4846/4846/4846 4847/4847/4847 4848/4848/4848
f 4849/4849/4849 4850/4850/4850 4851/4851/4851
f 4852/4852/4852 4853/4853/4853 4854/4854/4854
f 4855/4855/4855 4856/4856/4856 4857/4857/4857
f 4858/4858/4858 4859/4859/4859 4860/4860/4860
f 4861/4861/4861 4862/4862/4862 4863/4863/4863
f 4864/4864/4864 4865/4865/4865 4866/4866/4866
f 4867/4867/4867 4868/4868/4868 4869/4869/4869
f 4870/4870/4870 4871/4871/4871 4872/4872/4872
f 4873/4873/4873 4874/4874/4874 4875/4875/4875
f 4876/4876/4876 4877/4877/4877 4878/4878/4878
f 4879/4879/4879 4880/4880/4880 4881/4881/4881
f 4882/4882/4882 4883/4883/4883 4884/4884/4884
f 4885/4885/4885 4886/4886/4886 4887/4887/4887
f 4888/4888/4888 4889/4889/4889 4890/4890/4890
f 4891/4891/4891 4892/4892/4892 4893/4893/4893
f 4894/4894/4894 4895/4895/4895 4896/4896/4896
f 4897/4897/4897 4898/4898/4898 4899/4899/4899
f 4900/4900/4900 4901/4901/4901 4902/4902/4902
f 4903/4903/4903 4904/4904/4904 4905/4905/4905
f 4906/4906/4906 4907/4907/4907 4908/4908/4908
f 4909/4909/4909 4910/4910/4910 4911/4911/4911
f 4912/4912/4912 4913/4913/4913 4914/4914/4914
f 4915/4915/4915 4916/4916/4916 4917/4917/4917
f 4918/4918/4918 4919/4919/4919 4920/4920/4920
f 4921/4921/4921 4922/4922/4922 4923/4923/4923
f 4924/4924/4924 4925/4925/4925 4926/4926/4926
f 4927/4927/4927 4928/4928/4928 4929/4929/4929
f 4930/4930/4930 4931/4931/4931 4932/4932/4932
f 4933/4933/4933 4934/4934/4934 4935/4935/4935
f 4936/4936/4936 4937/4937/4937 4938/4938/4938
f 4939/4939/4939 4940/4940/4940 4941/4941/4941
f 4942/4942/4942 4943/4943/4943 4944/4944/4944
f 4945/4945/4945 4946/4946/4946 4947/4947/4947
f 4948/4948/4948 4949/4949/4949 4950/4950/4950
f 4951/4951/4951 4952/4952/4952 4953/4953/4953
f 4954/4954/4954 4955/4955/4955 4956/4956/4956
f 4957/4957/4957 4958/4958/4958 4959/4959/4959
f 4960/4960/4960 4961/4961/4961 4962/4962/4962
f 4963/4963/4963 4964/4964/4964 4965/4965/4965
f 4966/4966/4966 4967/4967/4967 4968/4968/4968
f 4969/4969/4969 4970/4970/4970 4971/4971/4971
f 4972/4972/4972 4973/4973/4973 4974/4974/4974
f 4975/4975/4975 4976/4976/4976 4977/4977/4977
f 4978/4978/4978 4979/4979/4979 4980/4980/4980
f 4981/4981/4981 4982/4982/4982 4983/4983/4983
f 4984/4984/4984 4985/4985/4985 4986/4986/4986
f 4987/4987/4987 4988/4988/4988 4989/4989/4989
f 4990/4990/4990 4991/4991/4991 4992/4992/4992
f 4993/4993/4993 4994/4994/4994 4995/4995/4995
f 4996/4996/4996 4997/4997/4997 4998/4998/4998
f 4999/4999/4999 5000/5000/5000 5001/5001/5001
f 5002/5002/5002 5003/5003/5003 5004/5004/5004
f 5005/5005/5005 5006/5006/5006 5007/5007/5007
f 5008/5008/5008 5009/5009/5009 5010/5010/5010
f 5011/5011/5011 5012/5012/5012 5013/5013/5013
f 5014/5014/5014 5015/5015/5015 5016/5016/5016
f 5017/5017/5017 5018/5018/5018 5019/5019/5019
f 5020/5020/5020 5021/5021/5021 5022/5022/5022
f 5023/5023/5023 5024/5024/5024 5025/5025/5025
f 5026/5026/5026 5027/5027/5027 5028/5028/5028
f 5029/5029/5029 5030/5030/5030 5031/5031/5031
f 5032/5032/5032 5033/5033/5033 5034/5034/5034
f 5035/5035/5035 5036/5036/5036 5037/5037/5037
f 5038/5038/5038 5039/5039/5039 5040/5040/5040
f 5041/5041/5041 5042/5042/5042 5043/5043/5043
f 5044/5044/5044 5045/5045/5045 5046/5046/5046
f 5047/5047/5047 5048/5048/5048 5049/5049/5049
f 5050/5050/5050 5051/5051/5051 5052/5052/5052
f 5053/5053/5053 5054/5054/5054 5055/5055/5055
f 5056/5056/5056 5057/5057/5057 5058/5058/5058
f 5059/5059/5059 5060/5060/5060 5061/5061/5061
f 5062/5062/5062 5063/5063/5063 5064/5064/5064
f 5065/5065/5065 5066/5066/5066 5067/5067/5067
f 5068/5068/5068 5069/5069/5069 5070/5070/5070
f 5071/5071/5071 5072/5072/5072 5073/5073/5073
f 5074/5074/5074 5075/5075/5075 5076/5076/5076
f 5077/5077/5077 5078/5078/5078 5079/5079/5079
f 5080/5080/5080 5081/5081/5081 5082/5082/5082
f 5083/5083/5083 5084/5084/5084 5085/5085/5085
f 5086/5086/5086 5087/5087/5087 5088/5088/5088
f 5089/5089/5089 5090/5090/5090 5091/5091/5091
f 5092/5092/5092 5093/5093/5093 5094/5094/5094
f 5095/5095/5095 5096/5096/5096 5097/5097/5097
f 5098/5098/5098 5099/5099/5099 5100/5100/5100
f 5101/5101/5101 5102/5102/5102 5103/5103/5103
f 5104/5104/5104 5105/5105/5105 5106/5106/5106
f 5107/5107/5107 5108/5108/5108 5109/5109/5109
f 5110/5110/5110 5111/5111/5111 5112/5112/5112
f 5113/5113/5113 5114/5114/5114 5115/5115/5115
f 5116/5116/5116 5117/5117/5117 5118/5118/5118
f 5119/5119/5119 5120/5120/5120 5121/5121/5121
f 5122/5122/5122 5123/5123/5123 5124/5124/5124
f 5125/5125/5125 5126/5126/5126 5127/5127/5127
f 5128/5128/5128 5129/5129/5129 5130/5130/5130
f 5131/5131/5131 5132/5132/5132 5133/5133/5133
f 5134/5134/5134 5135/5135/5135 5136/5136/5136
f 5137/5137/5137 5138/5138/5138 5139/5139/5139
f 5140/5140/5140 5141/5141/5141 5142/5142/5142
f 5143/5143/5143 5144/5144/5144 5145/5145/5145
f 5146/5146/5146 5147/5147/5147 5148/5148/5148
f 5149/5149/5149 5150/5150/5150 5151/5151/5151
f 5152/5152/5152 5153/5153/5153 5154/5154/5154
f 5155/5155/5155 5156/5156/5156 5157/5157/5157
f 5158/5158/5158 5159/5159/5159 5160/5160/5160
f 5161/5161/5161 5162/5162/5162 5163/5163/5163
f 5164/5164/5164 5165/5165/5165 5166/5166/5166
f 5167/5167/5167 5168/5168/5168 5169/5169/5169
f 5170/5170/5170 5171/5171/5171 5172/5172/5172
f 5173/5173/5173 5174/5174/5174 5175/5175/5175
f 5176/5176/5176 5177/5177/5177 5178/5178/5178
f 5179/5179/5179 5180/5180/5180 5181/5181/5181
f 5182/5182/5182 5183/5183/5183 5184/5184/5184
f 5185/5185/5185 5186/5186/5186 5187/5187/5187
f 5188/5188/5188 5189/5189/5189 5190/5190/5190
f 5191/5191/5191 5192/5192/5192 5193/5193/5193
f 5194/5194/5194 5195/5195/5195 5196/5196/5196
f 5197/5197/5197 5198/5198/5198 5199/5199/5199
f 5200/5200/5200 5201/5201/5201 5202/5202/5202
f 5203/5203/5203 5204/5204/5204 5205/5205/5205
f 5206/5206/5206 5207/5207/5207 5208/5208/5208
f 5209/5209/5209 5210/5210/5210 5211/5211/5211
f 5212/5212/5212 5213/5213/5213 5214/5214/5214
f 5215/5215/5215 5216/5216/5216 5217/5217/5217
f 5218/5218/5218 5219/5219/5219 5220/5220/5220
f 5221/5221/5221 5222/5222/5222 5223/5223/5223
f 5224/5224/5224 5225/5225/5225 5226/5226/5226
f 5227/5227/5227 5228/5228/5228 5229/5229/5229
f 5230/5230/5230 5231/5231/5231 5232/5232/5232
f 5233/5233/5233 5234/5234/5234 5235/5235/5235
f 5236/5236/5236 5237/5237/5237 5238/5238/5238
f 5239/5239/5239 5240/5240/5240 5241/5241/5241
f 5242/5242/5242 5243/5243/5243 5244/5244/5244
f 5245/5245/5245 5246/5246/5246 5247/5247/5247
f 5248/5248/5248 5249/5249/5249 5250/5250/5250
f 5251/5251/5251 5252/5252/5252 5253/5253/5253
f 5254/5254/5254 5255/5255/5255 5256/5256/5256
f 5257/5257/5257 5258/5258/5258 5259/5259/5259
f 5260/5260/5260 5261/5261/5261 5262/5262/5262
f 5263/5263/5263 5264/5264/5264 5265/5265/5265
f 5266/5266/5266 5267/5267/5267 5268/5268/5268
f 5269/5269/5269 5270/5270/5270 5271/5271/5271
f 5272/5272/5272 5273/5273/5273 5274/5274/5274
f 5275/5275/5275 5276/5276/5276 5277/5277/5277
f 5278/5278/5278 5279/5279/5279 5280/5280/5280
f 5281/5281/5281 5282/5282/5282 5283/5283/5283
f 5284/5284/5284 5285/5285/5285 5286/5286/5286
f 5287/5287/5287 5288/5288/5288 5289/5289/5289
f 5290/5290/5290 5291/5291/5291 5292/5292/5292
f 5293/5293/5293 5294/5294/5294 5295/5295/5295
f 5296/5296/5296 5297/5297/5297 5298/5298/5298
f 5299/5299/5299 5300/5300/5300 5301/5301/5301
f 5302/5302/5302 5303/5303/5303 5304/5304/5304
f 5305/5305/5305 5306/5306/5306 5307/5307/5307
f 5308/5308/5308 5309/5309/5309 5310/5310/5310
f 5311/5311/5311 5312/5312/5312 5313/5313/5313
f 5314/5314/5314 5315/5315/5315 5316/5316/5316
f 5317/5317/5317 5318/5318/5318 5319/5319/5319
f 5320/5320/5320 5321/5321/5321 5322/5322/5322
f 5323/5323/5323 5324/5324/5324 5325/5325/5325
f 5326/5326/5326 5327/5327/5327 5328/5328/5328
f 5329/5329/5329 5330/5330/5330 5331/5331/5331
f 5332/5332/5332 5333/5333/5333 5334/5334/5334
f 5335/5335/5335 5336/5336/5336 5337/5337/5337
f 5338/5338/5338 5339/5339/5339 5340/5340/5340
f 5341/5341/5341 5342/5342/5342 5343/5343/5343
f 5344/5344/5344 5345/5345/5345 5346/5346/5346
f 5347/5347/5347 5348/5348/5348 5349/5349/5349
f 5350/5350/5350 5351/5351/5351 5352/5352/5352
f 5353/5353/5353 5354/5354/5354 5355/5355/5355
f 5356/5356/5356 5357/5357/5357 5358/5358/5358
f 5359/5359/5359 5360/5360/5360 5361/5361/5361
f 5362/5362/5362 5363/5363/5363 5364/5364/5364
f 5365/5365/5365 5366/5366/5366 5367/5367/5367
f 5368/5368/5368 5369/5369/5369 5370/5370/5370
f 5371/5371/5371 5372/5372/5372 5373/5373/5373
f 5374/5374/5374 5375/5375/5375 5376/5376/5376
f 5377/5377/5377 5378/5378/5378 5379/5379/5379
f 5380/5380/5380 5381/5381/5381 5382/5382/5382
f 5383/5383/5383 5384/5384/5384 5385/5385/5385
f 5386/5386/5386 5387/5387/5387 5388/5388/5388
f 5389/5389/5389 5390/5390/5390 5391/5391/5391
f 5392/5392/5392 5393/5393/5393 5394/5394/5394
f 5395/5395/5395 5396/5396/5396 5397/5397/5397
f 5398/5398/5398 5399/5399/5399 5400/5400/5400
f 5401/5401/5401 5402/5402/5402 5403/5403/5403
f 5404/5404/5404 5405/5405/5405 5406/5406/5406
f 5407/5407/5407 5408/5408/5408 5409/5409/5409
f 5410/5410/5410 5411/5411/5411 5412/5412/5412
f 5413/5413/5413 5414/5414/5414 5415/5415/5415
f 5416/5416/5416 5417/5417/5417 5418/5418/5418
f 5419/5419/5419 5420/5420/5420 5421/5421/5421
f 5422/5422/5422 5423/5423/5423 5424/5424/5424
f 5425/5425/5425 5426/5426/5426 5427/5427/5427
f 5428/5428/5428 5429/5429/5429 5430/5430/5430
f 5431/5431/5431 5432/5432/5432 5433/5433/5433
f 5434/5434/5434 5435/5435/5435 5436/5436/5436
f 5437/5437/5437 5438/5438/5438 5439/5439/5439
f 5440/5440/5440 5441/5441/5441 5442/5442/5442
f 5443/5443/5443 5444/5444/5444 5445/5445/5445
f 5446/5446/5446 5447/5447/5447 5448/5448/5448
f 5449/5449/5449 5450/5450/5450 5451/5451/5451
f 5452/5452/5452 5453/5453/5453 5454/5454/5454
f 5455/5455/5455 5456/5456/5456 5457/5457/5457
f 5458/5458/5458 5459/5459/5459 5460/5460/5460
f 5461/5461/5461 5462/5462/5462 5463/5463/5463
f 5464/5464/5464 5465/5465/5465 5466/5466/5466
f 5467/5467/5467 5468/5468/5468 5469/5469/5469
f 5470/5470/5470 5471/5471/5471 5472/5472/5472
f 5473/5473/5473 5474/5474/5474 5475/5475/5475
f 5476/5476/5476 5477/5477/5477 5478/5478/5478
f 5479/5479/5479 5480/5480/5480 5481/5481/5481
f 5482/5482/5482 5483/5483/5483 5484/5484/5484
f 5485/5485/5485 5486/5486/5486 5487/5487/5487
f 5488/5488/5488 5489/5489/5489 5490/5490/5490
f 5491/5491/5491 5492/5492/5492 5493/5493/5493
f 5494/5494/5494 5495/5495/5495 5496/5496/5496
