o NONE
usemtl MaterialFBXASC032FBXASC03527
v 6.329999990839497e-8 0.041399996727705 -0.0632999986410141
v 5.730000296466642e-8 0.041399996727705 -0.05730000138282776
v -0.007607561536133289 0.0406947061419487 -0.0633000060915947
v -0.007607561536133289 0.0406947061419487 -0.0633000060915947
v 5.730000296466642e-8 0.041399996727705 -0.05730000138282776
v -0.007607567589730024 0.0406947061419487 -0.057300008833408356
v -0.007607561536133289 0.0406947061419487 -0.0633000060915947
v -0.007607567589730024 0.0406947061419487 -0.057300008833408356
v -0.014955812133848667 0.038604751229286194 -0.06330001354217529
v -0.014955812133848667 0.038604751229286194 -0.06330001354217529
v -0.007607567589730024 0.0406947061419487 -0.057300008833408356
v -0.014955817721784115 0.038604751229286194 -0.05730001628398895
v -0.014955812133848667 0.038604751229286194 -0.06330001354217529
v -0.014955817721784115 0.038604751229286194 -0.05730001628398895
v -0.021794293075799942 0.03519897907972336 -0.06330002099275589
v -0.021794293075799942 0.03519897907972336 -0.06330002099275589
v -0.014955817721784115 0.038604751229286194 -0.05730001628398895
v -0.02179429866373539 0.03519897907972336 -0.05730002373456955
v -0.021794293075799942 0.03519897907972336 -0.06330002099275589
v -0.02179429866373539 0.03519897907972336 -0.05730002373456955
v -0.027890566736459732 0.030595099553465843 -0.06330002844333649
v -0.027890566736459732 0.030595099553465843 -0.06330002844333649
v -0.02179429866373539 0.03519897907972336 -0.05730002373456955
v -0.02789057232439518 0.030595099553465843 -0.057300031185150146
v -0.027890566736459732 0.030595099553465843 -0.06330002844333649
v -0.02789057232439518 0.030595099553465843 -0.057300031185150146
v -0.03303813189268112 0.024948736652731895 -0.06330002844333649
v -0.03303813189268112 0.024948736652731895 -0.06330002844333649
v -0.02789057232439518 0.030595099553465843 -0.057300031185150146
v -0.03303813934326172 0.024948736652731895 -0.057300034910440445
v -0.03303813189268112 0.024948736652731895 -0.06330002844333649
v -0.03303813934326172 0.024948736652731895 -0.057300034910440445
v -0.037059422582387924 0.018453426659107208 -0.06330003589391708
v -0.037059422582387924 0.018453426659107208 -0.06330003589391708
v -0.03303813934326172 0.024948736652731895 -0.057300034910440445
v -0.03705943003296852 0.018453426659107208 -0.05730003863573074
v -0.037059422582387924 0.018453426659107208 -0.06330003589391708
v -0.03705943003296852 0.018453426659107208 -0.05730003863573074
v -0.03981975466012955 0.011329634115099907 -0.06330003589391708
v -0.03981975466012955 0.011329634115099907 -0.06330003589391708
v -0.03705943003296852 0.018453426659107208 -0.05730003863573074
v -0.039819762110710144 0.011329634115099907 -0.05730004236102104
v -0.03981975466012955 0.011329634115099907 -0.06330003589391708
v -0.039819762110710144 0.011329634115099907 -0.05730004236102104
v -0.04122336208820343 0.003819773206487298 -0.06330004334449768
v -0.04122336208820343 0.003819773206487298 -0.06330004334449768
v -0.039819762110710144 0.011329634115099907 -0.05730004236102104
v -0.04122336953878403 0.003819773206487298 -0.05730004236102104
v -0.04122336208820343 0.003819773206487298 -0.06330004334449768
v -0.04122336953878403 0.003819773206487298 -0.05730004236102104
v -0.04122336208820343 -0.003819773206487298 -0.06330004334449768
v -0.04122336208820343 -0.003819773206487298 -0.06330004334449768
v -0.04122336953878403 0.003819773206487298 -0.05730004236102104
v -0.04122336953878403 -0.003819773206487298 -0.05730004236102104
v -0.04122336208820343 -0.003819773206487298 -0.06330004334449768
v -0.04122336953878403 -0.003819773206487298 -0.05730004236102104
v -0.03981975466012955 -0.011329634115099907 -0.06330003589391708
v -0.03981975466012955 -0.011329634115099907 -0.06330003589391708
v -0.04122336953878403 -0.003819773206487298 -0.05730004236102104
v -0.039819762110710144 -0.011329634115099907 -0.05730004236102104
v -0.03981975466012955 -0.011329634115099907 -0.06330003589391708
v -0.039819762110710144 -0.011329634115099907 -0.05730004236102104
v -0.037059422582387924 -0.018453426659107208 -0.06330003589391708
v -0.037059422582387924 -0.018453426659107208 -0.06330003589391708
v -0.039819762110710144 -0.011329634115099907 -0.05730004236102104
v -0.03705943003296852 -0.018453426659107208 -0.05730003863573074
v -0.037059422582387924 -0.018453426659107208 -0.06330003589391708
v -0.03705943003296852 -0.018453426659107208 -0.05730003863573074
v -0.03303813189268112 -0.024948736652731895 -0.06330002844333649
v -0.03303813189268112 -0.024948736652731895 -0.06330002844333649
v -0.03705943003296852 -0.018453426659107208 -0.05730003863573074
v -0.03303813934326172 -0.024948736652731895 -0.057300034910440445
v -0.03303813189268112 -0.024948736652731895 -0.06330002844333649
v -0.03303813934326172 -0.024948736652731895 -0.057300034910440445
v -0.027890566736459732 -0.030595099553465843 -0.06330002844333649
v -0.027890566736459732 -0.030595099553465843 -0.06330002844333649
v -0.03303813934326172 -0.024948736652731895 -0.057300034910440445
v -0.02789057232439518 -0.030595099553465843 -0.057300031185150146
v -0.027890566736459732 -0.030595099553465843 -0.06330002844333649
v -0.02789057232439518 -0.030595099553465843 -0.057300031185150146
v -0.021794293075799942 -0.03519897907972336 -0.06330002099275589
v -0.021794293075799942 -0.03519897907972336 -0.06330002099275589
v -0.02789057232439518 -0.030595099553465843 -0.057300031185150146
v -0.02179429866373539 -0.03519897907972336 -0.05730002373456955
v -0.021794293075799942 -0.03519897907972336 -0.06330002099275589
v -0.02179429866373539 -0.03519897907972336 -0.05730002373456955
v -0.014955812133848667 -0.038604751229286194 -0.06330001354217529
v -0.014955812133848667 -0.038604751229286194 -0.06330001354217529
v -0.02179429866373539 -0.03519897907972336 -0.05730002373456955
v -0.014955817721784115 -0.038604751229286194 -0.05730001628398895
v -0.014955812133848667 -0.038604751229286194 -0.06330001354217529
v -0.014955817721784115 -0.038604751229286194 -0.05730001628398895
v -0.007607561536133289 -0.0406947061419487 -0.0633000060915947
v -0.007607561536133289 -0.0406947061419487 -0.0633000060915947
v -0.014955817721784115 -0.038604751229286194 -0.05730001628398895
v -0.007607567589730024 -0.0406947061419487 -0.057300008833408356
v -0.007607561536133289 -0.0406947061419487 -0.0633000060915947
v -0.007607567589730024 -0.0406947061419487 -0.057300008833408356
v 6.329999990839497e-8 -0.041399996727705 -0.0632999986410141
v 6.329999990839497e-8 -0.041399996727705 -0.0632999986410141
v -0.007607567589730024 -0.0406947061419487 -0.057300008833408356
v 5.730000296466642e-8 -0.041399996727705 -0.05730000138282776
v 4.814989651436008e-8 0.04007590189576149 -0.048149894922971725
v 4.790000218690693e-8 0.03849999979138374 -0.0478999987244606
v 0.0035306045319885015 0.03922729566693306 -0.047977514564991
v 0.0035306045319885015 0.03922729566693306 -0.047977514564991
v 4.790000218690693e-8 0.03849999979138374 -0.0478999987244606
v 0.007074047811329365 0.03784399852156639 -0.047899991273880005
v 0.0035306045319885015 0.03922729566693306 -0.047977514564991
v 0.007074047811329365 0.03784399852156639 -0.047899991273880005
v 0.010477667674422264 0.037966739386320114 -0.0479775071144104
v 0.010477667674422264 0.037966739386320114 -0.0479775071144104
v 0.007074047811329365 0.03784399852156639 -0.047899991273880005
v 0.013908048160374165 0.03590000048279762 -0.04789998382329941
v 0.010477667674422264 0.037966739386320114 -0.0479775071144104
v 0.013908048160374165 0.03590000048279762 -0.04789998382329941
v 0.01708858273923397 0.0354856476187706 -0.0479774996638298
v 0.01708858273923397 0.0354856476187706 -0.0479774996638298
v 0.013908048160374165 0.03590000048279762 -0.04789998382329941
v 0.020268049091100693 0.0327330008149147 -0.04789998009800911
v 0.01708858273923397 0.0354856476187706 -0.0479774996638298
v 0.020268049091100693 0.0327330008149147 -0.04789998009800911
v 0.023150255903601646 0.031864047050476074 -0.047977495938539505
v 0.023150255903601646 0.031864047050476074 -0.047977495938539505
v 0.020268049091100693 0.0327330008149147 -0.04789998009800911
v 0.025937048718333244 0.02845199964940548 -0.04789997264742851
v 0.023150255903601646 0.031864047050476074 -0.047977495938539505
v 0.025937048718333244 0.02845199964940548 -0.04789997264742851
v 0.02846759930253029 0.02721800096333027 -0.04797748848795891
v 0.02846759930253029 0.02721800096333027 -0.04797748848795891
v 0.025937048718333244 0.02845199964940548 -0.04789997264742851
v 0.030724048614501953 0.023200999945402145 -0.047899968922138214
v 0.02846759930253029 0.02721800096333027 -0.04797748848795891
v 0.030724048614501953 0.023200999945402145 -0.047899968922138214
v 0.03287053853273392 0.02169756591320038 -0.04797748476266861
v 0.03287053853273392 0.02169756591320038 -0.04797748476266861
v 0.030724048614501953 0.023200999945402145 -0.047899968922138214
v 0.03446405008435249 0.01716100051999092 -0.047899965196847916
v 0.03287053853273392 0.02169756591320038 -0.04797748476266861
v 0.03446405008435249 0.01716100051999092 -0.047899965196847916
v 0.03621601685881615 0.015479824505746365 -0.04797748103737831
v 0.03621601685881615 0.015479824505746365 -0.04797748103737831
v 0.03446405008435249 0.01716100051999092 -0.047899965196847916
v 0.03703004866838455 0.01053600013256073 -0.04789996147155762
v 0.03621601685881615 0.015479824505746365 -0.04797748103737831
v 0.03703004866838455 0.01053600013256073 -0.04789996147155762
v 0.03839797526597977 0.008763863705098629 -0.04797748103737831
v 0.03839797526597977 0.008763863705098629 -0.04797748103737831
v 0.03703004866838455 0.01053600013256073 -0.04789996147155762
v 0.038336049765348434 0.0035520000383257866 -0.04789996147155762
v 0.03839797526597977 0.008763863705098629 -0.04797748103737831
v 0.038336049765348434 0.0035520000383257866 -0.04789996147155762
v 0.039346396923065186 0.0017667789943516254 -0.04797747731208801
v 0.039346396923065186 0.0017667789943516254 -0.04797747731208801
v 0.038336049765348434 0.0035520000383257866 -0.04789996147155762
v 0.038336049765348434 -0.0035520000383257866 -0.04789996147155762
v 0.039346396923065186 0.0017667789943516254 -0.04797747731208801
v 0.038336049765348434 -0.0035520000383257866 -0.04789996147155762
v 0.039029255509376526 -0.005287331063300371 -0.04797748103737831
v 0.039029255509376526 -0.005287331063300371 -0.04797748103737831
v 0.038336049765348434 -0.0035520000383257866 -0.04789996147155762
v 0.03703004866838455 -0.01053600013256073 -0.04789996147155762
v 0.039029255509376526 -0.005287331063300371 -0.04797748103737831
v 0.03703004866838455 -0.01053600013256073 -0.04789996147155762
v 0.03745756298303604 -0.012170366011559963 -0.04797748103737831
v 0.03745756298303604 -0.012170366011559963 -0.04797748103737831
v 0.03703004866838455 -0.01053600013256073 -0.04789996147155762
v 0.03446405008435249 -0.01716100051999092 -0.047899965196847916
v 0.03745756298303604 -0.012170366011559963 -0.04797748103737831
v 0.03446405008435249 -0.01716100051999092 -0.047899965196847916
v 0.034682340919971466 -0.018663229420781136 -0.04797748476266861
v 0.034682340919971466 -0.018663229420781136 -0.04797748476266861
v 0.03446405008435249 -0.01716100051999092 -0.047899965196847916
v 0.030724048614501953 -0.023200999945402145 -0.047899968922138214
v 0.034682340919971466 -0.018663229420781136 -0.04797748476266861
v 0.030724048614501953 -0.023200999945402145 -0.047899968922138214
v 0.03079262562096119 -0.024556826800107956 -0.04797748848795891
v 0.03079262562096119 -0.024556826800107956 -0.04797748848795891
v 0.030724048614501953 -0.023200999945402145 -0.047899968922138214
v 0.025937048718333244 -0.02845199964940548 -0.04789997264742851
v 0.03079262562096119 -0.024556826800107956 -0.04797748848795891
v 0.025937048718333244 -0.02845199964940548 -0.04789997264742851
v 0.025913473218679428 -0.029660077765583992 -0.04797749221324921
v 0.025913473218679428 -0.029660077765583992 -0.04797749221324921
v 0.025937048718333244 -0.02845199964940548 -0.04789997264742851
v 0.020268049091100693 -0.0327330008149147 -0.04789998009800911
v 0.025913473218679428 -0.029660077765583992 -0.04797749221324921
v 0.020268049091100693 -0.0327330008149147 -0.04789998009800911
v 0.020200954750180244 -0.03381090983748436 -0.0479774996638298
v 0.020200954750180244 -0.03381090983748436 -0.0479774996638298
v 0.020268049091100693 -0.0327330008149147 -0.04789998009800911
v 0.013908048160374165 -0.03590000048279762 -0.04789998382329941
v 0.020200954750180244 -0.03381090983748436 -0.0479774996638298
v 0.013908048160374165 -0.03590000048279762 -0.04789998382329941
v 0.013839149847626686 -0.036874257028102875 -0.0479775033891201
v 0.013839149847626686 -0.036874257028102875 -0.0479775033891201
v 0.013908048160374165 -0.03590000048279762 -0.04789998382329941
v 0.007074047811329365 -0.03784399852156639 -0.047899991273880005
v 0.013839149847626686 -0.036874257028102875 -0.0479775033891201
v 0.007074047811329365 -0.03784399852156639 -0.047899991273880005
v 0.007032148540019989 -0.03875308483839035 -0.0479775108397007
v 0.007032148540019989 -0.03875308483839035 -0.0479775108397007
v 0.007074047811329365 -0.03784399852156639 -0.047899991273880005
v 4.790000218690693e-8 -0.03849999979138374 -0.0478999987244606
v 0.007032148540019989 -0.03875308483839035 -0.0479775108397007
v 4.790000218690693e-8 -0.03849999979138374 -0.0478999987244606
v 4.814989651436008e-8 -0.04007590189576149 -0.048149894922971725
v 0.007032148540019989 -0.03875308483839035 -0.0479775108397007
v 4.814989651436008e-8 -0.04007590189576149 -0.048149894922971725
v 0.00732997665181756 -0.040390197187662125 -0.048583392053842545
v 0.00732997665181756 -0.040390197187662125 -0.048583392053842545
v 4.814989651436008e-8 -0.04007590189576149 -0.048149894922971725
v 4.887409943421517e-8 -0.04149777814745903 -0.04887409880757332
v 0.00732997665181756 -0.040390197187662125 -0.048583392053842545
v 4.887409943421517e-8 -0.04149777814745903 -0.04887409880757332
v 0.007571727968752384 -0.04172537475824356 -0.04972171410918236
v 0.007571727968752384 -0.04172537475824356 -0.04972171410918236
v 4.887409943421517e-8 -0.04149777814745903 -0.04887409880757332
v 5.000221747764044e-8 -0.042625900357961655 -0.05000222101807594
v 0.007571727968752384 -0.04172537475824356 -0.04972171410918236
v 5.000221747764044e-8 -0.042625900357961655 -0.05000222101807594
v 0.007729829754680395 -0.04259645938873291 -0.05125579237937927
v 0.007729829754680395 -0.04259645938873291 -0.05125579237937927
v 5.000221747764044e-8 -0.042625900357961655 -0.05000222101807594
v 5.1424098757024694e-8 -0.043350107967853546 -0.05142409726977348
v 0.007729829754680395 -0.04259645938873291 -0.05125579237937927
v 5.1424098757024694e-8 -0.043350107967853546 -0.05142409726977348
v 0.007571417838335037 -0.04293747991323471 -0.05299999192357063
v 0.007571417838335037 -0.04293747991323471 -0.05299999192357063
v 5.1424098757024694e-8 -0.043350107967853546 -0.05142409726977348
v 5.3000000832525984e-8 -0.04360000044107437 -0.05299999937415123
v 0.007571417838335037 -0.04293747991323471 -0.05299999192357063
v 0.014912255108356476 -0.04097096994519234 -0.052999984472990036
v 0.007729829754680395 -0.04259645938873291 -0.05125579237937927
v 0.007729829754680395 -0.04259645938873291 -0.05125579237937927
v 0.014912255108356476 -0.04097096994519234 -0.052999984472990036
v 0.015212069265544415 -0.04053197801113129 -0.051255784928798676
v 0.007729829754680395 -0.04259645938873291 -0.05125579237937927
v 0.015212069265544415 -0.04053197801113129 -0.051255784928798676
v 0.014900966547429562 -0.03970272094011307 -0.04972170665860176
v 0.014900966547429562 -0.03970272094011307 -0.04972170665860176
v 0.015212069265544415 -0.04053197801113129 -0.051255784928798676
v 0.02175034023821354 -0.03640376403927803 -0.049721699208021164
v 0.014900966547429562 -0.03970272094011307 -0.04972170665860176
v 0.02175034023821354 -0.03640376403927803 -0.049721699208021164
v 0.021054692566394806 -0.03523892164230347 -0.04858337715268135
v 0.021054692566394806 -0.03523892164230347 -0.04858337715268135
v 0.02175034023821354 -0.03640376403927803 -0.049721699208021164
v 0.027007944881916046 -0.03091365285217762 -0.04858337342739105
v 0.021054692566394806 -0.03523892164230347 -0.04858337715268135
v 0.027007944881916046 -0.03091365285217762 -0.04858337342739105
v 0.025913473218679428 -0.029660077765583992 -0.04797749221324921
v 0.025913473218679428 -0.029660077765583992 -0.04797749221324921
v 0.027007944881916046 -0.03091365285217762 -0.04858337342739105
v 0.03079262562096119 -0.024556826800107956 -0.04797748848795891
v 0.014912255108356476 -0.04097096994519234 -0.052999984472990036
v 0.021800052374601364 -0.03775859996676445 -0.05299997702240944
v 0.015212069265544415 -0.04053197801113129 -0.051255784928798676
v 0.015212069265544415 -0.04053197801113129 -0.051255784928798676
v 0.021800052374601364 -0.03775859996676445 -0.05299997702240944
v 0.02220424823462963 -0.03716466575860977 -0.05125577747821808
v 0.015212069265544415 -0.04053197801113129 -0.051255784928798676
v 0.02220424823462963 -0.03716466575860977 -0.05125577747821808
v 0.02175034023821354 -0.03640376403927803 -0.049721699208021164
v 0.02175034023821354 -0.03640376403927803 -0.049721699208021164
v 0.02220424823462963 -0.03716466575860977 -0.05125577747821808
v 0.027901452034711838 -0.031935688108205795 -0.049721695482730865
v 0.02175034023821354 -0.03640376403927803 -0.049721699208021164
v 0.027901452034711838 -0.031935688108205795 -0.049721695482730865
v 0.027007944881916046 -0.03091365285217762 -0.04858337342739105
v 0.027007944881916046 -0.03091365285217762 -0.04858337342739105
v 0.027901452034711838 -0.031935688108205795 -0.049721695482730865
v 0.03209414333105087 -0.02559417486190796 -0.048583365976810455
v 0.027007944881916046 -0.03091365285217762 -0.04858337342739105
v 0.03209414333105087 -0.02559417486190796 -0.048583365976810455
v 0.03079262562096119 -0.024556826800107956 -0.04797748848795891
v 0.03079262562096119 -0.024556826800107956 -0.04797748848795891
v 0.03209414333105087 -0.02559417486190796 -0.048583365976810455
v 0.034682340919971466 -0.018663229420781136 -0.04797748476266861
v 0.021800052374601364 -0.03775859996676445 -0.05299997702240944
v 0.02802533097565174 -0.03339960426092148 -0.05299996957182884
v 0.02220424823462963 -0.03716466575860977 -0.05125577747821808
v 0.02220424823462963 -0.03716466575860977 -0.05125577747821808
v 0.02802533097565174 -0.03339960426092148 -0.05299996957182884
v 0.028483878821134567 -0.032602764666080475 -0.05125577002763748
v 0.02220424823462963 -0.03716466575860977 -0.05125577747821808
v 0.028483878821134567 -0.032602764666080475 -0.05125577002763748
v 0.027901452034711838 -0.031935688108205795 -0.049721695482730865
v 0.027901452034711838 -0.031935688108205795 -0.049721695482730865
v 0.028483878821134567 -0.032602764666080475 -0.05125577002763748
v 0.033154938369989395 -0.026439761742949486 -0.04972168803215027
v 0.027901452034711838 -0.031935688108205795 -0.049721695482730865
v 0.033154938369989395 -0.026439761742949486 -0.04972168803215027
v 0.03209414333105087 -0.02559417486190796 -0.048583365976810455
v 0.03209414333105087 -0.02559417486190796 -0.048583365976810455
v 0.033154938369989395 -0.026439761742949486 -0.04972168803215027
v 0.0361480787396431 -0.019452692940831184 -0.04858336225152016
v 0.03209414333105087 -0.02559417486190796 -0.048583365976810455
v 0.0361480787396431 -0.019452692940831184 -0.04858336225152016
v 0.034682340919971466 -0.018663229420781136 -0.04797748476266861
v 0.034682340919971466 -0.018663229420781136 -0.04797748476266861
v 0.0361480787396431 -0.019452692940831184 -0.04858336225152016
v 0.03745756298303604 -0.012170366011559963 -0.04797748103737831
v 0.02802533097565174 -0.03339960426092148 -0.05299996957182884
v 0.03339965641498566 -0.028025278821587563 -0.052999965846538544
v 0.028483878821134567 -0.032602764666080475 -0.05125577002763748
v 0.028483878821134567 -0.032602764666080475 -0.05125577002763748
v 0.03339965641498566 -0.028025278821587563 -0.052999965846538544
v 0.033847518265247345 -0.026992589235305786 -0.05125576630234718
v 0.028483878821134567 -0.032602764666080475 -0.05125577002763748
v 0.033847518265247345 -0.026992589235305786 -0.05125576630234718
v 0.033154938369989395 -0.026439761742949486 -0.04972168803215027
v 0.033154938369989395 -0.026439761742949486 -0.04972168803215027
v 0.033847518265247345 -0.026992589235305786 -0.05125576630234718
v 0.03734350576996803 -0.020095301792025566 -0.04972168430685997
v 0.033154938369989395 -0.026439761742949486 -0.04972168803215027
v 0.03734350576996803 -0.020095301792025566 -0.04972168430685997
v 0.0361480787396431 -0.019452692940831184 -0.04858336225152016
v 0.0361480787396431 -0.019452692940831184 -0.04858336225152016
v 0.03734350576996803 -0.020095301792025566 -0.04972168430685997
v 0.03904060274362564 -0.012685450725257397 -0.04858336225152016
v 0.0361480787396431 -0.019452692940831184 -0.04858336225152016
v 0.03904060274362564 -0.012685450725257397 -0.04858336225152016
v 0.03745756298303604 -0.012170366011559963 -0.04797748103737831
v 0.03745756298303604 -0.012170366011559963 -0.04797748103737831
v 0.03904060274362564 -0.012685450725257397 -0.04858336225152016
v 0.039029255509376526 -0.005287331063300371 -0.04797748103737831
v 0.03339965641498566 -0.028025278821587563 -0.052999965846538544
v 0.03775865212082863 -0.021800000220537186 -0.052999962121248245
v 0.033847518265247345 -0.026992589235305786 -0.05125576630234718
v 0.033847518265247345 -0.026992589235305786 -0.05125576630234718
v 0.03775865212082863 -0.021800000220537186 -0.052999962121248245
v 0.03812280297279358 -0.020514529198408127 -0.051255762577056885
v 0.033847518265247345 -0.026992589235305786 -0.05125576630234718
v 0.03812280297279358 -0.020514529198408127 -0.051255762577056885
v 0.03734350576996803 -0.020095301792025566 -0.04972168430685997
v 0.03734350576996803 -0.020095301792025566 -0.04972168430685997
v 0.03812280297279358 -0.020514529198408127 -0.051255762577056885
v 0.040330905467271805 -0.01310467254370451 -0.04972168058156967
v 0.03734350576996803 -0.020095301792025566 -0.04972168430685997
v 0.040330905467271805 -0.01310467254370451 -0.04972168058156967
v 0.03904060274362564 -0.012685450725257397 -0.04858336225152016
v 0.03904060274362564 -0.012685450725257397 -0.04858336225152016
v 0.040330905467271805 -0.01310467254370451 -0.04972168058156967
v 0.04067859426140785 -0.0055107115767896175 -0.04858335852622986
v 0.03904060274362564 -0.012685450725257397 -0.04858336225152016
v 0.04067859426140785 -0.0055107115767896175 -0.04858335852622986
v 0.039029255509376526 -0.005287331063300371 -0.04797748103737831
v 0.039029255509376526 -0.005287331063300371 -0.04797748103737831
v 0.04067859426140785 -0.0055107115767896175 -0.04858335852622986
v 0.039346396923065186 0.0017667789943516254 -0.04797747731208801
v 0.03775865212082863 -0.021800000220537186 -0.052999962121248245
v 0.040971022099256516 -0.014912202022969723 -0.05299995839595795
v 0.03812280297279358 -0.020514529198408127 -0.051255762577056885
v 0.03812280297279358 -0.020514529198408127 -0.051255762577056885
v 0.040971022099256516 -0.014912202022969723 -0.05299995839595795
v 0.04117342084646225 -0.013378038071095943 -0.051255758851766586
v 0.03812280297279358 -0.020514529198408127 -0.051255762577056885
v 0.04117342084646225 -0.013378038071095943 -0.051255758851766586
v 0.040330905467271805 -0.01310467254370451 -0.04972168058156967
v 0.040330905467271805 -0.01310467254370451 -0.04972168058156967
v 0.04117342084646225 -0.013378038071095943 -0.051255758851766586
v 0.042022958397865295 -0.0056922826915979385 -0.04972168058156967
v 0.040330905467271805 -0.01310467254370451 -0.04972168058156967
v 0.042022958397865295 -0.0056922826915979385 -0.04972168058156967
v 0.04067859426140785 -0.0055107115767896175 -0.04858335852622986
v 0.04067859426140785 -0.0055107115767896175 -0.04858335852622986
v 0.042022958397865295 -0.0056922826915979385 -0.04972168058156967
v 0.041008997708559036 0.0018412432400509715 -0.04858335852622986
v 0.04067859426140785 -0.0055107115767896175 -0.04858335852622986
v 0.041008997708559036 0.0018412432400509715 -0.04858335852622986
v 0.039346396923065186 0.0017667789943516254 -0.04797747731208801
v 0.039346396923065186 0.0017667789943516254 -0.04797747731208801
v 0.041008997708559036 0.0018412432400509715 -0.04858335852622986
v 0.03839797526597977 0.008763863705098629 -0.04797748103737831
v 0.040971022099256516 -0.014912202022969723 -0.05299995839595795
v 0.04293753206729889 -0.007571364752948284 -0.05299995839595795
v 0.04117342084646225 -0.013378038071095943 -0.051255758851766586
v 0.04117342084646225 -0.013378038071095943 -0.051255758851766586
v 0.04293753206729889 -0.007571364752948284 -0.05299995839595795
v 0.0429011695086956 -0.005811613984405994 -0.051255758851766586
v 0.04117342084646225 -0.013378038071095943 -0.051255758851766586
v 0.0429011695086956 -0.005811613984405994 -0.051255758851766586
v 0.042022958397865295 -0.0056922826915979385 -0.04972168058156967
v 0.042022958397865295 -0.0056922826915979385 -0.04972168058156967
v 0.0429011695086956 -0.005811613984405994 -0.051255758851766586
v 0.04236457869410515 0.001902436837553978 -0.04972168058156967
v 0.042022958397865295 -0.0056922826915979385 -0.04972168058156967
v 0.04236457869410515 0.001902436837553978 -0.04972168058156967
v 0.041008997708559036 0.0018412432400509715 -0.04858335852622986
v 0.041008997708559036 0.0018412432400509715 -0.04858335852622986
v 0.04236457869410515 0.001902436837553978 -0.04972168058156967
v 0.04002079367637634 0.009134126827120781 -0.04858335852622986
v 0.041008997708559036 0.0018412432400509715 -0.04858335852622986
v 0.04002079367637634 0.009134126827120781 -0.04858335852622986
v 0.03839797526597977 0.008763863705098629 -0.04797748103737831
v 0.03839797526597977 0.008763863705098629 -0.04797748103737831
v 0.04002079367637634 0.009134126827120781 -0.04858335852622986
v 0.03621601685881615 0.015479824505746365 -0.04797748103737831
v 0.04293753206729889 -0.007571364752948284 -0.05299995839595795
v 0.04360005259513855 -9.670042454487863e-18 -0.05299995467066765
v 0.0429011695086956 -0.005811613984405994 -0.051255758851766586
v 0.0429011695086956 -0.005811613984405994 -0.051255758851766586
v 0.04360005259513855 -9.670042454487863e-18 -0.05299995467066765
v 0.04324892535805702 0.0019422158366069198 -0.05125575512647629
v 0.0429011695086956 -0.005811613984405994 -0.051255758851766586
v 0.04324892535805702 0.0019422158366069198 -0.05125575512647629
v 0.04236457869410515 0.001902436837553978 -0.04972168058156967
v 0.04236457869410515 0.001902436837553978 -0.04972168058156967
v 0.04324892535805702 0.0019422158366069198 -0.05125575512647629
v 0.04134373366832733 0.00943604577332735 -0.04972168058156967
v 0.04236457869410515 0.001902436837553978 -0.04972168058156967
v 0.04134373366832733 0.00943604577332735 -0.04972168058156967
v 0.04002079367637634 0.009134126827120781 -0.04858335852622986
v 0.04002079367637634 0.009134126827120781 -0.04858335852622986
v 0.04134373366832733 0.00943604577332735 -0.04972168058156967
v 0.03774702548980713 0.01613365113735199 -0.04858336225152016
v 0.04002079367637634 0.009134126827120781 -0.04858335852622986
v 0.03774702548980713 0.01613365113735199 -0.04858336225152016
v 0.03621601685881615 0.015479824505746365 -0.04797748103737831
v 0.03621601685881615 0.015479824505746365 -0.04797748103737831
v 0.03774702548980713 0.01613365113735199 -0.04858336225152016
v 0.03287053853273392 0.02169756591320038 -0.04797748476266861
v 0.04360005259513855 -9.670042454487863e-18 -0.05299995467066765
v 0.04293753206729889 0.007571364752948284 -0.05299995839595795
v 0.04324892535805702 0.0019422158366069198 -0.05125575512647629
v 0.04324892535805702 0.0019422158366069198 -0.05125575512647629
v 0.04293753206729889 0.007571364752948284 -0.05299995839595795
v 0.04220666363835335 0.009633909910917282 -0.051255758851766586
v 0.04324892535805702 0.0019422158366069198 -0.05125575512647629
v 0.04220666363835335 0.009633909910917282 -0.051255758851766586
v 0.04134373366832733 0.00943604577332735 -0.04972168058156967
v 0.04134373366832733 0.00943604577332735 -0.04972168058156967
v 0.04220666363835335 0.009633909910917282 -0.051255758851766586
v 0.03899449110031128 0.016667107120156288 -0.04972168430685997
v 0.04134373366832733 0.00943604577332735 -0.04972168058156967
v 0.03899449110031128 0.016667107120156288 -0.04972168430685997
v 0.03774702548980713 0.01613365113735199 -0.04858336225152016
v 0.03774702548980713 0.01613365113735199 -0.04858336225152016
v 0.03899449110031128 0.016667107120156288 -0.04972168430685997
v 0.034259773790836334 0.02261454425752163 -0.048583365976810455
v 0.03774702548980713 0.01613365113735199 -0.04858336225152016
v 0.034259773790836334 0.02261454425752163 -0.048583365976810455
v 0.03287053853273392 0.02169756591320038 -0.04797748476266861
v 0.03287053853273392 0.02169756591320038 -0.04797748476266861
v 0.034259773790836334 0.02261454425752163 -0.048583365976810455
v 0.02846759930253029 0.02721800096333027 -0.04797748848795891
v 0.04293753206729889 0.007571364752948284 -0.05299995839595795
v 0.040971022099256516 0.014912202022969723 -0.05299995839595795
v 0.04220666363835335 0.009633909910917282 -0.051255758851766586
v 0.04220666363835335 0.009633909910917282 -0.051255758851766586
v 0.040971022099256516 0.014912202022969723 -0.05299995839595795
v 0.03980845957994461 0.01701493188738823 -0.051255758851766586
v 0.04220666363835335 0.009633909910917282 -0.051255758851766586
v 0.03980845957994461 0.01701493188738823 -0.051255758851766586
v 0.03899449110031128 0.016667107120156288 -0.04972168430685997
v 0.03899449110031128 0.016667107120156288 -0.04972168430685997
v 0.03980845957994461 0.01701493188738823 -0.051255758851766586
v 0.03539198264479637 0.02336220256984234 -0.04972168803215027
v 0.03899449110031128 0.016667107120156288 -0.04972168430685997
v 0.03539198264479637 0.02336220256984234 -0.04972168803215027
v 0.034259773790836334 0.02261454425752163 -0.048583365976810455
v 0.034259773790836334 0.02261454425752163 -0.048583365976810455
v 0.03539198264479637 0.02336220256984234 -0.04972168803215027
v 0.029671186581254005 0.028368553146719933 -0.048583369702100754
v 0.034259773790836334 0.02261454425752163 -0.048583365976810455
v 0.029671186581254005 0.028368553146719933 -0.048583369702100754
v 0.02846759930253029 0.02721800096333027 -0.04797748848795891
v 0.02846759930253029 0.02721800096333027 -0.04797748848795891
v 0.029671186581254005 0.028368553146719933 -0.048583369702100754
v 0.023150255903601646 0.031864047050476074 -0.047977495938539505
v 0.040971022099256516 0.014912202022969723 -0.05299995839595795
v 0.03775865212082863 0.021800000220537186 -0.052999962121248245
v 0.03980845957994461 0.01701493188738823 -0.051255758851766586
v 0.03980845957994461 0.01701493188738823 -0.051255758851766586
v 0.03775865212082863 0.021800000220537186 -0.052999962121248245
v 0.036130476742982864 0.023849766701459885 -0.051255762577056885
v 0.03980845957994461 0.01701493188738823 -0.051255758851766586
v 0.036130476742982864 0.023849766701459885 -0.051255762577056885
v 0.03539198264479637 0.02336220256984234 -0.04972168803215027
v 0.03539198264479637 0.02336220256984234 -0.04972168803215027
v 0.036130476742982864 0.023849766701459885 -0.051255762577056885
v 0.03065141849219799 0.029305938631296158 -0.04972169175744057
v 0.03539198264479637 0.02336220256984234 -0.04972168803215027
v 0.03065141849219799 0.029305938631296158 -0.04972169175744057
v 0.029671186581254005 0.028368553146719933 -0.048583369702100754
v 0.029671186581254005 0.028368553146719933 -0.048583369702100754
v 0.03065141849219799 0.029305938631296158 -0.04972169175744057
v 0.024128437042236328 0.033210448920726776 -0.04858337715268135
v 0.029671186581254005 0.028368553146719933 -0.048583369702100754
v 0.024128437042236328 0.033210448920726776 -0.04858337715268135
v 0.023150255903601646 0.031864047050476074 -0.047977495938539505
v 0.023150255903601646 0.031864047050476074 -0.047977495938539505
v 0.024128437042236328 0.033210448920726776 -0.04858337715268135
v 0.01708858273923397 0.0354856476187706 -0.0479774996638298
v 0.03775865212082863 0.021800000220537186 -0.052999962121248245
v 0.03339965641498566 0.028025278821587563 -0.052999965846538544
v 0.036130476742982864 0.023849766701459885 -0.051255762577056885
v 0.036130476742982864 0.023849766701459885 -0.051255762577056885
v 0.03339965641498566 0.028025278821587563 -0.052999965846538544
v 0.03129197284579277 0.029917938634753227 -0.05125577002763748
v 0.036130476742982864 0.023849766701459885 -0.051255762577056885
v 0.03129197284579277 0.029917938634753227 -0.05125577002763748
v 0.03065141849219799 0.029305938631296158 -0.04972169175744057
v 0.03065141849219799 0.029305938631296158 -0.04972169175744057
v 0.03129197284579277 0.029917938634753227 -0.05125577002763748
v 0.0249260775744915 0.03430797532200813 -0.049721695482730865
v 0.03065141849219799 0.029305938631296158 -0.04972169175744057
v 0.0249260775744915 0.03430797532200813 -0.049721695482730865
v 0.024128437042236328 0.033210448920726776 -0.04858337715268135
v 0.024128437042236328 0.033210448920726776 -0.04858337715268135
v 0.0249260775744915 0.03430797532200813 -0.049721695482730865
v 0.017810743302106857 0.03698505088686943 -0.04858338087797165
v 0.024128437042236328 0.033210448920726776 -0.04858337715268135
v 0.017810743302106857 0.03698505088686943 -0.04858338087797165
v 0.01708858273923397 0.0354856476187706 -0.0479774996638298
v 0.01708858273923397 0.0354856476187706 -0.0479774996638298
v 0.017810743302106857 0.03698505088686943 -0.04858338087797165
v 0.010477667674422264 0.037966739386320114 -0.0479775071144104
v 0.03339965641498566 0.028025278821587563 -0.052999965846538544
v 0.02802533097565174 0.03339960426092148 -0.05299996957182884
v 0.03129197284579277 0.029917938634753227 -0.05125577002763748
v 0.03129197284579277 0.029917938634753227 -0.05125577002763748
v 0.02802533097565174 0.03339960426092148 -0.05299996957182884
v 0.02544628456234932 0.035024020820856094 -0.05125577375292778
v 0.03129197284579277 0.029917938634753227 -0.05125577002763748
v 0.02544628456234932 0.035024020820856094 -0.05125577375292778
v 0.0249260775744915 0.03430797532200813 -0.049721695482730865
v 0.0249260775744915 0.03430797532200813 -0.049721695482730865
v 0.02544628456234932 0.035024020820856094 -0.05125577375292778
v 0.01839928701519966 0.03820701688528061 -0.04972170293331146
v 0.0249260775744915 0.03430797532200813 -0.049721695482730865
v 0.01839928701519966 0.03820701688528061 -0.04972170293331146
v 0.017810743302106857 0.03698505088686943 -0.04858338087797165
v 0.017810743302106857 0.03698505088686943 -0.04858338087797165
v 0.01839928701519966 0.03820701688528061 -0.04972170293331146
v 0.010921350680291653 0.039570197463035583 -0.048583388328552246
v 0.017810743302106857 0.03698505088686943 -0.04858338087797165
v 0.010921350680291653 0.039570197463035583 -0.048583388328552246
v 0.010477667674422264 0.037966739386320114 -0.0479775071144104
v 0.010477667674422264 0.037966739386320114 -0.0479775071144104
v 0.010921350680291653 0.039570197463035583 -0.048583388328552246
v 0.0035306045319885015 0.03922729566693306 -0.047977514564991
v 0.02802533097565174 0.03339960426092148 -0.05299996957182884
v 0.021800052374601364 0.03775859996676445 -0.05299997702240944
v 0.02544628456234932 0.035024020820856094 -0.05125577375292778
v 0.02544628456234932 0.035024020820856094 -0.05125577375292778
v 0.021800052374601364 0.03775859996676445 -0.05299997702240944
v 0.018783824518322945 0.03900466486811638 -0.05125578120350838
v 0.02544628456234932 0.035024020820856094 -0.05125577375292778
v 0.018783824518322945 0.03900466486811638 -0.05125578120350838
v 0.01839928701519966 0.03820701688528061 -0.04972170293331146
v 0.01839928701519966 0.03820701688528061 -0.04972170293331146
v 0.018783824518322945 0.03900466486811638 -0.05125578120350838
v 0.01128142885863781 0.040878843516111374 -0.04972171038389206
v 0.01839928701519966 0.03820701688528061 -0.04972170293331146
v 0.01128142885863781 0.040878843516111374 -0.04972171038389206
v 0.010921350680291653 0.039570197463035583 -0.048583388328552246
v 0.010921350680291653 0.039570197463035583 -0.048583388328552246
v 0.01128142885863781 0.040878843516111374 -0.04972171038389206
v 0.003679530695080757 0.040884800255298615 -0.04858339577913284
v 0.010921350680291653 0.039570197463035583 -0.048583388328552246
v 0.003679530695080757 0.040884800255298615 -0.04858339577913284
v 0.0035306045319885015 0.03922729566693306 -0.047977514564991
v 0.0035306045319885015 0.03922729566693306 -0.047977514564991
v 0.003679530695080757 0.040884800255298615 -0.04858339577913284
v 4.814989651436008e-8 0.04007590189576149 -0.048149894922971725
v 0.021800052374601364 0.03775859996676445 -0.05299997702240944
v 0.014912255108356476 0.04097096994519234 -0.052999984472990036
v 0.018783824518322945 0.03900466486811638 -0.05125578120350838
v 0.018783824518322945 0.03900466486811638 -0.05125578120350838
v 0.014912255108356476 0.04097096994519234 -0.052999984472990036
v 0.011517050676047802 0.041732583194971085 -0.051255788654088974
v 0.018783824518322945 0.03900466486811638 -0.05125578120350838
v 0.011517050676047802 0.041732583194971085 -0.051255788654088974
v 0.01128142885863781 0.040878843516111374 -0.04972171038389206
v 0.01128142885863781 0.040878843516111374 -0.04972171038389206
v 0.011517050676047802 0.041732583194971085 -0.051255788654088974
v 0.0038009164854884148 0.04223629832267761 -0.049721717834472656
v 0.01128142885863781 0.040878843516111374 -0.04972171038389206
v 0.0038009164854884148 0.04223629832267761 -0.049721717834472656
v 0.003679530695080757 0.040884800255298615 -0.04858339577913284
v 0.003679530695080757 0.040884800255298615 -0.04858339577913284
v 0.0038009164854884148 0.04223629832267761 -0.049721717834472656
v 4.887409943421517e-8 0.04149777814745903 -0.04887409880757332
v 0.003679530695080757 0.040884800255298615 -0.04858339577913284
v 4.887409943421517e-8 0.04149777814745903 -0.04887409880757332
v 4.814989651436008e-8 0.04007590189576149 -0.048149894922971725
v 0.014912255108356476 0.04097096994519234 -0.052999984472990036
v 0.007571417838335037 0.04293747991323471 -0.05299999192357063
v 0.011517050676047802 0.041732583194971085 -0.051255788654088974
v 0.011517050676047802 0.041732583194971085 -0.051255788654088974
v 0.007571417838335037 0.04293747991323471 -0.05299999192357063
v 0.0038804744835942984 0.043118588626384735 -0.05125579610466957
v 0.011517050676047802 0.041732583194971085 -0.051255788654088974
v 0.0038804744835942984 0.043118588626384735 -0.05125579610466957
v 0.0038009164854884148 0.04223629832267761 -0.049721717834472656
v 0.0038009164854884148 0.04223629832267761 -0.049721717834472656
v 0.0038804744835942984 0.043118588626384735 -0.05125579610466957
v 5.000221747764044e-8 0.042625900357961655 -0.05000222101807594
v 0.0038009164854884148 0.04223629832267761 -0.049721717834472656
v 5.000221747764044e-8 0.042625900357961655 -0.05000222101807594
v 4.887409943421517e-8 0.04149777814745903 -0.04887409880757332
v 0.007571417838335037 0.04293747991323471 -0.05299999192357063
v 5.3000000832525984e-8 0.04360000044107437 -0.05299999937415123
v 0.0038804744835942984 0.043118588626384735 -0.05125579610466957
v 0.0038804744835942984 0.043118588626384735 -0.05125579610466957
v 5.3000000832525984e-8 0.04360000044107437 -0.05299999937415123
v 5.1424098757024694e-8 0.043350107967853546 -0.05142409726977348
v 0.0038804744835942984 0.043118588626384735 -0.05125579610466957
v 5.1424098757024694e-8 0.043350107967853546 -0.05142409726977348
v 5.000221747764044e-8 0.042625900357961655 -0.05000222101807594
v 0.025913473218679428 -0.029660077765583992 -0.04797749221324921
v 0.020200954750180244 -0.03381090983748436 -0.0479774996638298
v 0.021054692566394806 -0.03523892164230347 -0.04858337715268135
v 0.021054692566394806 -0.03523892164230347 -0.04858337715268135
v 0.020200954750180244 -0.03381090983748436 -0.0479774996638298
v 0.014423617161810398 -0.038432810455560684 -0.04858338460326195
v 0.021054692566394806 -0.03523892164230347 -0.04858337715268135
v 0.014423617161810398 -0.038432810455560684 -0.04858338460326195
v 0.014900966547429562 -0.03970272094011307 -0.04972170665860176
v 0.014900966547429562 -0.03970272094011307 -0.04972170665860176
v 0.014423617161810398 -0.038432810455560684 -0.04858338460326195
v 0.007571727968752384 -0.04172537475824356 -0.04972171410918236
v 0.014900966547429562 -0.03970272094011307 -0.04972170665860176
v 0.007571727968752384 -0.04172537475824356 -0.04972171410918236
v 0.007729829754680395 -0.04259645938873291 -0.05125579237937927
v 0.020200954750180244 -0.03381090983748436 -0.0479774996638298
v 0.013839149847626686 -0.036874257028102875 -0.0479775033891201
v 0.014423617161810398 -0.038432810455560684 -0.04858338460326195
v 0.014423617161810398 -0.038432810455560684 -0.04858338460326195
v 0.013839149847626686 -0.036874257028102875 -0.0479775033891201
v 0.00732997665181756 -0.040390197187662125 -0.048583392053842545
v 0.014423617161810398 -0.038432810455560684 -0.04858338460326195
v 0.00732997665181756 -0.040390197187662125 -0.048583392053842545
v 0.007571727968752384 -0.04172537475824356 -0.04972171410918236
v 0.007032148540019989 -0.03875308483839035 -0.0479775108397007
v 0.00732997665181756 -0.040390197187662125 -0.048583392053842545
v 0.013839149847626686 -0.036874257028102875 -0.0479775033891201
v 6.329999990839497e-8 -0.04360000044107437 -0.0632999986410141
v 0.007571428082883358 -0.04293747991323471 -0.0632999911904335
v 5.3000000832525984e-8 -0.04360000044107437 -0.05299999937415123
v 5.3000000832525984e-8 -0.04360000044107437 -0.05299999937415123
v 0.007571428082883358 -0.04293747991323471 -0.0632999911904335
v 0.007571417838335037 -0.04293747991323471 -0.05299999192357063
v 0.007571417838335037 -0.04293747991323471 -0.05299999192357063
v 0.007571428082883358 -0.04293747991323471 -0.0632999911904335
v 0.014912265352904797 -0.04097096994519234 -0.0632999837398529
v 0.007571417838335037 -0.04293747991323471 -0.05299999192357063
v 0.014912265352904797 -0.04097096994519234 -0.0632999837398529
v 0.014912255108356476 -0.04097096994519234 -0.052999984472990036
v 0.014912255108356476 -0.04097096994519234 -0.052999984472990036
v 0.014912265352904797 -0.04097096994519234 -0.0632999837398529
v 0.02180006355047226 -0.03775859996676445 -0.06329997628927231
v 0.014912255108356476 -0.04097096994519234 -0.052999984472990036
v 0.02180006355047226 -0.03775859996676445 -0.06329997628927231
v 0.021800052374601364 -0.03775859996676445 -0.05299997702240944
v 0.021800052374601364 -0.03775859996676445 -0.05299997702240944
v 0.02180006355047226 -0.03775859996676445 -0.06329997628927231
v 0.028025342151522636 -0.03339960426092148 -0.06329996883869171
v 0.021800052374601364 -0.03775859996676445 -0.05299997702240944
v 0.028025342151522636 -0.03339960426092148 -0.06329996883869171
v 0.02802533097565174 -0.03339960426092148 -0.05299996957182884
v 0.02802533097565174 -0.03339960426092148 -0.05299996957182884
v 0.028025342151522636 -0.03339960426092148 -0.06329996883869171
v 0.03339966759085655 -0.028025278821587563 -0.06329996883869171
v 0.02802533097565174 -0.03339960426092148 -0.05299996957182884
v 0.03339966759085655 -0.028025278821587563 -0.06329996883869171
v 0.03339965641498566 -0.028025278821587563 -0.052999965846538544
v 0.03339965641498566 -0.028025278821587563 -0.052999965846538544
v 0.03339966759085655 -0.028025278821587563 -0.06329996883869171
v 0.037758663296699524 -0.021800000220537186 -0.06329996138811111
v 0.03339965641498566 -0.028025278821587563 -0.052999965846538544
v 0.037758663296699524 -0.021800000220537186 -0.06329996138811111
v 0.03775865212082863 -0.021800000220537186 -0.052999962121248245
v 0.03775865212082863 -0.021800000220537186 -0.052999962121248245
v 0.037758663296699524 -0.021800000220537186 -0.06329996138811111
v 0.04097103327512741 -0.014912202022969723 -0.06329996138811111
v 0.03775865212082863 -0.021800000220537186 -0.052999962121248245
v 0.04097103327512741 -0.014912202022969723 -0.06329996138811111
v 0.040971022099256516 -0.014912202022969723 -0.05299995839595795
v 0.040971022099256516 -0.014912202022969723 -0.05299995839595795
v 0.04097103327512741 -0.014912202022969723 -0.06329996138811111
v 0.042937543243169785 -0.007571364752948284 -0.06329995393753052
v 0.040971022099256516 -0.014912202022969723 -0.05299995839595795
v 0.042937543243169785 -0.007571364752948284 -0.06329995393753052
v 0.04293753206729889 -0.007571364752948284 -0.05299995839595795
v 0.04293753206729889 -0.007571364752948284 -0.05299995839595795
v 0.042937543243169785 -0.007571364752948284 -0.06329995393753052
v 0.043600063771009445 -9.670042454487863e-18 -0.06329995393753052
v 0.04293753206729889 -0.007571364752948284 -0.05299995839595795
v 0.043600063771009445 -9.670042454487863e-18 -0.06329995393753052
v 0.04360005259513855 -9.670042454487863e-18 -0.05299995467066765
v 0.04360005259513855 -9.670042454487863e-18 -0.05299995467066765
v 0.043600063771009445 -9.670042454487863e-18 -0.06329995393753052
v 0.042937543243169785 0.007571364752948284 -0.06329995393753052
v 0.04360005259513855 -9.670042454487863e-18 -0.05299995467066765
v 0.042937543243169785 0.007571364752948284 -0.06329995393753052
v 0.04293753206729889 0.007571364752948284 -0.05299995839595795
v 0.04293753206729889 0.007571364752948284 -0.05299995839595795
v 0.042937543243169785 0.007571364752948284 -0.06329995393753052
v 0.04097103327512741 0.014912202022969723 -0.06329996138811111
v 0.04293753206729889 0.007571364752948284 -0.05299995839595795
v 0.04097103327512741 0.014912202022969723 -0.06329996138811111
v 0.040971022099256516 0.014912202022969723 -0.05299995839595795
v 0.040971022099256516 0.014912202022969723 -0.05299995839595795
v 0.04097103327512741 0.014912202022969723 -0.06329996138811111
v 0.037758663296699524 0.021800000220537186 -0.06329996138811111
v 0.040971022099256516 0.014912202022969723 -0.05299995839595795
v 0.037758663296699524 0.021800000220537186 -0.06329996138811111
v 0.03775865212082863 0.021800000220537186 -0.052999962121248245
v 0.03775865212082863 0.021800000220537186 -0.052999962121248245
v 0.037758663296699524 0.021800000220537186 -0.06329996138811111
v 0.03339966759085655 0.028025278821587563 -0.06329996883869171
v 0.03775865212082863 0.021800000220537186 -0.052999962121248245
v 0.03339966759085655 0.028025278821587563 -0.06329996883869171
v 0.03339965641498566 0.028025278821587563 -0.052999965846538544
v 0.03339965641498566 0.028025278821587563 -0.052999965846538544
v 0.03339966759085655 0.028025278821587563 -0.06329996883869171
v 0.028025342151522636 0.03339960426092148 -0.06329996883869171
v 0.03339965641498566 0.028025278821587563 -0.052999965846538544
v 0.028025342151522636 0.03339960426092148 -0.06329996883869171
v 0.02802533097565174 0.03339960426092148 -0.05299996957182884
v 0.02802533097565174 0.03339960426092148 -0.05299996957182884
v 0.028025342151522636 0.03339960426092148 -0.06329996883869171
v 0.02180006355047226 0.03775859996676445 -0.06329997628927231
v 0.02802533097565174 0.03339960426092148 -0.05299996957182884
v 0.02180006355047226 0.03775859996676445 -0.06329997628927231
v 0.021800052374601364 0.03775859996676445 -0.05299997702240944
v 0.021800052374601364 0.03775859996676445 -0.05299997702240944
v 0.02180006355047226 0.03775859996676445 -0.06329997628927231
v 0.014912265352904797 0.04097096994519234 -0.0632999837398529
v 0.021800052374601364 0.03775859996676445 -0.05299997702240944
v 0.014912265352904797 0.04097096994519234 -0.0632999837398529
v 0.014912255108356476 0.04097096994519234 -0.052999984472990036
v 0.014912255108356476 0.04097096994519234 -0.052999984472990036
v 0.014912265352904797 0.04097096994519234 -0.0632999837398529
v 0.007571428082883358 0.04293747991323471 -0.0632999911904335
v 0.014912255108356476 0.04097096994519234 -0.052999984472990036
v 0.007571428082883358 0.04293747991323471 -0.0632999911904335
v 0.007571417838335037 0.04293747991323471 -0.05299999192357063
v 0.007571417838335037 0.04293747991323471 -0.05299999192357063
v 0.007571428082883358 0.04293747991323471 -0.0632999911904335
v 5.3000000832525984e-8 0.04360000044107437 -0.05299999937415123
v 5.3000000832525984e-8 0.04360000044107437 -0.05299999937415123
v 0.007571428082883358 0.04293747991323471 -0.0632999911904335
v 6.329999990839497e-8 0.04360000044107437 -0.0632999986410141
v 3.8500001409147444e-8 -0.03760000318288803 -0.03849999979138374
v 4.800000041882413e-8 -0.03760000318288803 -0.04800000041723251
v 0.004245330113917589 -0.0373583622276783 -0.03826599568128586
v 0.004245330113917589 -0.0373583622276783 -0.03826599568128586
v 4.800000041882413e-8 -0.03760000318288803 -0.04800000041723251
v 0.006909423042088747 -0.036959294229745865 -0.047999992966651917
v 0.004245330113917589 -0.0373583622276783 -0.03826599568128586
v 0.006909423042088747 -0.036959294229745865 -0.047999992966651917
v 0.008439483121037483 -0.03664045035839081 -0.037568993866443634
v 0.008439483121037483 -0.03664045035839081 -0.037568993866443634
v 0.006909423042088747 -0.036959294229745865 -0.047999992966651917
v 0.013583172112703323 -0.035061247646808624 -0.04799998551607132
v 0.008439483121037483 -0.03664045035839081 -0.037568993866443634
v 0.013583172112703323 -0.035061247646808624 -0.04799998551607132
v 0.012488249689340591 -0.03546532616019249 -0.036428987979888916
v 0.012488249689340591 -0.03546532616019249 -0.036428987979888916
v 0.013583172112703323 -0.035061247646808624 -0.04799998551607132
v 0.016309410333633423 -0.03387810289859772 -0.03489498421549797
v 0.016309410333633423 -0.03387810289859772 -0.03489498421549797
v 0.013583172112703323 -0.035061247646808624 -0.04799998551607132
v 0.019793692976236343 -0.031968023627996445 -0.04799998179078102
v 0.016309410333633423 -0.03387810289859772 -0.03489498421549797
v 0.019793692976236343 -0.031968023627996445 -0.04799998179078102
v 0.019839799031615257 -0.03193894401192665 -0.03302597999572754
v 0.019839799031615257 -0.03193894401192665 -0.03302597999572754
v 0.019793692976236343 -0.031968023627996445 -0.04799998179078102
v 0.02302827686071396 -0.029723050072789192 -0.03089897707104683
v 0.02302827686071396 -0.029723050072789192 -0.03089897707104683
v 0.019793692976236343 -0.031968023627996445 -0.04799998179078102
v 0.025331418961286545 -0.027786901220679283 -0.047999974340200424
v 0.02302827686071396 -0.029723050072789192 -0.03089897707104683
v 0.025331418961286545 -0.027786901220679283 -0.047999974340200424
v 0.025834739208221436 -0.02731865644454956 -0.028605973348021507
v 0.025834739208221436 -0.02731865644454956 -0.028605973348021507
v 0.025331418961286545 -0.027786901220679283 -0.047999974340200424
v 0.028277231380343437 -0.024780908599495888 -0.026207972317934036
v 0.028277231380343437 -0.024780908599495888 -0.026207972317934036
v 0.025331418961286545 -0.027786901220679283 -0.047999974340200424
v 0.03000584989786148 -0.022659264504909515 -0.047999970614910126
v 0.028277231380343437 -0.024780908599495888 -0.026207972317934036
v 0.03000584989786148 -0.022659264504909515 -0.047999970614910126
v 0.032329000532627106 -0.019199060276150703 -0.02103796787559986
v 0.032329000532627106 -0.019199060276150703 -0.02103796787559986
v 0.03000584989786148 -0.022659264504909515 -0.047999970614910126
v 0.03365856409072876 -0.01675957255065441 -0.04799996688961983
v 0.032329000532627106 -0.019199060276150703 -0.02103796787559986
v 0.03365856409072876 -0.01675957255065441 -0.04799996688961983
v 0.03520364314317703 -0.013208126649260521 -0.015795964747667313
v 0.03520364314317703 -0.013208126649260521 -0.015795964747667313
v 0.03365856409072876 -0.01675957255065441 -0.04799996688961983
v 0.03616423159837723 -0.010289366357028484 -0.04799996316432953
v 0.03520364314317703 -0.013208126649260521 -0.015795964747667313
v 0.03616423159837723 -0.010289366357028484 -0.04799996316432953
v 0.036201294511556625 -0.010159018449485302 -0.013365963473916054
v 0.036201294511556625 -0.010159018449485302 -0.013365963473916054
v 0.03616423159837723 -0.010289366357028484 -0.04799996316432953
v 0.036932237446308136 -0.007053759414702654 -0.01120196282863617
v 0.036932237446308136 -0.007053759414702654 -0.01120196282863617
v 0.03616423159837723 -0.010289366357028484 -0.04799996316432953
v 0.03743962198495865 -0.0034692268818616867 -0.04799996316432953
v 0.036932237446308136 -0.007053759414702654 -0.01120196282863617
v 0.03743962198495865 -0.0034692268818616867 -0.04799996316432953
v 0.037409503012895584 -0.0037820590659976006 -0.009498963132500648
v 0.037409503012895584 -0.0037820590659976006 -0.009498963132500648
v 0.03743962198495865 -0.0034692268818616867 -0.04799996316432953
v 0.03754686936736107 -0.0019902922213077545 -0.008940963074564934
v 0.03754686936736107 -0.0019902922213077545 -0.008940963074564934
v 0.03743962198495865 -0.0034692268818616867 -0.04799996316432953
v 0.03760001063346863 -8.337775433742606e-18 -0.00871796254068613
v 0.03760001063346863 -8.337775433742606e-18 -0.00871796254068613
v 0.03743962198495865 -0.0034692268818616867 -0.04799996316432953
v 0.03743962198495865 0.0034692268818616867 -0.04799996316432953
v 0.03760001063346863 -8.337775433742606e-18 -0.00871796254068613
v 0.03743962198495865 0.0034692268818616867 -0.04799996316432953
v 0.03754686936736107 0.0019902922213077545 -0.008940963074564934
v 0.03754686936736107 0.0019902922213077545 -0.008940963074564934
v 0.03743962198495865 0.0034692268818616867 -0.04799996316432953
v 0.037409503012895584 0.0037820590659976006 -0.009498963132500648
v 0.037409503012895584 0.0037820590659976006 -0.009498963132500648
v 0.03743962198495865 0.0034692268818616867 -0.04799996316432953
v 0.036932237446308136 0.007053759414702654 -0.01120196282863617
v 0.036932237446308136 0.007053759414702654 -0.01120196282863617
v 0.03743962198495865 0.0034692268818616867 -0.04799996316432953
v 0.03616423159837723 0.010289366357028484 -0.04799996316432953
v 0.036932237446308136 0.007053759414702654 -0.01120196282863617
v 0.03616423159837723 0.010289366357028484 -0.04799996316432953
v 0.036201294511556625 0.010159018449485302 -0.013365963473916054
v 0.036201294511556625 0.010159018449485302 -0.013365963473916054
v 0.03616423159837723 0.010289366357028484 -0.04799996316432953
v 0.03520364314317703 0.013208126649260521 -0.015795964747667313
v 0.03520364314317703 0.013208126649260521 -0.015795964747667313
v 0.03616423159837723 0.010289366357028484 -0.04799996316432953
v 0.03365856409072876 0.01675957255065441 -0.04799996688961983
v 0.03520364314317703 0.013208126649260521 -0.015795964747667313
v 0.03365856409072876 0.01675957255065441 -0.04799996688961983
v 0.032329000532627106 0.019199060276150703 -0.02103796787559986
v 0.032329000532627106 0.019199060276150703 -0.02103796787559986
v 0.03365856409072876 0.01675957255065441 -0.04799996688961983
v 0.03000584989786148 0.022659264504909515 -0.047999970614910126
v 0.032329000532627106 0.019199060276150703 -0.02103796787559986
v 0.03000584989786148 0.022659264504909515 -0.047999970614910126
v 0.028277231380343437 0.024780908599495888 -0.026207972317934036
v 0.028277231380343437 0.024780908599495888 -0.026207972317934036
v 0.03000584989786148 0.022659264504909515 -0.047999970614910126
v 0.025331418961286545 0.027786901220679283 -0.047999974340200424
v 0.028277231380343437 0.024780908599495888 -0.026207972317934036
v 0.025331418961286545 0.027786901220679283 -0.047999974340200424
v 0.025834739208221436 0.02731865644454956 -0.028605973348021507
v 0.025834739208221436 0.02731865644454956 -0.028605973348021507
v 0.025331418961286545 0.027786901220679283 -0.047999974340200424
v 0.02302827686071396 0.029723050072789192 -0.03089897707104683
v 0.02302827686071396 0.029723050072789192 -0.03089897707104683
v 0.025331418961286545 0.027786901220679283 -0.047999974340200424
v 0.019793692976236343 0.031968023627996445 -0.04799998179078102
v 0.02302827686071396 0.029723050072789192 -0.03089897707104683
v 0.019793692976236343 0.031968023627996445 -0.04799998179078102
v 0.019839799031615257 0.03193894401192665 -0.03302597999572754
v 0.019839799031615257 0.03193894401192665 -0.03302597999572754
v 0.019793692976236343 0.031968023627996445 -0.04799998179078102
v 0.016309410333633423 0.03387810289859772 -0.03489498421549797
v 0.016309410333633423 0.03387810289859772 -0.03489498421549797
v 0.019793692976236343 0.031968023627996445 -0.04799998179078102
v 0.013583172112703323 0.035061247646808624 -0.04799998551607132
v 0.016309410333633423 0.03387810289859772 -0.03489498421549797
v 0.013583172112703323 0.035061247646808624 -0.04799998551607132
v 0.012488249689340591 0.03546532616019249 -0.036428987979888916
v 0.012488249689340591 0.03546532616019249 -0.036428987979888916
v 0.013583172112703323 0.035061247646808624 -0.04799998551607132
v 0.008439483121037483 0.03664045035839081 -0.037568993866443634
v 0.008439483121037483 0.03664045035839081 -0.037568993866443634
v 0.013583172112703323 0.035061247646808624 -0.04799998551607132
v 0.006909423042088747 0.036959294229745865 -0.047999992966651917
v 0.008439483121037483 0.03664045035839081 -0.037568993866443634
v 0.006909423042088747 0.036959294229745865 -0.047999992966651917
v 0.004245330113917589 0.0373583622276783 -0.03826599568128586
v 0.004245330113917589 0.0373583622276783 -0.03826599568128586
v 0.006909423042088747 0.036959294229745865 -0.047999992966651917
v 4.800000041882413e-8 0.03760000318288803 -0.04800000041723251
v 0.004245330113917589 0.0373583622276783 -0.03826599568128586
v 4.800000041882413e-8 0.03760000318288803 -0.04800000041723251
v 3.8500001409147444e-8 0.03760000318288803 -0.03849999979138374
v -3.859999964106464e-8 0.049300000071525574 0.038600001484155655
v -3.859999964106464e-8 -0.023601999506354332 0.038600001484155655
v 0.0070923371240496635 0.049300000071525574 0.037942301481962204
v 0.0070923371240496635 0.049300000071525574 0.037942301481962204
v -3.859999964106464e-8 -0.023601999506354332 0.038600001484155655
v 0.0070923371240496635 -0.023778000846505165 0.037942301481962204
v 0.0070923371240496635 0.049300000071525574 0.037942301481962204
v 0.0070923371240496635 -0.023778000846505165 0.037942301481962204
v 0.01394408755004406 0.049300000071525574 0.03599326312541962
v 0.01394408755004406 0.049300000071525574 0.03599326312541962
v 0.0070923371240496635 -0.023778000846505165 0.037942301481962204
v 0.01394408755004406 -0.024298999458551407 0.03599326312541962
v 0.01394408755004406 0.049300000071525574 0.03599326312541962
v 0.01394408755004406 -0.024298999458551407 0.03599326312541962
v 0.02032061107456684 0.049300000071525574 0.03281804174184799
v 0.02032061107456684 0.049300000071525574 0.03281804174184799
v 0.01394408755004406 -0.024298999458551407 0.03599326312541962
v 0.02032061107456684 -0.025147000327706337 0.03281804174184799
v 0.02032061107456684 0.049300000071525574 0.03281804174184799
v 0.02032061107456684 -0.025147000327706337 0.03281804174184799
v 0.02600434236228466 0.049300000071525574 0.028525926172733307
v 0.02600434236228466 0.049300000071525574 0.028525926172733307
v 0.02032061107456684 -0.025147000327706337 0.03281804174184799
v 0.02600434236228466 -0.026294000446796417 0.028525926172733307
v 0.02600434236228466 0.049300000071525574 0.028525926172733307
v 0.02600434236228466 -0.026294000446796417 0.028525926172733307
v 0.030803779140114784 0.049300000071525574 0.02326129376888275
v 0.030803779140114784 0.049300000071525574 0.02326129376888275
v 0.02600434236228466 -0.026294000446796417 0.028525926172733307
v 0.030803779140114784 -0.02770099975168705 0.02326129376888275
v 0.030803779140114784 0.049300000071525574 0.02326129376888275
v 0.030803779140114784 -0.02770099975168705 0.02326129376888275
v 0.03455349802970886 0.049300000071525574 0.017205609008669853
v 0.03455349802970886 0.049300000071525574 0.017205609008669853
v 0.030803779140114784 -0.02770099975168705 0.02326129376888275
v 0.03455349802970886 -0.029319999739527702 0.017205609008669853
v 0.03455349802970886 0.049300000071525574 0.017205609008669853
v 0.03455349802970886 -0.029319999739527702 0.017205609008669853
v 0.037126172333955765 0.049300000071525574 0.010563403367996216
v 0.037126172333955765 0.049300000071525574 0.010563403367996216
v 0.03455349802970886 -0.029319999739527702 0.017205609008669853
v 0.037126172333955765 -0.031094999983906746 0.010563403367996216
v 0.037126172333955765 0.049300000071525574 0.010563403367996216
v 0.037126172333955765 -0.031094999983906746 0.010563403367996216
v 0.038435570895671844 0.049300000071525574 0.0035612653009593487
v 0.038435570895671844 0.049300000071525574 0.0035612653009593487
v 0.037126172333955765 -0.031094999983906746 0.010563403367996216
v 0.038435570895671844 -0.032965999096632004 0.0035612653009593487
v 0.038435570895671844 0.049300000071525574 0.0035612653009593487
v 0.038435570895671844 -0.032965999096632004 0.0035612653009593487
v 0.03843557834625244 0.049300000071525574 -0.003561188466846943
v 0.03843557834625244 0.049300000071525574 -0.003561188466846943
v 0.038435570895671844 -0.032965999096632004 0.0035612653009593487
v 0.03843557834625244 -0.034869998693466187 -0.003561188466846943
v 0.03843557834625244 0.049300000071525574 -0.003561188466846943
v 0.03843557834625244 -0.034869998693466187 -0.003561188466846943
v 0.0375974103808403 -8.337486747708825e-18 -0.008740605786442757
v 0.0375974103808403 -8.337486747708825e-18 -0.008740605786442757
v 0.03843557834625244 -0.034869998693466187 -0.003561188466846943
v 0.03754427656531334 -0.001984999980777502 -0.00896418560296297
v 0.03754427656531334 -0.001984999980777502 -0.00896418560296297
v 0.03843557834625244 -0.034869998693466187 -0.003561188466846943
v 0.037126194685697556 -0.036740999668836594 -0.010563328862190247
v 0.03754427656531334 -0.001984999980777502 -0.00896418560296297
v 0.037126194685697556 -0.036740999668836594 -0.010563328862190247
v 0.03740692138671875 -0.0037720000836998224 -0.009523635730147362
v 0.03740692138671875 -0.0037720000836998224 -0.009523635730147362
v 0.037126194685697556 -0.036740999668836594 -0.010563328862190247
v 0.03692968562245369 -0.007034999784082174 -0.011231058277189732
v 0.03692968562245369 -0.007034999784082174 -0.011231058277189732
v 0.037126194685697556 -0.036740999668836594 -0.010563328862190247
v 0.03619879484176636 -0.010131999850273132 -0.013400680385529995
v 0.03619879484176636 -0.010131999850273132 -0.013400680385529995
v 0.037126194685697556 -0.036740999668836594 -0.010563328862190247
v 0.03455353528261185 -0.03851599991321564 -0.017205538228154182
v 0.03619879484176636 -0.010131999850273132 -0.013400680385529995
v 0.03455353528261185 -0.03851599991321564 -0.017205538228154182
v 0.03520121052861214 -0.013172999955713749 -0.015836993232369423
v 0.03520121052861214 -0.013172999955713749 -0.015836993232369423
v 0.03455353528261185 -0.03851599991321564 -0.017205538228154182
v 0.03232676908373833 -0.019147999584674835 -0.021092614158988
v 0.03232676908373833 -0.019147999584674835 -0.021092614158988
v 0.03455353528261185 -0.03851599991321564 -0.017205538228154182
v 0.030803823843598366 -0.04013499990105629 -0.023261234164237976
v 0.03232676908373833 -0.019147999584674835 -0.021092614158988
v 0.030803823843598366 -0.04013499990105629 -0.023261234164237976
v 0.028275279328227043 -0.0247150007635355 -0.02627604454755783
v 0.028275279328227043 -0.0247150007635355 -0.02627604454755783
v 0.030803823843598366 -0.04013499990105629 -0.023261234164237976
v 0.026004398241639137 -0.04154200106859207 -0.02852587401866913
v 0.028275279328227043 -0.0247150007635355 -0.02627604454755783
v 0.026004398241639137 -0.04154200106859207 -0.02852587401866913
v 0.025832954794168472 -0.02724600024521351 -0.02868027612566948
v 0.025832954794168472 -0.02724600024521351 -0.02868027612566948
v 0.026004398241639137 -0.04154200106859207 -0.02852587401866913
v 0.023026686161756516 -0.02964399941265583 -0.030979234725236893
v 0.023026686161756516 -0.02964399941265583 -0.030979234725236893
v 0.026004398241639137 -0.04154200106859207 -0.02852587401866913
v 0.020320678129792213 -0.042688999325037 -0.03281800448894501
v 0.023026686161756516 -0.02964399941265583 -0.030979234725236893
v 0.020320678129792213 -0.042688999325037 -0.03281800448894501
v 0.019838429987430573 -0.03185399994254112 -0.03311176225543022
v 0.019838429987430573 -0.03185399994254112 -0.03311176225543022
v 0.020320678129792213 -0.042688999325037 -0.03281800448894501
v 0.016308283433318138 -0.03378799930214882 -0.03498562052845955
v 0.016308283433318138 -0.03378799930214882 -0.03498562052845955
v 0.020320678129792213 -0.042688999325037 -0.03281800448894501
v 0.01394416019320488 -0.04353800043463707 -0.03599323332309723
v 0.016308283433318138 -0.03378799930214882 -0.03498562052845955
v 0.01394416019320488 -0.04353800043463707 -0.03599323332309723
v 0.012487386353313923 -0.035371001809835434 -0.03652361035346985
v 0.012487386353313923 -0.035371001809835434 -0.03652361035346985
v 0.01394416019320488 -0.04353800043463707 -0.03599323332309723
v 0.008438900113105774 -0.03654300048947334 -0.037666574120521545
v 0.008438900113105774 -0.03654300048947334 -0.037666574120521545
v 0.01394416019320488 -0.04353800043463707 -0.03599323332309723
v 0.007092412561178207 -0.044057998806238174 -0.03794228658080101
v 0.008438900113105774 -0.03654300048947334 -0.037666574120521545
v 0.007092412561178207 -0.044057998806238174 -0.03794228658080101
v 0.004245037212967873 -0.03725900128483772 -0.03836539015173912
v 0.004245037212967873 -0.03725900128483772 -0.03836539015173912
v 0.007092412561178207 -0.044057998806238174 -0.03794228658080101
v 3.859999964106464e-8 -0.04423400014638901 -0.038600001484155655
v 0.004245037212967873 -0.03725900128483772 -0.03836539015173912
v 3.859999964106464e-8 -0.04423400014638901 -0.038600001484155655
v 3.859999964106464e-8 -0.03750000149011612 -0.038600001484155655
v 0.0375974103808403 -8.337486747708825e-18 -0.008740605786442757
v 0.03754427656531334 0.001984999980777502 -0.00896418560296297
v 0.03843557834625244 0.049300000071525574 -0.003561188466846943
v 0.03843557834625244 0.049300000071525574 -0.003561188466846943
v 0.03754427656531334 0.001984999980777502 -0.00896418560296297
v 0.037126194685697556 0.049300000071525574 -0.010563328862190247
v 0.037126194685697556 0.049300000071525574 -0.010563328862190247
v 0.03754427656531334 0.001984999980777502 -0.00896418560296297
v 0.03740692138671875 0.0037720000836998224 -0.009523635730147362
v 0.037126194685697556 0.049300000071525574 -0.010563328862190247
v 0.03740692138671875 0.0037720000836998224 -0.009523635730147362
v 0.03692968562245369 0.007034999784082174 -0.011231058277189732
v 0.03692968562245369 0.007034999784082174 -0.011231058277189732
v 0.03619879484176636 0.010131999850273132 -0.013400680385529995
v 0.037126194685697556 0.049300000071525574 -0.010563328862190247
v 0.037126194685697556 0.049300000071525574 -0.010563328862190247
v 0.03619879484176636 0.010131999850273132 -0.013400680385529995
v 0.03455353528261185 0.049300000071525574 -0.017205538228154182
v 0.03455353528261185 0.049300000071525574 -0.017205538228154182
v 0.03619879484176636 0.010131999850273132 -0.013400680385529995
v 0.03520121052861214 0.013172999955713749 -0.015836993232369423
v 0.03455353528261185 0.049300000071525574 -0.017205538228154182
v 0.03520121052861214 0.013172999955713749 -0.015836993232369423
v 0.03232676908373833 0.019147999584674835 -0.021092614158988
v 0.03455353528261185 0.049300000071525574 -0.017205538228154182
v 0.03232676908373833 0.019147999584674835 -0.021092614158988
v 0.030803823843598366 0.049300000071525574 -0.023261234164237976
v 0.030803823843598366 0.049300000071525574 -0.023261234164237976
v 0.03232676908373833 0.019147999584674835 -0.021092614158988
v 0.028275279328227043 0.0247150007635355 -0.02627604454755783
v 0.030803823843598366 0.049300000071525574 -0.023261234164237976
v 0.028275279328227043 0.0247150007635355 -0.02627604454755783
v 0.026004398241639137 0.049300000071525574 -0.02852587401866913
v 0.026004398241639137 0.049300000071525574 -0.02852587401866913
v 0.028275279328227043 0.0247150007635355 -0.02627604454755783
v 0.025832954794168472 0.02724600024521351 -0.02868027612566948
v 0.026004398241639137 0.049300000071525574 -0.02852587401866913
v 0.025832954794168472 0.02724600024521351 -0.02868027612566948
v 0.023026686161756516 0.02964399941265583 -0.030979234725236893
v 0.026004398241639137 0.049300000071525574 -0.02852587401866913
v 0.023026686161756516 0.02964399941265583 -0.030979234725236893
v 0.020320678129792213 0.049300000071525574 -0.03281800448894501
v 0.020320678129792213 0.049300000071525574 -0.03281800448894501
v 0.023026686161756516 0.02964399941265583 -0.030979234725236893
v 0.019838429987430573 0.03185399994254112 -0.03311176225543022
v 0.020320678129792213 0.049300000071525574 -0.03281800448894501
v 0.019838429987430573 0.03185399994254112 -0.03311176225543022
v 0.016308283433318138 0.03378799930214882 -0.03498562052845955
v 0.020320678129792213 0.049300000071525574 -0.03281800448894501
v 0.016308283433318138 0.03378799930214882 -0.03498562052845955
v 0.01394416019320488 0.049300000071525574 -0.03599323332309723
v 0.01394416019320488 0.049300000071525574 -0.03599323332309723
v 0.016308283433318138 0.03378799930214882 -0.03498562052845955
v 0.012487386353313923 0.035371001809835434 -0.03652361035346985
v 0.01394416019320488 0.049300000071525574 -0.03599323332309723
v 0.012487386353313923 0.035371001809835434 -0.03652361035346985
v 0.008438900113105774 0.03654300048947334 -0.037666574120521545
v 0.01394416019320488 0.049300000071525574 -0.03599323332309723
v 0.008438900113105774 0.03654300048947334 -0.037666574120521545
v 0.007092412561178207 0.049300000071525574 -0.03794228658080101
v 0.007092412561178207 0.049300000071525574 -0.03794228658080101
v 0.008438900113105774 0.03654300048947334 -0.037666574120521545
v 0.004245037212967873 0.03725900128483772 -0.03836539015173912
v 0.007092412561178207 0.049300000071525574 -0.03794228658080101
v 0.004245037212967873 0.03725900128483772 -0.03836539015173912
v 3.859999964106464e-8 0.049300000071525574 -0.038600001484155655
v 3.859999964106464e-8 0.049300000071525574 -0.038600001484155655
v 0.004245037212967873 0.03725900128483772 -0.03836539015173912
v 3.859999964106464e-8 0.03750000149011612 -0.038600001484155655
v 3.859999964106464e-8 -0.03750000149011612 -0.038600001484155655
v 3.859999964106464e-8 -0.04423400014638901 -0.038600001484155655
v -0.004244960378855467 -0.03725900128483772 -0.03836539760231972
v -0.004244960378855467 -0.03725900128483772 -0.03836539760231972
v 3.859999964106464e-8 -0.04423400014638901 -0.038600001484155655
v -0.0070923371240496635 -0.044057998806238174 -0.037942301481962204
v -0.004244960378855467 -0.03725900128483772 -0.03836539760231972
v -0.0070923371240496635 -0.044057998806238174 -0.037942301481962204
v -0.008438825607299805 -0.03654300048947334 -0.03766658902168274
v -0.008438825607299805 -0.03654300048947334 -0.03766658902168274
v -0.0070923371240496635 -0.044057998806238174 -0.037942301481962204
v -0.01394408755004406 -0.04353800043463707 -0.03599326312541962
v -0.008438825607299805 -0.03654300048947334 -0.03766658902168274
v -0.01394408755004406 -0.04353800043463707 -0.03599326312541962
v -0.012487313710153103 -0.035371001809835434 -0.03652363270521164
v -0.012487313710153103 -0.035371001809835434 -0.03652363270521164
v -0.01394408755004406 -0.04353800043463707 -0.03599326312541962
v -0.016308212652802467 -0.03378799930214882 -0.03498565033078194
v -0.016308212652802467 -0.03378799930214882 -0.03498565033078194
v -0.01394408755004406 -0.04353800043463707 -0.03599326312541962
v -0.02032061107456684 -0.042688999325037 -0.03281804174184799
v -0.016308212652802467 -0.03378799930214882 -0.03498565033078194
v -0.02032061107456684 -0.042688999325037 -0.03281804174184799
v -0.0198383629322052 -0.03185399994254112 -0.033111799508333206
v -0.0198383629322052 -0.03185399994254112 -0.033111799508333206
v -0.02032061107456684 -0.042688999325037 -0.03281804174184799
v -0.023026620969176292 -0.02964399941265583 -0.030979279428720474
v -0.023026620969176292 -0.02964399941265583 -0.030979279428720474
v -0.02032061107456684 -0.042688999325037 -0.03281804174184799
v -0.02600434236228466 -0.04154200106859207 -0.028525926172733307
v -0.023026620969176292 -0.02964399941265583 -0.030979279428720474
v -0.02600434236228466 -0.04154200106859207 -0.028525926172733307
v -0.025832898914813995 -0.02724600024521351 -0.028680328279733658
v -0.025832898914813995 -0.02724600024521351 -0.028680328279733658
v -0.02600434236228466 -0.04154200106859207 -0.028525926172733307
v -0.028275227174162865 -0.0247150007635355 -0.026276100426912308
v -0.028275227174162865 -0.0247150007635355 -0.026276100426912308
v -0.02600434236228466 -0.04154200106859207 -0.028525926172733307
v -0.030803779140114784 -0.04013499990105629 -0.02326129376888275
v -0.028275227174162865 -0.0247150007635355 -0.026276100426912308
v -0.030803779140114784 -0.04013499990105629 -0.02326129376888275
v -0.032326724380254745 -0.019147999584674835 -0.021092677488923073
v -0.032326724380254745 -0.019147999584674835 -0.021092677488923073
v -0.030803779140114784 -0.04013499990105629 -0.02326129376888275
v -0.03455349802970886 -0.03851599991321564 -0.017205609008669853
v -0.032326724380254745 -0.019147999584674835 -0.021092677488923073
v -0.03455349802970886 -0.03851599991321564 -0.017205609008669853
v -0.03520118072628975 -0.013172999955713749 -0.015837064012885094
v -0.03520118072628975 -0.013172999955713749 -0.015837064012885094
v -0.03455349802970886 -0.03851599991321564 -0.017205609008669853
v -0.03619876503944397 -0.010131999850273132 -0.013400753028690815
v -0.03619876503944397 -0.010131999850273132 -0.013400753028690815
v -0.03455349802970886 -0.03851599991321564 -0.017205609008669853
v -0.037126172333955765 -0.036740999668836594 -0.010563403367996216
v -0.03619876503944397 -0.010131999850273132 -0.013400753028690815
v -0.037126172333955765 -0.036740999668836594 -0.010563403367996216
v -0.0369296632707119 -0.007034999784082174 -0.0112311327829957
v -0.0369296632707119 -0.007034999784082174 -0.0112311327829957
v -0.037126172333955765 -0.036740999668836594 -0.010563403367996216
v -0.03740689903497696 -0.0037720000836998224 -0.009523710235953331
v -0.03740689903497696 -0.0037720000836998224 -0.009523710235953331
v -0.037126172333955765 -0.036740999668836594 -0.010563403367996216
v -0.037544261664152145 -0.001984999980777502 -0.008964261040091515
v -0.037544261664152145 -0.001984999980777502 -0.008964261040091515
v -0.037126172333955765 -0.036740999668836594 -0.010563403367996216
v -0.038435570895671844 -0.034869998693466187 -0.0035612653009593487
v -0.037544261664152145 -0.001984999980777502 -0.008964261040091515
v -0.038435570895671844 -0.034869998693466187 -0.0035612653009593487
v -0.03759739547967911 8.337486747708825e-18 -0.0087406812235713
v -0.03759739547967911 8.337486747708825e-18 -0.0087406812235713
v -0.038435570895671844 -0.034869998693466187 -0.0035612653009593487
v -0.038435570895671844 0.049300000071525574 -0.0035612653009593487
v -0.03759739547967911 8.337486747708825e-18 -0.0087406812235713
v -0.038435570895671844 0.049300000071525574 -0.0035612653009593487
v -0.037126172333955765 0.049300000071525574 -0.010563403367996216
v -0.038435570895671844 -0.034869998693466187 -0.0035612653009593487
v -0.03843557834625244 -0.032965999096632004 0.003561188466846943
v -0.038435570895671844 0.049300000071525574 -0.0035612653009593487
v -0.038435570895671844 0.049300000071525574 -0.0035612653009593487
v -0.03843557834625244 -0.032965999096632004 0.003561188466846943
v -0.03843557834625244 0.049300000071525574 0.003561188466846943
v -0.03843557834625244 0.049300000071525574 0.003561188466846943
v -0.03843557834625244 -0.032965999096632004 0.003561188466846943
v -0.037126194685697556 -0.031094999983906746 0.010563328862190247
v -0.03843557834625244 0.049300000071525574 0.003561188466846943
v -0.037126194685697556 -0.031094999983906746 0.010563328862190247
v -0.037126194685697556 0.049300000071525574 0.010563328862190247
v -0.037126194685697556 0.049300000071525574 0.010563328862190247
v -0.037126194685697556 -0.031094999983906746 0.010563328862190247
v -0.03455353528261185 -0.029319999739527702 0.017205538228154182
v -0.037126194685697556 0.049300000071525574 0.010563328862190247
v -0.03455353528261185 -0.029319999739527702 0.017205538228154182
v -0.03455353528261185 0.049300000071525574 0.017205538228154182
v -0.03455353528261185 0.049300000071525574 0.017205538228154182
v -0.03455353528261185 -0.029319999739527702 0.017205538228154182
v -0.030803823843598366 -0.02770099975168705 0.023261234164237976
v -0.03455353528261185 0.049300000071525574 0.017205538228154182
v -0.030803823843598366 -0.02770099975168705 0.023261234164237976
v -0.030803823843598366 0.049300000071525574 0.023261234164237976
v -0.030803823843598366 0.049300000071525574 0.023261234164237976
v -0.030803823843598366 -0.02770099975168705 0.023261234164237976
v -0.026004398241639137 -0.026294000446796417 0.02852587401866913
v -0.030803823843598366 0.049300000071525574 0.023261234164237976
v -0.026004398241639137 -0.026294000446796417 0.02852587401866913
v -0.026004398241639137 0.049300000071525574 0.02852587401866913
v -0.026004398241639137 0.049300000071525574 0.02852587401866913
v -0.026004398241639137 -0.026294000446796417 0.02852587401866913
v -0.020320678129792213 -0.025147000327706337 0.03281800448894501
v -0.026004398241639137 0.049300000071525574 0.02852587401866913
v -0.020320678129792213 -0.025147000327706337 0.03281800448894501
v -0.020320678129792213 0.049300000071525574 0.03281800448894501
v -0.020320678129792213 0.049300000071525574 0.03281800448894501
v -0.020320678129792213 -0.025147000327706337 0.03281800448894501
v -0.01394416019320488 -0.024298999458551407 0.03599323332309723
v -0.020320678129792213 0.049300000071525574 0.03281800448894501
v -0.01394416019320488 -0.024298999458551407 0.03599323332309723
v -0.01394416019320488 0.049300000071525574 0.03599323332309723
v -0.01394416019320488 0.049300000071525574 0.03599323332309723
v -0.01394416019320488 -0.024298999458551407 0.03599323332309723
v -0.007092412561178207 -0.023778000846505165 0.03794228658080101
v -0.01394416019320488 0.049300000071525574 0.03599323332309723
v -0.007092412561178207 -0.023778000846505165 0.03794228658080101
v -0.007092412561178207 0.049300000071525574 0.03794228658080101
v -0.007092412561178207 0.049300000071525574 0.03794228658080101
v -0.007092412561178207 -0.023778000846505165 0.03794228658080101
v -3.859999964106464e-8 -0.023601999506354332 0.038600001484155655
v -0.007092412561178207 0.049300000071525574 0.03794228658080101
v -3.859999964106464e-8 -0.023601999506354332 0.038600001484155655
v -3.859999964106464e-8 0.049300000071525574 0.038600001484155655
v -0.03455349802970886 0.049300000071525574 -0.017205609008669853
v -0.03619876503944397 0.010131999850273132 -0.013400753028690815
v -0.037126172333955765 0.049300000071525574 -0.010563403367996216
v -0.037126172333955765 0.049300000071525574 -0.010563403367996216
v -0.03619876503944397 0.010131999850273132 -0.013400753028690815
v -0.0369296632707119 0.007034999784082174 -0.0112311327829957
v -0.037126172333955765 0.049300000071525574 -0.010563403367996216
v -0.0369296632707119 0.007034999784082174 -0.0112311327829957
v -0.03740689903497696 0.0037720000836998224 -0.009523710235953331
v -0.030803779140114784 0.049300000071525574 -0.02326129376888275
v -0.032326724380254745 0.019147999584674835 -0.021092677488923073
v -0.03455349802970886 0.049300000071525574 -0.017205609008669853
v -0.03455349802970886 0.049300000071525574 -0.017205609008669853
v -0.032326724380254745 0.019147999584674835 -0.021092677488923073
v -0.03520118072628975 0.013172999955713749 -0.015837064012885094
v -0.03455349802970886 0.049300000071525574 -0.017205609008669853
v -0.03520118072628975 0.013172999955713749 -0.015837064012885094
v -0.03619876503944397 0.010131999850273132 -0.013400753028690815
v -0.032326724380254745 0.019147999584674835 -0.021092677488923073
v -0.030803779140114784 0.049300000071525574 -0.02326129376888275
v -0.028275227174162865 0.0247150007635355 -0.026276100426912308
v -0.028275227174162865 0.0247150007635355 -0.026276100426912308
v -0.030803779140114784 0.049300000071525574 -0.02326129376888275
v -0.02600434236228466 0.049300000071525574 -0.028525926172733307
v -0.028275227174162865 0.0247150007635355 -0.026276100426912308
v -0.02600434236228466 0.049300000071525574 -0.028525926172733307
v -0.025832898914813995 0.02724600024521351 -0.028680328279733658
v -0.025832898914813995 0.02724600024521351 -0.028680328279733658
v -0.02600434236228466 0.049300000071525574 -0.028525926172733307
v -0.023026620969176292 0.02964399941265583 -0.030979279428720474
v -0.023026620969176292 0.02964399941265583 -0.030979279428720474
v -0.02600434236228466 0.049300000071525574 -0.028525926172733307
v -0.02032061107456684 0.049300000071525574 -0.03281804174184799
v -0.023026620969176292 0.02964399941265583 -0.030979279428720474
v -0.02032061107456684 0.049300000071525574 -0.03281804174184799
v -0.0198383629322052 0.03185399994254112 -0.033111799508333206
v -0.0198383629322052 0.03185399994254112 -0.033111799508333206
v -0.02032061107456684 0.049300000071525574 -0.03281804174184799
v -0.016308212652802467 0.03378799930214882 -0.03498565033078194
v -0.016308212652802467 0.03378799930214882 -0.03498565033078194
v -0.02032061107456684 0.049300000071525574 -0.03281804174184799
v -0.01394408755004406 0.049300000071525574 -0.03599326312541962
v -0.016308212652802467 0.03378799930214882 -0.03498565033078194
v -0.01394408755004406 0.049300000071525574 -0.03599326312541962
v -0.012487313710153103 0.035371001809835434 -0.03652363270521164
v -0.012487313710153103 0.035371001809835434 -0.03652363270521164
v -0.01394408755004406 0.049300000071525574 -0.03599326312541962
v -0.0070923371240496635 0.049300000071525574 -0.037942301481962204
v -0.012487313710153103 0.035371001809835434 -0.03652363270521164
v -0.0070923371240496635 0.049300000071525574 -0.037942301481962204
v -0.008438825607299805 0.03654300048947334 -0.03766658902168274
v -0.008438825607299805 0.03654300048947334 -0.03766658902168274
v -0.0070923371240496635 0.049300000071525574 -0.037942301481962204
v -0.004244960378855467 0.03725900128483772 -0.03836539760231972
v -0.004244960378855467 0.03725900128483772 -0.03836539760231972
v -0.0070923371240496635 0.049300000071525574 -0.037942301481962204
v 3.859999964106464e-8 0.049300000071525574 -0.038600001484155655
v -0.004244960378855467 0.03725900128483772 -0.03836539760231972
v 3.859999964106464e-8 0.049300000071525574 -0.038600001484155655
v 3.859999964106464e-8 0.03750000149011612 -0.038600001484155655
v -0.03740689903497696 0.0037720000836998224 -0.009523710235953331
v -0.037544261664152145 0.001984999980777502 -0.008964261040091515
v -0.037126172333955765 0.049300000071525574 -0.010563403367996216
v -0.037126172333955765 0.049300000071525574 -0.010563403367996216
v -0.037544261664152145 0.001984999980777502 -0.008964261040091515
v -0.03759739547967911 8.337486747708825e-18 -0.0087406812235713
v 3.8500001409147444e-8 0.03760000318288803 -0.03849999979138374
v 4.800000041882413e-8 0.03760000318288803 -0.04800000041723251
v -0.004245253745466471 0.0373583622276783 -0.038266003131866455
v -0.004245253745466471 0.0373583622276783 -0.038266003131866455
v 4.800000041882413e-8 0.03760000318288803 -0.04800000041723251
v -0.006909327115863562 0.036959294229745865 -0.04800000786781311
v -0.004245253745466471 0.0373583622276783 -0.038266003131866455
v -0.006909327115863562 0.036959294229745865 -0.04800000786781311
v -0.008439408615231514 0.03664045035839081 -0.03756900876760483
v -0.008439408615231514 0.03664045035839081 -0.03756900876760483
v -0.006909327115863562 0.036959294229745865 -0.04800000786781311
v -0.013583075255155563 0.035061247646808624 -0.04800001531839371
v -0.008439408615231514 0.03664045035839081 -0.03756900876760483
v -0.013583075255155563 0.035061247646808624 -0.04800001531839371
v -0.012488177046179771 0.03546532616019249 -0.03642901033163071
v -0.012488177046179771 0.03546532616019249 -0.03642901033163071
v -0.013583075255155563 0.035061247646808624 -0.04800001531839371
v -0.016309339553117752 0.03387810289859772 -0.03489501401782036
v -0.016309339553117752 0.03387810289859772 -0.03489501401782036
v -0.013583075255155563 0.035061247646808624 -0.04800001531839371
v -0.019793596118688583 0.031968023627996445 -0.048000019043684006
v -0.016309339553117752 0.03387810289859772 -0.03489501401782036
v -0.019793596118688583 0.031968023627996445 -0.048000019043684006
v -0.019839731976389885 0.03193894401192665 -0.033026017248630524
v -0.019839731976389885 0.03193894401192665 -0.033026017248630524
v -0.019793596118688583 0.031968023627996445 -0.048000019043684006
v -0.023028213530778885 0.029723050072789192 -0.03089902177453041
v -0.023028213530778885 0.029723050072789192 -0.03089902177453041
v -0.019793596118688583 0.031968023627996445 -0.048000019043684006
v -0.025331322103738785 0.027786901220679283 -0.0480000264942646
v -0.023028213530778885 0.029723050072789192 -0.03089902177453041
v -0.025331322103738785 0.027786901220679283 -0.0480000264942646
v -0.02583468332886696 0.02731865644454956 -0.028606025502085686
v -0.02583468332886696 0.02731865644454956 -0.028606025502085686
v -0.025331322103738785 0.027786901220679283 -0.0480000264942646
v -0.02827717922627926 0.024780908599495888 -0.026208028197288513
v -0.02827717922627926 0.024780908599495888 -0.026208028197288513
v -0.025331322103738785 0.027786901220679283 -0.0480000264942646
v -0.03000575304031372 0.022659264504909515 -0.0480000302195549
v -0.02827717922627926 0.024780908599495888 -0.026208028197288513
v -0.03000575304031372 0.022659264504909515 -0.0480000302195549
v -0.032328955829143524 0.019199060276150703 -0.021038031205534935
v -0.032328955829143524 0.019199060276150703 -0.021038031205534935
v -0.03000575304031372 0.022659264504909515 -0.0480000302195549
v -0.033658467233181 0.01675957255065441 -0.0480000339448452
v -0.032328955829143524 0.019199060276150703 -0.021038031205534935
v -0.033658467233181 0.01675957255065441 -0.0480000339448452
v -0.035203613340854645 0.013208126649260521 -0.015796035528182983
v -0.035203613340854645 0.013208126649260521 -0.015796035528182983
v -0.033658467233181 0.01675957255065441 -0.0480000339448452
v -0.03616413474082947 0.010289366357028484 -0.0480000376701355
v -0.035203613340854645 0.013208126649260521 -0.015796035528182983
v -0.03616413474082947 0.010289366357028484 -0.0480000376701355
v -0.03620126470923424 0.010159018449485302 -0.013366036117076874
v -0.03620126470923424 0.010159018449485302 -0.013366036117076874
v -0.03616413474082947 0.010289366357028484 -0.0480000376701355
v -0.036932215094566345 0.007053759414702654 -0.011202037334442139
v -0.036932215094566345 0.007053759414702654 -0.011202037334442139
v -0.03616413474082947 0.010289366357028484 -0.0480000376701355
v -0.03743952512741089 0.0034692268818616867 -0.0480000376701355
v -0.036932215094566345 0.007053759414702654 -0.011202037334442139
v -0.03743952512741089 0.0034692268818616867 -0.0480000376701355
v -0.03740948066115379 0.0037820590659976006 -0.009499037638306618
v -0.03740948066115379 0.0037820590659976006 -0.009499037638306618
v -0.03743952512741089 0.0034692268818616867 -0.0480000376701355
v -0.037546854466199875 0.0019902922213077545 -0.008941037580370903
v -0.037546854466199875 0.0019902922213077545 -0.008941037580370903
v -0.03743952512741089 0.0034692268818616867 -0.0480000376701355
v -0.037599995732307434 8.337775433742606e-18 -0.0087180370464921
v -0.037599995732307434 8.337775433742606e-18 -0.0087180370464921
v -0.03743952512741089 0.0034692268818616867 -0.0480000376701355
v -0.03743952512741089 -0.0034692268818616867 -0.0480000376701355
v -0.037599995732307434 8.337775433742606e-18 -0.0087180370464921
v -0.03743952512741089 -0.0034692268818616867 -0.0480000376701355
v -0.037546854466199875 -0.0019902922213077545 -0.008941037580370903
v -0.037546854466199875 -0.0019902922213077545 -0.008941037580370903
v -0.03743952512741089 -0.0034692268818616867 -0.0480000376701355
v -0.03740948066115379 -0.0037820590659976006 -0.009499037638306618
v -0.03740948066115379 -0.0037820590659976006 -0.009499037638306618
v -0.03743952512741089 -0.0034692268818616867 -0.0480000376701355
v -0.036932215094566345 -0.007053759414702654 -0.011202037334442139
v -0.036932215094566345 -0.007053759414702654 -0.011202037334442139
v -0.03743952512741089 -0.0034692268818616867 -0.0480000376701355
v -0.03616413474082947 -0.010289366357028484 -0.0480000376701355
v -0.036932215094566345 -0.007053759414702654 -0.011202037334442139
v -0.03616413474082947 -0.010289366357028484 -0.0480000376701355
v -0.03620126470923424 -0.010159018449485302 -0.013366036117076874
v -0.03620126470923424 -0.010159018449485302 -0.013366036117076874
v -0.03616413474082947 -0.010289366357028484 -0.0480000376701355
v -0.035203613340854645 -0.013208126649260521 -0.015796035528182983
v -0.035203613340854645 -0.013208126649260521 -0.015796035528182983
v -0.03616413474082947 -0.010289366357028484 -0.0480000376701355
v -0.033658467233181 -0.01675957255065441 -0.0480000339448452
v -0.035203613340854645 -0.013208126649260521 -0.015796035528182983
v -0.033658467233181 -0.01675957255065441 -0.0480000339448452
v -0.032328955829143524 -0.019199060276150703 -0.021038031205534935
v -0.032328955829143524 -0.019199060276150703 -0.021038031205534935
v -0.033658467233181 -0.01675957255065441 -0.0480000339448452
v -0.03000575304031372 -0.022659264504909515 -0.0480000302195549
v -0.032328955829143524 -0.019199060276150703 -0.021038031205534935
v -0.03000575304031372 -0.022659264504909515 -0.0480000302195549
v -0.02827717922627926 -0.024780908599495888 -0.026208028197288513
v -0.02827717922627926 -0.024780908599495888 -0.026208028197288513
v -0.03000575304031372 -0.022659264504909515 -0.0480000302195549
v -0.025331322103738785 -0.027786901220679283 -0.0480000264942646
v -0.02827717922627926 -0.024780908599495888 -0.026208028197288513
v -0.025331322103738785 -0.027786901220679283 -0.0480000264942646
v -0.02583468332886696 -0.02731865644454956 -0.028606025502085686
v -0.02583468332886696 -0.02731865644454956 -0.028606025502085686
v -0.025331322103738785 -0.027786901220679283 -0.0480000264942646
v -0.023028213530778885 -0.029723050072789192 -0.03089902177453041
v -0.023028213530778885 -0.029723050072789192 -0.03089902177453041
v -0.025331322103738785 -0.027786901220679283 -0.0480000264942646
v -0.019793596118688583 -0.031968023627996445 -0.048000019043684006
v -0.023028213530778885 -0.029723050072789192 -0.03089902177453041
v -0.019793596118688583 -0.031968023627996445 -0.048000019043684006
v -0.019839731976389885 -0.03193894401192665 -0.033026017248630524
v -0.019839731976389885 -0.03193894401192665 -0.033026017248630524
v -0.019793596118688583 -0.031968023627996445 -0.048000019043684006
v -0.016309339553117752 -0.03387810289859772 -0.03489501401782036
v -0.016309339553117752 -0.03387810289859772 -0.03489501401782036
v -0.019793596118688583 -0.031968023627996445 -0.048000019043684006
v -0.013583075255155563 -0.035061247646808624 -0.04800001531839371
v -0.016309339553117752 -0.03387810289859772 -0.03489501401782036
v -0.013583075255155563 -0.035061247646808624 -0.04800001531839371
v -0.012488177046179771 -0.03546532616019249 -0.03642901033163071
v -0.012488177046179771 -0.03546532616019249 -0.03642901033163071
v -0.013583075255155563 -0.035061247646808624 -0.04800001531839371
v -0.008439408615231514 -0.03664045035839081 -0.03756900876760483
v -0.008439408615231514 -0.03664045035839081 -0.03756900876760483
v -0.013583075255155563 -0.035061247646808624 -0.04800001531839371
v -0.006909327115863562 -0.036959294229745865 -0.04800000786781311
v -0.008439408615231514 -0.03664045035839081 -0.03756900876760483
v -0.006909327115863562 -0.036959294229745865 -0.04800000786781311
v -0.004245253745466471 -0.0373583622276783 -0.038266003131866455
v -0.004245253745466471 -0.0373583622276783 -0.038266003131866455
v -0.006909327115863562 -0.036959294229745865 -0.04800000786781311
v 4.800000041882413e-8 -0.03760000318288803 -0.04800000041723251
v -0.004245253745466471 -0.0373583622276783 -0.038266003131866455
v 4.800000041882413e-8 -0.03760000318288803 -0.04800000041723251
v 3.8500001409147444e-8 -0.03760000318288803 -0.03849999979138374
v -0.0070739621296525 0.049400001764297485 -0.03784400597214699
v -0.007037962321192026 0.049400001764297485 -0.03764800727367401
v 3.8500001409147444e-8 0.049400001764297485 -0.03849999979138374
v 3.8500001409147444e-8 0.049400001764297485 -0.03849999979138374
v -0.007037962321192026 0.049400001764297485 -0.03764800727367401
v 3.830000139259937e-8 0.049400001764297485 -0.03830000013113022
v 3.8500001409147444e-8 0.049400001764297485 -0.03849999979138374
v 3.830000139259937e-8 0.049400001764297485 -0.03830000013113022
v 0.00703803775832057 0.049400001764297485 -0.03764799237251282
v -0.007037962321192026 0.049400001764297485 -0.03764800727367401
v -0.0070739621296525 0.049400001764297485 -0.03784400597214699
v -0.013835964724421501 0.049400001764297485 -0.03571401536464691
v -0.013835964724421501 0.049400001764297485 -0.03571401536464691
v -0.0070739621296525 0.049400001764297485 -0.03784400597214699
v -0.013907963410019875 0.049400001764297485 -0.035900015383958817
v -0.013835964724421501 0.049400001764297485 -0.03571401536464691
v -0.013907963410019875 0.049400001764297485 -0.035900015383958817
v -0.02016196772456169 0.049400001764297485 -0.032563019543886185
v -0.02016196772456169 0.049400001764297485 -0.032563019543886185
v -0.013907963410019875 0.049400001764297485 -0.035900015383958817
v -0.020267967134714127 0.049400001764297485 -0.032733019441366196
v -0.02016196772456169 0.049400001764297485 -0.032563019543886185
v -0.020267967134714127 0.049400001764297485 -0.032733019441366196
v -0.0258029717952013 0.049400001764297485 -0.028304025530815125
v -0.0258029717952013 0.049400001764297485 -0.028304025530815125
v -0.020267967134714127 0.049400001764297485 -0.032733019441366196
v -0.025936972349882126 0.049400001764297485 -0.02845202572643757
v -0.0258029717952013 0.049400001764297485 -0.028304025530815125
v -0.025936972349882126 0.049400001764297485 -0.02845202572643757
v -0.030563978478312492 0.049400001764297485 -0.023081030696630478
v -0.030563978478312492 0.049400001764297485 -0.023081030696630478
v -0.025936972349882126 0.049400001764297485 -0.02845202572643757
v -0.030723977833986282 0.049400001764297485 -0.023201029747724533
v -0.030563978478312492 0.049400001764297485 -0.023081030696630478
v -0.030723977833986282 0.049400001764297485 -0.023201029747724533
v -0.034284982830286026 0.049400001764297485 -0.017072033137083054
v -0.034284982830286026 0.049400001764297485 -0.017072033137083054
v -0.030723977833986282 0.049400001764297485 -0.023201029747724533
v -0.03446398302912712 0.049400001764297485 -0.017161035910248756
v -0.034284982830286026 0.049400001764297485 -0.017072033137083054
v -0.03446398302912712 0.049400001764297485 -0.017161035910248756
v -0.03683798760175705 0.049400001764297485 -0.010481037199497223
v -0.03683798760175705 0.049400001764297485 -0.010481037199497223
v -0.03446398302912712 0.049400001764297485 -0.017161035910248756
v -0.03702998906373978 0.049400001764297485 -0.010536037385463715
v -0.03683798760175705 0.049400001764297485 -0.010481037199497223
v -0.03702998906373978 0.049400001764297485 -0.010536037385463715
v -0.03813699632883072 0.049400001764297485 -0.003534038085490465
v -0.03813699632883072 0.049400001764297485 -0.003534038085490465
v -0.03702998906373978 0.049400001764297485 -0.010536037385463715
v -0.038335997611284256 0.049400001764297485 -0.0035520384553819895
v -0.03813699632883072 0.049400001764297485 -0.003534038085490465
v -0.038335997611284256 0.049400001764297485 -0.0035520384553819895
v -0.03833600506186485 0.049400001764297485 0.0035519616212695837
v -0.03813699632883072 0.049400001764297485 -0.003534038085490465
v -0.03833600506186485 0.049400001764297485 0.0035519616212695837
v -0.038137003779411316 0.049400001764297485 0.0035339617170393467
v -0.038137003779411316 0.049400001764297485 0.0035339617170393467
v -0.03833600506186485 0.049400001764297485 0.0035519616212695837
v -0.03703001141548157 0.049400001764297485 0.010535962879657745
v -0.038137003779411316 0.049400001764297485 0.0035339617170393467
v -0.03703001141548157 0.049400001764297485 0.010535962879657745
v -0.03683800995349884 0.049400001764297485 0.010480962693691254
v -0.03683800995349884 0.049400001764297485 0.010480962693691254
v -0.03703001141548157 0.049400001764297485 0.010535962879657745
v -0.034464020282030106 0.049400001764297485 0.017160965129733086
v -0.03683800995349884 0.049400001764297485 0.010480962693691254
v -0.034464020282030106 0.049400001764297485 0.017160965129733086
v -0.03428502008318901 0.049400001764297485 0.01707196608185768
v -0.03428502008318901 0.049400001764297485 0.01707196608185768
v -0.034464020282030106 0.049400001764297485 0.017160965129733086
v -0.030724022537469864 0.049400001764297485 0.023200970143079758
v -0.03428502008318901 0.049400001764297485 0.01707196608185768
v -0.030724022537469864 0.049400001764297485 0.023200970143079758
v -0.030564023181796074 0.049400001764297485 0.023080971091985703
v -0.030564023181796074 0.049400001764297485 0.023080971091985703
v -0.030724022537469864 0.049400001764297485 0.023200970143079758
v -0.025937028229236603 0.049400001764297485 0.02845197357237339
v -0.030564023181796074 0.049400001764297485 0.023080971091985703
v -0.025937028229236603 0.049400001764297485 0.02845197357237339
v -0.02580302767455578 0.049400001764297485 0.028303973376750946
v -0.02580302767455578 0.049400001764297485 0.028303973376750946
v -0.025937028229236603 0.049400001764297485 0.02845197357237339
v -0.0202680341899395 0.049400001764297485 0.03273298218846321
v -0.02580302767455578 0.049400001764297485 0.028303973376750946
v -0.0202680341899395 0.049400001764297485 0.03273298218846321
v -0.020162031054496765 0.049400001764297485 0.0325629822909832
v -0.020162031054496765 0.049400001764297485 0.0325629822909832
v -0.0202680341899395 0.049400001764297485 0.03273298218846321
v -0.013908036053180695 0.049400001764297485 0.03589998558163643
v -0.020162031054496765 0.049400001764297485 0.0325629822909832
v -0.013908036053180695 0.049400001764297485 0.03589998558163643
v -0.013836035504937172 0.049400001764297485 0.035713985562324524
v -0.013836035504937172 0.049400001764297485 0.035713985562324524
v -0.013908036053180695 0.049400001764297485 0.03589998558163643
v -0.007074037566781044 0.049400001764297485 0.037843991070985794
v -0.013836035504937172 0.049400001764297485 0.035713985562324524
v -0.007074037566781044 0.049400001764297485 0.037843991070985794
v -0.00703803775832057 0.049400001764297485 0.03764799237251282
v -0.00703803775832057 0.049400001764297485 0.03764799237251282
v -0.007074037566781044 0.049400001764297485 0.037843991070985794
v -3.8500001409147444e-8 0.049400001764297485 0.03849999979138374
v -0.00703803775832057 0.049400001764297485 0.03764799237251282
v -3.8500001409147444e-8 0.049400001764297485 0.03849999979138374
v -3.830000139259937e-8 0.049400001764297485 0.03830000013113022
v -3.830000139259937e-8 0.049400001764297485 0.03830000013113022
v -3.8500001409147444e-8 0.049400001764297485 0.03849999979138374
v 0.007037962321192026 0.049400001764297485 0.03764800727367401
v 0.007037962321192026 0.049400001764297485 0.03764800727367401
v -3.8500001409147444e-8 0.049400001764297485 0.03849999979138374
v 0.0070739621296525 0.049400001764297485 0.03784400597214699
v 0.007037962321192026 0.049400001764297485 0.03764800727367401
v 0.0070739621296525 0.049400001764297485 0.03784400597214699
v 0.013835964724421501 0.049400001764297485 0.03571401536464691
v 0.013835964724421501 0.049400001764297485 0.03571401536464691
v 0.0070739621296525 0.049400001764297485 0.03784400597214699
v 0.013907963410019875 0.049400001764297485 0.035900015383958817
v 0.013835964724421501 0.049400001764297485 0.03571401536464691
v 0.013907963410019875 0.049400001764297485 0.035900015383958817
v 0.02016196772456169 0.049400001764297485 0.032563019543886185
v 0.02016196772456169 0.049400001764297485 0.032563019543886185
v 0.013907963410019875 0.049400001764297485 0.035900015383958817
v 0.020267967134714127 0.049400001764297485 0.032733019441366196
v 0.02016196772456169 0.049400001764297485 0.032563019543886185
v 0.020267967134714127 0.049400001764297485 0.032733019441366196
v 0.0258029717952013 0.049400001764297485 0.028304025530815125
v 0.0258029717952013 0.049400001764297485 0.028304025530815125
v 0.020267967134714127 0.049400001764297485 0.032733019441366196
v 0.025936972349882126 0.049400001764297485 0.02845202572643757
v 0.0258029717952013 0.049400001764297485 0.028304025530815125
v 0.025936972349882126 0.049400001764297485 0.02845202572643757
v 0.030563978478312492 0.049400001764297485 0.023081030696630478
v 0.030563978478312492 0.049400001764297485 0.023081030696630478
v 0.025936972349882126 0.049400001764297485 0.02845202572643757
v 0.030723977833986282 0.049400001764297485 0.023201029747724533
v 0.030563978478312492 0.049400001764297485 0.023081030696630478
v 0.030723977833986282 0.049400001764297485 0.023201029747724533
v 0.034284982830286026 0.049400001764297485 0.017072033137083054
v 0.034284982830286026 0.049400001764297485 0.017072033137083054
v 0.030723977833986282 0.049400001764297485 0.023201029747724533
v 0.03446398302912712 0.049400001764297485 0.017161035910248756
v 0.034284982830286026 0.049400001764297485 0.017072033137083054
v 0.03446398302912712 0.049400001764297485 0.017161035910248756
v 0.03683798760175705 0.049400001764297485 0.010481037199497223
v 0.03683798760175705 0.049400001764297485 0.010481037199497223
v 0.03446398302912712 0.049400001764297485 0.017161035910248756
v 0.03702998906373978 0.049400001764297485 0.010536037385463715
v 0.03683798760175705 0.049400001764297485 0.010481037199497223
v 0.03702998906373978 0.049400001764297485 0.010536037385463715
v 0.03813699632883072 0.049400001764297485 0.003534038085490465
v 0.03813699632883072 0.049400001764297485 0.003534038085490465
v 0.03702998906373978 0.049400001764297485 0.010536037385463715
v 0.038335997611284256 0.049400001764297485 0.0035520384553819895
v 0.03813699632883072 0.049400001764297485 0.003534038085490465
v 0.038335997611284256 0.049400001764297485 0.0035520384553819895
v 0.038137003779411316 0.049400001764297485 -0.0035339617170393467
v 0.038137003779411316 0.049400001764297485 -0.0035339617170393467
v 0.038335997611284256 0.049400001764297485 0.0035520384553819895
v 0.03833600506186485 0.049400001764297485 -0.0035519616212695837
v 0.038137003779411316 0.049400001764297485 -0.0035339617170393467
v 0.03833600506186485 0.049400001764297485 -0.0035519616212695837
v 0.03703001141548157 0.049400001764297485 -0.010535962879657745
v 0.038137003779411316 0.049400001764297485 -0.0035339617170393467
v 0.03703001141548157 0.049400001764297485 -0.010535962879657745
v 0.03683800995349884 0.049400001764297485 -0.010480962693691254
v 0.03683800995349884 0.049400001764297485 -0.010480962693691254
v 0.03703001141548157 0.049400001764297485 -0.010535962879657745
v 0.034464020282030106 0.049400001764297485 -0.017160965129733086
v 0.03683800995349884 0.049400001764297485 -0.010480962693691254
v 0.034464020282030106 0.049400001764297485 -0.017160965129733086
v 0.03428502008318901 0.049400001764297485 -0.01707196608185768
v 0.03428502008318901 0.049400001764297485 -0.01707196608185768
v 0.034464020282030106 0.049400001764297485 -0.017160965129733086
v 0.030724022537469864 0.049400001764297485 -0.023200970143079758
v 0.03428502008318901 0.049400001764297485 -0.01707196608185768
v 0.030724022537469864 0.049400001764297485 -0.023200970143079758
v 0.030564023181796074 0.049400001764297485 -0.023080971091985703
v 0.030564023181796074 0.049400001764297485 -0.023080971091985703
v 0.030724022537469864 0.049400001764297485 -0.023200970143079758
v 0.025937028229236603 0.049400001764297485 -0.02845197357237339
v 0.030564023181796074 0.049400001764297485 -0.023080971091985703
v 0.025937028229236603 0.049400001764297485 -0.02845197357237339
v 0.02580302767455578 0.049400001764297485 -0.028303973376750946
v 0.02580302767455578 0.049400001764297485 -0.028303973376750946
v 0.025937028229236603 0.049400001764297485 -0.02845197357237339
v 0.0202680341899395 0.049400001764297485 -0.03273298218846321
v 0.02580302767455578 0.049400001764297485 -0.028303973376750946
v 0.0202680341899395 0.049400001764297485 -0.03273298218846321
v 0.020162031054496765 0.049400001764297485 -0.0325629822909832
v 0.020162031054496765 0.049400001764297485 -0.0325629822909832
v 0.0202680341899395 0.049400001764297485 -0.03273298218846321
v 0.013908036053180695 0.049400001764297485 -0.03589998558163643
v 0.020162031054496765 0.049400001764297485 -0.0325629822909832
v 0.013908036053180695 0.049400001764297485 -0.03589998558163643
v 0.013836035504937172 0.049400001764297485 -0.035713985562324524
v 0.013836035504937172 0.049400001764297485 -0.035713985562324524
v 0.013908036053180695 0.049400001764297485 -0.03589998558163643
v 0.007074037566781044 0.049400001764297485 -0.037843991070985794
v 0.013836035504937172 0.049400001764297485 -0.035713985562324524
v 0.007074037566781044 0.049400001764297485 -0.037843991070985794
v 0.00703803775832057 0.049400001764297485 -0.03764799237251282
v 0.00703803775832057 0.049400001764297485 -0.03764799237251282
v 0.007074037566781044 0.049400001764297485 -0.037843991070985794
v 3.8500001409147444e-8 0.049400001764297485 -0.03849999979138374
v 0.007074037566781044 -0.04415459185838699 -0.03781810775399208
v 0.00703803775832057 -0.04410259425640106 -0.037622109055519104
v 3.847411988999738e-8 -0.04433059319853783 -0.03847411647439003
v 3.847411988999738e-8 -0.04433059319853783 -0.03847411647439003
v 0.00703803775832057 -0.04410259425640106 -0.037622109055519104
v 3.827411987344931e-8 -0.04427759349346161 -0.038274116814136505
v 3.847411988999738e-8 -0.04433059319853783 -0.03847411647439003
v 3.827411987344931e-8 -0.04427759349346161 -0.038274116814136505
v -0.007037962321192026 -0.04410259425640106 -0.0376221239566803
v 0.00703803775832057 -0.04410259425640106 -0.037622109055519104
v 0.007074037566781044 -0.04415459185838699 -0.03781810775399208
v 0.013836035504937172 -0.04358459264039993 -0.03568810224533081
v 0.013836035504937172 -0.04358459264039993 -0.03568810224533081
v 0.007074037566781044 -0.04415459185838699 -0.03781810775399208
v 0.013908036053180695 -0.04363459348678589 -0.035874102264642715
v 0.013836035504937172 -0.04358459264039993 -0.03568810224533081
v 0.013908036053180695 -0.04363459348678589 -0.035874102264642715
v 0.020162031054496765 -0.042739592492580414 -0.03253709897398949
v 0.020162031054496765 -0.042739592492580414 -0.03253709897398949
v 0.013908036053180695 -0.04363459348678589 -0.035874102264642715
v 0.0202680341899395 -0.04278559237718582 -0.0327070988714695
v 0.020162031054496765 -0.042739592492580414 -0.03253709897398949
v 0.0202680341899395 -0.04278559237718582 -0.0327070988714695
v 0.02580302767455578 -0.041598591953516006 -0.028278091922402382
v 0.02580302767455578 -0.041598591953516006 -0.028278091922402382
v 0.0202680341899395 -0.04278559237718582 -0.0327070988714695
v 0.025937028229236603 -0.04163859412074089 -0.028426092118024826
v 0.02580302767455578 -0.041598591953516006 -0.028278091922402382
v 0.025937028229236603 -0.04163859412074089 -0.028426092118024826
v 0.030564023181796074 -0.04019959270954132 -0.02305508963763714
v 0.030564023181796074 -0.04019959270954132 -0.02305508963763714
v 0.025937028229236603 -0.04163859412074089 -0.028426092118024826
v 0.030724022537469864 -0.04023159295320511 -0.023175088688731194
v 0.030564023181796074 -0.04019959270954132 -0.02305508963763714
v 0.030724022537469864 -0.04023159295320511 -0.023175088688731194
v 0.03428502008318901 -0.038588594645261765 -0.017046084627509117
v 0.03428502008318901 -0.038588594645261765 -0.017046084627509117
v 0.030724022537469864 -0.04023159295320511 -0.023175088688731194
v 0.034464020282030106 -0.038612592965364456 -0.01713508367538452
v 0.03428502008318901 -0.038588594645261765 -0.017046084627509117
v 0.034464020282030106 -0.038612592965364456 -0.01713508367538452
v 0.03683800995349884 -0.03682359308004379 -0.01045508123934269
v 0.03683800995349884 -0.03682359308004379 -0.01045508123934269
v 0.034464020282030106 -0.038612592965364456 -0.01713508367538452
v 0.03703001141548157 -0.03683759272098541 -0.010510081425309181
v 0.03683800995349884 -0.03682359308004379 -0.01045508123934269
v 0.03703001141548157 -0.03683759272098541 -0.010510081425309181
v 0.038137003779411316 -0.03496159240603447 -0.0035080797970294952
v 0.038137003779411316 -0.03496159240603447 -0.0035080797970294952
v 0.03703001141548157 -0.03683759272098541 -0.010510081425309181
v 0.03833600506186485 -0.034966591745615005 -0.0035260797012597322
v 0.038137003779411316 -0.03496159240603447 -0.0035080797970294952
v 0.03833600506186485 -0.034966591745615005 -0.0035260797012597322
v 0.038335997611284256 -0.03306259214878082 0.003577920375391841
v 0.038137003779411316 -0.03496159240603447 -0.0035080797970294952
v 0.038335997611284256 -0.03306259214878082 0.003577920375391841
v 0.03813699632883072 -0.03306759148836136 0.0035599200055003166
v 0.03813699632883072 -0.03306759148836136 0.0035599200055003166
v 0.038335997611284256 -0.03306259214878082 0.003577920375391841
v 0.03702998906373978 -0.031191593036055565 0.010561918839812279
v 0.03813699632883072 -0.03306759148836136 0.0035599200055003166
v 0.03702998906373978 -0.031191593036055565 0.010561918839812279
v 0.03683798760175705 -0.031206592917442322 0.010506918653845787
v 0.03683798760175705 -0.031206592917442322 0.010506918653845787
v 0.03702998906373978 -0.031191593036055565 0.010561918839812279
v 0.03446398302912712 -0.02941659279167652 0.01718691736459732
v 0.03683798760175705 -0.031206592917442322 0.010506918653845787
v 0.03446398302912712 -0.02941659279167652 0.01718691736459732
v 0.034284982830286026 -0.029440592974424362 0.017097914591431618
v 0.034284982830286026 -0.029440592974424362 0.017097914591431618
v 0.03446398302912712 -0.02941659279167652 0.01718691736459732
v 0.030723977833986282 -0.02779759280383587 0.023226911202073097
v 0.034284982830286026 -0.029440592974424362 0.017097914591431618
v 0.030723977833986282 -0.02779759280383587 0.023226911202073097
v 0.030563978478312492 -0.027830593287944794 0.023106912150979042
v 0.030563978478312492 -0.027830593287944794 0.023106912150979042
v 0.030723977833986282 -0.02779759280383587 0.023226911202073097
v 0.025936972349882126 -0.026390593498945236 0.028477907180786133
v 0.030563978478312492 -0.027830593287944794 0.023106912150979042
v 0.025936972349882126 -0.026390593498945236 0.028477907180786133
v 0.0258029717952013 -0.02643059380352497 0.02832990698516369
v 0.0258029717952013 -0.02643059380352497 0.02832990698516369
v 0.025936972349882126 -0.026390593498945236 0.028477907180786133
v 0.020267967134714127 -0.025243593379855156 0.03275890275835991
v 0.0258029717952013 -0.02643059380352497 0.02832990698516369
v 0.020267967134714127 -0.025243593379855156 0.03275890275835991
v 0.02016196772456169 -0.025289593264460564 0.0325889028608799
v 0.02016196772456169 -0.025289593264460564 0.0325889028608799
v 0.020267967134714127 -0.025243593379855156 0.03275890275835991
v 0.013907963410019875 -0.024395592510700226 0.03592589870095253
v 0.02016196772456169 -0.025289593264460564 0.0325889028608799
v 0.013907963410019875 -0.024395592510700226 0.03592589870095253
v 0.013835964724421501 -0.02444559335708618 0.035739898681640625
v 0.013835964724421501 -0.02444559335708618 0.035739898681640625
v 0.013907963410019875 -0.024395592510700226 0.03592589870095253
v 0.0070739621296525 -0.023874593898653984 0.0378698892891407
v 0.013835964724421501 -0.02444559335708618 0.035739898681640625
v 0.0070739621296525 -0.023874593898653984 0.0378698892891407
v 0.007037962321192026 -0.023926593363285065 0.037673890590667725
v 0.007037962321192026 -0.023926593363285065 0.037673890590667725
v 0.0070739621296525 -0.023874593898653984 0.0378698892891407
v -3.8525882928297506e-8 -0.02369859255850315 0.03852588310837746
v 0.007037962321192026 -0.023926593363285065 0.037673890590667725
v -3.8525882928297506e-8 -0.02369859255850315 0.03852588310837746
v -3.832588291174943e-8 -0.023752592504024506 0.03832588344812393
v -3.832588291174943e-8 -0.023752592504024506 0.03832588344812393
v -3.8525882928297506e-8 -0.02369859255850315 0.03852588310837746
v -0.00703803775832057 -0.023926593363285065 0.03767387568950653
v -0.00703803775832057 -0.023926593363285065 0.03767387568950653
v -3.8525882928297506e-8 -0.02369859255850315 0.03852588310837746
v -0.007074037566781044 -0.023874593898653984 0.03786987438797951
v -0.00703803775832057 -0.023926593363285065 0.03767387568950653
v -0.007074037566781044 -0.023874593898653984 0.03786987438797951
v -0.013836035504937172 -0.02444559335708618 0.03573986887931824
v -0.013836035504937172 -0.02444559335708618 0.03573986887931824
v -0.007074037566781044 -0.023874593898653984 0.03786987438797951
v -0.013908036053180695 -0.024395592510700226 0.03592586889863014
v -0.013836035504937172 -0.02444559335708618 0.03573986887931824
v -0.013908036053180695 -0.024395592510700226 0.03592586889863014
v -0.020162031054496765 -0.025289593264460564 0.03258886560797691
v -0.020162031054496765 -0.025289593264460564 0.03258886560797691
v -0.013908036053180695 -0.024395592510700226 0.03592586889863014
v -0.0202680341899395 -0.025243593379855156 0.032758865505456924
v -0.020162031054496765 -0.025289593264460564 0.03258886560797691
v -0.0202680341899395 -0.025243593379855156 0.032758865505456924
v -0.02580302767455578 -0.02643059380352497 0.02832985483109951
v -0.02580302767455578 -0.02643059380352497 0.02832985483109951
v -0.0202680341899395 -0.025243593379855156 0.032758865505456924
v -0.025937028229236603 -0.026390593498945236 0.028477855026721954
v -0.02580302767455578 -0.02643059380352497 0.02832985483109951
v -0.025937028229236603 -0.026390593498945236 0.028477855026721954
v -0.030564023181796074 -0.027830593287944794 0.023106852546334267
v -0.030564023181796074 -0.027830593287944794 0.023106852546334267
v -0.025937028229236603 -0.026390593498945236 0.028477855026721954
v -0.030724022537469864 -0.02779759280383587 0.023226851597428322
v -0.030564023181796074 -0.027830593287944794 0.023106852546334267
v -0.030724022537469864 -0.02779759280383587 0.023226851597428322
v -0.03428502008318901 -0.029440592974424362 0.017097847536206245
v -0.03428502008318901 -0.029440592974424362 0.017097847536206245
v -0.030724022537469864 -0.02779759280383587 0.023226851597428322
v -0.034464020282030106 -0.02941659279167652 0.01718684658408165
v -0.03428502008318901 -0.029440592974424362 0.017097847536206245
v -0.034464020282030106 -0.02941659279167652 0.01718684658408165
v -0.03683800995349884 -0.031206592917442322 0.010506844148039818
v -0.03683800995349884 -0.031206592917442322 0.010506844148039818
v -0.034464020282030106 -0.02941659279167652 0.01718684658408165
v -0.03703001141548157 -0.031191593036055565 0.01056184433400631
v -0.03683800995349884 -0.031206592917442322 0.010506844148039818
v -0.03703001141548157 -0.031191593036055565 0.01056184433400631
v -0.038137003779411316 -0.03306759148836136 0.003559843637049198
v -0.038137003779411316 -0.03306759148836136 0.003559843637049198
v -0.03703001141548157 -0.031191593036055565 0.01056184433400631
v -0.03833600506186485 -0.03306259214878082 0.003577843541279435
v -0.038137003779411316 -0.03306759148836136 0.003559843637049198
v -0.03833600506186485 -0.03306259214878082 0.003577843541279435
v -0.038335997611284256 -0.034966591745615005 -0.003526156535372138
v -0.038137003779411316 -0.03306759148836136 0.003559843637049198
v -0.038335997611284256 -0.034966591745615005 -0.003526156535372138
v -0.03813699632883072 -0.03496159240603447 -0.0035081561654806137
v -0.03813699632883072 -0.03496159240603447 -0.0035081561654806137
v -0.038335997611284256 -0.034966591745615005 -0.003526156535372138
v -0.03702998906373978 -0.03683759272098541 -0.01051015593111515
v -0.03813699632883072 -0.03496159240603447 -0.0035081561654806137
v -0.03702998906373978 -0.03683759272098541 -0.01051015593111515
v -0.03683798760175705 -0.03682359308004379 -0.010455155745148659
v -0.03683798760175705 -0.03682359308004379 -0.010455155745148659
v -0.03702998906373978 -0.03683759272098541 -0.01051015593111515
v -0.03446398302912712 -0.038612592965364456 -0.017135154455900192
v -0.03683798760175705 -0.03682359308004379 -0.010455155745148659
v -0.03446398302912712 -0.038612592965364456 -0.017135154455900192
v -0.034284982830286026 -0.038588594645261765 -0.01704615168273449
v -0.034284982830286026 -0.038588594645261765 -0.01704615168273449
v -0.03446398302912712 -0.038612592965364456 -0.017135154455900192
v -0.030723977833986282 -0.04023159295320511 -0.02317514829337597
v -0.034284982830286026 -0.038588594645261765 -0.01704615168273449
v -0.030723977833986282 -0.04023159295320511 -0.02317514829337597
v -0.030563978478312492 -0.04019959270954132 -0.023055149242281914
v -0.030563978478312492 -0.04019959270954132 -0.023055149242281914
v -0.030723977833986282 -0.04023159295320511 -0.02317514829337597
v -0.025936972349882126 -0.04163859412074089 -0.028426144272089005
v -0.030563978478312492 -0.04019959270954132 -0.023055149242281914
v -0.025936972349882126 -0.04163859412074089 -0.028426144272089005
v -0.0258029717952013 -0.041598591953516006 -0.02827814407646656
v -0.0258029717952013 -0.041598591953516006 -0.02827814407646656
v -0.025936972349882126 -0.04163859412074089 -0.028426144272089005
v -0.020267967134714127 -0.04278559237718582 -0.03270713612437248
v -0.0258029717952013 -0.041598591953516006 -0.02827814407646656
v -0.020267967134714127 -0.04278559237718582 -0.03270713612437248
v -0.02016196772456169 -0.042739592492580414 -0.03253713622689247
v -0.02016196772456169 -0.042739592492580414 -0.03253713622689247
v -0.020267967134714127 -0.04278559237718582 -0.03270713612437248
v -0.013907963410019875 -0.04363459348678589 -0.0358741320669651
v -0.02016196772456169 -0.042739592492580414 -0.03253713622689247
v -0.013907963410019875 -0.04363459348678589 -0.0358741320669651
v -0.013835964724421501 -0.04358459264039993 -0.0356881320476532
v -0.013835964724421501 -0.04358459264039993 -0.0356881320476532
v -0.013907963410019875 -0.04363459348678589 -0.0358741320669651
v -0.0070739621296525 -0.04415459185838699 -0.037818122655153275
v -0.013835964724421501 -0.04358459264039993 -0.0356881320476532
v -0.0070739621296525 -0.04415459185838699 -0.037818122655153275
v -0.007037962321192026 -0.04410259425640106 -0.0376221239566803
v -0.007037962321192026 -0.04410259425640106 -0.0376221239566803
v -0.0070739621296525 -0.04415459185838699 -0.037818122655153275
v 3.847411988999738e-8 -0.04433059319853783 -0.03847411647439003
v 5.3000000832525984e-8 0.04360000044107437 -0.05299999937415123
v 6.329999990839497e-8 0.04360000044107437 -0.0632999986410141
v -0.007571311667561531 0.04293747991323471 -0.05300000682473183
v -0.007571311667561531 0.04293747991323471 -0.05300000682473183
v 6.329999990839497e-8 0.04360000044107437 -0.0632999986410141
v -0.00757130142301321 0.04293747991323471 -0.0633000060915947
v -0.007571311667561531 0.04293747991323471 -0.05300000682473183
v -0.00757130142301321 0.04293747991323471 -0.0633000060915947
v -0.014912138693034649 0.04097096994519234 -0.06330001354217529
v -0.007571311667561531 0.04293747991323471 -0.05300000682473183
v -0.014912138693034649 0.04097096994519234 -0.06330001354217529
v -0.01491214893758297 0.04097096994519234 -0.053000014275312424
v -0.01491214893758297 0.04097096994519234 -0.053000014275312424
v -0.014912138693034649 0.04097096994519234 -0.06330001354217529
v -0.021799936890602112 0.03775859996676445 -0.06330002099275589
v -0.01491214893758297 0.04097096994519234 -0.053000014275312424
v -0.021799936890602112 0.03775859996676445 -0.06330002099275589
v -0.021799948066473007 0.03775859996676445 -0.05300002172589302
v -0.021799948066473007 0.03775859996676445 -0.05300002172589302
v -0.021799936890602112 0.03775859996676445 -0.06330002099275589
v -0.02802521549165249 0.03339960426092148 -0.06330002844333649
v -0.021799948066473007 0.03775859996676445 -0.05300002172589302
v -0.02802521549165249 0.03339960426092148 -0.06330002844333649
v -0.028025226667523384 0.03339960426092148 -0.05300002917647362
v -0.028025226667523384 0.03339960426092148 -0.05300002917647362
v -0.02802521549165249 0.03339960426092148 -0.06330002844333649
v -0.033399540930986404 0.028025278821587563 -0.06330002844333649
v -0.028025226667523384 0.03339960426092148 -0.05300002917647362
v -0.033399540930986404 0.028025278821587563 -0.06330002844333649
v -0.0333995521068573 0.028025278821587563 -0.053000032901763916
v -0.0333995521068573 0.028025278821587563 -0.053000032901763916
v -0.033399540930986404 0.028025278821587563 -0.06330002844333649
v -0.037758536636829376 0.021800000220537186 -0.06330003589391708
v -0.0333995521068573 0.028025278821587563 -0.053000032901763916
v -0.037758536636829376 0.021800000220537186 -0.06330003589391708
v -0.03775854781270027 0.021800000220537186 -0.053000036627054214
v -0.03775854781270027 0.021800000220537186 -0.053000036627054214
v -0.037758536636829376 0.021800000220537186 -0.06330003589391708
v -0.04097090661525726 0.014912202022969723 -0.06330003589391708
v -0.03775854781270027 0.021800000220537186 -0.053000036627054214
v -0.04097090661525726 0.014912202022969723 -0.06330003589391708
v -0.04097091779112816 0.014912202022969723 -0.05300004035234451
v -0.04097091779112816 0.014912202022969723 -0.05300004035234451
v -0.04097090661525726 0.014912202022969723 -0.06330003589391708
v -0.04293741658329964 0.007571364752948284 -0.06330004334449768
v -0.04097091779112816 0.014912202022969723 -0.05300004035234451
v -0.04293741658329964 0.007571364752948284 -0.06330004334449768
v -0.04293742775917053 0.007571364752948284 -0.05300004035234451
v -0.04293742775917053 0.007571364752948284 -0.05300004035234451
v -0.04293741658329964 0.007571364752948284 -0.06330004334449768
v -0.0435999371111393 9.670042454487863e-18 -0.06330004334449768
v -0.04293742775917053 0.007571364752948284 -0.05300004035234451
v -0.0435999371111393 9.670042454487863e-18 -0.06330004334449768
v -0.04359994828701019 9.670042454487863e-18 -0.05300004407763481
v -0.04359994828701019 9.670042454487863e-18 -0.05300004407763481
v -0.0435999371111393 9.670042454487863e-18 -0.06330004334449768
v -0.04293741658329964 -0.007571364752948284 -0.06330004334449768
v -0.04359994828701019 9.670042454487863e-18 -0.05300004407763481
v -0.04293741658329964 -0.007571364752948284 -0.06330004334449768
v -0.04293742775917053 -0.007571364752948284 -0.05300004035234451
v -0.04293742775917053 -0.007571364752948284 -0.05300004035234451
v -0.04293741658329964 -0.007571364752948284 -0.06330004334449768
v -0.04097090661525726 -0.014912202022969723 -0.06330003589391708
v -0.04293742775917053 -0.007571364752948284 -0.05300004035234451
v -0.04097090661525726 -0.014912202022969723 -0.06330003589391708
v -0.04097091779112816 -0.014912202022969723 -0.05300004035234451
v -0.04097091779112816 -0.014912202022969723 -0.05300004035234451
v -0.04097090661525726 -0.014912202022969723 -0.06330003589391708
v -0.037758536636829376 -0.021800000220537186 -0.06330003589391708
v -0.04097091779112816 -0.014912202022969723 -0.05300004035234451
v -0.037758536636829376 -0.021800000220537186 -0.06330003589391708
v -0.03775854781270027 -0.021800000220537186 -0.053000036627054214
v -0.03775854781270027 -0.021800000220537186 -0.053000036627054214
v -0.037758536636829376 -0.021800000220537186 -0.06330003589391708
v -0.033399540930986404 -0.028025278821587563 -0.06330002844333649
v -0.03775854781270027 -0.021800000220537186 -0.053000036627054214
v -0.033399540930986404 -0.028025278821587563 -0.06330002844333649
v -0.0333995521068573 -0.028025278821587563 -0.053000032901763916
v -0.0333995521068573 -0.028025278821587563 -0.053000032901763916
v -0.033399540930986404 -0.028025278821587563 -0.06330002844333649
v -0.02802521549165249 -0.03339960426092148 -0.06330002844333649
v -0.0333995521068573 -0.028025278821587563 -0.053000032901763916
v -0.02802521549165249 -0.03339960426092148 -0.06330002844333649
v -0.028025226667523384 -0.03339960426092148 -0.05300002917647362
v -0.028025226667523384 -0.03339960426092148 -0.05300002917647362
v -0.02802521549165249 -0.03339960426092148 -0.06330002844333649
v -0.021799936890602112 -0.03775859996676445 -0.06330002099275589
v -0.028025226667523384 -0.03339960426092148 -0.05300002917647362
v -0.021799936890602112 -0.03775859996676445 -0.06330002099275589
v -0.021799948066473007 -0.03775859996676445 -0.05300002172589302
v -0.021799948066473007 -0.03775859996676445 -0.05300002172589302
v -0.021799936890602112 -0.03775859996676445 -0.06330002099275589
v -0.014912138693034649 -0.04097096994519234 -0.06330001354217529
v -0.021799948066473007 -0.03775859996676445 -0.05300002172589302
v -0.014912138693034649 -0.04097096994519234 -0.06330001354217529
v -0.01491214893758297 -0.04097096994519234 -0.053000014275312424
v -0.01491214893758297 -0.04097096994519234 -0.053000014275312424
v -0.014912138693034649 -0.04097096994519234 -0.06330001354217529
v -0.00757130142301321 -0.04293747991323471 -0.0633000060915947
v -0.01491214893758297 -0.04097096994519234 -0.053000014275312424
v -0.00757130142301321 -0.04293747991323471 -0.0633000060915947
v -0.007571311667561531 -0.04293747991323471 -0.05300000682473183
v -0.007571311667561531 -0.04293747991323471 -0.05300000682473183
v -0.00757130142301321 -0.04293747991323471 -0.0633000060915947
v 6.329999990839497e-8 -0.04360000044107437 -0.0632999986410141
v -0.007571311667561531 -0.04293747991323471 -0.05300000682473183
v 6.329999990839497e-8 -0.04360000044107437 -0.0632999986410141
v 5.3000000832525984e-8 -0.04360000044107437 -0.05299999937415123
v 0.007554063107818365 -0.04283899813890457 -0.06339999288320541
v 6.340000169302584e-8 -0.04349999874830246 -0.06340000033378601
v 6.340000169302584e-8 -0.04149999842047691 -0.06340000033378601
v 6.340000169302584e-8 -0.04149999842047691 -0.06340000033378601
v 6.340000169302584e-8 -0.04349999874830246 -0.06340000033378601
v -0.007553936447948217 -0.04283899813890457 -0.06340000778436661
v 6.340000169302584e-8 -0.04149999842047691 -0.06340000033378601
v -0.007553936447948217 -0.04283899813890457 -0.06340000778436661
v -0.007625936530530453 -0.040793001651763916 -0.06340000778436661
v -0.007625936530530453 -0.040793001651763916 -0.06340000778436661
v -0.007553936447948217 -0.04283899813890457 -0.06340000778436661
v -0.01487793680280447 -0.040876999497413635 -0.0634000152349472
v -0.007625936530530453 -0.040793001651763916 -0.06340000778436661
v -0.01487793680280447 -0.040876999497413635 -0.0634000152349472
v -0.014991936273872852 -0.038697998970746994 -0.0634000152349472
v -0.014991936273872852 -0.038697998970746994 -0.0634000152349472
v -0.01487793680280447 -0.040876999497413635 -0.0634000152349472
v -0.021749936044216156 -0.037671998143196106 -0.0634000226855278
v -0.014991936273872852 -0.038697998970746994 -0.0634000152349472
v -0.021749936044216156 -0.037671998143196106 -0.0634000226855278
v -0.021846937015652657 -0.035284001380205154 -0.0634000226855278
v -0.021846937015652657 -0.035284001380205154 -0.0634000226855278
v -0.021749936044216156 -0.037671998143196106 -0.0634000226855278
v -0.027960937470197678 -0.033323001116514206 -0.0634000301361084
v -0.021846937015652657 -0.035284001380205154 -0.0634000226855278
v -0.027960937470197678 -0.033323001116514206 -0.0634000301361084
v -0.027957936748862267 -0.03066899999976158 -0.0634000301361084
v -0.027957936748862267 -0.03066899999976158 -0.0634000301361084
v -0.027960937470197678 -0.033323001116514206 -0.0634000301361084
v -0.03332293778657913 -0.02796100080013275 -0.0634000301361084
v -0.027957936748862267 -0.03066899999976158 -0.0634000301361084
v -0.03332293778657913 -0.02796100080013275 -0.0634000301361084
v -0.03311793506145477 -0.025009000673890114 -0.0634000301361084
v -0.03311793506145477 -0.025009000673890114 -0.0634000301361084
v -0.03332293778657913 -0.02796100080013275 -0.0634000301361084
v -0.03767193481326103 -0.02174999937415123 -0.063400037586689
v -0.03311793506145477 -0.025009000673890114 -0.0634000301361084
v -0.03767193481326103 -0.02174999937415123 -0.063400037586689
v -0.037148937582969666 -0.018497999757528305 -0.063400037586689
v -0.037148937582969666 -0.018497999757528305 -0.063400037586689
v -0.03767193481326103 -0.02174999937415123 -0.063400037586689
v -0.04087693616747856 -0.014878000132739544 -0.063400037586689
v -0.037148937582969666 -0.018497999757528305 -0.063400037586689
v -0.04087693616747856 -0.014878000132739544 -0.063400037586689
v -0.039915937930345535 -0.011357000097632408 -0.063400037586689
v -0.039915937930345535 -0.011357000097632408 -0.063400037586689
v -0.04087693616747856 -0.014878000132739544 -0.063400037586689
v -0.0428389348089695 -0.007553999777883291 -0.06340004503726959
v -0.039915937930345535 -0.011357000097632408 -0.063400037586689
v -0.0428389348089695 -0.007553999777883291 -0.06340004503726959
v -0.04132293537259102 -0.003829000052064657 -0.06340004503726959
v -0.04132293537259102 -0.003829000052064657 -0.06340004503726959
v -0.0428389348089695 -0.007553999777883291 -0.06340004503726959
v -0.043499935418367386 9.658940036306176e-18 -0.06340004503726959
v -0.04132293537259102 -0.003829000052064657 -0.06340004503726959
v -0.043499935418367386 9.658940036306176e-18 -0.06340004503726959
v -0.04132293537259102 0.003829000052064657 -0.06340004503726959
v -0.04132293537259102 0.003829000052064657 -0.06340004503726959
v -0.043499935418367386 9.658940036306176e-18 -0.06340004503726959
v -0.0428389348089695 0.007553999777883291 -0.06340004503726959
v -0.04132293537259102 0.003829000052064657 -0.06340004503726959
v -0.0428389348089695 0.007553999777883291 -0.06340004503726959
v -0.039915937930345535 0.011357000097632408 -0.063400037586689
v -0.039915937930345535 0.011357000097632408 -0.063400037586689
v -0.0428389348089695 0.007553999777883291 -0.06340004503726959
v -0.04087693616747856 0.014878000132739544 -0.063400037586689
v -0.039915937930345535 0.011357000097632408 -0.063400037586689
v -0.04087693616747856 0.014878000132739544 -0.063400037586689
v -0.037148937582969666 0.018497999757528305 -0.063400037586689
v -0.037148937582969666 0.018497999757528305 -0.063400037586689
v -0.04087693616747856 0.014878000132739544 -0.063400037586689
v -0.03767193481326103 0.02174999937415123 -0.063400037586689
v -0.037148937582969666 0.018497999757528305 -0.063400037586689
v -0.03767193481326103 0.02174999937415123 -0.063400037586689
v -0.03311793506145477 0.025009000673890114 -0.0634000301361084
v -0.03311793506145477 0.025009000673890114 -0.0634000301361084
v -0.03767193481326103 0.02174999937415123 -0.063400037586689
v -0.03332293778657913 0.02796100080013275 -0.0634000301361084
v -0.03311793506145477 0.025009000673890114 -0.0634000301361084
v -0.03332293778657913 0.02796100080013275 -0.0634000301361084
v -0.027957936748862267 0.03066899999976158 -0.0634000301361084
v -0.027957936748862267 0.03066899999976158 -0.0634000301361084
v -0.03332293778657913 0.02796100080013275 -0.0634000301361084
v -0.027960937470197678 0.033323001116514206 -0.0634000301361084
v -0.027957936748862267 0.03066899999976158 -0.0634000301361084
v -0.027960937470197678 0.033323001116514206 -0.0634000301361084
v -0.021846937015652657 0.035284001380205154 -0.0634000226855278
v -0.021846937015652657 0.035284001380205154 -0.0634000226855278
v -0.027960937470197678 0.033323001116514206 -0.0634000301361084
v -0.021749936044216156 0.037671998143196106 -0.0634000226855278
v -0.021846937015652657 0.035284001380205154 -0.0634000226855278
v -0.021749936044216156 0.037671998143196106 -0.0634000226855278
v -0.014991936273872852 0.038697998970746994 -0.0634000152349472
v -0.014991936273872852 0.038697998970746994 -0.0634000152349472
v -0.021749936044216156 0.037671998143196106 -0.0634000226855278
v -0.01487793680280447 0.040876999497413635 -0.0634000152349472
v -0.014991936273872852 0.038697998970746994 -0.0634000152349472
v -0.01487793680280447 0.040876999497413635 -0.0634000152349472
v -0.007625936530530453 0.040793001651763916 -0.06340000778436661
v -0.007625936530530453 0.040793001651763916 -0.06340000778436661
v -0.01487793680280447 0.040876999497413635 -0.0634000152349472
v -0.007553936447948217 0.04283899813890457 -0.06340000778436661
v -0.007625936530530453 0.040793001651763916 -0.06340000778436661
v -0.007553936447948217 0.04283899813890457 -0.06340000778436661
v 6.340000169302584e-8 0.04149999842047691 -0.06340000033378601
v 6.340000169302584e-8 0.04149999842047691 -0.06340000033378601
v -0.007553936447948217 0.04283899813890457 -0.06340000778436661
v 6.340000169302584e-8 0.04349999874830246 -0.06340000033378601
v 6.340000169302584e-8 0.04149999842047691 -0.06340000033378601
v 6.340000169302584e-8 0.04349999874830246 -0.06340000033378601
v 0.007554063107818365 0.04283899813890457 -0.06339999288320541
v 6.340000169302584e-8 0.04149999842047691 -0.06340000033378601
v 0.007554063107818365 0.04283899813890457 -0.06339999288320541
v 0.0076260631904006 0.040793001651763916 -0.06339999288320541
v 0.0076260631904006 0.040793001651763916 -0.06339999288320541
v 0.007554063107818365 0.04283899813890457 -0.06339999288320541
v 0.014878063462674618 0.040876999497413635 -0.06339998543262482
v 0.0076260631904006 0.040793001651763916 -0.06339999288320541
v 0.014878063462674618 0.040876999497413635 -0.06339998543262482
v 0.014992062933743 0.038697998970746994 -0.06339998543262482
v 0.014992062933743 0.038697998970746994 -0.06339998543262482
v 0.014878063462674618 0.040876999497413635 -0.06339998543262482
v 0.021750062704086304 0.037671998143196106 -0.06339997798204422
v 0.014992062933743 0.038697998970746994 -0.06339998543262482
v 0.021750062704086304 0.037671998143196106 -0.06339997798204422
v 0.021847063675522804 0.035284001380205154 -0.06339997798204422
v 0.021847063675522804 0.035284001380205154 -0.06339997798204422
v 0.021750062704086304 0.037671998143196106 -0.06339997798204422
v 0.027961064130067825 0.033323001116514206 -0.06339997053146362
v 0.021847063675522804 0.035284001380205154 -0.06339997798204422
v 0.027961064130067825 0.033323001116514206 -0.06339997053146362
v 0.027958063408732414 0.03066899999976158 -0.06339997053146362
v 0.027958063408732414 0.03066899999976158 -0.06339997053146362
v 0.027961064130067825 0.033323001116514206 -0.06339997053146362
v 0.03332306444644928 0.02796100080013275 -0.06339997053146362
v 0.027958063408732414 0.03066899999976158 -0.06339997053146362
v 0.03332306444644928 0.02796100080013275 -0.06339997053146362
v 0.03311806172132492 0.025009000673890114 -0.06339997053146362
v 0.03311806172132492 0.025009000673890114 -0.06339997053146362
v 0.03332306444644928 0.02796100080013275 -0.06339997053146362
v 0.03767206147313118 0.02174999937415123 -0.06339996308088303
v 0.03311806172132492 0.025009000673890114 -0.06339997053146362
v 0.03767206147313118 0.02174999937415123 -0.06339996308088303
v 0.03714906424283981 0.018497999757528305 -0.06339996308088303
v 0.03714906424283981 0.018497999757528305 -0.06339996308088303
v 0.03767206147313118 0.02174999937415123 -0.06339996308088303
v 0.04087706282734871 0.014878000132739544 -0.06339996308088303
v 0.03714906424283981 0.018497999757528305 -0.06339996308088303
v 0.04087706282734871 0.014878000132739544 -0.06339996308088303
v 0.03991606459021568 0.011357000097632408 -0.06339996308088303
v 0.03991606459021568 0.011357000097632408 -0.06339996308088303
v 0.04087706282734871 0.014878000132739544 -0.06339996308088303
v 0.042839061468839645 0.007553999777883291 -0.06339995563030243
v 0.03991606459021568 0.011357000097632408 -0.06339996308088303
v 0.042839061468839645 0.007553999777883291 -0.06339995563030243
v 0.041323062032461166 0.003829000052064657 -0.06339995563030243
v 0.041323062032461166 0.003829000052064657 -0.06339995563030243
v 0.042839061468839645 0.007553999777883291 -0.06339995563030243
v 0.043500062078237534 -9.658940036306176e-18 -0.06339995563030243
v 0.041323062032461166 0.003829000052064657 -0.06339995563030243
v 0.043500062078237534 -9.658940036306176e-18 -0.06339995563030243
v 0.041323062032461166 -0.003829000052064657 -0.06339995563030243
v 0.041323062032461166 -0.003829000052064657 -0.06339995563030243
v 0.043500062078237534 -9.658940036306176e-18 -0.06339995563030243
v 0.042839061468839645 -0.007553999777883291 -0.06339995563030243
v 0.041323062032461166 -0.003829000052064657 -0.06339995563030243
v 0.042839061468839645 -0.007553999777883291 -0.06339995563030243
v 0.03991606459021568 -0.011357000097632408 -0.06339996308088303
v 0.03991606459021568 -0.011357000097632408 -0.06339996308088303
v 0.042839061468839645 -0.007553999777883291 -0.06339995563030243
v 0.04087706282734871 -0.014878000132739544 -0.06339996308088303
v 0.03991606459021568 -0.011357000097632408 -0.06339996308088303
v 0.04087706282734871 -0.014878000132739544 -0.06339996308088303
v 0.03714906424283981 -0.018497999757528305 -0.06339996308088303
v 0.03714906424283981 -0.018497999757528305 -0.06339996308088303
v 0.04087706282734871 -0.014878000132739544 -0.06339996308088303
v 0.03767206147313118 -0.02174999937415123 -0.06339996308088303
v 0.03714906424283981 -0.018497999757528305 -0.06339996308088303
v 0.03767206147313118 -0.02174999937415123 -0.06339996308088303
v 0.03311806172132492 -0.025009000673890114 -0.06339997053146362
v 0.03311806172132492 -0.025009000673890114 -0.06339997053146362
v 0.03767206147313118 -0.02174999937415123 -0.06339996308088303
v 0.03332306444644928 -0.02796100080013275 -0.06339997053146362
v 0.03311806172132492 -0.025009000673890114 -0.06339997053146362
v 0.03332306444644928 -0.02796100080013275 -0.06339997053146362
v 0.027958063408732414 -0.03066899999976158 -0.06339997053146362
v 0.027958063408732414 -0.03066899999976158 -0.06339997053146362
v 0.03332306444644928 -0.02796100080013275 -0.06339997053146362
v 0.027961064130067825 -0.033323001116514206 -0.06339997053146362
v 0.027958063408732414 -0.03066899999976158 -0.06339997053146362
v 0.027961064130067825 -0.033323001116514206 -0.06339997053146362
v 0.021847063675522804 -0.035284001380205154 -0.06339997798204422
v 0.021847063675522804 -0.035284001380205154 -0.06339997798204422
v 0.027961064130067825 -0.033323001116514206 -0.06339997053146362
v 0.021750062704086304 -0.037671998143196106 -0.06339997798204422
v 0.021847063675522804 -0.035284001380205154 -0.06339997798204422
v 0.021750062704086304 -0.037671998143196106 -0.06339997798204422
v 0.014992062933743 -0.038697998970746994 -0.06339998543262482
v 0.014992062933743 -0.038697998970746994 -0.06339998543262482
v 0.021750062704086304 -0.037671998143196106 -0.06339997798204422
v 0.014878063462674618 -0.040876999497413635 -0.06339998543262482
v 0.014992062933743 -0.038697998970746994 -0.06339998543262482
v 0.014878063462674618 -0.040876999497413635 -0.06339998543262482
v 0.0076260631904006 -0.040793001651763916 -0.06339999288320541
v 0.0076260631904006 -0.040793001651763916 -0.06339999288320541
v 0.014878063462674618 -0.040876999497413635 -0.06339998543262482
v 0.007554063107818365 -0.04283899813890457 -0.06339999288320541
v 0.0076260631904006 -0.040793001651763916 -0.06339999288320541
v 0.007554063107818365 -0.04283899813890457 -0.06339999288320541
v 6.340000169302584e-8 -0.04149999842047691 -0.06340000033378601
v -0.007073951885104179 0.03784399852156639 -0.0479000061750412
v -0.006890952121466398 0.03686099871993065 -0.0479000061750412
v 4.790000218690693e-8 0.03849999979138374 -0.0478999987244606
v 4.790000218690693e-8 0.03849999979138374 -0.0478999987244606
v -0.006890952121466398 0.03686099871993065 -0.0479000061750412
v 4.790000218690693e-8 0.03750000149011612 -0.0478999987244606
v 4.790000218690693e-8 0.03849999979138374 -0.0478999987244606
v 4.790000218690693e-8 0.03750000149011612 -0.0478999987244606
v 0.006891048047691584 0.03686099871993065 -0.047899991273880005
v -0.006890952121466398 0.03686099871993065 -0.0479000061750412
v -0.007073951885104179 0.03784399852156639 -0.0479000061750412
v -0.013546951115131378 0.034967999905347824 -0.047900013625621796
v -0.013546951115131378 0.034967999905347824 -0.047900013625621796
v -0.007073951885104179 0.03784399852156639 -0.0479000061750412
v -0.013907951302826405 0.03590000048279762 -0.047900013625621796
v -0.013546951115131378 0.034967999905347824 -0.047900013625621796
v -0.013907951302826405 0.03590000048279762 -0.047900013625621796
v -0.01974095217883587 0.03188300132751465 -0.047900017350912094
v -0.01974095217883587 0.03188300132751465 -0.047900017350912094
v -0.013907951302826405 0.03590000048279762 -0.047900013625621796
v -0.020267952233552933 0.0327330008149147 -0.047900017350912094
v -0.01974095217883587 0.03188300132751465 -0.047900017350912094
v -0.020267952233552933 0.0327330008149147 -0.047900017350912094
v -0.02526395209133625 0.027713000774383545 -0.04790002480149269
v -0.02526395209133625 0.027713000774383545 -0.04790002480149269
v -0.020267952233552933 0.0327330008149147 -0.047900017350912094
v -0.025936951860785484 0.02845199964940548 -0.04790002480149269
v -0.02526395209133625 0.027713000774383545 -0.04790002480149269
v -0.025936951860785484 0.02845199964940548 -0.04790002480149269
v -0.02992595173418522 0.022599000483751297 -0.04790002852678299
v -0.02992595173418522 0.022599000483751297 -0.04790002852678299
v -0.025936951860785484 0.02845199964940548 -0.04790002480149269
v -0.030723951756954193 0.023200999945402145 -0.04790002852678299
v -0.02992595173418522 0.022599000483751297 -0.04790002852678299
v -0.030723951756954193 0.023200999945402145 -0.04790002852678299
v -0.03356895223259926 0.016714999452233315 -0.04790003225207329
v -0.03356895223259926 0.016714999452233315 -0.04790003225207329
v -0.030723951756954193 0.023200999945402145 -0.04790002852678299
v -0.03446395322680473 0.01716100051999092 -0.04790003225207329
v -0.03356895223259926 0.016714999452233315 -0.04790003225207329
v -0.03446395322680473 0.01716100051999092 -0.04790003225207329
v -0.03606795147061348 0.010262000374495983 -0.047900035977363586
v -0.03606795147061348 0.010262000374495983 -0.047900035977363586
v -0.03446395322680473 0.01716100051999092 -0.04790003225207329
v -0.03702995181083679 0.01053600013256073 -0.047900035977363586
v -0.03606795147061348 0.010262000374495983 -0.047900035977363586
v -0.03702995181083679 0.01053600013256073 -0.047900035977363586
v -0.0373399518430233 0.0034600000362843275 -0.047900035977363586
v -0.0373399518430233 0.0034600000362843275 -0.047900035977363586
v -0.03702995181083679 0.01053600013256073 -0.047900035977363586
v -0.038335952907800674 0.0035520000383257866 -0.047900035977363586
v -0.0373399518430233 0.0034600000362843275 -0.047900035977363586
v -0.038335952907800674 0.0035520000383257866 -0.047900035977363586
v -0.038335952907800674 -0.0035520000383257866 -0.047900035977363586
v -0.0373399518430233 0.0034600000362843275 -0.047900035977363586
v -0.038335952907800674 -0.0035520000383257866 -0.047900035977363586
v -0.0373399518430233 -0.0034600000362843275 -0.047900035977363586
v -0.0373399518430233 -0.0034600000362843275 -0.047900035977363586
v -0.038335952907800674 -0.0035520000383257866 -0.047900035977363586
v -0.03702995181083679 -0.01053600013256073 -0.047900035977363586
v -0.0373399518430233 -0.0034600000362843275 -0.047900035977363586
v -0.03702995181083679 -0.01053600013256073 -0.047900035977363586
v -0.03606795147061348 -0.010262000374495983 -0.047900035977363586
v -0.03606795147061348 -0.010262000374495983 -0.047900035977363586
v -0.03702995181083679 -0.01053600013256073 -0.047900035977363586
v -0.03446395322680473 -0.01716100051999092 -0.04790003225207329
v -0.03606795147061348 -0.010262000374495983 -0.047900035977363586
v -0.03446395322680473 -0.01716100051999092 -0.04790003225207329
v -0.03356895223259926 -0.016714999452233315 -0.04790003225207329
v -0.03356895223259926 -0.016714999452233315 -0.04790003225207329
v -0.03446395322680473 -0.01716100051999092 -0.04790003225207329
v -0.030723951756954193 -0.023200999945402145 -0.04790002852678299
v -0.03356895223259926 -0.016714999452233315 -0.04790003225207329
v -0.030723951756954193 -0.023200999945402145 -0.04790002852678299
v -0.02992595173418522 -0.022599000483751297 -0.04790002852678299
v -0.02992595173418522 -0.022599000483751297 -0.04790002852678299
v -0.030723951756954193 -0.023200999945402145 -0.04790002852678299
v -0.025936951860785484 -0.02845199964940548 -0.04790002480149269
v -0.02992595173418522 -0.022599000483751297 -0.04790002852678299
v -0.025936951860785484 -0.02845199964940548 -0.04790002480149269
v -0.02526395209133625 -0.027713000774383545 -0.04790002480149269
v -0.02526395209133625 -0.027713000774383545 -0.04790002480149269
v -0.025936951860785484 -0.02845199964940548 -0.04790002480149269
v -0.020267952233552933 -0.0327330008149147 -0.047900017350912094
v -0.02526395209133625 -0.027713000774383545 -0.04790002480149269
v -0.020267952233552933 -0.0327330008149147 -0.047900017350912094
v -0.01974095217883587 -0.03188300132751465 -0.047900017350912094
v -0.01974095217883587 -0.03188300132751465 -0.047900017350912094
v -0.020267952233552933 -0.0327330008149147 -0.047900017350912094
v -0.013907951302826405 -0.03590000048279762 -0.047900013625621796
v -0.01974095217883587 -0.03188300132751465 -0.047900017350912094
v -0.013907951302826405 -0.03590000048279762 -0.047900013625621796
v -0.013546951115131378 -0.034967999905347824 -0.047900013625621796
v -0.013546951115131378 -0.034967999905347824 -0.047900013625621796
v -0.013907951302826405 -0.03590000048279762 -0.047900013625621796
v -0.007073951885104179 -0.03784399852156639 -0.0479000061750412
v -0.013546951115131378 -0.034967999905347824 -0.047900013625621796
v -0.007073951885104179 -0.03784399852156639 -0.0479000061750412
v -0.006890952121466398 -0.03686099871993065 -0.0479000061750412
v -0.006890952121466398 -0.03686099871993065 -0.0479000061750412
v -0.007073951885104179 -0.03784399852156639 -0.0479000061750412
v 4.790000218690693e-8 -0.03849999979138374 -0.0478999987244606
v -0.006890952121466398 -0.03686099871993065 -0.0479000061750412
v 4.790000218690693e-8 -0.03849999979138374 -0.0478999987244606
v 4.790000218690693e-8 -0.03750000149011612 -0.0478999987244606
v 4.790000218690693e-8 -0.03750000149011612 -0.0478999987244606
v 4.790000218690693e-8 -0.03849999979138374 -0.0478999987244606
v 0.006891048047691584 -0.03686099871993065 -0.047899991273880005
v 0.006891048047691584 -0.03686099871993065 -0.047899991273880005
v 4.790000218690693e-8 -0.03849999979138374 -0.0478999987244606
v 0.007074047811329365 -0.03784399852156639 -0.047899991273880005
v 0.006891048047691584 -0.03686099871993065 -0.047899991273880005
v 0.007074047811329365 -0.03784399852156639 -0.047899991273880005
v 0.013547047972679138 -0.034967999905347824 -0.04789998382329941
v 0.013547047972679138 -0.034967999905347824 -0.04789998382329941
v 0.007074047811329365 -0.03784399852156639 -0.047899991273880005
v 0.013908048160374165 -0.03590000048279762 -0.04789998382329941
v 0.013547047972679138 -0.034967999905347824 -0.04789998382329941
v 0.013908048160374165 -0.03590000048279762 -0.04789998382329941
v 0.01974104903638363 -0.03188300132751465 -0.04789998009800911
v 0.01974104903638363 -0.03188300132751465 -0.04789998009800911
v 0.013908048160374165 -0.03590000048279762 -0.04789998382329941
v 0.020268049091100693 -0.0327330008149147 -0.04789998009800911
v 0.01974104903638363 -0.03188300132751465 -0.04789998009800911
v 0.020268049091100693 -0.0327330008149147 -0.04789998009800911
v 0.02526404894888401 -0.027713000774383545 -0.04789997264742851
v 0.02526404894888401 -0.027713000774383545 -0.04789997264742851
v 0.020268049091100693 -0.0327330008149147 -0.04789998009800911
v 0.025937048718333244 -0.02845199964940548 -0.04789997264742851
v 0.02526404894888401 -0.027713000774383545 -0.04789997264742851
v 0.025937048718333244 -0.02845199964940548 -0.04789997264742851
v 0.02992604859173298 -0.022599000483751297 -0.047899968922138214
v 0.02992604859173298 -0.022599000483751297 -0.047899968922138214
v 0.025937048718333244 -0.02845199964940548 -0.04789997264742851
v 0.030724048614501953 -0.023200999945402145 -0.047899968922138214
v 0.02992604859173298 -0.022599000483751297 -0.047899968922138214
v 0.030724048614501953 -0.023200999945402145 -0.047899968922138214
v 0.03356904909014702 -0.016714999452233315 -0.047899965196847916
v 0.03356904909014702 -0.016714999452233315 -0.047899965196847916
v 0.030724048614501953 -0.023200999945402145 -0.047899968922138214
v 0.03446405008435249 -0.01716100051999092 -0.047899965196847916
v 0.03356904909014702 -0.016714999452233315 -0.047899965196847916
v 0.03446405008435249 -0.01716100051999092 -0.047899965196847916
v 0.03606804832816124 -0.010262000374495983 -0.04789996147155762
v 0.03606804832816124 -0.010262000374495983 -0.04789996147155762
v 0.03446405008435249 -0.01716100051999092 -0.047899965196847916
v 0.03703004866838455 -0.01053600013256073 -0.04789996147155762
v 0.03606804832816124 -0.010262000374495983 -0.04789996147155762
v 0.03703004866838455 -0.01053600013256073 -0.04789996147155762
v 0.03734004870057106 -0.0034600000362843275 -0.04789996147155762
v 0.03734004870057106 -0.0034600000362843275 -0.04789996147155762
v 0.03703004866838455 -0.01053600013256073 -0.04789996147155762
v 0.038336049765348434 -0.0035520000383257866 -0.04789996147155762
v 0.03734004870057106 -0.0034600000362843275 -0.04789996147155762
v 0.038336049765348434 -0.0035520000383257866 -0.04789996147155762
v 0.038336049765348434 0.0035520000383257866 -0.04789996147155762
v 0.03734004870057106 -0.0034600000362843275 -0.04789996147155762
v 0.038336049765348434 0.0035520000383257866 -0.04789996147155762
v 0.03734004870057106 0.0034600000362843275 -0.04789996147155762
v 0.03734004870057106 0.0034600000362843275 -0.04789996147155762
v 0.038336049765348434 0.0035520000383257866 -0.04789996147155762
v 0.03703004866838455 0.01053600013256073 -0.04789996147155762
v 0.03734004870057106 0.0034600000362843275 -0.04789996147155762
v 0.03703004866838455 0.01053600013256073 -0.04789996147155762
v 0.03606804832816124 0.010262000374495983 -0.04789996147155762
v 0.03606804832816124 0.010262000374495983 -0.04789996147155762
v 0.03703004866838455 0.01053600013256073 -0.04789996147155762
v 0.03446405008435249 0.01716100051999092 -0.047899965196847916
v 0.03606804832816124 0.010262000374495983 -0.04789996147155762
v 0.03446405008435249 0.01716100051999092 -0.047899965196847916
v 0.03356904909014702 0.016714999452233315 -0.047899965196847916
v 0.03356904909014702 0.016714999452233315 -0.047899965196847916
v 0.03446405008435249 0.01716100051999092 -0.047899965196847916
v 0.030724048614501953 0.023200999945402145 -0.047899968922138214
v 0.03356904909014702 0.016714999452233315 -0.047899965196847916
v 0.030724048614501953 0.023200999945402145 -0.047899968922138214
v 0.02992604859173298 0.022599000483751297 -0.047899968922138214
v 0.02992604859173298 0.022599000483751297 -0.047899968922138214
v 0.030724048614501953 0.023200999945402145 -0.047899968922138214
v 0.025937048718333244 0.02845199964940548 -0.04789997264742851
v 0.02992604859173298 0.022599000483751297 -0.047899968922138214
v 0.025937048718333244 0.02845199964940548 -0.04789997264742851
v 0.02526404894888401 0.027713000774383545 -0.04789997264742851
v 0.02526404894888401 0.027713000774383545 -0.04789997264742851
v 0.025937048718333244 0.02845199964940548 -0.04789997264742851
v 0.020268049091100693 0.0327330008149147 -0.04789998009800911
v 0.02526404894888401 0.027713000774383545 -0.04789997264742851
v 0.020268049091100693 0.0327330008149147 -0.04789998009800911
v 0.01974104903638363 0.03188300132751465 -0.04789998009800911
v 0.01974104903638363 0.03188300132751465 -0.04789998009800911
v 0.020268049091100693 0.0327330008149147 -0.04789998009800911
v 0.013908048160374165 0.03590000048279762 -0.04789998382329941
v 0.01974104903638363 0.03188300132751465 -0.04789998009800911
v 0.013908048160374165 0.03590000048279762 -0.04789998382329941
v 0.013547047972679138 0.034967999905347824 -0.04789998382329941
v 0.013547047972679138 0.034967999905347824 -0.04789998382329941
v 0.013908048160374165 0.03590000048279762 -0.04789998382329941
v 0.007074047811329365 0.03784399852156639 -0.047899991273880005
v 0.013547047972679138 0.034967999905347824 -0.04789998382329941
v 0.007074047811329365 0.03784399852156639 -0.047899991273880005
v 0.006891048047691584 0.03686099871993065 -0.047899991273880005
v 0.006891048047691584 0.03686099871993065 -0.047899991273880005
v 0.007074047811329365 0.03784399852156639 -0.047899991273880005
v 4.790000218690693e-8 0.03849999979138374 -0.0478999987244606
v 5.3000000832525984e-8 -0.04360000044107437 -0.05299999937415123
v 5.1424098757024694e-8 -0.043350107967853546 -0.05142409726977348
v -0.007571311667561531 -0.04293747991323471 -0.05300000682473183
v -0.007571311667561531 -0.04293747991323471 -0.05300000682473183
v 5.1424098757024694e-8 -0.043350107967853546 -0.05142409726977348
v -0.007729727309197187 -0.04259645938873291 -0.051255807280540466
v -0.007571311667561531 -0.04293747991323471 -0.05300000682473183
v -0.007729727309197187 -0.04259645938873291 -0.051255807280540466
v -0.01491214893758297 -0.04097096994519234 -0.053000014275312424
v -0.01491214893758297 -0.04097096994519234 -0.053000014275312424
v -0.007729727309197187 -0.04259645938873291 -0.051255807280540466
v -0.015211966820061207 -0.04053197801113129 -0.05125581473112106
v -0.01491214893758297 -0.04097096994519234 -0.053000014275312424
v -0.015211966820061207 -0.04053197801113129 -0.05125581473112106
v -0.021799948066473007 -0.03775859996676445 -0.05300002172589302
v -0.021799948066473007 -0.03775859996676445 -0.05300002172589302
v -0.015211966820061207 -0.04053197801113129 -0.05125581473112106
v -0.022204143926501274 -0.03716466575860977 -0.05125582218170166
v -0.021799948066473007 -0.03775859996676445 -0.05300002172589302
v -0.022204143926501274 -0.03716466575860977 -0.05125582218170166
v -0.028025226667523384 -0.03339960426092148 -0.05300002917647362
v -0.028025226667523384 -0.03339960426092148 -0.05300002917647362
v -0.022204143926501274 -0.03716466575860977 -0.05125582218170166
v -0.02848377451300621 -0.032602764666080475 -0.05125582963228226
v -0.028025226667523384 -0.03339960426092148 -0.05300002917647362
v -0.02848377451300621 -0.032602764666080475 -0.05125582963228226
v -0.0333995521068573 -0.028025278821587563 -0.053000032901763916
v -0.0333995521068573 -0.028025278821587563 -0.053000032901763916
v -0.02848377451300621 -0.032602764666080475 -0.05125582963228226
v -0.03384741395711899 -0.026992589235305786 -0.051255833357572556
v -0.0333995521068573 -0.028025278821587563 -0.053000032901763916
v -0.03384741395711899 -0.026992589235305786 -0.051255833357572556
v -0.03775854781270027 -0.021800000220537186 -0.053000036627054214
v -0.03775854781270027 -0.021800000220537186 -0.053000036627054214
v -0.03384741395711899 -0.026992589235305786 -0.051255833357572556
v -0.03812269866466522 -0.020514529198408127 -0.051255837082862854
v -0.03775854781270027 -0.021800000220537186 -0.053000036627054214
v -0.03812269866466522 -0.020514529198408127 -0.051255837082862854
v -0.04097091779112816 -0.014912202022969723 -0.05300004035234451
v -0.04097091779112816 -0.014912202022969723 -0.05300004035234451
v -0.03812269866466522 -0.020514529198408127 -0.051255837082862854
v -0.04117331653833389 -0.013378038071095943 -0.05125584080815315
v -0.04097091779112816 -0.014912202022969723 -0.05300004035234451
v -0.04117331653833389 -0.013378038071095943 -0.05125584080815315
v -0.04293742775917053 -0.007571364752948284 -0.05300004035234451
v -0.04293742775917053 -0.007571364752948284 -0.05300004035234451
v -0.04117331653833389 -0.013378038071095943 -0.05125584080815315
v -0.042901065200567245 -0.005811613984405994 -0.05125584080815315
v -0.04293742775917053 -0.007571364752948284 -0.05300004035234451
v -0.042901065200567245 -0.005811613984405994 -0.05125584080815315
v -0.04359994828701019 9.670042454487863e-18 -0.05300004407763481
v -0.04359994828701019 9.670042454487863e-18 -0.05300004407763481
v -0.042901065200567245 -0.005811613984405994 -0.05125584080815315
v -0.043248821049928665 0.0019422158366069198 -0.05125584453344345
v -0.04359994828701019 9.670042454487863e-18 -0.05300004407763481
v -0.043248821049928665 0.0019422158366069198 -0.05125584453344345
v -0.04293742775917053 0.007571364752948284 -0.05300004035234451
v -0.04293742775917053 0.007571364752948284 -0.05300004035234451
v -0.043248821049928665 0.0019422158366069198 -0.05125584453344345
v -0.04220655933022499 0.009633909910917282 -0.05125584080815315
v -0.04293742775917053 0.007571364752948284 -0.05300004035234451
v -0.04220655933022499 0.009633909910917282 -0.05125584080815315
v -0.04097091779112816 0.014912202022969723 -0.05300004035234451
v -0.04097091779112816 0.014912202022969723 -0.05300004035234451
v -0.04220655933022499 0.009633909910917282 -0.05125584080815315
v -0.039808355271816254 0.01701493188738823 -0.05125584080815315
v -0.04097091779112816 0.014912202022969723 -0.05300004035234451
v -0.039808355271816254 0.01701493188738823 -0.05125584080815315
v -0.03775854781270027 0.021800000220537186 -0.053000036627054214
v -0.03775854781270027 0.021800000220537186 -0.053000036627054214
v -0.039808355271816254 0.01701493188738823 -0.05125584080815315
v -0.03613037243485451 0.023849766701459885 -0.051255837082862854
v -0.03775854781270027 0.021800000220537186 -0.053000036627054214
v -0.03613037243485451 0.023849766701459885 -0.051255837082862854
v -0.0333995521068573 0.028025278821587563 -0.053000032901763916
v -0.0333995521068573 0.028025278821587563 -0.053000032901763916
v -0.03613037243485451 0.023849766701459885 -0.051255837082862854
v -0.03129186853766441 0.029917938634753227 -0.05125582963228226
v -0.0333995521068573 0.028025278821587563 -0.053000032901763916
v -0.03129186853766441 0.029917938634753227 -0.05125582963228226
v -0.028025226667523384 0.03339960426092148 -0.05300002917647362
v -0.028025226667523384 0.03339960426092148 -0.05300002917647362
v -0.03129186853766441 0.029917938634753227 -0.05125582963228226
v -0.025446180254220963 0.035024020820856094 -0.05125582590699196
v -0.028025226667523384 0.03339960426092148 -0.05300002917647362
v -0.025446180254220963 0.035024020820856094 -0.05125582590699196
v -0.021799948066473007 0.03775859996676445 -0.05300002172589302
v -0.021799948066473007 0.03775859996676445 -0.05300002172589302
v -0.025446180254220963 0.035024020820856094 -0.05125582590699196
v -0.018783720210194588 0.03900466486811638 -0.05125581845641136
v -0.021799948066473007 0.03775859996676445 -0.05300002172589302
v -0.018783720210194588 0.03900466486811638 -0.05125581845641136
v -0.01491214893758297 0.04097096994519234 -0.053000014275312424
v -0.01491214893758297 0.04097096994519234 -0.053000014275312424
v -0.018783720210194588 0.03900466486811638 -0.05125581845641136
v -0.011516948230564594 0.041732583194971085 -0.051255811005830765
v -0.01491214893758297 0.04097096994519234 -0.053000014275312424
v -0.011516948230564594 0.041732583194971085 -0.051255811005830765
v -0.007571311667561531 0.04293747991323471 -0.05300000682473183
v -0.007571311667561531 0.04293747991323471 -0.05300000682473183
v -0.011516948230564594 0.041732583194971085 -0.051255811005830765
v -0.0038803720381110907 0.043118588626384735 -0.05125580355525017
v -0.007571311667561531 0.04293747991323471 -0.05300000682473183
v -0.0038803720381110907 0.043118588626384735 -0.05125580355525017
v 5.3000000832525984e-8 0.04360000044107437 -0.05299999937415123
v 5.3000000832525984e-8 0.04360000044107437 -0.05299999937415123
v -0.0038803720381110907 0.043118588626384735 -0.05125580355525017
v 5.1424098757024694e-8 0.043350107967853546 -0.05142409726977348
v 5.1424098757024694e-8 0.043350107967853546 -0.05142409726977348
v -0.0038803720381110907 0.043118588626384735 -0.05125580355525017
v 5.000221747764044e-8 0.042625900357961655 -0.05000222101807594
v 5.000221747764044e-8 0.042625900357961655 -0.05000222101807594
v -0.0038803720381110907 0.043118588626384735 -0.05125580355525017
v -0.0038008170668035746 0.04223629832267761 -0.04972172528505325
v 5.000221747764044e-8 0.042625900357961655 -0.05000222101807594
v -0.0038008170668035746 0.04223629832267761 -0.04972172528505325
v 4.887409943421517e-8 0.04149777814745903 -0.04887409880757332
v 4.887409943421517e-8 0.04149777814745903 -0.04887409880757332
v -0.0038008170668035746 0.04223629832267761 -0.04972172528505325
v -0.00367943337187171 0.040884800255298615 -0.04858340322971344
v 4.887409943421517e-8 0.04149777814745903 -0.04887409880757332
v -0.00367943337187171 0.040884800255298615 -0.04858340322971344
v 4.814989651436008e-8 0.04007590189576149 -0.048149894922971725
v 4.814989651436008e-8 0.04007590189576149 -0.048149894922971725
v -0.00367943337187171 0.040884800255298615 -0.04858340322971344
v -0.00353050883859396 0.03922729566693306 -0.047977522015571594
v 4.814989651436008e-8 0.04007590189576149 -0.048149894922971725
v -0.00353050883859396 0.03922729566693306 -0.047977522015571594
v 4.790000218690693e-8 0.03849999979138374 -0.0478999987244606
v 4.790000218690693e-8 0.03849999979138374 -0.0478999987244606
v -0.00353050883859396 0.03922729566693306 -0.047977522015571594
v -0.007073951885104179 0.03784399852156639 -0.0479000061750412
v -0.007073951885104179 0.03784399852156639 -0.0479000061750412
v -0.00353050883859396 0.03922729566693306 -0.047977522015571594
v -0.010477570816874504 0.037966739386320114 -0.04797752946615219
v -0.007073951885104179 0.03784399852156639 -0.0479000061750412
v -0.010477570816874504 0.037966739386320114 -0.04797752946615219
v -0.013907951302826405 0.03590000048279762 -0.047900013625621796
v -0.013907951302826405 0.03590000048279762 -0.047900013625621796
v -0.010477570816874504 0.037966739386320114 -0.04797752946615219
v -0.01708848588168621 0.0354856476187706 -0.04797753691673279
v -0.013907951302826405 0.03590000048279762 -0.047900013625621796
v -0.01708848588168621 0.0354856476187706 -0.04797753691673279
v -0.020267952233552933 0.0327330008149147 -0.047900017350912094
v -0.020267952233552933 0.0327330008149147 -0.047900017350912094
v -0.01708848588168621 0.0354856476187706 -0.04797753691673279
v -0.023150159046053886 0.031864047050476074 -0.04797754064202309
v -0.020267952233552933 0.0327330008149147 -0.047900017350912094
v -0.023150159046053886 0.031864047050476074 -0.04797754064202309
v -0.025936951860785484 0.02845199964940548 -0.04790002480149269
v -0.025936951860785484 0.02845199964940548 -0.04790002480149269
v -0.023150159046053886 0.031864047050476074 -0.04797754064202309
v -0.02846750244498253 0.02721800096333027 -0.047977548092603683
v -0.025936951860785484 0.02845199964940548 -0.04790002480149269
v -0.02846750244498253 0.02721800096333027 -0.047977548092603683
v -0.030723951756954193 0.023200999945402145 -0.04790002852678299
v -0.030723951756954193 0.023200999945402145 -0.04790002852678299
v -0.02846750244498253 0.02721800096333027 -0.047977548092603683
v -0.03287044167518616 0.02169756591320038 -0.04797755181789398
v -0.030723951756954193 0.023200999945402145 -0.04790002852678299
v -0.03287044167518616 0.02169756591320038 -0.04797755181789398
v -0.03446395322680473 0.01716100051999092 -0.04790003225207329
v -0.03446395322680473 0.01716100051999092 -0.04790003225207329
v -0.03287044167518616 0.02169756591320038 -0.04797755181789398
v -0.03621592000126839 0.015479824505746365 -0.04797755554318428
v -0.03446395322680473 0.01716100051999092 -0.04790003225207329
v -0.03621592000126839 0.015479824505746365 -0.04797755554318428
v -0.03702995181083679 0.01053600013256073 -0.047900035977363586
v -0.03702995181083679 0.01053600013256073 -0.047900035977363586
v -0.03621592000126839 0.015479824505746365 -0.04797755554318428
v -0.03839787840843201 0.008763863705098629 -0.04797755554318428
v -0.03702995181083679 0.01053600013256073 -0.047900035977363586
v -0.03839787840843201 0.008763863705098629 -0.04797755554318428
v -0.038335952907800674 0.0035520000383257866 -0.047900035977363586
v -0.038335952907800674 0.0035520000383257866 -0.047900035977363586
v -0.03839787840843201 0.008763863705098629 -0.04797755554318428
v -0.039346300065517426 0.0017667789943516254 -0.04797755926847458
v -0.038335952907800674 0.0035520000383257866 -0.047900035977363586
v -0.039346300065517426 0.0017667789943516254 -0.04797755926847458
v -0.038335952907800674 -0.0035520000383257866 -0.047900035977363586
v -0.038335952907800674 -0.0035520000383257866 -0.047900035977363586
v -0.039346300065517426 0.0017667789943516254 -0.04797755926847458
v -0.039029158651828766 -0.005287331063300371 -0.04797755554318428
v -0.038335952907800674 -0.0035520000383257866 -0.047900035977363586
v -0.039029158651828766 -0.005287331063300371 -0.04797755554318428
v -0.03702995181083679 -0.01053600013256073 -0.047900035977363586
v -0.03702995181083679 -0.01053600013256073 -0.047900035977363586
v -0.039029158651828766 -0.005287331063300371 -0.04797755554318428
v -0.03745746612548828 -0.012170366011559963 -0.04797755554318428
v -0.03702995181083679 -0.01053600013256073 -0.047900035977363586
v -0.03745746612548828 -0.012170366011559963 -0.04797755554318428
v -0.03446395322680473 -0.01716100051999092 -0.04790003225207329
v -0.03446395322680473 -0.01716100051999092 -0.04790003225207329
v -0.03745746612548828 -0.012170366011559963 -0.04797755554318428
v -0.034682244062423706 -0.018663229420781136 -0.04797755181789398
v -0.03446395322680473 -0.01716100051999092 -0.04790003225207329
v -0.034682244062423706 -0.018663229420781136 -0.04797755181789398
v -0.030723951756954193 -0.023200999945402145 -0.04790002852678299
v -0.030723951756954193 -0.023200999945402145 -0.04790002852678299
v -0.034682244062423706 -0.018663229420781136 -0.04797755181789398
v -0.03079252876341343 -0.024556826800107956 -0.047977548092603683
v -0.030723951756954193 -0.023200999945402145 -0.04790002852678299
v -0.03079252876341343 -0.024556826800107956 -0.047977548092603683
v -0.025936951860785484 -0.02845199964940548 -0.04790002480149269
v -0.025936951860785484 -0.02845199964940548 -0.04790002480149269
v -0.03079252876341343 -0.024556826800107956 -0.047977548092603683
v -0.025913376361131668 -0.029660077765583992 -0.047977544367313385
v -0.025936951860785484 -0.02845199964940548 -0.04790002480149269
v -0.025913376361131668 -0.029660077765583992 -0.047977544367313385
v -0.020267952233552933 -0.0327330008149147 -0.047900017350912094
v -0.020267952233552933 -0.0327330008149147 -0.047900017350912094
v -0.025913376361131668 -0.029660077765583992 -0.047977544367313385
v -0.020200857892632484 -0.03381090983748436 -0.04797753691673279
v -0.020267952233552933 -0.0327330008149147 -0.047900017350912094
v -0.020200857892632484 -0.03381090983748436 -0.04797753691673279
v -0.013907951302826405 -0.03590000048279762 -0.047900013625621796
v -0.013907951302826405 -0.03590000048279762 -0.047900013625621796
v -0.020200857892632484 -0.03381090983748436 -0.04797753691673279
v -0.0138390539214015 -0.036874257028102875 -0.04797753319144249
v -0.013907951302826405 -0.03590000048279762 -0.047900013625621796
v -0.0138390539214015 -0.036874257028102875 -0.04797753319144249
v -0.007073951885104179 -0.03784399852156639 -0.0479000061750412
v -0.007073951885104179 -0.03784399852156639 -0.0479000061750412
v -0.0138390539214015 -0.036874257028102875 -0.04797753319144249
v -0.007032053079456091 -0.03875308483839035 -0.04797752574086189
v -0.007073951885104179 -0.03784399852156639 -0.0479000061750412
v -0.007032053079456091 -0.03875308483839035 -0.04797752574086189
v 4.790000218690693e-8 -0.03849999979138374 -0.0478999987244606
v 4.790000218690693e-8 -0.03849999979138374 -0.0478999987244606
v -0.007032053079456091 -0.03875308483839035 -0.04797752574086189
v 4.814989651436008e-8 -0.04007590189576149 -0.048149894922971725
v 4.814989651436008e-8 -0.04007590189576149 -0.048149894922971725
v -0.007032053079456091 -0.03875308483839035 -0.04797752574086189
v -0.007329879328608513 -0.040390197187662125 -0.04858340695500374
v 4.814989651436008e-8 -0.04007590189576149 -0.048149894922971725
v -0.007329879328608513 -0.040390197187662125 -0.04858340695500374
v 4.887409943421517e-8 -0.04149777814745903 -0.04887409880757332
v 4.887409943421517e-8 -0.04149777814745903 -0.04887409880757332
v -0.007329879328608513 -0.040390197187662125 -0.04858340695500374
v -0.0075716283172369 -0.04172537475824356 -0.04972172901034355
v 4.887409943421517e-8 -0.04149777814745903 -0.04887409880757332
v -0.0075716283172369 -0.04172537475824356 -0.04972172901034355
v 5.000221747764044e-8 -0.042625900357961655 -0.05000222101807594
v 5.000221747764044e-8 -0.042625900357961655 -0.05000222101807594
v -0.0075716283172369 -0.04172537475824356 -0.04972172901034355
v -0.007729727309197187 -0.04259645938873291 -0.051255807280540466
v 5.000221747764044e-8 -0.042625900357961655 -0.05000222101807594
v -0.007729727309197187 -0.04259645938873291 -0.051255807280540466
v 5.1424098757024694e-8 -0.043350107967853546 -0.05142409726977348
v -0.007329879328608513 -0.040390197187662125 -0.04858340695500374
v -0.007032053079456091 -0.03875308483839035 -0.04797752574086189
v -0.014423520304262638 -0.038432810455560684 -0.048583414405584335
v -0.014423520304262638 -0.038432810455560684 -0.048583414405584335
v -0.007032053079456091 -0.03875308483839035 -0.04797752574086189
v -0.0138390539214015 -0.036874257028102875 -0.04797753319144249
v -0.014423520304262638 -0.038432810455560684 -0.048583414405584335
v -0.0138390539214015 -0.036874257028102875 -0.04797753319144249
v -0.021054595708847046 -0.03523892164230347 -0.04858342185616493
v -0.021054595708847046 -0.03523892164230347 -0.04858342185616493
v -0.0138390539214015 -0.036874257028102875 -0.04797753319144249
v -0.020200857892632484 -0.03381090983748436 -0.04797753691673279
v -0.021054595708847046 -0.03523892164230347 -0.04858342185616493
v -0.020200857892632484 -0.03381090983748436 -0.04797753691673279
v -0.027007848024368286 -0.03091365285217762 -0.04858342558145523
v -0.027007848024368286 -0.03091365285217762 -0.04858342558145523
v -0.020200857892632484 -0.03381090983748436 -0.04797753691673279
v -0.025913376361131668 -0.029660077765583992 -0.047977544367313385
v -0.027007848024368286 -0.03091365285217762 -0.04858342558145523
v -0.025913376361131668 -0.029660077765583992 -0.047977544367313385
v -0.03209404647350311 -0.02559417486190796 -0.04858343303203583
v -0.03209404647350311 -0.02559417486190796 -0.04858343303203583
v -0.025913376361131668 -0.029660077765583992 -0.047977544367313385
v -0.03079252876341343 -0.024556826800107956 -0.047977548092603683
v -0.03209404647350311 -0.02559417486190796 -0.04858343303203583
v -0.03079252876341343 -0.024556826800107956 -0.047977548092603683
v -0.03614798188209534 -0.019452692940831184 -0.048583436757326126
v -0.03614798188209534 -0.019452692940831184 -0.048583436757326126
v -0.03079252876341343 -0.024556826800107956 -0.047977548092603683
v -0.034682244062423706 -0.018663229420781136 -0.04797755181789398
v -0.03614798188209534 -0.019452692940831184 -0.048583436757326126
v -0.034682244062423706 -0.018663229420781136 -0.04797755181789398
v -0.03904050588607788 -0.012685450725257397 -0.048583436757326126
v -0.03904050588607788 -0.012685450725257397 -0.048583436757326126
v -0.034682244062423706 -0.018663229420781136 -0.04797755181789398
v -0.03745746612548828 -0.012170366011559963 -0.04797755554318428
v -0.03904050588607788 -0.012685450725257397 -0.048583436757326126
v -0.03745746612548828 -0.012170366011559963 -0.04797755554318428
v -0.04067849740386009 -0.0055107115767896175 -0.048583440482616425
v -0.04067849740386009 -0.0055107115767896175 -0.048583440482616425
v -0.03745746612548828 -0.012170366011559963 -0.04797755554318428
v -0.039029158651828766 -0.005287331063300371 -0.04797755554318428
v -0.04067849740386009 -0.0055107115767896175 -0.048583440482616425
v -0.039029158651828766 -0.005287331063300371 -0.04797755554318428
v -0.041008900851011276 0.0018412432400509715 -0.048583440482616425
v -0.041008900851011276 0.0018412432400509715 -0.048583440482616425
v -0.039029158651828766 -0.005287331063300371 -0.04797755554318428
v -0.039346300065517426 0.0017667789943516254 -0.04797755926847458
v -0.041008900851011276 0.0018412432400509715 -0.048583440482616425
v -0.039346300065517426 0.0017667789943516254 -0.04797755926847458
v -0.04002069681882858 0.009134126827120781 -0.048583440482616425
v -0.04002069681882858 0.009134126827120781 -0.048583440482616425
v -0.039346300065517426 0.0017667789943516254 -0.04797755926847458
v -0.03839787840843201 0.008763863705098629 -0.04797755554318428
v -0.04002069681882858 0.009134126827120781 -0.048583440482616425
v -0.03839787840843201 0.008763863705098629 -0.04797755554318428
v -0.03774692863225937 0.01613365113735199 -0.048583436757326126
v -0.03774692863225937 0.01613365113735199 -0.048583436757326126
v -0.03839787840843201 0.008763863705098629 -0.04797755554318428
v -0.03621592000126839 0.015479824505746365 -0.04797755554318428
v -0.03774692863225937 0.01613365113735199 -0.048583436757326126
v -0.03621592000126839 0.015479824505746365 -0.04797755554318428
v -0.034259676933288574 0.02261454425752163 -0.04858343303203583
v -0.034259676933288574 0.02261454425752163 -0.04858343303203583
v -0.03621592000126839 0.015479824505746365 -0.04797755554318428
v -0.03287044167518616 0.02169756591320038 -0.04797755181789398
v -0.034259676933288574 0.02261454425752163 -0.04858343303203583
v -0.03287044167518616 0.02169756591320038 -0.04797755181789398
v -0.029671089723706245 0.028368553146719933 -0.04858342930674553
v -0.029671089723706245 0.028368553146719933 -0.04858342930674553
v -0.03287044167518616 0.02169756591320038 -0.04797755181789398
v -0.02846750244498253 0.02721800096333027 -0.047977548092603683
v -0.029671089723706245 0.028368553146719933 -0.04858342930674553
v -0.02846750244498253 0.02721800096333027 -0.047977548092603683
v -0.024128340184688568 0.033210448920726776 -0.04858342185616493
v -0.024128340184688568 0.033210448920726776 -0.04858342185616493
v -0.02846750244498253 0.02721800096333027 -0.047977548092603683
v -0.023150159046053886 0.031864047050476074 -0.04797754064202309
v -0.024128340184688568 0.033210448920726776 -0.04858342185616493
v -0.023150159046053886 0.031864047050476074 -0.04797754064202309
v -0.017810646444559097 0.03698505088686943 -0.048583418130874634
v -0.017810646444559097 0.03698505088686943 -0.048583418130874634
v -0.023150159046053886 0.031864047050476074 -0.04797754064202309
v -0.01708848588168621 0.0354856476187706 -0.04797753691673279
v -0.017810646444559097 0.03698505088686943 -0.048583418130874634
v -0.01708848588168621 0.0354856476187706 -0.04797753691673279
v -0.010921253822743893 0.039570197463035583 -0.04858341068029404
v -0.010921253822743893 0.039570197463035583 -0.04858341068029404
v -0.01708848588168621 0.0354856476187706 -0.04797753691673279
v -0.010477570816874504 0.037966739386320114 -0.04797752946615219
v -0.010921253822743893 0.039570197463035583 -0.04858341068029404
v -0.010477570816874504 0.037966739386320114 -0.04797752946615219
v -0.00367943337187171 0.040884800255298615 -0.04858340322971344
v -0.00367943337187171 0.040884800255298615 -0.04858340322971344
v -0.010477570816874504 0.037966739386320114 -0.04797752946615219
v -0.00353050883859396 0.03922729566693306 -0.047977522015571594
v -0.015211966820061207 -0.04053197801113129 -0.05125581473112106
v -0.007729727309197187 -0.04259645938873291 -0.051255807280540466
v -0.0075716283172369 -0.04172537475824356 -0.04972172901034355
v -0.0075716283172369 -0.04172537475824356 -0.04972172901034355
v -0.007329879328608513 -0.040390197187662125 -0.04858340695500374
v -0.014900867827236652 -0.03970272094011307 -0.04972173646092415
v -0.014900867827236652 -0.03970272094011307 -0.04972173646092415
v -0.007329879328608513 -0.040390197187662125 -0.04858340695500374
v -0.014423520304262638 -0.038432810455560684 -0.048583414405584335
v -0.014900867827236652 -0.03970272094011307 -0.04972173646092415
v -0.014423520304262638 -0.038432810455560684 -0.048583414405584335
v -0.02175023965537548 -0.03640376403927803 -0.049721743911504745
v -0.02175023965537548 -0.03640376403927803 -0.049721743911504745
v -0.014423520304262638 -0.038432810455560684 -0.048583414405584335
v -0.021054595708847046 -0.03523892164230347 -0.04858342185616493
v -0.02175023965537548 -0.03640376403927803 -0.049721743911504745
v -0.021054595708847046 -0.03523892164230347 -0.04858342185616493
v -0.02790135145187378 -0.031935688108205795 -0.049721747636795044
v -0.02790135145187378 -0.031935688108205795 -0.049721747636795044
v -0.021054595708847046 -0.03523892164230347 -0.04858342185616493
v -0.027007848024368286 -0.03091365285217762 -0.04858342558145523
v -0.02790135145187378 -0.031935688108205795 -0.049721747636795044
v -0.027007848024368286 -0.03091365285217762 -0.04858342558145523
v -0.033154841512441635 -0.026439761742949486 -0.04972175508737564
v -0.033154841512441635 -0.026439761742949486 -0.04972175508737564
v -0.027007848024368286 -0.03091365285217762 -0.04858342558145523
v -0.03209404647350311 -0.02559417486190796 -0.04858343303203583
v -0.033154841512441635 -0.026439761742949486 -0.04972175508737564
v -0.03209404647350311 -0.02559417486190796 -0.04858343303203583
v -0.03734340891242027 -0.020095301792025566 -0.04972175881266594
v -0.03734340891242027 -0.020095301792025566 -0.04972175881266594
v -0.03209404647350311 -0.02559417486190796 -0.04858343303203583
v -0.03614798188209534 -0.019452692940831184 -0.048583436757326126
v -0.03734340891242027 -0.020095301792025566 -0.04972175881266594
v -0.03614798188209534 -0.019452692940831184 -0.048583436757326126
v -0.040330808609724045 -0.01310467254370451 -0.04972176253795624
v -0.040330808609724045 -0.01310467254370451 -0.04972176253795624
v -0.03614798188209534 -0.019452692940831184 -0.048583436757326126
v -0.03904050588607788 -0.012685450725257397 -0.048583436757326126
v -0.040330808609724045 -0.01310467254370451 -0.04972176253795624
v -0.03904050588607788 -0.012685450725257397 -0.048583436757326126
v -0.042022861540317535 -0.0056922826915979385 -0.04972176253795624
v -0.042022861540317535 -0.0056922826915979385 -0.04972176253795624
v -0.03904050588607788 -0.012685450725257397 -0.048583436757326126
v -0.04067849740386009 -0.0055107115767896175 -0.048583440482616425
v -0.042022861540317535 -0.0056922826915979385 -0.04972176253795624
v -0.04067849740386009 -0.0055107115767896175 -0.048583440482616425
v -0.04236448183655739 0.001902436837553978 -0.04972176253795624
v -0.04236448183655739 0.001902436837553978 -0.04972176253795624
v -0.04067849740386009 -0.0055107115767896175 -0.048583440482616425
v -0.041008900851011276 0.0018412432400509715 -0.048583440482616425
v -0.04236448183655739 0.001902436837553978 -0.04972176253795624
v -0.041008900851011276 0.0018412432400509715 -0.048583440482616425
v -0.04134363681077957 0.00943604577332735 -0.04972176253795624
v -0.04134363681077957 0.00943604577332735 -0.04972176253795624
v -0.041008900851011276 0.0018412432400509715 -0.048583440482616425
v -0.04002069681882858 0.009134126827120781 -0.048583440482616425
v -0.04134363681077957 0.00943604577332735 -0.04972176253795624
v -0.04002069681882858 0.009134126827120781 -0.048583440482616425
v -0.03899439424276352 0.016667107120156288 -0.04972175881266594
v -0.03899439424276352 0.016667107120156288 -0.04972175881266594
v -0.04002069681882858 0.009134126827120781 -0.048583440482616425
v -0.03774692863225937 0.01613365113735199 -0.048583436757326126
v -0.03899439424276352 0.016667107120156288 -0.04972175881266594
v -0.03774692863225937 0.01613365113735199 -0.048583436757326126
v -0.03539188578724861 0.02336220256984234 -0.04972175508737564
v -0.03539188578724861 0.02336220256984234 -0.04972175508737564
v -0.03774692863225937 0.01613365113735199 -0.048583436757326126
v -0.034259676933288574 0.02261454425752163 -0.04858343303203583
v -0.03539188578724861 0.02336220256984234 -0.04972175508737564
v -0.034259676933288574 0.02261454425752163 -0.04858343303203583
v -0.030651317909359932 0.029305938631296158 -0.04972175136208534
v -0.030651317909359932 0.029305938631296158 -0.04972175136208534
v -0.034259676933288574 0.02261454425752163 -0.04858343303203583
v -0.029671089723706245 0.028368553146719933 -0.04858342930674553
v -0.030651317909359932 0.029305938631296158 -0.04972175136208534
v -0.029671089723706245 0.028368553146719933 -0.04858342930674553
v -0.024925976991653442 0.03430797532200813 -0.049721747636795044
v -0.024925976991653442 0.03430797532200813 -0.049721747636795044
v -0.029671089723706245 0.028368553146719933 -0.04858342930674553
v -0.024128340184688568 0.033210448920726776 -0.04858342185616493
v -0.024925976991653442 0.03430797532200813 -0.049721747636795044
v -0.024128340184688568 0.033210448920726776 -0.04858342185616493
v -0.018399186432361603 0.03820701688528061 -0.04972174018621445
v -0.018399186432361603 0.03820701688528061 -0.04972174018621445
v -0.024128340184688568 0.033210448920726776 -0.04858342185616493
v -0.017810646444559097 0.03698505088686943 -0.048583418130874634
v -0.018399186432361603 0.03820701688528061 -0.04972174018621445
v -0.017810646444559097 0.03698505088686943 -0.048583418130874634
v -0.011281331069767475 0.040878843516111374 -0.04972173273563385
v -0.011281331069767475 0.040878843516111374 -0.04972173273563385
v -0.017810646444559097 0.03698505088686943 -0.048583418130874634
v -0.010921253822743893 0.039570197463035583 -0.04858341068029404
v -0.011281331069767475 0.040878843516111374 -0.04972173273563385
v -0.010921253822743893 0.039570197463035583 -0.04858341068029404
v -0.0038008170668035746 0.04223629832267761 -0.04972172528505325
v -0.0038008170668035746 0.04223629832267761 -0.04972172528505325
v -0.010921253822743893 0.039570197463035583 -0.04858341068029404
v -0.00367943337187171 0.040884800255298615 -0.04858340322971344
v -0.022204143926501274 -0.03716466575860977 -0.05125582218170166
v -0.015211966820061207 -0.04053197801113129 -0.05125581473112106
v -0.014900867827236652 -0.03970272094011307 -0.04972173646092415
v -0.014900867827236652 -0.03970272094011307 -0.04972173646092415
v -0.015211966820061207 -0.04053197801113129 -0.05125581473112106
v -0.0075716283172369 -0.04172537475824356 -0.04972172901034355
v -0.022204143926501274 -0.03716466575860977 -0.05125582218170166
v -0.014900867827236652 -0.03970272094011307 -0.04972173646092415
v -0.02175023965537548 -0.03640376403927803 -0.049721743911504745
v -0.02848377451300621 -0.032602764666080475 -0.05125582963228226
v -0.022204143926501274 -0.03716466575860977 -0.05125582218170166
v -0.02175023965537548 -0.03640376403927803 -0.049721743911504745
v -0.02848377451300621 -0.032602764666080475 -0.05125582963228226
v -0.02175023965537548 -0.03640376403927803 -0.049721743911504745
v -0.02790135145187378 -0.031935688108205795 -0.049721747636795044
v -0.03384741395711899 -0.026992589235305786 -0.051255833357572556
v -0.02848377451300621 -0.032602764666080475 -0.05125582963228226
v -0.02790135145187378 -0.031935688108205795 -0.049721747636795044
v -0.03384741395711899 -0.026992589235305786 -0.051255833357572556
v -0.02790135145187378 -0.031935688108205795 -0.049721747636795044
v -0.033154841512441635 -0.026439761742949486 -0.04972175508737564
v -0.03812269866466522 -0.020514529198408127 -0.051255837082862854
v -0.03384741395711899 -0.026992589235305786 -0.051255833357572556
v -0.033154841512441635 -0.026439761742949486 -0.04972175508737564
v -0.03812269866466522 -0.020514529198408127 -0.051255837082862854
v -0.033154841512441635 -0.026439761742949486 -0.04972175508737564
v -0.03734340891242027 -0.020095301792025566 -0.04972175881266594
v -0.04117331653833389 -0.013378038071095943 -0.05125584080815315
v -0.03812269866466522 -0.020514529198408127 -0.051255837082862854
v -0.03734340891242027 -0.020095301792025566 -0.04972175881266594
v -0.04117331653833389 -0.013378038071095943 -0.05125584080815315
v -0.03734340891242027 -0.020095301792025566 -0.04972175881266594
v -0.040330808609724045 -0.01310467254370451 -0.04972176253795624
v -0.042901065200567245 -0.005811613984405994 -0.05125584080815315
v -0.04117331653833389 -0.013378038071095943 -0.05125584080815315
v -0.040330808609724045 -0.01310467254370451 -0.04972176253795624
v -0.042901065200567245 -0.005811613984405994 -0.05125584080815315
v -0.040330808609724045 -0.01310467254370451 -0.04972176253795624
v -0.042022861540317535 -0.0056922826915979385 -0.04972176253795624
v -0.043248821049928665 0.0019422158366069198 -0.05125584453344345
v -0.042901065200567245 -0.005811613984405994 -0.05125584080815315
v -0.042022861540317535 -0.0056922826915979385 -0.04972176253795624
v -0.043248821049928665 0.0019422158366069198 -0.05125584453344345
v -0.042022861540317535 -0.0056922826915979385 -0.04972176253795624
v -0.04236448183655739 0.001902436837553978 -0.04972176253795624
v -0.04220655933022499 0.009633909910917282 -0.05125584080815315
v -0.043248821049928665 0.0019422158366069198 -0.05125584453344345
v -0.04236448183655739 0.001902436837553978 -0.04972176253795624
v -0.04220655933022499 0.009633909910917282 -0.05125584080815315
v -0.04236448183655739 0.001902436837553978 -0.04972176253795624
v -0.04134363681077957 0.00943604577332735 -0.04972176253795624
v -0.039808355271816254 0.01701493188738823 -0.05125584080815315
v -0.04220655933022499 0.009633909910917282 -0.05125584080815315
v -0.04134363681077957 0.00943604577332735 -0.04972176253795624
v -0.039808355271816254 0.01701493188738823 -0.05125584080815315
v -0.04134363681077957 0.00943604577332735 -0.04972176253795624
v -0.03899439424276352 0.016667107120156288 -0.04972175881266594
v -0.03613037243485451 0.023849766701459885 -0.051255837082862854
v -0.039808355271816254 0.01701493188738823 -0.05125584080815315
v -0.03899439424276352 0.016667107120156288 -0.04972175881266594
v -0.03613037243485451 0.023849766701459885 -0.051255837082862854
v -0.03899439424276352 0.016667107120156288 -0.04972175881266594
v -0.03539188578724861 0.02336220256984234 -0.04972175508737564
v -0.03129186853766441 0.029917938634753227 -0.05125582963228226
v -0.03613037243485451 0.023849766701459885 -0.051255837082862854
v -0.03539188578724861 0.02336220256984234 -0.04972175508737564
v -0.03129186853766441 0.029917938634753227 -0.05125582963228226
v -0.03539188578724861 0.02336220256984234 -0.04972175508737564
v -0.030651317909359932 0.029305938631296158 -0.04972175136208534
v -0.025446180254220963 0.035024020820856094 -0.05125582590699196
v -0.03129186853766441 0.029917938634753227 -0.05125582963228226
v -0.030651317909359932 0.029305938631296158 -0.04972175136208534
v -0.025446180254220963 0.035024020820856094 -0.05125582590699196
v -0.030651317909359932 0.029305938631296158 -0.04972175136208534
v -0.024925976991653442 0.03430797532200813 -0.049721747636795044
v -0.018783720210194588 0.03900466486811638 -0.05125581845641136
v -0.025446180254220963 0.035024020820856094 -0.05125582590699196
v -0.024925976991653442 0.03430797532200813 -0.049721747636795044
v -0.018783720210194588 0.03900466486811638 -0.05125581845641136
v -0.024925976991653442 0.03430797532200813 -0.049721747636795044
v -0.018399186432361603 0.03820701688528061 -0.04972174018621445
v -0.011516948230564594 0.041732583194971085 -0.051255811005830765
v -0.018783720210194588 0.03900466486811638 -0.05125581845641136
v -0.018399186432361603 0.03820701688528061 -0.04972174018621445
v -0.011516948230564594 0.041732583194971085 -0.051255811005830765
v -0.018399186432361603 0.03820701688528061 -0.04972174018621445
v -0.011281331069767475 0.040878843516111374 -0.04972173273563385
v -0.0038803720381110907 0.043118588626384735 -0.05125580355525017
v -0.011516948230564594 0.041732583194971085 -0.051255811005830765
v -0.011281331069767475 0.040878843516111374 -0.04972173273563385
v -0.0038803720381110907 0.043118588626384735 -0.05125580355525017
v -0.011281331069767475 0.040878843516111374 -0.04972173273563385
v -0.0038008170668035746 0.04223629832267761 -0.04972172528505325
v 6.329999990839497e-8 -0.041399996727705 -0.0632999986410141
v 5.730000296466642e-8 -0.041399996727705 -0.05730000138282776
v 0.007607688196003437 -0.0406947061419487 -0.0632999911904335
v 0.007607688196003437 -0.0406947061419487 -0.0632999911904335
v 5.730000296466642e-8 -0.041399996727705 -0.05730000138282776
v 0.007607682142406702 -0.0406947061419487 -0.05729999393224716
v 0.007607688196003437 -0.0406947061419487 -0.0632999911904335
v 0.007607682142406702 -0.0406947061419487 -0.05729999393224716
v 0.014955938793718815 -0.038604751229286194 -0.0632999837398529
v 0.014955938793718815 -0.038604751229286194 -0.0632999837398529
v 0.007607682142406702 -0.0406947061419487 -0.05729999393224716
v 0.014955933205783367 -0.038604751229286194 -0.057299986481666565
v 0.014955938793718815 -0.038604751229286194 -0.0632999837398529
v 0.014955933205783367 -0.038604751229286194 -0.057299986481666565
v 0.02179441973567009 -0.03519897907972336 -0.06329997628927231
v 0.02179441973567009 -0.03519897907972336 -0.06329997628927231
v 0.014955933205783367 -0.038604751229286194 -0.057299986481666565
v 0.021794414147734642 -0.03519897907972336 -0.05729997903108597
v 0.02179441973567009 -0.03519897907972336 -0.06329997628927231
v 0.021794414147734642 -0.03519897907972336 -0.05729997903108597
v 0.02789069339632988 -0.030595099553465843 -0.06329996883869171
v 0.02789069339632988 -0.030595099553465843 -0.06329996883869171
v 0.021794414147734642 -0.03519897907972336 -0.05729997903108597
v 0.027890687808394432 -0.030595099553465843 -0.05729997158050537
v 0.02789069339632988 -0.030595099553465843 -0.06329996883869171
v 0.027890687808394432 -0.030595099553465843 -0.05729997158050537
v 0.03303825855255127 -0.024948736652731895 -0.06329996883869171
v 0.03303825855255127 -0.024948736652731895 -0.06329996883869171
v 0.027890687808394432 -0.030595099553465843 -0.05729997158050537
v 0.03303825110197067 -0.024948736652731895 -0.05729996785521507
v 0.03303825855255127 -0.024948736652731895 -0.06329996883869171
v 0.03303825110197067 -0.024948736652731895 -0.05729996785521507
v 0.03705954924225807 -0.018453426659107208 -0.06329996138811111
v 0.03705954924225807 -0.018453426659107208 -0.06329996138811111
v 0.03303825110197067 -0.024948736652731895 -0.05729996785521507
v 0.037059541791677475 -0.018453426659107208 -0.057299964129924774
v 0.03705954924225807 -0.018453426659107208 -0.06329996138811111
v 0.037059541791677475 -0.018453426659107208 -0.057299964129924774
v 0.039819881319999695 -0.011329634115099907 -0.06329996138811111
v 0.039819881319999695 -0.011329634115099907 -0.06329996138811111
v 0.037059541791677475 -0.018453426659107208 -0.057299964129924774
v 0.0398198738694191 -0.011329634115099907 -0.057299960404634476
v 0.039819881319999695 -0.011329634115099907 -0.06329996138811111
v 0.0398198738694191 -0.011329634115099907 -0.057299960404634476
v 0.04122348874807358 -0.003819773206487298 -0.06329995393753052
v 0.04122348874807358 -0.003819773206487298 -0.06329995393753052
v 0.0398198738694191 -0.011329634115099907 -0.057299960404634476
v 0.04122348129749298 -0.003819773206487298 -0.057299960404634476
v 0.04122348874807358 -0.003819773206487298 -0.06329995393753052
v 0.04122348129749298 -0.003819773206487298 -0.057299960404634476
v 0.04122348874807358 0.003819773206487298 -0.06329995393753052
v 0.04122348874807358 0.003819773206487298 -0.06329995393753052
v 0.04122348129749298 -0.003819773206487298 -0.057299960404634476
v 0.04122348129749298 0.003819773206487298 -0.057299960404634476
v 0.04122348874807358 0.003819773206487298 -0.06329995393753052
v 0.04122348129749298 0.003819773206487298 -0.057299960404634476
v 0.039819881319999695 0.011329634115099907 -0.06329996138811111
v 0.039819881319999695 0.011329634115099907 -0.06329996138811111
v 0.04122348129749298 0.003819773206487298 -0.057299960404634476
v 0.0398198738694191 0.011329634115099907 -0.057299960404634476
v 0.039819881319999695 0.011329634115099907 -0.06329996138811111
v 0.0398198738694191 0.011329634115099907 -0.057299960404634476
v 0.03705954924225807 0.018453426659107208 -0.06329996138811111
v 0.03705954924225807 0.018453426659107208 -0.06329996138811111
v 0.0398198738694191 0.011329634115099907 -0.057299960404634476
v 0.037059541791677475 0.018453426659107208 -0.057299964129924774
v 0.03705954924225807 0.018453426659107208 -0.06329996138811111
v 0.037059541791677475 0.018453426659107208 -0.057299964129924774
v 0.03303825855255127 0.024948736652731895 -0.06329996883869171
v 0.03303825855255127 0.024948736652731895 -0.06329996883869171
v 0.037059541791677475 0.018453426659107208 -0.057299964129924774
v 0.03303825110197067 0.024948736652731895 -0.05729996785521507
v 0.03303825855255127 0.024948736652731895 -0.06329996883869171
v 0.03303825110197067 0.024948736652731895 -0.05729996785521507
v 0.02789069339632988 0.030595099553465843 -0.06329996883869171
v 0.02789069339632988 0.030595099553465843 -0.06329996883869171
v 0.03303825110197067 0.024948736652731895 -0.05729996785521507
v 0.027890687808394432 0.030595099553465843 -0.05729997158050537
v 0.02789069339632988 0.030595099553465843 -0.06329996883869171
v 0.027890687808394432 0.030595099553465843 -0.05729997158050537
v 0.02179441973567009 0.03519897907972336 -0.06329997628927231
v 0.02179441973567009 0.03519897907972336 -0.06329997628927231
v 0.027890687808394432 0.030595099553465843 -0.05729997158050537
v 0.021794414147734642 0.03519897907972336 -0.05729997903108597
v 0.02179441973567009 0.03519897907972336 -0.06329997628927231
v 0.021794414147734642 0.03519897907972336 -0.05729997903108597
v 0.014955938793718815 0.038604751229286194 -0.0632999837398529
v 0.014955938793718815 0.038604751229286194 -0.0632999837398529
v 0.021794414147734642 0.03519897907972336 -0.05729997903108597
v 0.014955933205783367 0.038604751229286194 -0.057299986481666565
v 0.014955938793718815 0.038604751229286194 -0.0632999837398529
v 0.014955933205783367 0.038604751229286194 -0.057299986481666565
v 0.007607688196003437 0.0406947061419487 -0.0632999911904335
v 0.007607688196003437 0.0406947061419487 -0.0632999911904335
v 0.014955933205783367 0.038604751229286194 -0.057299986481666565
v 0.007607682142406702 0.0406947061419487 -0.05729999393224716
v 0.007607688196003437 0.0406947061419487 -0.0632999911904335
v 0.007607682142406702 0.0406947061419487 -0.05729999393224716
v 6.329999990839497e-8 0.041399996727705 -0.0632999986410141
v 6.329999990839497e-8 0.041399996727705 -0.0632999986410141
v 0.007607682142406702 0.0406947061419487 -0.05729999393224716
v 5.730000296466642e-8 0.041399996727705 -0.05730000138282776
v 0.007626057136803865 0.040793001651763916 -0.057399995625019073
v 0.007626057136803865 -0.040793001651763916 -0.057399995625019073
v 5.7400001196583617e-8 0.04149999842047691 -0.05740000307559967
v 5.7400001196583617e-8 0.04149999842047691 -0.05740000307559967
v 0.007626057136803865 -0.040793001651763916 -0.057399995625019073
v 5.7400001196583617e-8 -0.04149999842047691 -0.05740000307559967
v 5.7400001196583617e-8 0.04149999842047691 -0.05740000307559967
v 5.7400001196583617e-8 -0.04149999842047691 -0.05740000307559967
v -0.007625942584127188 0.040793001651763916 -0.05740001052618027
v -0.007625942584127188 0.040793001651763916 -0.05740001052618027
v 5.7400001196583617e-8 -0.04149999842047691 -0.05740000307559967
v -0.007625942584127188 -0.040793001651763916 -0.05740001052618027
v -0.007625942584127188 0.040793001651763916 -0.05740001052618027
v -0.007625942584127188 -0.040793001651763916 -0.05740001052618027
v -0.0149919418618083 0.038697998970746994 -0.057400017976760864
v -0.0149919418618083 0.038697998970746994 -0.057400017976760864
v -0.007625942584127188 -0.040793001651763916 -0.05740001052618027
v -0.0149919418618083 -0.038697998970746994 -0.057400017976760864
v -0.0149919418618083 0.038697998970746994 -0.057400017976760864
v -0.0149919418618083 -0.038697998970746994 -0.057400017976760864
v -0.021846942603588104 0.035284001380205154 -0.05740002542734146
v -0.021846942603588104 0.035284001380205154 -0.05740002542734146
v -0.0149919418618083 -0.038697998970746994 -0.057400017976760864
v -0.021846942603588104 -0.035284001380205154 -0.05740002542734146
v -0.021846942603588104 0.035284001380205154 -0.05740002542734146
v -0.021846942603588104 -0.035284001380205154 -0.05740002542734146
v -0.027957942336797714 0.03066899999976158 -0.05740003287792206
v -0.027957942336797714 0.03066899999976158 -0.05740003287792206
v -0.021846942603588104 -0.035284001380205154 -0.05740002542734146
v -0.027957942336797714 -0.03066899999976158 -0.05740003287792206
v -0.027957942336797714 0.03066899999976158 -0.05740003287792206
v -0.027957942336797714 -0.03066899999976158 -0.05740003287792206
v -0.03311794251203537 0.025009000673890114 -0.05740003660321236
v -0.03311794251203537 0.025009000673890114 -0.05740003660321236
v -0.027957942336797714 -0.03066899999976158 -0.05740003287792206
v -0.03311794251203537 -0.025009000673890114 -0.05740003660321236
v -0.03311794251203537 0.025009000673890114 -0.05740003660321236
v -0.03311794251203537 -0.025009000673890114 -0.05740003660321236
v -0.03714894503355026 0.018497999757528305 -0.057400040328502655
v -0.03714894503355026 0.018497999757528305 -0.057400040328502655
v -0.03311794251203537 -0.025009000673890114 -0.05740003660321236
v -0.03714894503355026 -0.018497999757528305 -0.057400040328502655
v -0.03714894503355026 0.018497999757528305 -0.057400040328502655
v -0.03714894503355026 -0.018497999757528305 -0.057400040328502655
v -0.03991594538092613 0.011357000097632408 -0.057400044053792953
v -0.03991594538092613 0.011357000097632408 -0.057400044053792953
v -0.03714894503355026 -0.018497999757528305 -0.057400040328502655
v -0.03991594538092613 -0.011357000097632408 -0.057400044053792953
v -0.03991594538092613 0.011357000097632408 -0.057400044053792953
v -0.03991594538092613 -0.011357000097632408 -0.057400044053792953
v -0.041322942823171616 0.003829000052064657 -0.057400044053792953
v -0.041322942823171616 0.003829000052064657 -0.057400044053792953
v -0.03991594538092613 -0.011357000097632408 -0.057400044053792953
v -0.041322942823171616 -0.003829000052064657 -0.057400044053792953
v 0.007626057136803865 -0.040793001651763916 -0.057399995625019073
v 0.007626057136803865 0.040793001651763916 -0.057399995625019073
v 0.014992057345807552 -0.038697998970746994 -0.05739998817443848
v 0.014992057345807552 -0.038697998970746994 -0.05739998817443848
v 0.007626057136803865 0.040793001651763916 -0.057399995625019073
v 0.014992057345807552 0.038697998970746994 -0.05739998817443848
v 0.014992057345807552 -0.038697998970746994 -0.05739998817443848
v 0.014992057345807552 0.038697998970746994 -0.05739998817443848
v 0.021847058087587357 -0.035284001380205154 -0.05739998072385788
v 0.021847058087587357 -0.035284001380205154 -0.05739998072385788
v 0.014992057345807552 0.038697998970746994 -0.05739998817443848
v 0.021847058087587357 0.035284001380205154 -0.05739998072385788
v 0.021847058087587357 -0.035284001380205154 -0.05739998072385788
v 0.021847058087587357 0.035284001380205154 -0.05739998072385788
v 0.027958057820796967 -0.03066899999976158 -0.05739997327327728
v 0.027958057820796967 -0.03066899999976158 -0.05739997327327728
v 0.021847058087587357 0.035284001380205154 -0.05739998072385788
v 0.027958057820796967 0.03066899999976158 -0.05739997327327728
v 0.027958057820796967 -0.03066899999976158 -0.05739997327327728
v 0.027958057820796967 0.03066899999976158 -0.05739997327327728
v 0.033118054270744324 -0.025009000673890114 -0.057399969547986984
v 0.033118054270744324 -0.025009000673890114 -0.057399969547986984
v 0.027958057820796967 0.03066899999976158 -0.05739997327327728
v 0.033118054270744324 0.025009000673890114 -0.057399969547986984
v 0.033118054270744324 -0.025009000673890114 -0.057399969547986984
v 0.033118054270744324 0.025009000673890114 -0.057399969547986984
v 0.037149056792259216 -0.018497999757528305 -0.057399965822696686
v 0.037149056792259216 -0.018497999757528305 -0.057399965822696686
v 0.033118054270744324 0.025009000673890114 -0.057399969547986984
v 0.037149056792259216 0.018497999757528305 -0.057399965822696686
v 0.037149056792259216 -0.018497999757528305 -0.057399965822696686
v 0.037149056792259216 0.018497999757528305 -0.057399965822696686
v 0.039916057139635086 -0.011357000097632408 -0.05739996209740639
v 0.039916057139635086 -0.011357000097632408 -0.05739996209740639
v 0.037149056792259216 0.018497999757528305 -0.057399965822696686
v 0.039916057139635086 0.011357000097632408 -0.05739996209740639
v 0.039916057139635086 -0.011357000097632408 -0.05739996209740639
v 0.039916057139635086 0.011357000097632408 -0.05739996209740639
v 0.04132305458188057 -0.003829000052064657 -0.05739996209740639
v 0.04132305458188057 -0.003829000052064657 -0.05739996209740639
v 0.039916057139635086 0.011357000097632408 -0.05739996209740639
v 0.04132305458188057 0.003829000052064657 -0.05739996209740639
vt 0.6000000238418579 0
vt 0 0
vt 0.6000000238418579 -0.7669180035591125
vt 0.6000000238418579 -0.7669180035591125
vt 0 0
vt 0 -0.7669180035591125
vt 0.6000000238418579 -0.7669180035591125
vt 0 -0.7669180035591125
vt 0.6000000238418579 -1.533836007118225
vt 0.6000000238418579 -1.533836007118225
vt 0 -0.7669180035591125
vt 0 -1.533836007118225
vt 0.6000000238418579 -1.533836007118225
vt 0 -1.533836007118225
vt 0.6000000238418579 -2.300755023956299
vt 0.6000000238418579 -2.300755023956299
vt 0 -1.533836007118225
vt 0 -2.300755023956299
vt 0.6000000238418579 -2.300755023956299
vt 0 -2.300755023956299
vt 0.6000000238418579 -3.0676729679107666
vt 0.6000000238418579 -3.0676729679107666
vt 0 -2.300755023956299
vt 0 -3.0676729679107666
vt 0.6000000238418579 -3.0676729679107666
vt 0 -3.0676729679107666
vt 0.6000000238418579 -3.8345909118652344
vt 0.6000000238418579 -3.8345909118652344
vt 0 -3.0676729679107666
vt 0 -3.8345909118652344
vt 0.6000000238418579 -3.8345909118652344
vt 0 -3.8345909118652344
vt 0.6000000238418579 -4.601509094238281
vt 0.6000000238418579 -4.601509094238281
vt 0 -3.8345909118652344
vt 0 -4.601509094238281
vt 0.6000000238418579 -4.601509094238281
vt 0 -4.601509094238281
vt 0.6000000238418579 -5.36842679977417
vt 0.6000000238418579 -5.36842679977417
vt 0 -4.601509094238281
vt 0 -5.36842679977417
vt 0.6000000238418579 -5.36842679977417
vt 0 -5.36842679977417
vt 0.6000000238418579 -6.135344982147217
vt 0.6000000238418579 -6.135344982147217
vt 0 -5.36842679977417
vt 0 -6.135344982147217
vt 0.6000000238418579 -6.135344982147217
vt 0 -6.135344982147217
vt 0.6000000238418579 -6.90226411819458
vt 0.6000000238418579 -6.90226411819458
vt 0 -6.135344982147217
vt 0 -6.90226411819458
vt 0.6000000238418579 -6.90226411819458
vt 0 -6.90226411819458
vt 0.6000000238418579 -7.669181823730469
vt 0.6000000238418579 -7.669181823730469
vt 0 -6.90226411819458
vt 0 -7.669181823730469
vt 0.6000000238418579 -7.669181823730469
vt 0 -7.669181823730469
vt 0.6000000238418579 -8.436100006103516
vt 0.6000000238418579 -8.436100006103516
vt 0 -7.669181823730469
vt 0 -8.436100006103516
vt 0.6000000238418579 -8.436100006103516
vt 0 -8.436100006103516
vt 0.6000000238418579 -9.203018188476562
vt 0.6000000238418579 -9.203018188476562
vt 0 -8.436100006103516
vt 0 -9.203018188476562
vt 0.6000000238418579 -9.203018188476562
vt 0 -9.203018188476562
vt 0.6000000238418579 -9.96993637084961
vt 0.6000000238418579 -9.96993637084961
vt 0 -9.203018188476562
vt 0 -9.96993637084961
vt 0.6000000238418579 -9.96993637084961
vt 0 -9.96993637084961
vt 0.6000000238418579 -10.736854553222656
vt 0.6000000238418579 -10.736854553222656
vt 0 -9.96993637084961
vt 0 -10.736854553222656
vt 0.6000000238418579 -10.736854553222656
vt 0 -10.736854553222656
vt 0.6000000238418579 -11.503772735595703
vt 0.6000000238418579 -11.503772735595703
vt 0 -10.736854553222656
vt 0 -11.503772735595703
vt 0.6000000238418579 -11.503772735595703
vt 0 -11.503772735595703
vt 0.6000000238418579 -12.27069091796875
vt 0.6000000238418579 -12.27069091796875
vt 0 -11.503772735595703
vt 0 -12.27069091796875
vt 0.6000000238418579 -12.27069091796875
vt 0 -12.27069091796875
vt 0.6000000238418579 -13.037609100341797
vt 0.6000000238418579 -13.037609100341797
vt 0 -12.27069091796875
vt 0 -13.037609100341797
vt 0.6283190250396729 0
vt 0.785398006439209 0
vt 0.6981319785118103 0.37731000781059265
vt 0.6981319785118103 0.37731000781059265
vt 0.785398006439209 0
vt 0.785398006439209 0.7768149971961975
vt 0.6981319785118103 0.37731000781059265
vt 0.785398006439209 0.7768149971961975
vt 0.6981319785118103 1.1319299936294556
vt 0.6981319785118103 1.1319299936294556
vt 0.785398006439209 0.7768149971961975
vt 0.785398006439209 1.553629994392395
vt 0.6981319785118103 1.1319299936294556
vt 0.785398006439209 1.553629994392395
vt 0.6981319785118103 1.886549949645996
vt 0.6981319785118103 1.886549949645996
vt 0.785398006439209 1.553629994392395
vt 0.785398006439209 2.3304450511932373
vt 0.6981319785118103 1.886549949645996
vt 0.785398006439209 2.3304450511932373
vt 0.6981319785118103 2.6411709785461426
vt 0.6981319785118103 2.6411709785461426
vt 0.785398006439209 2.3304450511932373
vt 0.785398006439209 3.10725998878479
vt 0.6981319785118103 2.6411709785461426
vt 0.785398006439209 3.10725998878479
vt 0.6981319785118103 3.3957910537719727
vt 0.6981319785118103 3.3957910537719727
vt 0.785398006439209 3.10725998878479
vt 0.785398006439209 3.8840739727020264
vt 0.6981319785118103 3.3957910537719727
vt 0.785398006439209 3.8840739727020264
vt 0.6981319785118103 4.150411128997803
vt 0.6981319785118103 4.150411128997803
vt 0.785398006439209 3.8840739727020264
vt 0.785398006439209 4.660889148712158
vt 0.6981319785118103 4.150411128997803
vt 0.785398006439209 4.660889148712158
vt 0.6981319785118103 4.905031204223633
vt 0.6981319785118103 4.905031204223633
vt 0.785398006439209 4.660889148712158
vt 0.785398006439209 5.437704086303711
vt 0.6981319785118103 4.905031204223633
vt 0.785398006439209 5.437704086303711
vt 0.6981319785118103 5.659650802612305
vt 0.6981319785118103 5.659650802612305
vt 0.785398006439209 5.437704086303711
vt 0.785398006439209 6.214519023895264
vt 0.6981319785118103 5.659650802612305
vt 0.785398006439209 6.214519023895264
vt 0.6981319785118103 6.414270877838135
vt 0.6981319785118103 6.414270877838135
vt 0.785398006439209 6.214519023895264
vt 0.785398006439209 6.9913330078125
vt 0.6981319785118103 6.414270877838135
vt 0.785398006439209 6.9913330078125
vt 0.6981319785118103 7.168890953063965
vt 0.6981319785118103 7.168890953063965
vt 0.785398006439209 6.9913330078125
vt 0.785398006439209 7.768147945404053
vt 0.6981319785118103 7.168890953063965
vt 0.785398006439209 7.768147945404053
vt 0.6981319785118103 7.923511981964111
vt 0.6981319785118103 7.923511981964111
vt 0.785398006439209 7.768147945404053
vt 0.785398006439209 8.544962882995605
vt 0.6981319785118103 7.923511981964111
vt 0.785398006439209 8.544962882995605
vt 0.6981319785118103 8.678132057189941
vt 0.6981319785118103 8.678132057189941
vt 0.785398006439209 8.544962882995605
vt 0.785398006439209 9.321778297424316
vt 0.6981319785118103 8.678132057189941
vt 0.785398006439209 9.321778297424316
vt 0.6981319785118103 9.432751655578613
vt 0.6981319785118103 9.432751655578613
vt 0.785398006439209 9.321778297424316
vt 0.785398006439209 10.098592758178711
vt 0.6981319785118103 9.432751655578613
vt 0.785398006439209 10.098592758178711
vt 0.6981319785118103 10.187372207641602
vt 0.6981319785118103 10.187372207641602
vt 0.785398006439209 10.098592758178711
vt 0.785398006439209 10.875408172607422
vt 0.6981319785118103 10.187372207641602
vt 0.785398006439209 10.875408172607422
vt 0.6981319785118103 10.941991806030273
vt 0.6981319785118103 10.941991806030273
vt 0.785398006439209 10.875408172607422
vt 0.785398006439209 11.652222633361816
vt 0.6981319785118103 10.941991806030273
vt 0.785398006439209 11.652222633361816
vt 0.6981319785118103 11.696612358093262
vt 0.6981319785118103 11.696612358093262
vt 0.785398006439209 11.652222633361816
vt 0.785398006439209 12.429038047790527
vt 0.6981319785118103 11.696612358093262
vt 0.785398006439209 12.429038047790527
vt 0.6981319785118103 12.451231956481934
vt 0.6981319785118103 12.451231956481934
vt 0.785398006439209 12.429038047790527
vt 0.785398006439209 13.205853462219238
vt 0.6981319785118103 12.451231956481934
vt 0.785398006439209 13.205853462219238
vt 0.6283190250396729 13.205853462219238
vt 0.6981319785118103 12.451231956481934
vt 0.6283190250396729 13.205853462219238
vt 0.5235990285873413 12.451231956481934
vt 0.5235990285873413 12.451231956481934
vt 0.6283190250396729 13.205853462219238
vt 0.47123900055885315 13.205853462219238
vt 0.5235990285873413 12.451231956481934
vt 0.47123900055885315 13.205853462219238
vt 0.34906598925590515 12.451231956481934
vt 0.34906598925590515 12.451231956481934
vt 0.47123900055885315 13.205853462219238
vt 0.31415900588035583 13.205853462219238
vt 0.34906598925590515 12.451231956481934
vt 0.31415900588035583 13.205853462219238
vt 0.17453299462795258 12.451231956481934
vt 0.17453299462795258 12.451231956481934
vt 0.31415900588035583 13.205853462219238
vt 0.15707999467849731 13.205853462219238
vt 0.17453299462795258 12.451231956481934
vt 0.15707999467849731 13.205853462219238
vt 0 12.472193717956543
vt 0 12.472193717956543
vt 0.15707999467849731 13.205853462219238
vt 0 13.205853462219238
vt 0 12.472193717956543
vt 0 11.73853588104248
vt 0.17453299462795258 12.451231956481934
vt 0.17453299462795258 12.451231956481934
vt 0 11.73853588104248
vt 0.17453299462795258 11.696612358093262
vt 0.17453299462795258 12.451231956481934
vt 0.17453299462795258 11.696612358093262
vt 0.34906598925590515 11.696612358093262
vt 0.34906598925590515 11.696612358093262
vt 0.17453299462795258 11.696612358093262
vt 0.34906598925590515 10.941991806030273
vt 0.34906598925590515 11.696612358093262
vt 0.34906598925590515 10.941991806030273
vt 0.5235990285873413 10.941991806030273
vt 0.5235990285873413 10.941991806030273
vt 0.34906598925590515 10.941991806030273
vt 0.5235990285873413 10.187372207641602
vt 0.5235990285873413 10.941991806030273
vt 0.5235990285873413 10.187372207641602
vt 0.6981319785118103 10.187372207641602
vt 0.6981319785118103 10.187372207641602
vt 0.5235990285873413 10.187372207641602
vt 0.6981319785118103 9.432751655578613
vt 0 11.73853588104248
vt 0 11.004877090454102
vt 0.17453299462795258 11.696612358093262
vt 0.17453299462795258 11.696612358093262
vt 0 11.004877090454102
vt 0.17453299462795258 10.941991806030273
vt 0.17453299462795258 11.696612358093262
vt 0.17453299462795258 10.941991806030273
vt 0.34906598925590515 10.941991806030273
vt 0.34906598925590515 10.941991806030273
vt 0.17453299462795258 10.941991806030273
vt 0.34906598925590515 10.187372207641602
vt 0.34906598925590515 10.941991806030273
vt 0.34906598925590515 10.187372207641602
vt 0.5235990285873413 10.187372207641602
vt 0.5235990285873413 10.187372207641602
vt 0.34906598925590515 10.187372207641602
vt 0.5235990285873413 9.432751655578613
vt 0.5235990285873413 10.187372207641602
vt 0.5235990285873413 9.432751655578613
vt 0.6981319785118103 9.432751655578613
vt 0.6981319785118103 9.432751655578613
vt 0.5235990285873413 9.432751655578613
vt 0.6981319785118103 8.678132057189941
vt 0 11.004877090454102
vt 0 10.271218299865723
vt 0.17453299462795258 10.941991806030273
vt 0.17453299462795258 10.941991806030273
vt 0 10.271218299865723
vt 0.17453299462795258 10.187372207641602
vt 0.17453299462795258 10.941991806030273
vt 0.17453299462795258 10.187372207641602
vt 0.34906598925590515 10.187372207641602
vt 0.34906598925590515 10.187372207641602
vt 0.17453299462795258 10.187372207641602
vt 0.34906598925590515 9.432751655578613
vt 0.34906598925590515 10.187372207641602
vt 0.34906598925590515 9.432751655578613
vt 0.5235990285873413 9.432751655578613
vt 0.5235990285873413 9.432751655578613
vt 0.34906598925590515 9.432751655578613
vt 0.5235990285873413 8.678132057189941
vt 0.5235990285873413 9.432751655578613
vt 0.5235990285873413 8.678132057189941
vt 0.6981319785118103 8.678132057189941
vt 0.6981319785118103 8.678132057189941
vt 0.5235990285873413 8.678132057189941
vt 0.6981319785118103 7.923511981964111
vt 0 10.271218299865723
vt 0 9.53756046295166
vt 0.17453299462795258 10.187372207641602
vt 0.17453299462795258 10.187372207641602
vt 0 9.53756046295166
vt 0.17453299462795258 9.432751655578613
vt 0.17453299462795258 10.187372207641602
vt 0.17453299462795258 9.432751655578613
vt 0.34906598925590515 9.432751655578613
vt 0.34906598925590515 9.432751655578613
vt 0.17453299462795258 9.432751655578613
vt 0.34906598925590515 8.678132057189941
vt 0.34906598925590515 9.432751655578613
vt 0.34906598925590515 8.678132057189941
vt 0.5235990285873413 8.678132057189941
vt 0.5235990285873413 8.678132057189941
vt 0.34906598925590515 8.678132057189941
vt 0.5235990285873413 7.923511981964111
vt 0.5235990285873413 8.678132057189941
vt 0.5235990285873413 7.923511981964111
vt 0.6981319785118103 7.923511981964111
vt 0.6981319785118103 7.923511981964111
vt 0.5235990285873413 7.923511981964111
vt 0.6981319785118103 7.168890953063965
vt 0 9.53756046295166
vt 0 8.803901672363281
vt 0.17453299462795258 9.432751655578613
vt 0.17453299462795258 9.432751655578613
vt 0 8.803901672363281
vt 0.17453299462795258 8.678132057189941
vt 0.17453299462795258 9.432751655578613
vt 0.17453299462795258 8.678132057189941
vt 0.34906598925590515 8.678132057189941
vt 0.34906598925590515 8.678132057189941
vt 0.17453299462795258 8.678132057189941
vt 0.34906598925590515 7.923511981964111
vt 0.34906598925590515 8.678132057189941
vt 0.34906598925590515 7.923511981964111
vt 0.5235990285873413 7.923511981964111
vt 0.5235990285873413 7.923511981964111
vt 0.34906598925590515 7.923511981964111
vt 0.5235990285873413 7.168890953063965
vt 0.5235990285873413 7.923511981964111
vt 0.5235990285873413 7.168890953063965
vt 0.6981319785118103 7.168890953063965
vt 0.6981319785118103 7.168890953063965
vt 0.5235990285873413 7.168890953063965
vt 0.6981319785118103 6.414270877838135
vt 0 8.803901672363281
vt 0 8.070242881774902
vt 0.17453299462795258 8.678132057189941
vt 0.17453299462795258 8.678132057189941
vt 0 8.070242881774902
vt 0.17453299462795258 7.923511981964111
vt 0.17453299462795258 8.678132057189941
vt 0.17453299462795258 7.923511981964111
vt 0.34906598925590515 7.923511981964111
vt 0.34906598925590515 7.923511981964111
vt 0.17453299462795258 7.923511981964111
vt 0.34906598925590515 7.168890953063965
vt 0.34906598925590515 7.923511981964111
vt 0.34906598925590515 7.168890953063965
vt 0.5235990285873413 7.168890953063965
vt 0.5235990285873413 7.168890953063965
vt 0.34906598925590515 7.168890953063965
vt 0.5235990285873413 6.414270877838135
vt 0.5235990285873413 7.168890953063965
vt 0.5235990285873413 6.414270877838135
vt 0.6981319785118103 6.414270877838135
vt 0.6981319785118103 6.414270877838135
vt 0.5235990285873413 6.414270877838135
vt 0.6981319785118103 5.659650802612305
vt 0 8.070242881774902
vt 0 7.33658504486084
vt 0.17453299462795258 7.923511981964111
vt 0.17453299462795258 7.923511981964111
vt 0 7.33658504486084
vt 0.17453299462795258 7.168890953063965
vt 0.17453299462795258 7.923511981964111
vt 0.17453299462795258 7.168890953063965
vt 0.34906598925590515 7.168890953063965
vt 0.34906598925590515 7.168890953063965
vt 0.17453299462795258 7.168890953063965
vt 0.34906598925590515 6.414270877838135
vt 0.34906598925590515 7.168890953063965
vt 0.34906598925590515 6.414270877838135
vt 0.5235990285873413 6.414270877838135
vt 0.5235990285873413 6.414270877838135
vt 0.34906598925590515 6.414270877838135
vt 0.5235990285873413 5.659650802612305
vt 0.5235990285873413 6.414270877838135
vt 0.5235990285873413 5.659650802612305
vt 0.6981319785118103 5.659650802612305
vt 0.6981319785118103 5.659650802612305
vt 0.5235990285873413 5.659650802612305
vt 0.6981319785118103 4.905031204223633
vt 0 7.33658504486084
vt 0 6.602925777435303
vt 0.17453299462795258 7.168890953063965
vt 0.17453299462795258 7.168890953063965
vt 0 6.602925777435303
vt 0.17453299462795258 6.414270877838135
vt 0.17453299462795258 7.168890953063965
vt 0.17453299462795258 6.414270877838135
vt 0.34906598925590515 6.414270877838135
vt 0.34906598925590515 6.414270877838135
vt 0.17453299462795258 6.414270877838135
vt 0.34906598925590515 5.659650802612305
vt 0.34906598925590515 6.414270877838135
vt 0.34906598925590515 5.659650802612305
vt 0.5235990285873413 5.659650802612305
vt 0.5235990285873413 5.659650802612305
vt 0.34906598925590515 5.659650802612305
vt 0.5235990285873413 4.905031204223633
vt 0.5235990285873413 5.659650802612305
vt 0.5235990285873413 4.905031204223633
vt 0.6981319785118103 4.905031204223633
vt 0.6981319785118103 4.905031204223633
vt 0.5235990285873413 4.905031204223633
vt 0.6981319785118103 4.150411128997803
vt 0 6.602925777435303
vt 0 5.86926794052124
vt 0.17453299462795258 6.414270877838135
vt 0.17453299462795258 6.414270877838135
vt 0 5.86926794052124
vt 0.17453299462795258 5.659650802612305
vt 0.17453299462795258 6.414270877838135
vt 0.17453299462795258 5.659650802612305
vt 0.34906598925590515 5.659650802612305
vt 0.34906598925590515 5.659650802612305
vt 0.17453299462795258 5.659650802612305
vt 0.34906598925590515 4.905031204223633
vt 0.34906598925590515 5.659650802612305
vt 0.34906598925590515 4.905031204223633
vt 0.5235990285873413 4.905031204223633
vt 0.5235990285873413 4.905031204223633
vt 0.34906598925590515 4.905031204223633
vt 0.5235990285873413 4.150411128997803
vt 0.5235990285873413 4.905031204223633
vt 0.5235990285873413 4.150411128997803
vt 0.6981319785118103 4.150411128997803
vt 0.6981319785118103 4.150411128997803
vt 0.5235990285873413 4.150411128997803
vt 0.6981319785118103 3.3957910537719727
vt 0 5.86926794052124
vt 0 5.135609149932861
vt 0.17453299462795258 5.659650802612305
vt 0.17453299462795258 5.659650802612305
vt 0 5.135609149932861
vt 0.17453299462795258 4.905031204223633
vt 0.17453299462795258 5.659650802612305
vt 0.17453299462795258 4.905031204223633
vt 0.34906598925590515 4.905031204223633
vt 0.34906598925590515 4.905031204223633
vt 0.17453299462795258 4.905031204223633
vt 0.34906598925590515 4.150411128997803
vt 0.34906598925590515 4.905031204223633
vt 0.34906598925590515 4.150411128997803
vt 0.5235990285873413 4.150411128997803
vt 0.5235990285873413 4.150411128997803
vt 0.34906598925590515 4.150411128997803
vt 0.5235990285873413 3.3957910537719727
vt 0.5235990285873413 4.150411128997803
vt 0.5235990285873413 3.3957910537719727
vt 0.6981319785118103 3.3957910537719727
vt 0.6981319785118103 3.3957910537719727
vt 0.5235990285873413 3.3957910537719727
vt 0.6981319785118103 2.6411709785461426
vt 0 5.135609149932861
vt 0 4.401950836181641
vt 0.17453299462795258 4.905031204223633
vt 0.17453299462795258 4.905031204223633
vt 0 4.401950836181641
vt 0.17453299462795258 4.150411128997803
vt 0.17453299462795258 4.905031204223633
vt 0.17453299462795258 4.150411128997803
vt 0.34906598925590515 4.150411128997803
vt 0.34906598925590515 4.150411128997803
vt 0.17453299462795258 4.150411128997803
vt 0.34906598925590515 3.3957910537719727
vt 0.34906598925590515 4.150411128997803
vt 0.34906598925590515 3.3957910537719727
vt 0.5235990285873413 3.3957910537719727
vt 0.5235990285873413 3.3957910537719727
vt 0.34906598925590515 3.3957910537719727
vt 0.5235990285873413 2.6411709785461426
vt 0.5235990285873413 3.3957910537719727
vt 0.5235990285873413 2.6411709785461426
vt 0.6981319785118103 2.6411709785461426
vt 0.6981319785118103 2.6411709785461426
vt 0.5235990285873413 2.6411709785461426
vt 0.6981319785118103 1.886549949645996
vt 0 4.401950836181641
vt 0 3.6682920455932617
vt 0.17453299462795258 4.150411128997803
vt 0.17453299462795258 4.150411128997803
vt 0 3.6682920455932617
vt 0.17453299462795258 3.3957910537719727
vt 0.17453299462795258 4.150411128997803
vt 0.17453299462795258 3.3957910537719727
vt 0.34906598925590515 3.3957910537719727
vt 0.34906598925590515 3.3957910537719727
vt 0.17453299462795258 3.3957910537719727
vt 0.34906598925590515 2.6411709785461426
vt 0.34906598925590515 3.3957910537719727
vt 0.34906598925590515 2.6411709785461426
vt 0.5235990285873413 2.6411709785461426
vt 0.5235990285873413 2.6411709785461426
vt 0.34906598925590515 2.6411709785461426
vt 0.5235990285873413 1.886549949645996
vt 0.5235990285873413 2.6411709785461426
vt 0.5235990285873413 1.886549949645996
vt 0.6981319785118103 1.886549949645996
vt 0.6981319785118103 1.886549949645996
vt 0.5235990285873413 1.886549949645996
vt 0.6981319785118103 1.1319299936294556
vt 0 3.6682920455932617
vt 0 2.93463397026062
vt 0.17453299462795258 3.3957910537719727
vt 0.17453299462795258 3.3957910537719727
vt 0 2.93463397026062
vt 0.17453299462795258 2.6411709785461426
vt 0.17453299462795258 3.3957910537719727
vt 0.17453299462795258 2.6411709785461426
vt 0.34906598925590515 2.6411709785461426
vt 0.34906598925590515 2.6411709785461426
vt 0.17453299462795258 2.6411709785461426
vt 0.34906598925590515 1.886549949645996
vt 0.34906598925590515 2.6411709785461426
vt 0.34906598925590515 1.886549949645996
vt 0.5235990285873413 1.886549949645996
vt 0.5235990285873413 1.886549949645996
vt 0.34906598925590515 1.886549949645996
vt 0.5235990285873413 1.1319299936294556
vt 0.5235990285873413 1.886549949645996
vt 0.5235990285873413 1.1319299936294556
vt 0.6981319785118103 1.1319299936294556
vt 0.6981319785118103 1.1319299936294556
vt 0.5235990285873413 1.1319299936294556
vt 0.6981319785118103 0.37731000781059265
vt 0 2.93463397026062
vt 0 2.200974941253662
vt 0.17453299462795258 2.6411709785461426
vt 0.17453299462795258 2.6411709785461426
vt 0 2.200974941253662
vt 0.17453299462795258 1.886549949645996
vt 0.17453299462795258 2.6411709785461426
vt 0.17453299462795258 1.886549949645996
vt 0.34906598925590515 1.886549949645996
vt 0.34906598925590515 1.886549949645996
vt 0.17453299462795258 1.886549949645996
vt 0.34906598925590515 1.1319299936294556
vt 0.34906598925590515 1.886549949645996
vt 0.34906598925590515 1.1319299936294556
vt 0.5235990285873413 1.1319299936294556
vt 0.5235990285873413 1.1319299936294556
vt 0.34906598925590515 1.1319299936294556
vt 0.5235990285873413 0.37731000781059265
vt 0.5235990285873413 1.1319299936294556
vt 0.5235990285873413 0.37731000781059265
vt 0.6981319785118103 0.37731000781059265
vt 0.6981319785118103 0.37731000781059265
vt 0.5235990285873413 0.37731000781059265
vt 0.6283190250396729 0
vt 0 2.200974941253662
vt 0 1.46731698513031
vt 0.17453299462795258 1.886549949645996
vt 0.17453299462795258 1.886549949645996
vt 0 1.46731698513031
vt 0.17453299462795258 1.1319299936294556
vt 0.17453299462795258 1.886549949645996
vt 0.17453299462795258 1.1319299936294556
vt 0.34906598925590515 1.1319299936294556
vt 0.34906598925590515 1.1319299936294556
vt 0.17453299462795258 1.1319299936294556
vt 0.34906598925590515 0.37731000781059265
vt 0.34906598925590515 1.1319299936294556
vt 0.34906598925590515 0.37731000781059265
vt 0.5235990285873413 0.37731000781059265
vt 0.5235990285873413 0.37731000781059265
vt 0.34906598925590515 0.37731000781059265
vt 0.47123900055885315 0
vt 0.5235990285873413 0.37731000781059265
vt 0.47123900055885315 0
vt 0.6283190250396729 0
vt 0 1.46731698513031
vt 0 0.7336580157279968
vt 0.17453299462795258 1.1319299936294556
vt 0.17453299462795258 1.1319299936294556
vt 0 0.7336580157279968
vt 0.17453299462795258 0.37731000781059265
vt 0.17453299462795258 1.1319299936294556
vt 0.17453299462795258 0.37731000781059265
vt 0.34906598925590515 0.37731000781059265
vt 0.34906598925590515 0.37731000781059265
vt 0.17453299462795258 0.37731000781059265
vt 0.31415900588035583 0
vt 0.34906598925590515 0.37731000781059265
vt 0.31415900588035583 0
vt 0.47123900055885315 0
vt 0 0.7336580157279968
vt 0 0
vt 0.17453299462795258 0.37731000781059265
vt 0.17453299462795258 0.37731000781059265
vt 0 0
vt 0.15707999467849731 0
vt 0.17453299462795258 0.37731000781059265
vt 0.15707999467849731 0
vt 0.31415900588035583 0
vt 0.6981319785118103 10.187372207641602
vt 0.6981319785118103 10.941991806030273
vt 0.5235990285873413 10.941991806030273
vt 0.5235990285873413 10.941991806030273
vt 0.6981319785118103 10.941991806030273
vt 0.5235990285873413 11.696612358093262
vt 0.5235990285873413 10.941991806030273
vt 0.5235990285873413 11.696612358093262
vt 0.34906598925590515 11.696612358093262
vt 0.34906598925590515 11.696612358093262
vt 0.5235990285873413 11.696612358093262
vt 0.34906598925590515 12.451231956481934
vt 0.34906598925590515 11.696612358093262
vt 0.34906598925590515 12.451231956481934
vt 0.17453299462795258 12.451231956481934
vt 0.6981319785118103 10.941991806030273
vt 0.6981319785118103 11.696612358093262
vt 0.5235990285873413 11.696612358093262
vt 0.5235990285873413 11.696612358093262
vt 0.6981319785118103 11.696612358093262
vt 0.5235990285873413 12.451231956481934
vt 0.5235990285873413 11.696612358093262
vt 0.5235990285873413 12.451231956481934
vt 0.34906598925590515 12.451231956481934
vt 0.6981319785118103 12.451231956481934
vt 0.5235990285873413 12.451231956481934
vt 0.6981319785118103 11.696612358093262
vt 0 0
vt 0 0.7592179775238037
vt -1.0299999713897705 0
vt -1.0299999713897705 0
vt 0 0.7592179775238037
vt -1.0299999713897705 0.7592179775238037
vt -1.0299999713897705 0.7592179775238037
vt 0 0.7592179775238037
vt 0 1.5184359550476074
vt -1.0299999713897705 0.7592179775238037
vt 0 1.5184359550476074
vt -1.0299999713897705 1.5184359550476074
vt -1.0299999713897705 1.5184359550476074
vt 0 1.5184359550476074
vt 0 2.2776548862457275
vt -1.0299999713897705 1.5184359550476074
vt 0 2.2776548862457275
vt -1.0299999713897705 2.2776548862457275
vt -1.0299999713897705 2.2776548862457275
vt 0 2.2776548862457275
vt 0 3.0368731021881104
vt -1.0299999713897705 2.2776548862457275
vt 0 3.0368731021881104
vt -1.0299999713897705 3.0368731021881104
vt -1.0299999713897705 3.0368731021881104
vt 0 3.0368731021881104
vt 0 3.796091079711914
vt -1.0299999713897705 3.0368731021881104
vt 0 3.796091079711914
vt -1.0299999713897705 3.796091079711914
vt -1.0299999713897705 3.796091079711914
vt 0 3.796091079711914
vt 0 4.555308818817139
vt -1.0299999713897705 3.796091079711914
vt 0 4.555308818817139
vt -1.0299999713897705 4.555308818817139
vt -1.0299999713897705 4.555308818817139
vt 0 4.555308818817139
vt 0 5.314527988433838
vt -1.0299999713897705 4.555308818817139
vt 0 5.314527988433838
vt -1.0299999713897705 5.314527988433838
vt -1.0299999713897705 5.314527988433838
vt 0 5.314527988433838
vt 0 6.073746204376221
vt -1.0299999713897705 5.314527988433838
vt 0 6.073746204376221
vt -1.0299999713897705 6.073746204376221
vt -1.0299999713897705 6.073746204376221
vt 0 6.073746204376221
vt 0 6.832963943481445
vt -1.0299999713897705 6.073746204376221
vt 0 6.832963943481445
vt -1.0299999713897705 6.832963943481445
vt -1.0299999713897705 6.832963943481445
vt 0 6.832963943481445
vt 0 7.592182159423828
vt -1.0299999713897705 6.832963943481445
vt 0 7.592182159423828
vt -1.0299999713897705 7.592182159423828
vt -1.0299999713897705 7.592182159423828
vt 0 7.592182159423828
vt 0 8.351400375366211
vt -1.0299999713897705 7.592182159423828
vt 0 8.351400375366211
vt -1.0299999713897705 8.351400375366211
vt -1.0299999713897705 8.351400375366211
vt 0 8.351400375366211
vt 0 9.110618591308594
vt -1.0299999713897705 8.351400375366211
vt 0 9.110618591308594
vt -1.0299999713897705 9.110618591308594
vt -1.0299999713897705 9.110618591308594
vt 0 9.110618591308594
vt 0 9.869836807250977
vt -1.0299999713897705 9.110618591308594
vt 0 9.869836807250977
vt -1.0299999713897705 9.869836807250977
vt -1.0299999713897705 9.869836807250977
vt 0 9.869836807250977
vt 0 10.62905502319336
vt -1.0299999713897705 9.869836807250977
vt 0 10.62905502319336
vt -1.0299999713897705 10.62905502319336
vt -1.0299999713897705 10.62905502319336
vt 0 10.62905502319336
vt 0 11.388273239135742
vt -1.0299999713897705 10.62905502319336
vt 0 11.388273239135742
vt -1.0299999713897705 11.388273239135742
vt -1.0299999713897705 11.388273239135742
vt 0 11.388273239135742
vt 0 12.147491455078125
vt -1.0299999713897705 11.388273239135742
vt 0 12.147491455078125
vt -1.0299999713897705 12.147491455078125
vt -1.0299999713897705 12.147491455078125
vt 0 12.147491455078125
vt 0 12.906709671020508
vt -1.0299999713897705 12.147491455078125
vt 0 12.906709671020508
vt -1.0299999713897705 12.906709671020508
vt -1.0299999713897705 12.906709671020508
vt 0 12.906709671020508
vt -1.0299999713897705 13.66592788696289
vt -1.0299999713897705 13.66592788696289
vt 0 12.906709671020508
vt 0 13.66592788696289
vt -0.949999988079071 0
vt 0 0
vt -0.9734320044517517 0.4243530035018921
vt -0.9734320044517517 0.4243530035018921
vt 0 0
vt 0 0.6929979920387268
vt -0.9734320044517517 0.4243530035018921
vt 0 0.6929979920387268
vt -1.0431469678878784 0.8489530086517334
vt -1.0431469678878784 0.8489530086517334
vt 0 0.6929979920387268
vt 0 1.3859970569610596
vt -1.0431469678878784 0.8489530086517334
vt 0 1.3859970569610596
vt -1.1570849418640137 1.2696189880371094
vt -1.1570849418640137 1.2696189880371094
vt 0 1.3859970569610596
vt -1.310500979423523 1.6824569702148438
vt -1.310500979423523 1.6824569702148438
vt 0 1.3859970569610596
vt 0 2.0789949893951416
vt -1.310500979423523 1.6824569702148438
vt 0 2.0789949893951416
vt -1.497428059577942 2.0844039916992188
vt -1.497428059577942 2.0844039916992188
vt 0 2.0789949893951416
vt -1.7100830078125 2.471827983856201
vt -1.7100830078125 2.471827983856201
vt 0 2.0789949893951416
vt 0 2.7719929218292236
vt -1.7100830078125 2.471827983856201
vt 0 2.7719929218292236
vt -1.9393600225448608 2.8406360149383545
vt -1.9393600225448608 2.8406360149383545
vt 0 2.7719929218292236
vt -2.1792380809783936 3.1919760704040527
vt -2.1792380809783936 3.1919760704040527
vt 0 2.7719929218292236
vt 0 3.464992046356201
vt -2.1792380809783936 3.1919760704040527
vt 0 3.464992046356201
vt -2.696168899536133 3.880889892578125
vt -2.696168899536133 3.880889892578125
vt 0 3.464992046356201
vt 0 4.157989978790283
vt -2.696168899536133 3.880889892578125
vt 0 4.157989978790283
vt -3.2204020023345947 4.544508934020996
vt -3.2204020023345947 4.544508934020996
vt 0 4.157989978790283
vt 0 4.850988864898682
vt -3.2204020023345947 4.544508934020996
vt 0 4.850988864898682
vt -3.463413953781128 4.8645501136779785
vt -3.463413953781128 4.8645501136779785
vt 0 4.850988864898682
vt -3.679832935333252 5.182806015014648
vt -3.679832935333252 5.182806015014648
vt 0 4.850988864898682
vt 0 5.543986797332764
vt -3.679832935333252 5.182806015014648
vt 0 5.543986797332764
vt -3.850119113922119 5.512635231018066
vt -3.850119113922119 5.512635231018066
vt 0 5.543986797332764
vt -3.9059178829193115 5.691934108734131
vt -3.9059178829193115 5.691934108734131
vt 0 5.543986797332764
vt -3.92822003364563 5.890485763549805
vt -3.92822003364563 5.890485763549805
vt 0 5.543986797332764
vt 0 6.236985206604004
vt -3.92822003364563 5.890485763549805
vt 0 6.236985206604004
vt -3.9059178829193115 6.089037895202637
vt -3.9059178829193115 6.089037895202637
vt 0 6.236985206604004
vt -3.850119113922119 6.268336772918701
vt -3.850119113922119 6.268336772918701
vt 0 6.236985206604004
vt -3.679832935333252 6.598165988922119
vt -3.679832935333252 6.598165988922119
vt 0 6.236985206604004
vt 0 6.929984092712402
vt -3.679832935333252 6.598165988922119
vt 0 6.929984092712402
vt -3.463413953781128 6.916421890258789
vt -3.463413953781128 6.916421890258789
vt 0 6.929984092712402
vt -3.2204020023345947 7.2364630699157715
vt -3.2204020023345947 7.2364630699157715
vt 0 6.929984092712402
vt 0 7.622982025146484
vt -3.2204020023345947 7.2364630699157715
vt 0 7.622982025146484
vt -2.696168899536133 7.900082111358643
vt -2.696168899536133 7.900082111358643
vt 0 7.622982025146484
vt 0 8.315980911254883
vt -2.696168899536133 7.900082111358643
vt 0 8.315980911254883
vt -2.1792380809783936 8.588996887207031
vt -2.1792380809783936 8.588996887207031
vt 0 8.315980911254883
vt 0 9.008978843688965
vt -2.1792380809783936 8.588996887207031
vt 0 9.008978843688965
vt -1.9393600225448608 8.940336227416992
vt -1.9393600225448608 8.940336227416992
vt 0 9.008978843688965
vt -1.7100830078125 9.309144973754883
vt -1.7100830078125 9.309144973754883
vt 0 9.008978843688965
vt 0 9.701977729797363
vt -1.7100830078125 9.309144973754883
vt 0 9.701977729797363
vt -1.497428059577942 9.69656753540039
vt -1.497428059577942 9.69656753540039
vt 0 9.701977729797363
vt -1.310500979423523 10.098516464233398
vt -1.310500979423523 10.098516464233398
vt 0 9.701977729797363
vt 0 10.394975662231445
vt -1.310500979423523 10.098516464233398
vt 0 10.394975662231445
vt -1.1570849418640137 10.5113525390625
vt -1.1570849418640137 10.5113525390625
vt 0 10.394975662231445
vt -1.0431469678878784 10.932019233703613
vt -1.0431469678878784 10.932019233703613
vt 0 10.394975662231445
vt 0 11.087973594665527
vt -1.0431469678878784 10.932019233703613
vt 0 11.087973594665527
vt -0.9734320044517517 11.356619834899902
vt -0.9734320044517517 11.356619834899902
vt 0 11.087973594665527
vt 0 11.78097152709961
vt -0.9734320044517517 11.356619834899902
vt 0 11.78097152709961
vt -0.949999988079071 11.78097152709961
vt -10.90999984741211 0
vt -3.619795083999634 0
vt -10.90999984741211 0.7114779949188232
vt -10.90999984741211 0.7114779949188232
vt -3.619795083999634 0
vt -3.6022300720214844 0.7114779949188232
vt -10.90999984741211 0.7114779949188232
vt -3.6022300720214844 0.7114779949188232
vt -10.90999984741211 1.422956943511963
vt -10.90999984741211 1.422956943511963
vt -3.6022300720214844 0.7114779949188232
vt -3.550132989883423 1.422956943511963
vt -10.90999984741211 1.422956943511963
vt -3.550132989883423 1.422956943511963
vt -10.90999984741211 2.134434938430786
vt -10.90999984741211 2.134434938430786
vt -3.550132989883423 1.422956943511963
vt -3.465277910232544 2.134434938430786
vt -10.90999984741211 2.134434938430786
vt -3.465277910232544 2.134434938430786
vt -10.90999984741211 2.8459129333496094
vt -10.90999984741211 2.8459129333496094
vt -3.465277910232544 2.134434938430786
vt -3.350554943084717 2.8459129333496094
vt -10.90999984741211 2.8459129333496094
vt -3.350554943084717 2.8459129333496094
vt -10.90999984741211 3.557391881942749
vt -10.90999984741211 3.557391881942749
vt -3.350554943084717 2.8459129333496094
vt -3.2098710536956787 3.557391881942749
vt -10.90999984741211 3.557391881942749
vt -3.2098710536956787 3.557391881942749
vt -10.90999984741211 4.268869876861572
vt -10.90999984741211 4.268869876861572
vt -3.2098710536956787 3.557391881942749
vt -3.04801607131958 4.268869876861572
vt -10.90999984741211 4.268869876861572
vt -3.04801607131958 4.268869876861572
vt -10.90999984741211 4.980349063873291
vt -10.90999984741211 4.980349063873291
vt -3.04801607131958 4.268869876861572
vt -2.87050199508667 4.980349063873291
vt -10.90999984741211 4.980349063873291
vt -2.87050199508667 4.980349063873291
vt -10.90999984741211 5.691826820373535
vt -10.90999984741211 5.691826820373535
vt -2.87050199508667 4.980349063873291
vt -2.6833748817443848 5.691826820373535
vt -10.90999984741211 5.691826820373535
vt -2.6833748817443848 5.691826820373535
vt -10.90999984741211 6.4033050537109375
vt -10.90999984741211 6.4033050537109375
vt -2.6833748817443848 5.691826820373535
vt -2.4930059909820557 6.4033050537109375
vt -10.90999984741211 6.4033050537109375
vt -2.4930059909820557 6.4033050537109375
vt -5.980000019073486 6.92697286605835
vt -5.980000019073486 6.92697286605835
vt -2.4930059909820557 6.4033050537109375
vt -5.781540870666504 6.94988489151001
vt -5.781540870666504 6.94988489151001
vt -2.4930059909820557 6.4033050537109375
vt -2.305877923965454 7.114782810211182
vt -5.781540870666504 6.94988489151001
vt -2.305877923965454 7.114782810211182
vt -5.602787971496582 7.007358074188232
vt -5.602787971496582 7.007358074188232
vt -2.305877923965454 7.114782810211182
vt -5.276509761810303 7.1841721534729
vt -5.276509761810303 7.1841721534729
vt -2.305877923965454 7.114782810211182
vt -4.9668121337890625 7.412571907043457
vt -4.9668121337890625 7.412571907043457
vt -2.305877923965454 7.114782810211182
vt -2.1283650398254395 7.8262619972229
vt -4.9668121337890625 7.412571907043457
vt -2.1283650398254395 7.8262619972229
vt -4.662735939025879 7.6752190589904785
vt -4.662735939025879 7.6752190589904785
vt -2.1283650398254395 7.8262619972229
vt -4.065226078033447 8.273354530334473
vt -4.065226078033447 8.273354530334473
vt -2.1283650398254395 7.8262619972229
vt -1.9665100574493408 8.537739753723145
vt -4.065226078033447 8.273354530334473
vt -1.9665100574493408 8.537739753723145
vt -3.5084550380706787 8.930274963378906
vt -3.5084550380706787 8.930274963378906
vt -1.9665100574493408 8.537739753723145
vt -1.8258260488510132 9.249217987060547
vt -3.5084550380706787 8.930274963378906
vt -1.8258260488510132 9.249217987060547
vt -3.255434036254883 9.272252082824707
vt -3.255434036254883 9.272252082824707
vt -1.8258260488510132 9.249217987060547
vt -3.015613079071045 9.634275436401367
vt -3.015613079071045 9.634275436401367
vt -1.8258260488510132 9.249217987060547
vt -1.7111029624938965 9.960697174072266
vt -3.015613079071045 9.634275436401367
vt -1.7111029624938965 9.960697174072266
vt -2.7945659160614014 10.016955375671387
vt -2.7945659160614014 10.016955375671387
vt -1.7111029624938965 9.960697174072266
vt -2.6011528968811035 10.415806770324707
vt -2.6011528968811035 10.415806770324707
vt -1.7111029624938965 9.960697174072266
vt -1.6262480020523071 10.672175407409668
vt -2.6011528968811035 10.415806770324707
vt -1.6262480020523071 10.672175407409668
vt -2.4429330825805664 10.826812744140625
vt -2.4429330825805664 10.826812744140625
vt -1.6262480020523071 10.672175407409668
vt -2.3256940841674805 11.24655818939209
vt -2.3256940841674805 11.24655818939209
vt -1.6262480020523071 10.672175407409668
vt -1.5741510391235352 11.38365364074707
vt -2.3256940841674805 11.24655818939209
vt -1.5741510391235352 11.38365364074707
vt -2.2540578842163086 11.670825958251953
vt -2.2540578842163086 11.670825958251953
vt -1.5741510391235352 11.38365364074707
vt -1.5565860271453857 12.095131874084473
vt -2.2540578842163086 11.670825958251953
vt -1.5565860271453857 12.095131874084473
vt -2.2300000190734863 12.095131874084473
vt -5.980000019073486 6.92697286605835
vt -6.178459167480469 6.94988489151001
vt -10.90999984741211 6.4033050537109375
vt -10.90999984741211 6.4033050537109375
vt -6.178459167480469 6.94988489151001
vt -10.90999984741211 7.114782810211182
vt -10.90999984741211 7.114782810211182
vt -6.178459167480469 6.94988489151001
vt -6.357212066650391 7.007358074188232
vt -10.90999984741211 7.114782810211182
vt -6.357212066650391 7.007358074188232
vt -6.683489799499512 7.1841721534729
vt -6.683489799499512 7.1841721534729
vt -6.993186950683594 7.412571907043457
vt -10.90999984741211 7.114782810211182
vt -10.90999984741211 7.114782810211182
vt -6.993186950683594 7.412571907043457
vt -10.90999984741211 7.8262619972229
vt -10.90999984741211 7.8262619972229
vt -6.993186950683594 7.412571907043457
vt -7.297264099121094 7.6752190589904785
vt -10.90999984741211 7.8262619972229
vt -7.297264099121094 7.6752190589904785
vt -7.894773960113525 8.273354530334473
vt -10.90999984741211 7.8262619972229
vt -7.894773960113525 8.273354530334473
vt -10.90999984741211 8.537739753723145
vt -10.90999984741211 8.537739753723145
vt -7.894773960113525 8.273354530334473
vt -8.451545715332031 8.930274963378906
vt -10.90999984741211 8.537739753723145
vt -8.451545715332031 8.930274963378906
vt -10.90999984741211 9.249217987060547
vt -10.90999984741211 9.249217987060547
vt -8.451545715332031 8.930274963378906
vt -8.70456600189209 9.272252082824707
vt -10.90999984741211 9.249217987060547
vt -8.70456600189209 9.272252082824707
vt -8.944385528564453 9.634275436401367
vt -10.90999984741211 9.249217987060547
vt -8.944385528564453 9.634275436401367
vt -10.90999984741211 9.960697174072266
vt -10.90999984741211 9.960697174072266
vt -8.944385528564453 9.634275436401367
vt -9.165433883666992 10.016955375671387
vt -10.90999984741211 9.960697174072266
vt -9.165433883666992 10.016955375671387
vt -9.358846664428711 10.415806770324707
vt -10.90999984741211 9.960697174072266
vt -9.358846664428711 10.415806770324707
vt -10.90999984741211 10.672175407409668
vt -10.90999984741211 10.672175407409668
vt -9.358846664428711 10.415806770324707
vt -9.517066955566406 10.826812744140625
vt -10.90999984741211 10.672175407409668
vt -9.517066955566406 10.826812744140625
vt -9.634305953979492 11.24655818939209
vt -10.90999984741211 10.672175407409668
vt -9.634305953979492 11.24655818939209
vt -10.90999984741211 11.38365364074707
vt -10.90999984741211 11.38365364074707
vt -9.634305953979492 11.24655818939209
vt -9.705941200256348 11.670825958251953
vt -10.90999984741211 11.38365364074707
vt -9.705941200256348 11.670825958251953
vt -10.90999984741211 12.095131874084473
vt -10.90999984741211 12.095131874084473
vt -9.705941200256348 11.670825958251953
vt -9.729999542236328 12.095131874084473
vt -2.2300000190734863 -12.095131874084473
vt -1.5565860271453857 -12.095131874084473
vt -2.2540578842163086 -11.670825958251953
vt -2.2540578842163086 -11.670825958251953
vt -1.5565860271453857 -12.095131874084473
vt -1.5741510391235352 -11.38365364074707
vt -2.2540578842163086 -11.670825958251953
vt -1.5741510391235352 -11.38365364074707
vt -2.3256940841674805 -11.24655818939209
vt -2.3256940841674805 -11.24655818939209
vt -1.5741510391235352 -11.38365364074707
vt -1.6262480020523071 -10.672175407409668
vt -2.3256940841674805 -11.24655818939209
vt -1.6262480020523071 -10.672175407409668
vt -2.4429330825805664 -10.826812744140625
vt -2.4429330825805664 -10.826812744140625
vt -1.6262480020523071 -10.672175407409668
vt -2.6011528968811035 -10.415806770324707
vt -2.6011528968811035 -10.415806770324707
vt -1.6262480020523071 -10.672175407409668
vt -1.7111029624938965 -9.960697174072266
vt -2.6011528968811035 -10.415806770324707
vt -1.7111029624938965 -9.960697174072266
vt -2.7945659160614014 -10.016955375671387
vt -2.7945659160614014 -10.016955375671387
vt -1.7111029624938965 -9.960697174072266
vt -3.015613079071045 -9.634275436401367
vt -3.015613079071045 -9.634275436401367
vt -1.7111029624938965 -9.960697174072266
vt -1.8258260488510132 -9.249217987060547
vt -3.015613079071045 -9.634275436401367
vt -1.8258260488510132 -9.249217987060547
vt -3.255434036254883 -9.272252082824707
vt -3.255434036254883 -9.272252082824707
vt -1.8258260488510132 -9.249217987060547
vt -3.5084550380706787 -8.930274963378906
vt -3.5084550380706787 -8.930274963378906
vt -1.8258260488510132 -9.249217987060547
vt -1.9665100574493408 -8.537739753723145
vt -3.5084550380706787 -8.930274963378906
vt -1.9665100574493408 -8.537739753723145
vt -4.065226078033447 -8.273354530334473
vt -4.065226078033447 -8.273354530334473
vt -1.9665100574493408 -8.537739753723145
vt -2.1283650398254395 -7.8262619972229
vt -4.065226078033447 -8.273354530334473
vt -2.1283650398254395 -7.8262619972229
vt -4.662735939025879 -7.6752190589904785
vt -4.662735939025879 -7.6752190589904785
vt -2.1283650398254395 -7.8262619972229
vt -4.9668121337890625 -7.412571907043457
vt -4.9668121337890625 -7.412571907043457
vt -2.1283650398254395 -7.8262619972229
vt -2.305877923965454 -7.114782810211182
vt -4.9668121337890625 -7.412571907043457
vt -2.305877923965454 -7.114782810211182
vt -5.276509761810303 -7.1841721534729
vt -5.276509761810303 -7.1841721534729
vt -2.305877923965454 -7.114782810211182
vt -5.602787971496582 -7.007358074188232
vt -5.602787971496582 -7.007358074188232
vt -2.305877923965454 -7.114782810211182
vt -5.781540870666504 -6.94988489151001
vt -5.781540870666504 -6.94988489151001
vt -2.305877923965454 -7.114782810211182
vt -2.4930059909820557 -6.4033050537109375
vt -5.781540870666504 -6.94988489151001
vt -2.4930059909820557 -6.4033050537109375
vt -5.980000019073486 -6.92697286605835
vt -5.980000019073486 -6.92697286605835
vt -2.4930059909820557 -6.4033050537109375
vt -10.90999984741211 -6.4033050537109375
vt -5.980000019073486 -6.92697286605835
vt -10.90999984741211 -6.4033050537109375
vt -10.90999984741211 -7.114782810211182
vt -2.4930059909820557 -6.4033050537109375
vt -2.6833748817443848 -5.691826820373535
vt -10.90999984741211 -6.4033050537109375
vt -10.90999984741211 -6.4033050537109375
vt -2.6833748817443848 -5.691826820373535
vt -10.90999984741211 -5.691826820373535
vt -10.90999984741211 -5.691826820373535
vt -2.6833748817443848 -5.691826820373535
vt -2.87050199508667 -4.980349063873291
vt -10.90999984741211 -5.691826820373535
vt -2.87050199508667 -4.980349063873291
vt -10.90999984741211 -4.980349063873291
vt -10.90999984741211 -4.980349063873291
vt -2.87050199508667 -4.980349063873291
vt -3.04801607131958 -4.268869876861572
vt -10.90999984741211 -4.980349063873291
vt -3.04801607131958 -4.268869876861572
vt -10.90999984741211 -4.268869876861572
vt -10.90999984741211 -4.268869876861572
vt -3.04801607131958 -4.268869876861572
vt -3.2098710536956787 -3.557391881942749
vt -10.90999984741211 -4.268869876861572
vt -3.2098710536956787 -3.557391881942749
vt -10.90999984741211 -3.557391881942749
vt -10.90999984741211 -3.557391881942749
vt -3.2098710536956787 -3.557391881942749
vt -3.350554943084717 -2.8459129333496094
vt -10.90999984741211 -3.557391881942749
vt -3.350554943084717 -2.8459129333496094
vt -10.90999984741211 -2.8459129333496094
vt -10.90999984741211 -2.8459129333496094
vt -3.350554943084717 -2.8459129333496094
vt -3.465277910232544 -2.134434938430786
vt -10.90999984741211 -2.8459129333496094
vt -3.465277910232544 -2.134434938430786
vt -10.90999984741211 -2.134434938430786
vt -10.90999984741211 -2.134434938430786
vt -3.465277910232544 -2.134434938430786
vt -3.550132989883423 -1.422956943511963
vt -10.90999984741211 -2.134434938430786
vt -3.550132989883423 -1.422956943511963
vt -10.90999984741211 -1.422956943511963
vt -10.90999984741211 -1.422956943511963
vt -3.550132989883423 -1.422956943511963
vt -3.6022300720214844 -0.7114779949188232
vt -10.90999984741211 -1.422956943511963
vt -3.6022300720214844 -0.7114779949188232
vt -10.90999984741211 -0.7114779949188232
vt -10.90999984741211 -0.7114779949188232
vt -3.6022300720214844 -0.7114779949188232
vt -3.619795083999634 0
vt -10.90999984741211 -0.7114779949188232
vt -3.619795083999634 0
vt -10.90999984741211 0
vt -10.90999984741211 -7.8262619972229
vt -6.993186950683594 -7.412571907043457
vt -10.90999984741211 -7.114782810211182
vt -10.90999984741211 -7.114782810211182
vt -6.993186950683594 -7.412571907043457
vt -6.683489799499512 -7.1841721534729
vt -10.90999984741211 -7.114782810211182
vt -6.683489799499512 -7.1841721534729
vt -6.357212066650391 -7.007358074188232
vt -10.90999984741211 -8.537739753723145
vt -7.894773960113525 -8.273354530334473
vt -10.90999984741211 -7.8262619972229
vt -10.90999984741211 -7.8262619972229
vt -7.894773960113525 -8.273354530334473
vt -7.297264099121094 -7.6752190589904785
vt -10.90999984741211 -7.8262619972229
vt -7.297264099121094 -7.6752190589904785
vt -6.993186950683594 -7.412571907043457
vt -7.894773960113525 -8.273354530334473
vt -10.90999984741211 -8.537739753723145
vt -8.451545715332031 -8.930274963378906
vt -8.451545715332031 -8.930274963378906
vt -10.90999984741211 -8.537739753723145
vt -10.90999984741211 -9.249217987060547
vt -8.451545715332031 -8.930274963378906
vt -10.90999984741211 -9.249217987060547
vt -8.70456600189209 -9.272252082824707
vt -8.70456600189209 -9.272252082824707
vt -10.90999984741211 -9.249217987060547
vt -8.944385528564453 -9.634275436401367
vt -8.944385528564453 -9.634275436401367
vt -10.90999984741211 -9.249217987060547
vt -10.90999984741211 -9.960697174072266
vt -8.944385528564453 -9.634275436401367
vt -10.90999984741211 -9.960697174072266
vt -9.165433883666992 -10.016955375671387
vt -9.165433883666992 -10.016955375671387
vt -10.90999984741211 -9.960697174072266
vt -9.358846664428711 -10.415806770324707
vt -9.358846664428711 -10.415806770324707
vt -10.90999984741211 -9.960697174072266
vt -10.90999984741211 -10.672175407409668
vt -9.358846664428711 -10.415806770324707
vt -10.90999984741211 -10.672175407409668
vt -9.517066955566406 -10.826812744140625
vt -9.517066955566406 -10.826812744140625
vt -10.90999984741211 -10.672175407409668
vt -10.90999984741211 -11.38365364074707
vt -9.517066955566406 -10.826812744140625
vt -10.90999984741211 -11.38365364074707
vt -9.634305953979492 -11.24655818939209
vt -9.634305953979492 -11.24655818939209
vt -10.90999984741211 -11.38365364074707
vt -9.705941200256348 -11.670825958251953
vt -9.705941200256348 -11.670825958251953
vt -10.90999984741211 -11.38365364074707
vt -10.90999984741211 -12.095131874084473
vt -9.705941200256348 -11.670825958251953
vt -10.90999984741211 -12.095131874084473
vt -9.729999542236328 -12.095131874084473
vt -6.357212066650391 -7.007358074188232
vt -6.178459167480469 -6.94988489151001
vt -10.90999984741211 -7.114782810211182
vt -10.90999984741211 -7.114782810211182
vt -6.178459167480469 -6.94988489151001
vt -5.980000019073486 -6.92697286605835
vt -0.949999988079071 -11.78097152709961
vt 0 -11.78097152709961
vt -0.9734320044517517 -11.356619834899902
vt -0.9734320044517517 -11.356619834899902
vt 0 -11.78097152709961
vt 0 -11.087973594665527
vt -0.9734320044517517 -11.356619834899902
vt 0 -11.087973594665527
vt -1.0431469678878784 -10.932019233703613
vt -1.0431469678878784 -10.932019233703613
vt 0 -11.087973594665527
vt 0 -10.394975662231445
vt -1.0431469678878784 -10.932019233703613
vt 0 -10.394975662231445
vt -1.1570849418640137 -10.5113525390625
vt -1.1570849418640137 -10.5113525390625
vt 0 -10.394975662231445
vt -1.310500979423523 -10.098516464233398
vt -1.310500979423523 -10.098516464233398
vt 0 -10.394975662231445
vt 0 -9.701977729797363
vt -1.310500979423523 -10.098516464233398
vt 0 -9.701977729797363
vt -1.497428059577942 -9.69656753540039
vt -1.497428059577942 -9.69656753540039
vt 0 -9.701977729797363
vt -1.7100830078125 -9.309144973754883
vt -1.7100830078125 -9.309144973754883
vt 0 -9.701977729797363
vt 0 -9.008978843688965
vt -1.7100830078125 -9.309144973754883
vt 0 -9.008978843688965
vt -1.9393600225448608 -8.940336227416992
vt -1.9393600225448608 -8.940336227416992
vt 0 -9.008978843688965
vt -2.1792380809783936 -8.588996887207031
vt -2.1792380809783936 -8.588996887207031
vt 0 -9.008978843688965
vt 0 -8.315980911254883
vt -2.1792380809783936 -8.588996887207031
vt 0 -8.315980911254883
vt -2.696168899536133 -7.900082111358643
vt -2.696168899536133 -7.900082111358643
vt 0 -8.315980911254883
vt 0 -7.622982025146484
vt -2.696168899536133 -7.900082111358643
vt 0 -7.622982025146484
vt -3.2204020023345947 -7.2364630699157715
vt -3.2204020023345947 -7.2364630699157715
vt 0 -7.622982025146484
vt 0 -6.929984092712402
vt -3.2204020023345947 -7.2364630699157715
vt 0 -6.929984092712402
vt -3.463413953781128 -6.916421890258789
vt -3.463413953781128 -6.916421890258789
vt 0 -6.929984092712402
vt -3.679832935333252 -6.598165988922119
vt -3.679832935333252 -6.598165988922119
vt 0 -6.929984092712402
vt 0 -6.236985206604004
vt -3.679832935333252 -6.598165988922119
vt 0 -6.236985206604004
vt -3.850119113922119 -6.268336772918701
vt -3.850119113922119 -6.268336772918701
vt 0 -6.236985206604004
vt -3.9059178829193115 -6.089037895202637
vt -3.9059178829193115 -6.089037895202637
vt 0 -6.236985206604004
vt -3.92822003364563 -5.890485763549805
vt -3.92822003364563 -5.890485763549805
vt 0 -6.236985206604004
vt 0 -5.543986797332764
vt -3.92822003364563 -5.890485763549805
vt 0 -5.543986797332764
vt -3.9059178829193115 -5.691934108734131
vt -3.9059178829193115 -5.691934108734131
vt 0 -5.543986797332764
vt -3.850119113922119 -5.512635231018066
vt -3.850119113922119 -5.512635231018066
vt 0 -5.543986797332764
vt -3.679832935333252 -5.182806015014648
vt -3.679832935333252 -5.182806015014648
vt 0 -5.543986797332764
vt 0 -4.850988864898682
vt -3.679832935333252 -5.182806015014648
vt 0 -4.850988864898682
vt -3.463413953781128 -4.8645501136779785
vt -3.463413953781128 -4.8645501136779785
vt 0 -4.850988864898682
vt -3.2204020023345947 -4.544508934020996
vt -3.2204020023345947 -4.544508934020996
vt 0 -4.850988864898682
vt 0 -4.157989978790283
vt -3.2204020023345947 -4.544508934020996
vt 0 -4.157989978790283
vt -2.696168899536133 -3.880889892578125
vt -2.696168899536133 -3.880889892578125
vt 0 -4.157989978790283
vt 0 -3.464992046356201
vt -2.696168899536133 -3.880889892578125
vt 0 -3.464992046356201
vt -2.1792380809783936 -3.1919760704040527
vt -2.1792380809783936 -3.1919760704040527
vt 0 -3.464992046356201
vt 0 -2.7719929218292236
vt -2.1792380809783936 -3.1919760704040527
vt 0 -2.7719929218292236
vt -1.9393600225448608 -2.8406360149383545
vt -1.9393600225448608 -2.8406360149383545
vt 0 -2.7719929218292236
vt -1.7100830078125 -2.471827983856201
vt -1.7100830078125 -2.471827983856201
vt 0 -2.7719929218292236
vt 0 -2.0789949893951416
vt -1.7100830078125 -2.471827983856201
vt 0 -2.0789949893951416
vt -1.497428059577942 -2.0844039916992188
vt -1.497428059577942 -2.0844039916992188
vt 0 -2.0789949893951416
vt -1.310500979423523 -1.6824569702148438
vt -1.310500979423523 -1.6824569702148438
vt 0 -2.0789949893951416
vt 0 -1.3859970569610596
vt -1.310500979423523 -1.6824569702148438
vt 0 -1.3859970569610596
vt -1.1570849418640137 -1.2696189880371094
vt -1.1570849418640137 -1.2696189880371094
vt 0 -1.3859970569610596
vt -1.0431469678878784 -0.8489530086517334
vt -1.0431469678878784 -0.8489530086517334
vt 0 -1.3859970569610596
vt 0 -0.6929979920387268
vt -1.0431469678878784 -0.8489530086517334
vt 0 -0.6929979920387268
vt -0.9734320044517517 -0.4243530035018921
vt -0.9734320044517517 -0.4243530035018921
vt 0 -0.6929979920387268
vt 0 0
vt -0.9734320044517517 -0.4243530035018921
vt 0 0
vt -0.949999988079071 0
vt -0.7074360251426697 3.309446096420288
vt -0.7037609815597534 3.2897870540618896
vt 0 3.375
vt 0 3.375
vt -0.7037609815597534 3.2897870540618896
vt 0 3.3550000190734863
vt 0 3.375
vt 0 3.3550000190734863
vt 0.7037609815597534 3.2897870540618896
vt -0.7037609815597534 3.2897870540618896
vt -0.7074360251426697 3.309446096420288
vt -1.3835560083389282 3.0963690280914307
vt -1.3835560083389282 3.0963690280914307
vt -0.7074360251426697 3.309446096420288
vt -1.390779972076416 3.115017890930176
vt -1.3835560083389282 3.0963690280914307
vt -1.390779972076416 3.115017890930176
vt -2.016235113143921 2.781332015991211
vt -2.016235113143921 2.781332015991211
vt -1.390779972076416 3.115017890930176
vt -2.026763916015625 2.7983360290527344
vt -2.016235113143921 2.781332015991211
vt -2.026763916015625 2.7983360290527344
vt -2.580254077911377 2.3554039001464844
vt -2.580254077911377 2.3554039001464844
vt -2.026763916015625 2.7983360290527344
vt -2.5937280654907227 2.3701839447021484
vt -2.580254077911377 2.3554039001464844
vt -2.5937280654907227 2.3701839447021484
vt -3.056406021118164 1.8330910205841064
vt -3.056406021118164 1.8330910205841064
vt -2.5937280654907227 2.3701839447021484
vt -3.0723659992218018 1.8451429605484009
vt -3.056406021118164 1.8330910205841064
vt -3.0723659992218018 1.8451429605484009
vt -3.4284749031066895 1.232177972793579
vt -3.4284749031066895 1.232177972793579
vt -3.0723659992218018 1.8451429605484009
vt -3.4463789463043213 1.2410930395126343
vt -3.4284749031066895 1.232177972793579
vt -3.4463789463043213 1.2410930395126343
vt -3.6837921142578125 0.5731289982795715
vt -3.6837921142578125 0.5731289982795715
vt -3.4463789463043213 1.2410930395126343
vt -3.703028917312622 0.5786020159721375
vt -3.6837921142578125 0.5731289982795715
vt -3.703028917312622 0.5786020159721375
vt -3.813662052154541 -0.12161199748516083
vt -3.813662052154541 -0.12161199748516083
vt -3.703028917312622 0.5786020159721375
vt -3.8335769176483154 -0.11976700276136398
vt -3.813662052154541 -0.12161199748516083
vt -3.8335769176483154 -0.11976700276136398
vt -3.8335769176483154 -0.8302329778671265
vt -3.813662052154541 -0.12161199748516083
vt -3.8335769176483154 -0.8302329778671265
vt -3.813662052154541 -0.828387975692749
vt -3.813662052154541 -0.828387975692749
vt -3.8335769176483154 -0.8302329778671265
vt -3.703028917312622 -1.5286020040512085
vt -3.813662052154541 -0.828387975692749
vt -3.703028917312622 -1.5286020040512085
vt -3.6837921142578125 -1.5231289863586426
vt -3.6837921142578125 -1.5231289863586426
vt -3.703028917312622 -1.5286020040512085
vt -3.4463789463043213 -2.1910929679870605
vt -3.6837921142578125 -1.5231289863586426
vt -3.4463789463043213 -2.1910929679870605
vt -3.4284749031066895 -2.182178020477295
vt -3.4284749031066895 -2.182178020477295
vt -3.4463789463043213 -2.1910929679870605
vt -3.0723659992218018 -2.795142889022827
vt -3.4284749031066895 -2.182178020477295
vt -3.0723659992218018 -2.795142889022827
vt -3.056406021118164 -2.7830910682678223
vt -3.056406021118164 -2.7830910682678223
vt -3.0723659992218018 -2.795142889022827
vt -2.5937280654907227 -3.3201839923858643
vt -3.056406021118164 -2.7830910682678223
vt -2.5937280654907227 -3.3201839923858643
vt -2.580254077911377 -3.3054039478302
vt -2.580254077911377 -3.3054039478302
vt -2.5937280654907227 -3.3201839923858643
vt -2.026763916015625 -3.74833607673645
vt -2.580254077911377 -3.3054039478302
vt -2.026763916015625 -3.74833607673645
vt -2.016235113143921 -3.7313320636749268
vt -2.016235113143921 -3.7313320636749268
vt -2.026763916015625 -3.74833607673645
vt -1.390779972076416 -4.065018177032471
vt -2.016235113143921 -3.7313320636749268
vt -1.390779972076416 -4.065018177032471
vt -1.3835560083389282 -4.0463690757751465
vt -1.3835560083389282 -4.0463690757751465
vt -1.390779972076416 -4.065018177032471
vt -0.7074360251426697 -4.25944709777832
vt -1.3835560083389282 -4.0463690757751465
vt -0.7074360251426697 -4.25944709777832
vt -0.7037609815597534 -4.2397871017456055
vt -0.7037609815597534 -4.2397871017456055
vt -0.7074360251426697 -4.25944709777832
vt 0 -4.324999809265137
vt -0.7037609815597534 -4.2397871017456055
vt 0 -4.324999809265137
vt 0 -4.304999828338623
vt 0 -4.304999828338623
vt 0 -4.324999809265137
vt 0.7037609815597534 -4.2397871017456055
vt 0.7037609815597534 -4.2397871017456055
vt 0 -4.324999809265137
vt 0.7074360251426697 -4.25944709777832
vt 0.7037609815597534 -4.2397871017456055
vt 0.7074360251426697 -4.25944709777832
vt 1.3835560083389282 -4.0463690757751465
vt 1.3835560083389282 -4.0463690757751465
vt 0.7074360251426697 -4.25944709777832
vt 1.390779972076416 -4.065018177032471
vt 1.3835560083389282 -4.0463690757751465
vt 1.390779972076416 -4.065018177032471
vt 2.016235113143921 -3.7313320636749268
vt 2.016235113143921 -3.7313320636749268
vt 1.390779972076416 -4.065018177032471
vt 2.026763916015625 -3.74833607673645
vt 2.016235113143921 -3.7313320636749268
vt 2.026763916015625 -3.74833607673645
vt 2.580254077911377 -3.3054039478302
vt 2.580254077911377 -3.3054039478302
vt 2.026763916015625 -3.74833607673645
vt 2.5937280654907227 -3.3201839923858643
vt 2.580254077911377 -3.3054039478302
vt 2.5937280654907227 -3.3201839923858643
vt 3.056406021118164 -2.7830910682678223
vt 3.056406021118164 -2.7830910682678223
vt 2.5937280654907227 -3.3201839923858643
vt 3.0723659992218018 -2.795142889022827
vt 3.056406021118164 -2.7830910682678223
vt 3.0723659992218018 -2.795142889022827
vt 3.4284749031066895 -2.182178020477295
vt 3.4284749031066895 -2.182178020477295
vt 3.0723659992218018 -2.795142889022827
vt 3.4463789463043213 -2.1910929679870605
vt 3.4284749031066895 -2.182178020477295
vt 3.4463789463043213 -2.1910929679870605
vt 3.6837921142578125 -1.5231289863586426
vt 3.6837921142578125 -1.5231289863586426
vt 3.4463789463043213 -2.1910929679870605
vt 3.703028917312622 -1.5286020040512085
vt 3.6837921142578125 -1.5231289863586426
vt 3.703028917312622 -1.5286020040512085
vt 3.813662052154541 -0.828387975692749
vt 3.813662052154541 -0.828387975692749
vt 3.703028917312622 -1.5286020040512085
vt 3.8335769176483154 -0.8302329778671265
vt 3.813662052154541 -0.828387975692749
vt 3.8335769176483154 -0.8302329778671265
vt 3.813662052154541 -0.12161199748516083
vt 3.813662052154541 -0.12161199748516083
vt 3.8335769176483154 -0.8302329778671265
vt 3.8335769176483154 -0.11976700276136398
vt 3.813662052154541 -0.12161199748516083
vt 3.8335769176483154 -0.11976700276136398
vt 3.703028917312622 0.5786020159721375
vt 3.813662052154541 -0.12161199748516083
vt 3.703028917312622 0.5786020159721375
vt 3.6837921142578125 0.5731289982795715
vt 3.6837921142578125 0.5731289982795715
vt 3.703028917312622 0.5786020159721375
vt 3.4463789463043213 1.2410930395126343
vt 3.6837921142578125 0.5731289982795715
vt 3.4463789463043213 1.2410930395126343
vt 3.4284749031066895 1.232177972793579
vt 3.4284749031066895 1.232177972793579
vt 3.4463789463043213 1.2410930395126343
vt 3.0723659992218018 1.8451429605484009
vt 3.4284749031066895 1.232177972793579
vt 3.0723659992218018 1.8451429605484009
vt 3.056406021118164 1.8330910205841064
vt 3.056406021118164 1.8330910205841064
vt 3.0723659992218018 1.8451429605484009
vt 2.5937280654907227 2.3701839447021484
vt 3.056406021118164 1.8330910205841064
vt 2.5937280654907227 2.3701839447021484
vt 2.580254077911377 2.3554039001464844
vt 2.580254077911377 2.3554039001464844
vt 2.5937280654907227 2.3701839447021484
vt 2.026763916015625 2.7983360290527344
vt 2.580254077911377 2.3554039001464844
vt 2.026763916015625 2.7983360290527344
vt 2.016235113143921 2.781332015991211
vt 2.016235113143921 2.781332015991211
vt 2.026763916015625 2.7983360290527344
vt 1.390779972076416 3.115017890930176
vt 2.016235113143921 2.781332015991211
vt 1.390779972076416 3.115017890930176
vt 1.3835560083389282 3.0963690280914307
vt 1.3835560083389282 3.0963690280914307
vt 1.390779972076416 3.115017890930176
vt 0.7074360251426697 3.309446096420288
vt 1.3835560083389282 3.0963690280914307
vt 0.7074360251426697 3.309446096420288
vt 0.7037609815597534 3.2897870540618896
vt 0.7037609815597534 3.2897870540618896
vt 0.7074360251426697 3.309446096420288
vt 0 3.375
vt 4.795812129974365 0.7074360251426697
vt 4.775458812713623 0.7037609815597534
vt 4.863677978515625 0
vt 4.863677978515625 0
vt 4.775458812713623 0.7037609815597534
vt 4.842973232269287 0
vt 4.863677978515625 0
vt 4.842973232269287 0
vt 4.775458812713623 -0.7037609815597534
vt 4.775458812713623 0.7037609815597534
vt 4.795812129974365 0.7074360251426697
vt 4.575218200683594 1.3835560083389282
vt 4.575218200683594 1.3835560083389282
vt 4.795812129974365 0.7074360251426697
vt 4.59452486038208 1.390779972076416
vt 4.575218200683594 1.3835560083389282
vt 4.59452486038208 1.390779972076416
vt 4.2490668296813965 2.016235113143921
vt 4.2490668296813965 2.016235113143921
vt 4.59452486038208 1.390779972076416
vt 4.266672134399414 2.026763916015625
vt 4.2490668296813965 2.016235113143921
vt 4.266672134399414 2.026763916015625
vt 3.808115005493164 2.580254077911377
vt 3.808115005493164 2.580254077911377
vt 4.266672134399414 2.026763916015625
vt 3.823415994644165 2.5937280654907227
vt 3.808115005493164 2.580254077911377
vt 3.823415994644165 2.5937280654907227
vt 3.267375946044922 3.056406021118164
vt 3.267375946044922 3.056406021118164
vt 3.823415994644165 2.5937280654907227
vt 3.2798540592193604 3.0723659992218018
vt 3.267375946044922 3.056406021118164
vt 3.2798540592193604 3.0723659992218018
vt 2.645266056060791 3.4284749031066895
vt 2.645266056060791 3.4284749031066895
vt 3.2798540592193604 3.0723659992218018
vt 2.6544950008392334 3.4463789463043213
vt 2.645266056060791 3.4284749031066895
vt 2.6544950008392334 3.4463789463043213
vt 1.9629679918289185 3.6837921142578125
vt 1.9629679918289185 3.6837921142578125
vt 2.6544950008392334 3.4463789463043213
vt 1.968634009361267 3.703028917312622
vt 1.9629679918289185 3.6837921142578125
vt 1.968634009361267 3.703028917312622
vt 1.2437189817428589 3.813662052154541
vt 1.2437189817428589 3.813662052154541
vt 1.968634009361267 3.703028917312622
vt 1.2456289529800415 3.8335769176483154
vt 1.2437189817428589 3.813662052154541
vt 1.2456289529800415 3.8335769176483154
vt 0.5101000070571899 3.8335769176483154
vt 1.2437189817428589 3.813662052154541
vt 0.5101000070571899 3.8335769176483154
vt 0.5120109915733337 3.813662052154541
vt 0.5120109915733337 3.813662052154541
vt 0.5101000070571899 3.8335769176483154
vt -0.21290500462055206 3.703028917312622
vt 0.5120109915733337 3.813662052154541
vt -0.21290500462055206 3.703028917312622
vt -0.20723800361156464 3.6837921142578125
vt -0.20723800361156464 3.6837921142578125
vt -0.21290500462055206 3.703028917312622
vt -0.8987650275230408 3.4463789463043213
vt -0.20723800361156464 3.6837921142578125
vt -0.8987650275230408 3.4463789463043213
vt -0.8895360231399536 3.4284749031066895
vt -0.8895360231399536 3.4284749031066895
vt -0.8987650275230408 3.4463789463043213
vt -1.524124026298523 3.0723659992218018
vt -0.8895360231399536 3.4284749031066895
vt -1.524124026298523 3.0723659992218018
vt -1.511646032333374 3.056406021118164
vt -1.511646032333374 3.056406021118164
vt -1.524124026298523 3.0723659992218018
vt -2.0676870346069336 2.5937280654907227
vt -1.511646032333374 3.056406021118164
vt -2.0676870346069336 2.5937280654907227
vt -2.052385091781616 2.580254077911377
vt -2.052385091781616 2.580254077911377
vt -2.0676870346069336 2.5937280654907227
vt -2.510941982269287 2.026763916015625
vt -2.052385091781616 2.580254077911377
vt -2.510941982269287 2.026763916015625
vt -2.493338108062744 2.016235113143921
vt -2.493338108062744 2.016235113143921
vt -2.510941982269287 2.026763916015625
vt -2.8387949466705322 1.390779972076416
vt -2.493338108062744 2.016235113143921
vt -2.8387949466705322 1.390779972076416
vt -2.819488048553467 1.3835560083389282
vt -2.819488048553467 1.3835560083389282
vt -2.8387949466705322 1.390779972076416
vt -3.0400819778442383 0.7074360251426697
vt -2.819488048553467 1.3835560083389282
vt -3.0400819778442383 0.7074360251426697
vt -3.019728899002075 0.7037609815597534
vt -3.019728899002075 0.7037609815597534
vt -3.0400819778442383 0.7074360251426697
vt -3.107948064804077 0
vt -3.019728899002075 0.7037609815597534
vt -3.107948064804077 0
vt -3.08724308013916 0
vt -3.08724308013916 0
vt -3.107948064804077 0
vt -3.019728899002075 -0.7037609815597534
vt -3.019728899002075 -0.7037609815597534
vt -3.107948064804077 0
vt -3.0400819778442383 -0.7074360251426697
vt -3.019728899002075 -0.7037609815597534
vt -3.0400819778442383 -0.7074360251426697
vt -2.819488048553467 -1.3835560083389282
vt -2.819488048553467 -1.3835560083389282
vt -3.0400819778442383 -0.7074360251426697
vt -2.8387949466705322 -1.390779972076416
vt -2.819488048553467 -1.3835560083389282
vt -2.8387949466705322 -1.390779972076416
vt -2.493338108062744 -2.016235113143921
vt -2.493338108062744 -2.016235113143921
vt -2.8387949466705322 -1.390779972076416
vt -2.510941982269287 -2.026763916015625
vt -2.493338108062744 -2.016235113143921
vt -2.510941982269287 -2.026763916015625
vt -2.052385091781616 -2.580254077911377
vt -2.052385091781616 -2.580254077911377
vt -2.510941982269287 -2.026763916015625
vt -2.0676870346069336 -2.5937280654907227
vt -2.052385091781616 -2.580254077911377
vt -2.0676870346069336 -2.5937280654907227
vt -1.511646032333374 -3.056406021118164
vt -1.511646032333374 -3.056406021118164
vt -2.0676870346069336 -2.5937280654907227
vt -1.524124026298523 -3.0723659992218018
vt -1.511646032333374 -3.056406021118164
vt -1.524124026298523 -3.0723659992218018
vt -0.8895360231399536 -3.4284749031066895
vt -0.8895360231399536 -3.4284749031066895
vt -1.524124026298523 -3.0723659992218018
vt -0.8987650275230408 -3.4463789463043213
vt -0.8895360231399536 -3.4284749031066895
vt -0.8987650275230408 -3.4463789463043213
vt -0.20723800361156464 -3.6837921142578125
vt -0.20723800361156464 -3.6837921142578125
vt -0.8987650275230408 -3.4463789463043213
vt -0.21290500462055206 -3.703028917312622
vt -0.20723800361156464 -3.6837921142578125
vt -0.21290500462055206 -3.703028917312622
vt 0.5120109915733337 -3.813662052154541
vt 0.5120109915733337 -3.813662052154541
vt -0.21290500462055206 -3.703028917312622
vt 0.5101000070571899 -3.8335769176483154
vt 0.5120109915733337 -3.813662052154541
vt 0.5101000070571899 -3.8335769176483154
vt 1.2456289529800415 -3.8335769176483154
vt 0.5120109915733337 -3.813662052154541
vt 1.2456289529800415 -3.8335769176483154
vt 1.2437189817428589 -3.813662052154541
vt 1.2437189817428589 -3.813662052154541
vt 1.2456289529800415 -3.8335769176483154
vt 1.968634009361267 -3.703028917312622
vt 1.2437189817428589 -3.813662052154541
vt 1.968634009361267 -3.703028917312622
vt 1.9629679918289185 -3.6837921142578125
vt 1.9629679918289185 -3.6837921142578125
vt 1.968634009361267 -3.703028917312622
vt 2.6544950008392334 -3.4463789463043213
vt 1.9629679918289185 -3.6837921142578125
vt 2.6544950008392334 -3.4463789463043213
vt 2.645266056060791 -3.4284749031066895
vt 2.645266056060791 -3.4284749031066895
vt 2.6544950008392334 -3.4463789463043213
vt 3.2798540592193604 -3.0723659992218018
vt 2.645266056060791 -3.4284749031066895
vt 3.2798540592193604 -3.0723659992218018
vt 3.267375946044922 -3.056406021118164
vt 3.267375946044922 -3.056406021118164
vt 3.2798540592193604 -3.0723659992218018
vt 3.823415994644165 -2.5937280654907227
vt 3.267375946044922 -3.056406021118164
vt 3.823415994644165 -2.5937280654907227
vt 3.808115005493164 -2.580254077911377
vt 3.808115005493164 -2.580254077911377
vt 3.823415994644165 -2.5937280654907227
vt 4.266672134399414 -2.026763916015625
vt 3.808115005493164 -2.580254077911377
vt 4.266672134399414 -2.026763916015625
vt 4.2490668296813965 -2.016235113143921
vt 4.2490668296813965 -2.016235113143921
vt 4.266672134399414 -2.026763916015625
vt 4.59452486038208 -1.390779972076416
vt 4.2490668296813965 -2.016235113143921
vt 4.59452486038208 -1.390779972076416
vt 4.575218200683594 -1.3835560083389282
vt 4.575218200683594 -1.3835560083389282
vt 4.59452486038208 -1.390779972076416
vt 4.795812129974365 -0.7074360251426697
vt 4.575218200683594 -1.3835560083389282
vt 4.795812129974365 -0.7074360251426697
vt 4.775458812713623 -0.7037609815597534
vt 4.775458812713623 -0.7037609815597534
vt 4.795812129974365 -0.7074360251426697
vt 4.863677978515625 0
vt -1.0299999713897705 -13.66592788696289
vt 0 -13.66592788696289
vt -1.0299999713897705 -12.906709671020508
vt -1.0299999713897705 -12.906709671020508
vt 0 -13.66592788696289
vt 0 -12.906709671020508
vt -1.0299999713897705 -12.906709671020508
vt 0 -12.906709671020508
vt 0 -12.147491455078125
vt -1.0299999713897705 -12.906709671020508
vt 0 -12.147491455078125
vt -1.0299999713897705 -12.147491455078125
vt -1.0299999713897705 -12.147491455078125
vt 0 -12.147491455078125
vt 0 -11.388273239135742
vt -1.0299999713897705 -12.147491455078125
vt 0 -11.388273239135742
vt -1.0299999713897705 -11.388273239135742
vt -1.0299999713897705 -11.388273239135742
vt 0 -11.388273239135742
vt 0 -10.62905502319336
vt -1.0299999713897705 -11.388273239135742
vt 0 -10.62905502319336
vt -1.0299999713897705 -10.62905502319336
vt -1.0299999713897705 -10.62905502319336
vt 0 -10.62905502319336
vt 0 -9.869836807250977
vt -1.0299999713897705 -10.62905502319336
vt 0 -9.869836807250977
vt -1.0299999713897705 -9.869836807250977
vt -1.0299999713897705 -9.869836807250977
vt 0 -9.869836807250977
vt 0 -9.110618591308594
vt -1.0299999713897705 -9.869836807250977
vt 0 -9.110618591308594
vt -1.0299999713897705 -9.110618591308594
vt -1.0299999713897705 -9.110618591308594
vt 0 -9.110618591308594
vt 0 -8.351400375366211
vt -1.0299999713897705 -9.110618591308594
vt 0 -8.351400375366211
vt -1.0299999713897705 -8.351400375366211
vt -1.0299999713897705 -8.351400375366211
vt 0 -8.351400375366211
vt 0 -7.592182159423828
vt -1.0299999713897705 -8.351400375366211
vt 0 -7.592182159423828
vt -1.0299999713897705 -7.592182159423828
vt -1.0299999713897705 -7.592182159423828
vt 0 -7.592182159423828
vt 0 -6.832963943481445
vt -1.0299999713897705 -7.592182159423828
vt 0 -6.832963943481445
vt -1.0299999713897705 -6.832963943481445
vt -1.0299999713897705 -6.832963943481445
vt 0 -6.832963943481445
vt 0 -6.073746204376221
vt -1.0299999713897705 -6.832963943481445
vt 0 -6.073746204376221
vt -1.0299999713897705 -6.073746204376221
vt -1.0299999713897705 -6.073746204376221
vt 0 -6.073746204376221
vt 0 -5.314527988433838
vt -1.0299999713897705 -6.073746204376221
vt 0 -5.314527988433838
vt -1.0299999713897705 -5.314527988433838
vt -1.0299999713897705 -5.314527988433838
vt 0 -5.314527988433838
vt 0 -4.555308818817139
vt -1.0299999713897705 -5.314527988433838
vt 0 -4.555308818817139
vt -1.0299999713897705 -4.555308818817139
vt -1.0299999713897705 -4.555308818817139
vt 0 -4.555308818817139
vt 0 -3.796091079711914
vt -1.0299999713897705 -4.555308818817139
vt 0 -3.796091079711914
vt -1.0299999713897705 -3.796091079711914
vt -1.0299999713897705 -3.796091079711914
vt 0 -3.796091079711914
vt 0 -3.0368731021881104
vt -1.0299999713897705 -3.796091079711914
vt 0 -3.0368731021881104
vt -1.0299999713897705 -3.0368731021881104
vt -1.0299999713897705 -3.0368731021881104
vt 0 -3.0368731021881104
vt 0 -2.2776548862457275
vt -1.0299999713897705 -3.0368731021881104
vt 0 -2.2776548862457275
vt -1.0299999713897705 -2.2776548862457275
vt -1.0299999713897705 -2.2776548862457275
vt 0 -2.2776548862457275
vt 0 -1.5184359550476074
vt -1.0299999713897705 -2.2776548862457275
vt 0 -1.5184359550476074
vt -1.0299999713897705 -1.5184359550476074
vt -1.0299999713897705 -1.5184359550476074
vt 0 -1.5184359550476074
vt 0 -0.7592179775238037
vt -1.0299999713897705 -1.5184359550476074
vt 0 -0.7592179775238037
vt -1.0299999713897705 -0.7592179775238037
vt -1.0299999713897705 -0.7592179775238037
vt 0 -0.7592179775238037
vt 0 0
vt -1.0299999713897705 -0.7592179775238037
vt 0 0
vt -1.0299999713897705 0
vt -4.283914089202881 0.755370020866394
vt -4.349999904632568 0
vt -4.150000095367432 0
vt -4.150000095367432 0
vt -4.349999904632568 0
vt -4.283914089202881 -0.755370020866394
vt -4.150000095367432 0
vt -4.283914089202881 -0.755370020866394
vt -4.079339027404785 -0.7625600099563599
vt -4.079339027404785 -0.7625600099563599
vt -4.283914089202881 -0.755370020866394
vt -4.087663173675537 -1.4877879619598389
vt -4.079339027404785 -0.7625600099563599
vt -4.087663173675537 -1.4877879619598389
vt -3.869760036468506 -1.4991530179977417
vt -3.869760036468506 -1.4991530179977417
vt -4.087663173675537 -1.4877879619598389
vt -3.767210006713867 -2.174999952316284
vt -3.869760036468506 -1.4991530179977417
vt -3.767210006713867 -2.174999952316284
vt -3.5284008979797363 -2.1846940517425537
vt -3.5284008979797363 -2.1846940517425537
vt -3.767210006713867 -2.174999952316284
vt -3.3322930335998535 -2.796125888824463
vt -3.5284008979797363 -2.1846940517425537
vt -3.3322930335998535 -2.796125888824463
vt -3.0668869018554688 -2.795836925506592
vt -3.0668869018554688 -2.795836925506592
vt -3.3322930335998535 -2.796125888824463
vt -2.796125888824463 -3.3322930335998535
vt -3.0668869018554688 -2.795836925506592
vt -2.796125888824463 -3.3322930335998535
vt -2.500933885574341 -3.3117709159851074
vt -2.500933885574341 -3.3117709159851074
vt -2.796125888824463 -3.3322930335998535
vt -2.174999952316284 -3.767210006713867
vt -2.500933885574341 -3.3117709159851074
vt -2.174999952316284 -3.767210006713867
vt -1.8498140573501587 -3.714927911758423
vt -1.8498140573501587 -3.714927911758423
vt -2.174999952316284 -3.767210006713867
vt -1.4877879619598389 -4.087663173675537
vt -1.8498140573501587 -3.714927911758423
vt -1.4877879619598389 -4.087663173675537
vt -1.1357009410858154 -3.9915759563446045
vt -1.1357009410858154 -3.9915759563446045
vt -1.4877879619598389 -4.087663173675537
vt -0.755370020866394 -4.283914089202881
vt -1.1357009410858154 -3.9915759563446045
vt -0.755370020866394 -4.283914089202881
vt -0.3829140067100525 -4.132297039031982
vt -0.3829140067100525 -4.132297039031982
vt -0.755370020866394 -4.283914089202881
vt 0 -4.349999904632568
vt -0.3829140067100525 -4.132297039031982
vt 0 -4.349999904632568
vt 0.3829140067100525 -4.132297039031982
vt 0.3829140067100525 -4.132297039031982
vt 0 -4.349999904632568
vt 0.755370020866394 -4.283914089202881
vt 0.3829140067100525 -4.132297039031982
vt 0.755370020866394 -4.283914089202881
vt 1.1357009410858154 -3.9915759563446045
vt 1.1357009410858154 -3.9915759563446045
vt 0.755370020866394 -4.283914089202881
vt 1.4877879619598389 -4.087663173675537
vt 1.1357009410858154 -3.9915759563446045
vt 1.4877879619598389 -4.087663173675537
vt 1.8498140573501587 -3.714927911758423
vt 1.8498140573501587 -3.714927911758423
vt 1.4877879619598389 -4.087663173675537
vt 2.174999952316284 -3.767210006713867
vt 1.8498140573501587 -3.714927911758423
vt 2.174999952316284 -3.767210006713867
vt 2.500933885574341 -3.3117709159851074
vt 2.500933885574341 -3.3117709159851074
vt 2.174999952316284 -3.767210006713867
vt 2.796125888824463 -3.3322930335998535
vt 2.500933885574341 -3.3117709159851074
vt 2.796125888824463 -3.3322930335998535
vt 3.0668869018554688 -2.795836925506592
vt 3.0668869018554688 -2.795836925506592
vt 2.796125888824463 -3.3322930335998535
vt 3.3322930335998535 -2.796125888824463
vt 3.0668869018554688 -2.795836925506592
vt 3.3322930335998535 -2.796125888824463
vt 3.5284008979797363 -2.1846940517425537
vt 3.5284008979797363 -2.1846940517425537
vt 3.3322930335998535 -2.796125888824463
vt 3.767210006713867 -2.174999952316284
vt 3.5284008979797363 -2.1846940517425537
vt 3.767210006713867 -2.174999952316284
vt 3.869760036468506 -1.4991530179977417
vt 3.869760036468506 -1.4991530179977417
vt 3.767210006713867 -2.174999952316284
vt 4.087663173675537 -1.4877879619598389
vt 3.869760036468506 -1.4991530179977417
vt 4.087663173675537 -1.4877879619598389
vt 4.079339027404785 -0.7625600099563599
vt 4.079339027404785 -0.7625600099563599
vt 4.087663173675537 -1.4877879619598389
vt 4.283914089202881 -0.755370020866394
vt 4.079339027404785 -0.7625600099563599
vt 4.283914089202881 -0.755370020866394
vt 4.150000095367432 0
vt 4.150000095367432 0
vt 4.283914089202881 -0.755370020866394
vt 4.349999904632568 0
vt 4.150000095367432 0
vt 4.349999904632568 0
vt 4.283914089202881 0.755370020866394
vt 4.150000095367432 0
vt 4.283914089202881 0.755370020866394
vt 4.079339027404785 0.7625600099563599
vt 4.079339027404785 0.7625600099563599
vt 4.283914089202881 0.755370020866394
vt 4.087663173675537 1.4877879619598389
vt 4.079339027404785 0.7625600099563599
vt 4.087663173675537 1.4877879619598389
vt 3.869760036468506 1.4991530179977417
vt 3.869760036468506 1.4991530179977417
vt 4.087663173675537 1.4877879619598389
vt 3.767210006713867 2.174999952316284
vt 3.869760036468506 1.4991530179977417
vt 3.767210006713867 2.174999952316284
vt 3.5284008979797363 2.1846940517425537
vt 3.5284008979797363 2.1846940517425537
vt 3.767210006713867 2.174999952316284
vt 3.3322930335998535 2.796125888824463
vt 3.5284008979797363 2.1846940517425537
vt 3.3322930335998535 2.796125888824463
vt 3.0668869018554688 2.795836925506592
vt 3.0668869018554688 2.795836925506592
vt 3.3322930335998535 2.796125888824463
vt 2.796125888824463 3.3322930335998535
vt 3.0668869018554688 2.795836925506592
vt 2.796125888824463 3.3322930335998535
vt 2.500933885574341 3.3117709159851074
vt 2.500933885574341 3.3117709159851074
vt 2.796125888824463 3.3322930335998535
vt 2.174999952316284 3.767210006713867
vt 2.500933885574341 3.3117709159851074
vt 2.174999952316284 3.767210006713867
vt 1.8498140573501587 3.714927911758423
vt 1.8498140573501587 3.714927911758423
vt 2.174999952316284 3.767210006713867
vt 1.4877879619598389 4.087663173675537
vt 1.8498140573501587 3.714927911758423
vt 1.4877879619598389 4.087663173675537
vt 1.1357009410858154 3.9915759563446045
vt 1.1357009410858154 3.9915759563446045
vt 1.4877879619598389 4.087663173675537
vt 0.755370020866394 4.283914089202881
vt 1.1357009410858154 3.9915759563446045
vt 0.755370020866394 4.283914089202881
vt 0.3829140067100525 4.132297039031982
vt 0.3829140067100525 4.132297039031982
vt 0.755370020866394 4.283914089202881
vt 0 4.349999904632568
vt 0.3829140067100525 4.132297039031982
vt 0 4.349999904632568
vt -0.3829140067100525 4.132297039031982
vt -0.3829140067100525 4.132297039031982
vt 0 4.349999904632568
vt -0.755370020866394 4.283914089202881
vt -0.3829140067100525 4.132297039031982
vt -0.755370020866394 4.283914089202881
vt -1.1357009410858154 3.9915759563446045
vt -1.1357009410858154 3.9915759563446045
vt -0.755370020866394 4.283914089202881
vt -1.4877879619598389 4.087663173675537
vt -1.1357009410858154 3.9915759563446045
vt -1.4877879619598389 4.087663173675537
vt -1.8498140573501587 3.714927911758423
vt -1.8498140573501587 3.714927911758423
vt -1.4877879619598389 4.087663173675537
vt -2.174999952316284 3.767210006713867
vt -1.8498140573501587 3.714927911758423
vt -2.174999952316284 3.767210006713867
vt -2.500933885574341 3.3117709159851074
vt -2.500933885574341 3.3117709159851074
vt -2.174999952316284 3.767210006713867
vt -2.796125888824463 3.3322930335998535
vt -2.500933885574341 3.3117709159851074
vt -2.796125888824463 3.3322930335998535
vt -3.0668869018554688 2.795836925506592
vt -3.0668869018554688 2.795836925506592
vt -2.796125888824463 3.3322930335998535
vt -3.3322930335998535 2.796125888824463
vt -3.0668869018554688 2.795836925506592
vt -3.3322930335998535 2.796125888824463
vt -3.5284008979797363 2.1846940517425537
vt -3.5284008979797363 2.1846940517425537
vt -3.3322930335998535 2.796125888824463
vt -3.767210006713867 2.174999952316284
vt -3.5284008979797363 2.1846940517425537
vt -3.767210006713867 2.174999952316284
vt -3.869760036468506 1.4991530179977417
vt -3.869760036468506 1.4991530179977417
vt -3.767210006713867 2.174999952316284
vt -4.087663173675537 1.4877879619598389
vt -3.869760036468506 1.4991530179977417
vt -4.087663173675537 1.4877879619598389
vt -4.079339027404785 0.7625600099563599
vt -4.079339027404785 0.7625600099563599
vt -4.087663173675537 1.4877879619598389
vt -4.283914089202881 0.755370020866394
vt -4.079339027404785 0.7625600099563599
vt -4.283914089202881 0.755370020866394
vt -4.150000095367432 0
vt -3.7844460010528564 -0.7074360251426697
vt -3.6861488819122314 -0.6890609860420227
vt -3.8499999046325684 0
vt -3.8499999046325684 0
vt -3.6861488819122314 -0.6890609860420227
vt -3.75 0
vt -3.8499999046325684 0
vt -3.75 0
vt -3.6861488819122314 0.6890609860420227
vt -3.6861488819122314 -0.6890609860420227
vt -3.7844460010528564 -0.7074360251426697
vt -3.4967710971832275 -1.3546559810638428
vt -3.4967710971832275 -1.3546559810638428
vt -3.7844460010528564 -0.7074360251426697
vt -3.5900180339813232 -1.390779972076416
vt -3.4967710971832275 -1.3546559810638428
vt -3.5900180339813232 -1.390779972076416
vt -3.1883139610290527 -1.9741209745407104
vt -3.1883139610290527 -1.9741209745407104
vt -3.5900180339813232 -1.390779972076416
vt -3.2733359336853027 -2.026763916015625
vt -3.1883139610290527 -1.9741209745407104
vt -3.2733359336853027 -2.026763916015625
vt -2.771282911300659 -2.5263590812683105
vt -2.771282911300659 -2.5263590812683105
vt -3.2733359336853027 -2.026763916015625
vt -2.845184087753296 -2.5937280654907227
vt -2.771282911300659 -2.5263590812683105
vt -2.845184087753296 -2.5937280654907227
vt -2.2598800659179688 -2.9925649166107178
vt -2.2598800659179688 -2.9925649166107178
vt -2.845184087753296 -2.5937280654907227
vt -2.320142984390259 -3.0723659992218018
vt -2.2598800659179688 -2.9925649166107178
vt -2.320142984390259 -3.0723659992218018
vt -1.6715190410614014 -3.3568620681762695
vt -1.6715190410614014 -3.3568620681762695
vt -2.320142984390259 -3.0723659992218018
vt -1.7160929441452026 -3.4463789463043213
vt -1.6715190410614014 -3.3568620681762695
vt -1.7160929441452026 -3.4463789463043213
vt -1.0262360572814941 -3.6068460941314697
vt -1.0262360572814941 -3.6068460941314697
vt -1.7160929441452026 -3.4463789463043213
vt -1.0536019802093506 -3.703028917312622
vt -1.0262360572814941 -3.6068460941314697
vt -1.0536019802093506 -3.703028917312622
vt -0.34600600600242615 -3.7340030670166016
vt -0.34600600600242615 -3.7340030670166016
vt -1.0536019802093506 -3.703028917312622
vt -0.35523301362991333 -3.8335769176483154
vt -0.34600600600242615 -3.7340030670166016
vt -0.35523301362991333 -3.8335769176483154
vt 0.35523301362991333 -3.8335769176483154
vt -0.34600600600242615 -3.7340030670166016
vt 0.35523301362991333 -3.8335769176483154
vt 0.34600600600242615 -3.7340030670166016
vt 0.34600600600242615 -3.7340030670166016
vt 0.35523301362991333 -3.8335769176483154
vt 1.0536019802093506 -3.703028917312622
vt 0.34600600600242615 -3.7340030670166016
vt 1.0536019802093506 -3.703028917312622
vt 1.0262360572814941 -3.6068460941314697
vt 1.0262360572814941 -3.6068460941314697
vt 1.0536019802093506 -3.703028917312622
vt 1.7160929441452026 -3.4463789463043213
vt 1.0262360572814941 -3.6068460941314697
vt 1.7160929441452026 -3.4463789463043213
vt 1.6715190410614014 -3.3568620681762695
vt 1.6715190410614014 -3.3568620681762695
vt 1.7160929441452026 -3.4463789463043213
vt 2.320142984390259 -3.0723659992218018
vt 1.6715190410614014 -3.3568620681762695
vt 2.320142984390259 -3.0723659992218018
vt 2.2598800659179688 -2.9925649166107178
vt 2.2598800659179688 -2.9925649166107178
vt 2.320142984390259 -3.0723659992218018
vt 2.845184087753296 -2.5937280654907227
vt 2.2598800659179688 -2.9925649166107178
vt 2.845184087753296 -2.5937280654907227
vt 2.771282911300659 -2.5263590812683105
vt 2.771282911300659 -2.5263590812683105
vt 2.845184087753296 -2.5937280654907227
vt 3.2733359336853027 -2.026763916015625
vt 2.771282911300659 -2.5263590812683105
vt 3.2733359336853027 -2.026763916015625
vt 3.1883139610290527 -1.9741209745407104
vt 3.1883139610290527 -1.9741209745407104
vt 3.2733359336853027 -2.026763916015625
vt 3.5900180339813232 -1.390779972076416
vt 3.1883139610290527 -1.9741209745407104
vt 3.5900180339813232 -1.390779972076416
vt 3.4967710971832275 -1.3546559810638428
vt 3.4967710971832275 -1.3546559810638428
vt 3.5900180339813232 -1.390779972076416
vt 3.7844460010528564 -0.7074360251426697
vt 3.4967710971832275 -1.3546559810638428
vt 3.7844460010528564 -0.7074360251426697
vt 3.6861488819122314 -0.6890609860420227
vt 3.6861488819122314 -0.6890609860420227
vt 3.7844460010528564 -0.7074360251426697
vt 3.8499999046325684 0
vt 3.6861488819122314 -0.6890609860420227
vt 3.8499999046325684 0
vt 3.75 0
vt 3.75 0
vt 3.8499999046325684 0
vt 3.6861488819122314 0.6890609860420227
vt 3.6861488819122314 0.6890609860420227
vt 3.8499999046325684 0
vt 3.7844460010528564 0.7074360251426697
vt 3.6861488819122314 0.6890609860420227
vt 3.7844460010528564 0.7074360251426697
vt 3.4967710971832275 1.3546559810638428
vt 3.4967710971832275 1.3546559810638428
vt 3.7844460010528564 0.7074360251426697
vt 3.5900180339813232 1.390779972076416
vt 3.4967710971832275 1.3546559810638428
vt 3.5900180339813232 1.390779972076416
vt 3.1883139610290527 1.9741209745407104
vt 3.1883139610290527 1.9741209745407104
vt 3.5900180339813232 1.390779972076416
vt 3.2733359336853027 2.026763916015625
vt 3.1883139610290527 1.9741209745407104
vt 3.2733359336853027 2.026763916015625
vt 2.771282911300659 2.5263590812683105
vt 2.771282911300659 2.5263590812683105
vt 3.2733359336853027 2.026763916015625
vt 2.845184087753296 2.5937280654907227
vt 2.771282911300659 2.5263590812683105
vt 2.845184087753296 2.5937280654907227
vt 2.2598800659179688 2.9925649166107178
vt 2.2598800659179688 2.9925649166107178
vt 2.845184087753296 2.5937280654907227
vt 2.320142984390259 3.0723659992218018
vt 2.2598800659179688 2.9925649166107178
vt 2.320142984390259 3.0723659992218018
vt 1.6715190410614014 3.3568620681762695
vt 1.6715190410614014 3.3568620681762695
vt 2.320142984390259 3.0723659992218018
vt 1.7160929441452026 3.4463789463043213
vt 1.6715190410614014 3.3568620681762695
vt 1.7160929441452026 3.4463789463043213
vt 1.0262360572814941 3.6068460941314697
vt 1.0262360572814941 3.6068460941314697
vt 1.7160929441452026 3.4463789463043213
vt 1.0536019802093506 3.703028917312622
vt 1.0262360572814941 3.6068460941314697
vt 1.0536019802093506 3.703028917312622
vt 0.34600600600242615 3.7340030670166016
vt 0.34600600600242615 3.7340030670166016
vt 1.0536019802093506 3.703028917312622
vt 0.35523301362991333 3.8335769176483154
vt 0.34600600600242615 3.7340030670166016
vt 0.35523301362991333 3.8335769176483154
vt -0.35523301362991333 3.8335769176483154
vt 0.34600600600242615 3.7340030670166016
vt -0.35523301362991333 3.8335769176483154
vt -0.34600600600242615 3.7340030670166016
vt -0.34600600600242615 3.7340030670166016
vt -0.35523301362991333 3.8335769176483154
vt -1.0536019802093506 3.703028917312622
vt -0.34600600600242615 3.7340030670166016
vt -1.0536019802093506 3.703028917312622
vt -1.0262360572814941 3.6068460941314697
vt -1.0262360572814941 3.6068460941314697
vt -1.0536019802093506 3.703028917312622
vt -1.7160929441452026 3.4463789463043213
vt -1.0262360572814941 3.6068460941314697
vt -1.7160929441452026 3.4463789463043213
vt -1.6715190410614014 3.3568620681762695
vt -1.6715190410614014 3.3568620681762695
vt -1.7160929441452026 3.4463789463043213
vt -2.320142984390259 3.0723659992218018
vt -1.6715190410614014 3.3568620681762695
vt -2.320142984390259 3.0723659992218018
vt -2.2598800659179688 2.9925649166107178
vt -2.2598800659179688 2.9925649166107178
vt -2.320142984390259 3.0723659992218018
vt -2.845184087753296 2.5937280654907227
vt -2.2598800659179688 2.9925649166107178
vt -2.845184087753296 2.5937280654907227
vt -2.771282911300659 2.5263590812683105
vt -2.771282911300659 2.5263590812683105
vt -2.845184087753296 2.5937280654907227
vt -3.2733359336853027 2.026763916015625
vt -2.771282911300659 2.5263590812683105
vt -3.2733359336853027 2.026763916015625
vt -3.1883139610290527 1.9741209745407104
vt -3.1883139610290527 1.9741209745407104
vt -3.2733359336853027 2.026763916015625
vt -3.5900180339813232 1.390779972076416
vt -3.1883139610290527 1.9741209745407104
vt -3.5900180339813232 1.390779972076416
vt -3.4967710971832275 1.3546559810638428
vt -3.4967710971832275 1.3546559810638428
vt -3.5900180339813232 1.390779972076416
vt -3.7844460010528564 0.7074360251426697
vt -3.4967710971832275 1.3546559810638428
vt -3.7844460010528564 0.7074360251426697
vt -3.6861488819122314 0.6890609860420227
vt -3.6861488819122314 0.6890609860420227
vt -3.7844460010528564 0.7074360251426697
vt -3.8499999046325684 0
vt 0 -13.205853462219238
vt 0.15707999467849731 -13.205853462219238
vt 0 -12.472193717956543
vt 0 -12.472193717956543
vt 0.15707999467849731 -13.205853462219238
vt 0.17453299462795258 -12.451231956481934
vt 0 -12.472193717956543
vt 0.17453299462795258 -12.451231956481934
vt 0 -11.73853588104248
vt 0 -11.73853588104248
vt 0.17453299462795258 -12.451231956481934
vt 0.17453299462795258 -11.696612358093262
vt 0 -11.73853588104248
vt 0.17453299462795258 -11.696612358093262
vt 0 -11.004877090454102
vt 0 -11.004877090454102
vt 0.17453299462795258 -11.696612358093262
vt 0.17453299462795258 -10.941991806030273
vt 0 -11.004877090454102
vt 0.17453299462795258 -10.941991806030273
vt 0 -10.271218299865723
vt 0 -10.271218299865723
vt 0.17453299462795258 -10.941991806030273
vt 0.17453299462795258 -10.187372207641602
vt 0 -10.271218299865723
vt 0.17453299462795258 -10.187372207641602
vt 0 -9.53756046295166
vt 0 -9.53756046295166
vt 0.17453299462795258 -10.187372207641602
vt 0.17453299462795258 -9.432751655578613
vt 0 -9.53756046295166
vt 0.17453299462795258 -9.432751655578613
vt 0 -8.803901672363281
vt 0 -8.803901672363281
vt 0.17453299462795258 -9.432751655578613
vt 0.17453299462795258 -8.678132057189941
vt 0 -8.803901672363281
vt 0.17453299462795258 -8.678132057189941
vt 0 -8.070242881774902
vt 0 -8.070242881774902
vt 0.17453299462795258 -8.678132057189941
vt 0.17453299462795258 -7.923511981964111
vt 0 -8.070242881774902
vt 0.17453299462795258 -7.923511981964111
vt 0 -7.33658504486084
vt 0 -7.33658504486084
vt 0.17453299462795258 -7.923511981964111
vt 0.17453299462795258 -7.168890953063965
vt 0 -7.33658504486084
vt 0.17453299462795258 -7.168890953063965
vt 0 -6.602925777435303
vt 0 -6.602925777435303
vt 0.17453299462795258 -7.168890953063965
vt 0.17453299462795258 -6.414270877838135
vt 0 -6.602925777435303
vt 0.17453299462795258 -6.414270877838135
vt 0 -5.86926794052124
vt 0 -5.86926794052124
vt 0.17453299462795258 -6.414270877838135
vt 0.17453299462795258 -5.659650802612305
vt 0 -5.86926794052124
vt 0.17453299462795258 -5.659650802612305
vt 0 -5.135609149932861
vt 0 -5.135609149932861
vt 0.17453299462795258 -5.659650802612305
vt 0.17453299462795258 -4.905031204223633
vt 0 -5.135609149932861
vt 0.17453299462795258 -4.905031204223633
vt 0 -4.401950836181641
vt 0 -4.401950836181641
vt 0.17453299462795258 -4.905031204223633
vt 0.17453299462795258 -4.150411128997803
vt 0 -4.401950836181641
vt 0.17453299462795258 -4.150411128997803
vt 0 -3.6682920455932617
vt 0 -3.6682920455932617
vt 0.17453299462795258 -4.150411128997803
vt 0.17453299462795258 -3.3957910537719727
vt 0 -3.6682920455932617
vt 0.17453299462795258 -3.3957910537719727
vt 0 -2.93463397026062
vt 0 -2.93463397026062
vt 0.17453299462795258 -3.3957910537719727
vt 0.17453299462795258 -2.6411709785461426
vt 0 -2.93463397026062
vt 0.17453299462795258 -2.6411709785461426
vt 0 -2.200974941253662
vt 0 -2.200974941253662
vt 0.17453299462795258 -2.6411709785461426
vt 0.17453299462795258 -1.886549949645996
vt 0 -2.200974941253662
vt 0.17453299462795258 -1.886549949645996
vt 0 -1.46731698513031
vt 0 -1.46731698513031
vt 0.17453299462795258 -1.886549949645996
vt 0.17453299462795258 -1.1319299936294556
vt 0 -1.46731698513031
vt 0.17453299462795258 -1.1319299936294556
vt 0 -0.7336580157279968
vt 0 -0.7336580157279968
vt 0.17453299462795258 -1.1319299936294556
vt 0.17453299462795258 -0.37731000781059265
vt 0 -0.7336580157279968
vt 0.17453299462795258 -0.37731000781059265
vt 0 0
vt 0 0
vt 0.17453299462795258 -0.37731000781059265
vt 0.15707999467849731 0
vt 0.15707999467849731 0
vt 0.17453299462795258 -0.37731000781059265
vt 0.31415900588035583 0
vt 0.31415900588035583 0
vt 0.17453299462795258 -0.37731000781059265
vt 0.34906598925590515 -0.37731000781059265
vt 0.31415900588035583 0
vt 0.34906598925590515 -0.37731000781059265
vt 0.47123900055885315 0
vt 0.47123900055885315 0
vt 0.34906598925590515 -0.37731000781059265
vt 0.5235990285873413 -0.37731000781059265
vt 0.47123900055885315 0
vt 0.5235990285873413 -0.37731000781059265
vt 0.6283190250396729 0
vt 0.6283190250396729 0
vt 0.5235990285873413 -0.37731000781059265
vt 0.6981319785118103 -0.37731000781059265
vt 0.6283190250396729 0
vt 0.6981319785118103 -0.37731000781059265
vt 0.785398006439209 0
vt 0.785398006439209 0
vt 0.6981319785118103 -0.37731000781059265
vt 0.785398006439209 -0.7768149971961975
vt 0.785398006439209 -0.7768149971961975
vt 0.6981319785118103 -0.37731000781059265
vt 0.6981319785118103 -1.1319299936294556
vt 0.785398006439209 -0.7768149971961975
vt 0.6981319785118103 -1.1319299936294556
vt 0.785398006439209 -1.553629994392395
vt 0.785398006439209 -1.553629994392395
vt 0.6981319785118103 -1.1319299936294556
vt 0.6981319785118103 -1.886549949645996
vt 0.785398006439209 -1.553629994392395
vt 0.6981319785118103 -1.886549949645996
vt 0.785398006439209 -2.3304450511932373
vt 0.785398006439209 -2.3304450511932373
vt 0.6981319785118103 -1.886549949645996
vt 0.6981319785118103 -2.6411709785461426
vt 0.785398006439209 -2.3304450511932373
vt 0.6981319785118103 -2.6411709785461426
vt 0.785398006439209 -3.10725998878479
vt 0.785398006439209 -3.10725998878479
vt 0.6981319785118103 -2.6411709785461426
vt 0.6981319785118103 -3.3957910537719727
vt 0.785398006439209 -3.10725998878479
vt 0.6981319785118103 -3.3957910537719727
vt 0.785398006439209 -3.8840739727020264
vt 0.785398006439209 -3.8840739727020264
vt 0.6981319785118103 -3.3957910537719727
vt 0.6981319785118103 -4.150411128997803
vt 0.785398006439209 -3.8840739727020264
vt 0.6981319785118103 -4.150411128997803
vt 0.785398006439209 -4.660889148712158
vt 0.785398006439209 -4.660889148712158
vt 0.6981319785118103 -4.150411128997803
vt 0.6981319785118103 -4.905031204223633
vt 0.785398006439209 -4.660889148712158
vt 0.6981319785118103 -4.905031204223633
vt 0.785398006439209 -5.437704086303711
vt 0.785398006439209 -5.437704086303711
vt 0.6981319785118103 -4.905031204223633
vt 0.6981319785118103 -5.659650802612305
vt 0.785398006439209 -5.437704086303711
vt 0.6981319785118103 -5.659650802612305
vt 0.785398006439209 -6.214519023895264
vt 0.785398006439209 -6.214519023895264
vt 0.6981319785118103 -5.659650802612305
vt 0.6981319785118103 -6.414270877838135
vt 0.785398006439209 -6.214519023895264
vt 0.6981319785118103 -6.414270877838135
vt 0.785398006439209 -6.9913330078125
vt 0.785398006439209 -6.9913330078125
vt 0.6981319785118103 -6.414270877838135
vt 0.6981319785118103 -7.168890953063965
vt 0.785398006439209 -6.9913330078125
vt 0.6981319785118103 -7.168890953063965
vt 0.785398006439209 -7.768147945404053
vt 0.785398006439209 -7.768147945404053
vt 0.6981319785118103 -7.168890953063965
vt 0.6981319785118103 -7.923511981964111
vt 0.785398006439209 -7.768147945404053
vt 0.6981319785118103 -7.923511981964111
vt 0.785398006439209 -8.544962882995605
vt 0.785398006439209 -8.544962882995605
vt 0.6981319785118103 -7.923511981964111
vt 0.6981319785118103 -8.678132057189941
vt 0.785398006439209 -8.544962882995605
vt 0.6981319785118103 -8.678132057189941
vt 0.785398006439209 -9.321778297424316
vt 0.785398006439209 -9.321778297424316
vt 0.6981319785118103 -8.678132057189941
vt 0.6981319785118103 -9.432751655578613
vt 0.785398006439209 -9.321778297424316
vt 0.6981319785118103 -9.432751655578613
vt 0.785398006439209 -10.098592758178711
vt 0.785398006439209 -10.098592758178711
vt 0.6981319785118103 -9.432751655578613
vt 0.6981319785118103 -10.187372207641602
vt 0.785398006439209 -10.098592758178711
vt 0.6981319785118103 -10.187372207641602
vt 0.785398006439209 -10.875408172607422
vt 0.785398006439209 -10.875408172607422
vt 0.6981319785118103 -10.187372207641602
vt 0.6981319785118103 -10.941991806030273
vt 0.785398006439209 -10.875408172607422
vt 0.6981319785118103 -10.941991806030273
vt 0.785398006439209 -11.652222633361816
vt 0.785398006439209 -11.652222633361816
vt 0.6981319785118103 -10.941991806030273
vt 0.6981319785118103 -11.696612358093262
vt 0.785398006439209 -11.652222633361816
vt 0.6981319785118103 -11.696612358093262
vt 0.785398006439209 -12.429038047790527
vt 0.785398006439209 -12.429038047790527
vt 0.6981319785118103 -11.696612358093262
vt 0.6981319785118103 -12.451231956481934
vt 0.785398006439209 -12.429038047790527
vt 0.6981319785118103 -12.451231956481934
vt 0.785398006439209 -13.205853462219238
vt 0.785398006439209 -13.205853462219238
vt 0.6981319785118103 -12.451231956481934
vt 0.6283190250396729 -13.205853462219238
vt 0.6283190250396729 -13.205853462219238
vt 0.6981319785118103 -12.451231956481934
vt 0.5235990285873413 -12.451231956481934
vt 0.6283190250396729 -13.205853462219238
vt 0.5235990285873413 -12.451231956481934
vt 0.47123900055885315 -13.205853462219238
vt 0.47123900055885315 -13.205853462219238
vt 0.5235990285873413 -12.451231956481934
vt 0.34906598925590515 -12.451231956481934
vt 0.47123900055885315 -13.205853462219238
vt 0.34906598925590515 -12.451231956481934
vt 0.31415900588035583 -13.205853462219238
vt 0.31415900588035583 -13.205853462219238
vt 0.34906598925590515 -12.451231956481934
vt 0.17453299462795258 -12.451231956481934
vt 0.31415900588035583 -13.205853462219238
vt 0.17453299462795258 -12.451231956481934
vt 0.15707999467849731 -13.205853462219238
vt 0.5235990285873413 -12.451231956481934
vt 0.6981319785118103 -12.451231956481934
vt 0.5235990285873413 -11.696612358093262
vt 0.5235990285873413 -11.696612358093262
vt 0.6981319785118103 -12.451231956481934
vt 0.6981319785118103 -11.696612358093262
vt 0.5235990285873413 -11.696612358093262
vt 0.6981319785118103 -11.696612358093262
vt 0.5235990285873413 -10.941991806030273
vt 0.5235990285873413 -10.941991806030273
vt 0.6981319785118103 -11.696612358093262
vt 0.6981319785118103 -10.941991806030273
vt 0.5235990285873413 -10.941991806030273
vt 0.6981319785118103 -10.941991806030273
vt 0.5235990285873413 -10.187372207641602
vt 0.5235990285873413 -10.187372207641602
vt 0.6981319785118103 -10.941991806030273
vt 0.6981319785118103 -10.187372207641602
vt 0.5235990285873413 -10.187372207641602
vt 0.6981319785118103 -10.187372207641602
vt 0.5235990285873413 -9.432751655578613
vt 0.5235990285873413 -9.432751655578613
vt 0.6981319785118103 -10.187372207641602
vt 0.6981319785118103 -9.432751655578613
vt 0.5235990285873413 -9.432751655578613
vt 0.6981319785118103 -9.432751655578613
vt 0.5235990285873413 -8.678132057189941
vt 0.5235990285873413 -8.678132057189941
vt 0.6981319785118103 -9.432751655578613
vt 0.6981319785118103 -8.678132057189941
vt 0.5235990285873413 -8.678132057189941
vt 0.6981319785118103 -8.678132057189941
vt 0.5235990285873413 -7.923511981964111
vt 0.5235990285873413 -7.923511981964111
vt 0.6981319785118103 -8.678132057189941
vt 0.6981319785118103 -7.923511981964111
vt 0.5235990285873413 -7.923511981964111
vt 0.6981319785118103 -7.923511981964111
vt 0.5235990285873413 -7.168890953063965
vt 0.5235990285873413 -7.168890953063965
vt 0.6981319785118103 -7.923511981964111
vt 0.6981319785118103 -7.168890953063965
vt 0.5235990285873413 -7.168890953063965
vt 0.6981319785118103 -7.168890953063965
vt 0.5235990285873413 -6.414270877838135
vt 0.5235990285873413 -6.414270877838135
vt 0.6981319785118103 -7.168890953063965
vt 0.6981319785118103 -6.414270877838135
vt 0.5235990285873413 -6.414270877838135
vt 0.6981319785118103 -6.414270877838135
vt 0.5235990285873413 -5.659650802612305
vt 0.5235990285873413 -5.659650802612305
vt 0.6981319785118103 -6.414270877838135
vt 0.6981319785118103 -5.659650802612305
vt 0.5235990285873413 -5.659650802612305
vt 0.6981319785118103 -5.659650802612305
vt 0.5235990285873413 -4.905031204223633
vt 0.5235990285873413 -4.905031204223633
vt 0.6981319785118103 -5.659650802612305
vt 0.6981319785118103 -4.905031204223633
vt 0.5235990285873413 -4.905031204223633
vt 0.6981319785118103 -4.905031204223633
vt 0.5235990285873413 -4.150411128997803
vt 0.5235990285873413 -4.150411128997803
vt 0.6981319785118103 -4.905031204223633
vt 0.6981319785118103 -4.150411128997803
vt 0.5235990285873413 -4.150411128997803
vt 0.6981319785118103 -4.150411128997803
vt 0.5235990285873413 -3.3957910537719727
vt 0.5235990285873413 -3.3957910537719727
vt 0.6981319785118103 -4.150411128997803
vt 0.6981319785118103 -3.3957910537719727
vt 0.5235990285873413 -3.3957910537719727
vt 0.6981319785118103 -3.3957910537719727
vt 0.5235990285873413 -2.6411709785461426
vt 0.5235990285873413 -2.6411709785461426
vt 0.6981319785118103 -3.3957910537719727
vt 0.6981319785118103 -2.6411709785461426
vt 0.5235990285873413 -2.6411709785461426
vt 0.6981319785118103 -2.6411709785461426
vt 0.5235990285873413 -1.886549949645996
vt 0.5235990285873413 -1.886549949645996
vt 0.6981319785118103 -2.6411709785461426
vt 0.6981319785118103 -1.886549949645996
vt 0.5235990285873413 -1.886549949645996
vt 0.6981319785118103 -1.886549949645996
vt 0.5235990285873413 -1.1319299936294556
vt 0.5235990285873413 -1.1319299936294556
vt 0.6981319785118103 -1.886549949645996
vt 0.6981319785118103 -1.1319299936294556
vt 0.5235990285873413 -1.1319299936294556
vt 0.6981319785118103 -1.1319299936294556
vt 0.5235990285873413 -0.37731000781059265
vt 0.5235990285873413 -0.37731000781059265
vt 0.6981319785118103 -1.1319299936294556
vt 0.6981319785118103 -0.37731000781059265
vt 0.17453299462795258 -11.696612358093262
vt 0.17453299462795258 -12.451231956481934
vt 0.34906598925590515 -12.451231956481934
vt 0.34906598925590515 -12.451231956481934
vt 0.5235990285873413 -12.451231956481934
vt 0.34906598925590515 -11.696612358093262
vt 0.34906598925590515 -11.696612358093262
vt 0.5235990285873413 -12.451231956481934
vt 0.5235990285873413 -11.696612358093262
vt 0.34906598925590515 -11.696612358093262
vt 0.5235990285873413 -11.696612358093262
vt 0.34906598925590515 -10.941991806030273
vt 0.34906598925590515 -10.941991806030273
vt 0.5235990285873413 -11.696612358093262
vt 0.5235990285873413 -10.941991806030273
vt 0.34906598925590515 -10.941991806030273
vt 0.5235990285873413 -10.941991806030273
vt 0.34906598925590515 -10.187372207641602
vt 0.34906598925590515 -10.187372207641602
vt 0.5235990285873413 -10.941991806030273
vt 0.5235990285873413 -10.187372207641602
vt 0.34906598925590515 -10.187372207641602
vt 0.5235990285873413 -10.187372207641602
vt 0.34906598925590515 -9.432751655578613
vt 0.34906598925590515 -9.432751655578613
vt 0.5235990285873413 -10.187372207641602
vt 0.5235990285873413 -9.432751655578613
vt 0.34906598925590515 -9.432751655578613
vt 0.5235990285873413 -9.432751655578613
vt 0.34906598925590515 -8.678132057189941
vt 0.34906598925590515 -8.678132057189941
vt 0.5235990285873413 -9.432751655578613
vt 0.5235990285873413 -8.678132057189941
vt 0.34906598925590515 -8.678132057189941
vt 0.5235990285873413 -8.678132057189941
vt 0.34906598925590515 -7.923511981964111
vt 0.34906598925590515 -7.923511981964111
vt 0.5235990285873413 -8.678132057189941
vt 0.5235990285873413 -7.923511981964111
vt 0.34906598925590515 -7.923511981964111
vt 0.5235990285873413 -7.923511981964111
vt 0.34906598925590515 -7.168890953063965
vt 0.34906598925590515 -7.168890953063965
vt 0.5235990285873413 -7.923511981964111
vt 0.5235990285873413 -7.168890953063965
vt 0.34906598925590515 -7.168890953063965
vt 0.5235990285873413 -7.168890953063965
vt 0.34906598925590515 -6.414270877838135
vt 0.34906598925590515 -6.414270877838135
vt 0.5235990285873413 -7.168890953063965
vt 0.5235990285873413 -6.414270877838135
vt 0.34906598925590515 -6.414270877838135
vt 0.5235990285873413 -6.414270877838135
vt 0.34906598925590515 -5.659650802612305
vt 0.34906598925590515 -5.659650802612305
vt 0.5235990285873413 -6.414270877838135
vt 0.5235990285873413 -5.659650802612305
vt 0.34906598925590515 -5.659650802612305
vt 0.5235990285873413 -5.659650802612305
vt 0.34906598925590515 -4.905031204223633
vt 0.34906598925590515 -4.905031204223633
vt 0.5235990285873413 -5.659650802612305
vt 0.5235990285873413 -4.905031204223633
vt 0.34906598925590515 -4.905031204223633
vt 0.5235990285873413 -4.905031204223633
vt 0.34906598925590515 -4.150411128997803
vt 0.34906598925590515 -4.150411128997803
vt 0.5235990285873413 -4.905031204223633
vt 0.5235990285873413 -4.150411128997803
vt 0.34906598925590515 -4.150411128997803
vt 0.5235990285873413 -4.150411128997803
vt 0.34906598925590515 -3.3957910537719727
vt 0.34906598925590515 -3.3957910537719727
vt 0.5235990285873413 -4.150411128997803
vt 0.5235990285873413 -3.3957910537719727
vt 0.34906598925590515 -3.3957910537719727
vt 0.5235990285873413 -3.3957910537719727
vt 0.34906598925590515 -2.6411709785461426
vt 0.34906598925590515 -2.6411709785461426
vt 0.5235990285873413 -3.3957910537719727
vt 0.5235990285873413 -2.6411709785461426
vt 0.34906598925590515 -2.6411709785461426
vt 0.5235990285873413 -2.6411709785461426
vt 0.34906598925590515 -1.886549949645996
vt 0.34906598925590515 -1.886549949645996
vt 0.5235990285873413 -2.6411709785461426
vt 0.5235990285873413 -1.886549949645996
vt 0.34906598925590515 -1.886549949645996
vt 0.5235990285873413 -1.886549949645996
vt 0.34906598925590515 -1.1319299936294556
vt 0.34906598925590515 -1.1319299936294556
vt 0.5235990285873413 -1.886549949645996
vt 0.5235990285873413 -1.1319299936294556
vt 0.34906598925590515 -1.1319299936294556
vt 0.5235990285873413 -1.1319299936294556
vt 0.34906598925590515 -0.37731000781059265
vt 0.34906598925590515 -0.37731000781059265
vt 0.5235990285873413 -1.1319299936294556
vt 0.5235990285873413 -0.37731000781059265
vt 0.17453299462795258 -10.941991806030273
vt 0.17453299462795258 -11.696612358093262
vt 0.34906598925590515 -11.696612358093262
vt 0.34906598925590515 -11.696612358093262
vt 0.17453299462795258 -11.696612358093262
vt 0.34906598925590515 -12.451231956481934
vt 0.17453299462795258 -10.941991806030273
vt 0.34906598925590515 -11.696612358093262
vt 0.34906598925590515 -10.941991806030273
vt 0.17453299462795258 -10.187372207641602
vt 0.17453299462795258 -10.941991806030273
vt 0.34906598925590515 -10.941991806030273
vt 0.17453299462795258 -10.187372207641602
vt 0.34906598925590515 -10.941991806030273
vt 0.34906598925590515 -10.187372207641602
vt 0.17453299462795258 -9.432751655578613
vt 0.17453299462795258 -10.187372207641602
vt 0.34906598925590515 -10.187372207641602
vt 0.17453299462795258 -9.432751655578613
vt 0.34906598925590515 -10.187372207641602
vt 0.34906598925590515 -9.432751655578613
vt 0.17453299462795258 -8.678132057189941
vt 0.17453299462795258 -9.432751655578613
vt 0.34906598925590515 -9.432751655578613
vt 0.17453299462795258 -8.678132057189941
vt 0.34906598925590515 -9.432751655578613
vt 0.34906598925590515 -8.678132057189941
vt 0.17453299462795258 -7.923511981964111
vt 0.17453299462795258 -8.678132057189941
vt 0.34906598925590515 -8.678132057189941
vt 0.17453299462795258 -7.923511981964111
vt 0.34906598925590515 -8.678132057189941
vt 0.34906598925590515 -7.923511981964111
vt 0.17453299462795258 -7.168890953063965
vt 0.17453299462795258 -7.923511981964111
vt 0.34906598925590515 -7.923511981964111
vt 0.17453299462795258 -7.168890953063965
vt 0.34906598925590515 -7.923511981964111
vt 0.34906598925590515 -7.168890953063965
vt 0.17453299462795258 -6.414270877838135
vt 0.17453299462795258 -7.168890953063965
vt 0.34906598925590515 -7.168890953063965
vt 0.17453299462795258 -6.414270877838135
vt 0.34906598925590515 -7.168890953063965
vt 0.34906598925590515 -6.414270877838135
vt 0.17453299462795258 -5.659650802612305
vt 0.17453299462795258 -6.414270877838135
vt 0.34906598925590515 -6.414270877838135
vt 0.17453299462795258 -5.659650802612305
vt 0.34906598925590515 -6.414270877838135
vt 0.34906598925590515 -5.659650802612305
vt 0.17453299462795258 -4.905031204223633
vt 0.17453299462795258 -5.659650802612305
vt 0.34906598925590515 -5.659650802612305
vt 0.17453299462795258 -4.905031204223633
vt 0.34906598925590515 -5.659650802612305
vt 0.34906598925590515 -4.905031204223633
vt 0.17453299462795258 -4.150411128997803
vt 0.17453299462795258 -4.905031204223633
vt 0.34906598925590515 -4.905031204223633
vt 0.17453299462795258 -4.150411128997803
vt 0.34906598925590515 -4.905031204223633
vt 0.34906598925590515 -4.150411128997803
vt 0.17453299462795258 -3.3957910537719727
vt 0.17453299462795258 -4.150411128997803
vt 0.34906598925590515 -4.150411128997803
vt 0.17453299462795258 -3.3957910537719727
vt 0.34906598925590515 -4.150411128997803
vt 0.34906598925590515 -3.3957910537719727
vt 0.17453299462795258 -2.6411709785461426
vt 0.17453299462795258 -3.3957910537719727
vt 0.34906598925590515 -3.3957910537719727
vt 0.17453299462795258 -2.6411709785461426
vt 0.34906598925590515 -3.3957910537719727
vt 0.34906598925590515 -2.6411709785461426
vt 0.17453299462795258 -1.886549949645996
vt 0.17453299462795258 -2.6411709785461426
vt 0.34906598925590515 -2.6411709785461426
vt 0.17453299462795258 -1.886549949645996
vt 0.34906598925590515 -2.6411709785461426
vt 0.34906598925590515 -1.886549949645996
vt 0.17453299462795258 -1.1319299936294556
vt 0.17453299462795258 -1.886549949645996
vt 0.34906598925590515 -1.886549949645996
vt 0.17453299462795258 -1.1319299936294556
vt 0.34906598925590515 -1.886549949645996
vt 0.34906598925590515 -1.1319299936294556
vt 0.17453299462795258 -0.37731000781059265
vt 0.17453299462795258 -1.1319299936294556
vt 0.34906598925590515 -1.1319299936294556
vt 0.17453299462795258 -0.37731000781059265
vt 0.34906598925590515 -1.1319299936294556
vt 0.34906598925590515 -0.37731000781059265
vt 0.6000000238418579 13.037609100341797
vt 0 13.037609100341797
vt 0.6000000238418579 12.27069091796875
vt 0.6000000238418579 12.27069091796875
vt 0 13.037609100341797
vt 0 12.27069091796875
vt 0.6000000238418579 12.27069091796875
vt 0 12.27069091796875
vt 0.6000000238418579 11.503772735595703
vt 0.6000000238418579 11.503772735595703
vt 0 12.27069091796875
vt 0 11.503772735595703
vt 0.6000000238418579 11.503772735595703
vt 0 11.503772735595703
vt 0.6000000238418579 10.736854553222656
vt 0.6000000238418579 10.736854553222656
vt 0 11.503772735595703
vt 0 10.736854553222656
vt 0.6000000238418579 10.736854553222656
vt 0 10.736854553222656
vt 0.6000000238418579 9.96993637084961
vt 0.6000000238418579 9.96993637084961
vt 0 10.736854553222656
vt 0 9.96993637084961
vt 0.6000000238418579 9.96993637084961
vt 0 9.96993637084961
vt 0.6000000238418579 9.203018188476562
vt 0.6000000238418579 9.203018188476562
vt 0 9.96993637084961
vt 0 9.203018188476562
vt 0.6000000238418579 9.203018188476562
vt 0 9.203018188476562
vt 0.6000000238418579 8.436100006103516
vt 0.6000000238418579 8.436100006103516
vt 0 9.203018188476562
vt 0 8.436100006103516
vt 0.6000000238418579 8.436100006103516
vt 0 8.436100006103516
vt 0.6000000238418579 7.669181823730469
vt 0.6000000238418579 7.669181823730469
vt 0 8.436100006103516
vt 0 7.669181823730469
vt 0.6000000238418579 7.669181823730469
vt 0 7.669181823730469
vt 0.6000000238418579 6.90226411819458
vt 0.6000000238418579 6.90226411819458
vt 0 7.669181823730469
vt 0 6.90226411819458
vt 0.6000000238418579 6.90226411819458
vt 0 6.90226411819458
vt 0.6000000238418579 6.135344982147217
vt 0.6000000238418579 6.135344982147217
vt 0 6.90226411819458
vt 0 6.135344982147217
vt 0.6000000238418579 6.135344982147217
vt 0 6.135344982147217
vt 0.6000000238418579 5.36842679977417
vt 0.6000000238418579 5.36842679977417
vt 0 6.135344982147217
vt 0 5.36842679977417
vt 0.6000000238418579 5.36842679977417
vt 0 5.36842679977417
vt 0.6000000238418579 4.601509094238281
vt 0.6000000238418579 4.601509094238281
vt 0 5.36842679977417
vt 0 4.601509094238281
vt 0.6000000238418579 4.601509094238281
vt 0 4.601509094238281
vt 0.6000000238418579 3.8345909118652344
vt 0.6000000238418579 3.8345909118652344
vt 0 4.601509094238281
vt 0 3.8345909118652344
vt 0.6000000238418579 3.8345909118652344
vt 0 3.8345909118652344
vt 0.6000000238418579 3.0676729679107666
vt 0.6000000238418579 3.0676729679107666
vt 0 3.8345909118652344
vt 0 3.0676729679107666
vt 0.6000000238418579 3.0676729679107666
vt 0 3.0676729679107666
vt 0.6000000238418579 2.300755023956299
vt 0.6000000238418579 2.300755023956299
vt 0 3.0676729679107666
vt 0 2.300755023956299
vt 0.6000000238418579 2.300755023956299
vt 0 2.300755023956299
vt 0.6000000238418579 1.533836007118225
vt 0.6000000238418579 1.533836007118225
vt 0 2.300755023956299
vt 0 1.533836007118225
vt 0.6000000238418579 1.533836007118225
vt 0 1.533836007118225
vt 0.6000000238418579 0.7669180035591125
vt 0.6000000238418579 0.7669180035591125
vt 0 1.533836007118225
vt 0 0.7669180035591125
vt 0.6000000238418579 0.7669180035591125
vt 0 0.7669180035591125
vt 0.6000000238418579 0
vt 0.6000000238418579 0
vt 0 0.7669180035591125
vt 0 0
vt 4.079339027404785 0.7625600099563599
vt -4.079339027404785 0.7625600099563599
vt 4.150000095367432 0
vt 4.150000095367432 0
vt -4.079339027404785 0.7625600099563599
vt -4.150000095367432 0
vt 4.150000095367432 0
vt -4.150000095367432 0
vt 4.079339027404785 -0.7625600099563599
vt 4.079339027404785 -0.7625600099563599
vt -4.150000095367432 0
vt -4.079339027404785 -0.7625600099563599
vt 4.079339027404785 -0.7625600099563599
vt -4.079339027404785 -0.7625600099563599
vt 3.869760036468506 -1.4991530179977417
vt 3.869760036468506 -1.4991530179977417
vt -4.079339027404785 -0.7625600099563599
vt -3.869760036468506 -1.4991530179977417
vt 3.869760036468506 -1.4991530179977417
vt -3.869760036468506 -1.4991530179977417
vt 3.5284008979797363 -2.1846940517425537
vt 3.5284008979797363 -2.1846940517425537
vt -3.869760036468506 -1.4991530179977417
vt -3.5284008979797363 -2.1846940517425537
vt 3.5284008979797363 -2.1846940517425537
vt -3.5284008979797363 -2.1846940517425537
vt 3.0668869018554688 -2.795836925506592
vt 3.0668869018554688 -2.795836925506592
vt -3.5284008979797363 -2.1846940517425537
vt -3.0668869018554688 -2.795836925506592
vt 3.0668869018554688 -2.795836925506592
vt -3.0668869018554688 -2.795836925506592
vt 2.500933885574341 -3.3117709159851074
vt 2.500933885574341 -3.3117709159851074
vt -3.0668869018554688 -2.795836925506592
vt -2.500933885574341 -3.3117709159851074
vt 2.500933885574341 -3.3117709159851074
vt -2.500933885574341 -3.3117709159851074
vt 1.8498140573501587 -3.714927911758423
vt 1.8498140573501587 -3.714927911758423
vt -2.500933885574341 -3.3117709159851074
vt -1.8498140573501587 -3.714927911758423
vt 1.8498140573501587 -3.714927911758423
vt -1.8498140573501587 -3.714927911758423
vt 1.1357009410858154 -3.9915759563446045
vt 1.1357009410858154 -3.9915759563446045
vt -1.8498140573501587 -3.714927911758423
vt -1.1357009410858154 -3.9915759563446045
vt 1.1357009410858154 -3.9915759563446045
vt -1.1357009410858154 -3.9915759563446045
vt 0.3829140067100525 -4.132297039031982
vt 0.3829140067100525 -4.132297039031982
vt -1.1357009410858154 -3.9915759563446045
vt -0.3829140067100525 -4.132297039031982
vt -4.079339027404785 0.7625600099563599
vt 4.079339027404785 0.7625600099563599
vt -3.869760036468506 1.4991530179977417
vt -3.869760036468506 1.4991530179977417
vt 4.079339027404785 0.7625600099563599
vt 3.869760036468506 1.4991530179977417
vt -3.869760036468506 1.4991530179977417
vt 3.869760036468506 1.4991530179977417
vt -3.5284008979797363 2.1846940517425537
vt -3.5284008979797363 2.1846940517425537
vt 3.869760036468506 1.4991530179977417
vt 3.5284008979797363 2.1846940517425537
vt -3.5284008979797363 2.1846940517425537
vt 3.5284008979797363 2.1846940517425537
vt -3.0668869018554688 2.795836925506592
vt -3.0668869018554688 2.795836925506592
vt 3.5284008979797363 2.1846940517425537
vt 3.0668869018554688 2.795836925506592
vt -3.0668869018554688 2.795836925506592
vt 3.0668869018554688 2.795836925506592
vt -2.500933885574341 3.3117709159851074
vt -2.500933885574341 3.3117709159851074
vt 3.0668869018554688 2.795836925506592
vt 2.500933885574341 3.3117709159851074
vt -2.500933885574341 3.3117709159851074
vt 2.500933885574341 3.3117709159851074
vt -1.8498140573501587 3.714927911758423
vt -1.8498140573501587 3.714927911758423
vt 2.500933885574341 3.3117709159851074
vt 1.8498140573501587 3.714927911758423
vt -1.8498140573501587 3.714927911758423
vt 1.8498140573501587 3.714927911758423
vt -1.1357009410858154 3.9915759563446045
vt -1.1357009410858154 3.9915759563446045
vt 1.8498140573501587 3.714927911758423
vt 1.1357009410858154 3.9915759563446045
vt -1.1357009410858154 3.9915759563446045
vt 1.1357009410858154 3.9915759563446045
vt -0.3829140067100525 4.132297039031982
vt -0.3829140067100525 4.132297039031982
vt 1.1357009410858154 3.9915759563446045
vt 0.3829140067100525 4.132297039031982
vn -2.220446049250313e-16 -1 -2.2204460436442257e-22
vn -2.220446049250313e-16 -1 -2.2204460436442257e-22
vn 0.18374952660565758 -0.9829730980409194 1.8374952035470052e-7
vn 0.18374952660565758 -0.9829730980409194 1.8374952035470052e-7
vn -2.220446049250313e-16 -1 -2.2204460436442257e-22
vn 0.18374952660565758 -0.9829730980409194 1.8374952035470052e-7
vn 0.18374952660565758 -0.9829730980409194 1.8374952035470052e-7
vn 0.18374952660565758 -0.9829730980409194 1.8374952035470052e-7
vn 0.36124166830066456 -0.932472228585507 3.6124168884433087e-7
vn 0.36124166830066456 -0.932472228585507 3.6124168884433087e-7
vn 0.18374952660565758 -0.9829730980409194 1.8374952035470052e-7
vn 0.36124166830066456 -0.932472228585507 3.6124168884433087e-7
vn 0.36124166830066456 -0.932472228585507 3.6124168884433087e-7
vn 0.36124166830066456 -0.932472228585507 3.6124168884433087e-7
vn 0.5264321458550774 -0.8502171462691996 5.264321209567509e-7
vn 0.5264321458550774 -0.8502171462691996 5.264321209567509e-7
vn 0.36124166830066456 -0.932472228585507 3.6124168884433087e-7
vn 0.5264321458550774 -0.8502171462691996 5.264321209567509e-7
vn 0.5264321458550774 -0.8502171462691996 5.264321209567509e-7
vn 0.5264321458550774 -0.8502171462691996 5.264321209567509e-7
vn 0.6736956396776606 -0.7390089208384792 6.736956537457249e-7
vn 0.6736956396776606 -0.7390089208384792 6.736956537457249e-7
vn 0.5264321458550774 -0.8502171462691996 5.264321209567509e-7
vn 0.6736956396776606 -0.7390089208384792 6.736956537457249e-7
vn 0.6736956396776606 -0.7390089208384792 6.736956537457249e-7
vn 0.6736956396776606 -0.7390089208384792 6.736956537457249e-7
vn 0.798017203380299 -0.6026346680273627 7.980171967846435e-7
vn 0.798017203380299 -0.6026346680273627 7.980171967846435e-7
vn 0.6736956396776606 -0.7390089208384792 6.736956537457249e-7
vn 0.798017203380299 -0.6026346680273627 7.980171967846435e-7
vn 0.798017203380299 -0.6026346680273627 7.980171967846435e-7
vn 0.798017203380299 -0.6026346680273627 7.980171967846435e-7
vn 0.8951632848611246 -0.4457383688172241 8.951632693742491e-7
vn 0.8951632848611246 -0.4457383688172241 8.951632693742491e-7
vn 0.798017203380299 -0.6026346680273627 7.980171967846435e-7
vn 0.8951632848611246 -0.4457383688172241 8.951632693742491e-7
vn 0.8951632848611246 -0.4457383688172241 8.951632693742491e-7
vn 0.8951632848611246 -0.4457383688172241 8.951632693742491e-7
vn 0.9618256465930818 -0.27366297804941575 9.618256404521738e-7
vn 0.9618256465930818 -0.27366297804941575 9.618256404521738e-7
vn 0.8951632848611246 -0.4457383688172241 8.951632693742491e-7
vn 0.9618256465930818 -0.27366297804941575 9.618256404521738e-7
vn 0.9618256465930818 -0.27366297804941575 9.618256404521738e-7
vn 0.9618256465930818 -0.27366297804941575 9.618256404521738e-7
vn 0.9957341758227815 -0.09226836455434888 9.957341469081252e-7
vn 0.9957341758227815 -0.09226836455434888 9.957341469081252e-7
vn 0.9618256465930818 -0.27366297804941575 9.618256404521738e-7
vn 0.9957341758227815 -0.09226836455434888 9.957341469081252e-7
vn 0.9957341758227815 -0.09226836455434888 9.957341469081252e-7
vn 0.9957341758227815 -0.09226836455434888 9.957341469081252e-7
vn 0.9957341758227815 0.09226836455434888 9.957341469081252e-7
vn 0.9957341758227815 0.09226836455434888 9.957341469081252e-7
vn 0.9957341758227815 -0.09226836455434888 9.957341469081252e-7
vn 0.9957341758227815 0.09226836455434888 9.957341469081252e-7
vn 0.9957341758227815 0.09226836455434888 9.957341469081252e-7
vn 0.9957341758227815 0.09226836455434888 9.957341469081252e-7
vn 0.9618256465930818 0.27366297804941575 9.618256404521738e-7
vn 0.9618256465930818 0.27366297804941575 9.618256404521738e-7
vn 0.9957341758227815 0.09226836455434888 9.957341469081252e-7
vn 0.9618256465930818 0.27366297804941575 9.618256404521738e-7
vn 0.9618256465930818 0.27366297804941575 9.618256404521738e-7
vn 0.9618256465930818 0.27366297804941575 9.618256404521738e-7
vn 0.8951632848611246 0.4457383688172241 8.951632693742491e-7
vn 0.8951632848611246 0.4457383688172241 8.951632693742491e-7
vn 0.9618256465930818 0.27366297804941575 9.618256404521738e-7
vn 0.8951632848611246 0.4457383688172241 8.951632693742491e-7
vn 0.8951632848611246 0.4457383688172241 8.951632693742491e-7
vn 0.8951632848611246 0.4457383688172241 8.951632693742491e-7
vn 0.798017203380299 0.6026346680273627 7.980171967846435e-7
vn 0.798017203380299 0.6026346680273627 7.980171967846435e-7
vn 0.8951632848611246 0.4457383688172241 8.951632693742491e-7
vn 0.798017203380299 0.6026346680273627 7.980171967846435e-7
vn 0.798017203380299 0.6026346680273627 7.980171967846435e-7
vn 0.798017203380299 0.6026346680273627 7.980171967846435e-7
vn 0.6736956396776606 0.7390089208384792 6.736956537457249e-7
vn 0.6736956396776606 0.7390089208384792 6.736956537457249e-7
vn 0.798017203380299 0.6026346680273627 7.980171967846435e-7
vn 0.6736956396776606 0.7390089208384792 6.736956537457249e-7
vn 0.6736956396776606 0.7390089208384792 6.736956537457249e-7
vn 0.6736956396776606 0.7390089208384792 6.736956537457249e-7
vn 0.5264321458550774 0.8502171462691996 5.264321209567509e-7
vn 0.5264321458550774 0.8502171462691996 5.264321209567509e-7
vn 0.6736956396776606 0.7390089208384792 6.736956537457249e-7
vn 0.5264321458550774 0.8502171462691996 5.264321209567509e-7
vn 0.5264321458550774 0.8502171462691996 5.264321209567509e-7
vn 0.5264321458550774 0.8502171462691996 5.264321209567509e-7
vn 0.36124166830066456 0.932472228585507 3.6124168884433087e-7
vn 0.36124166830066456 0.932472228585507 3.6124168884433087e-7
vn 0.5264321458550774 0.8502171462691996 5.264321209567509e-7
vn 0.36124166830066456 0.932472228585507 3.6124168884433087e-7
vn 0.36124166830066456 0.932472228585507 3.6124168884433087e-7
vn 0.36124166830066456 0.932472228585507 3.6124168884433087e-7
vn 0.18374952660565758 0.9829730980409194 1.8374952035470052e-7
vn 0.18374952660565758 0.9829730980409194 1.8374952035470052e-7
vn 0.36124166830066456 0.932472228585507 3.6124168884433087e-7
vn 0.18374952660565758 0.9829730980409194 1.8374952035470052e-7
vn 0.18374952660565758 0.9829730980409194 1.8374952035470052e-7
vn 0.18374952660565758 0.9829730980409194 1.8374952035470052e-7
vn 2.220446049250313e-16 1 2.2204460436442257e-22
vn 2.220446049250313e-16 1 2.2204460436442257e-22
vn 0.18374952660565758 0.9829730980409194 1.8374952035470052e-7
vn 2.220446049250313e-16 1 2.2204460436442257e-22
vn -9.510564825724556e-7 0.309016994828342 0.9510565161473611
vn -9.999999974747427e-7 1.1102230218215578e-22 0.9999999999995
vn 0.015564715174304253 0.17294911689727854 0.9848077693671969
vn 0.015564715174304253 0.17294911689727854 0.9848077693671969
vn -9.999999974747427e-7 1.1102230218215578e-22 0.9999999999995
vn -9.999999974747427e-7 1.1102230218215578e-22 0.9999999999995
vn 0.015564715174304253 0.17294911689727854 0.9848077693671969
vn -9.999999974747427e-7 1.1102230218215578e-22 0.9999999999995
vn 0.046195824181516194 0.16739039297812394 0.9848077996070195
vn 0.046195824181516194 0.16739039297812394 0.9848077996070195
vn -9.999999974747427e-7 1.1102230218215578e-22 0.9999999999995
vn -9.999999974747427e-7 1.1102230218215578e-22 0.9999999999995
vn 0.046195824181516194 0.16739039297812394 0.9848077996070195
vn -9.999999974747427e-7 1.1102230218215578e-22 0.9999999999995
vn 0.07534213200118367 0.15645160930528965 0.9848078274929081
vn 0.07534213200118367 0.15645160930528965 0.9848078274929081
vn -9.999999974747427e-7 1.1102230218215578e-22 0.9999999999995
vn -9.999999974747427e-7 1.1102230218215578e-22 0.9999999999995
vn 0.07534213200118367 0.15645160930528965 0.9848078274929081
vn -9.999999974747427e-7 1.1102230218215578e-22 0.9999999999995
vn 0.10206686027725789 0.14048431906531297 0.9848078554367333
vn 0.10206686027725789 0.14048431906531297 0.9848078554367333
vn -9.999999974747427e-7 1.1102230218215578e-22 0.9999999999995
vn -9.999999974747427e-7 1.1102230218215578e-22 0.9999999999995
vn 0.10206686027725789 0.14048431906531297 0.9848078554367333
vn -9.999999974747427e-7 1.1102230218215578e-22 0.9999999999995
vn 0.12551102404379438 0.12000178146938859 0.9848078773484964
vn 0.12551102404379438 0.12000178146938859 0.9848078773484964
vn -9.999999974747427e-7 1.1102230218215578e-22 0.9999999999995
vn -9.999999974747427e-7 1.1102230218215578e-22 0.9999999999995
vn 0.12551102404379438 0.12000178146938859 0.9848078773484964
vn -9.999999974747427e-7 1.1102230218215578e-22 0.9999999999995
vn 0.1449211373666194 0.09566225756470459 0.9848078982329446
vn 0.1449211373666194 0.09566225756470459 0.9848078982329446
vn -9.999999974747427e-7 1.1102230218215578e-22 0.9999999999995
vn -9.999999974747427e-7 1.1102230218215578e-22 0.9999999999995
vn 0.1449211373666194 0.09566225756470459 0.9848078982329446
vn -9.999999974747427e-7 1.1102230218215578e-22 0.9999999999995
vn 0.1596733338676595 0.06824808597666171 0.984807912850069
vn 0.1596733338676595 0.06824808597666171 0.984807912850069
vn -9.999999974747427e-7 1.1102230218215578e-22 0.9999999999995
vn -9.999999974747427e-7 1.1102230218215578e-22 0.9999999999995
vn 0.1596733338676595 0.06824808597666171 0.984807912850069
vn -9.999999974747427e-7 1.1102230218215578e-22 0.9999999999995
vn 0.16929346576431642 0.03864035068179243 0.9848079232767649
vn 0.16929346576431642 0.03864035068179243 0.9848079232767649
vn -9.999999974747427e-7 1.1102230218215578e-22 0.9999999999995
vn -9.999999974747427e-7 1.1102230218215578e-22 0.9999999999995
vn 0.16929346576431642 0.03864035068179243 0.9848079232767649
vn -9.999999974747427e-7 1.1102230218215578e-22 0.9999999999995
vn 0.17347234781010426 0.007790700664297405 0.9848079251957762
vn 0.17347234781010426 0.007790700664297405 0.9848079251957762
vn -9.999999974747427e-7 1.1102230218215578e-22 0.9999999999995
vn -9.999999974747427e-7 1.1102230218215578e-22 0.9999999999995
vn 0.17347234781010426 0.007790700664297405 0.9848079251957762
vn -9.999999974747427e-7 1.1102230218215578e-22 0.9999999999995
vn 0.17207564669510383 -0.023309359673685845 0.9848079231840411
vn 0.17207564669510383 -0.023309359673685845 0.9848079231840411
vn -9.999999974747427e-7 1.1102230218215578e-22 0.9999999999995
vn -9.999999974747427e-7 1.1102230218215578e-22 0.9999999999995
vn 0.17207564669510383 -0.023309359673685845 0.9848079231840411
vn -9.999999974747427e-7 1.1102230218215578e-22 0.9999999999995
vn 0.16514824493145 -0.053660240551800416 0.984807918215519
vn 0.16514824493145 -0.053660240551800416 0.984807918215519
vn -9.999999974747427e-7 1.1102230218215578e-22 0.9999999999995
vn -9.999999974747427e-7 1.1102230218215578e-22 0.9999999999995
vn 0.16514824493145 -0.053660240551800416 0.984807918215519
vn -9.999999974747427e-7 1.1102230218215578e-22 0.9999999999995
vn 0.1529128249007792 -0.08228643214586331 0.9848079056676831
vn 0.1529128249007792 -0.08228643214586331 0.9848079056676831
vn -9.999999974747427e-7 1.1102230218215578e-22 0.9999999999995
vn -9.999999974747427e-7 1.1102230218215578e-22 0.9999999999995
vn 0.1529128249007792 -0.08228643214586331 0.9848079056676831
vn -9.999999974747427e-7 1.1102230218215578e-22 0.9999999999995
vn 0.1357626290849484 -0.10826787128613084 0.9848078881645458
vn 0.1357626290849484 -0.10826787128613084 0.9848078881645458
vn -9.999999974747427e-7 1.1102230218215578e-22 0.9999999999995
vn -9.999999974747427e-7 1.1102230218215578e-22 0.9999999999995
vn 0.1357626290849484 -0.10826787128613084 0.9848078881645458
vn -9.999999974747427e-7 1.1102230218215578e-22 0.9999999999995
vn 0.11424888122161955 -0.13076949344797525 0.984807865892108
vn 0.11424888122161955 -0.13076949344797525 0.984807865892108
vn -9.999999974747427e-7 1.1102230218215578e-22 0.9999999999995
vn -9.999999974747427e-7 1.1102230218215578e-22 0.9999999999995
vn 0.11424888122161955 -0.13076949344797525 0.984807865892108
vn -9.999999974747427e-7 1.1102230218215578e-22 0.9999999999995
vn 0.08906304025344945 -0.1490680713357466 0.9848078416468125
vn 0.08906304025344945 -0.1490680713357466 0.9848078416468125
vn -9.999999974747427e-7 1.1102230218215578e-22 0.9999999999995
vn -9.999999974747427e-7 1.1102230218215578e-22 0.9999999999995
vn 0.08906304025344945 -0.1490680713357466 0.9848078416468125
vn -9.999999974747427e-7 1.1102230218215578e-22 0.9999999999995
vn 0.06101462014646518 -0.16257548711079176 0.9848078122756091
vn 0.06101462014646518 -0.16257548711079176 0.9848078122756091
vn -9.999999974747427e-7 1.1102230218215578e-22 0.9999999999995
vn -9.999999974747427e-7 1.1102230218215578e-22 0.9999999999995
vn 0.06101462014646518 -0.16257548711079176 0.9848078122756091
vn -9.999999974747427e-7 1.1102230218215578e-22 0.9999999999995
vn 0.031005097396136043 -0.17085757765084922 0.9848077843390253
vn 0.031005097396136043 -0.17085757765084922 0.9848077843390253
vn -9.999999974747427e-7 1.1102230218215578e-22 0.9999999999995
vn -9.999999974747427e-7 1.1102230218215578e-22 0.9999999999995
vn 0.031005097396136043 -0.17085757765084922 0.9848077843390253
vn -9.999999974747427e-7 1.1102230218215578e-22 0.9999999999995
vn -9.510564825724556e-7 -0.309016994828342 0.9510565161473611
vn 0.031005097396136043 -0.17085757765084922 0.9848077843390253
vn -9.510564825724556e-7 -0.309016994828342 0.9510565161473611
vn 0.08927758566803246 -0.49196480512795815 0.866025486468324
vn 0.08927758566803246 -0.49196480512795815 0.866025486468324
vn -9.510564825724556e-7 -0.309016994828342 0.9510565161473611
vn -8.090170226161325e-7 -0.5877852429540098 0.8090170011593335
vn 0.08927758566803246 -0.49196480512795815 0.866025486468324
vn -8.090170226161325e-7 -0.5877852429540098 0.8090170011593335
vn 0.13678186860289662 -0.7537337987966382 0.6427877417725769
vn 0.13678186860289662 -0.7537337987966382 0.6427877417725769
vn -8.090170226161325e-7 -0.5877852429540098 0.8090170011593335
vn -5.877852221266721e-7 -0.8090170011594585 0.5877852429541006
vn 0.13678186860289662 -0.7537337987966382 0.6427877417725769
vn -5.877852221266721e-7 -0.8090170011594585 0.5877852429541006
vn 0.16778825451424317 -0.9245913750390211 0.3420203076580627
vn 0.16778825451424317 -0.9245913750390211 0.3420203076580627
vn -5.877852221266721e-7 -0.8090170011594585 0.5877852429541006
vn -3.0901698912593536e-7 -0.9510565161477459 0.309016994828467
vn 0.16778825451424317 -0.9245913750390211 0.3420203076580627
vn -3.0901698912593536e-7 -0.9510565161477459 0.309016994828467
vn 0.17364819698482162 -0.984807749605927 1.7364819266745019e-7
vn 0.17364819698482162 -0.984807749605927 1.7364819266745019e-7
vn -3.0901698912593536e-7 -0.9510565161477459 0.309016994828467
vn -2.220446049250313e-16 -1 -2.2204460436442257e-22
vn 0.17364819698482162 -0.984807749605927 1.7364819266745019e-7
vn 0.34202015414017756 -0.9396926168496869 3.4202014390290523e-7
vn 0.16778825451424317 -0.9245913750390211 0.3420203076580627
vn 0.16778825451424317 -0.9245913750390211 0.3420203076580627
vn 0.34202015414017756 -0.9396926168496869 3.4202014390290523e-7
vn 0.3301839761550669 -0.879773002908061 0.34202047489085097
vn 0.16778825451424317 -0.9245913750390211 0.3420203076580627
vn 0.3301839761550669 -0.879773002908061 0.34202047489085097
vn 0.26916811629716464 -0.7171974980556084 0.6427878918833272
vn 0.26916811629716464 -0.7171974980556084 0.6427878918833272
vn 0.3301839761550669 -0.879773002908061 0.34202047489085097
vn 0.392902974126003 -0.6576099459553814 0.6427879991906364
vn 0.26916811629716464 -0.7171974980556084 0.6427878918833272
vn 0.392902974126003 -0.6576099459553814 0.6427879991906364
vn 0.25644876902051905 -0.42922439081757674 0.8660256642820352
vn 0.25644876902051905 -0.42922439081757674 0.8660256642820352
vn 0.392902974126003 -0.6576099459553814 0.6427879991906364
vn 0.32896849029304065 -0.3765357379379833 0.8660257331337308
vn 0.25644876902051905 -0.42922439081757674 0.8660256642820352
vn 0.32896849029304065 -0.3765357379379833 0.8660257331337308
vn 0.11424888122161955 -0.13076949344797525 0.984807865892108
vn 0.11424888122161955 -0.13076949344797525 0.984807865892108
vn 0.32896849029304065 -0.3765357379379833 0.8660257331337308
vn 0.1357626290849484 -0.10826787128613084 0.9848078881645458
vn 0.34202015414017756 -0.9396926168496869 3.4202014390290523e-7
vn 0.5000000067305244 -0.8660253998984242 5.000000054681457e-7
vn 0.3301839761550669 -0.879773002908061 0.34202047489085097
vn 0.3301839761550669 -0.879773002908061 0.34202047489085097
vn 0.5000000067305244 -0.8660253998984242 5.000000054681457e-7
vn 0.4819673046631579 -0.8066780046214787 0.3420206340202886
vn 0.3301839761550669 -0.879773002908061 0.34202047489085097
vn 0.4819673046631579 -0.8066780046214787 0.3420206340202886
vn 0.392902974126003 -0.6576099459553814 0.6427879991906364
vn 0.392902974126003 -0.6576099459553814 0.6427879991906364
vn 0.4819673046631579 -0.8066780046214787 0.3420206340202886
vn 0.5040096741666824 -0.5768861886325359 0.6427881250547656
vn 0.392902974126003 -0.6576099459553814 0.6427879991906364
vn 0.5040096741666824 -0.5768861886325359 0.6427881250547656
vn 0.32896849029304065 -0.3765357379379833 0.8660257331337308
vn 0.32896849029304065 -0.3765357379379833 0.8660257331337308
vn 0.5040096741666824 -0.5768861886325359 0.6427881250547656
vn 0.3909148820006424 -0.3117448944193869 0.866025793977217
vn 0.32896849029304065 -0.3765357379379833 0.8660257331337308
vn 0.3909148820006424 -0.3117448944193869 0.866025793977217
vn 0.1357626290849484 -0.10826787128613084 0.9848078881645458
vn 0.1357626290849484 -0.10826787128613084 0.9848078881645458
vn 0.3909148820006424 -0.3117448944193869 0.866025793977217
vn 0.1529128249007792 -0.08228643214586331 0.9848079056676831
vn 0.5000000067305244 -0.8660253998984242 5.000000054681457e-7
vn 0.6427876273095765 -0.766044428331224 6.42787589354544e-7
vn 0.4819673046631579 -0.8066780046214787 0.3420206340202886
vn 0.4819673046631579 -0.8066780046214787 0.3420206340202886
vn 0.6427876273095765 -0.766044428331224 6.42787589354544e-7
vn 0.6182597851053936 -0.7076557250543485 0.34202077849048407
vn 0.4819673046631579 -0.8066780046214787 0.3420206340202886
vn 0.6182597851053936 -0.7076557250543485 0.34202077849048407
vn 0.5040096741666824 -0.5768861886325359 0.6427881250547656
vn 0.5040096741666824 -0.5768861886325359 0.6427881250547656
vn 0.6182597851053936 -0.7076557250543485 0.34202077849048407
vn 0.5989170026524483 -0.47762089585431194 0.6427882262278392
vn 0.5040096741666824 -0.5768861886325359 0.6427881250547656
vn 0.5989170026524483 -0.47762089585431194 0.6427882262278392
vn 0.3909148820006424 -0.3117448944193869 0.866025793977217
vn 0.3909148820006424 -0.3117448944193869 0.866025793977217
vn 0.5989170026524483 -0.47762089585431194 0.6427882262278392
vn 0.4402969063171331 -0.23693432767011371 0.866025841796348
vn 0.3909148820006424 -0.3117448944193869 0.866025793977217
vn 0.4402969063171331 -0.23693432767011371 0.866025841796348
vn 0.1529128249007792 -0.08228643214586331 0.9848079056676831
vn 0.1529128249007792 -0.08228643214586331 0.9848079056676831
vn 0.4402969063171331 -0.23693432767011371 0.866025841796348
vn 0.16514824493145 -0.053660240551800416 0.984807918215519
vn 0.6427876273095765 -0.766044428331224 6.42787589354544e-7
vn 0.7660444283311575 -0.6427876273095207 7.660444130079909e-7
vn 0.6182597851053936 -0.7076557250543485 0.34202077849048407
vn 0.6182597851053936 -0.7076557250543485 0.34202077849048407
vn 0.7660444283311575 -0.6427876273095207 7.660444130079909e-7
vn 0.7346809453992355 -0.5858887392199003 0.3420208966168606
vn 0.6182597851053936 -0.7076557250543485 0.34202077849048407
vn 0.7346809453992355 -0.5858887392199003 0.3420208966168606
vn 0.5989170026524483 -0.47762089585431194 0.6427882262278392
vn 0.5989170026524483 -0.47762089585431194 0.6427882262278392
vn 0.7346809453992355 -0.5858887392199003 0.3420208966168606
vn 0.6745746716427387 -0.3630044452046805 0.6427882895166444
vn 0.5989170026524483 -0.47762089585431194 0.6427882262278392
vn 0.6745746716427387 -0.3630044452046805 0.6427882895166444
vn 0.4402969063171331 -0.23693432767011371 0.866025841796348
vn 0.4402969063171331 -0.23693432767011371 0.866025841796348
vn 0.6745746716427387 -0.3630044452046805 0.6427882895166444
vn 0.47552740822012574 -0.15450850209749817 0.8660258695968829
vn 0.4402969063171331 -0.23693432767011371 0.866025841796348
vn 0.47552740822012574 -0.15450850209749817 0.8660258695968829
vn 0.16514824493145 -0.053660240551800416 0.984807918215519
vn 0.16514824493145 -0.053660240551800416 0.984807918215519
vn 0.47552740822012574 -0.15450850209749817 0.8660258695968829
vn 0.17207564669510383 -0.023309359673685845 0.9848079231840411
vn 0.7660444283311575 -0.6427876273095207 7.660444130079909e-7
vn 0.8660253998982076 -0.5000000067303993 8.660254141590848e-7
vn 0.7346809453992355 -0.5858887392199003 0.3420208966168606
vn 0.7346809453992355 -0.5858887392199003 0.3420208966168606
vn 0.8660253998982076 -0.5000000067303993 8.660254141590848e-7
vn 0.8274887728712199 -0.4452908894684473 0.3420209855089037
vn 0.7346809453992355 -0.5858887392199003 0.3420208966168606
vn 0.8274887728712199 -0.4452908894684473 0.3420209855089037
vn 0.6745746716427387 -0.3630044452046805 0.6427882895166444
vn 0.6745746716427387 -0.3630044452046805 0.6427882895166444
vn 0.8274887728712199 -0.4452908894684473 0.3420209855089037
vn 0.7285509074281981 -0.23672075455208805 0.642788347475154
vn 0.6745746716427387 -0.3630044452046805 0.6427882895166444
vn 0.7285509074281981 -0.23672075455208805 0.642788347475154
vn 0.47552740822012574 -0.15450850209749817 0.8660258695968829
vn 0.47552740822012574 -0.15450850209749817 0.8660258695968829
vn 0.7285509074281981 -0.23672075455208805 0.642788347475154
vn 0.49547404912096854 -0.06711662677368481 0.8660258801318781
vn 0.47552740822012574 -0.15450850209749817 0.8660258695968829
vn 0.49547404912096854 -0.06711662677368481 0.8660258801318781
vn 0.17207564669510383 -0.023309359673685845 0.9848079231840411
vn 0.17207564669510383 -0.023309359673685845 0.9848079231840411
vn 0.49547404912096854 -0.06711662677368481 0.8660258801318781
vn 0.17347234781010426 0.007790700664297405 0.9848079251957762
vn 0.8660253998982076 -0.5000000067303993 8.660254141590848e-7
vn 0.9396926168493269 -0.34202015414004655 9.396925978990953e-7
vn 0.8274887728712199 -0.4452908894684473 0.3420209855089037
vn 0.8274887728712199 -0.4452908894684473 0.3420209855089037
vn 0.9396926168493269 -0.34202015414004655 9.396925978990953e-7
vn 0.893700440631189 -0.29038099096995035 0.34202105563682494
vn 0.8274887728712199 -0.4452908894684473 0.3420209855089037
vn 0.893700440631189 -0.29038099096995035 0.34202105563682494
vn 0.7285509074281981 -0.23672075455208805 0.642788347475154
vn 0.7285509074281981 -0.23672075455208805 0.642788347475154
vn 0.893700440631189 -0.29038099096995035 0.34202105563682494
vn 0.7591109007412102 -0.10282864058025455 0.6427883874591119
vn 0.7285509074281981 -0.23672075455208805 0.642788347475154
vn 0.7591109007412102 -0.10282864058025455 0.6427883874591119
vn 0.49547404912096854 -0.06711662677368481 0.8660258801318781
vn 0.49547404912096854 -0.06711662677368481 0.8660258801318781
vn 0.7591109007412102 -0.10282864058025455 0.6427883874591119
vn 0.4994956713290649 0.02243241978428573 0.8660259008055985
vn 0.49547404912096854 -0.06711662677368481 0.8660258801318781
vn 0.4994956713290649 0.02243241978428573 0.8660259008055985
vn 0.17347234781010426 0.007790700664297405 0.9848079251957762
vn 0.17347234781010426 0.007790700664297405 0.9848079251957762
vn 0.4994956713290649 0.02243241978428573 0.8660259008055985
vn 0.16929346576431642 0.03864035068179243 0.9848079232767649
vn 0.9396926168493269 -0.34202015414004655 9.396925978990953e-7
vn 0.9848077496054644 -0.17364819698474002 9.84807817861224e-7
vn 0.893700440631189 -0.29038099096995035 0.34202105563682494
vn 0.893700440631189 -0.29038099096995035 0.34202105563682494
vn 0.9848077496054644 -0.17364819698474002 9.84807817861224e-7
vn 0.9311878327707973 -0.1261380049662303 0.3420210867808665
vn 0.893700440631189 -0.29038099096995035 0.34202105563682494
vn 0.9311878327707973 -0.1261380049662303 0.3420210867808665
vn 0.7591109007412102 -0.10282864058025455 0.6427883874591119
vn 0.7591109007412102 -0.10282864058025455 0.6427883874591119
vn 0.9311878327707973 -0.1261380049662303 0.3420210867808665
vn 0.7652724247859162 0.034368451067638105 0.6427883986456941
vn 0.7591109007412102 -0.10282864058025455 0.6427883874591119
vn 0.7652724247859162 0.034368451067638105 0.6427883986456941
vn 0.4994956713290649 0.02243241978428573 0.8660259008055985
vn 0.4994956713290649 0.02243241978428573 0.8660259008055985
vn 0.7652724247859162 0.034368451067638105 0.6427883986456941
vn 0.48746309829076845 0.11126047634095121 0.8660258854151814
vn 0.4994956713290649 0.02243241978428573 0.8660259008055985
vn 0.48746309829076845 0.11126047634095121 0.8660258854151814
vn 0.16929346576431642 0.03864035068179243 0.9848079232767649
vn 0.16929346576431642 0.03864035068179243 0.9848079232767649
vn 0.48746309829076845 0.11126047634095121 0.8660258854151814
vn 0.1596733338676595 0.06824808597666171 0.984807912850069
vn 0.9848077496054644 -0.17364819698474002 9.84807817861224e-7
vn 0.9999999999995 -1.1102230246246014e-16 9.999999974747427e-7
vn 0.9311878327707973 -0.1261380049662303 0.3420210867808665
vn 0.9311878327707973 -0.1261380049662303 0.3420210867808665
vn 0.9999999999995 -1.1102230246246014e-16 9.999999974747427e-7
vn 0.9387460749586494 0.04215915039913634 0.34202107067745546
vn 0.9311878327707973 -0.1261380049662303 0.3420210867808665
vn 0.9387460749586494 0.04215915039913634 0.34202107067745546
vn 0.7652724247859162 0.034368451067638105 0.6427883986456941
vn 0.7652724247859162 0.034368451067638105 0.6427883986456941
vn 0.9387460749586494 0.04215915039913634 0.34202107067745546
vn 0.7468374260746033 0.17046093687880576 0.642788400651926
vn 0.7652724247859162 0.034368451067638105 0.6427883986456941
vn 0.7468374260746033 0.17046093687880576 0.642788400651926
vn 0.48746309829076845 0.11126047634095121 0.8660258854151814
vn 0.48746309829076845 0.11126047634095121 0.8660258854151814
vn 0.7468374260746033 0.17046093687880576 0.642788400651926
vn 0.45976302060307755 0.19651250555146427 0.8660258656921397
vn 0.48746309829076845 0.11126047634095121 0.8660258854151814
vn 0.45976302060307755 0.19651250555146427 0.8660258656921397
vn 0.1596733338676595 0.06824808597666171 0.984807912850069
vn 0.1596733338676595 0.06824808597666171 0.984807912850069
vn 0.45976302060307755 0.19651250555146427 0.8660258656921397
vn 0.1449211373666194 0.09566225756470459 0.9848078982329446
vn 0.9999999999995 -1.1102230246246014e-16 9.999999974747427e-7
vn 0.9848077496054644 0.17364819698474002 9.84807817861224e-7
vn 0.9387460749586494 0.04215915039913634 0.34202107067745546
vn 0.9387460749586494 0.04215915039913634 0.34202107067745546
vn 0.9848077496054644 0.17364819698474002 9.84807817861224e-7
vn 0.9161322255862308 0.20910127778239085 0.3420210532587007
vn 0.9387460749586494 0.04215915039913634 0.34202107067745546
vn 0.9161322255862308 0.20910127778239085 0.3420210532587007
vn 0.7468374260746033 0.17046093687880576 0.642788400651926
vn 0.7468374260746033 0.17046093687880576 0.642788400651926
vn 0.9161322255862308 0.20910127778239085 0.3420210532587007
vn 0.7043984561363038 0.3010746551037172 0.6427883532290931
vn 0.7468374260746033 0.17046093687880576 0.642788400651926
vn 0.7043984561363038 0.3010746551037172 0.6427883532290931
vn 0.45976302060307755 0.19651250555146427 0.8660258656921397
vn 0.45976302060307755 0.19651250555146427 0.8660258656921397
vn 0.7043984561363038 0.3010746551037172 0.6427883532290931
vn 0.41728577299401354 0.2754485029690199 0.8660258113179504
vn 0.45976302060307755 0.19651250555146427 0.8660258656921397
vn 0.41728577299401354 0.2754485029690199 0.8660258113179504
vn 0.1449211373666194 0.09566225756470459 0.9848078982329446
vn 0.1449211373666194 0.09566225756470459 0.9848078982329446
vn 0.41728577299401354 0.2754485029690199 0.8660258113179504
vn 0.12551102404379438 0.12000178146938859 0.9848078773484964
vn 0.9848077496054644 0.17364819698474002 9.84807817861224e-7
vn 0.9396926168493269 0.34202015414004655 9.396925978990953e-7
vn 0.9161322255862308 0.20910127778239085 0.3420210532587007
vn 0.9161322255862308 0.20910127778239085 0.3420210532587007
vn 0.9396926168493269 0.34202015414004655 9.396925978990953e-7
vn 0.8640731130225775 0.36932272373647884 0.3420210243294124
vn 0.9161322255862308 0.20910127778239085 0.3420210532587007
vn 0.8640731130225775 0.36932272373647884 0.3420210243294124
vn 0.7043984561363038 0.3010746551037172 0.6427883532290931
vn 0.7043984561363038 0.3010746551037172 0.6427883532290931
vn 0.8640731130225775 0.36932272373647884 0.3420210243294124
vn 0.6393195597389109 0.42201156788453725 0.6427882521537553
vn 0.7043984561363038 0.3010746551037172 0.6427883532290931
vn 0.6393195597389109 0.42201156788453725 0.6427882521537553
vn 0.41728577299401354 0.2754485029690199 0.8660258113179504
vn 0.41728577299401354 0.2754485029690199 0.8660258113179504
vn 0.6393195597389109 0.42201156788453725 0.6427882521537553
vn 0.3613965862478351 0.3455313196914918 0.8660257586011325
vn 0.41728577299401354 0.2754485029690199 0.8660258113179504
vn 0.3613965862478351 0.3455313196914918 0.8660257586011325
vn 0.12551102404379438 0.12000178146938859 0.9848078773484964
vn 0.12551102404379438 0.12000178146938859 0.9848078773484964
vn 0.3613965862478351 0.3455313196914918 0.8660257586011325
vn 0.10206686027725789 0.14048431906531297 0.9848078554367333
vn 0.9396926168493269 0.34202015414004655 9.396925978990953e-7
vn 0.8660253998982076 0.5000000067303993 8.660254141590848e-7
vn 0.8640731130225775 0.36932272373647884 0.3420210243294124
vn 0.8640731130225775 0.36932272373647884 0.3420210243294124
vn 0.8660253998982076 0.5000000067303993 8.660254141590848e-7
vn 0.7842419723336513 0.5176738487260266 0.3420209279786946
vn 0.8640731130225775 0.36932272373647884 0.3420210243294124
vn 0.7842419723336513 0.5176738487260266 0.3420209279786946
vn 0.6393195597389109 0.42201156788453725 0.6427882521537553
vn 0.6393195597389109 0.42201156788453725 0.6427882521537553
vn 0.7842419723336513 0.5176738487260266 0.3420209279786946
vn 0.5536923481291218 0.5293846796005213 0.6427881802176458
vn 0.6393195597389109 0.42201156788453725 0.6427882521537553
vn 0.5536923481291218 0.5293846796005213 0.6427881802176458
vn 0.3613965862478351 0.3455313196914918 0.8660257586011325
vn 0.3613965862478351 0.3455313196914918 0.8660257586011325
vn 0.5536923481291218 0.5293846796005213 0.6427881802176458
vn 0.29389176035028763 0.40450850490238655 0.8660256939951867
vn 0.3613965862478351 0.3455313196914918 0.8660257586011325
vn 0.29389176035028763 0.40450850490238655 0.8660256939951867
vn 0.10206686027725789 0.14048431906531297 0.9848078554367333
vn 0.10206686027725789 0.14048431906531297 0.9848078554367333
vn 0.29389176035028763 0.40450850490238655 0.8660256939951867
vn 0.07534213200118367 0.15645160930528965 0.9848078274929081
vn 0.8660253998982076 0.5000000067303993 8.660254141590848e-7
vn 0.7660444283311575 0.6427876273095207 7.660444130079909e-7
vn 0.7842419723336513 0.5176738487260266 0.3420209279786946
vn 0.7842419723336513 0.5176738487260266 0.3420209279786946
vn 0.7660444283311575 0.6427876273095207 7.660444130079909e-7
vn 0.6792046806460796 0.6493864447722675 0.34202082850974386
vn 0.7842419723336513 0.5176738487260266 0.3420209279786946
vn 0.6792046806460796 0.6493864447722675 0.34202082850974386
vn 0.5536923481291218 0.5293846796005213 0.6427881802176458
vn 0.5536923481291218 0.5293846796005213 0.6427881802176458
vn 0.6792046806460796 0.6493864447722675 0.34202082850974386
vn 0.45026898127312204 0.6197429860057935 0.6427880488931695
vn 0.5536923481291218 0.5293846796005213 0.6427881802176458
vn 0.45026898127312204 0.6197429860057935 0.6427880488931695
vn 0.29389176035028763 0.40450850490238655 0.8660256939951867
vn 0.29389176035028763 0.40450850490238655 0.8660256939951867
vn 0.45026898127312204 0.6197429860057935 0.6427880488931695
vn 0.21694101321950224 0.45048442334948674 0.8660256238142012
vn 0.29389176035028763 0.40450850490238655 0.8660256939951867
vn 0.21694101321950224 0.45048442334948674 0.8660256238142012
vn 0.07534213200118367 0.15645160930528965 0.9848078274929081
vn 0.07534213200118367 0.15645160930528965 0.9848078274929081
vn 0.21694101321950224 0.45048442334948674 0.8660256238142012
vn 0.046195824181516194 0.16739039297812394 0.9848077996070195
vn 0.7660444283311575 0.6427876273095207 7.660444130079909e-7
vn 0.6427876273095765 0.766044428331224 6.42787589354544e-7
vn 0.6792046806460796 0.6493864447722675 0.34202082850974386
vn 0.6792046806460796 0.6493864447722675 0.34202082850974386
vn 0.6427876273095765 0.766044428331224 6.42787589354544e-7
vn 0.5523370994927126 0.7602273080577847 0.3420207137107216
vn 0.6792046806460796 0.6493864447722675 0.34202082850974386
vn 0.5523370994927126 0.7602273080577847 0.3420207137107216
vn 0.45026898127312204 0.6197429860057935 0.6427880488931695
vn 0.45026898127312204 0.6197429860057935 0.6427880488931695
vn 0.5523370994927126 0.7602273080577847 0.3420207137107216
vn 0.33237358732464034 0.6901822049602128 0.6427879295733613
vn 0.45026898127312204 0.6197429860057935 0.6427880488931695
vn 0.33237358732464034 0.6901822049602128 0.6427879295733613
vn 0.21694101321950224 0.45048442334948674 0.8660256238142012
vn 0.21694101321950224 0.45048442334948674 0.8660256238142012
vn 0.33237358732464034 0.6901822049602128 0.6427879295733613
vn 0.13301757317936774 0.4819814387935763 0.8660255295797841
vn 0.21694101321950224 0.45048442334948674 0.8660256238142012
vn 0.13301757317936774 0.4819814387935763 0.8660255295797841
vn 0.046195824181516194 0.16739039297812394 0.9848077996070195
vn 0.046195824181516194 0.16739039297812394 0.9848077996070195
vn 0.13301757317936774 0.4819814387935763 0.8660255295797841
vn 0.015564715174304253 0.17294911689727854 0.9848077693671969
vn 0.6427876273095765 0.766044428331224 6.42787589354544e-7
vn 0.5000000067305244 0.8660253998984242 5.000000054681457e-7
vn 0.5523370994927126 0.7602273080577847 0.3420207137107216
vn 0.5523370994927126 0.7602273080577847 0.3420207137107216
vn 0.5000000067305244 0.8660253998984242 5.000000054681457e-7
vn 0.40771699524002486 0.8466338038070769 0.34202054623020156
vn 0.5523370994927126 0.7602273080577847 0.3420207137107216
vn 0.40771699524002486 0.8466338038070769 0.34202054623020156
vn 0.33237358732464034 0.6901822049602128 0.6427879295733613
vn 0.33237358732464034 0.6901822049602128 0.6427879295733613
vn 0.40771699524002486 0.8466338038070769 0.34202054623020156
vn 0.20379539267976518 0.7384383835650219 0.6427878278253082
vn 0.33237358732464034 0.6901822049602128 0.6427879295733613
vn 0.20379539267976518 0.7384383835650219 0.6427878278253082
vn 0.13301757317936774 0.4819814387935763 0.8660255295797841
vn 0.13301757317936774 0.4819814387935763 0.8660255295797841
vn 0.20379539267976518 0.7384383835650219 0.6427878278253082
vn 0.04481879613863325 0.4979871502702862 0.8660254463226603
vn 0.13301757317936774 0.4819814387935763 0.8660255295797841
vn 0.04481879613863325 0.4979871502702862 0.8660254463226603
vn 0.015564715174304253 0.17294911689727854 0.9848077693671969
vn 0.015564715174304253 0.17294911689727854 0.9848077693671969
vn 0.04481879613863325 0.4979871502702862 0.8660254463226603
vn -9.510564825724556e-7 0.309016994828342 0.9510565161473611
vn 0.5000000067305244 0.8660253998984242 5.000000054681457e-7
vn 0.34202015414017756 0.9396926168496869 3.4202014390290523e-7
vn 0.40771699524002486 0.8466338038070769 0.34202054623020156
vn 0.40771699524002486 0.8466338038070769 0.34202054623020156
vn 0.34202015414017756 0.9396926168496869 3.4202014390290523e-7
vn 0.2499925225600024 0.9058287846388241 0.34202039644418514
vn 0.40771699524002486 0.8466338038070769 0.34202054623020156
vn 0.2499925225600024 0.9058287846388241 0.34202039644418514
vn 0.20379539267976518 0.7384383835650219 0.6427878278253082
vn 0.20379539267976518 0.7384383835650219 0.6427878278253082
vn 0.2499925225600024 0.9058287846388241 0.34202039644418514
vn 0.06866704707756173 0.7629605570782361 0.6427876982243169
vn 0.20379539267976518 0.7384383835650219 0.6427878278253082
vn 0.06866704707756173 0.7629605570782361 0.6427876982243169
vn 0.04481879613863325 0.4979871502702862 0.8660254463226603
vn 0.04481879613863325 0.4979871502702862 0.8660254463226603
vn 0.06866704707756173 0.7629605570782361 0.6427876982243169
vn -8.090170226161325e-7 0.5877852429540098 0.8090170011593335
vn 0.04481879613863325 0.4979871502702862 0.8660254463226603
vn -8.090170226161325e-7 0.5877852429540098 0.8090170011593335
vn -9.510564825724556e-7 0.309016994828342 0.9510565161473611
vn 0.34202015414017756 0.9396926168496869 3.4202014390290523e-7
vn 0.17364819698482162 0.984807749605927 1.7364819266745019e-7
vn 0.2499925225600024 0.9058287846388241 0.34202039644418514
vn 0.2499925225600024 0.9058287846388241 0.34202039644418514
vn 0.17364819698482162 0.984807749605927 1.7364819266745019e-7
vn 0.08423305392510207 0.9359096984339251 0.34202021724420073
vn 0.2499925225600024 0.9058287846388241 0.34202039644418514
vn 0.08423305392510207 0.9359096984339251 0.34202021724420073
vn 0.06866704707756173 0.7629605570782361 0.6427876982243169
vn 0.06866704707756173 0.7629605570782361 0.6427876982243169
vn 0.08423305392510207 0.9359096984339251 0.34202021724420073
vn -5.877852221266721e-7 0.8090170011594585 0.5877852429541006
vn 0.06866704707756173 0.7629605570782361 0.6427876982243169
vn -5.877852221266721e-7 0.8090170011594585 0.5877852429541006
vn -8.090170226161325e-7 0.5877852429540098 0.8090170011593335
vn 0.17364819698482162 0.984807749605927 1.7364819266745019e-7
vn 2.220446049250313e-16 1 2.2204460436442257e-22
vn 0.08423305392510207 0.9359096984339251 0.34202021724420073
vn 0.08423305392510207 0.9359096984339251 0.34202021724420073
vn 2.220446049250313e-16 1 2.2204460436442257e-22
vn -3.0901698912593536e-7 0.9510565161477459 0.309016994828467
vn 0.08423305392510207 0.9359096984339251 0.34202021724420073
vn -3.0901698912593536e-7 0.9510565161477459 0.309016994828467
vn -5.877852221266721e-7 0.8090170011594585 0.5877852429541006
vn 0.11424888122161955 -0.13076949344797525 0.984807865892108
vn 0.08906304025344945 -0.1490680713357466 0.9848078416468125
vn 0.25644876902051905 -0.42922439081757674 0.8660256642820352
vn 0.25644876902051905 -0.42922439081757674 0.8660256642820352
vn 0.08906304025344945 -0.1490680713357466 0.9848078416468125
vn 0.17568653949497304 -0.46811744910595204 0.8660255733422758
vn 0.25644876902051905 -0.42922439081757674 0.8660256642820352
vn 0.17568653949497304 -0.46811744910595204 0.8660255733422758
vn 0.26916811629716464 -0.7171974980556084 0.6427878918833272
vn 0.26916811629716464 -0.7171974980556084 0.6427878918833272
vn 0.17568653949497304 -0.46811744910595204 0.8660255733422758
vn 0.13678186860289662 -0.7537337987966382 0.6427877417725769
vn 0.26916811629716464 -0.7171974980556084 0.6427878918833272
vn 0.13678186860289662 -0.7537337987966382 0.6427877417725769
vn 0.16778825451424317 -0.9245913750390211 0.3420203076580627
vn 0.08906304025344945 -0.1490680713357466 0.9848078416468125
vn 0.06101462014646518 -0.16257548711079176 0.9848078122756091
vn 0.17568653949497304 -0.46811744910595204 0.8660255733422758
vn 0.17568653949497304 -0.46811744910595204 0.8660255733422758
vn 0.06101462014646518 -0.16257548711079176 0.9848078122756091
vn 0.08927758566803246 -0.49196480512795815 0.866025486468324
vn 0.17568653949497304 -0.46811744910595204 0.8660255733422758
vn 0.08927758566803246 -0.49196480512795815 0.866025486468324
vn 0.13678186860289662 -0.7537337987966382 0.6427877417725769
vn 0.031005097396136043 -0.17085757765084922 0.9848077843390253
vn 0.08927758566803246 -0.49196480512795815 0.866025486468324
vn 0.06101462014646518 -0.16257548711079176 0.9848078122756091
vn -2.220446049250313e-16 -1 -2.2204460436442257e-22
vn 0.17364819698482162 -0.984807749605927 1.7364819266745019e-7
vn -2.220446049250313e-16 -1 -2.2204460436442257e-22
vn -2.220446049250313e-16 -1 -2.2204460436442257e-22
vn 0.17364819698482162 -0.984807749605927 1.7364819266745019e-7
vn 0.17364819698482162 -0.984807749605927 1.7364819266745019e-7
vn 0.17364819698482162 -0.984807749605927 1.7364819266745019e-7
vn 0.17364819698482162 -0.984807749605927 1.7364819266745019e-7
vn 0.34202015414017756 -0.9396926168496869 3.4202014390290523e-7
vn 0.17364819698482162 -0.984807749605927 1.7364819266745019e-7
vn 0.34202015414017756 -0.9396926168496869 3.4202014390290523e-7
vn 0.34202015414017756 -0.9396926168496869 3.4202014390290523e-7
vn 0.34202015414017756 -0.9396926168496869 3.4202014390290523e-7
vn 0.34202015414017756 -0.9396926168496869 3.4202014390290523e-7
vn 0.5000000067305244 -0.8660253998984242 5.000000054681457e-7
vn 0.34202015414017756 -0.9396926168496869 3.4202014390290523e-7
vn 0.5000000067305244 -0.8660253998984242 5.000000054681457e-7
vn 0.5000000067305244 -0.8660253998984242 5.000000054681457e-7
vn 0.5000000067305244 -0.8660253998984242 5.000000054681457e-7
vn 0.5000000067305244 -0.8660253998984242 5.000000054681457e-7
vn 0.6427876273095765 -0.766044428331224 6.42787589354544e-7
vn 0.5000000067305244 -0.8660253998984242 5.000000054681457e-7
vn 0.6427876273095765 -0.766044428331224 6.42787589354544e-7
vn 0.6427876273095765 -0.766044428331224 6.42787589354544e-7
vn 0.6427876273095765 -0.766044428331224 6.42787589354544e-7
vn 0.6427876273095765 -0.766044428331224 6.42787589354544e-7
vn 0.7660444283311575 -0.6427876273095207 7.660444130079909e-7
vn 0.6427876273095765 -0.766044428331224 6.42787589354544e-7
vn 0.7660444283311575 -0.6427876273095207 7.660444130079909e-7
vn 0.7660444283311575 -0.6427876273095207 7.660444130079909e-7
vn 0.7660444283311575 -0.6427876273095207 7.660444130079909e-7
vn 0.7660444283311575 -0.6427876273095207 7.660444130079909e-7
vn 0.8660253998982076 -0.5000000067303993 8.660254141590848e-7
vn 0.7660444283311575 -0.6427876273095207 7.660444130079909e-7
vn 0.8660253998982076 -0.5000000067303993 8.660254141590848e-7
vn 0.8660253998982076 -0.5000000067303993 8.660254141590848e-7
vn 0.8660253998982076 -0.5000000067303993 8.660254141590848e-7
vn 0.8660253998982076 -0.5000000067303993 8.660254141590848e-7
vn 0.9396926168493269 -0.34202015414004655 9.396925978990953e-7
vn 0.8660253998982076 -0.5000000067303993 8.660254141590848e-7
vn 0.9396926168493269 -0.34202015414004655 9.396925978990953e-7
vn 0.9396926168493269 -0.34202015414004655 9.396925978990953e-7
vn 0.9396926168493269 -0.34202015414004655 9.396925978990953e-7
vn 0.9396926168493269 -0.34202015414004655 9.396925978990953e-7
vn 0.9848077496054644 -0.17364819698474002 9.84807817861224e-7
vn 0.9396926168493269 -0.34202015414004655 9.396925978990953e-7
vn 0.9848077496054644 -0.17364819698474002 9.84807817861224e-7
vn 0.9848077496054644 -0.17364819698474002 9.84807817861224e-7
vn 0.9848077496054644 -0.17364819698474002 9.84807817861224e-7
vn 0.9848077496054644 -0.17364819698474002 9.84807817861224e-7
vn 0.9999999999995 -1.1102230246246014e-16 9.999999974747427e-7
vn 0.9848077496054644 -0.17364819698474002 9.84807817861224e-7
vn 0.9999999999995 -1.1102230246246014e-16 9.999999974747427e-7
vn 0.9999999999995 -1.1102230246246014e-16 9.999999974747427e-7
vn 0.9999999999995 -1.1102230246246014e-16 9.999999974747427e-7
vn 0.9999999999995 -1.1102230246246014e-16 9.999999974747427e-7
vn 0.9848077496054644 0.17364819698474002 9.84807817861224e-7
vn 0.9999999999995 -1.1102230246246014e-16 9.999999974747427e-7
vn 0.9848077496054644 0.17364819698474002 9.84807817861224e-7
vn 0.9848077496054644 0.17364819698474002 9.84807817861224e-7
vn 0.9848077496054644 0.17364819698474002 9.84807817861224e-7
vn 0.9848077496054644 0.17364819698474002 9.84807817861224e-7
vn 0.9396926168493269 0.34202015414004655 9.396925978990953e-7
vn 0.9848077496054644 0.17364819698474002 9.84807817861224e-7
vn 0.9396926168493269 0.34202015414004655 9.396925978990953e-7
vn 0.9396926168493269 0.34202015414004655 9.396925978990953e-7
vn 0.9396926168493269 0.34202015414004655 9.396925978990953e-7
vn 0.9396926168493269 0.34202015414004655 9.396925978990953e-7
vn 0.8660253998982076 0.5000000067303993 8.660254141590848e-7
vn 0.9396926168493269 0.34202015414004655 9.396925978990953e-7
vn 0.8660253998982076 0.5000000067303993 8.660254141590848e-7
vn 0.8660253998982076 0.5000000067303993 8.660254141590848e-7
vn 0.8660253998982076 0.5000000067303993 8.660254141590848e-7
vn 0.8660253998982076 0.5000000067303993 8.660254141590848e-7
vn 0.7660444283311575 0.6427876273095207 7.660444130079909e-7
vn 0.8660253998982076 0.5000000067303993 8.660254141590848e-7
vn 0.7660444283311575 0.6427876273095207 7.660444130079909e-7
vn 0.7660444283311575 0.6427876273095207 7.660444130079909e-7
vn 0.7660444283311575 0.6427876273095207 7.660444130079909e-7
vn 0.7660444283311575 0.6427876273095207 7.660444130079909e-7
vn 0.6427876273095765 0.766044428331224 6.42787589354544e-7
vn 0.7660444283311575 0.6427876273095207 7.660444130079909e-7
vn 0.6427876273095765 0.766044428331224 6.42787589354544e-7
vn 0.6427876273095765 0.766044428331224 6.42787589354544e-7
vn 0.6427876273095765 0.766044428331224 6.42787589354544e-7
vn 0.6427876273095765 0.766044428331224 6.42787589354544e-7
vn 0.5000000067305244 0.8660253998984242 5.000000054681457e-7
vn 0.6427876273095765 0.766044428331224 6.42787589354544e-7
vn 0.5000000067305244 0.8660253998984242 5.000000054681457e-7
vn 0.5000000067305244 0.8660253998984242 5.000000054681457e-7
vn 0.5000000067305244 0.8660253998984242 5.000000054681457e-7
vn 0.5000000067305244 0.8660253998984242 5.000000054681457e-7
vn 0.34202015414017756 0.9396926168496869 3.4202014390290523e-7
vn 0.5000000067305244 0.8660253998984242 5.000000054681457e-7
vn 0.34202015414017756 0.9396926168496869 3.4202014390290523e-7
vn 0.34202015414017756 0.9396926168496869 3.4202014390290523e-7
vn 0.34202015414017756 0.9396926168496869 3.4202014390290523e-7
vn 0.34202015414017756 0.9396926168496869 3.4202014390290523e-7
vn 0.17364819698482162 0.984807749605927 1.7364819266745019e-7
vn 0.34202015414017756 0.9396926168496869 3.4202014390290523e-7
vn 0.17364819698482162 0.984807749605927 1.7364819266745019e-7
vn 0.17364819698482162 0.984807749605927 1.7364819266745019e-7
vn 0.17364819698482162 0.984807749605927 1.7364819266745019e-7
vn 0.17364819698482162 0.984807749605927 1.7364819266745019e-7
vn 2.220446049250313e-16 1 2.2204460436442257e-22
vn 2.220446049250313e-16 1 2.2204460436442257e-22
vn 0.17364819698482162 0.984807749605927 1.7364819266745019e-7
vn 2.220446049250313e-16 1 2.2204460436442257e-22
vn -2.220446049250313e-16 -1 -2.2204460436442257e-22
vn -2.220446049250313e-16 -1 -2.2204460436442257e-22
vn 0.11291935730414882 -0.9936041559625268 1.1291935610134211e-7
vn 0.11291935730414882 -0.9936041559625268 1.1291935610134211e-7
vn -2.220446049250313e-16 -1 -2.2204460436442257e-22
vn 0.18374952660565758 -0.9829730980409194 1.8374952035470052e-7
vn 0.11291935730414882 -0.9936041559625268 1.1291935610134211e-7
vn 0.18374952660565758 -0.9829730980409194 1.8374952035470052e-7
vn 0.22445863672099176 -0.9744836173078044 2.244586331048408e-7
vn 0.22445863672099176 -0.9744836173078044 2.244586331048408e-7
vn 0.18374952660565758 -0.9829730980409194 1.8374952035470052e-7
vn 0.36124166830066456 -0.932472228585507 3.6124168884433087e-7
vn 0.22445863672099176 -0.9744836173078044 2.244586331048408e-7
vn 0.36124166830066456 -0.932472228585507 3.6124168884433087e-7
vn 0.3321338667175357 -0.9432322590852944 3.321338584102109e-7
vn 0.3321338667175357 -0.9432322590852944 3.321338584102109e-7
vn 0.36124166830066456 -0.932472228585507 3.6124168884433087e-7
vn 0.4337541497759408 -0.901031263359914 4.3375417048331633e-7
vn 0.4337541497759408 -0.901031263359914 4.3375417048331633e-7
vn 0.36124166830066456 -0.932472228585507 3.6124168884433087e-7
vn 0.5264321458550774 -0.8502171462691996 5.264321209567509e-7
vn 0.4337541497759408 -0.901031263359914 4.3375417048331633e-7
vn 0.5264321458550774 -0.8502171462691996 5.264321209567509e-7
vn 0.5276579197734805 -0.8494569557664735 5.276579536830806e-7
vn 0.5276579197734805 -0.8494569557664735 5.276579536830806e-7
vn 0.5264321458550774 -0.8502171462691996 5.264321209567509e-7
vn 0.6124482798485053 -0.7905106605923996 6.124482799649206e-7
vn 0.6124482798485053 -0.7905106605923996 6.124482799649206e-7
vn 0.5264321458550774 -0.8502171462691996 5.264321209567509e-7
vn 0.6736956396776606 -0.7390089208384792 6.736956537457249e-7
vn 0.6124482798485053 -0.7905106605923996 6.124482799649206e-7
vn 0.6736956396776606 -0.7390089208384792 6.736956537457249e-7
vn 0.6871094325554056 -0.7265539399748078 6.871094560312836e-7
vn 0.6871094325554056 -0.7265539399748078 6.871094560312836e-7
vn 0.6736956396776606 -0.7390089208384792 6.736956537457249e-7
vn 0.7520675792294295 -0.6590860006641166 7.520676055138269e-7
vn 0.7520675792294295 -0.6590860006641166 7.520676055138269e-7
vn 0.6736956396776606 -0.7390089208384792 6.736956537457249e-7
vn 0.798017203380299 -0.6026346680273627 7.980171967846435e-7
vn 0.7520675792294295 -0.6590860006641166 7.520676055138269e-7
vn 0.798017203380299 -0.6026346680273627 7.980171967846435e-7
vn 0.8598133737168147 -0.5106084237230818 8.598133647128173e-7
vn 0.8598133737168147 -0.5106084237230818 8.598133647128173e-7
vn 0.798017203380299 -0.6026346680273627 7.980171967846435e-7
vn 0.8951632848611246 -0.4457383688172241 8.951632693742491e-7
vn 0.8598133737168147 -0.5106084237230818 8.598133647128173e-7
vn 0.8951632848611246 -0.4457383688172241 8.951632693742491e-7
vn 0.9362742310388352 -0.3512699308107101 9.362742053910847e-7
vn 0.9362742310388352 -0.3512699308107101 9.362742053910847e-7
vn 0.8951632848611246 -0.4457383688172241 8.951632693742491e-7
vn 0.9618256465930818 -0.27366297804941575 9.618256404521738e-7
vn 0.9362742310388352 -0.3512699308107101 9.362742053910847e-7
vn 0.9618256465930818 -0.27366297804941575 9.618256404521738e-7
vn 0.9628090221697768 -0.2701828766364579 9.62809049745656e-7
vn 0.9628090221697768 -0.2701828766364579 9.62809049745656e-7
vn 0.9618256465930818 -0.27366297804941575 9.618256404521738e-7
vn 0.9822461576832496 -0.18759660368868047 9.822462033253317e-7
vn 0.9822461576832496 -0.18759660368868047 9.822462033253317e-7
vn 0.9618256465930818 -0.27366297804941575 9.618256404521738e-7
vn 0.9957341758227815 -0.09226836455434888 9.957341469081252e-7
vn 0.9822461576832496 -0.18759660368868047 9.822462033253317e-7
vn 0.9957341758227815 -0.09226836455434888 9.957341469081252e-7
vn 0.9949279779281126 -0.10058985403551993 9.94927948467761e-7
vn 0.9949279779281126 -0.10058985403551993 9.94927948467761e-7
vn 0.9957341758227815 -0.09226836455434888 9.957341469081252e-7
vn 0.9985986252444927 -0.05292244947857458 9.985985698744557e-7
vn 0.9985986252444927 -0.05292244947857458 9.985985698744557e-7
vn 0.9957341758227815 -0.09226836455434888 9.957341469081252e-7
vn 0.9999999999995 -1.1102230246246014e-16 9.999999974747427e-7
vn 0.9999999999995 -1.1102230246246014e-16 9.999999974747427e-7
vn 0.9957341758227815 -0.09226836455434888 9.957341469081252e-7
vn 0.9957341758227815 0.09226836455434888 9.957341469081252e-7
vn 0.9999999999995 -1.1102230246246014e-16 9.999999974747427e-7
vn 0.9957341758227815 0.09226836455434888 9.957341469081252e-7
vn 0.9985986252444927 0.05292244947857458 9.985985698744557e-7
vn 0.9985986252444927 0.05292244947857458 9.985985698744557e-7
vn 0.9957341758227815 0.09226836455434888 9.957341469081252e-7
vn 0.9949279779281126 0.10058985403551993 9.94927948467761e-7
vn 0.9949279779281126 0.10058985403551993 9.94927948467761e-7
vn 0.9957341758227815 0.09226836455434888 9.957341469081252e-7
vn 0.9822461576832496 0.18759660368868047 9.822462033253317e-7
vn 0.9822461576832496 0.18759660368868047 9.822462033253317e-7
vn 0.9957341758227815 0.09226836455434888 9.957341469081252e-7
vn 0.9618256465930818 0.27366297804941575 9.618256404521738e-7
vn 0.9822461576832496 0.18759660368868047 9.822462033253317e-7
vn 0.9618256465930818 0.27366297804941575 9.618256404521738e-7
vn 0.9628090221697768 0.2701828766364579 9.62809049745656e-7
vn 0.9628090221697768 0.2701828766364579 9.62809049745656e-7
vn 0.9618256465930818 0.27366297804941575 9.618256404521738e-7
vn 0.9362742310388352 0.3512699308107101 9.362742053910847e-7
vn 0.9362742310388352 0.3512699308107101 9.362742053910847e-7
vn 0.9618256465930818 0.27366297804941575 9.618256404521738e-7
vn 0.8951632848611246 0.4457383688172241 8.951632693742491e-7
vn 0.9362742310388352 0.3512699308107101 9.362742053910847e-7
vn 0.8951632848611246 0.4457383688172241 8.951632693742491e-7
vn 0.8598133737168147 0.5106084237230818 8.598133647128173e-7
vn 0.8598133737168147 0.5106084237230818 8.598133647128173e-7
vn 0.8951632848611246 0.4457383688172241 8.951632693742491e-7
vn 0.798017203380299 0.6026346680273627 7.980171967846435e-7
vn 0.8598133737168147 0.5106084237230818 8.598133647128173e-7
vn 0.798017203380299 0.6026346680273627 7.980171967846435e-7
vn 0.7520675792294295 0.6590860006641166 7.520676055138269e-7
vn 0.7520675792294295 0.6590860006641166 7.520676055138269e-7
vn 0.798017203380299 0.6026346680273627 7.980171967846435e-7
vn 0.6736956396776606 0.7390089208384792 6.736956537457249e-7
vn 0.7520675792294295 0.6590860006641166 7.520676055138269e-7
vn 0.6736956396776606 0.7390089208384792 6.736956537457249e-7
vn 0.6871094325554056 0.7265539399748078 6.871094560312836e-7
vn 0.6871094325554056 0.7265539399748078 6.871094560312836e-7
vn 0.6736956396776606 0.7390089208384792 6.736956537457249e-7
vn 0.6124482798485053 0.7905106605923996 6.124482799649206e-7
vn 0.6124482798485053 0.7905106605923996 6.124482799649206e-7
vn 0.6736956396776606 0.7390089208384792 6.736956537457249e-7
vn 0.5264321458550774 0.8502171462691996 5.264321209567509e-7
vn 0.6124482798485053 0.7905106605923996 6.124482799649206e-7
vn 0.5264321458550774 0.8502171462691996 5.264321209567509e-7
vn 0.5276579197734805 0.8494569557664735 5.276579536830806e-7
vn 0.5276579197734805 0.8494569557664735 5.276579536830806e-7
vn 0.5264321458550774 0.8502171462691996 5.264321209567509e-7
vn 0.4337541497759408 0.901031263359914 4.3375417048331633e-7
vn 0.4337541497759408 0.901031263359914 4.3375417048331633e-7
vn 0.5264321458550774 0.8502171462691996 5.264321209567509e-7
vn 0.36124166830066456 0.932472228585507 3.6124168884433087e-7
vn 0.4337541497759408 0.901031263359914 4.3375417048331633e-7
vn 0.36124166830066456 0.932472228585507 3.6124168884433087e-7
vn 0.3321338667175357 0.9432322590852944 3.321338584102109e-7
vn 0.3321338667175357 0.9432322590852944 3.321338584102109e-7
vn 0.36124166830066456 0.932472228585507 3.6124168884433087e-7
vn 0.22445863672099176 0.9744836173078044 2.244586331048408e-7
vn 0.22445863672099176 0.9744836173078044 2.244586331048408e-7
vn 0.36124166830066456 0.932472228585507 3.6124168884433087e-7
vn 0.18374952660565758 0.9829730980409194 1.8374952035470052e-7
vn 0.22445863672099176 0.9744836173078044 2.244586331048408e-7
vn 0.18374952660565758 0.9829730980409194 1.8374952035470052e-7
vn 0.11291935730414882 0.9936041559625268 1.1291935610134211e-7
vn 0.11291935730414882 0.9936041559625268 1.1291935610134211e-7
vn 0.18374952660565758 0.9829730980409194 1.8374952035470052e-7
vn 2.220446049250313e-16 1 2.2204460436442257e-22
vn 0.11291935730414882 0.9936041559625268 1.1291935610134211e-7
vn 2.220446049250313e-16 1 2.2204460436442257e-22
vn 2.220446049250313e-16 1 2.2204460436442257e-22
vn -9.999999974747427e-7 1.1102230218215578e-22 0.9999999999995
vn -9.999999974747427e-7 1.1102230218215578e-22 0.9999999999995
vn 0.18374854403739826 -2.0400186433166907e-17 0.9829732817142774
vn 0.18374854403739826 -2.0400186433166907e-17 0.9829732817142774
vn -9.999999974747427e-7 1.1102230218215578e-22 0.9999999999995
vn 0.18374854403739826 -2.0400186433166907e-17 0.9829732817142774
vn 0.18374854403739826 -2.0400186433166907e-17 0.9829732817142774
vn 0.18374854403739826 -2.0400186433166907e-17 0.9829732817142774
vn 0.3612407445235253 -4.010577920027517e-17 0.9324725864582235
vn 0.3612407445235253 -4.010577920027517e-17 0.9324725864582235
vn 0.18374854403739826 -2.0400186433166907e-17 0.9829732817142774
vn 0.3612407445235253 -4.010577920027517e-17 0.9324725864582235
vn 0.3612407445235253 -4.010577920027517e-17 0.9324725864582235
vn 0.3612407445235253 -4.010577920027517e-17 0.9324725864582235
vn 0.5264313292222776 -5.844561825865986e-17 0.8502176519064196
vn 0.5264313292222776 -5.844561825865986e-17 0.8502176519064196
vn 0.3612407445235253 -4.010577920027517e-17 0.9324725864582235
vn 0.5264313292222776 -5.844561825865986e-17 0.8502176519064196
vn 0.5264313292222776 -5.844561825865986e-17 0.8502176519064196
vn 0.5264313292222776 -5.844561825865986e-17 0.8502176519064196
vn 0.6736949226247723 -7.479516146710855e-17 0.739009574518221
vn 0.6736949226247723 -7.479516146710855e-17 0.739009574518221
vn 0.5264313292222776 -5.844561825865986e-17 0.8502176519064196
vn 0.6736949226247723 -7.479516146710855e-17 0.739009574518221
vn 0.6736949226247723 -7.479516146710855e-17 0.739009574518221
vn 0.6736949226247723 -7.479516146710855e-17 0.739009574518221
vn 0.7980166142745458 -8.859764192010132e-17 0.6026354481291244
vn 0.7980166142745458 -8.859764192010132e-17 0.6026354481291244
vn 0.6736949226247723 -7.479516146710855e-17 0.739009574518221
vn 0.7980166142745458 -8.859764192010132e-17 0.6026354481291244
vn 0.7980166142745458 -8.859764192010132e-17 0.6026354481291244
vn 0.7980166142745458 -8.859764192010132e-17 0.6026354481291244
vn 0.8951628333802187 -9.938303884074115e-17 0.44573927551282555
vn 0.8951628333802187 -9.938303884074115e-17 0.44573927551282555
vn 0.7980166142745458 -8.859764192010132e-17 0.6026354481291244
vn 0.8951628333802187 -9.938303884074115e-17 0.44573927551282555
vn 0.8951628333802187 -9.938303884074115e-17 0.44573927551282555
vn 0.8951628333802187 -9.938303884074115e-17 0.44573927551282555
vn 0.9618253732512557 -1.0678406750522293e-16 0.27366393874619765
vn 0.9618253732512557 -1.0678406750522293e-16 0.27366393874619765
vn 0.8951628333802187 -9.938303884074115e-17 0.44573927551282555
vn 0.9618253732512557 -1.0678406750522293e-16 0.27366393874619765
vn 0.9618253732512557 -1.0678406750522293e-16 0.27366393874619765
vn 0.9618253732512557 -1.0678406750522293e-16 0.27366393874619765
vn 0.9957340835896129 -1.1054869060052185e-16 0.09226935990865863
vn 0.9957340835896129 -1.1054869060052185e-16 0.09226935990865863
vn 0.9618253732512557 -1.0678406750522293e-16 0.27366393874619765
vn 0.9957340835896129 -1.1054869060052185e-16 0.09226935990865863
vn 0.9957340835896129 -1.1054869060052185e-16 0.09226935990865863
vn 0.9957340835896129 -1.1054869060052185e-16 0.09226935990865863
vn 0.9957342685633789 -1.1054871113673524e-16 -0.09226736372386912
vn 0.9957342685633789 -1.1054871113673524e-16 -0.09226736372386912
vn 0.9957340835896129 -1.1054869060052185e-16 0.09226935990865863
vn 0.9957342685633789 -1.1054871113673524e-16 -0.09226736372386912
vn 0.9957342685633789 -1.1054871113673524e-16 -0.09226736372386912
vn 0.9957342685633789 -1.1054871113673524e-16 -0.09226736372386912
vn 0.9740262008731553 -1.0813863147975447e-16 -0.22643533295978283
vn 0.9740262008731553 -1.0813863147975447e-16 -0.22643533295978283
vn 0.9957342685633789 -1.1054871113673524e-16 -0.09226736372386912
vn 0.9726613786823091 -1.0798710577767479e-16 -0.23222799663225335
vn 0.9726613786823091 -1.0798710577767479e-16 -0.23222799663225335
vn 0.9957342685633789 -1.1054871113673524e-16 -0.09226736372386912
vn 0.9618259154709783 -1.0678412770370497e-16 -0.2736620330415132
vn 0.9726613786823091 -1.0798710577767479e-16 -0.23222799663225335
vn 0.9618259154709783 -1.0678412770370497e-16 -0.2736620330415132
vn 0.9690864236630609 -1.0759020604023793e-16 -0.24672150994985956
vn 0.9690864236630609 -1.0759020604023793e-16 -0.24672150994985956
vn 0.9618259154709783 -1.0678412770370497e-16 -0.2736620330415132
vn 0.9567377441418923 -1.0621922720742608e-16 -0.2909516951905987
vn 0.9567377441418923 -1.0621922720742608e-16 -0.2909516951905987
vn 0.9618259154709783 -1.0678412770370497e-16 -0.2736620330415132
vn 0.9378041670856115 -1.0411717788878633e-16 -0.3471647219935551
vn 0.9378041670856115 -1.0411717788878633e-16 -0.3471647219935551
vn 0.9618259154709783 -1.0678412770370497e-16 -0.2736620330415132
vn 0.8951637244994403 -9.938313777484889e-17 -0.4457374859043049
vn 0.9378041670856115 -1.0411717788878633e-16 -0.3471647219935551
vn 0.8951637244994403 -9.938313777484889e-17 -0.4457374859043049
vn 0.91195763618174 -1.0124763651716994e-16 -0.4102843767557002
vn 0.91195763618174 -1.0124763651716994e-16 -0.4102843767557002
vn 0.8951637244994403 -9.938313777484889e-17 -0.4457374859043049
vn 0.8374881499219217 -9.297986268940424e-17 -0.5464554865131807
vn 0.8374881499219217 -9.297986268940424e-17 -0.5464554865131807
vn 0.8951637244994403 -9.938313777484889e-17 -0.4457374859043049
vn 0.7980178211504101 -8.859777591023855e-17 -0.6026338499672519
vn 0.8374881499219217 -9.297986268940424e-17 -0.5464554865131807
vn 0.7980178211504101 -8.859777591023855e-17 -0.6026338499672519
vn 0.7325371455544244 -8.132796053877116e-17 -0.6807270601224663
vn 0.7325371455544244 -8.132796053877116e-17 -0.6807270601224663
vn 0.7980178211504101 -8.859777591023855e-17 -0.6026338499672519
vn 0.6736963892822996 -7.479532429880415e-17 -0.7390082374831772
vn 0.7325371455544244 -8.132796053877116e-17 -0.6807270601224663
vn 0.6736963892822996 -7.479532429880415e-17 -0.7390082374831772
vn 0.6692630006343508 -7.43031192833977e-17 -0.7430255957784393
vn 0.6692630006343508 -7.43031192833977e-17 -0.7430255957784393
vn 0.6736963892822996 -7.479532429880415e-17 -0.7390082374831772
vn 0.5965410501837604 -6.622936090480817e-17 -0.8025825661236707
vn 0.5965410501837604 -6.622936090480817e-17 -0.8025825661236707
vn 0.6736963892822996 -7.479532429880415e-17 -0.7390082374831772
vn 0.5264329891654513 -5.844580254937296e-17 -0.8502166241131301
vn 0.5965410501837604 -6.622936090480817e-17 -0.8025825661236707
vn 0.5264329891654513 -5.844580254937296e-17 -0.8502166241131301
vn 0.5139533116304488 -5.706028001544725e-17 -0.8578181587400062
vn 0.5139533116304488 -5.706028001544725e-17 -0.8578181587400062
vn 0.5264329891654513 -5.844580254937296e-17 -0.8502166241131301
vn 0.42248868954311747 -4.690566707744786e-17 -0.9063681962691207
vn 0.42248868954311747 -4.690566707744786e-17 -0.9063681962691207
vn 0.5264329891654513 -5.844580254937296e-17 -0.8502166241131301
vn 0.36124261799072777 -4.010598719691758e-17 -0.9324718606731277
vn 0.42248868954311747 -4.690566707744786e-17 -0.9063681962691207
vn 0.36124261799072777 -4.010598719691758e-17 -0.9324718606731277
vn 0.32350787929773434 -3.591658962440007e-17 -0.9462254763175014
vn 0.32350787929773434 -3.591658962440007e-17 -0.9462254763175014
vn 0.36124261799072777 -4.010598719691758e-17 -0.9324718606731277
vn 0.21862948994201675 -2.4272749359568108e-17 -0.9758079453087547
vn 0.21862948994201675 -2.4272749359568108e-17 -0.9758079453087547
vn 0.36124261799072777 -4.010598719691758e-17 -0.9324718606731277
vn 0.1837505091737298 -2.0400404607127086e-17 -0.9829729143666142
vn 0.21862948994201675 -2.4272749359568108e-17 -0.9758079453087547
vn 0.1837505091737298 -2.0400404607127086e-17 -0.9829729143666142
vn 0.10998735103642208 -1.2211048953816537e-17 -0.9939329869825183
vn 0.10998735103642208 -1.2211048953816537e-17 -0.9939329869825183
vn 0.1837505091737298 -2.0400404607127086e-17 -0.9829729143666142
vn 9.999999974747427e-7 -1.1102230218215578e-22 -0.9999999999995
vn 0.10998735103642208 -1.2211048953816537e-17 -0.9939329869825183
vn 9.999999974747427e-7 -1.1102230218215578e-22 -0.9999999999995
vn 9.999999974747427e-7 -1.1102230218215578e-22 -0.9999999999995
vn 0.9740262008731553 -1.0813863147975447e-16 -0.22643533295978283
vn 0.9726613786823091 -1.0798710577767479e-16 -0.23222799663225335
vn 0.9957342685633789 -1.1054871113673524e-16 -0.09226736372386912
vn 0.9957342685633789 -1.1054871113673524e-16 -0.09226736372386912
vn 0.9726613786823091 -1.0798710577767479e-16 -0.23222799663225335
vn 0.9618259154709783 -1.0678412770370497e-16 -0.2736620330415132
vn 0.9618259154709783 -1.0678412770370497e-16 -0.2736620330415132
vn 0.9726613786823091 -1.0798710577767479e-16 -0.23222799663225335
vn 0.9690864236630609 -1.0759020604023793e-16 -0.24672150994985956
vn 0.9618259154709783 -1.0678412770370497e-16 -0.2736620330415132
vn 0.9690864236630609 -1.0759020604023793e-16 -0.24672150994985956
vn 0.9567377441418923 -1.0621922720742608e-16 -0.2909516951905987
vn 0.9567377441418923 -1.0621922720742608e-16 -0.2909516951905987
vn 0.9378041670856115 -1.0411717788878633e-16 -0.3471647219935551
vn 0.9618259154709783 -1.0678412770370497e-16 -0.2736620330415132
vn 0.9618259154709783 -1.0678412770370497e-16 -0.2736620330415132
vn 0.9378041670856115 -1.0411717788878633e-16 -0.3471647219935551
vn 0.8951637244994403 -9.938313777484889e-17 -0.4457374859043049
vn 0.8951637244994403 -9.938313777484889e-17 -0.4457374859043049
vn 0.9378041670856115 -1.0411717788878633e-16 -0.3471647219935551
vn 0.91195763618174 -1.0124763651716994e-16 -0.4102843767557002
vn 0.8951637244994403 -9.938313777484889e-17 -0.4457374859043049
vn 0.91195763618174 -1.0124763651716994e-16 -0.4102843767557002
vn 0.8374881499219217 -9.297986268940424e-17 -0.5464554865131807
vn 0.8951637244994403 -9.938313777484889e-17 -0.4457374859043049
vn 0.8374881499219217 -9.297986268940424e-17 -0.5464554865131807
vn 0.7980178211504101 -8.859777591023855e-17 -0.6026338499672519
vn 0.7980178211504101 -8.859777591023855e-17 -0.6026338499672519
vn 0.8374881499219217 -9.297986268940424e-17 -0.5464554865131807
vn 0.7325371455544244 -8.132796053877116e-17 -0.6807270601224663
vn 0.7980178211504101 -8.859777591023855e-17 -0.6026338499672519
vn 0.7325371455544244 -8.132796053877116e-17 -0.6807270601224663
vn 0.6736963892822996 -7.479532429880415e-17 -0.7390082374831772
vn 0.6736963892822996 -7.479532429880415e-17 -0.7390082374831772
vn 0.7325371455544244 -8.132796053877116e-17 -0.6807270601224663
vn 0.6692630006343508 -7.43031192833977e-17 -0.7430255957784393
vn 0.6736963892822996 -7.479532429880415e-17 -0.7390082374831772
vn 0.6692630006343508 -7.43031192833977e-17 -0.7430255957784393
vn 0.5965410501837604 -6.622936090480817e-17 -0.8025825661236707
vn 0.6736963892822996 -7.479532429880415e-17 -0.7390082374831772
vn 0.5965410501837604 -6.622936090480817e-17 -0.8025825661236707
vn 0.5264329891654513 -5.844580254937296e-17 -0.8502166241131301
vn 0.5264329891654513 -5.844580254937296e-17 -0.8502166241131301
vn 0.5965410501837604 -6.622936090480817e-17 -0.8025825661236707
vn 0.5139533116304488 -5.706028001544725e-17 -0.8578181587400062
vn 0.5264329891654513 -5.844580254937296e-17 -0.8502166241131301
vn 0.5139533116304488 -5.706028001544725e-17 -0.8578181587400062
vn 0.42248868954311747 -4.690566707744786e-17 -0.9063681962691207
vn 0.5264329891654513 -5.844580254937296e-17 -0.8502166241131301
vn 0.42248868954311747 -4.690566707744786e-17 -0.9063681962691207
vn 0.36124261799072777 -4.010598719691758e-17 -0.9324718606731277
vn 0.36124261799072777 -4.010598719691758e-17 -0.9324718606731277
vn 0.42248868954311747 -4.690566707744786e-17 -0.9063681962691207
vn 0.32350787929773434 -3.591658962440007e-17 -0.9462254763175014
vn 0.36124261799072777 -4.010598719691758e-17 -0.9324718606731277
vn 0.32350787929773434 -3.591658962440007e-17 -0.9462254763175014
vn 0.21862948994201675 -2.4272749359568108e-17 -0.9758079453087547
vn 0.36124261799072777 -4.010598719691758e-17 -0.9324718606731277
vn 0.21862948994201675 -2.4272749359568108e-17 -0.9758079453087547
vn 0.1837505091737298 -2.0400404607127086e-17 -0.9829729143666142
vn 0.1837505091737298 -2.0400404607127086e-17 -0.9829729143666142
vn 0.21862948994201675 -2.4272749359568108e-17 -0.9758079453087547
vn 0.10998735103642208 -1.2211048953816537e-17 -0.9939329869825183
vn 0.1837505091737298 -2.0400404607127086e-17 -0.9829729143666142
vn 0.10998735103642208 -1.2211048953816537e-17 -0.9939329869825183
vn 9.999999974747427e-7 -1.1102230218215578e-22 -0.9999999999995
vn 9.999999974747427e-7 -1.1102230218215578e-22 -0.9999999999995
vn 0.10998735103642208 -1.2211048953816537e-17 -0.9939329869825183
vn 9.999999974747427e-7 -1.1102230218215578e-22 -0.9999999999995
vn 9.999999974747427e-7 -1.1102230218215578e-22 -0.9999999999995
vn 9.999999974747427e-7 -1.1102230218215578e-22 -0.9999999999995
vn -0.10998535973229172 1.2210827874647081e-17 -0.9939332073356631
vn -0.10998535973229172 1.2210827874647081e-17 -0.9939332073356631
vn 9.999999974747427e-7 -1.1102230218215578e-22 -0.9999999999995
vn -0.18374854403739826 2.0400186433166907e-17 -0.9829732817142774
vn -0.10998535973229172 1.2210827874647081e-17 -0.9939332073356631
vn -0.18374854403739826 2.0400186433166907e-17 -0.9829732817142774
vn -0.21862754218277083 2.4272533114851983e-17 -0.975808381701613
vn -0.21862754218277083 2.4272533114851983e-17 -0.975808381701613
vn -0.18374854403739826 2.0400186433166907e-17 -0.9829732817142774
vn -0.3612407445235253 4.010577920027517e-17 -0.9324725864582235
vn -0.21862754218277083 2.4272533114851983e-17 -0.975808381701613
vn -0.3612407445235253 4.010577920027517e-17 -0.9324725864582235
vn -0.32350597086420335 3.591637774571536e-17 -0.9462261287954423
vn -0.32350597086420335 3.591637774571536e-17 -0.9462261287954423
vn -0.3612407445235253 4.010577920027517e-17 -0.9324725864582235
vn -0.42248687655520717 4.6905465795355724e-17 -0.9063690413615334
vn -0.42248687655520717 4.6905465795355724e-17 -0.9063690413615334
vn -0.3612407445235253 4.010577920027517e-17 -0.9324725864582235
vn -0.5264313292222776 5.844561825865986e-17 -0.8502176519064196
vn -0.42248687655520717 4.6905465795355724e-17 -0.9063690413615334
vn -0.5264313292222776 5.844561825865986e-17 -0.8502176519064196
vn -0.5139515929508441 5.706008920368035e-17 -0.8578191884676454
vn -0.5139515929508441 5.706008920368035e-17 -0.8578191884676454
vn -0.5264313292222776 5.844561825865986e-17 -0.8502176519064196
vn -0.5965394428112276 6.622918245060867e-17 -0.8025837608439819
vn -0.5965394428112276 6.622918245060867e-17 -0.8025837608439819
vn -0.5264313292222776 5.844561825865986e-17 -0.8502176519064196
vn -0.6736949226247723 7.479516146710855e-17 -0.739009574518221
vn -0.5965394428112276 6.622918245060867e-17 -0.8025837608439819
vn -0.6736949226247723 7.479516146710855e-17 -0.739009574518221
vn -0.6692614962353126 7.430295226155266e-17 -0.7430269508280778
vn -0.6692614962353126 7.430295226155266e-17 -0.7430269508280778
vn -0.6736949226247723 7.479516146710855e-17 -0.739009574518221
vn -0.7325357672312366 8.132780751415731e-17 -0.6807285433467175
vn -0.7325357672312366 8.132780751415731e-17 -0.6807285433467175
vn -0.6736949226247723 7.479516146710855e-17 -0.739009574518221
vn -0.7980166142745458 8.859764192010132e-17 -0.6026354481291244
vn -0.7325357672312366 8.132780751415731e-17 -0.6807285433467175
vn -0.7980166142745458 8.859764192010132e-17 -0.6026354481291244
vn -0.837487047957989 9.297974034683121e-17 -0.5464571753601676
vn -0.837487047957989 9.297974034683121e-17 -0.5464571753601676
vn -0.7980166142745458 8.859764192010132e-17 -0.6026354481291244
vn -0.8951628333802187 9.938303884074115e-17 -0.44573927551282555
vn -0.837487047957989 9.297974034683121e-17 -0.5464571753601676
vn -0.8951628333802187 9.938303884074115e-17 -0.44573927551282555
vn -0.9119568043560922 1.0124754416597128e-16 -0.4102862256871714
vn -0.9119568043560922 1.0124754416597128e-16 -0.4102862256871714
vn -0.8951628333802187 9.938303884074115e-17 -0.44573927551282555
vn -0.9378034696011996 1.0411710045246099e-16 -0.3471666061186645
vn -0.9378034696011996 1.0411710045246099e-16 -0.3471666061186645
vn -0.8951628333802187 9.938303884074115e-17 -0.44573927551282555
vn -0.9618253732512557 1.0678406750522293e-16 -0.27366393874619765
vn -0.9378034696011996 1.0411710045246099e-16 -0.3471666061186645
vn -0.9618253732512557 1.0678406750522293e-16 -0.27366393874619765
vn -0.9567371627448387 1.0621916265938654e-16 -0.2909536069942354
vn -0.9567371627448387 1.0621916265938654e-16 -0.2909536069942354
vn -0.9618253732512557 1.0678406750522293e-16 -0.27366393874619765
vn -0.9690859314732653 1.0759015139619358e-16 -0.24672344319215767
vn -0.9690859314732653 1.0759015139619358e-16 -0.24672344319215767
vn -0.9618253732512557 1.0678406750522293e-16 -0.27366393874619765
vn -0.9726609120366093 1.0798705396959477e-16 -0.23222995111766115
vn -0.9726609120366093 1.0798705396959477e-16 -0.23222995111766115
vn -0.9618253732512557 1.0678406750522293e-16 -0.27366393874619765
vn -0.9957340835896129 1.1054869060052185e-16 -0.09226935990865863
vn -0.9726609120366093 1.0798705396959477e-16 -0.23222995111766115
vn -0.9957340835896129 1.1054869060052185e-16 -0.09226935990865863
vn -0.9740257458895281 1.081385809664246e-16 -0.2264372900923087
vn -0.9740257458895281 1.081385809664246e-16 -0.2264372900923087
vn -0.9957340835896129 1.1054869060052185e-16 -0.09226935990865863
vn -0.9957340835896129 1.1054869060052185e-16 -0.09226935990865863
vn -0.9740257458895281 1.081385809664246e-16 -0.2264372900923087
vn -0.9957340835896129 1.1054869060052185e-16 -0.09226935990865863
vn -0.9618253732512557 1.0678406750522293e-16 -0.27366393874619765
vn -0.9957340835896129 1.1054869060052185e-16 -0.09226935990865863
vn -0.9957342685633789 1.1054871113673524e-16 0.09226736372386912
vn -0.9957340835896129 1.1054869060052185e-16 -0.09226935990865863
vn -0.9957340835896129 1.1054869060052185e-16 -0.09226935990865863
vn -0.9957342685633789 1.1054871113673524e-16 0.09226736372386912
vn -0.9957342685633789 1.1054871113673524e-16 0.09226736372386912
vn -0.9957342685633789 1.1054871113673524e-16 0.09226736372386912
vn -0.9957342685633789 1.1054871113673524e-16 0.09226736372386912
vn -0.9618259154709783 1.0678412770370497e-16 0.2736620330415132
vn -0.9957342685633789 1.1054871113673524e-16 0.09226736372386912
vn -0.9618259154709783 1.0678412770370497e-16 0.2736620330415132
vn -0.9618259154709783 1.0678412770370497e-16 0.2736620330415132
vn -0.9618259154709783 1.0678412770370497e-16 0.2736620330415132
vn -0.9618259154709783 1.0678412770370497e-16 0.2736620330415132
vn -0.8951637244994403 9.938313777484889e-17 0.4457374859043049
vn -0.9618259154709783 1.0678412770370497e-16 0.2736620330415132
vn -0.8951637244994403 9.938313777484889e-17 0.4457374859043049
vn -0.8951637244994403 9.938313777484889e-17 0.4457374859043049
vn -0.8951637244994403 9.938313777484889e-17 0.4457374859043049
vn -0.8951637244994403 9.938313777484889e-17 0.4457374859043049
vn -0.7980178211504101 8.859777591023855e-17 0.6026338499672519
vn -0.8951637244994403 9.938313777484889e-17 0.4457374859043049
vn -0.7980178211504101 8.859777591023855e-17 0.6026338499672519
vn -0.7980178211504101 8.859777591023855e-17 0.6026338499672519
vn -0.7980178211504101 8.859777591023855e-17 0.6026338499672519
vn -0.7980178211504101 8.859777591023855e-17 0.6026338499672519
vn -0.6736963892822996 7.479532429880415e-17 0.7390082374831772
vn -0.7980178211504101 8.859777591023855e-17 0.6026338499672519
vn -0.6736963892822996 7.479532429880415e-17 0.7390082374831772
vn -0.6736963892822996 7.479532429880415e-17 0.7390082374831772
vn -0.6736963892822996 7.479532429880415e-17 0.7390082374831772
vn -0.6736963892822996 7.479532429880415e-17 0.7390082374831772
vn -0.5264329891654513 5.844580254937296e-17 0.8502166241131301
vn -0.6736963892822996 7.479532429880415e-17 0.7390082374831772
vn -0.5264329891654513 5.844580254937296e-17 0.8502166241131301
vn -0.5264329891654513 5.844580254937296e-17 0.8502166241131301
vn -0.5264329891654513 5.844580254937296e-17 0.8502166241131301
vn -0.5264329891654513 5.844580254937296e-17 0.8502166241131301
vn -0.36124261799072777 4.010598719691758e-17 0.9324718606731277
vn -0.5264329891654513 5.844580254937296e-17 0.8502166241131301
vn -0.36124261799072777 4.010598719691758e-17 0.9324718606731277
vn -0.36124261799072777 4.010598719691758e-17 0.9324718606731277
vn -0.36124261799072777 4.010598719691758e-17 0.9324718606731277
vn -0.36124261799072777 4.010598719691758e-17 0.9324718606731277
vn -0.1837505091737298 2.0400404607127086e-17 0.9829729143666142
vn -0.36124261799072777 4.010598719691758e-17 0.9324718606731277
vn -0.1837505091737298 2.0400404607127086e-17 0.9829729143666142
vn -0.1837505091737298 2.0400404607127086e-17 0.9829729143666142
vn -0.1837505091737298 2.0400404607127086e-17 0.9829729143666142
vn -0.1837505091737298 2.0400404607127086e-17 0.9829729143666142
vn -9.999999974747427e-7 1.1102230218215578e-22 0.9999999999995
vn -0.1837505091737298 2.0400404607127086e-17 0.9829729143666142
vn -9.999999974747427e-7 1.1102230218215578e-22 0.9999999999995
vn -9.999999974747427e-7 1.1102230218215578e-22 0.9999999999995
vn -0.8951628333802187 9.938303884074115e-17 -0.44573927551282555
vn -0.9378034696011996 1.0411710045246099e-16 -0.3471666061186645
vn -0.9618253732512557 1.0678406750522293e-16 -0.27366393874619765
vn -0.9618253732512557 1.0678406750522293e-16 -0.27366393874619765
vn -0.9378034696011996 1.0411710045246099e-16 -0.3471666061186645
vn -0.9567371627448387 1.0621916265938654e-16 -0.2909536069942354
vn -0.9618253732512557 1.0678406750522293e-16 -0.27366393874619765
vn -0.9567371627448387 1.0621916265938654e-16 -0.2909536069942354
vn -0.9690859314732653 1.0759015139619358e-16 -0.24672344319215767
vn -0.7980166142745458 8.859764192010132e-17 -0.6026354481291244
vn -0.837487047957989 9.297974034683121e-17 -0.5464571753601676
vn -0.8951628333802187 9.938303884074115e-17 -0.44573927551282555
vn -0.8951628333802187 9.938303884074115e-17 -0.44573927551282555
vn -0.837487047957989 9.297974034683121e-17 -0.5464571753601676
vn -0.9119568043560922 1.0124754416597128e-16 -0.4102862256871714
vn -0.8951628333802187 9.938303884074115e-17 -0.44573927551282555
vn -0.9119568043560922 1.0124754416597128e-16 -0.4102862256871714
vn -0.9378034696011996 1.0411710045246099e-16 -0.3471666061186645
vn -0.837487047957989 9.297974034683121e-17 -0.5464571753601676
vn -0.7980166142745458 8.859764192010132e-17 -0.6026354481291244
vn -0.7325357672312366 8.132780751415731e-17 -0.6807285433467175
vn -0.7325357672312366 8.132780751415731e-17 -0.6807285433467175
vn -0.7980166142745458 8.859764192010132e-17 -0.6026354481291244
vn -0.6736949226247723 7.479516146710855e-17 -0.739009574518221
vn -0.7325357672312366 8.132780751415731e-17 -0.6807285433467175
vn -0.6736949226247723 7.479516146710855e-17 -0.739009574518221
vn -0.6692614962353126 7.430295226155266e-17 -0.7430269508280778
vn -0.6692614962353126 7.430295226155266e-17 -0.7430269508280778
vn -0.6736949226247723 7.479516146710855e-17 -0.739009574518221
vn -0.5965394428112276 6.622918245060867e-17 -0.8025837608439819
vn -0.5965394428112276 6.622918245060867e-17 -0.8025837608439819
vn -0.6736949226247723 7.479516146710855e-17 -0.739009574518221
vn -0.5264313292222776 5.844561825865986e-17 -0.8502176519064196
vn -0.5965394428112276 6.622918245060867e-17 -0.8025837608439819
vn -0.5264313292222776 5.844561825865986e-17 -0.8502176519064196
vn -0.5139515929508441 5.706008920368035e-17 -0.8578191884676454
vn -0.5139515929508441 5.706008920368035e-17 -0.8578191884676454
vn -0.5264313292222776 5.844561825865986e-17 -0.8502176519064196
vn -0.42248687655520717 4.6905465795355724e-17 -0.9063690413615334
vn -0.42248687655520717 4.6905465795355724e-17 -0.9063690413615334
vn -0.5264313292222776 5.844561825865986e-17 -0.8502176519064196
vn -0.3612407445235253 4.010577920027517e-17 -0.9324725864582235
vn -0.42248687655520717 4.6905465795355724e-17 -0.9063690413615334
vn -0.3612407445235253 4.010577920027517e-17 -0.9324725864582235
vn -0.32350597086420335 3.591637774571536e-17 -0.9462261287954423
vn -0.32350597086420335 3.591637774571536e-17 -0.9462261287954423
vn -0.3612407445235253 4.010577920027517e-17 -0.9324725864582235
vn -0.18374854403739826 2.0400186433166907e-17 -0.9829732817142774
vn -0.32350597086420335 3.591637774571536e-17 -0.9462261287954423
vn -0.18374854403739826 2.0400186433166907e-17 -0.9829732817142774
vn -0.21862754218277083 2.4272533114851983e-17 -0.975808381701613
vn -0.21862754218277083 2.4272533114851983e-17 -0.975808381701613
vn -0.18374854403739826 2.0400186433166907e-17 -0.9829732817142774
vn -0.10998535973229172 1.2210827874647081e-17 -0.9939332073356631
vn -0.10998535973229172 1.2210827874647081e-17 -0.9939332073356631
vn -0.18374854403739826 2.0400186433166907e-17 -0.9829732817142774
vn 9.999999974747427e-7 -1.1102230218215578e-22 -0.9999999999995
vn -0.10998535973229172 1.2210827874647081e-17 -0.9939332073356631
vn 9.999999974747427e-7 -1.1102230218215578e-22 -0.9999999999995
vn 9.999999974747427e-7 -1.1102230218215578e-22 -0.9999999999995
vn -0.9690859314732653 1.0759015139619358e-16 -0.24672344319215767
vn -0.9726609120366093 1.0798705396959477e-16 -0.23222995111766115
vn -0.9618253732512557 1.0678406750522293e-16 -0.27366393874619765
vn -0.9618253732512557 1.0678406750522293e-16 -0.27366393874619765
vn -0.9726609120366093 1.0798705396959477e-16 -0.23222995111766115
vn -0.9740257458895281 1.081385809664246e-16 -0.2264372900923087
vn 2.220446049250313e-16 1 2.2204460436442257e-22
vn 2.220446049250313e-16 1 2.2204460436442257e-22
vn -0.11291935730414882 0.9936041559625268 -1.1291935610134211e-7
vn -0.11291935730414882 0.9936041559625268 -1.1291935610134211e-7
vn 2.220446049250313e-16 1 2.2204460436442257e-22
vn -0.18374952660565758 0.9829730980409194 -1.8374952035470052e-7
vn -0.11291935730414882 0.9936041559625268 -1.1291935610134211e-7
vn -0.18374952660565758 0.9829730980409194 -1.8374952035470052e-7
vn -0.22445863672099176 0.9744836173078044 -2.244586331048408e-7
vn -0.22445863672099176 0.9744836173078044 -2.244586331048408e-7
vn -0.18374952660565758 0.9829730980409194 -1.8374952035470052e-7
vn -0.36124166830066456 0.932472228585507 -3.6124168884433087e-7
vn -0.22445863672099176 0.9744836173078044 -2.244586331048408e-7
vn -0.36124166830066456 0.932472228585507 -3.6124168884433087e-7
vn -0.3321338667175357 0.9432322590852944 -3.321338584102109e-7
vn -0.3321338667175357 0.9432322590852944 -3.321338584102109e-7
vn -0.36124166830066456 0.932472228585507 -3.6124168884433087e-7
vn -0.4337541497759408 0.901031263359914 -4.3375417048331633e-7
vn -0.4337541497759408 0.901031263359914 -4.3375417048331633e-7
vn -0.36124166830066456 0.932472228585507 -3.6124168884433087e-7
vn -0.5264321458550774 0.8502171462691996 -5.264321209567509e-7
vn -0.4337541497759408 0.901031263359914 -4.3375417048331633e-7
vn -0.5264321458550774 0.8502171462691996 -5.264321209567509e-7
vn -0.5276579197734805 0.8494569557664735 -5.276579536830806e-7
vn -0.5276579197734805 0.8494569557664735 -5.276579536830806e-7
vn -0.5264321458550774 0.8502171462691996 -5.264321209567509e-7
vn -0.6124482798485053 0.7905106605923996 -6.124482799649206e-7
vn -0.6124482798485053 0.7905106605923996 -6.124482799649206e-7
vn -0.5264321458550774 0.8502171462691996 -5.264321209567509e-7
vn -0.6736956396776606 0.7390089208384792 -6.736956537457249e-7
vn -0.6124482798485053 0.7905106605923996 -6.124482799649206e-7
vn -0.6736956396776606 0.7390089208384792 -6.736956537457249e-7
vn -0.6871094325554056 0.7265539399748078 -6.871094560312836e-7
vn -0.6871094325554056 0.7265539399748078 -6.871094560312836e-7
vn -0.6736956396776606 0.7390089208384792 -6.736956537457249e-7
vn -0.7520675792294295 0.6590860006641166 -7.520676055138269e-7
vn -0.7520675792294295 0.6590860006641166 -7.520676055138269e-7
vn -0.6736956396776606 0.7390089208384792 -6.736956537457249e-7
vn -0.798017203380299 0.6026346680273627 -7.980171967846435e-7
vn -0.7520675792294295 0.6590860006641166 -7.520676055138269e-7
vn -0.798017203380299 0.6026346680273627 -7.980171967846435e-7
vn -0.8598133737168147 0.5106084237230818 -8.598133647128173e-7
vn -0.8598133737168147 0.5106084237230818 -8.598133647128173e-7
vn -0.798017203380299 0.6026346680273627 -7.980171967846435e-7
vn -0.8951632848611246 0.4457383688172241 -8.951632693742491e-7
vn -0.8598133737168147 0.5106084237230818 -8.598133647128173e-7
vn -0.8951632848611246 0.4457383688172241 -8.951632693742491e-7
vn -0.9362742310388352 0.3512699308107101 -9.362742053910847e-7
vn -0.9362742310388352 0.3512699308107101 -9.362742053910847e-7
vn -0.8951632848611246 0.4457383688172241 -8.951632693742491e-7
vn -0.9618256465930818 0.27366297804941575 -9.618256404521738e-7
vn -0.9362742310388352 0.3512699308107101 -9.362742053910847e-7
vn -0.9618256465930818 0.27366297804941575 -9.618256404521738e-7
vn -0.9628090221697768 0.2701828766364579 -9.62809049745656e-7
vn -0.9628090221697768 0.2701828766364579 -9.62809049745656e-7
vn -0.9618256465930818 0.27366297804941575 -9.618256404521738e-7
vn -0.9822461576832496 0.18759660368868047 -9.822462033253317e-7
vn -0.9822461576832496 0.18759660368868047 -9.822462033253317e-7
vn -0.9618256465930818 0.27366297804941575 -9.618256404521738e-7
vn -0.9957341758227815 0.09226836455434888 -9.957341469081252e-7
vn -0.9822461576832496 0.18759660368868047 -9.822462033253317e-7
vn -0.9957341758227815 0.09226836455434888 -9.957341469081252e-7
vn -0.9949279779281126 0.10058985403551993 -9.94927948467761e-7
vn -0.9949279779281126 0.10058985403551993 -9.94927948467761e-7
vn -0.9957341758227815 0.09226836455434888 -9.957341469081252e-7
vn -0.9985986252444927 0.05292244947857458 -9.985985698744557e-7
vn -0.9985986252444927 0.05292244947857458 -9.985985698744557e-7
vn -0.9957341758227815 0.09226836455434888 -9.957341469081252e-7
vn -0.9999999999995 1.1102230246246014e-16 -9.999999974747427e-7
vn -0.9999999999995 1.1102230246246014e-16 -9.999999974747427e-7
vn -0.9957341758227815 0.09226836455434888 -9.957341469081252e-7
vn -0.9957341758227815 -0.09226836455434888 -9.957341469081252e-7
vn -0.9999999999995 1.1102230246246014e-16 -9.999999974747427e-7
vn -0.9957341758227815 -0.09226836455434888 -9.957341469081252e-7
vn -0.9985986252444927 -0.05292244947857458 -9.985985698744557e-7
vn -0.9985986252444927 -0.05292244947857458 -9.985985698744557e-7
vn -0.9957341758227815 -0.09226836455434888 -9.957341469081252e-7
vn -0.9949279779281126 -0.10058985403551993 -9.94927948467761e-7
vn -0.9949279779281126 -0.10058985403551993 -9.94927948467761e-7
vn -0.9957341758227815 -0.09226836455434888 -9.957341469081252e-7
vn -0.9822461576832496 -0.18759660368868047 -9.822462033253317e-7
vn -0.9822461576832496 -0.18759660368868047 -9.822462033253317e-7
vn -0.9957341758227815 -0.09226836455434888 -9.957341469081252e-7
vn -0.9618256465930818 -0.27366297804941575 -9.618256404521738e-7
vn -0.9822461576832496 -0.18759660368868047 -9.822462033253317e-7
vn -0.9618256465930818 -0.27366297804941575 -9.618256404521738e-7
vn -0.9628090221697768 -0.2701828766364579 -9.62809049745656e-7
vn -0.9628090221697768 -0.2701828766364579 -9.62809049745656e-7
vn -0.9618256465930818 -0.27366297804941575 -9.618256404521738e-7
vn -0.9362742310388352 -0.3512699308107101 -9.362742053910847e-7
vn -0.9362742310388352 -0.3512699308107101 -9.362742053910847e-7
vn -0.9618256465930818 -0.27366297804941575 -9.618256404521738e-7
vn -0.8951632848611246 -0.4457383688172241 -8.951632693742491e-7
vn -0.9362742310388352 -0.3512699308107101 -9.362742053910847e-7
vn -0.8951632848611246 -0.4457383688172241 -8.951632693742491e-7
vn -0.8598133737168147 -0.5106084237230818 -8.598133647128173e-7
vn -0.8598133737168147 -0.5106084237230818 -8.598133647128173e-7
vn -0.8951632848611246 -0.4457383688172241 -8.951632693742491e-7
vn -0.798017203380299 -0.6026346680273627 -7.980171967846435e-7
vn -0.8598133737168147 -0.5106084237230818 -8.598133647128173e-7
vn -0.798017203380299 -0.6026346680273627 -7.980171967846435e-7
vn -0.7520675792294295 -0.6590860006641166 -7.520676055138269e-7
vn -0.7520675792294295 -0.6590860006641166 -7.520676055138269e-7
vn -0.798017203380299 -0.6026346680273627 -7.980171967846435e-7
vn -0.6736956396776606 -0.7390089208384792 -6.736956537457249e-7
vn -0.7520675792294295 -0.6590860006641166 -7.520676055138269e-7
vn -0.6736956396776606 -0.7390089208384792 -6.736956537457249e-7
vn -0.6871094325554056 -0.7265539399748078 -6.871094560312836e-7
vn -0.6871094325554056 -0.7265539399748078 -6.871094560312836e-7
vn -0.6736956396776606 -0.7390089208384792 -6.736956537457249e-7
vn -0.6124482798485053 -0.7905106605923996 -6.124482799649206e-7
vn -0.6124482798485053 -0.7905106605923996 -6.124482799649206e-7
vn -0.6736956396776606 -0.7390089208384792 -6.736956537457249e-7
vn -0.5264321458550774 -0.8502171462691996 -5.264321209567509e-7
vn -0.6124482798485053 -0.7905106605923996 -6.124482799649206e-7
vn -0.5264321458550774 -0.8502171462691996 -5.264321209567509e-7
vn -0.5276579197734805 -0.8494569557664735 -5.276579536830806e-7
vn -0.5276579197734805 -0.8494569557664735 -5.276579536830806e-7
vn -0.5264321458550774 -0.8502171462691996 -5.264321209567509e-7
vn -0.4337541497759408 -0.901031263359914 -4.3375417048331633e-7
vn -0.4337541497759408 -0.901031263359914 -4.3375417048331633e-7
vn -0.5264321458550774 -0.8502171462691996 -5.264321209567509e-7
vn -0.36124166830066456 -0.932472228585507 -3.6124168884433087e-7
vn -0.4337541497759408 -0.901031263359914 -4.3375417048331633e-7
vn -0.36124166830066456 -0.932472228585507 -3.6124168884433087e-7
vn -0.3321338667175357 -0.9432322590852944 -3.321338584102109e-7
vn -0.3321338667175357 -0.9432322590852944 -3.321338584102109e-7
vn -0.36124166830066456 -0.932472228585507 -3.6124168884433087e-7
vn -0.22445863672099176 -0.9744836173078044 -2.244586331048408e-7
vn -0.22445863672099176 -0.9744836173078044 -2.244586331048408e-7
vn -0.36124166830066456 -0.932472228585507 -3.6124168884433087e-7
vn -0.18374952660565758 -0.9829730980409194 -1.8374952035470052e-7
vn -0.22445863672099176 -0.9744836173078044 -2.244586331048408e-7
vn -0.18374952660565758 -0.9829730980409194 -1.8374952035470052e-7
vn -0.11291935730414882 -0.9936041559625268 -1.1291935610134211e-7
vn -0.11291935730414882 -0.9936041559625268 -1.1291935610134211e-7
vn -0.18374952660565758 -0.9829730980409194 -1.8374952035470052e-7
vn -2.220446049250313e-16 -1 -2.2204460436442257e-22
vn -0.11291935730414882 -0.9936041559625268 -1.1291935610134211e-7
vn -2.220446049250313e-16 -1 -2.2204460436442257e-22
vn -2.220446049250313e-16 -1 -2.2204460436442257e-22
vn 2.220446049250313e-16 1 2.2204460436442257e-22
vn 2.220446049250313e-16 1 2.2204460436442257e-22
vn 2.220446049250313e-16 1 2.2204460436442257e-22
vn 2.220446049250313e-16 1 2.2204460436442257e-22
vn 2.220446049250313e-16 1 2.2204460436442257e-22
vn 2.220446049250313e-16 1 2.2204460436442257e-22
vn 2.220446049250313e-16 1 2.2204460436442257e-22
vn 2.220446049250313e-16 1 2.2204460436442257e-22
vn 2.220446049250313e-16 1 2.2204460436442257e-22
vn 2.220446049250313e-16 1 2.2204460436442257e-22
vn 2.220446049250313e-16 1 2.2204460436442257e-22
vn 2.220446049250313e-16 1 2.2204460436442257e-22
vn 2.220446049250313e-16 1 2.2204460436442257e-22
vn 2.220446049250313e-16 1 2.2204460436442257e-22
vn 2.220446049250313e-16 1 2.2204460436442257e-22
vn 2.220446049250313e-16 1 2.2204460436442257e-22
vn 2.220446049250313e-16 1 2.2204460436442257e-22
vn 2.220446049250313e-16 1 2.2204460436442257e-22
vn 2.220446049250313e-16 1 2.2204460436442257e-22
vn 2.220446049250313e-16 1 2.2204460436442257e-22
vn 2.220446049250313e-16 1 2.2204460436442257e-22
vn 2.220446049250313e-16 1 2.2204460436442257e-22
vn 2.220446049250313e-16 1 2.2204460436442257e-22
vn 2.220446049250313e-16 1 2.2204460436442257e-22
vn 2.220446049250313e-16 1 2.2204460436442257e-22
vn 2.220446049250313e-16 1 2.2204460436442257e-22
vn 2.220446049250313e-16 1 2.2204460436442257e-22
vn 2.220446049250313e-16 1 2.2204460436442257e-22
vn 2.220446049250313e-16 1 2.2204460436442257e-22
vn 2.220446049250313e-16 1 2.2204460436442257e-22
vn 2.220446049250313e-16 1 2.2204460436442257e-22
vn 2.220446049250313e-16 1 2.2204460436442257e-22
vn 2.220446049250313e-16 1 2.2204460436442257e-22
vn 2.220446049250313e-16 1 2.2204460436442257e-22
vn 2.220446049250313e-16 1 2.2204460436442257e-22
vn 2.220446049250313e-16 1 2.2204460436442257e-22
vn 2.220446049250313e-16 1 2.2204460436442257e-22
vn 2.220446049250313e-16 1 2.2204460436442257e-22
vn 2.220446049250313e-16 1 2.2204460436442257e-22
vn 2.220446049250313e-16 1 2.2204460436442257e-22
vn 2.220446049250313e-16 1 2.2204460436442257e-22
vn 2.220446049250313e-16 1 2.2204460436442257e-22
vn 2.220446049250313e-16 1 2.2204460436442257e-22
vn 2.220446049250313e-16 1 2.2204460436442257e-22
vn 2.220446049250313e-16 1 2.2204460436442257e-22
vn 2.220446049250313e-16 1 2.2204460436442257e-22
vn 2.220446049250313e-16 1 2.2204460436442257e-22
vn 2.220446049250313e-16 1 2.2204460436442257e-22
vn 2.220446049250313e-16 1 2.2204460436442257e-22
vn 2.220446049250313e-16 1 2.2204460436442257e-22
vn 2.220446049250313e-16 1 2.2204460436442257e-22
vn 2.220446049250313e-16 1 2.2204460436442257e-22
vn 2.220446049250313e-16 1 2.2204460436442257e-22
vn 2.220446049250313e-16 1 2.2204460436442257e-22
vn 2.220446049250313e-16 1 2.2204460436442257e-22
vn 2.220446049250313e-16 1 2.2204460436442257e-22
vn 2.220446049250313e-16 1 2.2204460436442257e-22
vn 2.220446049250313e-16 1 2.2204460436442257e-22
vn 2.220446049250313e-16 1 2.2204460436442257e-22
vn 2.220446049250313e-16 1 2.2204460436442257e-22
vn 2.220446049250313e-16 1 2.2204460436442257e-22
vn 2.220446049250313e-16 1 2.2204460436442257e-22
vn 2.220446049250313e-16 1 2.2204460436442257e-22
vn 2.220446049250313e-16 1 2.2204460436442257e-22
vn 2.220446049250313e-16 1 2.2204460436442257e-22
vn 2.220446049250313e-16 1 2.2204460436442257e-22
vn 2.220446049250313e-16 1 2.2204460436442257e-22
vn 2.220446049250313e-16 1 2.2204460436442257e-22
vn 2.220446049250313e-16 1 2.2204460436442257e-22
vn 2.220446049250313e-16 1 2.2204460436442257e-22
vn 2.220446049250313e-16 1 2.2204460436442257e-22
vn 2.220446049250313e-16 1 2.2204460436442257e-22
vn 2.220446049250313e-16 1 2.2204460436442257e-22
vn 2.220446049250313e-16 1 2.2204460436442257e-22
vn 2.220446049250313e-16 1 2.2204460436442257e-22
vn 2.220446049250313e-16 1 2.2204460436442257e-22
vn 2.220446049250313e-16 1 2.2204460436442257e-22
vn 2.220446049250313e-16 1 2.2204460436442257e-22
vn 2.220446049250313e-16 1 2.2204460436442257e-22
vn 2.220446049250313e-16 1 2.2204460436442257e-22
vn 2.220446049250313e-16 1 2.2204460436442257e-22
vn 2.220446049250313e-16 1 2.2204460436442257e-22
vn 2.220446049250313e-16 1 2.2204460436442257e-22
vn 2.220446049250313e-16 1 2.2204460436442257e-22
vn 2.220446049250313e-16 1 2.2204460436442257e-22
vn 2.220446049250313e-16 1 2.2204460436442257e-22
vn 2.220446049250313e-16 1 2.2204460436442257e-22
vn 2.220446049250313e-16 1 2.2204460436442257e-22
vn 2.220446049250313e-16 1 2.2204460436442257e-22
vn 2.220446049250313e-16 1 2.2204460436442257e-22
vn 2.220446049250313e-16 1 2.2204460436442257e-22
vn 2.220446049250313e-16 1 2.2204460436442257e-22
vn 2.220446049250313e-16 1 2.2204460436442257e-22
vn 2.220446049250313e-16 1 2.2204460436442257e-22
vn 2.220446049250313e-16 1 2.2204460436442257e-22
vn 2.220446049250313e-16 1 2.2204460436442257e-22
vn 2.220446049250313e-16 1 2.2204460436442257e-22
vn 2.220446049250313e-16 1 2.2204460436442257e-22
vn 2.220446049250313e-16 1 2.2204460436442257e-22
vn 2.220446049250313e-16 1 2.2204460436442257e-22
vn 2.220446049250313e-16 1 2.2204460436442257e-22
vn 2.220446049250313e-16 1 2.2204460436442257e-22
vn 2.220446049250313e-16 1 2.2204460436442257e-22
vn 2.220446049250313e-16 1 2.2204460436442257e-22
vn 2.220446049250313e-16 1 2.2204460436442257e-22
vn 2.220446049250313e-16 1 2.2204460436442257e-22
vn 2.220446049250313e-16 1 2.2204460436442257e-22
vn 2.220446049250313e-16 1 2.2204460436442257e-22
vn 2.220446049250313e-16 1 2.2204460436442257e-22
vn 2.220446049250313e-16 1 2.2204460436442257e-22
vn 2.220446049250313e-16 1 2.2204460436442257e-22
vn 2.220446049250313e-16 1 2.2204460436442257e-22
vn 2.220446049250313e-16 1 2.2204460436442257e-22
vn 2.220446049250313e-16 1 2.2204460436442257e-22
vn 2.220446049250313e-16 1 2.2204460436442257e-22
vn 2.220446049250313e-16 1 2.2204460436442257e-22
vn 2.220446049250313e-16 1 2.2204460436442257e-22
vn 2.220446049250313e-16 1 2.2204460436442257e-22
vn 2.220446049250313e-16 1 2.2204460436442257e-22
vn 2.220446049250313e-16 1 2.2204460436442257e-22
vn 2.220446049250313e-16 1 2.2204460436442257e-22
vn 2.220446049250313e-16 1 2.2204460436442257e-22
vn 2.220446049250313e-16 1 2.2204460436442257e-22
vn 2.220446049250313e-16 1 2.2204460436442257e-22
vn 2.220446049250313e-16 1 2.2204460436442257e-22
vn 2.220446049250313e-16 1 2.2204460436442257e-22
vn 2.220446049250313e-16 1 2.2204460436442257e-22
vn 2.220446049250313e-16 1 2.2204460436442257e-22
vn 2.220446049250313e-16 1 2.2204460436442257e-22
vn 2.220446049250313e-16 1 2.2204460436442257e-22
vn 2.220446049250313e-16 1 2.2204460436442257e-22
vn 2.220446049250313e-16 1 2.2204460436442257e-22
vn 2.220446049250313e-16 1 2.2204460436442257e-22
vn 2.220446049250313e-16 1 2.2204460436442257e-22
vn 2.220446049250313e-16 1 2.2204460436442257e-22
vn 2.220446049250313e-16 1 2.2204460436442257e-22
vn 2.220446049250313e-16 1 2.2204460436442257e-22
vn 2.220446049250313e-16 1 2.2204460436442257e-22
vn 2.220446049250313e-16 1 2.2204460436442257e-22
vn 2.220446049250313e-16 1 2.2204460436442257e-22
vn 2.220446049250313e-16 1 2.2204460436442257e-22
vn 2.220446049250313e-16 1 2.2204460436442257e-22
vn 2.220446049250313e-16 1 2.2204460436442257e-22
vn 2.220446049250313e-16 1 2.2204460436442257e-22
vn 2.220446049250313e-16 1 2.2204460436442257e-22
vn 2.220446049250313e-16 1 2.2204460436442257e-22
vn 2.220446049250313e-16 1 2.2204460436442257e-22
vn 2.220446049250313e-16 1 2.2204460436442257e-22
vn 2.220446049250313e-16 1 2.2204460436442257e-22
vn 2.220446049250313e-16 1 2.2204460436442257e-22
vn 2.220446049250313e-16 1 2.2204460436442257e-22
vn 2.220446049250313e-16 1 2.2204460436442257e-22
vn 2.220446049250313e-16 1 2.2204460436442257e-22
vn 2.220446049250313e-16 1 2.2204460436442257e-22
vn 2.220446049250313e-16 1 2.2204460436442257e-22
vn 2.220446049250313e-16 1 2.2204460436442257e-22
vn 2.220446049250313e-16 1 2.2204460436442257e-22
vn 2.220446049250313e-16 1 2.2204460436442257e-22
vn 2.220446049250313e-16 1 2.2204460436442257e-22
vn 2.220446049250313e-16 1 2.2204460436442257e-22
vn 2.220446049250313e-16 1 2.2204460436442257e-22
vn 2.220446049250313e-16 1 2.2204460436442257e-22
vn 2.220446049250313e-16 1 2.2204460436442257e-22
vn 2.220446049250313e-16 1 2.2204460436442257e-22
vn 2.220446049250313e-16 1 2.2204460436442257e-22
vn 2.220446049250313e-16 1 2.2204460436442257e-22
vn 2.220446049250313e-16 1 2.2204460436442257e-22
vn 2.220446049250313e-16 1 2.2204460436442257e-22
vn 2.220446049250313e-16 1 2.2204460436442257e-22
vn 2.220446049250313e-16 1 2.2204460436442257e-22
vn 2.220446049250313e-16 1 2.2204460436442257e-22
vn 2.220446049250313e-16 1 2.2204460436442257e-22
vn 2.220446049250313e-16 1 2.2204460436442257e-22
vn 2.220446049250313e-16 1 2.2204460436442257e-22
vn 2.220446049250313e-16 1 2.2204460436442257e-22
vn 2.220446049250313e-16 1 2.2204460436442257e-22
vn 2.220446049250313e-16 1 2.2204460436442257e-22
vn 2.220446049250313e-16 1 2.2204460436442257e-22
vn 2.220446049250313e-16 1 2.2204460436442257e-22
vn 2.220446049250313e-16 1 2.2204460436442257e-22
vn 2.220446049250313e-16 1 2.2204460436442257e-22
vn 2.220446049250313e-16 1 2.2204460436442257e-22
vn 2.220446049250313e-16 1 2.2204460436442257e-22
vn 2.220446049250313e-16 1 2.2204460436442257e-22
vn 2.220446049250313e-16 1 2.2204460436442257e-22
vn 2.220446049250313e-16 1 2.2204460436442257e-22
vn 2.220446049250313e-16 1 2.2204460436442257e-22
vn 2.220446049250313e-16 1 2.2204460436442257e-22
vn 2.220446049250313e-16 1 2.2204460436442257e-22
vn 2.220446049250313e-16 1 2.2204460436442257e-22
vn 2.220446049250313e-16 1 2.2204460436442257e-22
vn 2.220446049250313e-16 1 2.2204460436442257e-22
vn 2.220446049250313e-16 1 2.2204460436442257e-22
vn 2.220446049250313e-16 1 2.2204460436442257e-22
vn 2.220446049250313e-16 1 2.2204460436442257e-22
vn 2.220446049250313e-16 1 2.2204460436442257e-22
vn 2.220446049250313e-16 1 2.2204460436442257e-22
vn 2.220446049250313e-16 1 2.2204460436442257e-22
vn 2.220446049250313e-16 1 2.2204460436442257e-22
vn 2.220446049250313e-16 1 2.2204460436442257e-22
vn 2.220446049250313e-16 1 2.2204460436442257e-22
vn 2.220446049250313e-16 1 2.2204460436442257e-22
vn 2.220446049250313e-16 1 2.2204460436442257e-22
vn 2.220446049250313e-16 1 2.2204460436442257e-22
vn -2.588190603432612e-7 -0.9659258257467142 0.258819047126484
vn -2.588190603432612e-7 -0.9659258257467142 0.258819047126484
vn -2.588190603432612e-7 -0.9659258257467142 0.258819047126484
vn -2.588190603432612e-7 -0.9659258257467142 0.258819047126484
vn -2.588190603432612e-7 -0.9659258257467142 0.258819047126484
vn -2.588190603432612e-7 -0.9659258257467142 0.258819047126484
vn -2.588190603432612e-7 -0.9659258257467142 0.258819047126484
vn -2.588190603432612e-7 -0.9659258257467142 0.258819047126484
vn -2.588190603432612e-7 -0.9659258257467142 0.258819047126484
vn -2.588190603432612e-7 -0.9659258257467142 0.258819047126484
vn -2.588190603432612e-7 -0.9659258257467142 0.258819047126484
vn -2.588190603432612e-7 -0.9659258257467142 0.258819047126484
vn -2.588190603432612e-7 -0.9659258257467142 0.258819047126484
vn -2.588190603432612e-7 -0.9659258257467142 0.258819047126484
vn -2.588190603432612e-7 -0.9659258257467142 0.258819047126484
vn -2.588190603432612e-7 -0.9659258257467142 0.258819047126484
vn -2.588190603432612e-7 -0.9659258257467142 0.258819047126484
vn -2.588190603432612e-7 -0.9659258257467142 0.258819047126484
vn -2.588190603432612e-7 -0.9659258257467142 0.258819047126484
vn -2.588190603432612e-7 -0.9659258257467142 0.258819047126484
vn -2.588190603432612e-7 -0.9659258257467142 0.258819047126484
vn -2.588190603432612e-7 -0.9659258257467142 0.258819047126484
vn -2.588190603432612e-7 -0.9659258257467142 0.258819047126484
vn -2.588190603432612e-7 -0.9659258257467142 0.258819047126484
vn -2.588190603432612e-7 -0.9659258257467142 0.258819047126484
vn -2.588190603432612e-7 -0.9659258257467142 0.258819047126484
vn -2.588190603432612e-7 -0.9659258257467142 0.258819047126484
vn -2.588190603432612e-7 -0.9659258257467142 0.258819047126484
vn -2.588190603432612e-7 -0.9659258257467142 0.258819047126484
vn -2.588190603432612e-7 -0.9659258257467142 0.258819047126484
vn -2.588190603432612e-7 -0.9659258257467142 0.258819047126484
vn -2.588190603432612e-7 -0.9659258257467142 0.258819047126484
vn -2.588190603432612e-7 -0.9659258257467142 0.258819047126484
vn -2.588190603432612e-7 -0.9659258257467142 0.258819047126484
vn -2.588190603432612e-7 -0.9659258257467142 0.258819047126484
vn -2.588190603432612e-7 -0.9659258257467142 0.258819047126484
vn -2.588190603432612e-7 -0.9659258257467142 0.258819047126484
vn -2.588190603432612e-7 -0.9659258257467142 0.258819047126484
vn -2.588190603432612e-7 -0.9659258257467142 0.258819047126484
vn -2.588190603432612e-7 -0.9659258257467142 0.258819047126484
vn -2.588190603432612e-7 -0.9659258257467142 0.258819047126484
vn -2.588190603432612e-7 -0.9659258257467142 0.258819047126484
vn -2.588190603432612e-7 -0.9659258257467142 0.258819047126484
vn -2.588190603432612e-7 -0.9659258257467142 0.258819047126484
vn -2.588190603432612e-7 -0.9659258257467142 0.258819047126484
vn -2.588190603432612e-7 -0.9659258257467142 0.258819047126484
vn -2.588190603432612e-7 -0.9659258257467142 0.258819047126484
vn -2.588190603432612e-7 -0.9659258257467142 0.258819047126484
vn -2.588190603432612e-7 -0.9659258257467142 0.258819047126484
vn -2.588190603432612e-7 -0.9659258257467142 0.258819047126484
vn -2.588190603432612e-7 -0.9659258257467142 0.258819047126484
vn -2.588190603432612e-7 -0.9659258257467142 0.258819047126484
vn -2.588190603432612e-7 -0.9659258257467142 0.258819047126484
vn -2.588190603432612e-7 -0.9659258257467142 0.258819047126484
vn -2.588190603432612e-7 -0.9659258257467142 0.258819047126484
vn -2.588190603432612e-7 -0.9659258257467142 0.258819047126484
vn -2.588190603432612e-7 -0.9659258257467142 0.258819047126484
vn -2.588190603432612e-7 -0.9659258257467142 0.258819047126484
vn -2.588190603432612e-7 -0.9659258257467142 0.258819047126484
vn -2.588190603432612e-7 -0.9659258257467142 0.258819047126484
vn -2.588190603432612e-7 -0.9659258257467142 0.258819047126484
vn -2.588190603432612e-7 -0.9659258257467142 0.258819047126484
vn -2.588190603432612e-7 -0.9659258257467142 0.258819047126484
vn -2.588190603432612e-7 -0.9659258257467142 0.258819047126484
vn -2.588190603432612e-7 -0.9659258257467142 0.258819047126484
vn -2.588190603432612e-7 -0.9659258257467142 0.258819047126484
vn -2.588190603432612e-7 -0.9659258257467142 0.258819047126484
vn -2.588190603432612e-7 -0.9659258257467142 0.258819047126484
vn -2.588190603432612e-7 -0.9659258257467142 0.258819047126484
vn -2.588190603432612e-7 -0.9659258257467142 0.258819047126484
vn -2.588190603432612e-7 -0.9659258257467142 0.258819047126484
vn -2.588190603432612e-7 -0.9659258257467142 0.258819047126484
vn -2.588190603432612e-7 -0.9659258257467142 0.258819047126484
vn -2.588190603432612e-7 -0.9659258257467142 0.258819047126484
vn -2.588190603432612e-7 -0.9659258257467142 0.258819047126484
vn -2.588190603432612e-7 -0.9659258257467142 0.258819047126484
vn -2.588190603432612e-7 -0.9659258257467142 0.258819047126484
vn -2.588190603432612e-7 -0.9659258257467142 0.258819047126484
vn -2.588190603432612e-7 -0.9659258257467142 0.258819047126484
vn -2.588190603432612e-7 -0.9659258257467142 0.258819047126484
vn -2.588190603432612e-7 -0.9659258257467142 0.258819047126484
vn -2.588190603432612e-7 -0.9659258257467142 0.258819047126484
vn -2.588190603432612e-7 -0.9659258257467142 0.258819047126484
vn -2.588190603432612e-7 -0.9659258257467142 0.258819047126484
vn -2.588190603432612e-7 -0.9659258257467142 0.258819047126484
vn -2.588190603432612e-7 -0.9659258257467142 0.258819047126484
vn -2.588190603432612e-7 -0.9659258257467142 0.258819047126484
vn -2.588190603432612e-7 -0.9659258257467142 0.258819047126484
vn -2.588190603432612e-7 -0.9659258257467142 0.258819047126484
vn -2.588190603432612e-7 -0.9659258257467142 0.258819047126484
vn -2.588190603432612e-7 -0.9659258257467142 0.258819047126484
vn -2.588190603432612e-7 -0.9659258257467142 0.258819047126484
vn -2.588190603432612e-7 -0.9659258257467142 0.258819047126484
vn -2.588190603432612e-7 -0.9659258257467142 0.258819047126484
vn -2.588190603432612e-7 -0.9659258257467142 0.258819047126484
vn -2.588190603432612e-7 -0.9659258257467142 0.258819047126484
vn -2.588190603432612e-7 -0.9659258257467142 0.258819047126484
vn -2.588190603432612e-7 -0.9659258257467142 0.258819047126484
vn -2.588190603432612e-7 -0.9659258257467142 0.258819047126484
vn -2.588190603432612e-7 -0.9659258257467142 0.258819047126484
vn -2.588190603432612e-7 -0.9659258257467142 0.258819047126484
vn -2.588190603432612e-7 -0.9659258257467142 0.258819047126484
vn -2.588190603432612e-7 -0.9659258257467142 0.258819047126484
vn -2.588190603432612e-7 -0.9659258257467142 0.258819047126484
vn -2.588190603432612e-7 -0.9659258257467142 0.258819047126484
vn -2.588190603432612e-7 -0.9659258257467142 0.258819047126484
vn -2.588190603432612e-7 -0.9659258257467142 0.258819047126484
vn -2.588190603432612e-7 -0.9659258257467142 0.258819047126484
vn -2.588190603432612e-7 -0.9659258257467142 0.258819047126484
vn -2.588190603432612e-7 -0.9659258257467142 0.258819047126484
vn -2.588190603432612e-7 -0.9659258257467142 0.258819047126484
vn -2.588190603432612e-7 -0.9659258257467142 0.258819047126484
vn -2.588190603432612e-7 -0.9659258257467142 0.258819047126484
vn -2.588190603432612e-7 -0.9659258257467142 0.258819047126484
vn -2.588190603432612e-7 -0.9659258257467142 0.258819047126484
vn -2.588190603432612e-7 -0.9659258257467142 0.258819047126484
vn -2.588190603432612e-7 -0.9659258257467142 0.258819047126484
vn -2.588190603432612e-7 -0.9659258257467142 0.258819047126484
vn -2.588190603432612e-7 -0.9659258257467142 0.258819047126484
vn -2.588190603432612e-7 -0.9659258257467142 0.258819047126484
vn -2.588190603432612e-7 -0.9659258257467142 0.258819047126484
vn -2.588190603432612e-7 -0.9659258257467142 0.258819047126484
vn -2.588190603432612e-7 -0.9659258257467142 0.258819047126484
vn -2.588190603432612e-7 -0.9659258257467142 0.258819047126484
vn -2.588190603432612e-7 -0.9659258257467142 0.258819047126484
vn -2.588190603432612e-7 -0.9659258257467142 0.258819047126484
vn -2.588190603432612e-7 -0.9659258257467142 0.258819047126484
vn -2.588190603432612e-7 -0.9659258257467142 0.258819047126484
vn -2.588190603432612e-7 -0.9659258257467142 0.258819047126484
vn -2.588190603432612e-7 -0.9659258257467142 0.258819047126484
vn -2.588190603432612e-7 -0.9659258257467142 0.258819047126484
vn -2.588190603432612e-7 -0.9659258257467142 0.258819047126484
vn -2.588190603432612e-7 -0.9659258257467142 0.258819047126484
vn -2.588190603432612e-7 -0.9659258257467142 0.258819047126484
vn -2.588190603432612e-7 -0.9659258257467142 0.258819047126484
vn -2.588190603432612e-7 -0.9659258257467142 0.258819047126484
vn -2.588190603432612e-7 -0.9659258257467142 0.258819047126484
vn -2.588190603432612e-7 -0.9659258257467142 0.258819047126484
vn -2.588190603432612e-7 -0.9659258257467142 0.258819047126484
vn -2.588190603432612e-7 -0.9659258257467142 0.258819047126484
vn -2.588190603432612e-7 -0.9659258257467142 0.258819047126484
vn -2.588190603432612e-7 -0.9659258257467142 0.258819047126484
vn -2.588190603432612e-7 -0.9659258257467142 0.258819047126484
vn -2.588190603432612e-7 -0.9659258257467142 0.258819047126484
vn -2.588190603432612e-7 -0.9659258257467142 0.258819047126484
vn -2.588190603432612e-7 -0.9659258257467142 0.258819047126484
vn -2.588190603432612e-7 -0.9659258257467142 0.258819047126484
vn -2.588190603432612e-7 -0.9659258257467142 0.258819047126484
vn -2.588190603432612e-7 -0.9659258257467142 0.258819047126484
vn -2.588190603432612e-7 -0.9659258257467142 0.258819047126484
vn -2.588190603432612e-7 -0.9659258257467142 0.258819047126484
vn -2.588190603432612e-7 -0.9659258257467142 0.258819047126484
vn -2.588190603432612e-7 -0.9659258257467142 0.258819047126484
vn -2.588190603432612e-7 -0.9659258257467142 0.258819047126484
vn -2.588190603432612e-7 -0.9659258257467142 0.258819047126484
vn -2.588190603432612e-7 -0.9659258257467142 0.258819047126484
vn -2.588190603432612e-7 -0.9659258257467142 0.258819047126484
vn -2.588190603432612e-7 -0.9659258257467142 0.258819047126484
vn -2.588190603432612e-7 -0.9659258257467142 0.258819047126484
vn -2.588190603432612e-7 -0.9659258257467142 0.258819047126484
vn -2.588190603432612e-7 -0.9659258257467142 0.258819047126484
vn -2.588190603432612e-7 -0.9659258257467142 0.258819047126484
vn -2.588190603432612e-7 -0.9659258257467142 0.258819047126484
vn -2.588190603432612e-7 -0.9659258257467142 0.258819047126484
vn -2.588190603432612e-7 -0.9659258257467142 0.258819047126484
vn -2.588190603432612e-7 -0.9659258257467142 0.258819047126484
vn -2.588190603432612e-7 -0.9659258257467142 0.258819047126484
vn -2.588190603432612e-7 -0.9659258257467142 0.258819047126484
vn -2.588190603432612e-7 -0.9659258257467142 0.258819047126484
vn -2.588190603432612e-7 -0.9659258257467142 0.258819047126484
vn -2.588190603432612e-7 -0.9659258257467142 0.258819047126484
vn -2.588190603432612e-7 -0.9659258257467142 0.258819047126484
vn -2.588190603432612e-7 -0.9659258257467142 0.258819047126484
vn -2.588190603432612e-7 -0.9659258257467142 0.258819047126484
vn -2.588190603432612e-7 -0.9659258257467142 0.258819047126484
vn -2.588190603432612e-7 -0.9659258257467142 0.258819047126484
vn -2.588190603432612e-7 -0.9659258257467142 0.258819047126484
vn -2.588190603432612e-7 -0.9659258257467142 0.258819047126484
vn -2.588190603432612e-7 -0.9659258257467142 0.258819047126484
vn -2.588190603432612e-7 -0.9659258257467142 0.258819047126484
vn -2.588190603432612e-7 -0.9659258257467142 0.258819047126484
vn -2.588190603432612e-7 -0.9659258257467142 0.258819047126484
vn -2.588190603432612e-7 -0.9659258257467142 0.258819047126484
vn -2.588190603432612e-7 -0.9659258257467142 0.258819047126484
vn -2.588190603432612e-7 -0.9659258257467142 0.258819047126484
vn -2.588190603432612e-7 -0.9659258257467142 0.258819047126484
vn -2.588190603432612e-7 -0.9659258257467142 0.258819047126484
vn -2.588190603432612e-7 -0.9659258257467142 0.258819047126484
vn -2.588190603432612e-7 -0.9659258257467142 0.258819047126484
vn -2.588190603432612e-7 -0.9659258257467142 0.258819047126484
vn -2.588190603432612e-7 -0.9659258257467142 0.258819047126484
vn -2.588190603432612e-7 -0.9659258257467142 0.258819047126484
vn -2.588190603432612e-7 -0.9659258257467142 0.258819047126484
vn -2.588190603432612e-7 -0.9659258257467142 0.258819047126484
vn -2.588190603432612e-7 -0.9659258257467142 0.258819047126484
vn -2.588190603432612e-7 -0.9659258257467142 0.258819047126484
vn -2.588190603432612e-7 -0.9659258257467142 0.258819047126484
vn -2.588190603432612e-7 -0.9659258257467142 0.258819047126484
vn -2.588190603432612e-7 -0.9659258257467142 0.258819047126484
vn -2.588190603432612e-7 -0.9659258257467142 0.258819047126484
vn -2.588190603432612e-7 -0.9659258257467142 0.258819047126484
vn -2.588190603432612e-7 -0.9659258257467142 0.258819047126484
vn -2.588190603432612e-7 -0.9659258257467142 0.258819047126484
vn -2.588190603432612e-7 -0.9659258257467142 0.258819047126484
vn 2.220446049250313e-16 1 2.2204460436442257e-22
vn 2.220446049250313e-16 1 2.2204460436442257e-22
vn -0.17364819698482162 0.984807749605927 -1.7364819266745019e-7
vn -0.17364819698482162 0.984807749605927 -1.7364819266745019e-7
vn 2.220446049250313e-16 1 2.2204460436442257e-22
vn -0.17364819698482162 0.984807749605927 -1.7364819266745019e-7
vn -0.17364819698482162 0.984807749605927 -1.7364819266745019e-7
vn -0.17364819698482162 0.984807749605927 -1.7364819266745019e-7
vn -0.34202015414017756 0.9396926168496869 -3.4202014390290523e-7
vn -0.17364819698482162 0.984807749605927 -1.7364819266745019e-7
vn -0.34202015414017756 0.9396926168496869 -3.4202014390290523e-7
vn -0.34202015414017756 0.9396926168496869 -3.4202014390290523e-7
vn -0.34202015414017756 0.9396926168496869 -3.4202014390290523e-7
vn -0.34202015414017756 0.9396926168496869 -3.4202014390290523e-7
vn -0.5000000067305244 0.8660253998984242 -5.000000054681457e-7
vn -0.34202015414017756 0.9396926168496869 -3.4202014390290523e-7
vn -0.5000000067305244 0.8660253998984242 -5.000000054681457e-7
vn -0.5000000067305244 0.8660253998984242 -5.000000054681457e-7
vn -0.5000000067305244 0.8660253998984242 -5.000000054681457e-7
vn -0.5000000067305244 0.8660253998984242 -5.000000054681457e-7
vn -0.6427876273095765 0.766044428331224 -6.42787589354544e-7
vn -0.5000000067305244 0.8660253998984242 -5.000000054681457e-7
vn -0.6427876273095765 0.766044428331224 -6.42787589354544e-7
vn -0.6427876273095765 0.766044428331224 -6.42787589354544e-7
vn -0.6427876273095765 0.766044428331224 -6.42787589354544e-7
vn -0.6427876273095765 0.766044428331224 -6.42787589354544e-7
vn -0.7660444283311575 0.6427876273095207 -7.660444130079909e-7
vn -0.6427876273095765 0.766044428331224 -6.42787589354544e-7
vn -0.7660444283311575 0.6427876273095207 -7.660444130079909e-7
vn -0.7660444283311575 0.6427876273095207 -7.660444130079909e-7
vn -0.7660444283311575 0.6427876273095207 -7.660444130079909e-7
vn -0.7660444283311575 0.6427876273095207 -7.660444130079909e-7
vn -0.8660253998982076 0.5000000067303993 -8.660254141590848e-7
vn -0.7660444283311575 0.6427876273095207 -7.660444130079909e-7
vn -0.8660253998982076 0.5000000067303993 -8.660254141590848e-7
vn -0.8660253998982076 0.5000000067303993 -8.660254141590848e-7
vn -0.8660253998982076 0.5000000067303993 -8.660254141590848e-7
vn -0.8660253998982076 0.5000000067303993 -8.660254141590848e-7
vn -0.9396926168493269 0.34202015414004655 -9.396925978990953e-7
vn -0.8660253998982076 0.5000000067303993 -8.660254141590848e-7
vn -0.9396926168493269 0.34202015414004655 -9.396925978990953e-7
vn -0.9396926168493269 0.34202015414004655 -9.396925978990953e-7
vn -0.9396926168493269 0.34202015414004655 -9.396925978990953e-7
vn -0.9396926168493269 0.34202015414004655 -9.396925978990953e-7
vn -0.9848077496054644 0.17364819698474002 -9.84807817861224e-7
vn -0.9396926168493269 0.34202015414004655 -9.396925978990953e-7
vn -0.9848077496054644 0.17364819698474002 -9.84807817861224e-7
vn -0.9848077496054644 0.17364819698474002 -9.84807817861224e-7
vn -0.9848077496054644 0.17364819698474002 -9.84807817861224e-7
vn -0.9848077496054644 0.17364819698474002 -9.84807817861224e-7
vn -0.9999999999995 1.1102230246246014e-16 -9.999999974747427e-7
vn -0.9848077496054644 0.17364819698474002 -9.84807817861224e-7
vn -0.9999999999995 1.1102230246246014e-16 -9.999999974747427e-7
vn -0.9999999999995 1.1102230246246014e-16 -9.999999974747427e-7
vn -0.9999999999995 1.1102230246246014e-16 -9.999999974747427e-7
vn -0.9999999999995 1.1102230246246014e-16 -9.999999974747427e-7
vn -0.9848077496054644 -0.17364819698474002 -9.84807817861224e-7
vn -0.9999999999995 1.1102230246246014e-16 -9.999999974747427e-7
vn -0.9848077496054644 -0.17364819698474002 -9.84807817861224e-7
vn -0.9848077496054644 -0.17364819698474002 -9.84807817861224e-7
vn -0.9848077496054644 -0.17364819698474002 -9.84807817861224e-7
vn -0.9848077496054644 -0.17364819698474002 -9.84807817861224e-7
vn -0.9396926168493269 -0.34202015414004655 -9.396925978990953e-7
vn -0.9848077496054644 -0.17364819698474002 -9.84807817861224e-7
vn -0.9396926168493269 -0.34202015414004655 -9.396925978990953e-7
vn -0.9396926168493269 -0.34202015414004655 -9.396925978990953e-7
vn -0.9396926168493269 -0.34202015414004655 -9.396925978990953e-7
vn -0.9396926168493269 -0.34202015414004655 -9.396925978990953e-7
vn -0.8660253998982076 -0.5000000067303993 -8.660254141590848e-7
vn -0.9396926168493269 -0.34202015414004655 -9.396925978990953e-7
vn -0.8660253998982076 -0.5000000067303993 -8.660254141590848e-7
vn -0.8660253998982076 -0.5000000067303993 -8.660254141590848e-7
vn -0.8660253998982076 -0.5000000067303993 -8.660254141590848e-7
vn -0.8660253998982076 -0.5000000067303993 -8.660254141590848e-7
vn -0.7660444283311575 -0.6427876273095207 -7.660444130079909e-7
vn -0.8660253998982076 -0.5000000067303993 -8.660254141590848e-7
vn -0.7660444283311575 -0.6427876273095207 -7.660444130079909e-7
vn -0.7660444283311575 -0.6427876273095207 -7.660444130079909e-7
vn -0.7660444283311575 -0.6427876273095207 -7.660444130079909e-7
vn -0.7660444283311575 -0.6427876273095207 -7.660444130079909e-7
vn -0.6427876273095765 -0.766044428331224 -6.42787589354544e-7
vn -0.7660444283311575 -0.6427876273095207 -7.660444130079909e-7
vn -0.6427876273095765 -0.766044428331224 -6.42787589354544e-7
vn -0.6427876273095765 -0.766044428331224 -6.42787589354544e-7
vn -0.6427876273095765 -0.766044428331224 -6.42787589354544e-7
vn -0.6427876273095765 -0.766044428331224 -6.42787589354544e-7
vn -0.5000000067305244 -0.8660253998984242 -5.000000054681457e-7
vn -0.6427876273095765 -0.766044428331224 -6.42787589354544e-7
vn -0.5000000067305244 -0.8660253998984242 -5.000000054681457e-7
vn -0.5000000067305244 -0.8660253998984242 -5.000000054681457e-7
vn -0.5000000067305244 -0.8660253998984242 -5.000000054681457e-7
vn -0.5000000067305244 -0.8660253998984242 -5.000000054681457e-7
vn -0.34202015414017756 -0.9396926168496869 -3.4202014390290523e-7
vn -0.5000000067305244 -0.8660253998984242 -5.000000054681457e-7
vn -0.34202015414017756 -0.9396926168496869 -3.4202014390290523e-7
vn -0.34202015414017756 -0.9396926168496869 -3.4202014390290523e-7
vn -0.34202015414017756 -0.9396926168496869 -3.4202014390290523e-7
vn -0.34202015414017756 -0.9396926168496869 -3.4202014390290523e-7
vn -0.17364819698482162 -0.984807749605927 -1.7364819266745019e-7
vn -0.34202015414017756 -0.9396926168496869 -3.4202014390290523e-7
vn -0.17364819698482162 -0.984807749605927 -1.7364819266745019e-7
vn -0.17364819698482162 -0.984807749605927 -1.7364819266745019e-7
vn -0.17364819698482162 -0.984807749605927 -1.7364819266745019e-7
vn -0.17364819698482162 -0.984807749605927 -1.7364819266745019e-7
vn -2.220446049250313e-16 -1 -2.2204460436442257e-22
vn -0.17364819698482162 -0.984807749605927 -1.7364819266745019e-7
vn -2.220446049250313e-16 -1 -2.2204460436442257e-22
vn -2.220446049250313e-16 -1 -2.2204460436442257e-22
vn 9.999999974747427e-7 -1.1102230218215578e-22 -0.9999999999995
vn 9.999999974747427e-7 -1.1102230218215578e-22 -0.9999999999995
vn 9.999999974747427e-7 -1.1102230218215578e-22 -0.9999999999995
vn 9.999999974747427e-7 -1.1102230218215578e-22 -0.9999999999995
vn 9.999999974747427e-7 -1.1102230218215578e-22 -0.9999999999995
vn 9.999999974747427e-7 -1.1102230218215578e-22 -0.9999999999995
vn 9.999999974747427e-7 -1.1102230218215578e-22 -0.9999999999995
vn 9.999999974747427e-7 -1.1102230218215578e-22 -0.9999999999995
vn 9.999999974747427e-7 -1.1102230218215578e-22 -0.9999999999995
vn 9.999999974747427e-7 -1.1102230218215578e-22 -0.9999999999995
vn 9.999999974747427e-7 -1.1102230218215578e-22 -0.9999999999995
vn 9.999999974747427e-7 -1.1102230218215578e-22 -0.9999999999995
vn 9.999999974747427e-7 -1.1102230218215578e-22 -0.9999999999995
vn 9.999999974747427e-7 -1.1102230218215578e-22 -0.9999999999995
vn 9.999999974747427e-7 -1.1102230218215578e-22 -0.9999999999995
vn 9.999999974747427e-7 -1.1102230218215578e-22 -0.9999999999995
vn 9.999999974747427e-7 -1.1102230218215578e-22 -0.9999999999995
vn 9.999999974747427e-7 -1.1102230218215578e-22 -0.9999999999995
vn 9.999999974747427e-7 -1.1102230218215578e-22 -0.9999999999995
vn 9.999999974747427e-7 -1.1102230218215578e-22 -0.9999999999995
vn 9.999999974747427e-7 -1.1102230218215578e-22 -0.9999999999995
vn 9.999999974747427e-7 -1.1102230218215578e-22 -0.9999999999995
vn 9.999999974747427e-7 -1.1102230218215578e-22 -0.9999999999995
vn 9.999999974747427e-7 -1.1102230218215578e-22 -0.9999999999995
vn 9.999999974747427e-7 -1.1102230218215578e-22 -0.9999999999995
vn 9.999999974747427e-7 -1.1102230218215578e-22 -0.9999999999995
vn 9.999999974747427e-7 -1.1102230218215578e-22 -0.9999999999995
vn 9.999999974747427e-7 -1.1102230218215578e-22 -0.9999999999995
vn 9.999999974747427e-7 -1.1102230218215578e-22 -0.9999999999995
vn 9.999999974747427e-7 -1.1102230218215578e-22 -0.9999999999995
vn 9.999999974747427e-7 -1.1102230218215578e-22 -0.9999999999995
vn 9.999999974747427e-7 -1.1102230218215578e-22 -0.9999999999995
vn 9.999999974747427e-7 -1.1102230218215578e-22 -0.9999999999995
vn 9.999999974747427e-7 -1.1102230218215578e-22 -0.9999999999995
vn 9.999999974747427e-7 -1.1102230218215578e-22 -0.9999999999995
vn 9.999999974747427e-7 -1.1102230218215578e-22 -0.9999999999995
vn 9.999999974747427e-7 -1.1102230218215578e-22 -0.9999999999995
vn 9.999999974747427e-7 -1.1102230218215578e-22 -0.9999999999995
vn 9.999999974747427e-7 -1.1102230218215578e-22 -0.9999999999995
vn 9.999999974747427e-7 -1.1102230218215578e-22 -0.9999999999995
vn 9.999999974747427e-7 -1.1102230218215578e-22 -0.9999999999995
vn 9.999999974747427e-7 -1.1102230218215578e-22 -0.9999999999995
vn 9.999999974747427e-7 -1.1102230218215578e-22 -0.9999999999995
vn 9.999999974747427e-7 -1.1102230218215578e-22 -0.9999999999995
vn 9.999999974747427e-7 -1.1102230218215578e-22 -0.9999999999995
vn 9.999999974747427e-7 -1.1102230218215578e-22 -0.9999999999995
vn 9.999999974747427e-7 -1.1102230218215578e-22 -0.9999999999995
vn 9.999999974747427e-7 -1.1102230218215578e-22 -0.9999999999995
vn 9.999999974747427e-7 -1.1102230218215578e-22 -0.9999999999995
vn 9.999999974747427e-7 -1.1102230218215578e-22 -0.9999999999995
vn 9.999999974747427e-7 -1.1102230218215578e-22 -0.9999999999995
vn 9.999999974747427e-7 -1.1102230218215578e-22 -0.9999999999995
vn 9.999999974747427e-7 -1.1102230218215578e-22 -0.9999999999995
vn 9.999999974747427e-7 -1.1102230218215578e-22 -0.9999999999995
vn 9.999999974747427e-7 -1.1102230218215578e-22 -0.9999999999995
vn 9.999999974747427e-7 -1.1102230218215578e-22 -0.9999999999995
vn 9.999999974747427e-7 -1.1102230218215578e-22 -0.9999999999995
vn 9.999999974747427e-7 -1.1102230218215578e-22 -0.9999999999995
vn 9.999999974747427e-7 -1.1102230218215578e-22 -0.9999999999995
vn 9.999999974747427e-7 -1.1102230218215578e-22 -0.9999999999995
vn 9.999999974747427e-7 -1.1102230218215578e-22 -0.9999999999995
vn 9.999999974747427e-7 -1.1102230218215578e-22 -0.9999999999995
vn 9.999999974747427e-7 -1.1102230218215578e-22 -0.9999999999995
vn 9.999999974747427e-7 -1.1102230218215578e-22 -0.9999999999995
vn 9.999999974747427e-7 -1.1102230218215578e-22 -0.9999999999995
vn 9.999999974747427e-7 -1.1102230218215578e-22 -0.9999999999995
vn 9.999999974747427e-7 -1.1102230218215578e-22 -0.9999999999995
vn 9.999999974747427e-7 -1.1102230218215578e-22 -0.9999999999995
vn 9.999999974747427e-7 -1.1102230218215578e-22 -0.9999999999995
vn 9.999999974747427e-7 -1.1102230218215578e-22 -0.9999999999995
vn 9.999999974747427e-7 -1.1102230218215578e-22 -0.9999999999995
vn 9.999999974747427e-7 -1.1102230218215578e-22 -0.9999999999995
vn 9.999999974747427e-7 -1.1102230218215578e-22 -0.9999999999995
vn 9.999999974747427e-7 -1.1102230218215578e-22 -0.9999999999995
vn 9.999999974747427e-7 -1.1102230218215578e-22 -0.9999999999995
vn 9.999999974747427e-7 -1.1102230218215578e-22 -0.9999999999995
vn 9.999999974747427e-7 -1.1102230218215578e-22 -0.9999999999995
vn 9.999999974747427e-7 -1.1102230218215578e-22 -0.9999999999995
vn 9.999999974747427e-7 -1.1102230218215578e-22 -0.9999999999995
vn 9.999999974747427e-7 -1.1102230218215578e-22 -0.9999999999995
vn 9.999999974747427e-7 -1.1102230218215578e-22 -0.9999999999995
vn 9.999999974747427e-7 -1.1102230218215578e-22 -0.9999999999995
vn 9.999999974747427e-7 -1.1102230218215578e-22 -0.9999999999995
vn 9.999999974747427e-7 -1.1102230218215578e-22 -0.9999999999995
vn 9.999999974747427e-7 -1.1102230218215578e-22 -0.9999999999995
vn 9.999999974747427e-7 -1.1102230218215578e-22 -0.9999999999995
vn 9.999999974747427e-7 -1.1102230218215578e-22 -0.9999999999995
vn 9.999999974747427e-7 -1.1102230218215578e-22 -0.9999999999995
vn 9.999999974747427e-7 -1.1102230218215578e-22 -0.9999999999995
vn 9.999999974747427e-7 -1.1102230218215578e-22 -0.9999999999995
vn 9.999999974747427e-7 -1.1102230218215578e-22 -0.9999999999995
vn 9.999999974747427e-7 -1.1102230218215578e-22 -0.9999999999995
vn 9.999999974747427e-7 -1.1102230218215578e-22 -0.9999999999995
vn 9.999999974747427e-7 -1.1102230218215578e-22 -0.9999999999995
vn 9.999999974747427e-7 -1.1102230218215578e-22 -0.9999999999995
vn 9.999999974747427e-7 -1.1102230218215578e-22 -0.9999999999995
vn 9.999999974747427e-7 -1.1102230218215578e-22 -0.9999999999995
vn 9.999999974747427e-7 -1.1102230218215578e-22 -0.9999999999995
vn 9.999999974747427e-7 -1.1102230218215578e-22 -0.9999999999995
vn 9.999999974747427e-7 -1.1102230218215578e-22 -0.9999999999995
vn 9.999999974747427e-7 -1.1102230218215578e-22 -0.9999999999995
vn 9.999999974747427e-7 -1.1102230218215578e-22 -0.9999999999995
vn 9.999999974747427e-7 -1.1102230218215578e-22 -0.9999999999995
vn 9.999999974747427e-7 -1.1102230218215578e-22 -0.9999999999995
vn 9.999999974747427e-7 -1.1102230218215578e-22 -0.9999999999995
vn 9.999999974747427e-7 -1.1102230218215578e-22 -0.9999999999995
vn 9.999999974747427e-7 -1.1102230218215578e-22 -0.9999999999995
vn 9.999999974747427e-7 -1.1102230218215578e-22 -0.9999999999995
vn 9.999999974747427e-7 -1.1102230218215578e-22 -0.9999999999995
vn 9.999999974747427e-7 -1.1102230218215578e-22 -0.9999999999995
vn 9.999999974747427e-7 -1.1102230218215578e-22 -0.9999999999995
vn 9.999999974747427e-7 -1.1102230218215578e-22 -0.9999999999995
vn 9.999999974747427e-7 -1.1102230218215578e-22 -0.9999999999995
vn 9.999999974747427e-7 -1.1102230218215578e-22 -0.9999999999995
vn 9.999999974747427e-7 -1.1102230218215578e-22 -0.9999999999995
vn 9.999999974747427e-7 -1.1102230218215578e-22 -0.9999999999995
vn 9.999999974747427e-7 -1.1102230218215578e-22 -0.9999999999995
vn 9.999999974747427e-7 -1.1102230218215578e-22 -0.9999999999995
vn 9.999999974747427e-7 -1.1102230218215578e-22 -0.9999999999995
vn 9.999999974747427e-7 -1.1102230218215578e-22 -0.9999999999995
vn 9.999999974747427e-7 -1.1102230218215578e-22 -0.9999999999995
vn 9.999999974747427e-7 -1.1102230218215578e-22 -0.9999999999995
vn 9.999999974747427e-7 -1.1102230218215578e-22 -0.9999999999995
vn 9.999999974747427e-7 -1.1102230218215578e-22 -0.9999999999995
vn 9.999999974747427e-7 -1.1102230218215578e-22 -0.9999999999995
vn 9.999999974747427e-7 -1.1102230218215578e-22 -0.9999999999995
vn 9.999999974747427e-7 -1.1102230218215578e-22 -0.9999999999995
vn 9.999999974747427e-7 -1.1102230218215578e-22 -0.9999999999995
vn 9.999999974747427e-7 -1.1102230218215578e-22 -0.9999999999995
vn 9.999999974747427e-7 -1.1102230218215578e-22 -0.9999999999995
vn 9.999999974747427e-7 -1.1102230218215578e-22 -0.9999999999995
vn 9.999999974747427e-7 -1.1102230218215578e-22 -0.9999999999995
vn 9.999999974747427e-7 -1.1102230218215578e-22 -0.9999999999995
vn 9.999999974747427e-7 -1.1102230218215578e-22 -0.9999999999995
vn 9.999999974747427e-7 -1.1102230218215578e-22 -0.9999999999995
vn 9.999999974747427e-7 -1.1102230218215578e-22 -0.9999999999995
vn 9.999999974747427e-7 -1.1102230218215578e-22 -0.9999999999995
vn 9.999999974747427e-7 -1.1102230218215578e-22 -0.9999999999995
vn 9.999999974747427e-7 -1.1102230218215578e-22 -0.9999999999995
vn 9.999999974747427e-7 -1.1102230218215578e-22 -0.9999999999995
vn 9.999999974747427e-7 -1.1102230218215578e-22 -0.9999999999995
vn 9.999999974747427e-7 -1.1102230218215578e-22 -0.9999999999995
vn 9.999999974747427e-7 -1.1102230218215578e-22 -0.9999999999995
vn 9.999999974747427e-7 -1.1102230218215578e-22 -0.9999999999995
vn 9.999999974747427e-7 -1.1102230218215578e-22 -0.9999999999995
vn 9.999999974747427e-7 -1.1102230218215578e-22 -0.9999999999995
vn 9.999999974747427e-7 -1.1102230218215578e-22 -0.9999999999995
vn 9.999999974747427e-7 -1.1102230218215578e-22 -0.9999999999995
vn 9.999999974747427e-7 -1.1102230218215578e-22 -0.9999999999995
vn 9.999999974747427e-7 -1.1102230218215578e-22 -0.9999999999995
vn 9.999999974747427e-7 -1.1102230218215578e-22 -0.9999999999995
vn 9.999999974747427e-7 -1.1102230218215578e-22 -0.9999999999995
vn 9.999999974747427e-7 -1.1102230218215578e-22 -0.9999999999995
vn 9.999999974747427e-7 -1.1102230218215578e-22 -0.9999999999995
vn 9.999999974747427e-7 -1.1102230218215578e-22 -0.9999999999995
vn 9.999999974747427e-7 -1.1102230218215578e-22 -0.9999999999995
vn 9.999999974747427e-7 -1.1102230218215578e-22 -0.9999999999995
vn 9.999999974747427e-7 -1.1102230218215578e-22 -0.9999999999995
vn 9.999999974747427e-7 -1.1102230218215578e-22 -0.9999999999995
vn 9.999999974747427e-7 -1.1102230218215578e-22 -0.9999999999995
vn 9.999999974747427e-7 -1.1102230218215578e-22 -0.9999999999995
vn 9.999999974747427e-7 -1.1102230218215578e-22 -0.9999999999995
vn 9.999999974747427e-7 -1.1102230218215578e-22 -0.9999999999995
vn 9.999999974747427e-7 -1.1102230218215578e-22 -0.9999999999995
vn 9.999999974747427e-7 -1.1102230218215578e-22 -0.9999999999995
vn 9.999999974747427e-7 -1.1102230218215578e-22 -0.9999999999995
vn 9.999999974747427e-7 -1.1102230218215578e-22 -0.9999999999995
vn 9.999999974747427e-7 -1.1102230218215578e-22 -0.9999999999995
vn 9.999999974747427e-7 -1.1102230218215578e-22 -0.9999999999995
vn 9.999999974747427e-7 -1.1102230218215578e-22 -0.9999999999995
vn 9.999999974747427e-7 -1.1102230218215578e-22 -0.9999999999995
vn 9.999999974747427e-7 -1.1102230218215578e-22 -0.9999999999995
vn 9.999999974747427e-7 -1.1102230218215578e-22 -0.9999999999995
vn 9.999999974747427e-7 -1.1102230218215578e-22 -0.9999999999995
vn 9.999999974747427e-7 -1.1102230218215578e-22 -0.9999999999995
vn 9.999999974747427e-7 -1.1102230218215578e-22 -0.9999999999995
vn 9.999999974747427e-7 -1.1102230218215578e-22 -0.9999999999995
vn 9.999999974747427e-7 -1.1102230218215578e-22 -0.9999999999995
vn 9.999999974747427e-7 -1.1102230218215578e-22 -0.9999999999995
vn 9.999999974747427e-7 -1.1102230218215578e-22 -0.9999999999995
vn 9.999999974747427e-7 -1.1102230218215578e-22 -0.9999999999995
vn 9.999999974747427e-7 -1.1102230218215578e-22 -0.9999999999995
vn 9.999999974747427e-7 -1.1102230218215578e-22 -0.9999999999995
vn 9.999999974747427e-7 -1.1102230218215578e-22 -0.9999999999995
vn 9.999999974747427e-7 -1.1102230218215578e-22 -0.9999999999995
vn 9.999999974747427e-7 -1.1102230218215578e-22 -0.9999999999995
vn 9.999999974747427e-7 -1.1102230218215578e-22 -0.9999999999995
vn 9.999999974747427e-7 -1.1102230218215578e-22 -0.9999999999995
vn 9.999999974747427e-7 -1.1102230218215578e-22 -0.9999999999995
vn 9.999999974747427e-7 -1.1102230218215578e-22 -0.9999999999995
vn 9.999999974747427e-7 -1.1102230218215578e-22 -0.9999999999995
vn 9.999999974747427e-7 -1.1102230218215578e-22 -0.9999999999995
vn 9.999999974747427e-7 -1.1102230218215578e-22 -0.9999999999995
vn 9.999999974747427e-7 -1.1102230218215578e-22 -0.9999999999995
vn 9.999999974747427e-7 -1.1102230218215578e-22 -0.9999999999995
vn 9.999999974747427e-7 -1.1102230218215578e-22 -0.9999999999995
vn 9.999999974747427e-7 -1.1102230218215578e-22 -0.9999999999995
vn 9.999999974747427e-7 -1.1102230218215578e-22 -0.9999999999995
vn 9.999999974747427e-7 -1.1102230218215578e-22 -0.9999999999995
vn 9.999999974747427e-7 -1.1102230218215578e-22 -0.9999999999995
vn 9.999999974747427e-7 -1.1102230218215578e-22 -0.9999999999995
vn 9.999999974747427e-7 -1.1102230218215578e-22 -0.9999999999995
vn 9.999999974747427e-7 -1.1102230218215578e-22 -0.9999999999995
vn 9.999999974747427e-7 -1.1102230218215578e-22 -0.9999999999995
vn 9.999999974747427e-7 -1.1102230218215578e-22 -0.9999999999995
vn 9.999999974747427e-7 -1.1102230218215578e-22 -0.9999999999995
vn 9.999999974747427e-7 -1.1102230218215578e-22 -0.9999999999995
vn 9.999999974747427e-7 -1.1102230218215578e-22 -0.9999999999995
vn 9.999999974747427e-7 -1.1102230218215578e-22 -0.9999999999995
vn 9.999999974747427e-7 -1.1102230218215578e-22 -0.9999999999995
vn -9.999999974747427e-7 1.1102230218215578e-22 0.9999999999995
vn -9.999999974747427e-7 1.1102230218215578e-22 0.9999999999995
vn -9.999999974747427e-7 1.1102230218215578e-22 0.9999999999995
vn -9.999999974747427e-7 1.1102230218215578e-22 0.9999999999995
vn -9.999999974747427e-7 1.1102230218215578e-22 0.9999999999995
vn -9.999999974747427e-7 1.1102230218215578e-22 0.9999999999995
vn -9.999999974747427e-7 1.1102230218215578e-22 0.9999999999995
vn -9.999999974747427e-7 1.1102230218215578e-22 0.9999999999995
vn -9.999999974747427e-7 1.1102230218215578e-22 0.9999999999995
vn -9.999999974747427e-7 1.1102230218215578e-22 0.9999999999995
vn -9.999999974747427e-7 1.1102230218215578e-22 0.9999999999995
vn -9.999999974747427e-7 1.1102230218215578e-22 0.9999999999995
vn -9.999999974747427e-7 1.1102230218215578e-22 0.9999999999995
vn -9.999999974747427e-7 1.1102230218215578e-22 0.9999999999995
vn -9.999999974747427e-7 1.1102230218215578e-22 0.9999999999995
vn -9.999999974747427e-7 1.1102230218215578e-22 0.9999999999995
vn -9.999999974747427e-7 1.1102230218215578e-22 0.9999999999995
vn -9.999999974747427e-7 1.1102230218215578e-22 0.9999999999995
vn -9.999999974747427e-7 1.1102230218215578e-22 0.9999999999995
vn -9.999999974747427e-7 1.1102230218215578e-22 0.9999999999995
vn -9.999999974747427e-7 1.1102230218215578e-22 0.9999999999995
vn -9.999999974747427e-7 1.1102230218215578e-22 0.9999999999995
vn -9.999999974747427e-7 1.1102230218215578e-22 0.9999999999995
vn -9.999999974747427e-7 1.1102230218215578e-22 0.9999999999995
vn -9.999999974747427e-7 1.1102230218215578e-22 0.9999999999995
vn -9.999999974747427e-7 1.1102230218215578e-22 0.9999999999995
vn -9.999999974747427e-7 1.1102230218215578e-22 0.9999999999995
vn -9.999999974747427e-7 1.1102230218215578e-22 0.9999999999995
vn -9.999999974747427e-7 1.1102230218215578e-22 0.9999999999995
vn -9.999999974747427e-7 1.1102230218215578e-22 0.9999999999995
vn -9.999999974747427e-7 1.1102230218215578e-22 0.9999999999995
vn -9.999999974747427e-7 1.1102230218215578e-22 0.9999999999995
vn -9.999999974747427e-7 1.1102230218215578e-22 0.9999999999995
vn -9.999999974747427e-7 1.1102230218215578e-22 0.9999999999995
vn -9.999999974747427e-7 1.1102230218215578e-22 0.9999999999995
vn -9.999999974747427e-7 1.1102230218215578e-22 0.9999999999995
vn -9.999999974747427e-7 1.1102230218215578e-22 0.9999999999995
vn -9.999999974747427e-7 1.1102230218215578e-22 0.9999999999995
vn -9.999999974747427e-7 1.1102230218215578e-22 0.9999999999995
vn -9.999999974747427e-7 1.1102230218215578e-22 0.9999999999995
vn -9.999999974747427e-7 1.1102230218215578e-22 0.9999999999995
vn -9.999999974747427e-7 1.1102230218215578e-22 0.9999999999995
vn -9.999999974747427e-7 1.1102230218215578e-22 0.9999999999995
vn -9.999999974747427e-7 1.1102230218215578e-22 0.9999999999995
vn -9.999999974747427e-7 1.1102230218215578e-22 0.9999999999995
vn -9.999999974747427e-7 1.1102230218215578e-22 0.9999999999995
vn -9.999999974747427e-7 1.1102230218215578e-22 0.9999999999995
vn -9.999999974747427e-7 1.1102230218215578e-22 0.9999999999995
vn -9.999999974747427e-7 1.1102230218215578e-22 0.9999999999995
vn -9.999999974747427e-7 1.1102230218215578e-22 0.9999999999995
vn -9.999999974747427e-7 1.1102230218215578e-22 0.9999999999995
vn -9.999999974747427e-7 1.1102230218215578e-22 0.9999999999995
vn -9.999999974747427e-7 1.1102230218215578e-22 0.9999999999995
vn -9.999999974747427e-7 1.1102230218215578e-22 0.9999999999995
vn -9.999999974747427e-7 1.1102230218215578e-22 0.9999999999995
vn -9.999999974747427e-7 1.1102230218215578e-22 0.9999999999995
vn -9.999999974747427e-7 1.1102230218215578e-22 0.9999999999995
vn -9.999999974747427e-7 1.1102230218215578e-22 0.9999999999995
vn -9.999999974747427e-7 1.1102230218215578e-22 0.9999999999995
vn -9.999999974747427e-7 1.1102230218215578e-22 0.9999999999995
vn -9.999999974747427e-7 1.1102230218215578e-22 0.9999999999995
vn -9.999999974747427e-7 1.1102230218215578e-22 0.9999999999995
vn -9.999999974747427e-7 1.1102230218215578e-22 0.9999999999995
vn -9.999999974747427e-7 1.1102230218215578e-22 0.9999999999995
vn -9.999999974747427e-7 1.1102230218215578e-22 0.9999999999995
vn -9.999999974747427e-7 1.1102230218215578e-22 0.9999999999995
vn -9.999999974747427e-7 1.1102230218215578e-22 0.9999999999995
vn -9.999999974747427e-7 1.1102230218215578e-22 0.9999999999995
vn -9.999999974747427e-7 1.1102230218215578e-22 0.9999999999995
vn -9.999999974747427e-7 1.1102230218215578e-22 0.9999999999995
vn -9.999999974747427e-7 1.1102230218215578e-22 0.9999999999995
vn -9.999999974747427e-7 1.1102230218215578e-22 0.9999999999995
vn -9.999999974747427e-7 1.1102230218215578e-22 0.9999999999995
vn -9.999999974747427e-7 1.1102230218215578e-22 0.9999999999995
vn -9.999999974747427e-7 1.1102230218215578e-22 0.9999999999995
vn -9.999999974747427e-7 1.1102230218215578e-22 0.9999999999995
vn -9.999999974747427e-7 1.1102230218215578e-22 0.9999999999995
vn -9.999999974747427e-7 1.1102230218215578e-22 0.9999999999995
vn -9.999999974747427e-7 1.1102230218215578e-22 0.9999999999995
vn -9.999999974747427e-7 1.1102230218215578e-22 0.9999999999995
vn -9.999999974747427e-7 1.1102230218215578e-22 0.9999999999995
vn -9.999999974747427e-7 1.1102230218215578e-22 0.9999999999995
vn -9.999999974747427e-7 1.1102230218215578e-22 0.9999999999995
vn -9.999999974747427e-7 1.1102230218215578e-22 0.9999999999995
vn -9.999999974747427e-7 1.1102230218215578e-22 0.9999999999995
vn -9.999999974747427e-7 1.1102230218215578e-22 0.9999999999995
vn -9.999999974747427e-7 1.1102230218215578e-22 0.9999999999995
vn -9.999999974747427e-7 1.1102230218215578e-22 0.9999999999995
vn -9.999999974747427e-7 1.1102230218215578e-22 0.9999999999995
vn -9.999999974747427e-7 1.1102230218215578e-22 0.9999999999995
vn -9.999999974747427e-7 1.1102230218215578e-22 0.9999999999995
vn -9.999999974747427e-7 1.1102230218215578e-22 0.9999999999995
vn -9.999999974747427e-7 1.1102230218215578e-22 0.9999999999995
vn -9.999999974747427e-7 1.1102230218215578e-22 0.9999999999995
vn -9.999999974747427e-7 1.1102230218215578e-22 0.9999999999995
vn -9.999999974747427e-7 1.1102230218215578e-22 0.9999999999995
vn -9.999999974747427e-7 1.1102230218215578e-22 0.9999999999995
vn -9.999999974747427e-7 1.1102230218215578e-22 0.9999999999995
vn -9.999999974747427e-7 1.1102230218215578e-22 0.9999999999995
vn -9.999999974747427e-7 1.1102230218215578e-22 0.9999999999995
vn -9.999999974747427e-7 1.1102230218215578e-22 0.9999999999995
vn -9.999999974747427e-7 1.1102230218215578e-22 0.9999999999995
vn -9.999999974747427e-7 1.1102230218215578e-22 0.9999999999995
vn -9.999999974747427e-7 1.1102230218215578e-22 0.9999999999995
vn -9.999999974747427e-7 1.1102230218215578e-22 0.9999999999995
vn -9.999999974747427e-7 1.1102230218215578e-22 0.9999999999995
vn -9.999999974747427e-7 1.1102230218215578e-22 0.9999999999995
vn -9.999999974747427e-7 1.1102230218215578e-22 0.9999999999995
vn -9.999999974747427e-7 1.1102230218215578e-22 0.9999999999995
vn -9.999999974747427e-7 1.1102230218215578e-22 0.9999999999995
vn -9.999999974747427e-7 1.1102230218215578e-22 0.9999999999995
vn -9.999999974747427e-7 1.1102230218215578e-22 0.9999999999995
vn -9.999999974747427e-7 1.1102230218215578e-22 0.9999999999995
vn -9.999999974747427e-7 1.1102230218215578e-22 0.9999999999995
vn -9.999999974747427e-7 1.1102230218215578e-22 0.9999999999995
vn -9.999999974747427e-7 1.1102230218215578e-22 0.9999999999995
vn -9.999999974747427e-7 1.1102230218215578e-22 0.9999999999995
vn -9.999999974747427e-7 1.1102230218215578e-22 0.9999999999995
vn -9.999999974747427e-7 1.1102230218215578e-22 0.9999999999995
vn -9.999999974747427e-7 1.1102230218215578e-22 0.9999999999995
vn -9.999999974747427e-7 1.1102230218215578e-22 0.9999999999995
vn -9.999999974747427e-7 1.1102230218215578e-22 0.9999999999995
vn -9.999999974747427e-7 1.1102230218215578e-22 0.9999999999995
vn -9.999999974747427e-7 1.1102230218215578e-22 0.9999999999995
vn -9.999999974747427e-7 1.1102230218215578e-22 0.9999999999995
vn -9.999999974747427e-7 1.1102230218215578e-22 0.9999999999995
vn -9.999999974747427e-7 1.1102230218215578e-22 0.9999999999995
vn -9.999999974747427e-7 1.1102230218215578e-22 0.9999999999995
vn -9.999999974747427e-7 1.1102230218215578e-22 0.9999999999995
vn -9.999999974747427e-7 1.1102230218215578e-22 0.9999999999995
vn -9.999999974747427e-7 1.1102230218215578e-22 0.9999999999995
vn -9.999999974747427e-7 1.1102230218215578e-22 0.9999999999995
vn -9.999999974747427e-7 1.1102230218215578e-22 0.9999999999995
vn -9.999999974747427e-7 1.1102230218215578e-22 0.9999999999995
vn -9.999999974747427e-7 1.1102230218215578e-22 0.9999999999995
vn -9.999999974747427e-7 1.1102230218215578e-22 0.9999999999995
vn -9.999999974747427e-7 1.1102230218215578e-22 0.9999999999995
vn -9.999999974747427e-7 1.1102230218215578e-22 0.9999999999995
vn -9.999999974747427e-7 1.1102230218215578e-22 0.9999999999995
vn -9.999999974747427e-7 1.1102230218215578e-22 0.9999999999995
vn -9.999999974747427e-7 1.1102230218215578e-22 0.9999999999995
vn -9.999999974747427e-7 1.1102230218215578e-22 0.9999999999995
vn -9.999999974747427e-7 1.1102230218215578e-22 0.9999999999995
vn -9.999999974747427e-7 1.1102230218215578e-22 0.9999999999995
vn -9.999999974747427e-7 1.1102230218215578e-22 0.9999999999995
vn -9.999999974747427e-7 1.1102230218215578e-22 0.9999999999995
vn -9.999999974747427e-7 1.1102230218215578e-22 0.9999999999995
vn -9.999999974747427e-7 1.1102230218215578e-22 0.9999999999995
vn -9.999999974747427e-7 1.1102230218215578e-22 0.9999999999995
vn -9.999999974747427e-7 1.1102230218215578e-22 0.9999999999995
vn -9.999999974747427e-7 1.1102230218215578e-22 0.9999999999995
vn -9.999999974747427e-7 1.1102230218215578e-22 0.9999999999995
vn -9.999999974747427e-7 1.1102230218215578e-22 0.9999999999995
vn -9.999999974747427e-7 1.1102230218215578e-22 0.9999999999995
vn -9.999999974747427e-7 1.1102230218215578e-22 0.9999999999995
vn -9.999999974747427e-7 1.1102230218215578e-22 0.9999999999995
vn -9.999999974747427e-7 1.1102230218215578e-22 0.9999999999995
vn -9.999999974747427e-7 1.1102230218215578e-22 0.9999999999995
vn -9.999999974747427e-7 1.1102230218215578e-22 0.9999999999995
vn -9.999999974747427e-7 1.1102230218215578e-22 0.9999999999995
vn -9.999999974747427e-7 1.1102230218215578e-22 0.9999999999995
vn -9.999999974747427e-7 1.1102230218215578e-22 0.9999999999995
vn -9.999999974747427e-7 1.1102230218215578e-22 0.9999999999995
vn -9.999999974747427e-7 1.1102230218215578e-22 0.9999999999995
vn -9.999999974747427e-7 1.1102230218215578e-22 0.9999999999995
vn -9.999999974747427e-7 1.1102230218215578e-22 0.9999999999995
vn -9.999999974747427e-7 1.1102230218215578e-22 0.9999999999995
vn -9.999999974747427e-7 1.1102230218215578e-22 0.9999999999995
vn -9.999999974747427e-7 1.1102230218215578e-22 0.9999999999995
vn -9.999999974747427e-7 1.1102230218215578e-22 0.9999999999995
vn -9.999999974747427e-7 1.1102230218215578e-22 0.9999999999995
vn -9.999999974747427e-7 1.1102230218215578e-22 0.9999999999995
vn -9.999999974747427e-7 1.1102230218215578e-22 0.9999999999995
vn -9.999999974747427e-7 1.1102230218215578e-22 0.9999999999995
vn -9.999999974747427e-7 1.1102230218215578e-22 0.9999999999995
vn -9.999999974747427e-7 1.1102230218215578e-22 0.9999999999995
vn -9.999999974747427e-7 1.1102230218215578e-22 0.9999999999995
vn -9.999999974747427e-7 1.1102230218215578e-22 0.9999999999995
vn -9.999999974747427e-7 1.1102230218215578e-22 0.9999999999995
vn -9.999999974747427e-7 1.1102230218215578e-22 0.9999999999995
vn -9.999999974747427e-7 1.1102230218215578e-22 0.9999999999995
vn -9.999999974747427e-7 1.1102230218215578e-22 0.9999999999995
vn -9.999999974747427e-7 1.1102230218215578e-22 0.9999999999995
vn -9.999999974747427e-7 1.1102230218215578e-22 0.9999999999995
vn -9.999999974747427e-7 1.1102230218215578e-22 0.9999999999995
vn -9.999999974747427e-7 1.1102230218215578e-22 0.9999999999995
vn -9.999999974747427e-7 1.1102230218215578e-22 0.9999999999995
vn -9.999999974747427e-7 1.1102230218215578e-22 0.9999999999995
vn -9.999999974747427e-7 1.1102230218215578e-22 0.9999999999995
vn -9.999999974747427e-7 1.1102230218215578e-22 0.9999999999995
vn -9.999999974747427e-7 1.1102230218215578e-22 0.9999999999995
vn -9.999999974747427e-7 1.1102230218215578e-22 0.9999999999995
vn -9.999999974747427e-7 1.1102230218215578e-22 0.9999999999995
vn -9.999999974747427e-7 1.1102230218215578e-22 0.9999999999995
vn -9.999999974747427e-7 1.1102230218215578e-22 0.9999999999995
vn -9.999999974747427e-7 1.1102230218215578e-22 0.9999999999995
vn -9.999999974747427e-7 1.1102230218215578e-22 0.9999999999995
vn -9.999999974747427e-7 1.1102230218215578e-22 0.9999999999995
vn -9.999999974747427e-7 1.1102230218215578e-22 0.9999999999995
vn -9.999999974747427e-7 1.1102230218215578e-22 0.9999999999995
vn -9.999999974747427e-7 1.1102230218215578e-22 0.9999999999995
vn -9.999999974747427e-7 1.1102230218215578e-22 0.9999999999995
vn -9.999999974747427e-7 1.1102230218215578e-22 0.9999999999995
vn -9.999999974747427e-7 1.1102230218215578e-22 0.9999999999995
vn -2.220446049250313e-16 -1 -2.2204460436442257e-22
vn -3.0901698912593536e-7 -0.9510565161477459 0.309016994828467
vn -0.17364819698482162 -0.984807749605927 -1.7364819266745019e-7
vn -0.17364819698482162 -0.984807749605927 -1.7364819266745019e-7
vn -3.0901698912593536e-7 -0.9510565161477459 0.309016994828467
vn -0.16778893948303816 -0.9245913723684994 0.3420199788446466
vn -0.17364819698482162 -0.984807749605927 -1.7364819266745019e-7
vn -0.16778893948303816 -0.9245913723684994 0.3420199788446466
vn -0.34202015414017756 -0.9396926168496869 -3.4202014390290523e-7
vn -0.34202015414017756 -0.9396926168496869 -3.4202014390290523e-7
vn -0.16778893948303816 -0.9245913723684994 0.3420199788446466
vn -0.33018466428722254 -0.87977301004557 0.34201979221222173
vn -0.34202015414017756 -0.9396926168496869 -3.4202014390290523e-7
vn -0.33018466428722254 -0.87977301004557 0.34201979221222173
vn -0.5000000067305244 -0.8660253998984242 -5.000000054681457e-7
vn -0.5000000067305244 -0.8660253998984242 -5.000000054681457e-7
vn -0.33018466428722254 -0.87977301004557 0.34201979221222173
vn -0.4819679880968778 -0.8066780012410701 0.34201967891271956
vn -0.5000000067305244 -0.8660253998984242 -5.000000054681457e-7
vn -0.4819679880968778 -0.8066780012410701 0.34201967891271956
vn -0.6427876273095765 -0.766044428331224 -6.42787589354544e-7
vn -0.6427876273095765 -0.766044428331224 -6.42787589354544e-7
vn -0.4819679880968778 -0.8066780012410701 0.34201967891271956
vn -0.6182604916385049 -0.7076557150705081 0.3420195219676244
vn -0.6427876273095765 -0.766044428331224 -6.42787589354544e-7
vn -0.6182604916385049 -0.7076557150705081 0.3420195219676244
vn -0.7660444283311575 -0.6427876273095207 -7.660444130079909e-7
vn -0.7660444283311575 -0.6427876273095207 -7.660444130079909e-7
vn -0.6182604916385049 -0.7076557150705081 0.3420195219676244
vn -0.7346816140998768 -0.5858887496265667 0.3420194423780879
vn -0.7660444283311575 -0.6427876273095207 -7.660444130079909e-7
vn -0.7346816140998768 -0.5858887496265667 0.3420194423780879
vn -0.8660253998982076 -0.5000000067303993 -8.660254141590848e-7
vn -0.8660253998982076 -0.5000000067303993 -8.660254141590848e-7
vn -0.7346816140998768 -0.5858887496265667 0.3420194423780879
vn -0.827489451910118 -0.4452909020539607 0.34201932624555376
vn -0.8660253998982076 -0.5000000067303993 -8.660254141590848e-7
vn -0.827489451910118 -0.4452909020539607 0.34201932624555376
vn -0.9396926168493269 -0.34202015414004655 -9.396925978990953e-7
vn -0.9396926168493269 -0.34202015414004655 -9.396925978990953e-7
vn -0.827489451910118 -0.4452909020539607 0.34201932624555376
vn -0.893701131180649 -0.29038098294239234 0.3420192580423483
vn -0.9396926168493269 -0.34202015414004655 -9.396925978990953e-7
vn -0.893701131180649 -0.29038098294239234 0.3420192580423483
vn -0.9848077496054644 -0.17364819698474002 -9.84807817861224e-7
vn -0.9848077496054644 -0.17364819698474002 -9.84807817861224e-7
vn -0.893701131180649 -0.29038098294239234 0.3420192580423483
vn -0.9311885257906753 -0.12613800195417726 0.3420192010674207
vn -0.9848077496054644 -0.17364819698474002 -9.84807817861224e-7
vn -0.9311885257906753 -0.12613800195417726 0.3420192010674207
vn -0.9999999999995 1.1102230246246014e-16 -9.999999974747427e-7
vn -0.9999999999995 1.1102230246246014e-16 -9.999999974747427e-7
vn -0.9311885257906753 -0.12613800195417726 0.3420192010674207
vn -0.9387467556447259 0.042159151523459025 0.3420192022523345
vn -0.9999999999995 1.1102230246246014e-16 -9.999999974747427e-7
vn -0.9387467556447259 0.042159151523459025 0.3420192022523345
vn -0.9848077496054644 0.17364819698474002 -9.84807817861224e-7
vn -0.9848077496054644 0.17364819698474002 -9.84807817861224e-7
vn -0.9387467556447259 0.042159151523459025 0.3420192022523345
vn -0.9161329101548104 0.2091012707782478 0.3420192238605894
vn -0.9848077496054644 0.17364819698474002 -9.84807817861224e-7
vn -0.9161329101548104 0.2091012707782478 0.3420192238605894
vn -0.9396926168493269 0.34202015414004655 -9.396925978990953e-7
vn -0.9396926168493269 0.34202015414004655 -9.396925978990953e-7
vn -0.9161329101548104 0.2091012707782478 0.3420192238605894
vn -0.8640738050867652 0.36932271382393356 0.34201928661495634
vn -0.9396926168493269 0.34202015414004655 -9.396925978990953e-7
vn -0.8640738050867652 0.36932271382393356 0.34201928661495634
vn -0.8660253998982076 0.5000000067303993 -8.660254141590848e-7
vn -0.8660253998982076 0.5000000067303993 -8.660254141590848e-7
vn -0.8640738050867652 0.36932271382393356 0.34201928661495634
vn -0.7842426713515471 0.517673838007527 0.34201934137406015
vn -0.8660253998982076 0.5000000067303993 -8.660254141590848e-7
vn -0.7842426713515471 0.517673838007527 0.34201934137406015
vn -0.7660444283311575 0.6427876273095207 -7.660444130079909e-7
vn -0.7660444283311575 0.6427876273095207 -7.660444130079909e-7
vn -0.7842426713515471 0.517673838007527 0.34201934137406015
vn -0.679205352296678 0.6493864600693733 0.3420194656596518
vn -0.7660444283311575 0.6427876273095207 -7.660444130079909e-7
vn -0.679205352296678 0.6493864600693733 0.3420194656596518
vn -0.6427876273095765 0.766044428331224 -6.42787589354544e-7
vn -0.6427876273095765 0.766044428331224 -6.42787589354544e-7
vn -0.679205352296678 0.6493864600693733 0.3420194656596518
vn -0.5523378048495958 0.7602272944332082 0.34201960489523664
vn -0.6427876273095765 0.766044428331224 -6.42787589354544e-7
vn -0.5523378048495958 0.7602272944332082 0.34201960489523664
vn -0.5000000067305244 0.8660253998984242 -5.000000054681457e-7
vn -0.5000000067305244 0.8660253998984242 -5.000000054681457e-7
vn -0.5523378048495958 0.7602272944332082 0.34201960489523664
vn -0.407717678956414 0.8466338002000886 0.3420197401103491
vn -0.5000000067305244 0.8660253998984242 -5.000000054681457e-7
vn -0.407717678956414 0.8466338002000886 0.3420197401103491
vn -0.34202015414017756 0.9396926168496869 -3.4202014390290523e-7
vn -0.34202015414017756 0.9396926168496869 -3.4202014390290523e-7
vn -0.407717678956414 0.8466338002000886 0.3420197401103491
vn -0.24999320849402343 0.9058287863802296 0.3420198904622128
vn -0.34202015414017756 0.9396926168496869 -3.4202014390290523e-7
vn -0.24999320849402343 0.9058287863802296 0.3420198904622128
vn -0.17364819698482162 0.984807749605927 -1.7364819266745019e-7
vn -0.17364819698482162 0.984807749605927 -1.7364819266745019e-7
vn -0.24999320849402343 0.9058287863802296 0.3420198904622128
vn -0.08423373880800102 0.9359096920949183 0.3420200659160522
vn -0.17364819698482162 0.984807749605927 -1.7364819266745019e-7
vn -0.08423373880800102 0.9359096920949183 0.3420200659160522
vn 2.220446049250313e-16 1 2.2204460436442257e-22
vn 2.220446049250313e-16 1 2.2204460436442257e-22
vn -0.08423373880800102 0.9359096920949183 0.3420200659160522
vn -3.0901698912593536e-7 0.9510565161477459 0.309016994828467
vn -3.0901698912593536e-7 0.9510565161477459 0.309016994828467
vn -0.08423373880800102 0.9359096920949183 0.3420200659160522
vn -5.877852221266721e-7 0.8090170011594585 0.5877852429541006
vn -5.877852221266721e-7 0.8090170011594585 0.5877852429541006
vn -0.08423373880800102 0.9359096920949183 0.3420200659160522
vn -0.06866833042747592 0.7629605776337287 0.6427875367282024
vn -5.877852221266721e-7 0.8090170011594585 0.5877852429541006
vn -0.06866833042747592 0.7629605776337287 0.6427875367282024
vn -8.090170226161325e-7 0.5877852429540098 0.8090170011593335
vn -8.090170226161325e-7 0.5877852429540098 0.8090170011593335
vn -0.06866833042747592 0.7629605776337287 0.6427875367282024
vn -0.04482052723238125 0.49798713731257627 0.8660253641838885
vn -8.090170226161325e-7 0.5877852429540098 0.8090170011593335
vn -0.04482052723238125 0.49798713731257627 0.8660253641838885
vn -9.510564825724556e-7 0.309016994828342 0.9510565161473611
vn -9.510564825724556e-7 0.309016994828342 0.9510565161473611
vn -0.04482052723238125 0.49798713731257627 0.8660253641838885
vn -0.01556668535797803 0.17294912174653335 0.9848077373752038
vn -9.510564825724556e-7 0.309016994828342 0.9510565161473611
vn -0.01556668535797803 0.17294912174653335 0.9848077373752038
vn -9.999999974747427e-7 1.1102230218215578e-22 0.9999999999995
vn -9.999999974747427e-7 1.1102230218215578e-22 0.9999999999995
vn -0.01556668535797803 0.17294912174653335 0.9848077373752038
vn -9.999999974747427e-7 1.1102230218215578e-22 0.9999999999995
vn -9.999999974747427e-7 1.1102230218215578e-22 0.9999999999995
vn -0.01556668535797803 0.17294912174653335 0.9848077373752038
vn -0.046197793366070564 0.16739038756472804 0.9848077081537472
vn -9.999999974747427e-7 1.1102230218215578e-22 0.9999999999995
vn -0.046197793366070564 0.16739038756472804 0.9848077081537472
vn -9.999999974747427e-7 1.1102230218215578e-22 0.9999999999995
vn -9.999999974747427e-7 1.1102230218215578e-22 0.9999999999995
vn -0.046197793366070564 0.16739038756472804 0.9848077081537472
vn -0.07534410105659103 0.15645161367043955 0.9848076761560552
vn -9.999999974747427e-7 1.1102230218215578e-22 0.9999999999995
vn -0.07534410105659103 0.15645161367043955 0.9848076761560552
vn -9.999999974747427e-7 1.1102230218215578e-22 0.9999999999995
vn -9.999999974747427e-7 1.1102230218215578e-22 0.9999999999995
vn -0.07534410105659103 0.15645161367043955 0.9848076761560552
vn -0.1020688247129874 0.1404843156002212 0.9848076523321938
vn -9.999999974747427e-7 1.1102230218215578e-22 0.9999999999995
vn -0.1020688247129874 0.1404843156002212 0.9848076523321938
vn -9.999999974747427e-7 1.1102230218215578e-22 0.9999999999995
vn -9.999999974747427e-7 1.1102230218215578e-22 0.9999999999995
vn -0.1020688247129874 0.1404843156002212 0.9848076523321938
vn -0.12551300414737418 0.12000177979535442 0.9848076251917675
vn -9.999999974747427e-7 1.1102230218215578e-22 0.9999999999995
vn -0.12551300414737418 0.12000177979535442 0.9848076251917675
vn -9.999999974747427e-7 1.1102230218215578e-22 0.9999999999995
vn -9.999999974747427e-7 1.1102230218215578e-22 0.9999999999995
vn -0.12551300414737418 0.12000177979535442 0.9848076251917675
vn -0.14492310554310564 0.09566225837214568 0.9848076085220315
vn -9.999999974747427e-7 1.1102230218215578e-22 0.9999999999995
vn -0.14492310554310564 0.09566225837214568 0.9848076085220315
vn -9.999999974747427e-7 1.1102230218215578e-22 0.9999999999995
vn -9.999999974747427e-7 1.1102230218215578e-22 0.9999999999995
vn -0.14492310554310564 0.09566225837214568 0.9848076085220315
vn -0.15967529753541296 0.06824808457236613 0.984807594563111
vn -9.999999974747427e-7 1.1102230218215578e-22 0.9999999999995
vn -0.15967529753541296 0.06824808457236613 0.984807594563111
vn -9.999999974747427e-7 1.1102230218215578e-22 0.9999999999995
vn -9.999999974747427e-7 1.1102230218215578e-22 0.9999999999995
vn -0.15967529753541296 0.06824808457236613 0.984807594563111
vn -0.16929544050475642 0.038640349058071545 0.9848075838705604
vn -9.999999974747427e-7 1.1102230218215578e-22 0.9999999999995
vn -0.16929544050475642 0.038640349058071545 0.9848075838705604
vn -9.999999974747427e-7 1.1102230218215578e-22 0.9999999999995
vn -9.999999974747427e-7 1.1102230218215578e-22 0.9999999999995
vn -0.16929544050475642 0.038640349058071545 0.9848075838705604
vn -0.17347431666829463 0.007790700749845206 0.9848075783818354
vn -9.999999974747427e-7 1.1102230218215578e-22 0.9999999999995
vn -0.17347431666829463 0.007790700749845206 0.9848075783818354
vn -9.999999974747427e-7 1.1102230218215578e-22 0.9999999999995
vn -9.999999974747427e-7 1.1102230218215578e-22 0.9999999999995
vn -0.17347431666829463 0.007790700749845206 0.9848075783818354
vn -0.17207761601069277 -0.02330935999367682 0.984807579075609
vn -9.999999974747427e-7 1.1102230218215578e-22 0.9999999999995
vn -0.17207761601069277 -0.02330935999367682 0.984807579075609
vn -9.999999974747427e-7 1.1102230218215578e-22 0.9999999999995
vn -9.999999974747427e-7 1.1102230218215578e-22 0.9999999999995
vn -0.17207761601069277 -0.02330935999367682 0.984807579075609
vn -0.16515022120281356 -0.05366023873775383 0.9848075868997299
vn -9.999999974747427e-7 1.1102230218215578e-22 0.9999999999995
vn -0.16515022120281356 -0.05366023873775383 0.9848075868997299
vn -9.999999974747427e-7 1.1102230218215578e-22 0.9999999999995
vn -9.999999974747427e-7 1.1102230218215578e-22 0.9999999999995
vn -0.16515022120281356 -0.05366023873775383 0.9848075868997299
vn -0.152914790741025 -0.08228643154692226 0.9848076004763074
vn -9.999999974747427e-7 1.1102230218215578e-22 0.9999999999995
vn -0.152914790741025 -0.08228643154692226 0.9848076004763074
vn -9.999999974747427e-7 1.1102230218215578e-22 0.9999999999995
vn -9.999999974747427e-7 1.1102230218215578e-22 0.9999999999995
vn -0.152914790741025 -0.08228643154692226 0.9848076004763074
vn -0.13576459962982346 -0.10826787415034601 0.9848076161943096
vn -9.999999974747427e-7 1.1102230218215578e-22 0.9999999999995
vn -0.13576459962982346 -0.10826787415034601 0.9848076161943096
vn -9.999999974747427e-7 1.1102230218215578e-22 0.9999999999995
vn -9.999999974747427e-7 1.1102230218215578e-22 0.9999999999995
vn -0.13576459962982346 -0.10826787415034601 0.9848076161943096
vn -0.11425084932570191 -0.1307694947651272 0.9848076373928206
vn -9.999999974747427e-7 1.1102230218215578e-22 0.9999999999995
vn -0.11425084932570191 -0.1307694947651272 0.9848076373928206
vn -9.999999974747427e-7 1.1102230218215578e-22 0.9999999999995
vn -9.999999974747427e-7 1.1102230218215578e-22 0.9999999999995
vn -0.11425084932570191 -0.1307694947651272 0.9848076373928206
vn -0.08906501467946927 -0.14906807137286293 0.9848076630780861
vn -9.999999974747427e-7 1.1102230218215578e-22 0.9999999999995
vn -0.08906501467946927 -0.14906807137286293 0.9848076630780861
vn -9.999999974747427e-7 1.1102230218215578e-22 0.9999999999995
vn -9.999999974747427e-7 1.1102230218215578e-22 0.9999999999995
vn -0.08906501467946927 -0.14906807137286293 0.9848076630780861
vn -0.061016586940132046 -0.16257548668539526 0.9848076904894599
vn -9.999999974747427e-7 1.1102230218215578e-22 0.9999999999995
vn -0.061016586940132046 -0.16257548668539526 0.9848076904894599
vn -9.999999974747427e-7 1.1102230218215578e-22 0.9999999999995
vn -9.999999974747427e-7 1.1102230218215578e-22 0.9999999999995
vn -0.061016586940132046 -0.16257548668539526 0.9848076904894599
vn -0.03100706613930155 -0.17085757724999154 0.984807722423873
vn -9.999999974747427e-7 1.1102230218215578e-22 0.9999999999995
vn -0.03100706613930155 -0.17085757724999154 0.984807722423873
vn -9.999999974747427e-7 1.1102230218215578e-22 0.9999999999995
vn -9.999999974747427e-7 1.1102230218215578e-22 0.9999999999995
vn -0.03100706613930155 -0.17085757724999154 0.984807722423873
vn -9.510564825724556e-7 -0.309016994828342 0.9510565161473611
vn -9.510564825724556e-7 -0.309016994828342 0.9510565161473611
vn -0.03100706613930155 -0.17085757724999154 0.984807722423873
vn -0.08927931425058831 -0.4919648053919021 0.8660253081190251
vn -9.510564825724556e-7 -0.309016994828342 0.9510565161473611
vn -0.08927931425058831 -0.4919648053919021 0.8660253081190251
vn -8.090170226161325e-7 -0.5877852429540098 0.8090170011593335
vn -8.090170226161325e-7 -0.5877852429540098 0.8090170011593335
vn -0.08927931425058831 -0.4919648053919021 0.8660253081190251
vn -0.1367831523294081 -0.753733811066568 0.6427874542132082
vn -8.090170226161325e-7 -0.5877852429540098 0.8090170011593335
vn -0.1367831523294081 -0.753733811066568 0.6427874542132082
vn -5.877852221266721e-7 -0.8090170011594585 0.5877852429541006
vn -5.877852221266721e-7 -0.8090170011594585 0.5877852429541006
vn -0.1367831523294081 -0.753733811066568 0.6427874542132082
vn -0.16778893948303816 -0.9245913723684994 0.3420199788446466
vn -5.877852221266721e-7 -0.8090170011594585 0.5877852429541006
vn -0.16778893948303816 -0.9245913723684994 0.3420199788446466
vn -3.0901698912593536e-7 -0.9510565161477459 0.309016994828467
vn -0.08927931425058831 -0.4919648053919021 0.8660253081190251
vn -0.03100706613930155 -0.17085757724999154 0.984807722423873
vn -0.17568828353083552 -0.4681174507046122 0.866025218671953
vn -0.17568828353083552 -0.4681174507046122 0.866025218671953
vn -0.03100706613930155 -0.17085757724999154 0.984807722423873
vn -0.061016586940132046 -0.16257548668539526 0.9848076904894599
vn -0.17568828353083552 -0.4681174507046122 0.866025218671953
vn -0.061016586940132046 -0.16257548668539526 0.9848076904894599
vn -0.2564505030150395 -0.42922439995582223 0.8660251462780383
vn -0.2564505030150395 -0.42922439995582223 0.8660251462780383
vn -0.061016586940132046 -0.16257548668539526 0.9848076904894599
vn -0.08906501467946927 -0.14906807137286293 0.9848076630780861
vn -0.2564505030150395 -0.42922439995582223 0.8660251462780383
vn -0.08906501467946927 -0.14906807137286293 0.9848076630780861
vn -0.3289702185564973 -0.3765357376275519 0.8660250767686615
vn -0.3289702185564973 -0.3765357376275519 0.8660250767686615
vn -0.08906501467946927 -0.14906807137286293 0.9848076630780861
vn -0.11425084932570191 -0.1307694947651272 0.9848076373928206
vn -0.3289702185564973 -0.3765357376275519 0.8660250767686615
vn -0.11425084932570191 -0.1307694947651272 0.9848076373928206
vn -0.390916608712609 -0.31174489296582836 0.8660250150788702
vn -0.390916608712609 -0.31174489296582836 0.8660250150788702
vn -0.11425084932570191 -0.1307694947651272 0.9848076373928206
vn -0.13576459962982346 -0.10826787415034601 0.9848076161943096
vn -0.390916608712609 -0.31174489296582836 0.8660250150788702
vn -0.13576459962982346 -0.10826787415034601 0.9848076161943096
vn -0.4402986406712412 -0.23693433080169035 0.8660249591730093
vn -0.4402986406712412 -0.23693433080169035 0.8660249591730093
vn -0.13576459962982346 -0.10826787415034601 0.9848076161943096
vn -0.152914790741025 -0.08228643154692226 0.9848076004763074
vn -0.4402986406712412 -0.23693433080169035 0.8660249591730093
vn -0.152914790741025 -0.08228643154692226 0.9848076004763074
vn -0.4755291386279688 -0.15450850270611569 0.8660249193338816
vn -0.4755291386279688 -0.15450850270611569 0.8660249193338816
vn -0.152914790741025 -0.08228643154692226 0.9848076004763074
vn -0.16515022120281356 -0.05366023873775383 0.9848075868997299
vn -0.4755291386279688 -0.15450850270611569 0.8660249193338816
vn -0.16515022120281356 -0.05366023873775383 0.9848075868997299
vn -0.4954757625241667 -0.06711662472398365 0.866024900009668
vn -0.4954757625241667 -0.06711662472398365 0.866024900009668
vn -0.16515022120281356 -0.05366023873775383 0.9848075868997299
vn -0.17207761601069277 -0.02330935999367682 0.984807579075609
vn -0.4954757625241667 -0.06711662472398365 0.866024900009668
vn -0.17207761601069277 -0.02330935999367682 0.984807579075609
vn -0.499497406920724 0.02243242010121585 0.8660248997620539
vn -0.499497406920724 0.02243242010121585 0.8660248997620539
vn -0.17207761601069277 -0.02330935999367682 0.984807579075609
vn -0.17347431666829463 0.007790700749845206 0.9848075783818354
vn -0.499497406920724 0.02243242010121585 0.8660248997620539
vn -0.17347431666829463 0.007790700749845206 0.9848075783818354
vn -0.487464818688655 0.11126047448377088 0.8660249172849952
vn -0.487464818688655 0.11126047448377088 0.8660249172849952
vn -0.17347431666829463 0.007790700749845206 0.9848075783818354
vn -0.16929544050475642 0.038640349058071545 0.9848075838705604
vn -0.487464818688655 0.11126047448377088 0.8660249172849952
vn -0.16929544050475642 0.038640349058071545 0.9848075838705604
vn -0.45976473974443127 0.19651250153656327 0.866024953928914
vn -0.45976473974443127 0.19651250153656327 0.866024953928914
vn -0.16929544050475642 0.038640349058071545 0.9848075838705604
vn -0.15967529753541296 0.06824808457236613 0.984807594563111
vn -0.45976473974443127 0.19651250153656327 0.866024953928914
vn -0.15967529753541296 0.06824808457236613 0.984807594563111
vn -0.4172875021018564 0.27544850334734067 0.866024978042379
vn -0.4172875021018564 0.27544850334734067 0.866024978042379
vn -0.15967529753541296 0.06824808457236613 0.984807594563111
vn -0.14492310554310564 0.09566225837214568 0.9848076085220315
vn -0.4172875021018564 0.27544850334734067 0.866024978042379
vn -0.14492310554310564 0.09566225837214568 0.9848076085220315
vn -0.3613983128821834 0.3455313178745511 0.8660250387914815
vn -0.3613983128821834 0.3455313178745511 0.8660250387914815
vn -0.14492310554310564 0.09566225837214568 0.9848076085220315
vn -0.12551300414737418 0.12000177979535442 0.9848076251917675
vn -0.3613983128821834 0.3455313178745511 0.8660250387914815
vn -0.12551300414737418 0.12000177979535442 0.9848076251917675
vn -0.29389349129133147 0.4045085082144059 0.866025105039541
vn -0.29389349129133147 0.4045085082144059 0.866025105039541
vn -0.12551300414737418 0.12000177979535442 0.9848076251917675
vn -0.1020688247129874 0.1404843156002212 0.9848076523321938
vn -0.29389349129133147 0.4045085082144059 0.866025105039541
vn -0.1020688247129874 0.1404843156002212 0.9848076523321938
vn -0.21694273879127743 0.4504844171969498 0.8660251947538616
vn -0.21694273879127743 0.4504844171969498 0.8660251947538616
vn -0.1020688247129874 0.1404843156002212 0.9848076523321938
vn -0.07534410105659103 0.15645161367043955 0.9848076761560552
vn -0.21694273879127743 0.4504844171969498 0.8660251947538616
vn -0.07534410105659103 0.15645161367043955 0.9848076761560552
vn -0.1330192985947497 0.4819814274909011 0.8660252708525278
vn -0.1330192985947497 0.4819814274909011 0.8660252708525278
vn -0.07534410105659103 0.15645161367043955 0.9848076761560552
vn -0.046197793366070564 0.16739038756472804 0.9848077081537472
vn -0.1330192985947497 0.4819814274909011 0.8660252708525278
vn -0.046197793366070564 0.16739038756472804 0.9848077081537472
vn -0.04482052723238125 0.49798713731257627 0.8660253641838885
vn -0.04482052723238125 0.49798713731257627 0.8660253641838885
vn -0.046197793366070564 0.16739038756472804 0.9848077081537472
vn -0.01556668535797803 0.17294912174653335 0.9848077373752038
vn -0.33018466428722254 -0.87977301004557 0.34201979221222173
vn -0.16778893948303816 -0.9245913723684994 0.3420199788446466
vn -0.1367831523294081 -0.753733811066568 0.6427874542132082
vn -0.1367831523294081 -0.753733811066568 0.6427874542132082
vn -0.08927931425058831 -0.4919648053919021 0.8660253081190251
vn -0.2691693977643396 -0.7171974979684163 0.6427873553633632
vn -0.2691693977643396 -0.7171974979684163 0.6427873553633632
vn -0.08927931425058831 -0.4919648053919021 0.8660253081190251
vn -0.17568828353083552 -0.4681174507046122 0.866025218671953
vn -0.2691693977643396 -0.7171974979684163 0.6427873553633632
vn -0.17568828353083552 -0.4681174507046122 0.866025218671953
vn -0.39290427869196154 -0.6576099346808341 0.6427872133098311
vn -0.39290427869196154 -0.6576099346808341 0.6427872133098311
vn -0.17568828353083552 -0.4681174507046122 0.866025218671953
vn -0.2564505030150395 -0.42922439995582223 0.8660251462780383
vn -0.39290427869196154 -0.6576099346808341 0.6427872133098311
vn -0.2564505030150395 -0.42922439995582223 0.8660251462780383
vn -0.5040109806371034 -0.5768861831021145 0.6427871056135918
vn -0.5040109806371034 -0.5768861831021145 0.6427871056135918
vn -0.2564505030150395 -0.42922439995582223 0.8660251462780383
vn -0.3289702185564973 -0.3765357376275519 0.8660250767686615
vn -0.5040109806371034 -0.5768861831021145 0.6427871056135918
vn -0.3289702185564973 -0.3765357376275519 0.8660250767686615
vn -0.5989183025156029 -0.4776208867320079 0.6427870218580641
vn -0.5989183025156029 -0.4776208867320079 0.6427870218580641
vn -0.3289702185564973 -0.3765357376275519 0.8660250767686615
vn -0.390916608712609 -0.31174489296582836 0.8660250150788702
vn -0.5989183025156029 -0.4776208867320079 0.6427870218580641
vn -0.390916608712609 -0.31174489296582836 0.8660250150788702
vn -0.6745759806714755 -0.3630044439812887 0.6427869164435073
vn -0.6745759806714755 -0.3630044439812887 0.6427869164435073
vn -0.390916608712609 -0.31174489296582836 0.8660250150788702
vn -0.4402986406712412 -0.23693433080169035 0.8660249591730093
vn -0.6745759806714755 -0.3630044439812887 0.6427869164435073
vn -0.4402986406712412 -0.23693433080169035 0.8660249591730093
vn -0.7285521926218549 -0.2367207460689226 0.6427868939286645
vn -0.7285521926218549 -0.2367207460689226 0.6427868939286645
vn -0.4402986406712412 -0.23693433080169035 0.8660249591730093
vn -0.4755291386279688 -0.15450850270611569 0.8660249193338816
vn -0.7285521926218549 -0.2367207460689226 0.6427868939286645
vn -0.4755291386279688 -0.15450850270611569 0.8660249193338816
vn -0.7591121873299915 -0.10282864530659627 0.6427868672829947
vn -0.7591121873299915 -0.10282864530659627 0.6427868672829947
vn -0.4755291386279688 -0.15450850270611569 0.8660249193338816
vn -0.4954757625241667 -0.06711662472398365 0.866024900009668
vn -0.7591121873299915 -0.10282864530659627 0.6427868672829947
vn -0.4954757625241667 -0.06711662472398365 0.866024900009668
vn -0.7652737057558667 0.03436845238226346 0.6427868735121551
vn -0.7652737057558667 0.03436845238226346 0.6427868735121551
vn -0.4954757625241667 -0.06711662472398365 0.866024900009668
vn -0.499497406920724 0.02243242010121585 0.8660248997620539
vn -0.7652737057558667 0.03436845238226346 0.6427868735121551
vn -0.499497406920724 0.02243242010121585 0.8660248997620539
vn -0.7468387213181227 0.17046093321352737 0.6427868967145215
vn -0.7468387213181227 0.17046093321352737 0.6427868967145215
vn -0.499497406920724 0.02243242010121585 0.8660248997620539
vn -0.487464818688655 0.11126047448377088 0.8660249172849952
vn -0.7468387213181227 0.17046093321352737 0.6427868967145215
vn -0.487464818688655 0.11126047448377088 0.8660249172849952
vn -0.7043997645046675 0.3010746538497405 0.6427869200404034
vn -0.7043997645046675 0.3010746538497405 0.6427869200404034
vn -0.487464818688655 0.11126047448377088 0.8660249172849952
vn -0.45976473974443127 0.19651250153656327 0.866024953928914
vn -0.7043997645046675 0.3010746538497405 0.6427869200404034
vn -0.45976473974443127 0.19651250153656327 0.866024953928914
vn -0.6393208494536354 0.4220115536347664 0.6427869787516333
vn -0.6393208494536354 0.4220115536347664 0.6427869787516333
vn -0.45976473974443127 0.19651250153656327 0.866024953928914
vn -0.4172875021018564 0.27544850334734067 0.866024978042379
vn -0.6393208494536354 0.4220115536347664 0.6427869787516333
vn -0.4172875021018564 0.27544850334734067 0.866024978042379
vn -0.5536935979331524 0.529384677790127 0.6427871051358169
vn -0.5536935979331524 0.529384677790127 0.6427871051358169
vn -0.4172875021018564 0.27544850334734067 0.866024978042379
vn -0.3613983128821834 0.3455313178745511 0.8660250387914815
vn -0.5536935979331524 0.529384677790127 0.6427871051358169
vn -0.3613983128821834 0.3455313178745511 0.8660250387914815
vn -0.45027026172674806 0.6197429845657844 0.6427871533299494
vn -0.45027026172674806 0.6197429845657844 0.6427871533299494
vn -0.3613983128821834 0.3455313178745511 0.8660250387914815
vn -0.29389349129133147 0.4045085082144059 0.866025105039541
vn -0.45027026172674806 0.6197429845657844 0.6427871533299494
vn -0.29389349129133147 0.4045085082144059 0.866025105039541
vn -0.3323748673310906 0.6901822018591315 0.6427872710341431
vn -0.3323748673310906 0.6901822018591315 0.6427872710341431
vn -0.29389349129133147 0.4045085082144059 0.866025105039541
vn -0.21694273879127743 0.4504844171969498 0.8660251947538616
vn -0.3323748673310906 0.6901822018591315 0.6427872710341431
vn -0.21694273879127743 0.4504844171969498 0.8660251947538616
vn -0.2037966898940669 0.7384383865117587 0.6427874131578277
vn -0.2037966898940669 0.7384383865117587 0.6427874131578277
vn -0.21694273879127743 0.4504844171969498 0.8660251947538616
vn -0.1330192985947497 0.4819814274909011 0.8660252708525278
vn -0.2037966898940669 0.7384383865117587 0.6427874131578277
vn -0.1330192985947497 0.4819814274909011 0.8660252708525278
vn -0.06866833042747592 0.7629605776337287 0.6427875367282024
vn -0.06866833042747592 0.7629605776337287 0.6427875367282024
vn -0.1330192985947497 0.4819814274909011 0.8660252708525278
vn -0.04482052723238125 0.49798713731257627 0.8660253641838885
vn -0.4819679880968778 -0.8066780012410701 0.34201967891271956
vn -0.33018466428722254 -0.87977301004557 0.34201979221222173
vn -0.2691693977643396 -0.7171974979684163 0.6427873553633632
vn -0.2691693977643396 -0.7171974979684163 0.6427873553633632
vn -0.33018466428722254 -0.87977301004557 0.34201979221222173
vn -0.1367831523294081 -0.753733811066568 0.6427874542132082
vn -0.4819679880968778 -0.8066780012410701 0.34201967891271956
vn -0.2691693977643396 -0.7171974979684163 0.6427873553633632
vn -0.39290427869196154 -0.6576099346808341 0.6427872133098311
vn -0.6182604916385049 -0.7076557150705081 0.3420195219676244
vn -0.4819679880968778 -0.8066780012410701 0.34201967891271956
vn -0.39290427869196154 -0.6576099346808341 0.6427872133098311
vn -0.6182604916385049 -0.7076557150705081 0.3420195219676244
vn -0.39290427869196154 -0.6576099346808341 0.6427872133098311
vn -0.5040109806371034 -0.5768861831021145 0.6427871056135918
vn -0.7346816140998768 -0.5858887496265667 0.3420194423780879
vn -0.6182604916385049 -0.7076557150705081 0.3420195219676244
vn -0.5040109806371034 -0.5768861831021145 0.6427871056135918
vn -0.7346816140998768 -0.5858887496265667 0.3420194423780879
vn -0.5040109806371034 -0.5768861831021145 0.6427871056135918
vn -0.5989183025156029 -0.4776208867320079 0.6427870218580641
vn -0.827489451910118 -0.4452909020539607 0.34201932624555376
vn -0.7346816140998768 -0.5858887496265667 0.3420194423780879
vn -0.5989183025156029 -0.4776208867320079 0.6427870218580641
vn -0.827489451910118 -0.4452909020539607 0.34201932624555376
vn -0.5989183025156029 -0.4776208867320079 0.6427870218580641
vn -0.6745759806714755 -0.3630044439812887 0.6427869164435073
vn -0.893701131180649 -0.29038098294239234 0.3420192580423483
vn -0.827489451910118 -0.4452909020539607 0.34201932624555376
vn -0.6745759806714755 -0.3630044439812887 0.6427869164435073
vn -0.893701131180649 -0.29038098294239234 0.3420192580423483
vn -0.6745759806714755 -0.3630044439812887 0.6427869164435073
vn -0.7285521926218549 -0.2367207460689226 0.6427868939286645
vn -0.9311885257906753 -0.12613800195417726 0.3420192010674207
vn -0.893701131180649 -0.29038098294239234 0.3420192580423483
vn -0.7285521926218549 -0.2367207460689226 0.6427868939286645
vn -0.9311885257906753 -0.12613800195417726 0.3420192010674207
vn -0.7285521926218549 -0.2367207460689226 0.6427868939286645
vn -0.7591121873299915 -0.10282864530659627 0.6427868672829947
vn -0.9387467556447259 0.042159151523459025 0.3420192022523345
vn -0.9311885257906753 -0.12613800195417726 0.3420192010674207
vn -0.7591121873299915 -0.10282864530659627 0.6427868672829947
vn -0.9387467556447259 0.042159151523459025 0.3420192022523345
vn -0.7591121873299915 -0.10282864530659627 0.6427868672829947
vn -0.7652737057558667 0.03436845238226346 0.6427868735121551
vn -0.9161329101548104 0.2091012707782478 0.3420192238605894
vn -0.9387467556447259 0.042159151523459025 0.3420192022523345
vn -0.7652737057558667 0.03436845238226346 0.6427868735121551
vn -0.9161329101548104 0.2091012707782478 0.3420192238605894
vn -0.7652737057558667 0.03436845238226346 0.6427868735121551
vn -0.7468387213181227 0.17046093321352737 0.6427868967145215
vn -0.8640738050867652 0.36932271382393356 0.34201928661495634
vn -0.9161329101548104 0.2091012707782478 0.3420192238605894
vn -0.7468387213181227 0.17046093321352737 0.6427868967145215
vn -0.8640738050867652 0.36932271382393356 0.34201928661495634
vn -0.7468387213181227 0.17046093321352737 0.6427868967145215
vn -0.7043997645046675 0.3010746538497405 0.6427869200404034
vn -0.7842426713515471 0.517673838007527 0.34201934137406015
vn -0.8640738050867652 0.36932271382393356 0.34201928661495634
vn -0.7043997645046675 0.3010746538497405 0.6427869200404034
vn -0.7842426713515471 0.517673838007527 0.34201934137406015
vn -0.7043997645046675 0.3010746538497405 0.6427869200404034
vn -0.6393208494536354 0.4220115536347664 0.6427869787516333
vn -0.679205352296678 0.6493864600693733 0.3420194656596518
vn -0.7842426713515471 0.517673838007527 0.34201934137406015
vn -0.6393208494536354 0.4220115536347664 0.6427869787516333
vn -0.679205352296678 0.6493864600693733 0.3420194656596518
vn -0.6393208494536354 0.4220115536347664 0.6427869787516333
vn -0.5536935979331524 0.529384677790127 0.6427871051358169
vn -0.5523378048495958 0.7602272944332082 0.34201960489523664
vn -0.679205352296678 0.6493864600693733 0.3420194656596518
vn -0.5536935979331524 0.529384677790127 0.6427871051358169
vn -0.5523378048495958 0.7602272944332082 0.34201960489523664
vn -0.5536935979331524 0.529384677790127 0.6427871051358169
vn -0.45027026172674806 0.6197429845657844 0.6427871533299494
vn -0.407717678956414 0.8466338002000886 0.3420197401103491
vn -0.5523378048495958 0.7602272944332082 0.34201960489523664
vn -0.45027026172674806 0.6197429845657844 0.6427871533299494
vn -0.407717678956414 0.8466338002000886 0.3420197401103491
vn -0.45027026172674806 0.6197429845657844 0.6427871533299494
vn -0.3323748673310906 0.6901822018591315 0.6427872710341431
vn -0.24999320849402343 0.9058287863802296 0.3420198904622128
vn -0.407717678956414 0.8466338002000886 0.3420197401103491
vn -0.3323748673310906 0.6901822018591315 0.6427872710341431
vn -0.24999320849402343 0.9058287863802296 0.3420198904622128
vn -0.3323748673310906 0.6901822018591315 0.6427872710341431
vn -0.2037966898940669 0.7384383865117587 0.6427874131578277
vn -0.08423373880800102 0.9359096920949183 0.3420200659160522
vn -0.24999320849402343 0.9058287863802296 0.3420198904622128
vn -0.2037966898940669 0.7384383865117587 0.6427874131578277
vn -0.08423373880800102 0.9359096920949183 0.3420200659160522
vn -0.2037966898940669 0.7384383865117587 0.6427874131578277
vn -0.06866833042747592 0.7629605776337287 0.6427875367282024
vn 2.220446049250313e-16 1 2.2204460436442257e-22
vn 2.220446049250313e-16 1 2.2204460436442257e-22
vn -0.18374952660565758 0.9829730980409194 -1.8374952035470052e-7
vn -0.18374952660565758 0.9829730980409194 -1.8374952035470052e-7
vn 2.220446049250313e-16 1 2.2204460436442257e-22
vn -0.18374952660565758 0.9829730980409194 -1.8374952035470052e-7
vn -0.18374952660565758 0.9829730980409194 -1.8374952035470052e-7
vn -0.18374952660565758 0.9829730980409194 -1.8374952035470052e-7
vn -0.36124166830066456 0.932472228585507 -3.6124168884433087e-7
vn -0.36124166830066456 0.932472228585507 -3.6124168884433087e-7
vn -0.18374952660565758 0.9829730980409194 -1.8374952035470052e-7
vn -0.36124166830066456 0.932472228585507 -3.6124168884433087e-7
vn -0.36124166830066456 0.932472228585507 -3.6124168884433087e-7
vn -0.36124166830066456 0.932472228585507 -3.6124168884433087e-7
vn -0.5264321458550774 0.8502171462691996 -5.264321209567509e-7
vn -0.5264321458550774 0.8502171462691996 -5.264321209567509e-7
vn -0.36124166830066456 0.932472228585507 -3.6124168884433087e-7
vn -0.5264321458550774 0.8502171462691996 -5.264321209567509e-7
vn -0.5264321458550774 0.8502171462691996 -5.264321209567509e-7
vn -0.5264321458550774 0.8502171462691996 -5.264321209567509e-7
vn -0.6736956396776606 0.7390089208384792 -6.736956537457249e-7
vn -0.6736956396776606 0.7390089208384792 -6.736956537457249e-7
vn -0.5264321458550774 0.8502171462691996 -5.264321209567509e-7
vn -0.6736956396776606 0.7390089208384792 -6.736956537457249e-7
vn -0.6736956396776606 0.7390089208384792 -6.736956537457249e-7
vn -0.6736956396776606 0.7390089208384792 -6.736956537457249e-7
vn -0.798017203380299 0.6026346680273627 -7.980171967846435e-7
vn -0.798017203380299 0.6026346680273627 -7.980171967846435e-7
vn -0.6736956396776606 0.7390089208384792 -6.736956537457249e-7
vn -0.798017203380299 0.6026346680273627 -7.980171967846435e-7
vn -0.798017203380299 0.6026346680273627 -7.980171967846435e-7
vn -0.798017203380299 0.6026346680273627 -7.980171967846435e-7
vn -0.8951632848611246 0.4457383688172241 -8.951632693742491e-7
vn -0.8951632848611246 0.4457383688172241 -8.951632693742491e-7
vn -0.798017203380299 0.6026346680273627 -7.980171967846435e-7
vn -0.8951632848611246 0.4457383688172241 -8.951632693742491e-7
vn -0.8951632848611246 0.4457383688172241 -8.951632693742491e-7
vn -0.8951632848611246 0.4457383688172241 -8.951632693742491e-7
vn -0.9618256465930818 0.27366297804941575 -9.618256404521738e-7
vn -0.9618256465930818 0.27366297804941575 -9.618256404521738e-7
vn -0.8951632848611246 0.4457383688172241 -8.951632693742491e-7
vn -0.9618256465930818 0.27366297804941575 -9.618256404521738e-7
vn -0.9618256465930818 0.27366297804941575 -9.618256404521738e-7
vn -0.9618256465930818 0.27366297804941575 -9.618256404521738e-7
vn -0.9957341758227815 0.09226836455434888 -9.957341469081252e-7
vn -0.9957341758227815 0.09226836455434888 -9.957341469081252e-7
vn -0.9618256465930818 0.27366297804941575 -9.618256404521738e-7
vn -0.9957341758227815 0.09226836455434888 -9.957341469081252e-7
vn -0.9957341758227815 0.09226836455434888 -9.957341469081252e-7
vn -0.9957341758227815 0.09226836455434888 -9.957341469081252e-7
vn -0.9957341758227815 -0.09226836455434888 -9.957341469081252e-7
vn -0.9957341758227815 -0.09226836455434888 -9.957341469081252e-7
vn -0.9957341758227815 0.09226836455434888 -9.957341469081252e-7
vn -0.9957341758227815 -0.09226836455434888 -9.957341469081252e-7
vn -0.9957341758227815 -0.09226836455434888 -9.957341469081252e-7
vn -0.9957341758227815 -0.09226836455434888 -9.957341469081252e-7
vn -0.9618256465930818 -0.27366297804941575 -9.618256404521738e-7
vn -0.9618256465930818 -0.27366297804941575 -9.618256404521738e-7
vn -0.9957341758227815 -0.09226836455434888 -9.957341469081252e-7
vn -0.9618256465930818 -0.27366297804941575 -9.618256404521738e-7
vn -0.9618256465930818 -0.27366297804941575 -9.618256404521738e-7
vn -0.9618256465930818 -0.27366297804941575 -9.618256404521738e-7
vn -0.8951632848611246 -0.4457383688172241 -8.951632693742491e-7
vn -0.8951632848611246 -0.4457383688172241 -8.951632693742491e-7
vn -0.9618256465930818 -0.27366297804941575 -9.618256404521738e-7
vn -0.8951632848611246 -0.4457383688172241 -8.951632693742491e-7
vn -0.8951632848611246 -0.4457383688172241 -8.951632693742491e-7
vn -0.8951632848611246 -0.4457383688172241 -8.951632693742491e-7
vn -0.798017203380299 -0.6026346680273627 -7.980171967846435e-7
vn -0.798017203380299 -0.6026346680273627 -7.980171967846435e-7
vn -0.8951632848611246 -0.4457383688172241 -8.951632693742491e-7
vn -0.798017203380299 -0.6026346680273627 -7.980171967846435e-7
vn -0.798017203380299 -0.6026346680273627 -7.980171967846435e-7
vn -0.798017203380299 -0.6026346680273627 -7.980171967846435e-7
vn -0.6736956396776606 -0.7390089208384792 -6.736956537457249e-7
vn -0.6736956396776606 -0.7390089208384792 -6.736956537457249e-7
vn -0.798017203380299 -0.6026346680273627 -7.980171967846435e-7
vn -0.6736956396776606 -0.7390089208384792 -6.736956537457249e-7
vn -0.6736956396776606 -0.7390089208384792 -6.736956537457249e-7
vn -0.6736956396776606 -0.7390089208384792 -6.736956537457249e-7
vn -0.5264321458550774 -0.8502171462691996 -5.264321209567509e-7
vn -0.5264321458550774 -0.8502171462691996 -5.264321209567509e-7
vn -0.6736956396776606 -0.7390089208384792 -6.736956537457249e-7
vn -0.5264321458550774 -0.8502171462691996 -5.264321209567509e-7
vn -0.5264321458550774 -0.8502171462691996 -5.264321209567509e-7
vn -0.5264321458550774 -0.8502171462691996 -5.264321209567509e-7
vn -0.36124166830066456 -0.932472228585507 -3.6124168884433087e-7
vn -0.36124166830066456 -0.932472228585507 -3.6124168884433087e-7
vn -0.5264321458550774 -0.8502171462691996 -5.264321209567509e-7
vn -0.36124166830066456 -0.932472228585507 -3.6124168884433087e-7
vn -0.36124166830066456 -0.932472228585507 -3.6124168884433087e-7
vn -0.36124166830066456 -0.932472228585507 -3.6124168884433087e-7
vn -0.18374952660565758 -0.9829730980409194 -1.8374952035470052e-7
vn -0.18374952660565758 -0.9829730980409194 -1.8374952035470052e-7
vn -0.36124166830066456 -0.932472228585507 -3.6124168884433087e-7
vn -0.18374952660565758 -0.9829730980409194 -1.8374952035470052e-7
vn -0.18374952660565758 -0.9829730980409194 -1.8374952035470052e-7
vn -0.18374952660565758 -0.9829730980409194 -1.8374952035470052e-7
vn -2.220446049250313e-16 -1 -2.2204460436442257e-22
vn -2.220446049250313e-16 -1 -2.2204460436442257e-22
vn -0.18374952660565758 -0.9829730980409194 -1.8374952035470052e-7
vn -2.220446049250313e-16 -1 -2.2204460436442257e-22
vn 9.999999974747427e-7 -1.1102230218215578e-22 -0.9999999999995
vn 9.999999974747427e-7 -1.1102230218215578e-22 -0.9999999999995
vn 9.999999974747427e-7 -1.1102230218215578e-22 -0.9999999999995
vn 9.999999974747427e-7 -1.1102230218215578e-22 -0.9999999999995
vn 9.999999974747427e-7 -1.1102230218215578e-22 -0.9999999999995
vn 9.999999974747427e-7 -1.1102230218215578e-22 -0.9999999999995
vn 9.999999974747427e-7 -1.1102230218215578e-22 -0.9999999999995
vn 9.999999974747427e-7 -1.1102230218215578e-22 -0.9999999999995
vn 9.999999974747427e-7 -1.1102230218215578e-22 -0.9999999999995
vn 9.999999974747427e-7 -1.1102230218215578e-22 -0.9999999999995
vn 9.999999974747427e-7 -1.1102230218215578e-22 -0.9999999999995
vn 9.999999974747427e-7 -1.1102230218215578e-22 -0.9999999999995
vn 9.999999974747427e-7 -1.1102230218215578e-22 -0.9999999999995
vn 9.999999974747427e-7 -1.1102230218215578e-22 -0.9999999999995
vn 9.999999974747427e-7 -1.1102230218215578e-22 -0.9999999999995
vn 9.999999974747427e-7 -1.1102230218215578e-22 -0.9999999999995
vn 9.999999974747427e-7 -1.1102230218215578e-22 -0.9999999999995
vn 9.999999974747427e-7 -1.1102230218215578e-22 -0.9999999999995
vn 9.999999974747427e-7 -1.1102230218215578e-22 -0.9999999999995
vn 9.999999974747427e-7 -1.1102230218215578e-22 -0.9999999999995
vn 9.999999974747427e-7 -1.1102230218215578e-22 -0.9999999999995
vn 9.999999974747427e-7 -1.1102230218215578e-22 -0.9999999999995
vn 9.999999974747427e-7 -1.1102230218215578e-22 -0.9999999999995
vn 9.999999974747427e-7 -1.1102230218215578e-22 -0.9999999999995
vn 9.999999974747427e-7 -1.1102230218215578e-22 -0.9999999999995
vn 9.999999974747427e-7 -1.1102230218215578e-22 -0.9999999999995
vn 9.999999974747427e-7 -1.1102230218215578e-22 -0.9999999999995
vn 9.999999974747427e-7 -1.1102230218215578e-22 -0.9999999999995
vn 9.999999974747427e-7 -1.1102230218215578e-22 -0.9999999999995
vn 9.999999974747427e-7 -1.1102230218215578e-22 -0.9999999999995
vn 9.999999974747427e-7 -1.1102230218215578e-22 -0.9999999999995
vn 9.999999974747427e-7 -1.1102230218215578e-22 -0.9999999999995
vn 9.999999974747427e-7 -1.1102230218215578e-22 -0.9999999999995
vn 9.999999974747427e-7 -1.1102230218215578e-22 -0.9999999999995
vn 9.999999974747427e-7 -1.1102230218215578e-22 -0.9999999999995
vn 9.999999974747427e-7 -1.1102230218215578e-22 -0.9999999999995
vn 9.999999974747427e-7 -1.1102230218215578e-22 -0.9999999999995
vn 9.999999974747427e-7 -1.1102230218215578e-22 -0.9999999999995
vn 9.999999974747427e-7 -1.1102230218215578e-22 -0.9999999999995
vn 9.999999974747427e-7 -1.1102230218215578e-22 -0.9999999999995
vn 9.999999974747427e-7 -1.1102230218215578e-22 -0.9999999999995
vn 9.999999974747427e-7 -1.1102230218215578e-22 -0.9999999999995
vn 9.999999974747427e-7 -1.1102230218215578e-22 -0.9999999999995
vn 9.999999974747427e-7 -1.1102230218215578e-22 -0.9999999999995
vn 9.999999974747427e-7 -1.1102230218215578e-22 -0.9999999999995
vn 9.999999974747427e-7 -1.1102230218215578e-22 -0.9999999999995
vn 9.999999974747427e-7 -1.1102230218215578e-22 -0.9999999999995
vn 9.999999974747427e-7 -1.1102230218215578e-22 -0.9999999999995
vn 9.999999974747427e-7 -1.1102230218215578e-22 -0.9999999999995
vn 9.999999974747427e-7 -1.1102230218215578e-22 -0.9999999999995
vn 9.999999974747427e-7 -1.1102230218215578e-22 -0.9999999999995
vn 9.999999974747427e-7 -1.1102230218215578e-22 -0.9999999999995
vn 9.999999974747427e-7 -1.1102230218215578e-22 -0.9999999999995
vn 9.999999974747427e-7 -1.1102230218215578e-22 -0.9999999999995
vn 9.999999974747427e-7 -1.1102230218215578e-22 -0.9999999999995
vn 9.999999974747427e-7 -1.1102230218215578e-22 -0.9999999999995
vn 9.999999974747427e-7 -1.1102230218215578e-22 -0.9999999999995
vn 9.999999974747427e-7 -1.1102230218215578e-22 -0.9999999999995
vn 9.999999974747427e-7 -1.1102230218215578e-22 -0.9999999999995
vn 9.999999974747427e-7 -1.1102230218215578e-22 -0.9999999999995
vn 9.999999974747427e-7 -1.1102230218215578e-22 -0.9999999999995
vn 9.999999974747427e-7 -1.1102230218215578e-22 -0.9999999999995
vn 9.999999974747427e-7 -1.1102230218215578e-22 -0.9999999999995
vn 9.999999974747427e-7 -1.1102230218215578e-22 -0.9999999999995
vn 9.999999974747427e-7 -1.1102230218215578e-22 -0.9999999999995
vn 9.999999974747427e-7 -1.1102230218215578e-22 -0.9999999999995
vn 9.999999974747427e-7 -1.1102230218215578e-22 -0.9999999999995
vn 9.999999974747427e-7 -1.1102230218215578e-22 -0.9999999999995
vn 9.999999974747427e-7 -1.1102230218215578e-22 -0.9999999999995
vn 9.999999974747427e-7 -1.1102230218215578e-22 -0.9999999999995
vn 9.999999974747427e-7 -1.1102230218215578e-22 -0.9999999999995
vn 9.999999974747427e-7 -1.1102230218215578e-22 -0.9999999999995
vn 9.999999974747427e-7 -1.1102230218215578e-22 -0.9999999999995
vn 9.999999974747427e-7 -1.1102230218215578e-22 -0.9999999999995
vn 9.999999974747427e-7 -1.1102230218215578e-22 -0.9999999999995
vn 9.999999974747427e-7 -1.1102230218215578e-22 -0.9999999999995
vn 9.999999974747427e-7 -1.1102230218215578e-22 -0.9999999999995
vn 9.999999974747427e-7 -1.1102230218215578e-22 -0.9999999999995
vn 9.999999974747427e-7 -1.1102230218215578e-22 -0.9999999999995
vn 9.999999974747427e-7 -1.1102230218215578e-22 -0.9999999999995
vn 9.999999974747427e-7 -1.1102230218215578e-22 -0.9999999999995
vn 9.999999974747427e-7 -1.1102230218215578e-22 -0.9999999999995
vn 9.999999974747427e-7 -1.1102230218215578e-22 -0.9999999999995
vn 9.999999974747427e-7 -1.1102230218215578e-22 -0.9999999999995
vn 9.999999974747427e-7 -1.1102230218215578e-22 -0.9999999999995
vn 9.999999974747427e-7 -1.1102230218215578e-22 -0.9999999999995
vn 9.999999974747427e-7 -1.1102230218215578e-22 -0.9999999999995
vn 9.999999974747427e-7 -1.1102230218215578e-22 -0.9999999999995
vn 9.999999974747427e-7 -1.1102230218215578e-22 -0.9999999999995
vn 9.999999974747427e-7 -1.1102230218215578e-22 -0.9999999999995
vn 9.999999974747427e-7 -1.1102230218215578e-22 -0.9999999999995
vn 9.999999974747427e-7 -1.1102230218215578e-22 -0.9999999999995
vn 9.999999974747427e-7 -1.1102230218215578e-22 -0.9999999999995
vn 9.999999974747427e-7 -1.1102230218215578e-22 -0.9999999999995
vn 9.999999974747427e-7 -1.1102230218215578e-22 -0.9999999999995
vn 9.999999974747427e-7 -1.1102230218215578e-22 -0.9999999999995
f 1/1/1 2/2/2 3/3/3
f 4/4/4 5/5/5 6/6/6
f 7/7/7 8/8/8 9/9/9
f 10/10/10 11/11/11 12/12/12
f 13/13/13 14/14/14 15/15/15
f 16/16/16 17/17/17 18/18/18
f 19/19/19 20/20/20 21/21/21
f 22/22/22 23/23/23 24/24/24
f 25/25/25 26/26/26 27/27/27
f 28/28/28 29/29/29 30/30/30
f 31/31/31 32/32/32 33/33/33
f 34/34/34 35/35/35 36/36/36
f 37/37/37 38/38/38 39/39/39
f 40/40/40 41/41/41 42/42/42
f 43/43/43 44/44/44 45/45/45
f 46/46/46 47/47/47 48/48/48
f 49/49/49 50/50/50 51/51/51
f 52/52/52 53/53/53 54/54/54
f 55/55/55 56/56/56 57/57/57
f 58/58/58 59/59/59 60/60/60
f 61/61/61 62/62/62 63/63/63
f 64/64/64 65/65/65 66/66/66
f 67/67/67 68/68/68 69/69/69
f 70/70/70 71/71/71 72/72/72
f 73/73/73 74/74/74 75/75/75
f 76/76/76 77/77/77 78/78/78
f 79/79/79 80/80/80 81/81/81
f 82/82/82 83/83/83 84/84/84
f 85/85/85 86/86/86 87/87/87
f 88/88/88 89/89/89 90/90/90
f 91/91/91 92/92/92 93/93/93
f 94/94/94 95/95/95 96/96/96
f 97/97/97 98/98/98 99/99/99
f 100/100/100 101/101/101 102/102/102
f 103/103/103 104/104/104 105/105/105
f 106/106/106 107/107/107 108/108/108
f 109/109/109 110/110/110 111/111/111
f 112/112/112 113/113/113 114/114/114
f 115/115/115 116/116/116 117/117/117
f 118/118/118 119/119/119 120/120/120
f 121/121/121 122/122/122 123/123/123
f 124/124/124 125/125/125 126/126/126
f 127/127/127 128/128/128 129/129/129
f 130/130/130 131/131/131 132/132/132
f 133/133/133 134/134/134 135/135/135
f 136/136/136 137/137/137 138/138/138
f 139/139/139 140/140/140 141/141/141
f 142/142/142 143/143/143 144/144/144
f 145/145/145 146/146/146 147/147/147
f 148/148/148 149/149/149 150/150/150
f 151/151/151 152/152/152 153/153/153
f 154/154/154 155/155/155 156/156/156
f 157/157/157 158/158/158 159/159/159
f 160/160/160 161/161/161 162/162/162
f 163/163/163 164/164/164 165/165/165
f 166/166/166 167/167/167 168/168/168
f 169/169/169 170/170/170 171/171/171
f 172/172/172 173/173/173 174/174/174
f 175/175/175 176/176/176 177/177/177
f 178/178/178 179/179/179 180/180/180
f 181/181/181 182/182/182 183/183/183
f 184/184/184 185/185/185 186/186/186
f 187/187/187 188/188/188 189/189/189
f 190/190/190 191/191/191 192/192/192
f 193/193/193 194/194/194 195/195/195
f 196/196/196 197/197/197 198/198/198
f 199/199/199 200/200/200 201/201/201
f 202/202/202 203/203/203 204/204/204
f 205/205/205 206/206/206 207/207/207
f 208/208/208 209/209/209 210/210/210
f 211/211/211 212/212/212 213/213/213
f 214/214/214 215/215/215 216/216/216
f 217/217/217 218/218/218 219/219/219
f 220/220/220 221/221/221 222/222/222
f 223/223/223 224/224/224 225/225/225
f 226/226/226 227/227/227 228/228/228
f 229/229/229 230/230/230 231/231/231
f 232/232/232 233/233/233 234/234/234
f 235/235/235 236/236/236 237/237/237
f 238/238/238 239/239/239 240/240/240
f 241/241/241 242/242/242 243/243/243
f 244/244/244 245/245/245 246/246/246
f 247/247/247 248/248/248 249/249/249
f 250/250/250 251/251/251 252/252/252
f 253/253/253 254/254/254 255/255/255
f 256/256/256 257/257/257 258/258/258
f 259/259/259 260/260/260 261/261/261
f 262/262/262 263/263/263 264/264/264
f 265/265/265 266/266/266 267/267/267
f 268/268/268 269/269/269 270/270/270
f 271/271/271 272/272/272 273/273/273
f 274/274/274 275/275/275 276/276/276
f 277/277/277 278/278/278 279/279/279
f 280/280/280 281/281/281 282/282/282
f 283/283/283 284/284/284 285/285/285
f 286/286/286 287/287/287 288/288/288
f 289/289/289 290/290/290 291/291/291
f 292/292/292 293/293/293 294/294/294
f 295/295/295 296/296/296 297/297/297
f 298/298/298 299/299/299 300/300/300
f 301/301/301 302/302/302 303/303/303
f 304/304/304 305/305/305 306/306/306
f 307/307/307 308/308/308 309/309/309
f 310/310/310 311/311/311 312/312/312
f 313/313/313 314/314/314 315/315/315
f 316/316/316 317/317/317 318/318/318
f 319/319/319 320/320/320 321/321/321
f 322/322/322 323/323/323 324/324/324
f 325/325/325 326/326/326 327/327/327
f 328/328/328 329/329/329 330/330/330
f 331/331/331 332/332/332 333/333/333
f 334/334/334 335/335/335 336/336/336
f 337/337/337 338/338/338 339/339/339
f 340/340/340 341/341/341 342/342/342
f 343/343/343 344/344/344 345/345/345
f 346/346/346 347/347/347 348/348/348
f 349/349/349 350/350/350 351/351/351
f 352/352/352 353/353/353 354/354/354
f 355/355/355 356/356/356 357/357/357
f 358/358/358 359/359/359 360/360/360
f 361/361/361 362/362/362 363/363/363
f 364/364/364 365/365/365 366/366/366
f 367/367/367 368/368/368 369/369/369
f 370/370/370 371/371/371 372/372/372
f 373/373/373 374/374/374 375/375/375
f 376/376/376 377/377/377 378/378/378
f 379/379/379 380/380/380 381/381/381
f 382/382/382 383/383/383 384/384/384
f 385/385/385 386/386/386 387/387/387
f 388/388/388 389/389/389 390/390/390
f 391/391/391 392/392/392 393/393/393
f 394/394/394 395/395/395 396/396/396
f 397/397/397 398/398/398 399/399/399
f 400/400/400 401/401/401 402/402/402
f 403/403/403 404/404/404 405/405/405
f 406/406/406 407/407/407 408/408/408
f 409/409/409 410/410/410 411/411/411
f 412/412/412 413/413/413 414/414/414
f 415/415/415 416/416/416 417/417/417
f 418/418/418 419/419/419 420/420/420
f 421/421/421 422/422/422 423/423/423
f 424/424/424 425/425/425 426/426/426
f 427/427/427 428/428/428 429/429/429
f 430/430/430 431/431/431 432/432/432
f 433/433/433 434/434/434 435/435/435
f 436/436/436 437/437/437 438/438/438
f 439/439/439 440/440/440 441/441/441
f 442/442/442 443/443/443 444/444/444
f 445/445/445 446/446/446 447/447/447
f 448/448/448 449/449/449 450/450/450
f 451/451/451 452/452/452 453/453/453
f 454/454/454 455/455/455 456/456/456
f 457/457/457 458/458/458 459/459/459
f 460/460/460 461/461/461 462/462/462
f 463/463/463 464/464/464 465/465/465
f 466/466/466 467/467/467 468/468/468
f 469/469/469 470/470/470 471/471/471
f 472/472/472 473/473/473 474/474/474
f 475/475/475 476/476/476 477/477/477
f 478/478/478 479/479/479 480/480/480
f 481/481/481 482/482/482 483/483/483
f 484/484/484 485/485/485 486/486/486
f 487/487/487 488/488/488 489/489/489
f 490/490/490 491/491/491 492/492/492
f 493/493/493 494/494/494 495/495/495
f 496/496/496 497/497/497 498/498/498
f 499/499/499 500/500/500 501/501/501
f 502/502/502 503/503/503 504/504/504
f 505/505/505 506/506/506 507/507/507
f 508/508/508 509/509/509 510/510/510
f 511/511/511 512/512/512 513/513/513
f 514/514/514 515/515/515 516/516/516
f 517/517/517 518/518/518 519/519/519
f 520/520/520 521/521/521 522/522/522
f 523/523/523 524/524/524 525/525/525
f 526/526/526 527/527/527 528/528/528
f 529/529/529 530/530/530 531/531/531
f 532/532/532 533/533/533 534/534/534
f 535/535/535 536/536/536 537/537/537
f 538/538/538 539/539/539 540/540/540
f 541/541/541 542/542/542 543/543/543
f 544/544/544 545/545/545 546/546/546
f 547/547/547 548/548/548 549/549/549
f 550/550/550 551/551/551 552/552/552
f 553/553/553 554/554/554 555/555/555
f 556/556/556 557/557/557 558/558/558
f 559/559/559 560/560/560 561/561/561
f 562/562/562 563/563/563 564/564/564
f 565/565/565 566/566/566 567/567/567
f 568/568/568 569/569/569 570/570/570
f 571/571/571 572/572/572 573/573/573
f 574/574/574 575/575/575 576/576/576
f 577/577/577 578/578/578 579/579/579
f 580/580/580 581/581/581 582/582/582
f 583/583/583 584/584/584 585/585/585
f 586/586/586 587/587/587 588/588/588
f 589/589/589 590/590/590 591/591/591
f 592/592/592 593/593/593 594/594/594
f 595/595/595 596/596/596 597/597/597
f 598/598/598 599/599/599 600/600/600
f 601/601/601 602/602/602 603/603/603
f 604/604/604 605/605/605 606/606/606
f 607/607/607 608/608/608 609/609/609
f 610/610/610 611/611/611 612/612/612
f 613/613/613 614/614/614 615/615/615
f 616/616/616 617/617/617 618/618/618
f 619/619/619 620/620/620 621/621/621
f 622/622/622 623/623/623 624/624/624
f 625/625/625 626/626/626 627/627/627
f 628/628/628 629/629/629 630/630/630
f 631/631/631 632/632/632 633/633/633
f 634/634/634 635/635/635 636/636/636
f 637/637/637 638/638/638 639/639/639
f 640/640/640 641/641/641 642/642/642
f 643/643/643 644/644/644 645/645/645
f 646/646/646 647/647/647 648/648/648
f 649/649/649 650/650/650 651/651/651
f 652/652/652 653/653/653 654/654/654
f 655/655/655 656/656/656 657/657/657
f 658/658/658 659/659/659 660/660/660
f 661/661/661 662/662/662 663/663/663
f 664/664/664 665/665/665 666/666/666
f 667/667/667 668/668/668 669/669/669
f 670/670/670 671/671/671 672/672/672
f 673/673/673 674/674/674 675/675/675
f 676/676/676 677/677/677 678/678/678
f 679/679/679 680/680/680 681/681/681
f 682/682/682 683/683/683 684/684/684
f 685/685/685 686/686/686 687/687/687
f 688/688/688 689/689/689 690/690/690
f 691/691/691 692/692/692 693/693/693
f 694/694/694 695/695/695 696/696/696
f 697/697/697 698/698/698 699/699/699
f 700/700/700 701/701/701 702/702/702
f 703/703/703 704/704/704 705/705/705
f 706/706/706 707/707/707 708/708/708
f 709/709/709 710/710/710 711/711/711
f 712/712/712 713/713/713 714/714/714
f 715/715/715 716/716/716 717/717/717
f 718/718/718 719/719/719 720/720/720
f 721/721/721 722/722/722 723/723/723
f 724/724/724 725/725/725 726/726/726
f 727/727/727 728/728/728 729/729/729
f 730/730/730 731/731/731 732/732/732
f 733/733/733 734/734/734 735/735/735
f 736/736/736 737/737/737 738/738/738
f 739/739/739 740/740/740 741/741/741
f 742/742/742 743/743/743 744/744/744
f 745/745/745 746/746/746 747/747/747
f 748/748/748 749/749/749 750/750/750
f 751/751/751 752/752/752 753/753/753
f 754/754/754 755/755/755 756/756/756
f 757/757/757 758/758/758 759/759/759
f 760/760/760 761/761/761 762/762/762
f 763/763/763 764/764/764 765/765/765
f 766/766/766 767/767/767 768/768/768
f 769/769/769 770/770/770 771/771/771
f 772/772/772 773/773/773 774/774/774
f 775/775/775 776/776/776 777/777/777
f 778/778/778 779/779/779 780/780/780
f 781/781/781 782/782/782 783/783/783
f 784/784/784 785/785/785 786/786/786
f 787/787/787 788/788/788 789/789/789
f 790/790/790 791/791/791 792/792/792
f 793/793/793 794/794/794 795/795/795
f 796/796/796 797/797/797 798/798/798
f 799/799/799 800/800/800 801/801/801
f 802/802/802 803/803/803 804/804/804
f 805/805/805 806/806/806 807/807/807
f 808/808/808 809/809/809 810/810/810
f 811/811/811 812/812/812 813/813/813
f 814/814/814 815/815/815 816/816/816
f 817/817/817 818/818/818 819/819/819
f 820/820/820 821/821/821 822/822/822
f 823/823/823 824/824/824 825/825/825
f 826/826/826 827/827/827 828/828/828
f 829/829/829 830/830/830 831/831/831
f 832/832/832 833/833/833 834/834/834
f 835/835/835 836/836/836 837/837/837
f 838/838/838 839/839/839 840/840/840
f 841/841/841 842/842/842 843/843/843
f 844/844/844 845/845/845 846/846/846
f 847/847/847 848/848/848 849/849/849
f 850/850/850 851/851/851 852/852/852
f 853/853/853 854/854/854 855/855/855
f 856/856/856 857/857/857 858/858/858
f 859/859/859 860/860/860 861/861/861
f 862/862/862 863/863/863 864/864/864
f 865/865/865 866/866/866 867/867/867
f 868/868/868 869/869/869 870/870/870
f 871/871/871 872/872/872 873/873/873
f 874/874/874 875/875/875 876/876/876
f 877/877/877 878/878/878 879/879/879
f 880/880/880 881/881/881 882/882/882
f 883/883/883 884/884/884 885/885/885
f 886/886/886 887/887/887 888/888/888
f 889/889/889 890/890/890 891/891/891
f 892/892/892 893/893/893 894/894/894
f 895/895/895 896/896/896 897/897/897
f 898/898/898 899/899/899 900/900/900
f 901/901/901 902/902/902 903/903/903
f 904/904/904 905/905/905 906/906/906
f 907/907/907 908/908/908 909/909/909
f 910/910/910 911/911/911 912/912/912
f 913/913/913 914/914/914 915/915/915
f 916/916/916 917/917/917 918/918/918
f 919/919/919 920/920/920 921/921/921
f 922/922/922 923/923/923 924/924/924
f 925/925/925 926/926/926 927/927/927
f 928/928/928 929/929/929 930/930/930
f 931/931/931 932/932/932 933/933/933
f 934/934/934 935/935/935 936/936/936
f 937/937/937 938/938/938 939/939/939
f 940/940/940 941/941/941 942/942/942
f 943/943/943 944/944/944 945/945/945
f 946/946/946 947/947/947 948/948/948
f 949/949/949 950/950/950 951/951/951
f 952/952/952 953/953/953 954/954/954
f 955/955/955 956/956/956 957/957/957
f 958/958/958 959/959/959 960/960/960
f 961/961/961 962/962/962 963/963/963
f 964/964/964 965/965/965 966/966/966
f 967/967/967 968/968/968 969/969/969
f 970/970/970 971/971/971 972/972/972
f 973/973/973 974/974/974 975/975/975
f 976/976/976 977/977/977 978/978/978
f 979/979/979 980/980/980 981/981/981
f 982/982/982 983/983/983 984/984/984
f 985/985/985 986/986/986 987/987/987
f 988/988/988 989/989/989 990/990/990
f 991/991/991 992/992/992 993/993/993
f 994/994/994 995/995/995 996/996/996
f 997/997/997 998/998/998 999/999/999
f 1000/1000/1000 1001/1001/1001 1002/1002/1002
f 1003/1003/1003 1004/1004/1004 1005/1005/1005
f 1006/1006/1006 1007/1007/1007 1008/1008/1008
f 1009/1009/1009 1010/1010/1010 1011/1011/1011
f 1012/1012/1012 1013/1013/1013 1014/1014/1014
f 1015/1015/1015 1016/1016/1016 1017/1017/1017
f 1018/1018/1018 1019/1019/1019 1020/1020/1020
f 1021/1021/1021 1022/1022/1022 1023/1023/1023
f 1024/1024/1024 1025/1025/1025 1026/1026/1026
f 1027/1027/1027 1028/1028/1028 1029/1029/1029
f 1030/1030/1030 1031/1031/1031 1032/1032/1032
f 1033/1033/1033 1034/1034/1034 1035/1035/1035
f 1036/1036/1036 1037/1037/1037 1038/1038/1038
f 1039/1039/1039 1040/1040/1040 1041/1041/1041
f 1042/1042/1042 1043/1043/1043 1044/1044/1044
f 1045/1045/1045 1046/1046/1046 1047/1047/1047
f 1048/1048/1048 1049/1049/1049 1050/1050/1050
f 1051/1051/1051 1052/1052/1052 1053/1053/1053
f 1054/1054/1054 1055/1055/1055 1056/1056/1056
f 1057/1057/1057 1058/1058/1058 1059/1059/1059
f 1060/1060/1060 1061/1061/1061 1062/1062/1062
f 1063/1063/1063 1064/1064/1064 1065/1065/1065
f 1066/1066/1066 1067/1067/1067 1068/1068/1068
f 1069/1069/1069 1070/1070/1070 1071/1071/1071
f 1072/1072/1072 1073/1073/1073 1074/1074/1074
f 1075/1075/1075 1076/1076/1076 1077/1077/1077
f 1078/1078/1078 1079/1079/1079 1080/1080/1080
f 1081/1081/1081 1082/1082/1082 1083/1083/1083
f 1084/1084/1084 1085/1085/1085 1086/1086/1086
f 1087/1087/1087 1088/1088/1088 1089/1089/1089
f 1090/1090/1090 1091/1091/1091 1092/1092/1092
f 1093/1093/1093 1094/1094/1094 1095/1095/1095
f 1096/1096/1096 1097/1097/1097 1098/1098/1098
f 1099/1099/1099 1100/1100/1100 1101/1101/1101
f 1102/1102/1102 1103/1103/1103 1104/1104/1104
f 1105/1105/1105 1106/1106/1106 1107/1107/1107
f 1108/1108/1108 1109/1109/1109 1110/1110/1110
f 1111/1111/1111 1112/1112/1112 1113/1113/1113
f 1114/1114/1114 1115/1115/1115 1116/1116/1116
f 1117/1117/1117 1118/1118/1118 1119/1119/1119
f 1120/1120/1120 1121/1121/1121 1122/1122/1122
f 1123/1123/1123 1124/1124/1124 1125/1125/1125
f 1126/1126/1126 1127/1127/1127 1128/1128/1128
f 1129/1129/1129 1130/1130/1130 1131/1131/1131
f 1132/1132/1132 1133/1133/1133 1134/1134/1134
f 1135/1135/1135 1136/1136/1136 1137/1137/1137
f 1138/1138/1138 1139/1139/1139 1140/1140/1140
f 1141/1141/1141 1142/1142/1142 1143/1143/1143
f 1144/1144/1144 1145/1145/1145 1146/1146/1146
f 1147/1147/1147 1148/1148/1148 1149/1149/1149
f 1150/1150/1150 1151/1151/1151 1152/1152/1152
f 1153/1153/1153 1154/1154/1154 1155/1155/1155
f 1156/1156/1156 1157/1157/1157 1158/1158/1158
f 1159/1159/1159 1160/1160/1160 1161/1161/1161
f 1162/1162/1162 1163/1163/1163 1164/1164/1164
f 1165/1165/1165 1166/1166/1166 1167/1167/1167
f 1168/1168/1168 1169/1169/1169 1170/1170/1170
f 1171/1171/1171 1172/1172/1172 1173/1173/1173
f 1174/1174/1174 1175/1175/1175 1176/1176/1176
f 1177/1177/1177 1178/1178/1178 1179/1179/1179
f 1180/1180/1180 1181/1181/1181 1182/1182/1182
f 1183/1183/1183 1184/1184/1184 1185/1185/1185
f 1186/1186/1186 1187/1187/1187 1188/1188/1188
f 1189/1189/1189 1190/1190/1190 1191/1191/1191
f 1192/1192/1192 1193/1193/1193 1194/1194/1194
f 1195/1195/1195 1196/1196/1196 1197/1197/1197
f 1198/1198/1198 1199/1199/1199 1200/1200/1200
f 1201/1201/1201 1202/1202/1202 1203/1203/1203
f 1204/1204/1204 1205/1205/1205 1206/1206/1206
f 1207/1207/1207 1208/1208/1208 1209/1209/1209
f 1210/1210/1210 1211/1211/1211 1212/1212/1212
f 1213/1213/1213 1214/1214/1214 1215/1215/1215
f 1216/1216/1216 1217/1217/1217 1218/1218/1218
f 1219/1219/1219 1220/1220/1220 1221/1221/1221
f 1222/1222/1222 1223/1223/1223 1224/1224/1224
f 1225/1225/1225 1226/1226/1226 1227/1227/1227
f 1228/1228/1228 1229/1229/1229 1230/1230/1230
f 1231/1231/1231 1232/1232/1232 1233/1233/1233
f 1234/1234/1234 1235/1235/1235 1236/1236/1236
f 1237/1237/1237 1238/1238/1238 1239/1239/1239
f 1240/1240/1240 1241/1241/1241 1242/1242/1242
f 1243/1243/1243 1244/1244/1244 1245/1245/1245
f 1246/1246/1246 1247/1247/1247 1248/1248/1248
f 1249/1249/1249 1250/1250/1250 1251/1251/1251
f 1252/1252/1252 1253/1253/1253 1254/1254/1254
f 1255/1255/1255 1256/1256/1256 1257/1257/1257
f 1258/1258/1258 1259/1259/1259 1260/1260/1260
f 1261/1261/1261 1262/1262/1262 1263/1263/1263
f 1264/1264/1264 1265/1265/1265 1266/1266/1266
f 1267/1267/1267 1268/1268/1268 1269/1269/1269
f 1270/1270/1270 1271/1271/1271 1272/1272/1272
f 1273/1273/1273 1274/1274/1274 1275/1275/1275
f 1276/1276/1276 1277/1277/1277 1278/1278/1278
f 1279/1279/1279 1280/1280/1280 1281/1281/1281
f 1282/1282/1282 1283/1283/1283 1284/1284/1284
f 1285/1285/1285 1286/1286/1286 1287/1287/1287
f 1288/1288/1288 1289/1289/1289 1290/1290/1290
f 1291/1291/1291 1292/1292/1292 1293/1293/1293
f 1294/1294/1294 1295/1295/1295 1296/1296/1296
f 1297/1297/1297 1298/1298/1298 1299/1299/1299
f 1300/1300/1300 1301/1301/1301 1302/1302/1302
f 1303/1303/1303 1304/1304/1304 1305/1305/1305
f 1306/1306/1306 1307/1307/1307 1308/1308/1308
f 1309/1309/1309 1310/1310/1310 1311/1311/1311
f 1312/1312/1312 1313/1313/1313 1314/1314/1314
f 1315/1315/1315 1316/1316/1316 1317/1317/1317
f 1318/1318/1318 1319/1319/1319 1320/1320/1320
f 1321/1321/1321 1322/1322/1322 1323/1323/1323
f 1324/1324/1324 1325/1325/1325 1326/1326/1326
f 1327/1327/1327 1328/1328/1328 1329/1329/1329
f 1330/1330/1330 1331/1331/1331 1332/1332/1332
f 1333/1333/1333 1334/1334/1334 1335/1335/1335
f 1336/1336/1336 1337/1337/1337 1338/1338/1338
f 1339/1339/1339 1340/1340/1340 1341/1341/1341
f 1342/1342/1342 1343/1343/1343 1344/1344/1344
f 1345/1345/1345 1346/1346/1346 1347/1347/1347
f 1348/1348/1348 1349/1349/1349 1350/1350/1350
f 1351/1351/1351 1352/1352/1352 1353/1353/1353
f 1354/1354/1354 1355/1355/1355 1356/1356/1356
f 1357/1357/1357 1358/1358/1358 1359/1359/1359
f 1360/1360/1360 1361/1361/1361 1362/1362/1362
f 1363/1363/1363 1364/1364/1364 1365/1365/1365
f 1366/1366/1366 1367/1367/1367 1368/1368/1368
f 1369/1369/1369 1370/1370/1370 1371/1371/1371
f 1372/1372/1372 1373/1373/1373 1374/1374/1374
f 1375/1375/1375 1376/1376/1376 1377/1377/1377
f 1378/1378/1378 1379/1379/1379 1380/1380/1380
f 1381/1381/1381 1382/1382/1382 1383/1383/1383
f 1384/1384/1384 1385/1385/1385 1386/1386/1386
f 1387/1387/1387 1388/1388/1388 1389/1389/1389
f 1390/1390/1390 1391/1391/1391 1392/1392/1392
f 1393/1393/1393 1394/1394/1394 1395/1395/1395
f 1396/1396/1396 1397/1397/1397 1398/1398/1398
f 1399/1399/1399 1400/1400/1400 1401/1401/1401
f 1402/1402/1402 1403/1403/1403 1404/1404/1404
f 1405/1405/1405 1406/1406/1406 1407/1407/1407
f 1408/1408/1408 1409/1409/1409 1410/1410/1410
f 1411/1411/1411 1412/1412/1412 1413/1413/1413
f 1414/1414/1414 1415/1415/1415 1416/1416/1416
f 1417/1417/1417 1418/1418/1418 1419/1419/1419
f 1420/1420/1420 1421/1421/1421 1422/1422/1422
f 1423/1423/1423 1424/1424/1424 1425/1425/1425
f 1426/1426/1426 1427/1427/1427 1428/1428/1428
f 1429/1429/1429 1430/1430/1430 1431/1431/1431
f 1432/1432/1432 1433/1433/1433 1434/1434/1434
f 1435/1435/1435 1436/1436/1436 1437/1437/1437
f 1438/1438/1438 1439/1439/1439 1440/1440/1440
f 1441/1441/1441 1442/1442/1442 1443/1443/1443
f 1444/1444/1444 1445/1445/1445 1446/1446/1446
f 1447/1447/1447 1448/1448/1448 1449/1449/1449
f 1450/1450/1450 1451/1451/1451 1452/1452/1452
f 1453/1453/1453 1454/1454/1454 1455/1455/1455
f 1456/1456/1456 1457/1457/1457 1458/1458/1458
f 1459/1459/1459 1460/1460/1460 1461/1461/1461
f 1462/1462/1462 1463/1463/1463 1464/1464/1464
f 1465/1465/1465 1466/1466/1466 1467/1467/1467
f 1468/1468/1468 1469/1469/1469 1470/1470/1470
f 1471/1471/1471 1472/1472/1472 1473/1473/1473
f 1474/1474/1474 1475/1475/1475 1476/1476/1476
f 1477/1477/1477 1478/1478/1478 1479/1479/1479
f 1480/1480/1480 1481/1481/1481 1482/1482/1482
f 1483/1483/1483 1484/1484/1484 1485/1485/1485
f 1486/1486/1486 1487/1487/1487 1488/1488/1488
f 1489/1489/1489 1490/1490/1490 1491/1491/1491
f 1492/1492/1492 1493/1493/1493 1494/1494/1494
f 1495/1495/1495 1496/1496/1496 1497/1497/1497
f 1498/1498/1498 1499/1499/1499 1500/1500/1500
f 1501/1501/1501 1502/1502/1502 1503/1503/1503
f 1504/1504/1504 1505/1505/1505 1506/1506/1506
f 1507/1507/1507 1508/1508/1508 1509/1509/1509
f 1510/1510/1510 1511/1511/1511 1512/1512/1512
f 1513/1513/1513 1514/1514/1514 1515/1515/1515
f 1516/1516/1516 1517/1517/1517 1518/1518/1518
f 1519/1519/1519 1520/1520/1520 1521/1521/1521
f 1522/1522/1522 1523/1523/1523 1524/1524/1524
f 1525/1525/1525 1526/1526/1526 1527/1527/1527
f 1528/1528/1528 1529/1529/1529 1530/1530/1530
f 1531/1531/1531 1532/1532/1532 1533/1533/1533
f 1534/1534/1534 1535/1535/1535 1536/1536/1536
f 1537/1537/1537 1538/1538/1538 1539/1539/1539
f 1540/1540/1540 1541/1541/1541 1542/1542/1542
f 1543/1543/1543 1544/1544/1544 1545/1545/1545
f 1546/1546/1546 1547/1547/1547 1548/1548/1548
f 1549/1549/1549 1550/1550/1550 1551/1551/1551
f 1552/1552/1552 1553/1553/1553 1554/1554/1554
f 1555/1555/1555 1556/1556/1556 1557/1557/1557
f 1558/1558/1558 1559/1559/1559 1560/1560/1560
f 1561/1561/1561 1562/1562/1562 1563/1563/1563
f 1564/1564/1564 1565/1565/1565 1566/1566/1566
f 1567/1567/1567 1568/1568/1568 1569/1569/1569
f 1570/1570/1570 1571/1571/1571 1572/1572/1572
f 1573/1573/1573 1574/1574/1574 1575/1575/1575
f 1576/1576/1576 1577/1577/1577 1578/1578/1578
f 1579/1579/1579 1580/1580/1580 1581/1581/1581
f 1582/1582/1582 1583/1583/1583 1584/1584/1584
f 1585/1585/1585 1586/1586/1586 1587/1587/1587
f 1588/1588/1588 1589/1589/1589 1590/1590/1590
f 1591/1591/1591 1592/1592/1592 1593/1593/1593
f 1594/1594/1594 1595/1595/1595 1596/1596/1596
f 1597/1597/1597 1598/1598/1598 1599/1599/1599
f 1600/1600/1600 1601/1601/1601 1602/1602/1602
f 1603/1603/1603 1604/1604/1604 1605/1605/1605
f 1606/1606/1606 1607/1607/1607 1608/1608/1608
f 1609/1609/1609 1610/1610/1610 1611/1611/1611
f 1612/1612/1612 1613/1613/1613 1614/1614/1614
f 1615/1615/1615 1616/1616/1616 1617/1617/1617
f 1618/1618/1618 1619/1619/1619 1620/1620/1620
f 1621/1621/1621 1622/1622/1622 1623/1623/1623
f 1624/1624/1624 1625/1625/1625 1626/1626/1626
f 1627/1627/1627 1628/1628/1628 1629/1629/1629
f 1630/1630/1630 1631/1631/1631 1632/1632/1632
f 1633/1633/1633 1634/1634/1634 1635/1635/1635
f 1636/1636/1636 1637/1637/1637 1638/1638/1638
f 1639/1639/1639 1640/1640/1640 1641/1641/1641
f 1642/1642/1642 1643/1643/1643 1644/1644/1644
f 1645/1645/1645 1646/1646/1646 1647/1647/1647
f 1648/1648/1648 1649/1649/1649 1650/1650/1650
f 1651/1651/1651 1652/1652/1652 1653/1653/1653
f 1654/1654/1654 1655/1655/1655 1656/1656/1656
f 1657/1657/1657 1658/1658/1658 1659/1659/1659
f 1660/1660/1660 1661/1661/1661 1662/1662/1662
f 1663/1663/1663 1664/1664/1664 1665/1665/1665
f 1666/1666/1666 1667/1667/1667 1668/1668/1668
f 1669/1669/1669 1670/1670/1670 1671/1671/1671
f 1672/1672/1672 1673/1673/1673 1674/1674/1674
f 1675/1675/1675 1676/1676/1676 1677/1677/1677
f 1678/1678/1678 1679/1679/1679 1680/1680/1680
f 1681/1681/1681 1682/1682/1682 1683/1683/1683
f 1684/1684/1684 1685/1685/1685 1686/1686/1686
f 1687/1687/1687 1688/1688/1688 1689/1689/1689
f 1690/1690/1690 1691/1691/1691 1692/1692/1692
f 1693/1693/1693 1694/1694/1694 1695/1695/1695
f 1696/1696/1696 1697/1697/1697 1698/1698/1698
f 1699/1699/1699 1700/1700/1700 1701/1701/1701
f 1702/1702/1702 1703/1703/1703 1704/1704/1704
f 1705/1705/1705 1706/1706/1706 1707/1707/1707
f 1708/1708/1708 1709/1709/1709 1710/1710/1710
f 1711/1711/1711 1712/1712/1712 1713/1713/1713
f 1714/1714/1714 1715/1715/1715 1716/1716/1716
f 1717/1717/1717 1718/1718/1718 1719/1719/1719
f 1720/1720/1720 1721/1721/1721 1722/1722/1722
f 1723/1723/1723 1724/1724/1724 1725/1725/1725
f 1726/1726/1726 1727/1727/1727 1728/1728/1728
f 1729/1729/1729 1730/1730/1730 1731/1731/1731
f 1732/1732/1732 1733/1733/1733 1734/1734/1734
f 1735/1735/1735 1736/1736/1736 1737/1737/1737
f 1738/1738/1738 1739/1739/1739 1740/1740/1740
f 1741/1741/1741 1742/1742/1742 1743/1743/1743
f 1744/1744/1744 1745/1745/1745 1746/1746/1746
f 1747/1747/1747 1748/1748/1748 1749/1749/1749
f 1750/1750/1750 1751/1751/1751 1752/1752/1752
f 1753/1753/1753 1754/1754/1754 1755/1755/1755
f 1756/1756/1756 1757/1757/1757 1758/1758/1758
f 1759/1759/1759 1760/1760/1760 1761/1761/1761
f 1762/1762/1762 1763/1763/1763 1764/1764/1764
f 1765/1765/1765 1766/1766/1766 1767/1767/1767
f 1768/1768/1768 1769/1769/1769 1770/1770/1770
f 1771/1771/1771 1772/1772/1772 1773/1773/1773
f 1774/1774/1774 1775/1775/1775 1776/1776/1776
f 1777/1777/1777 1778/1778/1778 1779/1779/1779
f 1780/1780/1780 1781/1781/1781 1782/1782/1782
f 1783/1783/1783 1784/1784/1784 1785/1785/1785
f 1786/1786/1786 1787/1787/1787 1788/1788/1788
f 1789/1789/1789 1790/1790/1790 1791/1791/1791
f 1792/1792/1792 1793/1793/1793 1794/1794/1794
f 1795/1795/1795 1796/1796/1796 1797/1797/1797
f 1798/1798/1798 1799/1799/1799 1800/1800/1800
f 1801/1801/1801 1802/1802/1802 1803/1803/1803
f 1804/1804/1804 1805/1805/1805 1806/1806/1806
f 1807/1807/1807 1808/1808/1808 1809/1809/1809
f 1810/1810/1810 1811/1811/1811 1812/1812/1812
f 1813/1813/1813 1814/1814/1814 1815/1815/1815
f 1816/1816/1816 1817/1817/1817 1818/1818/1818
f 1819/1819/1819 1820/1820/1820 1821/1821/1821
f 1822/1822/1822 1823/1823/1823 1824/1824/1824
f 1825/1825/1825 1826/1826/1826 1827/1827/1827
f 1828/1828/1828 1829/1829/1829 1830/1830/1830
f 1831/1831/1831 1832/1832/1832 1833/1833/1833
f 1834/1834/1834 1835/1835/1835 1836/1836/1836
f 1837/1837/1837 1838/1838/1838 1839/1839/1839
f 1840/1840/1840 1841/1841/1841 1842/1842/1842
f 1843/1843/1843 1844/1844/1844 1845/1845/1845
f 1846/1846/1846 1847/1847/1847 1848/1848/1848
f 1849/1849/1849 1850/1850/1850 1851/1851/1851
f 1852/1852/1852 1853/1853/1853 1854/1854/1854
f 1855/1855/1855 1856/1856/1856 1857/1857/1857
f 1858/1858/1858 1859/1859/1859 1860/1860/1860
f 1861/1861/1861 1862/1862/1862 1863/1863/1863
f 1864/1864/1864 1865/1865/1865 1866/1866/1866
f 1867/1867/1867 1868/1868/1868 1869/1869/1869
f 1870/1870/1870 1871/1871/1871 1872/1872/1872
f 1873/1873/1873 1874/1874/1874 1875/1875/1875
f 1876/1876/1876 1877/1877/1877 1878/1878/1878
f 1879/1879/1879 1880/1880/1880 1881/1881/1881
f 1882/1882/1882 1883/1883/1883 1884/1884/1884
f 1885/1885/1885 1886/1886/1886 1887/1887/1887
f 1888/1888/1888 1889/1889/1889 1890/1890/1890
f 1891/1891/1891 1892/1892/1892 1893/1893/1893
f 1894/1894/1894 1895/1895/1895 1896/1896/1896
f 1897/1897/1897 1898/1898/1898 1899/1899/1899
f 1900/1900/1900 1901/1901/1901 1902/1902/1902
f 1903/1903/1903 1904/1904/1904 1905/1905/1905
f 1906/1906/1906 1907/1907/1907 1908/1908/1908
f 1909/1909/1909 1910/1910/1910 1911/1911/1911
f 1912/1912/1912 1913/1913/1913 1914/1914/1914
f 1915/1915/1915 1916/1916/1916 1917/1917/1917
f 1918/1918/1918 1919/1919/1919 1920/1920/1920
f 1921/1921/1921 1922/1922/1922 1923/1923/1923
f 1924/1924/1924 1925/1925/1925 1926/1926/1926
f 1927/1927/1927 1928/1928/1928 1929/1929/1929
f 1930/1930/1930 1931/1931/1931 1932/1932/1932
f 1933/1933/1933 1934/1934/1934 1935/1935/1935
f 1936/1936/1936 1937/1937/1937 1938/1938/1938
f 1939/1939/1939 1940/1940/1940 1941/1941/1941
f 1942/1942/1942 1943/1943/1943 1944/1944/1944
f 1945/1945/1945 1946/1946/1946 1947/1947/1947
f 1948/1948/1948 1949/1949/1949 1950/1950/1950
f 1951/1951/1951 1952/1952/1952 1953/1953/1953
f 1954/1954/1954 1955/1955/1955 1956/1956/1956
f 1957/1957/1957 1958/1958/1958 1959/1959/1959
f 1960/1960/1960 1961/1961/1961 1962/1962/1962
f 1963/1963/1963 1964/1964/1964 1965/1965/1965
f 1966/1966/1966 1967/1967/1967 1968/1968/1968
f 1969/1969/1969 1970/1970/1970 1971/1971/1971
f 1972/1972/1972 1973/1973/1973 1974/1974/1974
f 1975/1975/1975 1976/1976/1976 1977/1977/1977
f 1978/1978/1978 1979/1979/1979 1980/1980/1980
f 1981/1981/1981 1982/1982/1982 1983/1983/1983
f 1984/1984/1984 1985/1985/1985 1986/1986/1986
f 1987/1987/1987 1988/1988/1988 1989/1989/1989
f 1990/1990/1990 1991/1991/1991 1992/1992/1992
f 1993/1993/1993 1994/1994/1994 1995/1995/1995
f 1996/1996/1996 1997/1997/1997 1998/1998/1998
f 1999/1999/1999 2000/2000/2000 2001/2001/2001
f 2002/2002/2002 2003/2003/2003 2004/2004/2004
f 2005/2005/2005 2006/2006/2006 2007/2007/2007
f 2008/2008/2008 2009/2009/2009 2010/2010/2010
f 2011/2011/2011 2012/2012/2012 2013/2013/2013
f 2014/2014/2014 2015/2015/2015 2016/2016/2016
f 2017/2017/2017 2018/2018/2018 2019/2019/2019
f 2020/2020/2020 2021/2021/2021 2022/2022/2022
f 2023/2023/2023 2024/2024/2024 2025/2025/2025
f 2026/2026/2026 2027/2027/2027 2028/2028/2028
f 2029/2029/2029 2030/2030/2030 2031/2031/2031
f 2032/2032/2032 2033/2033/2033 2034/2034/2034
f 2035/2035/2035 2036/2036/2036 2037/2037/2037
f 2038/2038/2038 2039/2039/2039 2040/2040/2040
f 2041/2041/2041 2042/2042/2042 2043/2043/2043
f 2044/2044/2044 2045/2045/2045 2046/2046/2046
f 2047/2047/2047 2048/2048/2048 2049/2049/2049
f 2050/2050/2050 2051/2051/2051 2052/2052/2052
f 2053/2053/2053 2054/2054/2054 2055/2055/2055
f 2056/2056/2056 2057/2057/2057 2058/2058/2058
f 2059/2059/2059 2060/2060/2060 2061/2061/2061
f 2062/2062/2062 2063/2063/2063 2064/2064/2064
f 2065/2065/2065 2066/2066/2066 2067/2067/2067
f 2068/2068/2068 2069/2069/2069 2070/2070/2070
f 2071/2071/2071 2072/2072/2072 2073/2073/2073
f 2074/2074/2074 2075/2075/2075 2076/2076/2076
f 2077/2077/2077 2078/2078/2078 2079/2079/2079
f 2080/2080/2080 2081/2081/2081 2082/2082/2082
f 2083/2083/2083 2084/2084/2084 2085/2085/2085
f 2086/2086/2086 2087/2087/2087 2088/2088/2088
f 2089/2089/2089 2090/2090/2090 2091/2091/2091
f 2092/2092/2092 2093/2093/2093 2094/2094/2094
f 2095/2095/2095 2096/2096/2096 2097/2097/2097
f 2098/2098/2098 2099/2099/2099 2100/2100/2100
f 2101/2101/2101 2102/2102/2102 2103/2103/2103
f 2104/2104/2104 2105/2105/2105 2106/2106/2106
f 2107/2107/2107 2108/2108/2108 2109/2109/2109
f 2110/2110/2110 2111/2111/2111 2112/2112/2112
f 2113/2113/2113 2114/2114/2114 2115/2115/2115
f 2116/2116/2116 2117/2117/2117 2118/2118/2118
f 2119/2119/2119 2120/2120/2120 2121/2121/2121
f 2122/2122/2122 2123/2123/2123 2124/2124/2124
f 2125/2125/2125 2126/2126/2126 2127/2127/2127
f 2128/2128/2128 2129/2129/2129 2130/2130/2130
f 2131/2131/2131 2132/2132/2132 2133/2133/2133
f 2134/2134/2134 2135/2135/2135 2136/2136/2136
f 2137/2137/2137 2138/2138/2138 2139/2139/2139
f 2140/2140/2140 2141/2141/2141 2142/2142/2142
f 2143/2143/2143 2144/2144/2144 2145/2145/2145
f 2146/2146/2146 2147/2147/2147 2148/2148/2148
f 2149/2149/2149 2150/2150/2150 2151/2151/2151
f 2152/2152/2152 2153/2153/2153 2154/2154/2154
f 2155/2155/2155 2156/2156/2156 2157/2157/2157
f 2158/2158/2158 2159/2159/2159 2160/2160/2160
f 2161/2161/2161 2162/2162/2162 2163/2163/2163
f 2164/2164/2164 2165/2165/2165 2166/2166/2166
f 2167/2167/2167 2168/2168/2168 2169/2169/2169
f 2170/2170/2170 2171/2171/2171 2172/2172/2172
f 2173/2173/2173 2174/2174/2174 2175/2175/2175
f 2176/2176/2176 2177/2177/2177 2178/2178/2178
f 2179/2179/2179 2180/2180/2180 2181/2181/2181
f 2182/2182/2182 2183/2183/2183 2184/2184/2184
f 2185/2185/2185 2186/2186/2186 2187/2187/2187
f 2188/2188/2188 2189/2189/2189 2190/2190/2190
f 2191/2191/2191 2192/2192/2192 2193/2193/2193
f 2194/2194/2194 2195/2195/2195 2196/2196/2196
f 2197/2197/2197 2198/2198/2198 2199/2199/2199
f 2200/2200/2200 2201/2201/2201 2202/2202/2202
f 2203/2203/2203 2204/2204/2204 2205/2205/2205
f 2206/2206/2206 2207/2207/2207 2208/2208/2208
f 2209/2209/2209 2210/2210/2210 2211/2211/2211
f 2212/2212/2212 2213/2213/2213 2214/2214/2214
f 2215/2215/2215 2216/2216/2216 2217/2217/2217
f 2218/2218/2218 2219/2219/2219 2220/2220/2220
f 2221/2221/2221 2222/2222/2222 2223/2223/2223
f 2224/2224/2224 2225/2225/2225 2226/2226/2226
f 2227/2227/2227 2228/2228/2228 2229/2229/2229
f 2230/2230/2230 2231/2231/2231 2232/2232/2232
f 2233/2233/2233 2234/2234/2234 2235/2235/2235
f 2236/2236/2236 2237/2237/2237 2238/2238/2238
f 2239/2239/2239 2240/2240/2240 2241/2241/2241
f 2242/2242/2242 2243/2243/2243 2244/2244/2244
f 2245/2245/2245 2246/2246/2246 2247/2247/2247
f 2248/2248/2248 2249/2249/2249 2250/2250/2250
f 2251/2251/2251 2252/2252/2252 2253/2253/2253
f 2254/2254/2254 2255/2255/2255 2256/2256/2256
f 2257/2257/2257 2258/2258/2258 2259/2259/2259
f 2260/2260/2260 2261/2261/2261 2262/2262/2262
f 2263/2263/2263 2264/2264/2264 2265/2265/2265
f 2266/2266/2266 2267/2267/2267 2268/2268/2268
f 2269/2269/2269 2270/2270/2270 2271/2271/2271
f 2272/2272/2272 2273/2273/2273 2274/2274/2274
f 2275/2275/2275 2276/2276/2276 2277/2277/2277
f 2278/2278/2278 2279/2279/2279 2280/2280/2280
f 2281/2281/2281 2282/2282/2282 2283/2283/2283
f 2284/2284/2284 2285/2285/2285 2286/2286/2286
f 2287/2287/2287 2288/2288/2288 2289/2289/2289
f 2290/2290/2290 2291/2291/2291 2292/2292/2292
f 2293/2293/2293 2294/2294/2294 2295/2295/2295
f 2296/2296/2296 2297/2297/2297 2298/2298/2298
f 2299/2299/2299 2300/2300/2300 2301/2301/2301
f 2302/2302/2302 2303/2303/2303 2304/2304/2304
f 2305/2305/2305 2306/2306/2306 2307/2307/2307
f 2308/2308/2308 2309/2309/2309 2310/2310/2310
f 2311/2311/2311 2312/2312/2312 2313/2313/2313
f 2314/2314/2314 2315/2315/2315 2316/2316/2316
f 2317/2317/2317 2318/2318/2318 2319/2319/2319
f 2320/2320/2320 2321/2321/2321 2322/2322/2322
f 2323/2323/2323 2324/2324/2324 2325/2325/2325
f 2326/2326/2326 2327/2327/2327 2328/2328/2328
f 2329/2329/2329 2330/2330/2330 2331/2331/2331
f 2332/2332/2332 2333/2333/2333 2334/2334/2334
f 2335/2335/2335 2336/2336/2336 2337/2337/2337
f 2338/2338/2338 2339/2339/2339 2340/2340/2340
f 2341/2341/2341 2342/2342/2342 2343/2343/2343
f 2344/2344/2344 2345/2345/2345 2346/2346/2346
f 2347/2347/2347 2348/2348/2348 2349/2349/2349
f 2350/2350/2350 2351/2351/2351 2352/2352/2352
f 2353/2353/2353 2354/2354/2354 2355/2355/2355
f 2356/2356/2356 2357/2357/2357 2358/2358/2358
f 2359/2359/2359 2360/2360/2360 2361/2361/2361
f 2362/2362/2362 2363/2363/2363 2364/2364/2364
f 2365/2365/2365 2366/2366/2366 2367/2367/2367
f 2368/2368/2368 2369/2369/2369 2370/2370/2370
f 2371/2371/2371 2372/2372/2372 2373/2373/2373
f 2374/2374/2374 2375/2375/2375 2376/2376/2376
f 2377/2377/2377 2378/2378/2378 2379/2379/2379
f 2380/2380/2380 2381/2381/2381 2382/2382/2382
f 2383/2383/2383 2384/2384/2384 2385/2385/2385
f 2386/2386/2386 2387/2387/2387 2388/2388/2388
f 2389/2389/2389 2390/2390/2390 2391/2391/2391
f 2392/2392/2392 2393/2393/2393 2394/2394/2394
f 2395/2395/2395 2396/2396/2396 2397/2397/2397
f 2398/2398/2398 2399/2399/2399 2400/2400/2400
f 2401/2401/2401 2402/2402/2402 2403/2403/2403
f 2404/2404/2404 2405/2405/2405 2406/2406/2406
f 2407/2407/2407 2408/2408/2408 2409/2409/2409
f 2410/2410/2410 2411/2411/2411 2412/2412/2412
f 2413/2413/2413 2414/2414/2414 2415/2415/2415
f 2416/2416/2416 2417/2417/2417 2418/2418/2418
f 2419/2419/2419 2420/2420/2420 2421/2421/2421
f 2422/2422/2422 2423/2423/2423 2424/2424/2424
f 2425/2425/2425 2426/2426/2426 2427/2427/2427
f 2428/2428/2428 2429/2429/2429 2430/2430/2430
f 2431/2431/2431 2432/2432/2432 2433/2433/2433
f 2434/2434/2434 2435/2435/2435 2436/2436/2436
f 2437/2437/2437 2438/2438/2438 2439/2439/2439
f 2440/2440/2440 2441/2441/2441 2442/2442/2442
f 2443/2443/2443 2444/2444/2444 2445/2445/2445
f 2446/2446/2446 2447/2447/2447 2448/2448/2448
f 2449/2449/2449 2450/2450/2450 2451/2451/2451
f 2452/2452/2452 2453/2453/2453 2454/2454/2454
f 2455/2455/2455 2456/2456/2456 2457/2457/2457
f 2458/2458/2458 2459/2459/2459 2460/2460/2460
f 2461/2461/2461 2462/2462/2462 2463/2463/2463
f 2464/2464/2464 2465/2465/2465 2466/2466/2466
f 2467/2467/2467 2468/2468/2468 2469/2469/2469
f 2470/2470/2470 2471/2471/2471 2472/2472/2472
f 2473/2473/2473 2474/2474/2474 2475/2475/2475
f 2476/2476/2476 2477/2477/2477 2478/2478/2478
f 2479/2479/2479 2480/2480/2480 2481/2481/2481
f 2482/2482/2482 2483/2483/2483 2484/2484/2484
f 2485/2485/2485 2486/2486/2486 2487/2487/2487
f 2488/2488/2488 2489/2489/2489 2490/2490/2490
f 2491/2491/2491 2492/2492/2492 2493/2493/2493
f 2494/2494/2494 2495/2495/2495 2496/2496/2496
f 2497/2497/2497 2498/2498/2498 2499/2499/2499
f 2500/2500/2500 2501/2501/2501 2502/2502/2502
f 2503/2503/2503 2504/2504/2504 2505/2505/2505
f 2506/2506/2506 2507/2507/2507 2508/2508/2508
f 2509/2509/2509 2510/2510/2510 2511/2511/2511
f 2512/2512/2512 2513/2513/2513 2514/2514/2514
f 2515/2515/2515 2516/2516/2516 2517/2517/2517
f 2518/2518/2518 2519/2519/2519 2520/2520/2520
f 2521/2521/2521 2522/2522/2522 2523/2523/2523
f 2524/2524/2524 2525/2525/2525 2526/2526/2526
f 2527/2527/2527 2528/2528/2528 2529/2529/2529
f 2530/2530/2530 2531/2531/2531 2532/2532/2532
f 2533/2533/2533 2534/2534/2534 2535/2535/2535
f 2536/2536/2536 2537/2537/2537 2538/2538/2538
f 2539/2539/2539 2540/2540/2540 2541/2541/2541
f 2542/2542/2542 2543/2543/2543 2544/2544/2544
f 2545/2545/2545 2546/2546/2546 2547/2547/2547
f 2548/2548/2548 2549/2549/2549 2550/2550/2550
f 2551/2551/2551 2552/2552/2552 2553/2553/2553
f 2554/2554/2554 2555/2555/2555 2556/2556/2556
f 2557/2557/2557 2558/2558/2558 2559/2559/2559
f 2560/2560/2560 2561/2561/2561 2562/2562/2562
f 2563/2563/2563 2564/2564/2564 2565/2565/2565
f 2566/2566/2566 2567/2567/2567 2568/2568/2568
f 2569/2569/2569 2570/2570/2570 2571/2571/2571
f 2572/2572/2572 2573/2573/2573 2574/2574/2574
f 2575/2575/2575 2576/2576/2576 2577/2577/2577
f 2578/2578/2578 2579/2579/2579 2580/2580/2580
f 2581/2581/2581 2582/2582/2582 2583/2583/2583
f 2584/2584/2584 2585/2585/2585 2586/2586/2586
f 2587/2587/2587 2588/2588/2588 2589/2589/2589
f 2590/2590/2590 2591/2591/2591 2592/2592/2592
f 2593/2593/2593 2594/2594/2594 2595/2595/2595
f 2596/2596/2596 2597/2597/2597 2598/2598/2598
f 2599/2599/2599 2600/2600/2600 2601/2601/2601
f 2602/2602/2602 2603/2603/2603 2604/2604/2604
f 2605/2605/2605 2606/2606/2606 2607/2607/2607
f 2608/2608/2608 2609/2609/2609 2610/2610/2610
f 2611/2611/2611 2612/2612/2612 2613/2613/2613
f 2614/2614/2614 2615/2615/2615 2616/2616/2616
f 2617/2617/2617 2618/2618/2618 2619/2619/2619
f 2620/2620/2620 2621/2621/2621 2622/2622/2622
f 2623/2623/2623 2624/2624/2624 2625/2625/2625
f 2626/2626/2626 2627/2627/2627 2628/2628/2628
f 2629/2629/2629 2630/2630/2630 2631/2631/2631
f 2632/2632/2632 2633/2633/2633 2634/2634/2634
f 2635/2635/2635 2636/2636/2636 2637/2637/2637
f 2638/2638/2638 2639/2639/2639 2640/2640/2640
f 2641/2641/2641 2642/2642/2642 2643/2643/2643
f 2644/2644/2644 2645/2645/2645 2646/2646/2646
f 2647/2647/2647 2648/2648/2648 2649/2649/2649
f 2650/2650/2650 2651/2651/2651 2652/2652/2652
f 2653/2653/2653 2654/2654/2654 2655/2655/2655
f 2656/2656/2656 2657/2657/2657 2658/2658/2658
f 2659/2659/2659 2660/2660/2660 2661/2661/2661
f 2662/2662/2662 2663/2663/2663 2664/2664/2664
f 2665/2665/2665 2666/2666/2666 2667/2667/2667
f 2668/2668/2668 2669/2669/2669 2670/2670/2670
f 2671/2671/2671 2672/2672/2672 2673/2673/2673
f 2674/2674/2674 2675/2675/2675 2676/2676/2676
f 2677/2677/2677 2678/2678/2678 2679/2679/2679
f 2680/2680/2680 2681/2681/2681 2682/2682/2682
f 2683/2683/2683 2684/2684/2684 2685/2685/2685
f 2686/2686/2686 2687/2687/2687 2688/2688/2688
f 2689/2689/2689 2690/2690/2690 2691/2691/2691
f 2692/2692/2692 2693/2693/2693 2694/2694/2694
f 2695/2695/2695 2696/2696/2696 2697/2697/2697
f 2698/2698/2698 2699/2699/2699 2700/2700/2700
f 2701/2701/2701 2702/2702/2702 2703/2703/2703
f 2704/2704/2704 2705/2705/2705 2706/2706/2706
f 2707/2707/2707 2708/2708/2708 2709/2709/2709
f 2710/2710/2710 2711/2711/2711 2712/2712/2712
f 2713/2713/2713 2714/2714/2714 2715/2715/2715
f 2716/2716/2716 2717/2717/2717 2718/2718/2718
f 2719/2719/2719 2720/2720/2720 2721/2721/2721
f 2722/2722/2722 2723/2723/2723 2724/2724/2724
f 2725/2725/2725 2726/2726/2726 2727/2727/2727
f 2728/2728/2728 2729/2729/2729 2730/2730/2730
f 2731/2731/2731 2732/2732/2732 2733/2733/2733
f 2734/2734/2734 2735/2735/2735 2736/2736/2736
f 2737/2737/2737 2738/2738/2738 2739/2739/2739
f 2740/2740/2740 2741/2741/2741 2742/2742/2742
f 2743/2743/2743 2744/2744/2744 2745/2745/2745
f 2746/2746/2746 2747/2747/2747 2748/2748/2748
f 2749/2749/2749 2750/2750/2750 2751/2751/2751
f 2752/2752/2752 2753/2753/2753 2754/2754/2754
f 2755/2755/2755 2756/2756/2756 2757/2757/2757
f 2758/2758/2758 2759/2759/2759 2760/2760/2760
f 2761/2761/2761 2762/2762/2762 2763/2763/2763
f 2764/2764/2764 2765/2765/2765 2766/2766/2766
f 2767/2767/2767 2768/2768/2768 2769/2769/2769
f 2770/2770/2770 2771/2771/2771 2772/2772/2772
f 2773/2773/2773 2774/2774/2774 2775/2775/2775
f 2776/2776/2776 2777/2777/2777 2778/2778/2778
f 2779/2779/2779 2780/2780/2780 2781/2781/2781
f 2782/2782/2782 2783/2783/2783 2784/2784/2784
f 2785/2785/2785 2786/2786/2786 2787/2787/2787
f 2788/2788/2788 2789/2789/2789 2790/2790/2790
f 2791/2791/2791 2792/2792/2792 2793/2793/2793
f 2794/2794/2794 2795/2795/2795 2796/2796/2796
f 2797/2797/2797 2798/2798/2798 2799/2799/2799
f 2800/2800/2800 2801/2801/2801 2802/2802/2802
f 2803/2803/2803 2804/2804/2804 2805/2805/2805
f 2806/2806/2806 2807/2807/2807 2808/2808/2808
f 2809/2809/2809 2810/2810/2810 2811/2811/2811
f 2812/2812/2812 2813/2813/2813 2814/2814/2814
f 2815/2815/2815 2816/2816/2816 2817/2817/2817
f 2818/2818/2818 2819/2819/2819 2820/2820/2820
f 2821/2821/2821 2822/2822/2822 2823/2823/2823
f 2824/2824/2824 2825/2825/2825 2826/2826/2826
f 2827/2827/2827 2828/2828/2828 2829/2829/2829
f 2830/2830/2830 2831/2831/2831 2832/2832/2832
f 2833/2833/2833 2834/2834/2834 2835/2835/2835
f 2836/2836/2836 2837/2837/2837 2838/2838/2838
f 2839/2839/2839 2840/2840/2840 2841/2841/2841
f 2842/2842/2842 2843/2843/2843 2844/2844/2844
f 2845/2845/2845 2846/2846/2846 2847/2847/2847
f 2848/2848/2848 2849/2849/2849 2850/2850/2850
f 2851/2851/2851 2852/2852/2852 2853/2853/2853
f 2854/2854/2854 2855/2855/2855 2856/2856/2856
f 2857/2857/2857 2858/2858/2858 2859/2859/2859
f 2860/2860/2860 2861/2861/2861 2862/2862/2862
f 2863/2863/2863 2864/2864/2864 2865/2865/2865
f 2866/2866/2866 2867/2867/2867 2868/2868/2868
f 2869/2869/2869 2870/2870/2870 2871/2871/2871
f 2872/2872/2872 2873/2873/2873 2874/2874/2874
f 2875/2875/2875 2876/2876/2876 2877/2877/2877
f 2878/2878/2878 2879/2879/2879 2880/2880/2880
f 2881/2881/2881 2882/2882/2882 2883/2883/2883
f 2884/2884/2884 2885/2885/2885 2886/2886/2886
f 2887/2887/2887 2888/2888/2888 2889/2889/2889
f 2890/2890/2890 2891/2891/2891 2892/2892/2892
f 2893/2893/2893 2894/2894/2894 2895/2895/2895
f 2896/2896/2896 2897/2897/2897 2898/2898/2898
f 2899/2899/2899 2900/2900/2900 2901/2901/2901
f 2902/2902/2902 2903/2903/2903 2904/2904/2904
f 2905/2905/2905 2906/2906/2906 2907/2907/2907
f 2908/2908/2908 2909/2909/2909 2910/2910/2910
f 2911/2911/2911 2912/2912/2912 2913/2913/2913
f 2914/2914/2914 2915/2915/2915 2916/2916/2916
f 2917/2917/2917 2918/2918/2918 2919/2919/2919
f 2920/2920/2920 2921/2921/2921 2922/2922/2922
f 2923/2923/2923 2924/2924/2924 2925/2925/2925
f 2926/2926/2926 2927/2927/2927 2928/2928/2928
f 2929/2929/2929 2930/2930/2930 2931/2931/2931
f 2932/2932/2932 2933/2933/2933 2934/2934/2934
f 2935/2935/2935 2936/2936/2936 2937/2937/2937
f 2938/2938/2938 2939/2939/2939 2940/2940/2940
f 2941/2941/2941 2942/2942/2942 2943/2943/2943
f 2944/2944/2944 2945/2945/2945 2946/2946/2946
f 2947/2947/2947 2948/2948/2948 2949/2949/2949
f 2950/2950/2950 2951/2951/2951 2952/2952/2952
f 2953/2953/2953 2954/2954/2954 2955/2955/2955
f 2956/2956/2956 2957/2957/2957 2958/2958/2958
f 2959/2959/2959 2960/2960/2960 2961/2961/2961
f 2962/2962/2962 2963/2963/2963 2964/2964/2964
f 2965/2965/2965 2966/2966/2966 2967/2967/2967
f 2968/2968/2968 2969/2969/2969 2970/2970/2970
f 2971/2971/2971 2972/2972/2972 2973/2973/2973
f 2974/2974/2974 2975/2975/2975 2976/2976/2976
f 2977/2977/2977 2978/2978/2978 2979/2979/2979
f 2980/2980/2980 2981/2981/2981 2982/2982/2982
f 2983/2983/2983 2984/2984/2984 2985/2985/2985
f 2986/2986/2986 2987/2987/2987 2988/2988/2988
f 2989/2989/2989 2990/2990/2990 2991/2991/2991
f 2992/2992/2992 2993/2993/2993 2994/2994/2994
f 2995/2995/2995 2996/2996/2996 2997/2997/2997
f 2998/2998/2998 2999/2999/2999 3000/3000/3000
f 3001/3001/3001 3002/3002/3002 3003/3003/3003
f 3004/3004/3004 3005/3005/3005 3006/3006/3006
f 3007/3007/3007 3008/3008/3008 3009/3009/3009
f 3010/3010/3010 3011/3011/3011 3012/3012/3012
f 3013/3013/3013 3014/3014/3014 3015/3015/3015
f 3016/3016/3016 3017/3017/3017 3018/3018/3018
f 3019/3019/3019 3020/3020/3020 3021/3021/3021
f 3022/3022/3022 3023/3023/3023 3024/3024/3024
f 3025/3025/3025 3026/3026/3026 3027/3027/3027
f 3028/3028/3028 3029/3029/3029 3030/3030/3030
f 3031/3031/3031 3032/3032/3032 3033/3033/3033
f 3034/3034/3034 3035/3035/3035 3036/3036/3036
f 3037/3037/3037 3038/3038/3038 3039/3039/3039
f 3040/3040/3040 3041/3041/3041 3042/3042/3042
f 3043/3043/3043 3044/3044/3044 3045/3045/3045
f 3046/3046/3046 3047/3047/3047 3048/3048/3048
f 3049/3049/3049 3050/3050/3050 3051/3051/3051
f 3052/3052/3052 3053/3053/3053 3054/3054/3054
f 3055/3055/3055 3056/3056/3056 3057/3057/3057
f 3058/3058/3058 3059/3059/3059 3060/3060/3060
f 3061/3061/3061 3062/3062/3062 3063/3063/3063
f 3064/3064/3064 3065/3065/3065 3066/3066/3066
f 3067/3067/3067 3068/3068/3068 3069/3069/3069
f 3070/3070/3070 3071/3071/3071 3072/3072/3072
f 3073/3073/3073 3074/3074/3074 3075/3075/3075
f 3076/3076/3076 3077/3077/3077 3078/3078/3078
f 3079/3079/3079 3080/3080/3080 3081/3081/3081
f 3082/3082/3082 3083/3083/3083 3084/3084/3084
