o NONE
v 7.455500215291977e-8 0.07455500215291978 0.09754499793052672
v 7.479999959468842e-8 0.07479999959468843 0.09600000083446501
v -0.006677925893507898 0.07419900518883765 0.0977099984884262
v -0.006677925893507898 0.07419900518883765 0.0977099984884262
v 7.479999959468842e-8 0.07479999959468843 0.09600000083446501
v -0.012988926753289998 0.07366401510949527 0.09600000083446501
v -0.006677925893507898 0.07419900518883765 0.0977099984884262
v -0.012988926753289998 0.07366401510949527 0.09600000083446501
v -0.019818928921878337 0.07181402042553761 0.0977099984884262
v -0.019818928921878337 0.07181402042553761 0.0977099984884262
v -0.012988926753289998 0.07366401510949527 0.09600000083446501
v -0.025582930564656853 0.07028902645179817 0.09600000083446501
v -0.019818928921878337 0.07181402042553761 0.0977099984884262
v -0.025582930564656853 0.07028902645179817 0.09600000083446501
v -0.03232393407204747 0.0671210314218253 0.0977099984884262
v -0.03232393407204747 0.0671210314218253 0.0977099984884262
v -0.025582930564656853 0.07028902645179817 0.09600000083446501
v -0.037399935018345716 0.06477903589414806 0.09600000083446501
v -0.03232393407204747 0.0671210314218253 0.0977099984884262
v -0.037399935018345716 0.06477903589414806 0.09600000083446501
v -0.04378893904807791 0.06027104241594673 0.0977099984884262
v -0.04378893904807791 0.06027104241594673 0.0977099984884262
v -0.037399935018345716 0.06477903589414806 0.09600000083446501
v -0.04808094210419059 0.05730004946382718 0.09600000083446501
v -0.04378893904807791 0.06027104241594673 0.0977099984884262
v -0.04808094210419059 0.05730004946382718 0.09600000083446501
v -0.05384694851985946 0.051483055406972775 0.0977099984884262
v -0.05384694851985946 0.051483055406972775 0.0977099984884262
v -0.04808094210419059 0.05730004946382718 0.09600000083446501
v -0.057299953301828355 0.04808105670419337 0.09600000083446501
v -0.05384694851985946 0.051483055406972775 0.0977099984884262
v -0.057299953301828355 0.04808105670419337 0.09600000083446501
v -0.06217395880497992 0.04104106385151298 0.0977099984884262
v -0.06217395880497992 0.04104106385151298 0.0977099984884262
v -0.057299953301828355 0.04808105670419337 0.09600000083446501
v -0.06477896109414846 0.03740006457634271 0.09600000083446501
v -0.06217395880497992 0.04104106385151298 0.0977099984884262
v -0.06477896109414846 0.03740006457634271 0.09600000083446501
v -0.06850297056216746 0.02928006793794782 0.09770999848842621
v -0.06850297056216746 0.02928006793794782 0.09770999848842621
v -0.06477896109414846 0.03740006457634271 0.09600000083446501
v -0.07028897528579645 0.025583071142658603 0.09600000083446503
v -0.06850297056216746 0.02928006793794782 0.09770999848842621
v -0.07028897528579645 0.025583071142658603 0.09600000083446503
v -0.07263098489547334 0.016577072429418575 0.09770999848842621
v -0.07263098489547334 0.016577072429418575 0.09770999848842621
v -0.07028897528579645 0.025583071142658603 0.09600000083446503
v -0.07366398913149443 0.012989074081294249 0.09600000083446503
v -0.07263098489547334 0.016577072429418575 0.09770999848842621
v -0.07366398913149443 0.012989074081294249 0.09600000083446503
v -0.074422996874484 0.003342074492096912 0.09770999848842621
v -0.074422996874484 0.003342074492096912 0.09770999848842621
v -0.07366398913149443 0.012989074081294249 0.09600000083446503
v -0.07479999959468842 7.479999960534655e-8 0.09600000083446503
v -0.074422996874484 0.003342074492096912 0.09770999848842621
v -0.07479999959468842 7.479999960534655e-8 0.09600000083446503
v -0.07382401333881355 -0.009999925952479232 0.09770999848842621
v -0.07382401333881355 -0.009999925952479232 0.09770999848842621
v -0.07479999959468842 7.479999960534655e-8 0.09600000083446503
v -0.07366401510949526 -0.012988926753289987 0.09600000083446503
v -0.07382401333881355 -0.009999925952479232 0.09770999848842621
v -0.07366401510949526 -0.012988926753289987 0.09600000083446503
v -0.07085201956202276 -0.023020928654119362 0.09770999848842621
v -0.07085201956202276 -0.023020928654119362 0.09770999848842621
v -0.07366401510949526 -0.012988926753289987 0.09600000083446503
v -0.07028902645179816 -0.025582930564656842 0.09600000083446503
v -0.07085201956202276 -0.023020928654119362 0.09770999848842621
v -0.07028902645179816 -0.025582930564656842 0.09600000083446503
v -0.0656030382078439 -0.035301932654634105 0.09770999848842622
v -0.0656030382078439 -0.035301932654634105 0.09770999848842622
v -0.07028902645179816 -0.025582930564656842 0.09600000083446503
v -0.06477903589414805 -0.0373999350183457 0.09600000083446504
v -0.0656030382078439 -0.035301932654634105 0.09770999848842622
v -0.06477903589414805 -0.0373999350183457 0.09600000083446504
v -0.058245045947127046 -0.046448939908210175 0.09770999848842622
v -0.058245045947127046 -0.046448939908210175 0.09770999848842622
v -0.06477903589414805 -0.0373999350183457 0.09600000083446504
v -0.05730004946382716 -0.048080942104190574 0.09600000083446504
v -0.058245045947127046 -0.046448939908210175 0.09770999848842622
v -0.05730004946382716 -0.048080942104190574 0.09600000083446504
v -0.049015056565530596 -0.0561029495397061 0.09770999848842622
v -0.049015056565530596 -0.0561029495397061 0.09770999848842622
v -0.05730004946382716 -0.048080942104190574 0.09600000083446504
v -0.04808105670419335 -0.05729995330182834 0.09600000083446504
v -0.049015056565530596 -0.0561029495397061 0.09770999848842622
v -0.04808105670419335 -0.05729995330182834 0.09600000083446504
v -0.038210064795807006 -0.06395295911685003 0.09770999848842622
v -0.038210064795807006 -0.06395295911685003 0.09770999848842622
v -0.04808105670419335 -0.05729995330182834 0.09600000083446504
v -0.0374000645763427 -0.06477896109414845 0.09600000083446504
v -0.038210064795807006 -0.06395295911685003 0.09770999848842622
v -0.0374000645763427 -0.06477896109414845 0.09600000083446504
v -0.026177070002391934 -0.06974797313349321 0.09770999848842622
v -0.026177070002391934 -0.06974797313349321 0.09770999848842622
v -0.0374000645763427 -0.06477896109414845 0.09600000083446504
v -0.025583071142658592 -0.07028897528579643 0.09600000083446504
v -0.026177070002391934 -0.06974797313349321 0.09770999848842622
v -0.025583071142658592 -0.07028897528579643 0.09600000083446504
v -0.013302073540493845 -0.07330098908123187 0.09770999848842622
v -0.013302073540493845 -0.07330098908123187 0.09770999848842622
v -0.025583071142658592 -0.07028897528579643 0.09600000083446504
v -0.012989074081294238 -0.07366398913149441 0.09600000083446504
v -0.013302073540493845 -0.07330098908123187 0.09770999848842622
v -0.012989074081294238 -0.07366398913149441 0.09600000083446504
v -7.455500215291977e-8 -0.07455500215291976 0.09754499793052675
v -7.455500215291977e-8 -0.07455500215291976 0.09754499793052675
v -0.012989074081294238 -0.07366398913149441 0.09600000083446504
v -7.479999959468842e-8 -0.0747999995946884 0.09600000083446504
v -7.455500215291977e-8 -0.07455500215291976 0.09754499793052675
v -7.384499907493591e-8 -0.0738449990749359 0.0989390015602112
v -0.013302073540493845 -0.07330098908123187 0.09770999848842622
v -0.013302073540493845 -0.07330098908123187 0.09770999848842622
v -7.384499907493591e-8 -0.0738449990749359 0.0989390015602112
v -0.013147072670400143 -0.07244698878705128 0.09921400249004365
v -0.013302073540493845 -0.07330098908123187 0.09770999848842622
v -0.013147072670400143 -0.07244698878705128 0.09921400249004365
v -0.026177070002391934 -0.06974797313349321 0.09770999848842622
v -0.026177070002391934 -0.06974797313349321 0.09770999848842622
v -0.013147072670400143 -0.07244698878705128 0.09921400249004365
v -0.02587206849678606 -0.06893497353433817 0.09921400249004365
v -0.026177070002391934 -0.06974797313349321 0.09770999848842622
v -0.02587206849678606 -0.06893497353433817 0.09921400249004365
v -0.038210064795807006 -0.06395295911685003 0.09770999848842622
v -0.038210064795807006 -0.06395295911685003 0.09770999848842622
v -0.02587206849678606 -0.06893497353433817 0.09921400249004365
v -0.03776506322349608 -0.06320796110680325 0.09921400249004365
v -0.038210064795807006 -0.06395295911685003 0.09770999848842622
v -0.03776506322349608 -0.06320796110680325 0.09921400249004365
v -0.049015056565530596 -0.0561029495397061 0.09770999848842622
v -0.049015056565530596 -0.0561029495397061 0.09770999848842622
v -0.03776506322349608 -0.06320796110680325 0.09921400249004365
v -0.04844405459045619 -0.05544895304707064 0.09921400249004365
v -0.049015056565530596 -0.0561029495397061 0.09770999848842622
v -0.04844405459045619 -0.05544895304707064 0.09921400249004365
v -0.058245045947127046 -0.046448939908210175 0.09770999848842622
v -0.058245045947127046 -0.046448939908210175 0.09770999848842622
v -0.04844405459045619 -0.05544895304707064 0.09921400249004365
v -0.05756604419400915 -0.04590794275419786 0.09921400249004365
v -0.058245045947127046 -0.046448939908210175 0.09770999848842622
v -0.05756604419400915 -0.04590794275419786 0.09921400249004365
v -0.0656030382078439 -0.035301932654634105 0.09770999848842622
v -0.0656030382078439 -0.035301932654634105 0.09770999848842622
v -0.05756604419400915 -0.04590794275419786 0.09921400249004365
v -0.06483803453289345 -0.034890933316878966 0.09921400249004365
v -0.0656030382078439 -0.035301932654634105 0.09770999848842622
v -0.06483803453289345 -0.034890933316878966 0.09921400249004365
v -0.07085201956202276 -0.023020928654119362 0.09770999848842621
v -0.07085201956202276 -0.023020928654119362 0.09770999848842621
v -0.06483803453289345 -0.034890933316878966 0.09921400249004365
v -0.07002702395510674 -0.022752930232398202 0.09921400249004364
v -0.07085201956202276 -0.023020928654119362 0.09770999848842621
v -0.07002702395510674 -0.022752930232398202 0.09921400249004364
v -0.07382401333881355 -0.009999925952479232 0.09770999848842621
v -0.07382401333881355 -0.009999925952479232 0.09770999848842621
v -0.07002702395510674 -0.022752930232398202 0.09921400249004364
v -0.07296400760567189 -0.009883926860526193 0.09921400249004364
v -0.07382401333881355 -0.009999925952479232 0.09770999848842621
v -0.07296400760567189 -0.009883926860526193 0.09921400249004364
v -0.074422996874484 0.003342074492096912 0.09770999848842621
v -0.074422996874484 0.003342074492096912 0.09770999848842621
v -0.07296400760567189 -0.009883926860526193 0.09921400249004364
v -0.07355599520116184 0.003303073560960602 0.09921400249004364
v -0.074422996874484 0.003342074492096912 0.09770999848842621
v -0.07355599520116184 0.003303073560960602 0.09921400249004364
v -0.07263098489547334 0.016577072429418575 0.09770999848842621
v -0.07263098489547334 0.016577072429418575 0.09770999848842621
v -0.07355599520116184 0.003303073560960602 0.09921400249004364
v -0.07178398073447309 0.016384071742631505 0.09921400249004364
v -0.07263098489547334 0.016577072429418575 0.09770999848842621
v -0.07178398073447309 0.016384071742631505 0.09921400249004364
v -0.06850297056216746 0.02928006793794782 0.09770999848842621
v -0.06850297056216746 0.02928006793794782 0.09770999848842621
v -0.07178398073447309 0.016384071742631505 0.09921400249004364
v -0.06770496901775337 0.028939067104540778 0.09921400249004364
v -0.06850297056216746 0.02928006793794782 0.09770999848842621
v -0.06770496901775337 0.028939067104540778 0.09921400249004364
v -0.06217395880497992 0.04104106385151298 0.0977099984884262
v -0.06217395880497992 0.04104106385151298 0.0977099984884262
v -0.06770496901775337 0.028939067104540778 0.09921400249004364
v -0.06144996028934792 0.040563059953447445 0.09921400249004363
v -0.06217395880497992 0.04104106385151298 0.0977099984884262
v -0.06144996028934792 0.040563059953447445 0.09921400249004363
v -0.05384694851985946 0.051483055406972775 0.0977099984884262
v -0.05384694851985946 0.051483055406972775 0.0977099984884262
v -0.06144996028934792 0.040563059953447445 0.09921400249004363
v -0.05321994923501834 0.05088305207392202 0.09921400249004363
v -0.05384694851985946 0.051483055406972775 0.0977099984884262
v -0.05321994923501834 0.05088305207392202 0.09921400249004363
v -0.04378893904807791 0.06027104241594673 0.0977099984884262
v -0.04378893904807791 0.06027104241594673 0.0977099984884262
v -0.05321994923501834 0.05088305207392202 0.09921400249004363
v -0.04327894005863741 0.059568042373724296 0.09921400249004363
v -0.04378893904807791 0.06027104241594673 0.0977099984884262
v -0.04327894005863741 0.059568042373724296 0.09921400249004363
v -0.03232393407204747 0.0671210314218253 0.0977099984884262
v -0.03232393407204747 0.0671210314218253 0.0977099984884262
v -0.04327894005863741 0.059568042373724296 0.09921400249004363
v -0.03194693547584117 0.06633903300653399 0.09921400249004363
v -0.03232393407204747 0.0671210314218253 0.0977099984884262
v -0.03194693547584117 0.06633903300653399 0.09921400249004363
v -0.019818928921878337 0.07181402042553761 0.0977099984884262
v -0.019818928921878337 0.07181402042553761 0.0977099984884262
v -0.03194693547584117 0.06633903300653399 0.09921400249004363
v -0.019587928232759236 0.07097702197027767 0.09921400249004363
v -0.019818928921878337 0.07181402042553761 0.0977099984884262
v -0.019587928232759236 0.07097702197027767 0.09921400249004363
v -0.006677925893507898 0.07419900518883765 0.0977099984884262
v -0.006677925893507898 0.07419900518883765 0.0977099984884262
v -0.019587928232759236 0.07097702197027767 0.09921400249004363
v -0.006599926630236209 0.07333400760469587 0.09921400249004363
v -0.006677925893507898 0.07419900518883765 0.0977099984884262
v -0.006599926630236209 0.07333400760469587 0.09921400249004363
v 7.384499907493591e-8 0.07384499907493593 0.09893900156021117
v 7.384499907493591e-8 0.07384499907493593 0.09893900156021117
v -0.006599926630236209 0.07333400760469587 0.09921400249004363
v 7.273899763822555e-8 0.07273899763822557 0.10004500299692153
v 7.273899763822555e-8 0.07273899763822557 0.10004500299692153
v -0.006599926630236209 0.07333400760469587 0.09921400249004363
v -0.006480928213268519 0.07200900368291979 0.10033000260591506
v 7.273899763822555e-8 0.07273899763822557 0.10004500299692153
v -0.006480928213268519 0.07200900368291979 0.10033000260591506
v 7.13450014591217e-8 0.07134500145912172 0.10075499862432478
v 7.13450014591217e-8 0.07134500145912172 0.10075499862432478
v -0.006480928213268519 0.07200900368291979 0.10033000260591506
v -0.006334929657869041 0.07038400955698873 0.10092400014400481
v 7.13450014591217e-8 0.07134500145912172 0.10075499862432478
v -0.006334929657869041 0.07038400955698873 0.10092400014400481
v 6.97999969124794e-8 0.06979999691247941 0.10100000351667403
v 6.97999969124794e-8 0.06979999691247941 0.10100000351667403
v -0.006334929657869041 0.07038400955698873 0.10092400014400481
v -0.01282593172828108 0.06861201466230024 0.10100000351667403
v -0.01282593172828108 0.06861201466230024 0.10100000351667403
v -0.006334929657869041 0.07038400955698873 0.10092400014400481
v -0.018799931606799363 0.06812201830218174 0.10092400014400481
v -0.01282593172828108 0.06861201466230024 0.10100000351667403
v -0.018799931606799363 0.06812201830218174 0.10092400014400481
v -0.025214934827171267 0.06508702326044441 0.10100000351667403
v -0.025214934827171267 0.06508702326044441 0.10100000351667403
v -0.018799931606799363 0.06812201830218174 0.10092400014400481
v -0.030661936509288848 0.06367003258603812 0.10092400014400481
v -0.025214934827171267 0.06508702326044441 0.10100000351667403
v -0.030661936509288848 0.06367003258603812 0.10092400014400481
v -0.03674494128561765 0.059345036237169066 0.10100000351667403
v -0.03674494128561765 0.059345036237169066 0.10100000351667403
v -0.030661936509288848 0.06367003258603812 0.10092400014400481
v -0.04153794293481112 0.05717204194617272 0.10092400014400481
v -0.03674494128561765 0.059345036237169066 0.10100000351667403
v -0.04153794293481112 0.05717204194617272 0.10092400014400481
v -0.04702394885306806 0.05158304655145483 0.10100000351667403
v -0.04702394885306806 0.05158304655145483 0.10100000351667403
v -0.04153794293481112 0.05717204194617272 0.10092400014400481
v -0.0510789524416849 0.048836051342692234 0.10092400014400481
v -0.04702394885306806 0.05158304655145483 0.10100000351667403
v -0.0510789524416849 0.048836051342692234 0.10092400014400481
v -0.055701958792399614 0.042064055623084316 0.10100000351667403
v -0.055701958792399614 0.042064055623084316 0.10100000351667403
v -0.0510789524416849 0.048836051342692234 0.10092400014400481
v -0.058977959862124174 0.0389310599557534 0.10092400014400481
v -0.055701958792399614 0.042064055623084316 0.10100000351667403
v -0.058977959862124174 0.0389310599557534 0.10092400014400481
v -0.062481968284277246 0.03111306306862832 0.10100000351667404
v -0.062481968284277246 0.03111306306862832 0.10100000351667404
v -0.058977959862124174 0.0389310599557534 0.10092400014400481
v -0.06498097086129151 0.027774065521374357 0.10092400014400482
v -0.062481968284277246 0.03111306306862832 0.10100000351667404
v -0.06498097086129151 0.027774065521374357 0.10092400014400482
v -0.06713497963676601 0.01910206683506818 0.10100000351667404
v -0.06713497963676601 0.01910206683506818 0.10100000351667404
v -0.06498097086129151 0.027774065521374357 0.10092400014400482
v -0.06889598734249361 0.015725068726129842 0.10092400014400482
v -0.06713497963676601 0.01910206683506818 0.10100000351667404
v -0.06889598734249361 0.015725068726129842 0.10092400014400482
v -0.06950199705092469 0.006440069644905638 0.10100000351667404
v -0.06950199705092469 0.006440069644905638 0.10100000351667404
v -0.06889598734249361 0.015725068726129842 0.10092400014400482
v -0.0705969972490936 0.0031710705281719678 0.10092400014400482
v -0.06950199705092469 0.006440069644905638 0.10100000351667404
v -0.0705969972490936 0.0031710705281719678 0.10092400014400482
v -0.06950200993092498 -0.006439930640898634 0.10100000351667404
v -0.06950200993092498 -0.006439930640898634 0.10100000351667404
v -0.0705969972490936 0.0031710705281719678 0.10092400014400482
v -0.0700290074437065 -0.009485930024586607 0.10092400014400482
v -0.06950200993092498 -0.006439930640898634 0.10100000351667404
v -0.0700290074437065 -0.009485930024586607 0.10092400014400482
v -0.06713501784076542 -0.019101932565070676 0.10100000351667404
v -0.06713501784076542 -0.019101932565070676 0.10100000351667404
v -0.0700290074437065 -0.009485930024586607 0.10092400014400482
v -0.06720901974325441 -0.02183793283522873 0.10092400014400482
v -0.06713501784076542 -0.019101932565070676 0.10100000351667404
v -0.06720901974325441 -0.02183793283522873 0.10092400014400482
v -0.06248203051027842 -0.031112938104629506 0.10100000351667404
v -0.06248203051027842 -0.031112938104629506 0.10100000351667404
v -0.06720901974325441 -0.02183793283522873 0.10092400014400482
v -0.062230031896747647 -0.03348693734132498 0.10092400014400484
v -0.06248203051027842 -0.031112938104629506 0.10100000351667404
v -0.062230031896747647 -0.03348693734132498 0.10092400014400484
v -0.05570204292039946 -0.042063944219082584 0.10100000351667406
v -0.05570204292039946 -0.042063944219082584 0.10100000351667406
v -0.062230031896747647 -0.03348693734132498 0.10092400014400484
v -0.055251042647417634 -0.04406094613922014 0.10092400014400484
v -0.05570204292039946 -0.042063944219082584 0.10100000351667406
v -0.055251042647417634 -0.04406094613922014 0.10092400014400484
v -0.047024052019067106 -0.051582952503453926 0.10100000351667406
v -0.047024052019067106 -0.051582952503453926 0.10100000351667406
v -0.055251042647417634 -0.04406094613922014 0.10092400014400484
v -0.04649505498110503 -0.05321795314212515 0.10092400014400484
v -0.047024052019067106 -0.051582952503453926 0.10100000351667406
v -0.04649505498110503 -0.05321795314212515 0.10092400014400484
v -0.03674505997561663 -0.05934496274716779 0.10100000351667406
v -0.03674505997561663 -0.05934496274716779 0.10100000351667406
v -0.04649505498110503 -0.05321795314212515 0.10092400014400484
v -0.0362460623854287 -0.060664963984072194 0.10092400014400484
v -0.03674505997561663 -0.05934496274716779 0.10100000351667406
v -0.0362460623854287 -0.060664963984072194 0.10092400014400484
v -0.025215065001167356 -0.06508697283044457 0.10100000351667406
v -0.025215065001167356 -0.06508697283044457 0.10100000351667406
v -0.0362460623854287 -0.060664963984072194 0.10092400014400484
v -0.024831066877491773 -0.06616197278529032 0.10092400014400484
v -0.025215065001167356 -0.06508697283044457 0.10100000351667406
v -0.024831066877491773 -0.06616197278529032 0.10092400014400484
v -0.012826068952284754 -0.06861198901029955 0.10100000351667406
v -0.012826068952284754 -0.06861198901029955 0.10100000351667406
v -0.024831066877491773 -0.06616197278529032 0.10092400014400484
v -0.012618069220788777 -0.06953298528820834 0.10092400014400484
v -0.012826068952284754 -0.06861198901029955 0.10100000351667406
v -0.012618069220788777 -0.06953298528820834 0.10092400014400484
v -6.97999969124794e-8 -0.06979999691247939 0.10100000351667406
v -6.97999969124794e-8 -0.06979999691247939 0.10100000351667406
v -0.012618069220788777 -0.06953298528820834 0.10092400014400484
v -7.13450014591217e-8 -0.07134500145912169 0.10075499862432481
v -7.13450014591217e-8 -0.07134500145912169 0.10075499862432481
v -0.012618069220788777 -0.06953298528820834 0.10092400014400484
v -0.012910071186579764 -0.07113798906839731 0.10033000260591508
v -7.13450014591217e-8 -0.07134500145912169 0.10075499862432481
v -0.012910071186579764 -0.07113798906839731 0.10033000260591508
v -7.273899763822555e-8 -0.07273899763822554 0.10004500299692155
v -7.273899763822555e-8 -0.07273899763822554 0.10004500299692155
v -0.012910071186579764 -0.07113798906839731 0.10033000260591508
v -0.013147072670400143 -0.07244698878705128 0.09921400249004365
v -7.273899763822555e-8 -0.07273899763822554 0.10004500299692155
v -0.013147072670400143 -0.07244698878705128 0.09921400249004365
v -7.384499907493591e-8 -0.0738449990749359 0.0989390015602112
v 7.384499907493591e-8 0.07384499907493593 0.09893900156021117
v 7.455500215291977e-8 0.07455500215291978 0.09754499793052672
v -0.006677925893507898 0.07419900518883765 0.0977099984884262
v -0.018799931606799363 0.06812201830218174 0.10092400014400481
v -0.006334929657869041 0.07038400955698873 0.10092400014400481
v -0.006480928213268519 0.07200900368291979 0.10033000260591506
v -0.006480928213268519 0.07200900368291979 0.10033000260591506
v -0.006599926630236209 0.07333400760469587 0.09921400249004363
v -0.019233930078856647 0.06969502256470733 0.10033000260591506
v -0.019233930078856647 0.06969502256470733 0.10033000260591506
v -0.006599926630236209 0.07333400760469587 0.09921400249004363
v -0.019587928232759236 0.07097702197027767 0.09921400249004363
v -0.019233930078856647 0.06969502256470733 0.10033000260591506
v -0.019587928232759236 0.07097702197027767 0.09921400249004363
v -0.03136993391109258 0.06514003284581006 0.10033000260591506
v -0.03136993391109258 0.06514003284581006 0.10033000260591506
v -0.019587928232759236 0.07097702197027767 0.09921400249004363
v -0.03194693547584117 0.06633903300653399 0.09921400249004363
v -0.03136993391109258 0.06514003284581006 0.10033000260591506
v -0.03194693547584117 0.06633903300653399 0.09921400249004363
v -0.04249694309634343 0.05849204364307971 0.10033000260591506
v -0.04249694309634343 0.05849204364307971 0.10033000260591506
v -0.03194693547584117 0.06633903300653399 0.09921400249004363
v -0.04327894005863741 0.059568042373724296 0.09921400249004363
v -0.04249694309634343 0.05849204364307971 0.10033000260591506
v -0.04327894005863741 0.059568042373724296 0.09921400249004363
v -0.05225794981379434 0.04996405179761351 0.10033000260591506
v -0.05225794981379434 0.04996405179761351 0.10033000260591506
v -0.04327894005863741 0.059568042373724296 0.09921400249004363
v -0.05321994923501834 0.05088305207392202 0.09921400249004363
v -0.05225794981379434 0.04996405179761351 0.10033000260591506
v -0.05321994923501834 0.05088305207392202 0.09921400249004363
v -0.060339958623856306 0.03983005954844878 0.10033000260591506
v -0.060339958623856306 0.03983005954844878 0.10033000260591506
v -0.05321994923501834 0.05088305207392202 0.09921400249004363
v -0.06144996028934792 0.040563059953447445 0.09921400249004363
v -0.060339958623856306 0.03983005954844878 0.10033000260591506
v -0.06144996028934792 0.040563059953447445 0.09921400249004363
v -0.06648197163692862 0.028416066788606358 0.10033000260591507
v -0.06648197163692862 0.028416066788606358 0.10033000260591507
v -0.06144996028934792 0.040563059953447445 0.09921400249004363
v -0.06770496901775337 0.028939067104540778 0.09921400249004364
v -0.06648197163692862 0.028416066788606358 0.10033000260591507
v -0.06770496901775337 0.028939067104540778 0.09921400249004364
v -0.07048698396016098 0.016088070054389548 0.10033000260591507
v -0.07048698396016098 0.016088070054389548 0.10033000260591507
v -0.06770496901775337 0.028939067104540778 0.09921400249004364
v -0.07178398073447309 0.016384071742631505 0.09921400249004364
v -0.07048698396016098 0.016088070054389548 0.10033000260591507
v -0.07178398073447309 0.016384071742631505 0.09921400249004364
v -0.07222699794618552 0.0032440722483694667 0.10033000260591507
v -0.07222699794618552 0.0032440722483694667 0.10033000260591507
v -0.07178398073447309 0.016384071742631505 0.09921400249004364
v -0.07355599520116184 0.003303073560960602 0.09921400249004364
v -0.07222699794618552 0.0032440722483694667 0.10033000260591507
v -0.07355599520116184 0.003303073560960602 0.09921400249004364
v -0.07164600716965645 -0.009704927979685356 0.10033000260591507
v -0.07164600716965645 -0.009704927979685356 0.10033000260591507
v -0.07355599520116184 0.003303073560960602 0.09921400249004364
v -0.07296400760567189 -0.009883926860526193 0.09921400249004364
v -0.07164600716965645 -0.009704927979685356 0.10033000260591507
v -0.07296400760567189 -0.009883926860526193 0.09921400249004364
v -0.06876102088907733 -0.022341931395642448 0.10033000260591507
v -0.06876102088907733 -0.022341931395642448 0.10033000260591507
v -0.07296400760567189 -0.009883926860526193 0.09921400249004364
v -0.07002702395510674 -0.022752930232398202 0.09921400249004364
v -0.06876102088907733 -0.022341931395642448 0.10033000260591507
v -0.07002702395510674 -0.022752930232398202 0.09921400249004364
v -0.06366703360105679 -0.034260935744345175 0.10033000260591508
v -0.06366703360105679 -0.034260935744345175 0.10033000260591508
v -0.07002702395510674 -0.022752930232398202 0.09921400249004364
v -0.06483803453289345 -0.034890933316878966 0.09921400249004365
v -0.06366703360105679 -0.034260935744345175 0.10033000260591508
v -0.06483803453289345 -0.034890933316878966 0.09921400249004365
v -0.056526046620804814 -0.04507794166511669 0.10033000260591508
v -0.056526046620804814 -0.04507794166511669 0.10033000260591508
v -0.06483803453289345 -0.034890933316878966 0.09921400249004365
v -0.05756604419400915 -0.04590794275419786 0.09921400249004365
v -0.056526046620804814 -0.04507794166511669 0.10033000260591508
v -0.05756604419400915 -0.04590794275419786 0.09921400249004365
v -0.04756905367786065 -0.05444695141462236 0.10033000260591508
v -0.04756905367786065 -0.05444695141462236 0.10033000260591508
v -0.05756604419400915 -0.04590794275419786 0.09921400249004365
v -0.04844405459045619 -0.05544895304707064 0.09921400249004365
v -0.04756905367786065 -0.05444695141462236 0.10033000260591508
v -0.04844405459045619 -0.05544895304707064 0.09921400249004365
v -0.03708306201068685 -0.06206596287193893 0.10033000260591508
v -0.03708306201068685 -0.06206596287193893 0.10033000260591508
v -0.04844405459045619 -0.05544895304707064 0.09921400249004365
v -0.03776506322349608 -0.06320796110680325 0.09921400249004365
v -0.03708306201068685 -0.06206596287193893 0.10033000260591508
v -0.03776506322349608 -0.06320796110680325 0.09921400249004365
v -0.025404068344816566 -0.0676899745340105 0.10033000260591508
v -0.025404068344816566 -0.0676899745340105 0.10033000260591508
v -0.03776506322349608 -0.06320796110680325 0.09921400249004365
v -0.02587206849678606 -0.06893497353433817 0.09921400249004365
v -0.025404068344816566 -0.0676899745340105 0.10033000260591508
v -0.02587206849678606 -0.06893497353433817 0.09921400249004365
v -0.012910071186579764 -0.07113798906839731 0.10033000260591508
v -0.012910071186579764 -0.07113798906839731 0.10033000260591508
v -0.02587206849678606 -0.06893497353433817 0.09921400249004365
v -0.013147072670400143 -0.07244698878705128 0.09921400249004365
v -0.030661936509288848 0.06367003258603812 0.10092400014400481
v -0.018799931606799363 0.06812201830218174 0.10092400014400481
v -0.019233930078856647 0.06969502256470733 0.10033000260591506
v -0.019233930078856647 0.06969502256470733 0.10033000260591506
v -0.018799931606799363 0.06812201830218174 0.10092400014400481
v -0.006480928213268519 0.07200900368291979 0.10033000260591506
v -0.030661936509288848 0.06367003258603812 0.10092400014400481
v -0.019233930078856647 0.06969502256470733 0.10033000260591506
v -0.03136993391109258 0.06514003284581006 0.10033000260591506
v -0.04153794293481112 0.05717204194617272 0.10092400014400481
v -0.030661936509288848 0.06367003258603812 0.10092400014400481
v -0.03136993391109258 0.06514003284581006 0.10033000260591506
v -0.04153794293481112 0.05717204194617272 0.10092400014400481
v -0.03136993391109258 0.06514003284581006 0.10033000260591506
v -0.04249694309634343 0.05849204364307971 0.10033000260591506
v -0.0510789524416849 0.048836051342692234 0.10092400014400481
v -0.04153794293481112 0.05717204194617272 0.10092400014400481
v -0.04249694309634343 0.05849204364307971 0.10033000260591506
v -0.0510789524416849 0.048836051342692234 0.10092400014400481
v -0.04249694309634343 0.05849204364307971 0.10033000260591506
v -0.05225794981379434 0.04996405179761351 0.10033000260591506
v -0.058977959862124174 0.0389310599557534 0.10092400014400481
v -0.0510789524416849 0.048836051342692234 0.10092400014400481
v -0.05225794981379434 0.04996405179761351 0.10033000260591506
v -0.058977959862124174 0.0389310599557534 0.10092400014400481
v -0.05225794981379434 0.04996405179761351 0.10033000260591506
v -0.060339958623856306 0.03983005954844878 0.10033000260591506
v -0.06498097086129151 0.027774065521374357 0.10092400014400482
v -0.058977959862124174 0.0389310599557534 0.10092400014400481
v -0.060339958623856306 0.03983005954844878 0.10033000260591506
v -0.06498097086129151 0.027774065521374357 0.10092400014400482
v -0.060339958623856306 0.03983005954844878 0.10033000260591506
v -0.06648197163692862 0.028416066788606358 0.10033000260591507
v -0.06889598734249361 0.015725068726129842 0.10092400014400482
v -0.06498097086129151 0.027774065521374357 0.10092400014400482
v -0.06648197163692862 0.028416066788606358 0.10033000260591507
v -0.06889598734249361 0.015725068726129842 0.10092400014400482
v -0.06648197163692862 0.028416066788606358 0.10033000260591507
v -0.07048698396016098 0.016088070054389548 0.10033000260591507
v -0.0705969972490936 0.0031710705281719678 0.10092400014400482
v -0.06889598734249361 0.015725068726129842 0.10092400014400482
v -0.07048698396016098 0.016088070054389548 0.10033000260591507
v -0.0705969972490936 0.0031710705281719678 0.10092400014400482
v -0.07048698396016098 0.016088070054389548 0.10033000260591507
v -0.07222699794618552 0.0032440722483694667 0.10033000260591507
v -0.0700290074437065 -0.009485930024586607 0.10092400014400482
v -0.0705969972490936 0.0031710705281719678 0.10092400014400482
v -0.07222699794618552 0.0032440722483694667 0.10033000260591507
v -0.0700290074437065 -0.009485930024586607 0.10092400014400482
v -0.07222699794618552 0.0032440722483694667 0.10033000260591507
v -0.07164600716965645 -0.009704927979685356 0.10033000260591507
v -0.06720901974325441 -0.02183793283522873 0.10092400014400482
v -0.0700290074437065 -0.009485930024586607 0.10092400014400482
v -0.07164600716965645 -0.009704927979685356 0.10033000260591507
v -0.06720901974325441 -0.02183793283522873 0.10092400014400482
v -0.07164600716965645 -0.009704927979685356 0.10033000260591507
v -0.06876102088907733 -0.022341931395642448 0.10033000260591507
v -0.062230031896747647 -0.03348693734132498 0.10092400014400484
v -0.06720901974325441 -0.02183793283522873 0.10092400014400482
v -0.06876102088907733 -0.022341931395642448 0.10033000260591507
v -0.062230031896747647 -0.03348693734132498 0.10092400014400484
v -0.06876102088907733 -0.022341931395642448 0.10033000260591507
v -0.06366703360105679 -0.034260935744345175 0.10033000260591508
v -0.055251042647417634 -0.04406094613922014 0.10092400014400484
v -0.062230031896747647 -0.03348693734132498 0.10092400014400484
v -0.06366703360105679 -0.034260935744345175 0.10033000260591508
v -0.055251042647417634 -0.04406094613922014 0.10092400014400484
v -0.06366703360105679 -0.034260935744345175 0.10033000260591508
v -0.056526046620804814 -0.04507794166511669 0.10033000260591508
v -0.04649505498110503 -0.05321795314212515 0.10092400014400484
v -0.055251042647417634 -0.04406094613922014 0.10092400014400484
v -0.056526046620804814 -0.04507794166511669 0.10033000260591508
v -0.04649505498110503 -0.05321795314212515 0.10092400014400484
v -0.056526046620804814 -0.04507794166511669 0.10033000260591508
v -0.04756905367786065 -0.05444695141462236 0.10033000260591508
v -0.0362460623854287 -0.060664963984072194 0.10092400014400484
v -0.04649505498110503 -0.05321795314212515 0.10092400014400484
v -0.04756905367786065 -0.05444695141462236 0.10033000260591508
v -0.0362460623854287 -0.060664963984072194 0.10092400014400484
v -0.04756905367786065 -0.05444695141462236 0.10033000260591508
v -0.03708306201068685 -0.06206596287193893 0.10033000260591508
v -0.024831066877491773 -0.06616197278529032 0.10092400014400484
v -0.0362460623854287 -0.060664963984072194 0.10092400014400484
v -0.03708306201068685 -0.06206596287193893 0.10033000260591508
v -0.024831066877491773 -0.06616197278529032 0.10092400014400484
v -0.03708306201068685 -0.06206596287193893 0.10033000260591508
v -0.025404068344816566 -0.0676899745340105 0.10033000260591508
v -0.012618069220788777 -0.06953298528820834 0.10092400014400484
v -0.024831066877491773 -0.06616197278529032 0.10092400014400484
v -0.025404068344816566 -0.0676899745340105 0.10033000260591508
v -0.012618069220788777 -0.06953298528820834 0.10092400014400484
v -0.025404068344816566 -0.0676899745340105 0.10033000260591508
v -0.012910071186579764 -0.07113798906839731 0.10033000260591508
v 7.479999959468842e-8 0.07479999959468843 0.09600000083446501
v 7.479999959468842e-8 0.07479999959468843 0.08998399972915648
v -0.012988926753289998 0.07366401510949527 0.09600000083446501
v -0.012988926753289998 0.07366401510949527 0.09600000083446501
v 7.479999959468842e-8 0.07479999959468843 0.08998399972915648
v -0.012988926753289998 0.07366401510949527 0.0896800011396408
v -0.012988926753289998 0.07366401510949527 0.09600000083446501
v -0.012988926753289998 0.07366401510949527 0.0896800011396408
v -0.025582930564656853 0.07028902645179817 0.09600000083446501
v -0.025582930564656853 0.07028902645179817 0.09600000083446501
v -0.012988926753289998 0.07366401510949527 0.0896800011396408
v -0.025582930564656853 0.07028902645179816 0.08877599984407424
v -0.025582930564656853 0.07028902645179817 0.09600000083446501
v -0.025582930564656853 0.07028902645179816 0.08877599984407424
v -0.037399935018345716 0.06477903589414806 0.09600000083446501
v -0.037399935018345716 0.06477903589414806 0.09600000083446501
v -0.025582930564656853 0.07028902645179816 0.08877599984407424
v -0.037399935018345716 0.06477903589414806 0.08729899674654006
v -0.037399935018345716 0.06477903589414806 0.09600000083446501
v -0.037399935018345716 0.06477903589414806 0.08729899674654006
v -0.04808094210419059 0.05730004946382718 0.09600000083446501
v -0.04808094210419059 0.05730004946382718 0.09600000083446501
v -0.037399935018345716 0.06477903589414806 0.08729899674654006
v -0.04808094210419059 0.05730004946382717 0.08529499918222426
v -0.04808094210419059 0.05730004946382718 0.09600000083446501
v -0.04808094210419059 0.05730004946382717 0.08529499918222426
v -0.057299953301828355 0.04808105670419337 0.09600000083446501
v -0.057299953301828355 0.04808105670419337 0.09600000083446501
v -0.04808094210419059 0.05730004946382717 0.08529499918222426
v -0.057299953301828355 0.04808105670419336 0.08282499760389327
v -0.057299953301828355 0.04808105670419337 0.09600000083446501
v -0.057299953301828355 0.04808105670419336 0.08282499760389327
v -0.06477896109414846 0.03740006457634271 0.09600000083446501
v -0.06477896109414846 0.03740006457634271 0.09600000083446501
v -0.057299953301828355 0.04808105670419336 0.08282499760389327
v -0.06477896109414846 0.03740006457634271 0.07996299862861632
v -0.06477896109414846 0.03740006457634271 0.09600000083446501
v -0.06477896109414846 0.03740006457634271 0.07996299862861632
v -0.07028897528579645 0.025583071142658603 0.09600000083446503
v -0.07028897528579645 0.025583071142658603 0.09600000083446503
v -0.06477896109414846 0.03740006457634271 0.07996299862861632
v -0.07028897528579645 0.0255830711426586 0.0767970010638237
v -0.07028897528579645 0.025583071142658603 0.09600000083446503
v -0.07028897528579645 0.0255830711426586 0.0767970010638237
v -0.07366398913149443 0.012989074081294249 0.09600000083446503
v -0.07366398913149443 0.012989074081294249 0.09600000083446503
v -0.07028897528579645 0.0255830711426586 0.0767970010638237
v -0.07366398913149443 0.012989074081294247 0.07342199981212616
v -0.07366398913149443 0.012989074081294249 0.09600000083446503
v -0.07366398913149443 0.012989074081294247 0.07342199981212616
v -0.07479999959468842 7.479999960534655e-8 0.09600000083446503
v -0.07479999959468842 7.479999960534655e-8 0.09600000083446503
v -0.07366398913149443 0.012989074081294247 0.07342199981212616
v -0.07479999959468842 7.479999960245354e-8 0.06994199752807617
v -0.07479999959468842 7.479999960534655e-8 0.09600000083446503
v -0.07479999959468842 7.479999960245354e-8 0.06994199752807617
v -0.07366401510949526 -0.012988926753289987 0.09600000083446503
v -0.07366401510949526 -0.012988926753289987 0.09600000083446503
v -0.07479999959468842 7.479999960245354e-8 0.06994199752807617
v -0.07366401510949526 -0.01298892675328999 0.0664609968662262
v -0.07366401510949526 -0.012988926753289987 0.09600000083446503
v -0.07366401510949526 -0.01298892675328999 0.0664609968662262
v -0.07028902645179816 -0.025582930564656842 0.09600000083446503
v -0.07028902645179816 -0.025582930564656842 0.09600000083446503
v -0.07366401510949526 -0.01298892675328999 0.0664609968662262
v -0.07028902645179816 -0.025582930564656846 0.06308700144290924
v -0.07028902645179816 -0.025582930564656842 0.09600000083446503
v -0.07028902645179816 -0.025582930564656846 0.06308700144290924
v -0.06477903589414805 -0.0373999350183457 0.09600000083446504
v -0.06477903589414805 -0.0373999350183457 0.09600000083446504
v -0.07028902645179816 -0.025582930564656846 0.06308700144290924
v -0.06477903589414805 -0.03739993501834571 0.05992000177502633
v -0.06477903589414805 -0.0373999350183457 0.09600000083446504
v -0.06477903589414805 -0.03739993501834571 0.05992000177502633
v -0.05730004946382716 -0.048080942104190574 0.09600000083446504
v -0.05730004946382716 -0.048080942104190574 0.09600000083446504
v -0.06477903589414805 -0.03739993501834571 0.05992000177502633
v -0.05730004946382716 -0.04808094210419058 0.057059001177549376
v -0.05730004946382716 -0.048080942104190574 0.09600000083446504
v -0.05730004946382716 -0.04808094210419058 0.057059001177549376
v -0.04808105670419335 -0.05729995330182834 0.09600000083446504
v -0.04808105670419335 -0.05729995330182834 0.09600000083446504
v -0.05730004946382716 -0.04808094210419058 0.057059001177549376
v -0.04808105670419335 -0.05729995330182835 0.054588001221418395
v -0.04808105670419335 -0.05729995330182834 0.09600000083446504
v -0.04808105670419335 -0.05729995330182835 0.054588001221418395
v -0.0374000645763427 -0.06477896109414845 0.09600000083446504
v -0.0374000645763427 -0.06477896109414845 0.09600000083446504
v -0.04808105670419335 -0.05729995330182835 0.054588001221418395
v -0.0374000645763427 -0.06477896109414845 0.0525839999318123
v -0.0374000645763427 -0.06477896109414845 0.09600000083446504
v -0.0374000645763427 -0.06477896109414845 0.0525839999318123
v -0.025583071142658592 -0.07028897528579643 0.09600000083446504
v -0.025583071142658592 -0.07028897528579643 0.09600000083446504
v -0.0374000645763427 -0.06477896109414845 0.0525839999318123
v -0.025583071142658592 -0.07028897528579645 0.05110799893736841
v -0.025583071142658592 -0.07028897528579643 0.09600000083446504
v -0.025583071142658592 -0.07028897528579645 0.05110799893736841
v -0.012989074081294238 -0.07366398913149441 0.09600000083446504
v -0.012989074081294238 -0.07366398913149441 0.09600000083446504
v -0.025583071142658592 -0.07028897528579645 0.05110799893736841
v -0.012989074081294238 -0.07366398913149443 0.050204001367092146
v -0.012989074081294238 -0.07366398913149441 0.09600000083446504
v -0.012989074081294238 -0.07366398913149443 0.050204001367092146
v -7.479999959468842e-8 -0.0747999995946884 0.09600000083446504
v -7.479999959468842e-8 -0.0747999995946884 0.09600000083446504
v -0.012989074081294238 -0.07366398913149443 0.050204001367092146
v -7.479999959468842e-8 -0.07479999959468842 0.049899000674486174
v -7.249999791383743e-8 -0.07249999791383745 -0.10999999940395354
v -7.249999791383743e-8 -0.07249999791383745 -0.10100000351667403
v -0.013322071657784283 -0.07126598963105214 -0.10999999940395354
v -0.013322071657784283 -0.07126598963105214 -0.10999999940395354
v -7.249999791383743e-8 -0.07249999791383745 -0.10100000351667403
v -0.013322071657784283 -0.07126598963105214 -0.10100000351667403
v -0.013322071657784283 -0.07126598963105214 -0.10999999940395354
v -0.013322071657784283 -0.07126598963105214 -0.10100000351667403
v -0.026190067258886993 -0.06760397169618124 -0.10999999940395354
v -0.026190067258886993 -0.06760397169618124 -0.10999999940395354
v -0.013322071657784283 -0.07126598963105214 -0.10100000351667403
v -0.026190067258886993 -0.06760397169618124 -0.10100000351667403
v -0.026190067258886993 -0.06760397169618124 -0.10999999940395354
v -0.026190067258886993 -0.06760397169618124 -0.10100000351667403
v -0.03816606308009476 -0.06164096204523743 -0.10999999940395354
v -0.03816606308009476 -0.06164096204523743 -0.10999999940395354
v -0.026190067258886993 -0.06760397169618124 -0.10100000351667403
v -0.03816606308009476 -0.06164096204523743 -0.10100000351667403
v -0.03816606308009476 -0.06164096204523743 -0.10999999940395354
v -0.03816606308009476 -0.06164096204523743 -0.10100000351667403
v -0.048843053662162274 -0.05357795167269931 -0.10999999940395354
v -0.048843053662162274 -0.05357795167269931 -0.10999999940395354
v -0.03816606308009476 -0.06164096204523743 -0.10100000351667403
v -0.048843053662162274 -0.05357795167269931 -0.10100000351667403
v -0.048843053662162274 -0.05357795167269931 -0.10999999940395354
v -0.048843053662162274 -0.05357795167269931 -0.10100000351667403
v -0.05785604465087503 -0.04369094397648425 -0.10999999940395354
v -0.05785604465087503 -0.04369094397648425 -0.10999999940395354
v -0.048843053662162274 -0.05357795167269931 -0.10100000351667403
v -0.05785604465087503 -0.04369094397648425 -0.10100000351667403
v -0.05785604465087503 -0.04369094397648425 -0.10999999940395354
v -0.05785604465087503 -0.04369094397648425 -0.10100000351667403
v -0.06489902986124158 -0.03231593437048794 -0.10999999940395354
v -0.06489902986124158 -0.03231593437048794 -0.10999999940395354
v -0.05785604465087503 -0.04369094397648425 -0.10100000351667403
v -0.06489902986124158 -0.032315934370487936 -0.10100000351667403
v -0.06489902986124158 -0.03231593437048794 -0.10999999940395354
v -0.06489902986124158 -0.032315934370487936 -0.10100000351667403
v -0.06973202275495231 -0.01984093070573361 -0.10999999940395355
v -0.06973202275495231 -0.01984093070573361 -0.10999999940395355
v -0.06489902986124158 -0.032315934370487936 -0.10100000351667403
v -0.06973202275495231 -0.01984093070573361 -0.10100000351667404
v -0.06973202275495231 -0.01984093070573361 -0.10999999940395355
v -0.06973202275495231 -0.01984093070573361 -0.10100000351667404
v -0.07219100667374115 -0.00668892775243522 -0.10999999940395355
v -0.07219100667374115 -0.00668892775243522 -0.10999999940395355
v -0.06973202275495231 -0.01984093070573361 -0.10100000351667404
v -0.07219100667374115 -0.006688927752435218 -0.10100000351667404
v -0.07219100667374115 -0.00668892775243522 -0.10999999940395355
v -0.07219100667374115 -0.006688927752435218 -0.10100000351667404
v -0.07219099329574127 0.006689072134435164 -0.10999999940395355
v -0.07219099329574127 0.006689072134435164 -0.10999999940395355
v -0.07219100667374115 -0.006688927752435218 -0.10100000351667404
v -0.07219099329574127 0.006689072134435166 -0.10100000351667404
v -0.07219099329574127 0.006689072134435164 -0.10999999940395355
v -0.07219099329574127 0.006689072134435166 -0.10100000351667404
v -0.06973198307295143 0.019841070169739412 -0.10999999940395355
v -0.06973198307295143 0.019841070169739412 -0.10999999940395355
v -0.07219099329574127 0.006689072134435166 -0.10100000351667404
v -0.06973198307295143 0.019841070169739412 -0.10100000351667404
v -0.06973198307295143 0.019841070169739412 -0.10999999940395355
v -0.06973198307295143 0.019841070169739412 -0.10100000351667404
v -0.06489896522924304 0.032316064168483004 -0.10999999940395357
v -0.06489896522924304 0.032316064168483004 -0.10999999940395357
v -0.06973198307295143 0.019841070169739412 -0.10100000351667404
v -0.06489896522924304 0.03231606416848301 -0.10100000351667406
v -0.06489896522924304 0.032316064168483004 -0.10999999940395357
v -0.06489896522924304 0.03231606416848301 -0.10100000351667406
v -0.05785595726887137 0.04369105968848615 -0.10999999940395357
v -0.05785595726887137 0.04369105968848615 -0.10999999940395357
v -0.06489896522924304 0.03231606416848301 -0.10100000351667406
v -0.05785595726887137 0.04369105968848615 -0.10100000351667406
v -0.05785595726887137 0.04369105968848615 -0.10999999940395357
v -0.05785595726887137 0.04369105968848615 -0.10100000351667406
v -0.04884294650616124 0.05357804935869946 -0.10999999940395357
v -0.04884294650616124 0.05357804935869946 -0.10999999940395357
v -0.05785595726887137 0.04369105968848615 -0.10100000351667406
v -0.04884294650616124 0.05357804935869946 -0.10100000351667406
v -0.04884294650616124 0.05357804935869946 -0.10999999940395357
v -0.04884294650616124 0.05357804935869946 -0.10100000351667406
v -0.03816593979809433 0.06164103837724029 -0.10999999940395357
v -0.03816593979809433 0.06164103837724029 -0.10999999940395357
v -0.04884294650616124 0.05357804935869946 -0.10100000351667406
v -0.03816593979809433 0.06164103837724029 -0.10100000351667406
v -0.03816593979809433 0.06164103837724029 -0.10999999940395357
v -0.03816593979809433 0.06164103837724029 -0.10100000351667406
v -0.02618993205089122 0.06760402407618052 -0.10999999940395357
v -0.02618993205089122 0.06760402407618052 -0.10999999940395357
v -0.03816593979809433 0.06164103837724029 -0.10100000351667406
v -0.02618993205089122 0.06760402407618052 -0.10100000351667406
v -0.02618993205089122 0.06760402407618052 -0.10999999940395357
v -0.02618993205089122 0.06760402407618052 -0.10100000351667406
v -0.013321929125778377 0.0712660162750529 -0.10999999940395357
v -0.013321929125778377 0.0712660162750529 -0.10999999940395357
v -0.02618993205089122 0.06760402407618052 -0.10100000351667406
v -0.013321929125778377 0.0712660162750529 -0.10100000351667406
v -0.013321929125778377 0.0712660162750529 -0.10999999940395357
v -0.013321929125778377 0.0712660162750529 -0.10100000351667406
v 7.249999791383743e-8 0.07249999791383742 -0.10999999940395357
v 7.249999791383743e-8 0.07249999791383742 -0.10999999940395357
v -0.013321929125778377 0.0712660162750529 -0.10100000351667406
v 7.249999791383743e-8 0.07249999791383742 -0.10100000351667406
v -7.479999959468842e-8 -0.07479999959468843 -0.09600000083446501
v -0.012989074081294238 -0.07366398913149444 -0.09600000083446501
v -7.479999959468842e-8 -0.07479999959468843 -0.10100000351667403
v -7.479999959468842e-8 -0.07479999959468843 -0.10100000351667403
v -0.012989074081294238 -0.07366398913149444 -0.09600000083446501
v -0.012989074081294238 -0.07366398913149444 -0.10100000351667403
v -0.012989074081294238 -0.07366398913149444 -0.10100000351667403
v -0.012989074081294238 -0.07366398913149444 -0.09600000083446501
v -0.025583071142658592 -0.07028897528579646 -0.09600000083446501
v -0.012989074081294238 -0.07366398913149444 -0.10100000351667403
v -0.025583071142658592 -0.07028897528579646 -0.09600000083446501
v -0.025583071142658592 -0.07028897528579646 -0.10100000351667403
v -0.025583071142658592 -0.07028897528579646 -0.10100000351667403
v -0.025583071142658592 -0.07028897528579646 -0.09600000083446501
v -0.0374000645763427 -0.06477896109414846 -0.09600000083446501
v -0.025583071142658592 -0.07028897528579646 -0.10100000351667403
v -0.0374000645763427 -0.06477896109414846 -0.09600000083446501
v -0.0374000645763427 -0.06477896109414846 -0.10100000351667403
v -0.0374000645763427 -0.06477896109414846 -0.10100000351667403
v -0.0374000645763427 -0.06477896109414846 -0.09600000083446501
v -0.04808105670419335 -0.05729995330182837 -0.09600000083446501
v -0.0374000645763427 -0.06477896109414846 -0.10100000351667403
v -0.04808105670419335 -0.05729995330182837 -0.09600000083446501
v -0.04808105670419335 -0.05729995330182837 -0.10100000351667403
v -0.04808105670419335 -0.05729995330182837 -0.10100000351667403
v -0.04808105670419335 -0.05729995330182837 -0.09600000083446501
v -0.05730004946382716 -0.0480809421041906 -0.09600000083446501
v -0.04808105670419335 -0.05729995330182837 -0.10100000351667403
v -0.05730004946382716 -0.0480809421041906 -0.09600000083446501
v -0.05730004946382716 -0.0480809421041906 -0.10100000351667403
v -0.05730004946382716 -0.0480809421041906 -0.10100000351667403
v -0.05730004946382716 -0.0480809421041906 -0.09600000083446501
v -0.06477903589414805 -0.03739993501834572 -0.09600000083446501
v -0.05730004946382716 -0.0480809421041906 -0.10100000351667403
v -0.06477903589414805 -0.03739993501834572 -0.09600000083446501
v -0.06477903589414805 -0.03739993501834572 -0.10100000351667403
v -0.06477903589414805 -0.03739993501834572 -0.10100000351667403
v -0.06477903589414805 -0.03739993501834572 -0.09600000083446501
v -0.07028902645179816 -0.025582930564656863 -0.09600000083446503
v -0.06477903589414805 -0.03739993501834572 -0.10100000351667403
v -0.07028902645179816 -0.025582930564656863 -0.09600000083446503
v -0.07028902645179816 -0.025582930564656863 -0.10100000351667404
v -0.07028902645179816 -0.025582930564656863 -0.10100000351667404
v -0.07028902645179816 -0.025582930564656863 -0.09600000083446503
v -0.07366401510949526 -0.012988926753290008 -0.09600000083446503
v -0.07028902645179816 -0.025582930564656863 -0.10100000351667404
v -0.07366401510949526 -0.012988926753290008 -0.09600000083446503
v -0.07366401510949526 -0.012988926753290008 -0.10100000351667404
v -0.07366401510949526 -0.012988926753290008 -0.10100000351667404
v -0.07366401510949526 -0.012988926753290008 -0.09600000083446503
v -0.07479999959468842 7.479999958403028e-8 -0.09600000083446503
v -0.07366401510949526 -0.012988926753290008 -0.10100000351667404
v -0.07479999959468842 7.479999958403028e-8 -0.09600000083446503
v -0.07479999959468842 7.479999958347517e-8 -0.10100000351667404
v -0.07479999959468842 7.479999958347517e-8 -0.10100000351667404
v -0.07479999959468842 7.479999958403028e-8 -0.09600000083446503
v -0.07366398913149443 0.012989074081294228 -0.09600000083446503
v -0.07479999959468842 7.479999958347517e-8 -0.10100000351667404
v -0.07366398913149443 0.012989074081294228 -0.09600000083446503
v -0.07366398913149443 0.012989074081294228 -0.10100000351667404
v -0.07366398913149443 0.012989074081294228 -0.10100000351667404
v -0.07366398913149443 0.012989074081294228 -0.09600000083446503
v -0.07028897528579645 0.025583071142658582 -0.09600000083446503
v -0.07366398913149443 0.012989074081294228 -0.10100000351667404
v -0.07028897528579645 0.025583071142658582 -0.09600000083446503
v -0.07028897528579645 0.025583071142658582 -0.10100000351667404
v -0.07028897528579645 0.025583071142658582 -0.10100000351667404
v -0.07028897528579645 0.025583071142658582 -0.09600000083446503
v -0.06477896109414846 0.03740006457634269 -0.09600000083446504
v -0.07028897528579645 0.025583071142658582 -0.10100000351667404
v -0.06477896109414846 0.03740006457634269 -0.09600000083446504
v -0.06477896109414846 0.03740006457634269 -0.10100000351667406
v -0.06477896109414846 0.03740006457634269 -0.10100000351667406
v -0.06477896109414846 0.03740006457634269 -0.09600000083446504
v -0.057299953301828355 0.04808105670419334 -0.09600000083446504
v -0.06477896109414846 0.03740006457634269 -0.10100000351667406
v -0.057299953301828355 0.04808105670419334 -0.09600000083446504
v -0.057299953301828355 0.04808105670419334 -0.10100000351667406
v -0.057299953301828355 0.04808105670419334 -0.10100000351667406
v -0.057299953301828355 0.04808105670419334 -0.09600000083446504
v -0.04808094210419059 0.05730004946382715 -0.09600000083446504
v -0.057299953301828355 0.04808105670419334 -0.10100000351667406
v -0.04808094210419059 0.05730004946382715 -0.09600000083446504
v -0.04808094210419059 0.05730004946382715 -0.10100000351667406
v -0.04808094210419059 0.05730004946382715 -0.10100000351667406
v -0.04808094210419059 0.05730004946382715 -0.09600000083446504
v -0.037399935018345716 0.06477903589414805 -0.09600000083446504
v -0.04808094210419059 0.05730004946382715 -0.10100000351667406
v -0.037399935018345716 0.06477903589414805 -0.09600000083446504
v -0.037399935018345716 0.06477903589414805 -0.10100000351667406
v -0.037399935018345716 0.06477903589414805 -0.10100000351667406
v -0.037399935018345716 0.06477903589414805 -0.09600000083446504
v -0.025582930564656853 0.07028902645179815 -0.09600000083446504
v -0.037399935018345716 0.06477903589414805 -0.10100000351667406
v -0.025582930564656853 0.07028902645179815 -0.09600000083446504
v -0.025582930564656853 0.07028902645179815 -0.10100000351667406
v -0.025582930564656853 0.07028902645179815 -0.10100000351667406
v -0.025582930564656853 0.07028902645179815 -0.09600000083446504
v -0.012988926753289998 0.07366401510949525 -0.09600000083446504
v -0.025582930564656853 0.07028902645179815 -0.10100000351667406
v -0.012988926753289998 0.07366401510949525 -0.09600000083446504
v -0.012988926753289998 0.07366401510949525 -0.10100000351667406
v -0.012988926753289998 0.07366401510949525 -0.10100000351667406
v -0.012988926753289998 0.07366401510949525 -0.09600000083446504
v 7.479999959468842e-8 0.0747999995946884 -0.10100000351667406
v 7.479999959468842e-8 0.0747999995946884 -0.10100000351667406
v -0.012988926753289998 0.07366401510949525 -0.09600000083446504
v 7.479999959468842e-8 0.0747999995946884 -0.09600000083446504
v 7.479999959468842e-8 0.0747999995946884 -0.10100000351667406
v 7.479999959468842e-8 0.0747999995946884 -0.09600000083446504
v 0.012989074081294238 0.07366398913149441 -0.10100000351667406
v 0.012989074081294238 0.07366398913149441 -0.10100000351667406
v 7.479999959468842e-8 0.0747999995946884 -0.09600000083446504
v 0.012989074081294238 0.07366398913149441 -0.09600000083446504
v 0.012989074081294238 0.07366398913149441 -0.10100000351667406
v 0.012989074081294238 0.07366398913149441 -0.09600000083446504
v 0.025583071142658592 0.07028897528579643 -0.09600000083446504
v 0.012989074081294238 0.07366398913149441 -0.10100000351667406
v 0.025583071142658592 0.07028897528579643 -0.09600000083446504
v 0.025583071142658592 0.07028897528579643 -0.10100000351667406
v 0.025583071142658592 0.07028897528579643 -0.10100000351667406
v 0.025583071142658592 0.07028897528579643 -0.09600000083446504
v 0.0374000645763427 0.06477896109414845 -0.09600000083446504
v 0.025583071142658592 0.07028897528579643 -0.10100000351667406
v 0.0374000645763427 0.06477896109414845 -0.09600000083446504
v 0.0374000645763427 0.06477896109414845 -0.10100000351667406
v 0.0374000645763427 0.06477896109414845 -0.10100000351667406
v 0.0374000645763427 0.06477896109414845 -0.09600000083446504
v 0.04808105670419335 0.05729995330182834 -0.09600000083446504
v 0.0374000645763427 0.06477896109414845 -0.10100000351667406
v 0.04808105670419335 0.05729995330182834 -0.09600000083446504
v 0.04808105670419335 0.05729995330182834 -0.10100000351667406
v 0.04808105670419335 0.05729995330182834 -0.10100000351667406
v 0.04808105670419335 0.05729995330182834 -0.09600000083446504
v 0.05730004946382716 0.048080942104190574 -0.09600000083446504
v 0.04808105670419335 0.05729995330182834 -0.10100000351667406
v 0.05730004946382716 0.048080942104190574 -0.09600000083446504
v 0.05730004946382716 0.048080942104190574 -0.10100000351667406
v 0.05730004946382716 0.048080942104190574 -0.10100000351667406
v 0.05730004946382716 0.048080942104190574 -0.09600000083446504
v 0.06477903589414805 0.0373999350183457 -0.09600000083446504
v 0.05730004946382716 0.048080942104190574 -0.10100000351667406
v 0.06477903589414805 0.0373999350183457 -0.09600000083446504
v 0.06477903589414805 0.0373999350183457 -0.10100000351667406
v 0.06477903589414805 0.0373999350183457 -0.10100000351667406
v 0.06477903589414805 0.0373999350183457 -0.09600000083446504
v 0.07028902645179816 0.025582930564656842 -0.09600000083446503
v 0.06477903589414805 0.0373999350183457 -0.10100000351667406
v 0.07028902645179816 0.025582930564656842 -0.09600000083446503
v 0.07028902645179816 0.025582930564656842 -0.10100000351667404
v 0.07028902645179816 0.025582930564656842 -0.10100000351667404
v 0.07028902645179816 0.025582930564656842 -0.09600000083446503
v 0.07366401510949526 0.012988926753289987 -0.09600000083446503
v 0.07028902645179816 0.025582930564656842 -0.10100000351667404
v 0.07366401510949526 0.012988926753289987 -0.09600000083446503
v 0.07366401510949526 0.012988926753289986 -0.10100000351667404
v 0.07366401510949526 0.012988926753289986 -0.10100000351667404
v 0.07366401510949526 0.012988926753289987 -0.09600000083446503
v 0.07479999959468842 -7.479999960534655e-8 -0.09600000083446503
v 0.07366401510949526 0.012988926753289986 -0.10100000351667404
v 0.07479999959468842 -7.479999960534655e-8 -0.09600000083446503
v 0.07479999959468842 -7.479999960590166e-8 -0.10100000351667404
v 0.07479999959468842 -7.479999960590166e-8 -0.10100000351667404
v 0.07479999959468842 -7.479999960534655e-8 -0.09600000083446503
v 0.07366398913149443 -0.012989074081294249 -0.09600000083446503
v 0.07479999959468842 -7.479999960590166e-8 -0.10100000351667404
v 0.07366398913149443 -0.012989074081294249 -0.09600000083446503
v 0.07366398913149443 -0.01298907408129425 -0.10100000351667404
v 0.07366398913149443 -0.01298907408129425 -0.10100000351667404
v 0.07366398913149443 -0.012989074081294249 -0.09600000083446503
v 0.07028897528579645 -0.025583071142658603 -0.09600000083446503
v 0.07366398913149443 -0.01298907408129425 -0.10100000351667404
v 0.07028897528579645 -0.025583071142658603 -0.09600000083446503
v 0.07028897528579645 -0.025583071142658603 -0.10100000351667404
v 0.07028897528579645 -0.025583071142658603 -0.10100000351667404
v 0.07028897528579645 -0.025583071142658603 -0.09600000083446503
v 0.06477896109414846 -0.03740006457634271 -0.09600000083446501
v 0.07028897528579645 -0.025583071142658603 -0.10100000351667404
v 0.06477896109414846 -0.03740006457634271 -0.09600000083446501
v 0.06477896109414846 -0.03740006457634271 -0.10100000351667403
v 0.06477896109414846 -0.03740006457634271 -0.10100000351667403
v 0.06477896109414846 -0.03740006457634271 -0.09600000083446501
v 0.057299953301828355 -0.04808105670419337 -0.09600000083446501
v 0.06477896109414846 -0.03740006457634271 -0.10100000351667403
v 0.057299953301828355 -0.04808105670419337 -0.09600000083446501
v 0.057299953301828355 -0.04808105670419337 -0.10100000351667403
v 0.057299953301828355 -0.04808105670419337 -0.10100000351667403
v 0.057299953301828355 -0.04808105670419337 -0.09600000083446501
v 0.04808094210419059 -0.05730004946382718 -0.09600000083446501
v 0.057299953301828355 -0.04808105670419337 -0.10100000351667403
v 0.04808094210419059 -0.05730004946382718 -0.09600000083446501
v 0.04808094210419059 -0.05730004946382718 -0.10100000351667403
v 0.04808094210419059 -0.05730004946382718 -0.10100000351667403
v 0.04808094210419059 -0.05730004946382718 -0.09600000083446501
v 0.037399935018345716 -0.06477903589414806 -0.09600000083446501
v 0.04808094210419059 -0.05730004946382718 -0.10100000351667403
v 0.037399935018345716 -0.06477903589414806 -0.09600000083446501
v 0.037399935018345716 -0.06477903589414806 -0.10100000351667403
v 0.037399935018345716 -0.06477903589414806 -0.10100000351667403
v 0.037399935018345716 -0.06477903589414806 -0.09600000083446501
v 0.025582930564656853 -0.07028902645179817 -0.09600000083446501
v 0.037399935018345716 -0.06477903589414806 -0.10100000351667403
v 0.025582930564656853 -0.07028902645179817 -0.09600000083446501
v 0.025582930564656853 -0.07028902645179817 -0.10100000351667403
v 0.025582930564656853 -0.07028902645179817 -0.10100000351667403
v 0.025582930564656853 -0.07028902645179817 -0.09600000083446501
v 0.012988926753289998 -0.07366401510949527 -0.09600000083446501
v 0.025582930564656853 -0.07028902645179817 -0.10100000351667403
v 0.012988926753289998 -0.07366401510949527 -0.09600000083446501
v 0.012988926753289998 -0.07366401510949527 -0.10100000351667403
v 0.012988926753289998 -0.07366401510949527 -0.10100000351667403
v 0.012988926753289998 -0.07366401510949527 -0.09600000083446501
v -7.479999959468842e-8 -0.07479999959468843 -0.09600000083446501
v 0.012988926753289998 -0.07366401510949527 -0.10100000351667403
v -7.479999959468842e-8 -0.07479999959468843 -0.09600000083446501
v -7.479999959468842e-8 -0.07479999959468843 -0.10100000351667403
v 0.013321929125778377 -0.07126601627505293 -0.10999999940395354
v -7.249999791383743e-8 -0.07249999791383745 -0.10999999940395354
v 0.05785604465087503 0.04369094397648423 -0.10999999940395357
v 0.05785604465087503 0.04369094397648423 -0.10999999940395357
v -7.249999791383743e-8 -0.07249999791383745 -0.10999999940395354
v -0.013322071657784283 -0.07126598963105214 -0.10999999940395354
v 0.05785604465087503 0.04369094397648423 -0.10999999940395357
v -0.013322071657784283 -0.07126598963105214 -0.10999999940395354
v -0.026190067258886993 -0.06760397169618124 -0.10999999940395354
v -0.026190067258886993 -0.06760397169618124 -0.10999999940395354
v -0.03816606308009476 -0.06164096204523743 -0.10999999940395354
v 0.05785604465087503 0.04369094397648423 -0.10999999940395357
v 0.05785604465087503 0.04369094397648423 -0.10999999940395357
v -0.03816606308009476 -0.06164096204523743 -0.10999999940395354
v 0.048843053662162274 0.05357795167269929 -0.10999999940395357
v 0.048843053662162274 0.05357795167269929 -0.10999999940395357
v -0.03816606308009476 -0.06164096204523743 -0.10999999940395354
v -0.048843053662162274 -0.05357795167269931 -0.10999999940395354
v 0.048843053662162274 0.05357795167269929 -0.10999999940395357
v -0.048843053662162274 -0.05357795167269931 -0.10999999940395354
v -0.05785604465087503 -0.04369094397648425 -0.10999999940395354
v -0.05785604465087503 -0.04369094397648425 -0.10999999940395354
v -0.06489902986124158 -0.03231593437048794 -0.10999999940395354
v 0.048843053662162274 0.05357795167269929 -0.10999999940395357
v 0.048843053662162274 0.05357795167269929 -0.10999999940395357
v -0.06489902986124158 -0.03231593437048794 -0.10999999940395354
v -0.06973202275495231 -0.01984093070573361 -0.10999999940395355
v 0.048843053662162274 0.05357795167269929 -0.10999999940395357
v -0.06973202275495231 -0.01984093070573361 -0.10999999940395355
v -0.07219100667374115 -0.00668892775243522 -0.10999999940395355
v -0.07219100667374115 -0.00668892775243522 -0.10999999940395355
v -0.07219099329574127 0.006689072134435164 -0.10999999940395355
v 0.048843053662162274 0.05357795167269929 -0.10999999940395357
v 0.048843053662162274 0.05357795167269929 -0.10999999940395357
v -0.07219099329574127 0.006689072134435164 -0.10999999940395355
v -0.06973198307295143 0.019841070169739412 -0.10999999940395355
v 0.048843053662162274 0.05357795167269929 -0.10999999940395357
v -0.06973198307295143 0.019841070169739412 -0.10999999940395355
v -0.06489896522924304 0.032316064168483004 -0.10999999940395357
v -0.06489896522924304 0.032316064168483004 -0.10999999940395357
v -0.05785595726887137 0.04369105968848615 -0.10999999940395357
v 0.048843053662162274 0.05357795167269929 -0.10999999940395357
v 0.048843053662162274 0.05357795167269929 -0.10999999940395357
v -0.05785595726887137 0.04369105968848615 -0.10999999940395357
v -0.04884294650616124 0.05357804935869946 -0.10999999940395357
v 0.048843053662162274 0.05357795167269929 -0.10999999940395357
v -0.04884294650616124 0.05357804935869946 -0.10999999940395357
v 0.03816606308009476 0.06164096204523741 -0.10999999940395357
v 0.03816606308009476 0.06164096204523741 -0.10999999940395357
v -0.04884294650616124 0.05357804935869946 -0.10999999940395357
v -0.03816593979809433 0.06164103837724029 -0.10999999940395357
v 0.03816606308009476 0.06164096204523741 -0.10999999940395357
v -0.03816593979809433 0.06164103837724029 -0.10999999940395357
v 0.026190067258886993 0.06760397169618121 -0.10999999940395357
v 0.026190067258886993 0.06760397169618121 -0.10999999940395357
v -0.03816593979809433 0.06164103837724029 -0.10999999940395357
v -0.02618993205089122 0.06760402407618052 -0.10999999940395357
v 0.026190067258886993 0.06760397169618121 -0.10999999940395357
v -0.02618993205089122 0.06760402407618052 -0.10999999940395357
v 0.013322071657784283 0.07126598963105212 -0.10999999940395357
v 0.013322071657784283 0.07126598963105212 -0.10999999940395357
v -0.02618993205089122 0.06760402407618052 -0.10999999940395357
v -0.013321929125778377 0.0712660162750529 -0.10999999940395357
v 0.013322071657784283 0.07126598963105212 -0.10999999940395357
v -0.013321929125778377 0.0712660162750529 -0.10999999940395357
v 7.249999791383743e-8 0.07249999791383742 -0.10999999940395357
v 0.06489902986124158 0.032315934370487916 -0.10999999940395357
v 0.05785595726887137 -0.04369105968848617 -0.10999999940395354
v 0.05785604465087503 0.04369094397648423 -0.10999999940395357
v 0.05785604465087503 0.04369094397648423 -0.10999999940395357
v 0.05785595726887137 -0.04369105968848617 -0.10999999940395354
v 0.04884294650616124 -0.05357804935869948 -0.10999999940395354
v 0.05785604465087503 0.04369094397648423 -0.10999999940395357
v 0.04884294650616124 -0.05357804935869948 -0.10999999940395354
v 0.03816593979809433 -0.06164103837724031 -0.10999999940395354
v 0.05785595726887137 -0.04369105968848617 -0.10999999940395354
v 0.06489902986124158 0.032315934370487916 -0.10999999940395357
v 0.06489896522924304 -0.03231606416848303 -0.10999999940395354
v 0.06489896522924304 -0.03231606416848303 -0.10999999940395354
v 0.06489902986124158 0.032315934370487916 -0.10999999940395357
v 0.06973202275495231 0.019840930705733586 -0.10999999940395355
v 0.06489896522924304 -0.03231606416848303 -0.10999999940395354
v 0.06973202275495231 0.019840930705733586 -0.10999999940395355
v 0.06973198307295143 -0.019841070169739437 -0.10999999940395355
v 0.06973198307295143 -0.019841070169739437 -0.10999999940395355
v 0.06973202275495231 0.019840930705733586 -0.10999999940395355
v 0.07219100667374115 0.006688927752435195 -0.10999999940395355
v 0.06973198307295143 -0.019841070169739437 -0.10999999940395355
v 0.07219100667374115 0.006688927752435195 -0.10999999940395355
v 0.07219099329574127 -0.0066890721344351894 -0.10999999940395355
v 0.03816593979809433 -0.06164103837724031 -0.10999999940395354
v 0.02618993205089122 -0.06760402407618055 -0.10999999940395354
v 0.05785604465087503 0.04369094397648423 -0.10999999940395357
v 0.05785604465087503 0.04369094397648423 -0.10999999940395357
v 0.02618993205089122 -0.06760402407618055 -0.10999999940395354
v 0.013321929125778377 -0.07126601627505293 -0.10999999940395354
v 7.249999791383743e-8 0.07249999791383742 -0.10999999940395357
v 7.249999791383743e-8 0.07249999791383742 -0.10100000351667406
v 0.013322071657784283 0.07126598963105212 -0.10999999940395357
v 0.013322071657784283 0.07126598963105212 -0.10999999940395357
v 7.249999791383743e-8 0.07249999791383742 -0.10100000351667406
v 0.013322071657784283 0.07126598963105212 -0.10100000351667406
v 0.013322071657784283 0.07126598963105212 -0.10999999940395357
v 0.013322071657784283 0.07126598963105212 -0.10100000351667406
v 0.026190067258886993 0.06760397169618121 -0.10999999940395357
v 0.026190067258886993 0.06760397169618121 -0.10999999940395357
v 0.013322071657784283 0.07126598963105212 -0.10100000351667406
v 0.026190067258886993 0.06760397169618121 -0.10100000351667406
v 0.026190067258886993 0.06760397169618121 -0.10999999940395357
v 0.026190067258886993 0.06760397169618121 -0.10100000351667406
v 0.03816606308009476 0.06164096204523741 -0.10999999940395357
v 0.03816606308009476 0.06164096204523741 -0.10999999940395357
v 0.026190067258886993 0.06760397169618121 -0.10100000351667406
v 0.03816606308009476 0.06164096204523741 -0.10100000351667406
v 0.03816606308009476 0.06164096204523741 -0.10999999940395357
v 0.03816606308009476 0.06164096204523741 -0.10100000351667406
v 0.048843053662162274 0.05357795167269929 -0.10999999940395357
v 0.048843053662162274 0.05357795167269929 -0.10999999940395357
v 0.03816606308009476 0.06164096204523741 -0.10100000351667406
v 0.048843053662162274 0.05357795167269929 -0.10100000351667406
v 0.048843053662162274 0.05357795167269929 -0.10999999940395357
v 0.048843053662162274 0.05357795167269929 -0.10100000351667406
v 0.05785604465087503 0.04369094397648423 -0.10999999940395357
v 0.05785604465087503 0.04369094397648423 -0.10999999940395357
v 0.048843053662162274 0.05357795167269929 -0.10100000351667406
v 0.05785604465087503 0.04369094397648423 -0.10100000351667406
v 0.05785604465087503 0.04369094397648423 -0.10999999940395357
v 0.05785604465087503 0.04369094397648423 -0.10100000351667406
v 0.06489902986124158 0.032315934370487916 -0.10999999940395357
v 0.06489902986124158 0.032315934370487916 -0.10999999940395357
v 0.05785604465087503 0.04369094397648423 -0.10100000351667406
v 0.06489902986124158 0.032315934370487916 -0.10100000351667406
v 0.06489902986124158 0.032315934370487916 -0.10999999940395357
v 0.06489902986124158 0.032315934370487916 -0.10100000351667406
v 0.06973202275495231 0.019840930705733586 -0.10999999940395355
v 0.06973202275495231 0.019840930705733586 -0.10999999940395355
v 0.06489902986124158 0.032315934370487916 -0.10100000351667406
v 0.06973202275495231 0.019840930705733586 -0.10100000351667404
v 0.06973202275495231 0.019840930705733586 -0.10999999940395355
v 0.06973202275495231 0.019840930705733586 -0.10100000351667404
v 0.07219100667374115 0.006688927752435195 -0.10999999940395355
v 0.07219100667374115 0.006688927752435195 -0.10999999940395355
v 0.06973202275495231 0.019840930705733586 -0.10100000351667404
v 0.07219100667374115 0.0066889277524351965 -0.10100000351667404
v 0.07219100667374115 0.006688927752435195 -0.10999999940395355
v 0.07219100667374115 0.0066889277524351965 -0.10100000351667404
v 0.07219099329574127 -0.0066890721344351894 -0.10999999940395355
v 0.07219099329574127 -0.0066890721344351894 -0.10999999940395355
v 0.07219100667374115 0.0066889277524351965 -0.10100000351667404
v 0.07219099329574127 -0.006689072134435188 -0.10100000351667404
v 0.07219099329574127 -0.0066890721344351894 -0.10999999940395355
v 0.07219099329574127 -0.006689072134435188 -0.10100000351667404
v 0.06973198307295143 -0.019841070169739437 -0.10999999940395355
v 0.06973198307295143 -0.019841070169739437 -0.10999999940395355
v 0.07219099329574127 -0.006689072134435188 -0.10100000351667404
v 0.06973198307295143 -0.019841070169739437 -0.10100000351667404
v 0.06973198307295143 -0.019841070169739437 -0.10999999940395355
v 0.06973198307295143 -0.019841070169739437 -0.10100000351667404
v 0.06489896522924304 -0.03231606416848303 -0.10999999940395354
v 0.06489896522924304 -0.03231606416848303 -0.10999999940395354
v 0.06973198307295143 -0.019841070169739437 -0.10100000351667404
v 0.06489896522924304 -0.03231606416848303 -0.10100000351667403
v 0.06489896522924304 -0.03231606416848303 -0.10999999940395354
v 0.06489896522924304 -0.03231606416848303 -0.10100000351667403
v 0.05785595726887137 -0.04369105968848617 -0.10999999940395354
v 0.05785595726887137 -0.04369105968848617 -0.10999999940395354
v 0.06489896522924304 -0.03231606416848303 -0.10100000351667403
v 0.05785595726887137 -0.04369105968848617 -0.10100000351667403
v 0.05785595726887137 -0.04369105968848617 -0.10999999940395354
v 0.05785595726887137 -0.04369105968848617 -0.10100000351667403
v 0.04884294650616124 -0.05357804935869948 -0.10999999940395354
v 0.04884294650616124 -0.05357804935869948 -0.10999999940395354
v 0.05785595726887137 -0.04369105968848617 -0.10100000351667403
v 0.04884294650616124 -0.05357804935869948 -0.10100000351667403
v 0.04884294650616124 -0.05357804935869948 -0.10999999940395354
v 0.04884294650616124 -0.05357804935869948 -0.10100000351667403
v 0.03816593979809433 -0.06164103837724031 -0.10999999940395354
v 0.03816593979809433 -0.06164103837724031 -0.10999999940395354
v 0.04884294650616124 -0.05357804935869948 -0.10100000351667403
v 0.03816593979809433 -0.06164103837724031 -0.10100000351667403
v 0.03816593979809433 -0.06164103837724031 -0.10999999940395354
v 0.03816593979809433 -0.06164103837724031 -0.10100000351667403
v 0.02618993205089122 -0.06760402407618055 -0.10999999940395354
v 0.02618993205089122 -0.06760402407618055 -0.10999999940395354
v 0.03816593979809433 -0.06164103837724031 -0.10100000351667403
v 0.02618993205089122 -0.06760402407618055 -0.10100000351667403
v 0.02618993205089122 -0.06760402407618055 -0.10999999940395354
v 0.02618993205089122 -0.06760402407618055 -0.10100000351667403
v 0.013321929125778377 -0.07126601627505293 -0.10999999940395354
v 0.013321929125778377 -0.07126601627505293 -0.10999999940395354
v 0.02618993205089122 -0.06760402407618055 -0.10100000351667403
v 0.013321929125778377 -0.07126601627505293 -0.10100000351667403
v 0.013321929125778377 -0.07126601627505293 -0.10999999940395354
v 0.013321929125778377 -0.07126601627505293 -0.10100000351667403
v -7.249999791383743e-8 -0.07249999791383745 -0.10999999940395354
v -7.249999791383743e-8 -0.07249999791383745 -0.10999999940395354
v 0.013321929125778377 -0.07126601627505293 -0.10100000351667403
v -7.249999791383743e-8 -0.07249999791383745 -0.10100000351667403
v 0.012988926753289998 -0.07366401510949527 -0.10100000351667403
v -7.479999959468842e-8 -0.07479999959468843 -0.10100000351667403
v -7.249999791383743e-8 -0.07249999791383745 -0.10100000351667403
v -7.249999791383743e-8 -0.07249999791383745 -0.10100000351667403
v -7.479999959468842e-8 -0.07479999959468843 -0.10100000351667403
v -0.012989074081294238 -0.07366398913149444 -0.10100000351667403
v -7.249999791383743e-8 -0.07249999791383745 -0.10100000351667403
v -0.012989074081294238 -0.07366398913149444 -0.10100000351667403
v -0.013322071657784283 -0.07126598963105214 -0.10100000351667403
v -0.013322071657784283 -0.07126598963105214 -0.10100000351667403
v -0.012989074081294238 -0.07366398913149444 -0.10100000351667403
v -0.025583071142658592 -0.07028897528579646 -0.10100000351667403
v -0.013322071657784283 -0.07126598963105214 -0.10100000351667403
v -0.025583071142658592 -0.07028897528579646 -0.10100000351667403
v -0.026190067258886993 -0.06760397169618124 -0.10100000351667403
v -0.026190067258886993 -0.06760397169618124 -0.10100000351667403
v -0.025583071142658592 -0.07028897528579646 -0.10100000351667403
v -0.0374000645763427 -0.06477896109414846 -0.10100000351667403
v -0.026190067258886993 -0.06760397169618124 -0.10100000351667403
v -0.0374000645763427 -0.06477896109414846 -0.10100000351667403
v -0.03816606308009476 -0.06164096204523743 -0.10100000351667403
v -0.03816606308009476 -0.06164096204523743 -0.10100000351667403
v -0.0374000645763427 -0.06477896109414846 -0.10100000351667403
v -0.04808105670419335 -0.05729995330182837 -0.10100000351667403
v -0.03816606308009476 -0.06164096204523743 -0.10100000351667403
v -0.04808105670419335 -0.05729995330182837 -0.10100000351667403
v -0.048843053662162274 -0.05357795167269931 -0.10100000351667403
v -0.048843053662162274 -0.05357795167269931 -0.10100000351667403
v -0.04808105670419335 -0.05729995330182837 -0.10100000351667403
v -0.05730004946382716 -0.0480809421041906 -0.10100000351667403
v -0.048843053662162274 -0.05357795167269931 -0.10100000351667403
v -0.05730004946382716 -0.0480809421041906 -0.10100000351667403
v -0.05785604465087503 -0.04369094397648425 -0.10100000351667403
v -0.05785604465087503 -0.04369094397648425 -0.10100000351667403
v -0.05730004946382716 -0.0480809421041906 -0.10100000351667403
v -0.06477903589414805 -0.03739993501834572 -0.10100000351667403
v -0.05785604465087503 -0.04369094397648425 -0.10100000351667403
v -0.06477903589414805 -0.03739993501834572 -0.10100000351667403
v -0.06489902986124158 -0.032315934370487936 -0.10100000351667403
v -0.06489902986124158 -0.032315934370487936 -0.10100000351667403
v -0.06477903589414805 -0.03739993501834572 -0.10100000351667403
v -0.07028902645179816 -0.025582930564656863 -0.10100000351667404
v -0.06489902986124158 -0.032315934370487936 -0.10100000351667403
v -0.07028902645179816 -0.025582930564656863 -0.10100000351667404
v -0.06973202275495231 -0.01984093070573361 -0.10100000351667404
v -0.06973202275495231 -0.01984093070573361 -0.10100000351667404
v -0.07028902645179816 -0.025582930564656863 -0.10100000351667404
v -0.07366401510949526 -0.012988926753290008 -0.10100000351667404
v -0.06973202275495231 -0.01984093070573361 -0.10100000351667404
v -0.07366401510949526 -0.012988926753290008 -0.10100000351667404
v -0.07219100667374115 -0.006688927752435218 -0.10100000351667404
v -0.07219100667374115 -0.006688927752435218 -0.10100000351667404
v -0.07366401510949526 -0.012988926753290008 -0.10100000351667404
v -0.07479999959468842 7.479999958347517e-8 -0.10100000351667404
v -0.07219100667374115 -0.006688927752435218 -0.10100000351667404
v -0.07479999959468842 7.479999958347517e-8 -0.10100000351667404
v -0.07219099329574127 0.006689072134435166 -0.10100000351667404
v -0.07219099329574127 0.006689072134435166 -0.10100000351667404
v -0.07479999959468842 7.479999958347517e-8 -0.10100000351667404
v -0.07366398913149443 0.012989074081294228 -0.10100000351667404
v -0.07219099329574127 0.006689072134435166 -0.10100000351667404
v -0.07366398913149443 0.012989074081294228 -0.10100000351667404
v -0.06973198307295143 0.019841070169739412 -0.10100000351667404
v -0.06973198307295143 0.019841070169739412 -0.10100000351667404
v -0.07366398913149443 0.012989074081294228 -0.10100000351667404
v -0.07028897528579645 0.025583071142658582 -0.10100000351667404
v -0.06973198307295143 0.019841070169739412 -0.10100000351667404
v -0.07028897528579645 0.025583071142658582 -0.10100000351667404
v -0.06489896522924304 0.03231606416848301 -0.10100000351667406
v -0.06489896522924304 0.03231606416848301 -0.10100000351667406
v -0.07028897528579645 0.025583071142658582 -0.10100000351667404
v -0.06477896109414846 0.03740006457634269 -0.10100000351667406
v -0.06489896522924304 0.03231606416848301 -0.10100000351667406
v -0.06477896109414846 0.03740006457634269 -0.10100000351667406
v -0.05785595726887137 0.04369105968848615 -0.10100000351667406
v -0.05785595726887137 0.04369105968848615 -0.10100000351667406
v -0.06477896109414846 0.03740006457634269 -0.10100000351667406
v -0.057299953301828355 0.04808105670419334 -0.10100000351667406
v -0.05785595726887137 0.04369105968848615 -0.10100000351667406
v -0.057299953301828355 0.04808105670419334 -0.10100000351667406
v -0.04884294650616124 0.05357804935869946 -0.10100000351667406
v -0.04884294650616124 0.05357804935869946 -0.10100000351667406
v -0.057299953301828355 0.04808105670419334 -0.10100000351667406
v -0.04808094210419059 0.05730004946382715 -0.10100000351667406
v -0.04884294650616124 0.05357804935869946 -0.10100000351667406
v -0.04808094210419059 0.05730004946382715 -0.10100000351667406
v -0.03816593979809433 0.06164103837724029 -0.10100000351667406
v -0.03816593979809433 0.06164103837724029 -0.10100000351667406
v -0.04808094210419059 0.05730004946382715 -0.10100000351667406
v -0.037399935018345716 0.06477903589414805 -0.10100000351667406
v -0.03816593979809433 0.06164103837724029 -0.10100000351667406
v -0.037399935018345716 0.06477903589414805 -0.10100000351667406
v -0.02618993205089122 0.06760402407618052 -0.10100000351667406
v -0.02618993205089122 0.06760402407618052 -0.10100000351667406
v -0.037399935018345716 0.06477903589414805 -0.10100000351667406
v -0.025582930564656853 0.07028902645179815 -0.10100000351667406
v -0.02618993205089122 0.06760402407618052 -0.10100000351667406
v -0.025582930564656853 0.07028902645179815 -0.10100000351667406
v -0.013321929125778377 0.0712660162750529 -0.10100000351667406
v -0.013321929125778377 0.0712660162750529 -0.10100000351667406
v -0.025582930564656853 0.07028902645179815 -0.10100000351667406
v -0.012988926753289998 0.07366401510949525 -0.10100000351667406
v -0.013321929125778377 0.0712660162750529 -0.10100000351667406
v -0.012988926753289998 0.07366401510949525 -0.10100000351667406
v 7.249999791383743e-8 0.07249999791383742 -0.10100000351667406
v 7.249999791383743e-8 0.07249999791383742 -0.10100000351667406
v -0.012988926753289998 0.07366401510949525 -0.10100000351667406
v 7.479999959468842e-8 0.0747999995946884 -0.10100000351667406
v 7.249999791383743e-8 0.07249999791383742 -0.10100000351667406
v 7.479999959468842e-8 0.0747999995946884 -0.10100000351667406
v 0.012989074081294238 0.07366398913149441 -0.10100000351667406
v 7.249999791383743e-8 0.07249999791383742 -0.10100000351667406
v 0.012989074081294238 0.07366398913149441 -0.10100000351667406
v 0.013322071657784283 0.07126598963105212 -0.10100000351667406
v 0.013322071657784283 0.07126598963105212 -0.10100000351667406
v 0.012989074081294238 0.07366398913149441 -0.10100000351667406
v 0.025583071142658592 0.07028897528579643 -0.10100000351667406
v 0.013322071657784283 0.07126598963105212 -0.10100000351667406
v 0.025583071142658592 0.07028897528579643 -0.10100000351667406
v 0.026190067258886993 0.06760397169618121 -0.10100000351667406
v 0.026190067258886993 0.06760397169618121 -0.10100000351667406
v 0.025583071142658592 0.07028897528579643 -0.10100000351667406
v 0.0374000645763427 0.06477896109414845 -0.10100000351667406
v 0.026190067258886993 0.06760397169618121 -0.10100000351667406
v 0.0374000645763427 0.06477896109414845 -0.10100000351667406
v 0.03816606308009476 0.06164096204523741 -0.10100000351667406
v 0.03816606308009476 0.06164096204523741 -0.10100000351667406
v 0.0374000645763427 0.06477896109414845 -0.10100000351667406
v 0.04808105670419335 0.05729995330182834 -0.10100000351667406
v 0.03816606308009476 0.06164096204523741 -0.10100000351667406
v 0.04808105670419335 0.05729995330182834 -0.10100000351667406
v 0.048843053662162274 0.05357795167269929 -0.10100000351667406
v 0.048843053662162274 0.05357795167269929 -0.10100000351667406
v 0.04808105670419335 0.05729995330182834 -0.10100000351667406
v 0.05730004946382716 0.048080942104190574 -0.10100000351667406
v 0.048843053662162274 0.05357795167269929 -0.10100000351667406
v 0.05730004946382716 0.048080942104190574 -0.10100000351667406
v 0.05785604465087503 0.04369094397648423 -0.10100000351667406
v 0.05785604465087503 0.04369094397648423 -0.10100000351667406
v 0.05730004946382716 0.048080942104190574 -0.10100000351667406
v 0.06477903589414805 0.0373999350183457 -0.10100000351667406
v 0.05785604465087503 0.04369094397648423 -0.10100000351667406
v 0.06477903589414805 0.0373999350183457 -0.10100000351667406
v 0.06489902986124158 0.032315934370487916 -0.10100000351667406
v 0.06489902986124158 0.032315934370487916 -0.10100000351667406
v 0.06477903589414805 0.0373999350183457 -0.10100000351667406
v 0.07028902645179816 0.025582930564656842 -0.10100000351667404
v 0.06489902986124158 0.032315934370487916 -0.10100000351667406
v 0.07028902645179816 0.025582930564656842 -0.10100000351667404
v 0.06973202275495231 0.019840930705733586 -0.10100000351667404
v 0.06973202275495231 0.019840930705733586 -0.10100000351667404
v 0.07028902645179816 0.025582930564656842 -0.10100000351667404
v 0.07366401510949526 0.012988926753289986 -0.10100000351667404
v 0.06973202275495231 0.019840930705733586 -0.10100000351667404
v 0.07366401510949526 0.012988926753289986 -0.10100000351667404
v 0.07219100667374115 0.0066889277524351965 -0.10100000351667404
v 0.07219100667374115 0.0066889277524351965 -0.10100000351667404
v 0.07366401510949526 0.012988926753289986 -0.10100000351667404
v 0.07479999959468842 -7.479999960590166e-8 -0.10100000351667404
v 0.07219100667374115 0.0066889277524351965 -0.10100000351667404
v 0.07479999959468842 -7.479999960590166e-8 -0.10100000351667404
v 0.07219099329574127 -0.006689072134435188 -0.10100000351667404
v 0.07219099329574127 -0.006689072134435188 -0.10100000351667404
v 0.07479999959468842 -7.479999960590166e-8 -0.10100000351667404
v 0.07366398913149443 -0.01298907408129425 -0.10100000351667404
v 0.07219099329574127 -0.006689072134435188 -0.10100000351667404
v 0.07366398913149443 -0.01298907408129425 -0.10100000351667404
v 0.06973198307295143 -0.019841070169739437 -0.10100000351667404
v 0.06973198307295143 -0.019841070169739437 -0.10100000351667404
v 0.07366398913149443 -0.01298907408129425 -0.10100000351667404
v 0.07028897528579645 -0.025583071142658603 -0.10100000351667404
v 0.06973198307295143 -0.019841070169739437 -0.10100000351667404
v 0.07028897528579645 -0.025583071142658603 -0.10100000351667404
v 0.06489896522924304 -0.03231606416848303 -0.10100000351667403
v 0.06489896522924304 -0.03231606416848303 -0.10100000351667403
v 0.07028897528579645 -0.025583071142658603 -0.10100000351667404
v 0.06477896109414846 -0.03740006457634271 -0.10100000351667403
v 0.06489896522924304 -0.03231606416848303 -0.10100000351667403
v 0.06477896109414846 -0.03740006457634271 -0.10100000351667403
v 0.05785595726887137 -0.04369105968848617 -0.10100000351667403
v 0.05785595726887137 -0.04369105968848617 -0.10100000351667403
v 0.06477896109414846 -0.03740006457634271 -0.10100000351667403
v 0.057299953301828355 -0.04808105670419337 -0.10100000351667403
v 0.05785595726887137 -0.04369105968848617 -0.10100000351667403
v 0.057299953301828355 -0.04808105670419337 -0.10100000351667403
v 0.04884294650616124 -0.05357804935869948 -0.10100000351667403
v 0.04884294650616124 -0.05357804935869948 -0.10100000351667403
v 0.057299953301828355 -0.04808105670419337 -0.10100000351667403
v 0.04808094210419059 -0.05730004946382718 -0.10100000351667403
v 0.04884294650616124 -0.05357804935869948 -0.10100000351667403
v 0.04808094210419059 -0.05730004946382718 -0.10100000351667403
v 0.03816593979809433 -0.06164103837724031 -0.10100000351667403
v 0.03816593979809433 -0.06164103837724031 -0.10100000351667403
v 0.04808094210419059 -0.05730004946382718 -0.10100000351667403
v 0.037399935018345716 -0.06477903589414806 -0.10100000351667403
v 0.03816593979809433 -0.06164103837724031 -0.10100000351667403
v 0.037399935018345716 -0.06477903589414806 -0.10100000351667403
v 0.02618993205089122 -0.06760402407618055 -0.10100000351667403
v 0.02618993205089122 -0.06760402407618055 -0.10100000351667403
v 0.037399935018345716 -0.06477903589414806 -0.10100000351667403
v 0.025582930564656853 -0.07028902645179817 -0.10100000351667403
v 0.02618993205089122 -0.06760402407618055 -0.10100000351667403
v 0.025582930564656853 -0.07028902645179817 -0.10100000351667403
v 0.013321929125778377 -0.07126601627505293 -0.10100000351667403
v 0.013321929125778377 -0.07126601627505293 -0.10100000351667403
v 0.025582930564656853 -0.07028902645179817 -0.10100000351667403
v 0.012988926753289998 -0.07366401510949527 -0.10100000351667403
v 0.013321929125778377 -0.07126601627505293 -0.10100000351667403
v 0.012988926753289998 -0.07366401510949527 -0.10100000351667403
v -7.249999791383743e-8 -0.07249999791383745 -0.10100000351667403
v -7.479999959468842e-8 -0.07479999959468842 0.049899000674486174
v 0.012988926753289998 -0.07366401510949526 0.050204001367092146
v -7.479999959468842e-8 -0.0747999995946884 0.09600000083446504
v -7.479999959468842e-8 -0.0747999995946884 0.09600000083446504
v 0.012988926753289998 -0.07366401510949526 0.050204001367092146
v 0.012988926753289998 -0.07366401510949525 0.09600000083446504
v 0.012988926753289998 -0.07366401510949525 0.09600000083446504
v 0.012988926753289998 -0.07366401510949526 0.050204001367092146
v 0.025582930564656853 -0.07028902645179815 0.05110799893736841
v 0.012988926753289998 -0.07366401510949525 0.09600000083446504
v 0.025582930564656853 -0.07028902645179815 0.05110799893736841
v 0.025582930564656853 -0.07028902645179815 0.09600000083446504
v 0.025582930564656853 -0.07028902645179815 0.09600000083446504
v 0.025582930564656853 -0.07028902645179815 0.05110799893736841
v 0.037399935018345716 -0.06477903589414805 0.0525839999318123
v 0.025582930564656853 -0.07028902645179815 0.09600000083446504
v 0.037399935018345716 -0.06477903589414805 0.0525839999318123
v 0.037399935018345716 -0.06477903589414805 0.09600000083446504
v 0.037399935018345716 -0.06477903589414805 0.09600000083446504
v 0.037399935018345716 -0.06477903589414805 0.0525839999318123
v 0.04808094210419059 -0.057300049463827156 0.054588001221418395
v 0.037399935018345716 -0.06477903589414805 0.09600000083446504
v 0.04808094210419059 -0.057300049463827156 0.054588001221418395
v 0.04808094210419059 -0.05730004946382715 0.09600000083446504
v 0.04808094210419059 -0.05730004946382715 0.09600000083446504
v 0.04808094210419059 -0.057300049463827156 0.054588001221418395
v 0.057299953301828355 -0.048081056704193346 0.057059001177549376
v 0.04808094210419059 -0.05730004946382715 0.09600000083446504
v 0.057299953301828355 -0.048081056704193346 0.057059001177549376
v 0.057299953301828355 -0.04808105670419334 0.09600000083446504
v 0.057299953301828355 -0.04808105670419334 0.09600000083446504
v 0.057299953301828355 -0.048081056704193346 0.057059001177549376
v 0.06477896109414846 -0.03740006457634269 0.05992000177502633
v 0.057299953301828355 -0.04808105670419334 0.09600000083446504
v 0.06477896109414846 -0.03740006457634269 0.05992000177502633
v 0.06477896109414846 -0.03740006457634269 0.09600000083446504
v 0.06477896109414846 -0.03740006457634269 0.09600000083446504
v 0.06477896109414846 -0.03740006457634269 0.05992000177502633
v 0.07028897528579645 -0.025583071142658585 0.06308700144290924
v 0.06477896109414846 -0.03740006457634269 0.09600000083446504
v 0.07028897528579645 -0.025583071142658585 0.06308700144290924
v 0.07028897528579645 -0.025583071142658582 0.09600000083446503
v 0.07028897528579645 -0.025583071142658582 0.09600000083446503
v 0.07028897528579645 -0.025583071142658585 0.06308700144290924
v 0.07366398913149443 -0.012989074081294232 0.0664609968662262
v 0.07028897528579645 -0.025583071142658582 0.09600000083446503
v 0.07366398913149443 -0.012989074081294232 0.0664609968662262
v 0.07366398913149443 -0.012989074081294228 0.09600000083446503
v 0.07366398913149443 -0.012989074081294228 0.09600000083446503
v 0.07366398913149443 -0.012989074081294232 0.0664609968662262
v 0.07479999959468842 -7.47999995869233e-8 0.06994199752807617
v 0.07366398913149443 -0.012989074081294228 0.09600000083446503
v 0.07479999959468842 -7.47999995869233e-8 0.06994199752807617
v 0.07479999959468842 -7.479999958403028e-8 0.09600000083446503
v 0.07479999959468842 -7.479999958403028e-8 0.09600000083446503
v 0.07479999959468842 -7.47999995869233e-8 0.06994199752807617
v 0.07366401510949526 0.012988926753290006 0.07342199981212616
v 0.07479999959468842 -7.479999958403028e-8 0.09600000083446503
v 0.07366401510949526 0.012988926753290006 0.07342199981212616
v 0.07366401510949526 0.012988926753290008 0.09600000083446503
v 0.07366401510949526 0.012988926753290008 0.09600000083446503
v 0.07366401510949526 0.012988926753290006 0.07342199981212616
v 0.07028902645179816 0.025582930564656863 0.0767970010638237
v 0.07366401510949526 0.012988926753290008 0.09600000083446503
v 0.07028902645179816 0.025582930564656863 0.0767970010638237
v 0.07028902645179816 0.025582930564656863 0.09600000083446503
v 0.07028902645179816 0.025582930564656863 0.09600000083446503
v 0.07028902645179816 0.025582930564656863 0.0767970010638237
v 0.06477903589414805 0.03739993501834572 0.07996299862861632
v 0.07028902645179816 0.025582930564656863 0.09600000083446503
v 0.06477903589414805 0.03739993501834572 0.07996299862861632
v 0.06477903589414805 0.03739993501834572 0.09600000083446501
v 0.06477903589414805 0.03739993501834572 0.09600000083446501
v 0.06477903589414805 0.03739993501834572 0.07996299862861632
v 0.05730004946382716 0.048080942104190595 0.08282499760389327
v 0.06477903589414805 0.03739993501834572 0.09600000083446501
v 0.05730004946382716 0.048080942104190595 0.08282499760389327
v 0.05730004946382716 0.0480809421041906 0.09600000083446501
v 0.05730004946382716 0.0480809421041906 0.09600000083446501
v 0.05730004946382716 0.048080942104190595 0.08282499760389327
v 0.04808105670419335 0.05729995330182836 0.08529499918222426
v 0.05730004946382716 0.0480809421041906 0.09600000083446501
v 0.04808105670419335 0.05729995330182836 0.08529499918222426
v 0.04808105670419335 0.05729995330182837 0.09600000083446501
v 0.04808105670419335 0.05729995330182837 0.09600000083446501
v 0.04808105670419335 0.05729995330182836 0.08529499918222426
v 0.0374000645763427 0.06477896109414846 0.08729899674654006
v 0.04808105670419335 0.05729995330182837 0.09600000083446501
v 0.0374000645763427 0.06477896109414846 0.08729899674654006
v 0.0374000645763427 0.06477896109414846 0.09600000083446501
v 0.0374000645763427 0.06477896109414846 0.09600000083446501
v 0.0374000645763427 0.06477896109414846 0.08729899674654006
v 0.025583071142658592 0.07028897528579646 0.08877599984407424
v 0.0374000645763427 0.06477896109414846 0.09600000083446501
v 0.025583071142658592 0.07028897528579646 0.08877599984407424
v 0.025583071142658592 0.07028897528579646 0.09600000083446501
v 0.025583071142658592 0.07028897528579646 0.09600000083446501
v 0.025583071142658592 0.07028897528579646 0.08877599984407424
v 0.012989074081294238 0.07366398913149444 0.0896800011396408
v 0.025583071142658592 0.07028897528579646 0.09600000083446501
v 0.012989074081294238 0.07366398913149444 0.0896800011396408
v 0.012989074081294238 0.07366398913149444 0.09600000083446501
v 0.012989074081294238 0.07366398913149444 0.09600000083446501
v 0.012989074081294238 0.07366398913149444 0.0896800011396408
v 7.479999959468842e-8 0.07479999959468843 0.08998399972915648
v 0.012989074081294238 0.07366398913149444 0.09600000083446501
v 7.479999959468842e-8 0.07479999959468843 0.08998399972915648
v 7.479999959468842e-8 0.07479999959468843 0.09600000083446501
v 6.97999969124794e-8 0.06979999691247941 0.10100000351667403
v -0.01282593172828108 0.06861201466230024 0.10100000351667403
v 0.012826068952284754 0.06861198901029956 0.10100000351667403
v 0.012826068952284754 0.06861198901029956 0.10100000351667403
v -0.01282593172828108 0.06861201466230024 0.10100000351667403
v 0.025215065001167356 0.06508697283044458 0.10100000351667403
v 0.025215065001167356 0.06508697283044458 0.10100000351667403
v -0.01282593172828108 0.06861201466230024 0.10100000351667403
v -0.025214934827171267 0.06508702326044441 0.10100000351667403
v 0.025215065001167356 0.06508697283044458 0.10100000351667403
v -0.025214934827171267 0.06508702326044441 0.10100000351667403
v 0.03674505997561663 0.05934496274716781 0.10100000351667403
v 0.03674505997561663 0.05934496274716781 0.10100000351667403
v -0.025214934827171267 0.06508702326044441 0.10100000351667403
v -0.03674494128561765 0.059345036237169066 0.10100000351667403
v 0.03674505997561663 0.05934496274716781 0.10100000351667403
v -0.03674494128561765 0.059345036237169066 0.10100000351667403
v 0.047024052019067106 0.051582952503453953 0.10100000351667403
v 0.047024052019067106 0.051582952503453953 0.10100000351667403
v -0.03674494128561765 0.059345036237169066 0.10100000351667403
v -0.04702394885306806 0.05158304655145483 0.10100000351667403
v 0.047024052019067106 0.051582952503453953 0.10100000351667403
v -0.04702394885306806 0.05158304655145483 0.10100000351667403
v 0.05570204292039946 0.042063944219082605 0.10100000351667403
v 0.05570204292039946 0.042063944219082605 0.10100000351667403
v -0.04702394885306806 0.05158304655145483 0.10100000351667403
v 0.06248203051027842 0.031112938104629527 0.10100000351667404
v 0.06248203051027842 0.031112938104629527 0.10100000351667404
v -0.04702394885306806 0.05158304655145483 0.10100000351667403
v 0.06713501784076542 0.0191019325650707 0.10100000351667404
v 0.06713501784076542 0.0191019325650707 0.10100000351667404
v -0.04702394885306806 0.05158304655145483 0.10100000351667403
v 0.06950200993092498 0.006439930640898656 0.10100000351667404
v 0.06950200993092498 0.006439930640898656 0.10100000351667404
v -0.04702394885306806 0.05158304655145483 0.10100000351667403
v 0.06950199705092469 -0.0064400696449056155 0.10100000351667404
v 0.06950199705092469 -0.0064400696449056155 0.10100000351667404
v -0.04702394885306806 0.05158304655145483 0.10100000351667403
v 0.06713497963676601 -0.019102066835068154 0.10100000351667404
v 0.06713497963676601 -0.019102066835068154 0.10100000351667404
v -0.04702394885306806 0.05158304655145483 0.10100000351667403
v 0.062481968284277246 -0.0311130630686283 0.10100000351667404
v 0.062481968284277246 -0.0311130630686283 0.10100000351667404
v -0.04702394885306806 0.05158304655145483 0.10100000351667403
v 0.055701958792399614 -0.042064055623084295 0.10100000351667406
v 0.055701958792399614 -0.042064055623084295 0.10100000351667406
v -0.04702394885306806 0.05158304655145483 0.10100000351667403
v 0.04702394885306806 -0.0515830465514548 0.10100000351667406
v 0.04702394885306806 -0.0515830465514548 0.10100000351667406
v -0.04702394885306806 0.05158304655145483 0.10100000351667403
v 0.03674494128561765 -0.059345036237169045 0.10100000351667406
v 0.03674494128561765 -0.059345036237169045 0.10100000351667406
v -0.04702394885306806 0.05158304655145483 0.10100000351667403
v -0.055701958792399614 0.042064055623084316 0.10100000351667403
v 0.03674494128561765 -0.059345036237169045 0.10100000351667406
v -0.055701958792399614 0.042064055623084316 0.10100000351667403
v 0.025214934827171267 -0.0650870232604444 0.10100000351667406
v 0.025214934827171267 -0.0650870232604444 0.10100000351667406
v -0.055701958792399614 0.042064055623084316 0.10100000351667403
v 0.01282593172828108 -0.06861201466230023 0.10100000351667406
v 0.01282593172828108 -0.06861201466230023 0.10100000351667406
v -0.055701958792399614 0.042064055623084316 0.10100000351667403
v -6.97999969124794e-8 -0.06979999691247939 0.10100000351667406
v -6.97999969124794e-8 -0.06979999691247939 0.10100000351667406
v -0.055701958792399614 0.042064055623084316 0.10100000351667403
v -0.012826068952284754 -0.06861198901029955 0.10100000351667406
v -0.012826068952284754 -0.06861198901029955 0.10100000351667406
v -0.055701958792399614 0.042064055623084316 0.10100000351667403
v -0.025215065001167356 -0.06508697283044457 0.10100000351667406
v -0.025215065001167356 -0.06508697283044457 0.10100000351667406
v -0.055701958792399614 0.042064055623084316 0.10100000351667403
v -0.03674505997561663 -0.05934496274716779 0.10100000351667406
v -0.03674505997561663 -0.05934496274716779 0.10100000351667406
v -0.055701958792399614 0.042064055623084316 0.10100000351667403
v -0.047024052019067106 -0.051582952503453926 0.10100000351667406
v -0.047024052019067106 -0.051582952503453926 0.10100000351667406
v -0.055701958792399614 0.042064055623084316 0.10100000351667403
v -0.05570204292039946 -0.042063944219082584 0.10100000351667406
v -0.05570204292039946 -0.042063944219082584 0.10100000351667406
v -0.055701958792399614 0.042064055623084316 0.10100000351667403
v -0.062481968284277246 0.03111306306862832 0.10100000351667404
v -0.05570204292039946 -0.042063944219082584 0.10100000351667406
v -0.062481968284277246 0.03111306306862832 0.10100000351667404
v -0.06248203051027842 -0.031112938104629506 0.10100000351667404
v -0.06248203051027842 -0.031112938104629506 0.10100000351667404
v -0.062481968284277246 0.03111306306862832 0.10100000351667404
v -0.06713497963676601 0.01910206683506818 0.10100000351667404
v -0.06248203051027842 -0.031112938104629506 0.10100000351667404
v -0.06713497963676601 0.01910206683506818 0.10100000351667404
v -0.06713501784076542 -0.019101932565070676 0.10100000351667404
v -0.06713501784076542 -0.019101932565070676 0.10100000351667404
v -0.06713497963676601 0.01910206683506818 0.10100000351667404
v -0.06950199705092469 0.006440069644905638 0.10100000351667404
v -0.06713501784076542 -0.019101932565070676 0.10100000351667404
v -0.06950199705092469 0.006440069644905638 0.10100000351667404
v -0.06950200993092498 -0.006439930640898634 0.10100000351667404
v 0.01282593172828108 -0.06861201466230023 0.10100000351667406
v -6.97999969124794e-8 -0.06979999691247939 0.10100000351667406
v 0.012617930154792964 -0.06953301052420771 0.10092400014400484
v 0.012617930154792964 -0.06953301052420771 0.10092400014400484
v -6.97999969124794e-8 -0.06979999691247939 0.10100000351667406
v -7.13450014591217e-8 -0.07134500145912169 0.10075499862432481
v 0.012617930154792964 -0.06953301052420771 0.10092400014400484
v -7.13450014591217e-8 -0.07134500145912169 0.10075499862432481
v 0.012909928910575807 -0.07113801488839741 0.10033000260591508
v 0.012909928910575807 -0.07113801488839741 0.10033000260591508
v -7.13450014591217e-8 -0.07134500145912169 0.10075499862432481
v -7.273899763822555e-8 -0.07273899763822554 0.10004500299692155
v 0.012909928910575807 -0.07113801488839741 0.10033000260591508
v -7.273899763822555e-8 -0.07273899763822554 0.10004500299692155
v 0.013146927776396275 -0.07244701508105172 0.09921400249004365
v 0.013146927776396275 -0.07244701508105172 0.09921400249004365
v -7.273899763822555e-8 -0.07273899763822554 0.10004500299692155
v -7.384499907493591e-8 -0.0738449990749359 0.0989390015602112
v 0.013146927776396275 -0.07244701508105172 0.09921400249004365
v -7.384499907493591e-8 -0.0738449990749359 0.0989390015602112
v 0.01330192693848908 -0.07330101568523234 0.09770999848842622
v 0.01330192693848908 -0.07330101568523234 0.09770999848842622
v -7.384499907493591e-8 -0.0738449990749359 0.0989390015602112
v -7.455500215291977e-8 -0.07455500215291976 0.09754499793052675
v 0.01330192693848908 -0.07330101568523234 0.09770999848842622
v -7.455500215291977e-8 -0.07455500215291976 0.09754499793052675
v 0.012988926753289998 -0.07366401510949525 0.09600000083446504
v 0.012988926753289998 -0.07366401510949525 0.09600000083446504
v -7.455500215291977e-8 -0.07455500215291976 0.09754499793052675
v -7.479999959468842e-8 -0.0747999995946884 0.09600000083446504
v 0.012988926753289998 -0.07366401510949525 0.09600000083446504
v 0.025582930564656853 -0.07028902645179815 0.09600000083446504
v 0.01330192693848908 -0.07330101568523234 0.09770999848842622
v 0.01330192693848908 -0.07330101568523234 0.09770999848842622
v 0.025582930564656853 -0.07028902645179815 0.09600000083446504
v 0.026176930506393314 -0.06974802548749372 0.09770999848842622
v 0.01330192693848908 -0.07330101568523234 0.09770999848842622
v 0.026176930506393314 -0.06974802548749372 0.09770999848842622
v 0.025871930626787245 -0.0689350252783373 0.09921400249004365
v 0.025871930626787245 -0.0689350252783373 0.09921400249004365
v 0.026176930506393314 -0.06974802548749372 0.09770999848842622
v 0.03776493680749834 -0.06320803663680329 0.09921400249004365
v 0.025871930626787245 -0.0689350252783373 0.09921400249004365
v 0.03776493680749834 -0.06320803663680329 0.09921400249004365
v 0.03708293787868693 -0.06206603703793882 0.10033000260591508
v 0.03708293787868693 -0.06206603703793882 0.10033000260591508
v 0.03776493680749834 -0.06320803663680329 0.09921400249004365
v 0.04756894478386268 -0.054447046552620816 0.10033000260591508
v 0.03708293787868693 -0.06206603703793882 0.10033000260591508
v 0.04756894478386268 -0.054447046552620816 0.10033000260591508
v 0.04649494854510575 -0.053218046132128674 0.10092400014400484
v 0.04649494854510575 -0.053218046132128674 0.10092400014400484
v 0.04756894478386268 -0.054447046552620816 0.10033000260591508
v 0.055250954525414855 -0.04406105664121731 0.10092400014400484
v 0.04649494854510575 -0.053218046132128674 0.10092400014400484
v 0.055250954525414855 -0.04406105664121731 0.10092400014400484
v 0.04702394885306806 -0.0515830465514548 0.10100000351667406
v 0.04702394885306806 -0.0515830465514548 0.10100000351667406
v 0.055250954525414855 -0.04406105664121731 0.10092400014400484
v 0.055701958792399614 -0.042064055623084295 0.10100000351667406
v 0.055701958792399614 -0.042064055623084295 0.10100000351667406
v 0.055250954525414855 -0.04406105664121731 0.10092400014400484
v 0.06222996492274851 -0.03348706180132179 0.10092400014400484
v 0.055701958792399614 -0.042064055623084295 0.10100000351667406
v 0.06222996492274851 -0.03348706180132179 0.10092400014400484
v 0.062481968284277246 -0.0311130630686283 0.10100000351667404
v 0.062481968284277246 -0.0311130630686283 0.10100000351667404
v 0.06222996492274851 -0.03348706180132179 0.10092400014400484
v 0.06720897606725432 -0.02183806725322454 0.10092400014400482
v 0.062481968284277246 -0.0311130630686283 0.10100000351667404
v 0.06720897606725432 -0.02183806725322454 0.10092400014400482
v 0.06713497963676601 -0.019102066835068154 0.10100000351667404
v 0.06713497963676601 -0.019102066835068154 0.10100000351667404
v 0.06720897606725432 -0.02183806725322454 0.10092400014400482
v 0.0700289884717064 -0.009486070082582522 0.10092400014400482
v 0.06713497963676601 -0.019102066835068154 0.10100000351667404
v 0.0700289884717064 -0.009486070082582522 0.10092400014400482
v 0.06950199705092469 -0.0064400696449056155 0.10100000351667404
v 0.06950199705092469 -0.0064400696449056155 0.10100000351667404
v 0.0700289884717064 -0.009486070082582522 0.10092400014400482
v 0.07059700359109347 0.0031709293341711277 0.10092400014400482
v 0.06950199705092469 -0.0064400696449056155 0.10100000351667404
v 0.07059700359109347 0.0031709293341711277 0.10092400014400482
v 0.06950200993092498 0.006439930640898656 0.10100000351667404
v 0.06950200993092498 0.006439930640898656 0.10100000351667404
v 0.07059700359109347 0.0031709293341711277 0.10092400014400482
v 0.06889601879249327 0.015724930934123707 0.10092400014400482
v 0.06950200993092498 0.006439930640898656 0.10100000351667404
v 0.06889601879249327 0.015724930934123707 0.10092400014400482
v 0.06713501784076542 0.0191019325650707 0.10100000351667404
v 0.06713501784076542 0.0191019325650707 0.10100000351667404
v 0.06889601879249327 0.015724930934123707 0.10092400014400482
v 0.0649810264092926 0.027773935559377086 0.10092400014400482
v 0.06713501784076542 0.0191019325650707 0.10100000351667404
v 0.0649810264092926 0.027773935559377086 0.10092400014400482
v 0.06248203051027842 0.031112938104629527 0.10100000351667404
v 0.06248203051027842 0.031112938104629527 0.10100000351667404
v 0.0649810264092926 0.027773935559377086 0.10092400014400482
v 0.05897803772412613 0.03893094199975581 0.10092400014400481
v 0.06248203051027842 0.031112938104629527 0.10100000351667404
v 0.05897803772412613 0.03893094199975581 0.10092400014400481
v 0.05570204292039946 0.042063944219082605 0.10100000351667403
v 0.05570204292039946 0.042063944219082605 0.10100000351667403
v 0.05897803772412613 0.03893094199975581 0.10092400014400481
v 0.05107905011368543 0.048835949184689684 0.10092400014400481
v 0.05570204292039946 0.042063944219082605 0.10100000351667403
v 0.05107905011368543 0.048835949184689684 0.10092400014400481
v 0.047024052019067106 0.051582952503453953 0.10100000351667403
v 0.047024052019067106 0.051582952503453953 0.10100000351667403
v 0.05107905011368543 0.048835949184689684 0.10092400014400481
v 0.04153805727881193 0.05717195887017251 0.10092400014400481
v 0.047024052019067106 0.051582952503453953 0.10100000351667403
v 0.04153805727881193 0.05717195887017251 0.10092400014400481
v 0.03674505997561663 0.05934496274716781 0.10100000351667403
v 0.03674505997561663 0.05934496274716781 0.10100000351667403
v 0.04153805727881193 0.05717195887017251 0.10092400014400481
v 0.030662063849292695 0.06366997126203776 0.10092400014400481
v 0.03674505997561663 0.05934496274716781 0.10100000351667403
v 0.030662063849292695 0.06366997126203776 0.10092400014400481
v 0.025215065001167356 0.06508697283044458 0.10100000351667403
v 0.025215065001167356 0.06508697283044458 0.10100000351667403
v 0.030662063849292695 0.06366997126203776 0.10092400014400481
v 0.01880006785079837 0.06812198070218228 0.10092400014400481
v 0.025215065001167356 0.06508697283044458 0.10100000351667403
v 0.01880006785079837 0.06812198070218228 0.10092400014400481
v 0.012826068952284754 0.06861198901029956 0.10100000351667403
v 0.012826068952284754 0.06861198901029956 0.10100000351667403
v 0.01880006785079837 0.06812198070218228 0.10092400014400481
v 0.006335070425875485 0.07038399688698865 0.10092400014400481
v 0.012826068952284754 0.06861198901029956 0.10100000351667403
v 0.006335070425875485 0.07038399688698865 0.10092400014400481
v 6.97999969124794e-8 0.06979999691247941 0.10100000351667403
v 6.97999969124794e-8 0.06979999691247941 0.10100000351667403
v 0.006335070425875485 0.07038399688698865 0.10092400014400481
v 7.13450014591217e-8 0.07134500145912172 0.10075499862432478
v 7.13450014591217e-8 0.07134500145912172 0.10075499862432478
v 0.006335070425875485 0.07038399688698865 0.10092400014400481
v 0.006481072231262922 0.07200899072091935 0.10033000260591506
v 7.13450014591217e-8 0.07134500145912172 0.10075499862432478
v 0.006481072231262922 0.07200899072091935 0.10033000260591506
v 7.273899763822555e-8 0.07273899763822557 0.10004500299692153
v 7.273899763822555e-8 0.07273899763822557 0.10004500299692153
v 0.006481072231262922 0.07200899072091935 0.10033000260591506
v 0.006600073298238218 0.07333399440469594 0.09921400249004363
v 7.273899763822555e-8 0.07273899763822557 0.10004500299692153
v 0.006600073298238218 0.07333399440469594 0.09921400249004363
v 7.384499907493591e-8 0.07384499907493593 0.09893900156021117
v 7.384499907493591e-8 0.07384499907493593 0.09893900156021117
v 0.006600073298238218 0.07333399440469594 0.09921400249004363
v 0.006678074291504919 0.07419899183283747 0.0977099984884262
v 7.384499907493591e-8 0.07384499907493593 0.09893900156021117
v 0.006678074291504919 0.07419899183283747 0.0977099984884262
v 7.455500215291977e-8 0.07455500215291978 0.09754499793052672
v 7.455500215291977e-8 0.07455500215291978 0.09754499793052672
v 0.006678074291504919 0.07419899183283747 0.0977099984884262
v 7.479999959468842e-8 0.07479999959468843 0.09600000083446501
v 7.479999959468842e-8 0.07479999959468843 0.09600000083446501
v 0.006678074291504919 0.07419899183283747 0.0977099984884262
v 0.012989074081294238 0.07366398913149444 0.09600000083446501
v 0.012989074081294238 0.07366398913149444 0.09600000083446501
v 0.006678074291504919 0.07419899183283747 0.0977099984884262
v 0.01981907254987955 0.07181398078753615 0.0977099984884262
v 0.012989074081294238 0.07366398913149444 0.09600000083446501
v 0.01981907254987955 0.07181398078753615 0.0977099984884262
v 0.025583071142658592 0.07028897528579646 0.09600000083446501
v 0.025583071142658592 0.07028897528579646 0.09600000083446501
v 0.01981907254987955 0.07181398078753615 0.0977099984884262
v 0.03232406831404567 0.06712096677382291 0.0977099984884262
v 0.025583071142658592 0.07028897528579646 0.09600000083446501
v 0.03232406831404567 0.06712096677382291 0.0977099984884262
v 0.0374000645763427 0.06477896109414846 0.09600000083446501
v 0.0374000645763427 0.06477896109414846 0.09600000083446501
v 0.03232406831404567 0.06712096677382291 0.0977099984884262
v 0.04378905959007517 0.060270954837948094 0.0977099984884262
v 0.0374000645763427 0.06477896109414846 0.09600000083446501
v 0.04378905959007517 0.060270954837948094 0.0977099984884262
v 0.04808105670419335 0.05729995330182837 0.09600000083446501
v 0.04808105670419335 0.05729995330182837 0.09600000083446501
v 0.04378905959007517 0.060270954837948094 0.0977099984884262
v 0.053847051485862586 0.05148294771297277 0.0977099984884262
v 0.04808105670419335 0.05729995330182837 0.09600000083446501
v 0.053847051485862586 0.05148294771297277 0.0977099984884262
v 0.05730004946382716 0.0480809421041906 0.09600000083446501
v 0.05730004946382716 0.0480809421041906 0.09600000083446501
v 0.053847051485862586 0.05148294771297277 0.0977099984884262
v 0.06217404088698328 0.041040939503513285 0.0977099984884262
v 0.05730004946382716 0.0480809421041906 0.09600000083446501
v 0.06217404088698328 0.041040939503513285 0.0977099984884262
v 0.06477903589414805 0.03739993501834572 0.09600000083446501
v 0.06477903589414805 0.03739993501834572 0.09600000083446501
v 0.06217404088698328 0.041040939503513285 0.0977099984884262
v 0.06850302912216634 0.029279930931948136 0.09770999848842621
v 0.06477903589414805 0.03739993501834572 0.09600000083446501
v 0.06850302912216634 0.029279930931948136 0.09770999848842621
v 0.07028902645179816 0.025582930564656863 0.09600000083446503
v 0.07028902645179816 0.025582930564656863 0.09600000083446503
v 0.06850302912216634 0.029279930931948136 0.09770999848842621
v 0.07263101804947295 0.016576927167415628 0.09770999848842621
v 0.07028902645179816 0.025582930564656863 0.09600000083446503
v 0.07263101804947295 0.016576927167415628 0.09770999848842621
v 0.07366401510949526 0.012988926753290008 0.09600000083446503
v 0.07366401510949526 0.012988926753290008 0.09600000083446503
v 0.07263101804947295 0.016576927167415628 0.09770999848842621
v 0.07442300355848414 0.0033419256460964788 0.09770999848842621
v 0.07366401510949526 0.012988926753290008 0.09600000083446503
v 0.07442300355848414 0.0033419256460964788 0.09770999848842621
v 0.07479999959468842 -7.479999958403028e-8 0.09600000083446503
v 0.07479999959468842 -7.479999958403028e-8 0.09600000083446503
v 0.07442300355848414 0.0033419256460964788 0.09770999848842621
v 0.07382399333881401 -0.01000007360048591 0.09770999848842621
v 0.07479999959468842 -7.479999958403028e-8 0.09600000083446503
v 0.07382399333881401 -0.01000007360048591 0.09770999848842621
v 0.07366398913149443 -0.012989074081294228 0.09600000083446503
v 0.07366398913149443 -0.012989074081294228 0.09600000083446503
v 0.07382399333881401 -0.01000007360048591 0.09770999848842621
v 0.07085197352002374 -0.023021070358112444 0.09770999848842621
v 0.07366398913149443 -0.012989074081294228 0.09600000083446503
v 0.07085197352002374 -0.023021070358112444 0.09770999848842621
v 0.07028897528579645 -0.025583071142658582 0.09600000083446503
v 0.07028897528579645 -0.025583071142658582 0.09600000083446503
v 0.07085197352002374 -0.023021070358112444 0.09770999848842621
v 0.06560296760384739 -0.03530206386063992 0.09770999848842622
v 0.07028897528579645 -0.025583071142658582 0.09600000083446503
v 0.06560296760384739 -0.03530206386063992 0.09770999848842622
v 0.06477896109414846 -0.03740006457634269 0.09600000083446504
v 0.06477896109414846 -0.03740006457634269 0.09600000083446504
v 0.06560296760384739 -0.03530206386063992 0.09770999848842622
v 0.058244953049130736 -0.046449056398209176 0.09770999848842622
v 0.06477896109414846 -0.03740006457634269 0.09600000083446504
v 0.058244953049130736 -0.046449056398209176 0.09770999848842622
v 0.057299953301828355 -0.04808105670419334 0.09600000083446504
v 0.057299953301828355 -0.04808105670419334 0.09600000083446504
v 0.058244953049130736 -0.046449056398209176 0.09770999848842622
v 0.04901494435953349 -0.05610304756970703 0.09770999848842622
v 0.057299953301828355 -0.04808105670419334 0.09600000083446504
v 0.04901494435953349 -0.05610304756970703 0.09770999848842622
v 0.04808094210419059 -0.05730004946382715 0.09600000083446504
v 0.04808094210419059 -0.05730004946382715 0.09600000083446504
v 0.04901494435953349 -0.05610304756970703 0.09770999848842622
v 0.03820993688981235 -0.06395303553685172 0.09770999848842622
v 0.04808094210419059 -0.05730004946382715 0.09600000083446504
v 0.03820993688981235 -0.06395303553685172 0.09770999848842622
v 0.037399935018345716 -0.06477903589414805 0.09600000083446504
v 0.037399935018345716 -0.06477903589414805 0.09600000083446504
v 0.03820993688981235 -0.06395303553685172 0.09770999848842622
v 0.026176930506393314 -0.06974802548749372 0.09770999848842622
v 0.037399935018345716 -0.06477903589414805 0.09600000083446504
v 0.026176930506393314 -0.06974802548749372 0.09770999848842622
v 0.025582930564656853 -0.07028902645179815 0.09600000083446504
v 0.04702394885306806 -0.0515830465514548 0.10100000351667406
v 0.03674494128561765 -0.059345036237169045 0.10100000351667406
v 0.04649494854510575 -0.053218046132128674 0.10092400014400484
v 0.04649494854510575 -0.053218046132128674 0.10092400014400484
v 0.03674494128561765 -0.059345036237169045 0.10100000351667406
v 0.036245941055428235 -0.060665036476075636 0.10092400014400484
v 0.04649494854510575 -0.053218046132128674 0.10092400014400484
v 0.036245941055428235 -0.060665036476075636 0.10092400014400484
v 0.03708293787868693 -0.06206603703793882 0.10033000260591508
v 0.03708293787868693 -0.06206603703793882 0.10033000260591508
v 0.036245941055428235 -0.060665036476075636 0.10092400014400484
v 0.02540393296481669 -0.06769002534201181 0.10033000260591508
v 0.03708293787868693 -0.06206603703793882 0.10033000260591508
v 0.02540393296481669 -0.06769002534201181 0.10033000260591508
v 0.025871930626787245 -0.0689350252783373 0.09921400249004365
v 0.025871930626787245 -0.0689350252783373 0.09921400249004365
v 0.02540393296481669 -0.06769002534201181 0.10033000260591508
v 0.013146927776396275 -0.07244701508105172 0.09921400249004365
v 0.025871930626787245 -0.0689350252783373 0.09921400249004365
v 0.013146927776396275 -0.07244701508105172 0.09921400249004365
v 0.01330192693848908 -0.07330101568523234 0.09770999848842622
v 0.03674494128561765 -0.059345036237169045 0.10100000351667406
v 0.025214934827171267 -0.0650870232604444 0.10100000351667406
v 0.036245941055428235 -0.060665036476075636 0.10092400014400484
v 0.036245941055428235 -0.060665036476075636 0.10092400014400484
v 0.025214934827171267 -0.0650870232604444 0.10100000351667406
v 0.02483093455349654 -0.06616202244729175 0.10092400014400484
v 0.036245941055428235 -0.060665036476075636 0.10092400014400484
v 0.02483093455349654 -0.06616202244729175 0.10092400014400484
v 0.02540393296481669 -0.06769002534201181 0.10033000260591508
v 0.02540393296481669 -0.06769002534201181 0.10033000260591508
v 0.02483093455349654 -0.06616202244729175 0.10092400014400484
v 0.012909928910575807 -0.07113801488839741 0.10033000260591508
v 0.02540393296481669 -0.06769002534201181 0.10033000260591508
v 0.012909928910575807 -0.07113801488839741 0.10033000260591508
v 0.013146927776396275 -0.07244701508105172 0.09921400249004365
v 0.025214934827171267 -0.0650870232604444 0.10100000351667406
v 0.01282593172828108 -0.06861201466230023 0.10100000351667406
v 0.02483093455349654 -0.06616202244729175 0.10092400014400484
v 0.02483093455349654 -0.06616202244729175 0.10092400014400484
v 0.01282593172828108 -0.06861201466230023 0.10100000351667406
v 0.012617930154792964 -0.06953301052420771 0.10092400014400484
v 0.02483093455349654 -0.06616202244729175 0.10092400014400484
v 0.012617930154792964 -0.06953301052420771 0.10092400014400484
v 0.012909928910575807 -0.07113801488839741 0.10033000260591508
v 0.026176930506393314 -0.06974802548749372 0.09770999848842622
v 0.03820993688981235 -0.06395303553685172 0.09770999848842622
v 0.03776493680749834 -0.06320803663680329 0.09921400249004365
v 0.03776493680749834 -0.06320803663680329 0.09921400249004365
v 0.03820993688981235 -0.06395303553685172 0.09770999848842622
v 0.0484439436924532 -0.055449049935068925 0.09921400249004365
v 0.03776493680749834 -0.06320803663680329 0.09921400249004365
v 0.0484439436924532 -0.055449049935068925 0.09921400249004365
v 0.04756894478386268 -0.054447046552620816 0.10033000260591508
v 0.04756894478386268 -0.054447046552620816 0.10033000260591508
v 0.0484439436924532 -0.055449049935068925 0.09921400249004365
v 0.05652595646480844 -0.04507805471711977 0.10033000260591508
v 0.04756894478386268 -0.054447046552620816 0.10033000260591508
v 0.05652595646480844 -0.04507805471711977 0.10033000260591508
v 0.055250954525414855 -0.04406105664121731 0.10092400014400484
v 0.055250954525414855 -0.04406105664121731 0.10092400014400484
v 0.05652595646480844 -0.04507805471711977 0.10033000260591508
v 0.06222996492274851 -0.03348706180132179 0.10092400014400484
v 0.03820993688981235 -0.06395303553685172 0.09770999848842622
v 0.04901494435953349 -0.05610304756970703 0.09770999848842622
v 0.0484439436924532 -0.055449049935068925 0.09921400249004365
v 0.0484439436924532 -0.055449049935068925 0.09921400249004365
v 0.04901494435953349 -0.05610304756970703 0.09770999848842622
v 0.05756595237800852 -0.045908057886194426 0.09921400249004365
v 0.0484439436924532 -0.055449049935068925 0.09921400249004365
v 0.05756595237800852 -0.045908057886194426 0.09921400249004365
v 0.05652595646480844 -0.04507805471711977 0.10033000260591508
v 0.05652595646480844 -0.04507805471711977 0.10033000260591508
v 0.05756595237800852 -0.045908057886194426 0.09921400249004365
v 0.06366696507905796 -0.03426106307834386 0.10033000260591508
v 0.05652595646480844 -0.04507805471711977 0.10033000260591508
v 0.06366696507905796 -0.03426106307834386 0.10033000260591508
v 0.06222996492274851 -0.03348706180132179 0.10092400014400484
v 0.06222996492274851 -0.03348706180132179 0.10092400014400484
v 0.06366696507905796 -0.03426106307834386 0.10033000260591508
v 0.06720897606725432 -0.02183806725322454 0.10092400014400482
v 0.04901494435953349 -0.05610304756970703 0.09770999848842622
v 0.058244953049130736 -0.046449056398209176 0.09770999848842622
v 0.05756595237800852 -0.045908057886194426 0.09921400249004365
v 0.05756595237800852 -0.045908057886194426 0.09921400249004365
v 0.058244953049130736 -0.046449056398209176 0.09770999848842622
v 0.06483796475089713 -0.034891062992878245 0.09921400249004365
v 0.05756595237800852 -0.045908057886194426 0.09921400249004365
v 0.06483796475089713 -0.034891062992878245 0.09921400249004365
v 0.06366696507905796 -0.03426106307834386 0.10033000260591508
v 0.06366696507905796 -0.03426106307834386 0.10033000260591508
v 0.06483796475089713 -0.034891062992878245 0.09921400249004365
v 0.06876097620507703 -0.022342068917639544 0.10033000260591507
v 0.06366696507905796 -0.03426106307834386 0.10033000260591508
v 0.06876097620507703 -0.022342068917639544 0.10033000260591507
v 0.06720897606725432 -0.02183806725322454 0.10092400014400482
v 0.06720897606725432 -0.02183806725322454 0.10092400014400482
v 0.06876097620507703 -0.022342068917639544 0.10033000260591507
v 0.0700289884717064 -0.009486070082582522 0.10092400014400482
v 0.058244953049130736 -0.046449056398209176 0.09770999848842622
v 0.06560296760384739 -0.03530206386063992 0.09770999848842622
v 0.06483796475089713 -0.034891062992878245 0.09921400249004365
v 0.06483796475089713 -0.034891062992878245 0.09921400249004365
v 0.06560296760384739 -0.03530206386063992 0.09770999848842622
v 0.07002697844910621 -0.022753070286400605 0.09921400249004364
v 0.06483796475089713 -0.034891062992878245 0.09921400249004365
v 0.07002697844910621 -0.022753070286400605 0.09921400249004364
v 0.06876097620507703 -0.022342068917639544 0.10033000260591507
v 0.06876097620507703 -0.022342068917639544 0.10033000260591507
v 0.07002697844910621 -0.022753070286400605 0.09921400249004364
v 0.0716459877596572 -0.009705071271680285 0.10033000260591507
v 0.06876097620507703 -0.022342068917639544 0.10033000260591507
v 0.0716459877596572 -0.009705071271680285 0.10033000260591507
v 0.0700289884717064 -0.009486070082582522 0.10092400014400482
v 0.0700289884717064 -0.009486070082582522 0.10092400014400482
v 0.0716459877596572 -0.009705071271680285 0.10033000260591507
v 0.07059700359109347 0.0031709293341711277 0.10092400014400482
v 0.06560296760384739 -0.03530206386063992 0.09770999848842622
v 0.07085197352002374 -0.023021070358112444 0.09770999848842621
v 0.07002697844910621 -0.022753070286400605 0.09921400249004364
v 0.07002697844910621 -0.022753070286400605 0.09921400249004364
v 0.07085197352002374 -0.023021070358112444 0.09770999848842621
v 0.07296398783767223 -0.009884072788521636 0.09921400249004364
v 0.07002697844910621 -0.022753070286400605 0.09921400249004364
v 0.07296398783767223 -0.009884072788521636 0.09921400249004364
v 0.0716459877596572 -0.009705071271680285 0.10033000260591507
v 0.0716459877596572 -0.009705071271680285 0.10033000260591507
v 0.07296398783767223 -0.009884072788521636 0.09921400249004364
v 0.07222700443418557 0.003243927794367086 0.10033000260591507
v 0.0716459877596572 -0.009705071271680285 0.10033000260591507
v 0.07222700443418557 0.003243927794367086 0.10033000260591507
v 0.07059700359109347 0.0031709293341711277 0.10092400014400482
v 0.07059700359109347 0.0031709293341711277 0.10092400014400482
v 0.07222700443418557 0.003243927794367086 0.10033000260591507
v 0.06889601879249327 0.015724930934123707 0.10092400014400482
v 0.07085197352002374 -0.023021070358112444 0.09770999848842621
v 0.07382399333881401 -0.01000007360048591 0.09770999848842621
v 0.07296398783767223 -0.009884072788521636 0.09921400249004364
v 0.07296398783767223 -0.009884072788521636 0.09921400249004364
v 0.07382399333881401 -0.01000007360048591 0.09770999848842621
v 0.07355600180716183 0.0033029264489635936 0.09921400249004364
v 0.07296398783767223 -0.009884072788521636 0.09921400249004364
v 0.07355600180716183 0.0033029264489635936 0.09921400249004364
v 0.07222700443418557 0.003243927794367086 0.10033000260591507
v 0.07222700443418557 0.003243927794367086 0.10033000260591507
v 0.07355600180716183 0.0033029264489635936 0.09921400249004364
v 0.07048701613616012 0.016087929080389453 0.10033000260591507
v 0.07222700443418557 0.003243927794367086 0.10033000260591507
v 0.07048701613616012 0.016087929080389453 0.10033000260591507
v 0.06889601879249327 0.015724930934123707 0.10092400014400482
v 0.06889601879249327 0.015724930934123707 0.10092400014400482
v 0.07048701613616012 0.016087929080389453 0.10033000260591507
v 0.0649810264092926 0.027773935559377086 0.10092400014400482
v 0.07382399333881401 -0.01000007360048591 0.09770999848842621
v 0.07442300355848414 0.0033419256460964788 0.09770999848842621
v 0.07355600180716183 0.0033029264489635936 0.09921400249004364
v 0.07355600180716183 0.0033029264489635936 0.09921400249004364
v 0.07442300355848414 0.0033419256460964788 0.09770999848842621
v 0.07178401350247302 0.01638392817463727 0.09921400249004364
v 0.07355600180716183 0.0033029264489635936 0.09921400249004364
v 0.07178401350247302 0.01638392817463727 0.09921400249004364
v 0.07048701613616012 0.016087929080389453 0.10033000260591507
v 0.07048701613616012 0.016087929080389453 0.10033000260591507
v 0.07178401350247302 0.01638392817463727 0.09921400249004364
v 0.06648202846892923 0.028415933824606252 0.10033000260591507
v 0.07048701613616012 0.016087929080389453 0.10033000260591507
v 0.06648202846892923 0.028415933824606252 0.10033000260591507
v 0.0649810264092926 0.027773935559377086 0.10092400014400482
v 0.0649810264092926 0.027773935559377086 0.10092400014400482
v 0.06648202846892923 0.028415933824606252 0.10033000260591507
v 0.05897803772412613 0.03893094199975581 0.10092400014400481
v 0.07442300355848414 0.0033419256460964788 0.09770999848842621
v 0.07263101804947295 0.016576927167415628 0.09770999848842621
v 0.07178401350247302 0.01638392817463727 0.09921400249004364
v 0.07178401350247302 0.01638392817463727 0.09921400249004364
v 0.07263101804947295 0.016576927167415628 0.09770999848842621
v 0.06770502689575218 0.028938931694544864 0.09921400249004364
v 0.07178401350247302 0.01638392817463727 0.09921400249004364
v 0.06770502689575218 0.028938931694544864 0.09921400249004364
v 0.06648202846892923 0.028415933824606252 0.10033000260591507
v 0.06648202846892923 0.028415933824606252 0.10033000260591507
v 0.06770502689575218 0.028938931694544864 0.09921400249004364
v 0.06034003828385472 0.039829938868451875 0.10033000260591506
v 0.06648202846892923 0.028415933824606252 0.10033000260591507
v 0.06034003828385472 0.039829938868451875 0.10033000260591506
v 0.05897803772412613 0.03893094199975581 0.10092400014400481
v 0.05897803772412613 0.03893094199975581 0.10092400014400481
v 0.06034003828385472 0.039829938868451875 0.10033000260591506
v 0.05107905011368543 0.048835949184689684 0.10092400014400481
v 0.07263101804947295 0.016576927167415628 0.09770999848842621
v 0.06850302912216634 0.029279930931948136 0.09770999848842621
v 0.06770502689575218 0.028938931694544864 0.09921400249004364
v 0.06770502689575218 0.028938931694544864 0.09921400249004364
v 0.06850302912216634 0.029279930931948136 0.09770999848842621
v 0.06145004141534492 0.040562937053445734 0.09921400249004363
v 0.06770502689575218 0.028938931694544864 0.09921400249004364
v 0.06145004141534492 0.040562937053445734 0.09921400249004363
v 0.06034003828385472 0.039829938868451875 0.10033000260591506
v 0.06034003828385472 0.039829938868451875 0.10033000260591506
v 0.06145004141534492 0.040562937053445734 0.09921400249004363
v 0.052258049741793426 0.049963947281613956 0.10033000260591506
v 0.06034003828385472 0.039829938868451875 0.10033000260591506
v 0.052258049741793426 0.049963947281613956 0.10033000260591506
v 0.05107905011368543 0.048835949184689684 0.10092400014400481
v 0.05107905011368543 0.048835949184689684 0.10092400014400481
v 0.052258049741793426 0.049963947281613956 0.10033000260591506
v 0.04153805727881193 0.05717195887017251 0.10092400014400481
v 0.06850302912216634 0.029279930931948136 0.09770999848842621
v 0.06217404088698328 0.041040939503513285 0.0977099984884262
v 0.06145004141534492 0.040562937053445734 0.09921400249004363
v 0.06145004141534492 0.040562937053445734 0.09921400249004363
v 0.06217404088698328 0.041040939503513285 0.0977099984884262
v 0.05322005100101605 0.05088294563392178 0.09921400249004363
v 0.06145004141534492 0.040562937053445734 0.09921400249004363
v 0.05322005100101605 0.05088294563392178 0.09921400249004363
v 0.052258049741793426 0.049963947281613956 0.10033000260591506
v 0.052258049741793426 0.049963947281613956 0.10033000260591506
v 0.05322005100101605 0.05088294563392178 0.09921400249004363
v 0.04249706008034572 0.05849195864907653 0.10033000260591506
v 0.052258049741793426 0.049963947281613956 0.10033000260591506
v 0.04249706008034572 0.05849195864907653 0.10033000260591506
v 0.04153805727881193 0.05717195887017251 0.10092400014400481
v 0.04153805727881193 0.05717195887017251 0.10092400014400481
v 0.04249706008034572 0.05849195864907653 0.10033000260591506
v 0.030662063849292695 0.06366997126203776 0.10092400014400481
v 0.06217404088698328 0.041040939503513285 0.0977099984884262
v 0.053847051485862586 0.05148294771297277 0.0977099984884262
v 0.05322005100101605 0.05088294563392178 0.09921400249004363
v 0.05322005100101605 0.05088294563392178 0.09921400249004363
v 0.053847051485862586 0.05148294771297277 0.0977099984884262
v 0.0432790591946356 0.05956795581572504 0.09921400249004363
v 0.05322005100101605 0.05088294563392178 0.09921400249004363
v 0.0432790591946356 0.05956795581572504 0.09921400249004363
v 0.04249706008034572 0.05849195864907653 0.10033000260591506
v 0.04249706008034572 0.05849195864907653 0.10033000260591506
v 0.0432790591946356 0.05956795581572504 0.09921400249004363
v 0.03137006419109553 0.06513997010581196 0.10033000260591506
v 0.04249706008034572 0.05849195864907653 0.10033000260591506
v 0.03137006419109553 0.06513997010581196 0.10033000260591506
v 0.030662063849292695 0.06366997126203776 0.10092400014400481
v 0.030662063849292695 0.06366997126203776 0.10092400014400481
v 0.03137006419109553 0.06513997010581196 0.10033000260591506
v 0.01880006785079837 0.06812198070218228 0.10092400014400481
v 0.053847051485862586 0.05148294771297277 0.0977099984884262
v 0.04378905959007517 0.060270954837948094 0.0977099984884262
v 0.0432790591946356 0.05956795581572504 0.09921400249004363
v 0.0432790591946356 0.05956795581572504 0.09921400249004363
v 0.04378905959007517 0.060270954837948094 0.0977099984884262
v 0.03194706815384328 0.06633896911253036 0.09921400249004363
v 0.0432790591946356 0.05956795581572504 0.09921400249004363
v 0.03194706815384328 0.06633896911253036 0.09921400249004363
v 0.03137006419109553 0.06513997010581196 0.10033000260591506
v 0.03137006419109553 0.06513997010581196 0.10033000260591506
v 0.03194706815384328 0.06633896911253036 0.09921400249004363
v 0.01923406946886331 0.06969498409670778 0.10033000260591506
v 0.03137006419109553 0.06513997010581196 0.10033000260591506
v 0.01923406946886331 0.06969498409670778 0.10033000260591506
v 0.01880006785079837 0.06812198070218228 0.10092400014400481
v 0.01880006785079837 0.06812198070218228 0.10092400014400481
v 0.01923406946886331 0.06969498409670778 0.10033000260591506
v 0.006335070425875485 0.07038399688698865 0.10092400014400481
v 0.04378905959007517 0.060270954837948094 0.0977099984884262
v 0.03232406831404567 0.06712096677382291 0.0977099984884262
v 0.03194706815384328 0.06633896911253036 0.09921400249004363
v 0.03194706815384328 0.06633896911253036 0.09921400249004363
v 0.03232406831404567 0.06712096677382291 0.0977099984884262
v 0.019588070186764003 0.07097698279427925 0.09921400249004363
v 0.03194706815384328 0.06633896911253036 0.09921400249004363
v 0.019588070186764003 0.07097698279427925 0.09921400249004363
v 0.01923406946886331 0.06969498409670778 0.10033000260591506
v 0.01923406946886331 0.06969498409670778 0.10033000260591506
v 0.019588070186764003 0.07097698279427925 0.09921400249004363
v 0.006481072231262922 0.07200899072091935 0.10033000260591506
v 0.01923406946886331 0.06969498409670778 0.10033000260591506
v 0.006481072231262922 0.07200899072091935 0.10033000260591506
v 0.006335070425875485 0.07038399688698865 0.10092400014400481
v 0.03232406831404567 0.06712096677382291 0.0977099984884262
v 0.01981907254987955 0.07181398078753615 0.0977099984884262
v 0.019588070186764003 0.07097698279427925 0.09921400249004363
v 0.019588070186764003 0.07097698279427925 0.09921400249004363
v 0.01981907254987955 0.07181398078753615 0.0977099984884262
v 0.006600073298238218 0.07333399440469594 0.09921400249004363
v 0.019588070186764003 0.07097698279427925 0.09921400249004363
v 0.006600073298238218 0.07333399440469594 0.09921400249004363
v 0.006481072231262922 0.07200899072091935 0.10033000260591506
v 0.006678074291504919 0.07419899183283747 0.0977099984884262
v 0.006600073298238218 0.07333399440469594 0.09921400249004363
v 0.01981907254987955 0.07181398078753615 0.0977099984884262
v -0.0724999019138366 0.09600007333446293 -2.1316282258102122e-17
v -0.07249991091383994 0.08700006999660283 -1.9317880072622013e-17
v -0.07126590695305168 0.09600007210046797 -0.013322000391781351
v -0.07126590695305168 0.09600007210046797 -0.013322000391781351
v -0.07249991091383994 0.08700006999660283 -1.9317880072622013e-17
v -0.07126591595305502 0.08700006876260787 -0.01332200039178135
v -0.07126590695305168 0.09600007210046797 -0.013322000391781351
v -0.07126591595305502 0.08700006876260787 -0.01332200039178135
v -0.06760390188618004 0.09600006843846291 -0.026189999654889128
v -0.06760390188618004 0.09600006843846291 -0.026189999654889128
v -0.07126591595305502 0.08700006876260787 -0.01332200039178135
v -0.06760391088618338 0.0870000651006028 -0.026189999654889128
v -0.06760390188618004 0.09600006843846291 -0.026189999654889128
v -0.06760391088618338 0.0870000651006028 -0.026189999654889128
v -0.06164090421123802 0.09600006247546523 -0.038166001439094564
v -0.06164090421123802 0.09600006247546523 -0.038166001439094564
v -0.06760391088618338 0.0870000651006028 -0.026189999654889128
v -0.06164091321124136 0.08700005913760513 -0.038166001439094564
v -0.06164090421123802 0.09600006247546523 -0.038166001439094564
v -0.06164091321124136 0.08700005913760513 -0.038166001439094564
v -0.05357790451569855 0.09600005441246554 -0.04884300008416178
v -0.05357790451569855 0.09600005441246554 -0.04884300008416178
v -0.06164091321124136 0.08700005913760513 -0.038166001439094564
v -0.05357791351570189 0.08700005107460543 -0.04884300008416178
v -0.05357790451569855 0.09600005441246554 -0.04884300008416178
v -0.05357791351570189 0.08700005107460543 -0.04884300008416178
v -0.04369090583248436 0.09600004452546686 -0.05785600095987322
v -0.04369090583248436 0.09600004452546686 -0.05785600095987322
v -0.05357791351570189 0.08700005107460543 -0.04884300008416178
v -0.0436909148324877 0.08700004118760675 -0.05785600095987322
v -0.04369090583248436 0.09600004452546686 -0.05785600095987322
v -0.0436909148324877 0.08700004118760675 -0.05785600095987322
v -0.032315903269484636 0.09600003315046429 -0.06489899754524234
v -0.032315903269484636 0.09600003315046429 -0.06489899754524234
v -0.0436909148324877 0.08700004118760675 -0.05785600095987322
v -0.032315912269487976 0.08700002981260418 -0.06489899754524232
v -0.032315903269484636 0.09600003315046429 -0.06489899754524234
v -0.032315912269487976 0.08700002981260418 -0.06489899754524232
v -0.019840904437735677 0.09600002067546545 -0.0697320029139519
v -0.019840904437735677 0.09600002067546545 -0.0697320029139519
v -0.032315912269487976 0.08700002981260418 -0.06489899754524232
v -0.019840913437739013 0.08700001733760535 -0.06973200291395189
v -0.019840904437735677 0.09600002067546545 -0.0697320029139519
v -0.019840913437739013 0.08700001733760535 -0.06973200291395189
v -0.006688903943434358 0.09600000752346496 -0.07219099998474124
v -0.006688903943434358 0.09600000752346496 -0.07219099998474124
v -0.019840913437739013 0.08700001733760535 -0.06973200291395189
v -0.006688912943437695 0.08700000418560486 -0.07219099998474122
v -0.006688903943434358 0.09600000752346496 -0.07219099998474124
v -0.006688912943437695 0.08700000418560486 -0.07219099998474122
v 0.006689095943436026 0.09599999414546508 -0.07219099998474124
v 0.006689095943436026 0.09599999414546508 -0.07219099998474124
v -0.006688912943437695 0.08700000418560486 -0.07219099998474122
v 0.006689086943432689 0.08699999080760497 -0.07219099998474122
v 0.006689095943436026 0.09599999414546508 -0.07219099998474124
v 0.006689086943432689 0.08699999080760497 -0.07219099998474122
v 0.019841096437737345 0.09599998099346459 -0.0697320029139519
v 0.019841096437737345 0.09599998099346459 -0.0697320029139519
v 0.006689086943432689 0.08699999080760497 -0.07219099998474122
v 0.01984108743773401 0.08699997765560448 -0.06973200291395189
v 0.019841096437737345 0.09599998099346459 -0.0697320029139519
v 0.01984108743773401 0.08699997765560448 -0.06973200291395189
v 0.03231609526948631 0.09599996851846575 -0.06489899754524234
v 0.03231609526948631 0.09599996851846575 -0.06489899754524234
v 0.01984108743773401 0.08699997765560448 -0.06973200291395189
v 0.03231608626948297 0.08699996518060564 -0.06489899754524232
v 0.03231609526948631 0.09599996851846575 -0.06489899754524234
v 0.03231608626948297 0.08699996518060564 -0.06489899754524232
v 0.04369109783248604 0.09599995714346318 -0.05785600095987322
v 0.04369109783248604 0.09599995714346318 -0.05785600095987322
v 0.03231608626948297 0.08699996518060564 -0.06489899754524232
v 0.0436910888324827 0.08699995380560308 -0.05785600095987322
v 0.04369109783248604 0.09599995714346318 -0.05785600095987322
v 0.0436910888324827 0.08699995380560308 -0.05785600095987322
v 0.053578096515700224 0.0959999472564645 -0.04884300008416178
v 0.053578096515700224 0.0959999472564645 -0.04884300008416178
v 0.0436910888324827 0.08699995380560308 -0.05785600095987322
v 0.053578087515696884 0.0869999439186044 -0.04884300008416178
v 0.053578096515700224 0.0959999472564645 -0.04884300008416178
v 0.053578087515696884 0.0869999439186044 -0.04884300008416178
v 0.0616410962112397 0.0959999391934648 -0.038166001439094564
v 0.0616410962112397 0.0959999391934648 -0.038166001439094564
v 0.053578087515696884 0.0869999439186044 -0.04884300008416178
v 0.06164108721123636 0.0869999358556047 -0.038166001439094564
v 0.0616410962112397 0.0959999391934648 -0.038166001439094564
v 0.06164108721123636 0.0869999358556047 -0.038166001439094564
v 0.06760409388618172 0.09599993323046714 -0.026189999654889128
v 0.06760409388618172 0.09599993323046714 -0.026189999654889128
v 0.06164108721123636 0.0869999358556047 -0.038166001439094564
v 0.06760408488617838 0.08699992989260703 -0.026189999654889128
v 0.06760409388618172 0.09599993323046714 -0.026189999654889128
v 0.06760408488617838 0.08699992989260703 -0.026189999654889128
v 0.07126609895305336 0.09599992956846207 -0.013322000391781351
v 0.07126609895305336 0.09599992956846207 -0.013322000391781351
v 0.06760408488617838 0.08699992989260703 -0.026189999654889128
v 0.07126608995305002 0.08699992623060196 -0.01332200039178135
v 0.07126609895305336 0.09599992956846207 -0.013322000391781351
v 0.07126608995305002 0.08699992623060196 -0.01332200039178135
v 0.07250009391383827 0.09599992833446712 -2.1316282258102122e-17
v 0.07250009391383827 0.09599992833446712 -2.1316282258102122e-17
v 0.07126608995305002 0.08699992623060196 -0.01332200039178135
v 0.07250008491383493 0.08699992499660701 -1.9317880072622013e-17
v 0.07500000298023224 -7.500000298023223e-8 0
v 0.07500009898023308 0.09599992583446204 -2.1316282258102122e-17
v 0.07463900734956935 0.007350925222955645 0.007350999861955641
v 0.07463900734956935 0.007350925222955645 0.007350999861955641
v 0.07500009898023308 0.09599992583446204 -2.1316282258102122e-17
v 0.07386109892205894 0.0959999269734621 0.013024000450968722
v 0.07463900734956935 0.007350925222955645 0.007350999861955641
v 0.07386109892205894 0.0959999269734621 0.013024000450968722
v 0.07355901572014205 0.01463192609755695 0.014631999656558033
v 0.07355901572014205 0.01463192609755695 0.014631999656558033
v 0.07386109892205894 0.0959999269734621 0.013024000450968722
v 0.07177102507691271 0.021770928927205505 0.021771000698208805
v 0.07177102507691271 0.021770928927205505 0.021771000698208805
v 0.07386109892205894 0.0959999269734621 0.013024000450968722
v 0.07047709736900032 0.09599993035746367 0.025652000680565813
v 0.07177102507691271 0.021770928927205505 0.021771000698208805
v 0.07047709736900032 0.09599993035746367 0.025652000680565813
v 0.06929103174941986 0.028700930624596777 0.028700999915599816
v 0.06929103174941986 0.028700930624596777 0.028700999915599816
v 0.07047709736900032 0.09599993035746367 0.025652000680565813
v 0.06495209697560966 0.09599993588246405 0.0375000014901161
v 0.06929103174941986 0.028700930624596777 0.028700999915599816
v 0.06495209697560966 0.09599993588246405 0.0375000014901161
v 0.06614403236857057 0.03535493554400653 0.03535500168800353
v 0.06614403236857057 0.03535493554400653 0.03535500168800353
v 0.06495209697560966 0.09599993588246405 0.0375000014901161
v 0.062360041533295066 0.04166793920235709 0.04166800156235694
v 0.062360041533295066 0.04166793920235709 0.04166800156235694
v 0.06495209697560966 0.09599993588246405 0.0375000014901161
v 0.05745309505538643 0.09599994338146597 0.0482090003788471
v 0.062360041533295066 0.04166793920235709 0.04166800156235694
v 0.05745309505538643 0.09599994338146597 0.0482090003788471
v 0.05797604758996889 0.047578943659313026 0.04757900163531302
v 0.05797604758996889 0.047578943659313026 0.04757900163531302
v 0.05745309505538643 0.09599994338146597 0.0482090003788471
v 0.05303305475390702 0.05303294868790359 0.05303300172090529
v 0.05303305475390702 0.05303294868790359 0.05303300172090529
v 0.05745309505538643 0.09599994338146597 0.0482090003788471
v 0.04820909637884796 0.09599995262546465 0.05745299905538557
v 0.05303305475390702 0.05303294868790359 0.05303300172090529
v 0.04820909637884796 0.09599995262546465 0.05745299905538557
v 0.04757905961131304 0.05797595243196563 0.05797600001096724
v 0.04757905961131304 0.05797595243196563 0.05797600001096724
v 0.04820909637884796 0.09599995262546465 0.05745299905538557
v 0.041668063922356814 0.06235995819729195 0.06235999986529349
v 0.041668063922356814 0.06235995819729195 0.06235999986529349
v 0.04820909637884796 0.09599995262546465 0.05745299905538557
v 0.03750009749011696 0.09599996333446355 0.0649520009756088
v 0.041668063922356814 0.06235995819729195 0.06235999986529349
v 0.03750009749011696 0.09599996333446355 0.0649520009756088
v 0.035355067832000556 0.0661439616585672 0.06614399701356886
v 0.035355067832000556 0.0661439616585672 0.06614399701356886
v 0.03750009749011696 0.09599996333446355 0.0649520009756088
v 0.028701069206602873 0.06929097434742004 0.06929100304841994
v 0.028701069206602873 0.06929097434742004 0.06929100304841994
v 0.03750009749011696 0.09599996333446355 0.0649520009756088
v 0.025652096680566668 0.09599997518246435 0.07047700136899945
v 0.028701069206602873 0.06929097434742004 0.06929100304841994
v 0.025652096680566668 0.09599997518246435 0.07047700136899945
v 0.021771072469212116 0.07177098153491132 0.071771003305912
v 0.021771072469212116 0.07177098153491132 0.071771003305912
v 0.025652096680566668 0.09599997518246435 0.07047700136899945
v 0.013024096450969577 0.09599998781046458 0.07386100292205808
v 0.021771072469212116 0.07177098153491132 0.071771003305912
v 0.013024096450969577 0.09599998781046458 0.07386100292205808
v 0.014632073215559125 0.07355898645614274 0.07355900108814238
v 0.014632073215559125 0.07355898645614274 0.07355900108814238
v 0.013024096450969577 0.09599998781046458 0.07386100292205808
v 0.0073510745009556415 0.07463899264756964 0.07463899999856947
v 0.0073510745009556415 0.07463899264756964 0.07463899999856947
v 0.013024096450969577 0.09599998781046458 0.07386100292205808
v 9.600000083446503e-8 0.09600000083446504 0.07500000298023221
v 0.0073510745009556415 0.07463899264756964 0.07463899999856947
v 9.600000083446503e-8 0.09600000083446504 0.07500000298023221
v 7.500000298023223e-8 0.07500000298023225 0.07500000298023222
v 7.500000298023223e-8 0.07500000298023225 0.07500000298023222
v 9.600000083446503e-8 0.09600000083446504 0.07500000298023221
v -0.007350925222955644 0.07463900734956935 0.07463899999856947
v -0.007350925222955644 0.07463900734956935 0.07463899999856947
v 9.600000083446503e-8 0.09600000083446504 0.07500000298023221
v -0.013023904450967908 0.09600001385846549 0.07386100292205808
v -0.007350925222955644 0.07463900734956935 0.07463899999856947
v -0.013023904450967908 0.09600001385846549 0.07386100292205808
v -0.014631926097556949 0.07355901572014206 0.07355900108814238
v -0.014631926097556949 0.07355901572014206 0.07355900108814238
v -0.013023904450967908 0.09600001385846549 0.07386100292205808
v -0.021770928927205502 0.07177102507691273 0.071771003305912
v -0.021770928927205502 0.07177102507691273 0.071771003305912
v -0.013023904450967908 0.09600001385846549 0.07386100292205808
v -0.025651904680565 0.09600002648646572 0.07047700136899945
v -0.021770928927205502 0.07177102507691273 0.071771003305912
v -0.025651904680565 0.09600002648646572 0.07047700136899945
v -0.028700930624596773 0.06929103174941988 0.06929100304841994
v -0.028700930624596773 0.06929103174941988 0.06929100304841994
v -0.025651904680565 0.09600002648646572 0.07047700136899945
v -0.03749990549011528 0.09600003833446652 0.0649520009756088
v -0.028700930624596773 0.06929103174941988 0.06929100304841994
v -0.03749990549011528 0.09600003833446652 0.0649520009756088
v -0.035354935544006524 0.06614403236857057 0.06614399701356886
v -0.035354935544006524 0.06614403236857057 0.06614399701356886
v -0.03749990549011528 0.09600003833446652 0.0649520009756088
v -0.041667939202357084 0.06236004153329507 0.06235999986529349
v -0.041667939202357084 0.06236004153329507 0.06235999986529349
v -0.03749990549011528 0.09600003833446652 0.0649520009756088
v -0.048208904378846285 0.09600004904346542 0.05745299905538557
v -0.041667939202357084 0.06236004153329507 0.06235999986529349
v -0.048208904378846285 0.09600004904346542 0.05745299905538557
v -0.047578943659313026 0.057976047589968896 0.05797600001096724
v -0.047578943659313026 0.057976047589968896 0.05797600001096724
v -0.048208904378846285 0.09600004904346542 0.05745299905538557
v -0.053032948687903585 0.05303305475390703 0.05303300172090529
v -0.053032948687903585 0.05303305475390703 0.05303300172090529
v -0.048208904378846285 0.09600004904346542 0.05745299905538557
v -0.05745290305538475 0.0960000582874641 0.0482090003788471
v -0.053032948687903585 0.05303305475390703 0.05303300172090529
v -0.05745290305538475 0.0960000582874641 0.0482090003788471
v -0.05797595243196562 0.04757905961131305 0.04757900163531302
v -0.05797595243196562 0.04757905961131305 0.04757900163531302
v -0.05745290305538475 0.0960000582874641 0.0482090003788471
v -0.06235995819729194 0.04166806392235682 0.04166800156235694
v -0.06235995819729194 0.04166806392235682 0.04166800156235694
v -0.05745290305538475 0.0960000582874641 0.0482090003788471
v -0.06495190497560799 0.09600006578646601 0.0375000014901161
v -0.06235995819729194 0.04166806392235682 0.04166800156235694
v -0.06495190497560799 0.09600006578646601 0.0375000014901161
v -0.06614396165856719 0.035355067832000556 0.03535500168800353
v -0.06614396165856719 0.035355067832000556 0.03535500168800353
v -0.06495190497560799 0.09600006578646601 0.0375000014901161
v -0.06929097434742004 0.028701069206602873 0.028700999915599816
v -0.06929097434742004 0.028701069206602873 0.028700999915599816
v -0.06495190497560799 0.09600006578646601 0.0375000014901161
v -0.07047690536899864 0.0960000713114664 0.025652000680565813
v -0.06929097434742004 0.028701069206602873 0.028700999915599816
v -0.07047690536899864 0.0960000713114664 0.025652000680565813
v -0.07177098153491132 0.021771072469212116 0.021771000698208805
v -0.07177098153491132 0.021771072469212116 0.021771000698208805
v -0.07047690536899864 0.0960000713114664 0.025652000680565813
v -0.07386090692205727 0.09600007469546795 0.013024000450968722
v -0.07177098153491132 0.021771072469212116 0.021771000698208805
v -0.07386090692205727 0.09600007469546795 0.013024000450968722
v -0.07355898645614274 0.014632073215559127 0.014631999656558033
v -0.07355898645614274 0.014632073215559127 0.014631999656558033
v -0.07386090692205727 0.09600007469546795 0.013024000450968722
v -0.07463899264756962 0.007351074500955642 0.007350999861955641
v -0.07463899264756962 0.007351074500955642 0.007350999861955641
v -0.07386090692205727 0.09600007469546795 0.013024000450968722
v -0.0749999069802314 0.09600007583446801 -2.1316282258102122e-17
v -0.07463899264756962 0.007351074500955642 0.007350999861955641
v -0.0749999069802314 0.09600007583446801 -2.1316282258102122e-17
v -0.07500000298023224 7.500000298023223e-8 0
v 7.500000298023223e-8 0.07500000298023222 -0.07500000298023225
v 7.500000298023223e-8 0.07500000298023222 -0.09600000083446504
v -0.007350925222955644 0.07463900734956934 -0.0746389999985695
v -0.007350925222955644 0.07463900734956934 -0.0746389999985695
v 7.500000298023223e-8 0.07500000298023222 -0.09600000083446504
v -0.013023926589965821 0.07386101594605854 -0.09600000083446504
v -0.007350925222955644 0.07463900734956934 -0.0746389999985695
v -0.013023926589965821 0.07386101594605854 -0.09600000083446504
v -0.014631926097556949 0.07355901572014205 -0.07355900108814241
v -0.014631926097556949 0.07355901572014205 -0.07355900108814241
v -0.013023926589965821 0.07386101594605854 -0.09600000083446504
v -0.021770928927205502 0.07177102507691271 -0.07177100330591203
v -0.021770928927205502 0.07177102507691271 -0.07177100330591203
v -0.013023926589965821 0.07386101594605854 -0.09600000083446504
v -0.025651930203564464 0.07047702702100016 -0.09600000083446504
v -0.021770928927205502 0.07177102507691271 -0.07177100330591203
v -0.025651930203564464 0.07047702702100016 -0.09600000083446504
v -0.028700930624596773 0.06929103174941986 -0.06929100304841997
v -0.028700930624596773 0.06929103174941986 -0.06929100304841997
v -0.025651930203564464 0.07047702702100016 -0.09600000083446504
v -0.03749993653811514 0.0649520384756103 -0.09600000083446504
v -0.028700930624596773 0.06929103174941986 -0.06929100304841997
v -0.03749993653811514 0.0649520384756103 -0.09600000083446504
v -0.035354935544006524 0.06614403236857055 -0.06614399701356889
v -0.035354935544006524 0.06614403236857055 -0.06614399701356889
v -0.03749993653811514 0.0649520384756103 -0.09600000083446504
v -0.041667939202357084 0.06236004153329506 -0.06235999986529352
v -0.041667939202357084 0.06236004153329506 -0.06235999986529352
v -0.03749993653811514 0.0649520384756103 -0.09600000083446504
v -0.04820894292584807 0.05745304726438596 -0.09600000083446504
v -0.041667939202357084 0.06236004153329506 -0.06235999986529352
v -0.04820894292584807 0.05745304726438596 -0.09600000083446504
v -0.047578943659313026 0.05797604758996888 -0.05797600001096727
v -0.047578943659313026 0.05797604758996888 -0.05797600001096727
v -0.04820894292584807 0.05745304726438596 -0.09600000083446504
v -0.053032948687903585 0.053033054753907016 -0.05303300172090532
v -0.053032948687903585 0.053033054753907016 -0.05303300172090532
v -0.04820894292584807 0.05745304726438596 -0.09600000083446504
v -0.05745295084638521 0.04820905783184617 -0.09600000083446504
v -0.053032948687903585 0.053033054753907016 -0.05303300172090532
v -0.05745295084638521 0.04820905783184617 -0.09600000083446504
v -0.05797595243196562 0.04757905961131304 -0.04757900163531305
v -0.05797595243196562 0.04757905961131304 -0.04757900163531305
v -0.05745295084638521 0.04820905783184617 -0.09600000083446504
v -0.06235995819729194 0.04166806392235681 -0.041668001562356956
v -0.06235995819729194 0.04166806392235681 -0.041668001562356956
v -0.05745295084638521 0.04820905783184617 -0.09600000083446504
v -0.06495196347560733 0.037500066442117085 -0.09600000083446504
v -0.06235995819729194 0.04166806392235681 -0.041668001562356956
v -0.06495196347560733 0.037500066442117085 -0.09600000083446504
v -0.06614396165856719 0.03535506783200055 -0.03535500168800355
v -0.06614396165856719 0.03535506783200055 -0.03535500168800355
v -0.06495196347560733 0.037500066442117085 -0.09600000083446504
v -0.0704769757169988 0.025652071157567194 -0.09600000083446503
v -0.06614396165856719 0.03535506783200055 -0.03535500168800355
v -0.0704769757169988 0.025652071157567194 -0.09600000083446503
v -0.06929097434742004 0.02870106920660287 -0.02870099991559983
v -0.06929097434742004 0.02870106920660287 -0.02870099991559983
v -0.0704769757169988 0.025652071157567194 -0.09600000083446503
v -0.07177098153491132 0.021771072469212113 -0.021771000698208812
v -0.07177098153491132 0.021771072469212113 -0.021771000698208812
v -0.0704769757169988 0.025652071157567194 -0.09600000083446503
v -0.07386098989805766 0.013024074311971653 -0.09600000083446503
v -0.07177098153491132 0.021771072469212113 -0.021771000698208812
v -0.07386098989805766 0.013024074311971653 -0.09600000083446503
v -0.07355898645614274 0.014632073215559123 -0.01463199965655804
v -0.07355898645614274 0.014632073215559123 -0.01463199965655804
v -0.07386098989805766 0.013024074311971653 -0.09600000083446503
v -0.07463899264756962 0.007351074500955641 -0.0073509998619556444
v -0.07463899264756962 0.007351074500955641 -0.0073509998619556444
v -0.07386098989805766 0.013024074311971653 -0.09600000083446503
v -0.07500000298023224 7.50000029695741e-8 -0.09600000083446503
v -0.07463899264756962 0.007351074500955641 -0.0073509998619556444
v -0.07500000298023224 7.50000029695741e-8 -0.09600000083446503
v -0.07500000298023224 7.500000298023223e-8 0
v -0.07500000298023224 7.500000298023223e-8 0
v -0.07500000298023224 7.50000029695741e-8 -0.09600000083446503
v -0.07386101594605855 -0.013023926589965831 -0.09600000083446503
v -0.07500000298023224 7.500000298023223e-8 0
v -0.07386101594605855 -0.013023926589965831 -0.09600000083446503
v -0.07386101594605855 -0.013023926589965812 0.06645199656486511
v -0.07386101594605855 -0.013023926589965812 0.06645199656486511
v -0.07386101594605855 -0.013023926589965831 -0.09600000083446503
v -0.07047702702100016 -0.025651930203564457 0.06306800246238708
v -0.07047702702100016 -0.025651930203564457 0.06306800246238708
v -0.07386101594605855 -0.013023926589965831 -0.09600000083446503
v -0.07047702702100016 -0.025651930203564474 -0.09600000083446503
v -0.07047702702100016 -0.025651930203564457 0.06306800246238708
v -0.07047702702100016 -0.025651930203564474 -0.09600000083446503
v -0.06495203847561032 -0.03749993653811514 0.059893999248743064
v -0.06495203847561032 -0.03749993653811514 0.059893999248743064
v -0.07047702702100016 -0.025651930203564474 -0.09600000083446503
v -0.06495203847561032 -0.037499936538115154 -0.09600000083446501
v -0.06495203847561032 -0.03749993653811514 0.059893999248743064
v -0.06495203847561032 -0.037499936538115154 -0.09600000083446501
v -0.05745304726438597 -0.04820894292584806 0.05702399834990503
v -0.05745304726438597 -0.04820894292584806 0.05702399834990503
v -0.06495203847561032 -0.037499936538115154 -0.09600000083446501
v -0.05745304726438597 -0.048208942925848076 -0.09600000083446501
v -0.05745304726438597 -0.04820894292584806 0.05702399834990503
v -0.05745304726438597 -0.048208942925848076 -0.09600000083446501
v -0.048209057831846175 -0.05745295084638521 0.05454700067639352
v -0.048209057831846175 -0.05745295084638521 0.05454700067639352
v -0.05745304726438597 -0.048208942925848076 -0.09600000083446501
v -0.048209057831846175 -0.05745295084638522 -0.09600000083446501
v -0.048209057831846175 -0.05745295084638521 0.05454700067639352
v -0.048209057831846175 -0.05745295084638522 -0.09600000083446501
v -0.0375000664421171 -0.06495196347560733 0.05253800004720689
v -0.0375000664421171 -0.06495196347560733 0.05253800004720689
v -0.048209057831846175 -0.05745295084638522 -0.09600000083446501
v -0.0375000664421171 -0.06495196347560735 -0.09600000083446501
v -0.0375000664421171 -0.06495196347560733 0.05253800004720689
v -0.0375000664421171 -0.06495196347560735 -0.09600000083446501
v -0.025652071157567204 -0.07047697571699879 0.05105699971318246
v -0.025652071157567204 -0.07047697571699879 0.05105699971318246
v -0.0375000664421171 -0.06495196347560735 -0.09600000083446501
v -0.025652071157567204 -0.0704769757169988 -0.09600000083446501
v -0.025652071157567204 -0.07047697571699879 0.05105699971318246
v -0.025652071157567204 -0.0704769757169988 -0.09600000083446501
v -0.013024074311971664 -0.07386098989805764 0.05015100166201593
v -0.013024074311971664 -0.07386098989805764 0.05015100166201593
v -0.025652071157567204 -0.0704769757169988 -0.09600000083446501
v -0.013024074311971664 -0.07386098989805767 -0.09600000083446501
v -0.013024074311971664 -0.07386098989805764 0.05015100166201593
v -0.013024074311971664 -0.07386098989805767 -0.09600000083446501
v -7.500000298023223e-8 -0.07500000298023224 0.049846000969409957
v -7.500000298023223e-8 -0.07500000298023224 0.049846000969409957
v -0.013024074311971664 -0.07386098989805767 -0.09600000083446501
v -7.500000298023223e-8 -0.07500000298023225 -0.09600000083446501
v -0.07386101594605855 -0.013023926589965812 0.06645199656486511
v -0.07500000298023224 7.500000298799735e-8 0.06994199752807617
v -0.07500000298023224 7.500000298023223e-8 0
v -0.07500000298023224 7.500000298023223e-8 0
v -0.07500000298023224 7.500000298799735e-8 0.06994199752807617
v -0.07463899264756962 0.007351074500955642 0.007350999861955641
v -0.07463899264756962 0.007351074500955642 0.007350999861955641
v -0.07500000298023224 7.500000298799735e-8 0.06994199752807617
v -0.07386098989805766 0.013024074311971673 0.07343100011348724
v -0.07463899264756962 0.007351074500955642 0.007350999861955641
v -0.07386098989805766 0.013024074311971673 0.07343100011348724
v -0.07355898645614274 0.014632073215559127 0.014631999656558033
v -0.07355898645614274 0.014632073215559127 0.014631999656558033
v -0.07386098989805766 0.013024074311971673 0.07343100011348724
v -0.07177098153491132 0.021771072469212116 0.021771000698208805
v -0.07177098153491132 0.021771072469212116 0.021771000698208805
v -0.07386098989805766 0.013024074311971673 0.07343100011348724
v -0.0704769757169988 0.02565207115756721 0.07681500166654587
v -0.07177098153491132 0.021771072469212116 0.021771000698208805
v -0.0704769757169988 0.02565207115756721 0.07681500166654587
v -0.06929097434742004 0.028701069206602873 0.028700999915599816
v -0.06929097434742004 0.028701069206602873 0.028700999915599816
v -0.0704769757169988 0.02565207115756721 0.07681500166654587
v -0.06495196347560733 0.037500066442117105 0.07998999953269957
v -0.06929097434742004 0.028701069206602873 0.028700999915599816
v -0.06495196347560733 0.037500066442117105 0.07998999953269957
v -0.06614396165856719 0.035355067832000556 0.03535500168800353
v -0.06614396165856719 0.035355067832000556 0.03535500168800353
v -0.06495196347560733 0.037500066442117105 0.07998999953269957
v -0.06235995819729194 0.04166806392235682 0.04166800156235694
v -0.06235995819729194 0.04166806392235682 0.04166800156235694
v -0.06495196347560733 0.037500066442117105 0.07998999953269957
v -0.05745295084638521 0.04820905783184619 0.08285900205373763
v -0.06235995819729194 0.04166806392235682 0.04166800156235694
v -0.05745295084638521 0.04820905783184619 0.08285900205373763
v -0.05797595243196562 0.04757905961131305 0.04757900163531302
v -0.05797595243196562 0.04757905961131305 0.04757900163531302
v -0.05745295084638521 0.04820905783184619 0.08285900205373763
v -0.053032948687903585 0.05303305475390703 0.05303300172090529
v -0.053032948687903585 0.05303305475390703 0.05303300172090529
v -0.05745295084638521 0.04820905783184619 0.08285900205373763
v -0.04820894292584807 0.05745304726438598 0.08533599972724913
v -0.053032948687903585 0.05303305475390703 0.05303300172090529
v -0.04820894292584807 0.05745304726438598 0.08533599972724913
v -0.047578943659313026 0.057976047589968896 0.05797600001096724
v -0.047578943659313026 0.057976047589968896 0.05797600001096724
v -0.04820894292584807 0.05745304726438598 0.08533599972724913
v -0.041667939202357084 0.06236004153329507 0.06235999986529349
v -0.041667939202357084 0.06236004153329507 0.06235999986529349
v -0.04820894292584807 0.05745304726438598 0.08533599972724913
v -0.03749993653811514 0.06495203847561032 0.08734600245952605
v -0.041667939202357084 0.06236004153329507 0.06235999986529349
v -0.03749993653811514 0.06495203847561032 0.08734600245952605
v -0.035354935544006524 0.06614403236857057 0.06614399701356886
v -0.035354935544006524 0.06614403236857057 0.06614399701356886
v -0.03749993653811514 0.06495203847561032 0.08734600245952605
v -0.028700930624596773 0.06929103174941988 0.06929100304841994
v -0.028700930624596773 0.06929103174941988 0.06929100304841994
v -0.03749993653811514 0.06495203847561032 0.08734600245952605
v -0.025651930203564464 0.07047702702100017 0.08882600069046019
v -0.028700930624596773 0.06929103174941988 0.06929100304841994
v -0.025651930203564464 0.07047702702100017 0.08882600069046019
v -0.021770928927205502 0.07177102507691273 0.071771003305912
v -0.021770928927205502 0.07177102507691273 0.071771003305912
v -0.025651930203564464 0.07047702702100017 0.08882600069046019
v -0.013023926589965821 0.07386101594605857 0.08973299711942671
v -0.021770928927205502 0.07177102507691273 0.071771003305912
v -0.013023926589965821 0.07386101594605857 0.08973299711942671
v -0.014631926097556949 0.07355901572014206 0.07355900108814238
v -0.014631926097556949 0.07355901572014206 0.07355900108814238
v -0.013023926589965821 0.07386101594605857 0.08973299711942671
v -0.007350925222955644 0.07463900734956935 0.07463899999856947
v -0.007350925222955644 0.07463900734956935 0.07463899999856947
v -0.013023926589965821 0.07386101594605857 0.08973299711942671
v 7.500000298023223e-8 0.07500000298023225 0.09003800153732298
v -0.007350925222955644 0.07463900734956935 0.07463899999856947
v 7.500000298023223e-8 0.07500000298023225 0.09003800153732298
v 7.500000298023223e-8 0.07500000298023225 0.07500000298023222
v -7.500000298023223e-8 -0.07500000298023225 -0.09600000083446501
v 0.013023926589965821 -0.07386101594605857 -0.09600000083446501
v -7.500000298023223e-8 -0.07500000298023224 0.049846000969409957
v -7.500000298023223e-8 -0.07500000298023224 0.049846000969409957
v 0.013023926589965821 -0.07386101594605857 -0.09600000083446501
v 0.013023926589965821 -0.07386101594605855 0.05015100166201593
v 0.013023926589965821 -0.07386101594605855 0.05015100166201593
v 0.013023926589965821 -0.07386101594605857 -0.09600000083446501
v 0.025651930203564464 -0.07047702702100017 -0.09600000083446501
v 0.013023926589965821 -0.07386101594605855 0.05015100166201593
v 0.025651930203564464 -0.07047702702100017 -0.09600000083446501
v 0.025651930203564464 -0.07047702702100016 0.05105699971318246
v 0.025651930203564464 -0.07047702702100016 0.05105699971318246
v 0.025651930203564464 -0.07047702702100017 -0.09600000083446501
v 0.03749993653811514 -0.06495203847561033 -0.09600000083446501
v 0.025651930203564464 -0.07047702702100016 0.05105699971318246
v 0.03749993653811514 -0.06495203847561033 -0.09600000083446501
v 0.03749993653811514 -0.0649520384756103 0.05253800004720689
v 0.03749993653811514 -0.0649520384756103 0.05253800004720689
v 0.03749993653811514 -0.06495203847561033 -0.09600000083446501
v 0.04820894292584807 -0.05745304726438598 -0.09600000083446501
v 0.03749993653811514 -0.0649520384756103 0.05253800004720689
v 0.04820894292584807 -0.05745304726438598 -0.09600000083446501
v 0.04820894292584807 -0.057453047264385965 0.05454700067639352
v 0.04820894292584807 -0.057453047264385965 0.05454700067639352
v 0.04820894292584807 -0.05745304726438598 -0.09600000083446501
v 0.05745295084638521 -0.04820905783184619 -0.09600000083446501
v 0.04820894292584807 -0.057453047264385965 0.05454700067639352
v 0.05745295084638521 -0.04820905783184619 -0.09600000083446501
v 0.05745295084638521 -0.04820905783184617 0.05702399834990503
v 0.05745295084638521 -0.04820905783184617 0.05702399834990503
v 0.05745295084638521 -0.04820905783184619 -0.09600000083446501
v 0.06495196347560733 -0.037500066442117105 -0.09600000083446501
v 0.05745295084638521 -0.04820905783184617 0.05702399834990503
v 0.06495196347560733 -0.037500066442117105 -0.09600000083446501
v 0.06495196347560733 -0.03750006644211709 0.059893999248743064
v 0.06495196347560733 -0.03750006644211709 0.059893999248743064
v 0.06495196347560733 -0.037500066442117105 -0.09600000083446501
v 0.0704769757169988 -0.025652071157567215 -0.09600000083446503
v 0.06495196347560733 -0.03750006644211709 0.059893999248743064
v 0.0704769757169988 -0.025652071157567215 -0.09600000083446503
v 0.0704769757169988 -0.025652071157567197 0.06306800246238708
v 0.0704769757169988 -0.025652071157567197 0.06306800246238708
v 0.0704769757169988 -0.025652071157567215 -0.09600000083446503
v 0.07386098989805766 -0.013024074311971674 -0.09600000083446503
v 0.0704769757169988 -0.025652071157567197 0.06306800246238708
v 0.07386098989805766 -0.013024074311971674 -0.09600000083446503
v 0.07386098989805766 -0.013024074311971657 0.06645199656486511
v 0.07386098989805766 -0.013024074311971657 0.06645199656486511
v 0.07386098989805766 -0.013024074311971674 -0.09600000083446503
v 0.07500000298023224 -7.500000298023223e-8 0
v 0.07386098989805766 -0.013024074311971657 0.06645199656486511
v 0.07500000298023224 -7.500000298023223e-8 0
v 0.07500000298023224 -7.500000297246711e-8 0.06994199752807617
v 0.07500000298023224 -7.500000297246711e-8 0.06994199752807617
v 0.07500000298023224 -7.500000298023223e-8 0
v 0.07463900734956935 0.007350925222955645 0.007350999861955641
v 0.07500000298023224 -7.500000297246711e-8 0.06994199752807617
v 0.07463900734956935 0.007350925222955645 0.007350999861955641
v 0.07386101594605855 0.013023926589965828 0.07343100011348724
v 0.07386101594605855 0.013023926589965828 0.07343100011348724
v 0.07463900734956935 0.007350925222955645 0.007350999861955641
v 0.07355901572014205 0.01463192609755695 0.014631999656558033
v 0.07386101594605855 0.013023926589965828 0.07343100011348724
v 0.07355901572014205 0.01463192609755695 0.014631999656558033
v 0.07177102507691271 0.021770928927205505 0.021771000698208805
v 0.07386098989805766 -0.013024074311971674 -0.09600000083446503
v 0.07500000298023224 -7.500000299089037e-8 -0.09600000083446503
v 0.07500000298023224 -7.500000298023223e-8 0
v 0.07500000298023224 -7.500000298023223e-8 0
v 0.07500000298023224 -7.500000299089037e-8 -0.09600000083446503
v 0.07463900734956935 0.007350925222955643 -0.0073509998619556444
v 0.07463900734956935 0.007350925222955643 -0.0073509998619556444
v 0.07500000298023224 -7.500000299089037e-8 -0.09600000083446503
v 0.07386101594605855 0.01302392658996581 -0.09600000083446503
v 0.07463900734956935 0.007350925222955643 -0.0073509998619556444
v 0.07386101594605855 0.01302392658996581 -0.09600000083446503
v 0.07355901572014205 0.014631926097556947 -0.01463199965655804
v 0.07355901572014205 0.014631926097556947 -0.01463199965655804
v 0.07386101594605855 0.01302392658996581 -0.09600000083446503
v 0.07177102507691271 0.021770928927205502 -0.021771000698208812
v 0.07177102507691271 0.021770928927205502 -0.021771000698208812
v 0.07386101594605855 0.01302392658996581 -0.09600000083446503
v 0.07047702702100016 0.025651930203564453 -0.09600000083446503
v 0.07177102507691271 0.021770928927205502 -0.021771000698208812
v 0.07047702702100016 0.025651930203564453 -0.09600000083446503
v 0.06929103174941986 0.028700930624596773 -0.02870099991559983
v 0.06929103174941986 0.028700930624596773 -0.02870099991559983
v 0.07047702702100016 0.025651930203564453 -0.09600000083446503
v 0.06495203847561032 0.03749993653811513 -0.09600000083446504
v 0.06929103174941986 0.028700930624596773 -0.02870099991559983
v 0.06495203847561032 0.03749993653811513 -0.09600000083446504
v 0.06614403236857057 0.035354935544006524 -0.03535500168800355
v 0.06614403236857057 0.035354935544006524 -0.03535500168800355
v 0.06495203847561032 0.03749993653811513 -0.09600000083446504
v 0.062360041533295066 0.04166793920235708 -0.041668001562356956
v 0.062360041533295066 0.04166793920235708 -0.041668001562356956
v 0.06495203847561032 0.03749993653811513 -0.09600000083446504
v 0.05745304726438597 0.048208942925848056 -0.09600000083446504
v 0.062360041533295066 0.04166793920235708 -0.041668001562356956
v 0.05745304726438597 0.048208942925848056 -0.09600000083446504
v 0.05797604758996889 0.04757894365931302 -0.04757900163531305
v 0.05797604758996889 0.04757894365931302 -0.04757900163531305
v 0.05745304726438597 0.048208942925848056 -0.09600000083446504
v 0.05303305475390702 0.05303294868790358 -0.05303300172090532
v 0.05303305475390702 0.05303294868790358 -0.05303300172090532
v 0.05745304726438597 0.048208942925848056 -0.09600000083446504
v 0.048209057831846175 0.0574529508463852 -0.09600000083446504
v 0.05303305475390702 0.05303294868790358 -0.05303300172090532
v 0.048209057831846175 0.0574529508463852 -0.09600000083446504
v 0.04757905961131304 0.05797595243196561 -0.05797600001096727
v 0.04757905961131304 0.05797595243196561 -0.05797600001096727
v 0.048209057831846175 0.0574529508463852 -0.09600000083446504
v 0.041668063922356814 0.06235995819729193 -0.06235999986529352
v 0.041668063922356814 0.06235995819729193 -0.06235999986529352
v 0.048209057831846175 0.0574529508463852 -0.09600000083446504
v 0.0375000664421171 0.06495196347560732 -0.09600000083446504
v 0.041668063922356814 0.06235995819729193 -0.06235999986529352
v 0.0375000664421171 0.06495196347560732 -0.09600000083446504
v 0.035355067832000556 0.06614396165856719 -0.06614399701356889
v 0.035355067832000556 0.06614396165856719 -0.06614399701356889
v 0.0375000664421171 0.06495196347560732 -0.09600000083446504
v 0.028701069206602873 0.06929097434742003 -0.06929100304841997
v 0.028701069206602873 0.06929097434742003 -0.06929100304841997
v 0.0375000664421171 0.06495196347560732 -0.09600000083446504
v 0.025652071157567204 0.07047697571699879 -0.09600000083446504
v 0.028701069206602873 0.06929097434742003 -0.06929100304841997
v 0.025652071157567204 0.07047697571699879 -0.09600000083446504
v 0.021771072469212116 0.07177098153491131 -0.07177100330591203
v 0.021771072469212116 0.07177098153491131 -0.07177100330591203
v 0.025652071157567204 0.07047697571699879 -0.09600000083446504
v 0.013024074311971664 0.07386098989805764 -0.09600000083446504
v 0.021771072469212116 0.07177098153491131 -0.07177100330591203
v 0.013024074311971664 0.07386098989805764 -0.09600000083446504
v 0.014632073215559125 0.07355898645614273 -0.07355900108814241
v 0.014632073215559125 0.07355898645614273 -0.07355900108814241
v 0.013024074311971664 0.07386098989805764 -0.09600000083446504
v 0.0073510745009556415 0.07463899264756962 -0.0746389999985695
v 0.0073510745009556415 0.07463899264756962 -0.0746389999985695
v 0.013024074311971664 0.07386098989805764 -0.09600000083446504
v 7.500000298023223e-8 0.07500000298023222 -0.09600000083446504
v 0.0073510745009556415 0.07463899264756962 -0.0746389999985695
v 7.500000298023223e-8 0.07500000298023222 -0.09600000083446504
v 7.500000298023223e-8 0.07500000298023222 -0.07500000298023225
v 0.07386101594605855 0.013023926589965828 0.07343100011348724
v 0.07177102507691271 0.021770928927205505 0.021771000698208805
v 0.07047702702100016 0.025651930203564474 0.07681500166654587
v 0.07047702702100016 0.025651930203564474 0.07681500166654587
v 0.07177102507691271 0.021770928927205505 0.021771000698208805
v 0.06929103174941986 0.028700930624596777 0.028700999915599816
v 0.07047702702100016 0.025651930203564474 0.07681500166654587
v 0.06929103174941986 0.028700930624596777 0.028700999915599816
v 0.06614403236857057 0.03535493554400653 0.03535500168800353
v 0.07047702702100016 0.025651930203564474 0.07681500166654587
v 0.06614403236857057 0.03535493554400653 0.03535500168800353
v 0.06495203847561032 0.037499936538115154 0.07998999953269957
v 0.06495203847561032 0.037499936538115154 0.07998999953269957
v 0.06614403236857057 0.03535493554400653 0.03535500168800353
v 0.062360041533295066 0.04166793920235709 0.04166800156235694
v 0.06495203847561032 0.037499936538115154 0.07998999953269957
v 0.062360041533295066 0.04166793920235709 0.04166800156235694
v 0.05745304726438597 0.048208942925848076 0.08285900205373763
v 0.05745304726438597 0.048208942925848076 0.08285900205373763
v 0.062360041533295066 0.04166793920235709 0.04166800156235694
v 0.05797604758996889 0.047578943659313026 0.04757900163531302
v 0.05745304726438597 0.048208942925848076 0.08285900205373763
v 0.05797604758996889 0.047578943659313026 0.04757900163531302
v 0.05303305475390702 0.05303294868790359 0.05303300172090529
v 0.05745304726438597 0.048208942925848076 0.08285900205373763
v 0.05303305475390702 0.05303294868790359 0.05303300172090529
v 0.048209057831846175 0.05745295084638522 0.08533599972724913
v 0.048209057831846175 0.05745295084638522 0.08533599972724913
v 0.05303305475390702 0.05303294868790359 0.05303300172090529
v 0.04757905961131304 0.05797595243196563 0.05797600001096724
v 0.048209057831846175 0.05745295084638522 0.08533599972724913
v 0.04757905961131304 0.05797595243196563 0.05797600001096724
v 0.041668063922356814 0.06235995819729195 0.06235999986529349
v 0.048209057831846175 0.05745295084638522 0.08533599972724913
v 0.041668063922356814 0.06235995819729195 0.06235999986529349
v 0.0375000664421171 0.06495196347560735 0.08734600245952605
v 0.0375000664421171 0.06495196347560735 0.08734600245952605
v 0.041668063922356814 0.06235995819729195 0.06235999986529349
v 0.035355067832000556 0.0661439616585672 0.06614399701356886
v 0.0375000664421171 0.06495196347560735 0.08734600245952605
v 0.035355067832000556 0.0661439616585672 0.06614399701356886
v 0.028701069206602873 0.06929097434742004 0.06929100304841994
v 0.0375000664421171 0.06495196347560735 0.08734600245952605
v 0.028701069206602873 0.06929097434742004 0.06929100304841994
v 0.025652071157567204 0.0704769757169988 0.08882600069046019
v 0.025652071157567204 0.0704769757169988 0.08882600069046019
v 0.028701069206602873 0.06929097434742004 0.06929100304841994
v 0.021771072469212116 0.07177098153491132 0.071771003305912
v 0.025652071157567204 0.0704769757169988 0.08882600069046019
v 0.021771072469212116 0.07177098153491132 0.071771003305912
v 0.013024074311971664 0.07386098989805766 0.08973299711942671
v 0.013024074311971664 0.07386098989805766 0.08973299711942671
v 0.021771072469212116 0.07177098153491132 0.071771003305912
v 0.014632073215559125 0.07355898645614274 0.07355900108814238
v 0.013024074311971664 0.07386098989805766 0.08973299711942671
v 0.014632073215559125 0.07355898645614274 0.07355900108814238
v 0.0073510745009556415 0.07463899264756964 0.07463899999856947
v 7.500000298023223e-8 0.07500000298023225 0.07500000298023222
v 7.500000298023223e-8 0.07500000298023225 0.09003800153732298
v 0.0073510745009556415 0.07463899264756964 0.07463899999856947
v 0.0073510745009556415 0.07463899264756964 0.07463899999856947
v 7.500000298023223e-8 0.07500000298023225 0.09003800153732298
v 0.013024074311971664 0.07386098989805766 0.08973299711942671
v -0.07500000298023224 7.500000298023223e-8 0
v -0.0749999069802314 0.09600007583446801 -2.1316282258102122e-17
v -0.07463899264756962 0.007351074500955641 -0.0073509998619556444
v -0.07463899264756962 0.007351074500955641 -0.0073509998619556444
v -0.0749999069802314 0.09600007583446801 -2.1316282258102122e-17
v -0.07386090692205727 0.09600007469546795 -0.013024000450968763
v -0.07463899264756962 0.007351074500955641 -0.0073509998619556444
v -0.07386090692205727 0.09600007469546795 -0.013024000450968763
v -0.07355898645614274 0.014632073215559123 -0.01463199965655804
v -0.07355898645614274 0.014632073215559123 -0.01463199965655804
v -0.07386090692205727 0.09600007469546795 -0.013024000450968763
v -0.07177098153491132 0.021771072469212113 -0.021771000698208812
v -0.07177098153491132 0.021771072469212113 -0.021771000698208812
v -0.07386090692205727 0.09600007469546795 -0.013024000450968763
v -0.07047690536899864 0.09600007131146639 -0.025652000680565855
v -0.07177098153491132 0.021771072469212113 -0.021771000698208812
v -0.07047690536899864 0.09600007131146639 -0.025652000680565855
v -0.06929097434742004 0.02870106920660287 -0.02870099991559983
v -0.06929097434742004 0.02870106920660287 -0.02870099991559983
v -0.07047690536899864 0.09600007131146639 -0.025652000680565855
v -0.06495190497560799 0.096000065786466 -0.03750000149011614
v -0.06929097434742004 0.02870106920660287 -0.02870099991559983
v -0.06495190497560799 0.096000065786466 -0.03750000149011614
v -0.06614396165856719 0.03535506783200055 -0.03535500168800355
v -0.06614396165856719 0.03535506783200055 -0.03535500168800355
v -0.06495190497560799 0.096000065786466 -0.03750000149011614
v -0.06235995819729194 0.04166806392235681 -0.041668001562356956
v -0.06235995819729194 0.04166806392235681 -0.041668001562356956
v -0.06495190497560799 0.096000065786466 -0.03750000149011614
v -0.05745290305538475 0.09600005828746408 -0.04820900037884714
v -0.06235995819729194 0.04166806392235681 -0.041668001562356956
v -0.05745290305538475 0.09600005828746408 -0.04820900037884714
v -0.05797595243196562 0.04757905961131304 -0.04757900163531305
v -0.05797595243196562 0.04757905961131304 -0.04757900163531305
v -0.05745290305538475 0.09600005828746408 -0.04820900037884714
v -0.053032948687903585 0.053033054753907016 -0.05303300172090532
v -0.053032948687903585 0.053033054753907016 -0.05303300172090532
v -0.05745290305538475 0.09600005828746408 -0.04820900037884714
v -0.048208904378846285 0.0960000490434654 -0.05745299905538561
v -0.053032948687903585 0.053033054753907016 -0.05303300172090532
v -0.048208904378846285 0.0960000490434654 -0.05745299905538561
v -0.047578943659313026 0.05797604758996888 -0.05797600001096727
v -0.047578943659313026 0.05797604758996888 -0.05797600001096727
v -0.048208904378846285 0.0960000490434654 -0.05745299905538561
v -0.041667939202357084 0.06236004153329506 -0.06235999986529352
v -0.041667939202357084 0.06236004153329506 -0.06235999986529352
v -0.048208904378846285 0.0960000490434654 -0.05745299905538561
v -0.03749990549011528 0.0960000383344665 -0.06495200097560885
v -0.041667939202357084 0.06236004153329506 -0.06235999986529352
v -0.03749990549011528 0.0960000383344665 -0.06495200097560885
v -0.035354935544006524 0.06614403236857055 -0.06614399701356889
v -0.035354935544006524 0.06614403236857055 -0.06614399701356889
v -0.03749990549011528 0.0960000383344665 -0.06495200097560885
v -0.028700930624596773 0.06929103174941986 -0.06929100304841997
v -0.028700930624596773 0.06929103174941986 -0.06929100304841997
v -0.03749990549011528 0.0960000383344665 -0.06495200097560885
v -0.025651904680565 0.0960000264864657 -0.07047700136899951
v -0.028700930624596773 0.06929103174941986 -0.06929100304841997
v -0.025651904680565 0.0960000264864657 -0.07047700136899951
v -0.021770928927205502 0.07177102507691271 -0.07177100330591203
v -0.021770928927205502 0.07177102507691271 -0.07177100330591203
v -0.025651904680565 0.0960000264864657 -0.07047700136899951
v -0.013023904450967908 0.09600001385846547 -0.07386100292205813
v -0.021770928927205502 0.07177102507691271 -0.07177100330591203
v -0.013023904450967908 0.09600001385846547 -0.07386100292205813
v -0.014631926097556949 0.07355901572014205 -0.07355900108814241
v -0.014631926097556949 0.07355901572014205 -0.07355900108814241
v -0.013023904450967908 0.09600001385846547 -0.07386100292205813
v -0.007350925222955644 0.07463900734956934 -0.0746389999985695
v -0.007350925222955644 0.07463900734956934 -0.0746389999985695
v -0.013023904450967908 0.09600001385846547 -0.07386100292205813
v 9.600000083446503e-8 0.09600000083446501 -0.07500000298023227
v -0.007350925222955644 0.07463900734956934 -0.0746389999985695
v 9.600000083446503e-8 0.09600000083446501 -0.07500000298023227
v 7.500000298023223e-8 0.07500000298023222 -0.07500000298023225
v 7.500000298023223e-8 0.07500000298023222 -0.07500000298023225
v 9.600000083446503e-8 0.09600000083446501 -0.07500000298023227
v 0.0073510745009556415 0.07463899264756962 -0.0746389999985695
v 0.0073510745009556415 0.07463899264756962 -0.0746389999985695
v 9.600000083446503e-8 0.09600000083446501 -0.07500000298023227
v 0.013024096450969577 0.09599998781046457 -0.07386100292205813
v 0.0073510745009556415 0.07463899264756962 -0.0746389999985695
v 0.013024096450969577 0.09599998781046457 -0.07386100292205813
v 0.014632073215559125 0.07355898645614273 -0.07355900108814241
v 0.014632073215559125 0.07355898645614273 -0.07355900108814241
v 0.013024096450969577 0.09599998781046457 -0.07386100292205813
v 0.021771072469212116 0.07177098153491131 -0.07177100330591203
v 0.021771072469212116 0.07177098153491131 -0.07177100330591203
v 0.013024096450969577 0.09599998781046457 -0.07386100292205813
v 0.025652096680566668 0.09599997518246434 -0.07047700136899951
v 0.021771072469212116 0.07177098153491131 -0.07177100330591203
v 0.025652096680566668 0.09599997518246434 -0.07047700136899951
v 0.028701069206602873 0.06929097434742003 -0.06929100304841997
v 0.028701069206602873 0.06929097434742003 -0.06929100304841997
v 0.025652096680566668 0.09599997518246434 -0.07047700136899951
v 0.03750009749011696 0.09599996333446353 -0.06495200097560885
v 0.028701069206602873 0.06929097434742003 -0.06929100304841997
v 0.03750009749011696 0.09599996333446353 -0.06495200097560885
v 0.035355067832000556 0.06614396165856719 -0.06614399701356889
v 0.035355067832000556 0.06614396165856719 -0.06614399701356889
v 0.03750009749011696 0.09599996333446353 -0.06495200097560885
v 0.041668063922356814 0.06235995819729193 -0.06235999986529352
v 0.041668063922356814 0.06235995819729193 -0.06235999986529352
v 0.03750009749011696 0.09599996333446353 -0.06495200097560885
v 0.04820909637884796 0.09599995262546464 -0.05745299905538561
v 0.041668063922356814 0.06235995819729193 -0.06235999986529352
v 0.04820909637884796 0.09599995262546464 -0.05745299905538561
v 0.04757905961131304 0.05797595243196561 -0.05797600001096727
v 0.04757905961131304 0.05797595243196561 -0.05797600001096727
v 0.04820909637884796 0.09599995262546464 -0.05745299905538561
v 0.05303305475390702 0.05303294868790358 -0.05303300172090532
v 0.05303305475390702 0.05303294868790358 -0.05303300172090532
v 0.04820909637884796 0.09599995262546464 -0.05745299905538561
v 0.05745309505538643 0.09599994338146596 -0.04820900037884714
v 0.05303305475390702 0.05303294868790358 -0.05303300172090532
v 0.05745309505538643 0.09599994338146596 -0.04820900037884714
v 0.05797604758996889 0.04757894365931302 -0.04757900163531305
v 0.05797604758996889 0.04757894365931302 -0.04757900163531305
v 0.05745309505538643 0.09599994338146596 -0.04820900037884714
v 0.062360041533295066 0.04166793920235708 -0.041668001562356956
v 0.062360041533295066 0.04166793920235708 -0.041668001562356956
v 0.05745309505538643 0.09599994338146596 -0.04820900037884714
v 0.06495209697560966 0.09599993588246404 -0.03750000149011614
v 0.062360041533295066 0.04166793920235708 -0.041668001562356956
v 0.06495209697560966 0.09599993588246404 -0.03750000149011614
v 0.06614403236857057 0.035354935544006524 -0.03535500168800355
v 0.06614403236857057 0.035354935544006524 -0.03535500168800355
v 0.06495209697560966 0.09599993588246404 -0.03750000149011614
v 0.07047709736900032 0.09599993035746365 -0.025652000680565855
v 0.06614403236857057 0.035354935544006524 -0.03535500168800355
v 0.07047709736900032 0.09599993035746365 -0.025652000680565855
v 0.06929103174941986 0.028700930624596773 -0.02870099991559983
v 0.06929103174941986 0.028700930624596773 -0.02870099991559983
v 0.07047709736900032 0.09599993035746365 -0.025652000680565855
v 0.07177102507691271 0.021770928927205502 -0.021771000698208812
v 0.07177102507691271 0.021770928927205502 -0.021771000698208812
v 0.07047709736900032 0.09599993035746365 -0.025652000680565855
v 0.07386109892205894 0.0959999269734621 -0.013024000450968763
v 0.07177102507691271 0.021770928927205502 -0.021771000698208812
v 0.07386109892205894 0.0959999269734621 -0.013024000450968763
v 0.07355901572014205 0.014631926097556947 -0.01463199965655804
v 0.07355901572014205 0.014631926097556947 -0.01463199965655804
v 0.07386109892205894 0.0959999269734621 -0.013024000450968763
v 0.07463900734956935 0.007350925222955643 -0.0073509998619556444
v 0.07463900734956935 0.007350925222955643 -0.0073509998619556444
v 0.07386109892205894 0.0959999269734621 -0.013024000450968763
v 0.07500009898023308 0.09599992583446204 -2.1316282258102122e-17
v 0.07463900734956935 0.007350925222955643 -0.0073509998619556444
v 0.07500009898023308 0.09599992583446204 -2.1316282258102122e-17
v 0.07500000298023224 -7.500000298023223e-8 0
v 0.07386109892205894 0.0959999269734621 0.013024000450968722
v 0.07500009898023308 0.09599992583446204 -2.1316282258102122e-17
v 0.07250009391383827 0.09599992833446712 -2.1316282258102122e-17
v 0.07250009391383827 0.09599992833446712 -2.1316282258102122e-17
v 0.07500009898023308 0.09599992583446204 -2.1316282258102122e-17
v 0.07386109892205894 0.0959999269734621 -0.013024000450968763
v 0.07250009391383827 0.09599992833446712 -2.1316282258102122e-17
v 0.07386109892205894 0.0959999269734621 -0.013024000450968763
v 0.07126609895305336 0.09599992956846207 -0.013322000391781351
v 0.07126609895305336 0.09599992956846207 -0.013322000391781351
v 0.07386109892205894 0.0959999269734621 -0.013024000450968763
v 0.07047709736900032 0.09599993035746365 -0.025652000680565855
v 0.07126609895305336 0.09599992956846207 -0.013322000391781351
v 0.07047709736900032 0.09599993035746365 -0.025652000680565855
v 0.06760409388618172 0.09599993323046714 -0.026189999654889128
v 0.06760409388618172 0.09599993323046714 -0.026189999654889128
v 0.07047709736900032 0.09599993035746365 -0.025652000680565855
v 0.06495209697560966 0.09599993588246404 -0.03750000149011614
v 0.06760409388618172 0.09599993323046714 -0.026189999654889128
v 0.06495209697560966 0.09599993588246404 -0.03750000149011614
v 0.0616410962112397 0.0959999391934648 -0.038166001439094564
v 0.0616410962112397 0.0959999391934648 -0.038166001439094564
v 0.06495209697560966 0.09599993588246404 -0.03750000149011614
v 0.05745309505538643 0.09599994338146596 -0.04820900037884714
v 0.0616410962112397 0.0959999391934648 -0.038166001439094564
v 0.05745309505538643 0.09599994338146596 -0.04820900037884714
v 0.053578096515700224 0.0959999472564645 -0.04884300008416178
v 0.053578096515700224 0.0959999472564645 -0.04884300008416178
v 0.05745309505538643 0.09599994338146596 -0.04820900037884714
v 0.04820909637884796 0.09599995262546464 -0.05745299905538561
v 0.053578096515700224 0.0959999472564645 -0.04884300008416178
v 0.04820909637884796 0.09599995262546464 -0.05745299905538561
v 0.04369109783248604 0.09599995714346318 -0.05785600095987322
v 0.04369109783248604 0.09599995714346318 -0.05785600095987322
v 0.04820909637884796 0.09599995262546464 -0.05745299905538561
v 0.03750009749011696 0.09599996333446353 -0.06495200097560885
v 0.04369109783248604 0.09599995714346318 -0.05785600095987322
v 0.03750009749011696 0.09599996333446353 -0.06495200097560885
v 0.03231609526948631 0.09599996851846575 -0.06489899754524234
v 0.03231609526948631 0.09599996851846575 -0.06489899754524234
v 0.03750009749011696 0.09599996333446353 -0.06495200097560885
v 0.025652096680566668 0.09599997518246434 -0.07047700136899951
v 0.03231609526948631 0.09599996851846575 -0.06489899754524234
v 0.025652096680566668 0.09599997518246434 -0.07047700136899951
v 0.019841096437737345 0.09599998099346459 -0.0697320029139519
v 0.019841096437737345 0.09599998099346459 -0.0697320029139519
v 0.025652096680566668 0.09599997518246434 -0.07047700136899951
v 0.013024096450969577 0.09599998781046457 -0.07386100292205813
v 0.019841096437737345 0.09599998099346459 -0.0697320029139519
v 0.013024096450969577 0.09599998781046457 -0.07386100292205813
v 0.006689095943436026 0.09599999414546508 -0.07219099998474124
v 0.006689095943436026 0.09599999414546508 -0.07219099998474124
v 0.013024096450969577 0.09599998781046457 -0.07386100292205813
v 9.600000083446503e-8 0.09600000083446501 -0.07500000298023227
v 0.006689095943436026 0.09599999414546508 -0.07219099998474124
v 9.600000083446503e-8 0.09600000083446501 -0.07500000298023227
v -0.006688903943434358 0.09600000752346496 -0.07219099998474124
v -0.006688903943434358 0.09600000752346496 -0.07219099998474124
v 9.600000083446503e-8 0.09600000083446501 -0.07500000298023227
v -0.013023904450967908 0.09600001385846547 -0.07386100292205813
v -0.006688903943434358 0.09600000752346496 -0.07219099998474124
v -0.013023904450967908 0.09600001385846547 -0.07386100292205813
v -0.019840904437735677 0.09600002067546545 -0.0697320029139519
v -0.019840904437735677 0.09600002067546545 -0.0697320029139519
v -0.013023904450967908 0.09600001385846547 -0.07386100292205813
v -0.025651904680565 0.0960000264864657 -0.07047700136899951
v -0.019840904437735677 0.09600002067546545 -0.0697320029139519
v -0.025651904680565 0.0960000264864657 -0.07047700136899951
v -0.032315903269484636 0.09600003315046429 -0.06489899754524234
v -0.032315903269484636 0.09600003315046429 -0.06489899754524234
v -0.025651904680565 0.0960000264864657 -0.07047700136899951
v -0.03749990549011528 0.0960000383344665 -0.06495200097560885
v -0.032315903269484636 0.09600003315046429 -0.06489899754524234
v -0.03749990549011528 0.0960000383344665 -0.06495200097560885
v -0.04369090583248436 0.09600004452546686 -0.05785600095987322
v -0.04369090583248436 0.09600004452546686 -0.05785600095987322
v -0.03749990549011528 0.0960000383344665 -0.06495200097560885
v -0.048208904378846285 0.0960000490434654 -0.05745299905538561
v -0.04369090583248436 0.09600004452546686 -0.05785600095987322
v -0.048208904378846285 0.0960000490434654 -0.05745299905538561
v -0.05357790451569855 0.09600005441246554 -0.04884300008416178
v -0.05357790451569855 0.09600005441246554 -0.04884300008416178
v -0.048208904378846285 0.0960000490434654 -0.05745299905538561
v -0.05745290305538475 0.09600005828746408 -0.04820900037884714
v -0.05357790451569855 0.09600005441246554 -0.04884300008416178
v -0.05745290305538475 0.09600005828746408 -0.04820900037884714
v -0.06164090421123802 0.09600006247546523 -0.038166001439094564
v -0.06164090421123802 0.09600006247546523 -0.038166001439094564
v -0.05745290305538475 0.09600005828746408 -0.04820900037884714
v -0.06495190497560799 0.096000065786466 -0.03750000149011614
v -0.06164090421123802 0.09600006247546523 -0.038166001439094564
v -0.06495190497560799 0.096000065786466 -0.03750000149011614
v -0.06760390188618004 0.09600006843846291 -0.026189999654889128
v -0.06760390188618004 0.09600006843846291 -0.026189999654889128
v -0.06495190497560799 0.096000065786466 -0.03750000149011614
v -0.07047690536899864 0.09600007131146639 -0.025652000680565855
v -0.06760390188618004 0.09600006843846291 -0.026189999654889128
v -0.07047690536899864 0.09600007131146639 -0.025652000680565855
v -0.07126590695305168 0.09600007210046797 -0.013322000391781351
v -0.07126590695305168 0.09600007210046797 -0.013322000391781351
v -0.07047690536899864 0.09600007131146639 -0.025652000680565855
v -0.07386090692205727 0.09600007469546795 -0.013024000450968763
v -0.07126590695305168 0.09600007210046797 -0.013322000391781351
v -0.07386090692205727 0.09600007469546795 -0.013024000450968763
v -0.0724999019138366 0.09600007333446293 -2.1316282258102122e-17
v -0.0724999019138366 0.09600007333446293 -2.1316282258102122e-17
v -0.07386090692205727 0.09600007469546795 -0.013024000450968763
v -0.0749999069802314 0.09600007583446801 -2.1316282258102122e-17
v -0.0724999019138366 0.09600007333446293 -2.1316282258102122e-17
v -0.0749999069802314 0.09600007583446801 -2.1316282258102122e-17
v -0.07386090692205727 0.09600007469546795 0.013024000450968722
v -0.0724999019138366 0.09600007333446293 -2.1316282258102122e-17
v -0.07386090692205727 0.09600007469546795 0.013024000450968722
v -0.07126590695305168 0.09600007210046799 0.01332200039178131
v -0.07126590695305168 0.09600007210046799 0.01332200039178131
v -0.07386090692205727 0.09600007469546795 0.013024000450968722
v -0.07047690536899864 0.0960000713114664 0.025652000680565813
v -0.07126590695305168 0.09600007210046799 0.01332200039178131
v -0.07047690536899864 0.0960000713114664 0.025652000680565813
v -0.06760390188618004 0.09600006843846291 0.026189999654889086
v -0.06760390188618004 0.09600006843846291 0.026189999654889086
v -0.07047690536899864 0.0960000713114664 0.025652000680565813
v -0.06495190497560799 0.09600006578646601 0.0375000014901161
v -0.06760390188618004 0.09600006843846291 0.026189999654889086
v -0.06495190497560799 0.09600006578646601 0.0375000014901161
v -0.06164090421123802 0.09600006247546525 0.03816600143909452
v -0.06164090421123802 0.09600006247546525 0.03816600143909452
v -0.06495190497560799 0.09600006578646601 0.0375000014901161
v -0.05745290305538475 0.0960000582874641 0.0482090003788471
v -0.06164090421123802 0.09600006247546525 0.03816600143909452
v -0.05745290305538475 0.0960000582874641 0.0482090003788471
v -0.05357790451569855 0.09600005441246555 0.04884300008416174
v -0.05357790451569855 0.09600005441246555 0.04884300008416174
v -0.05745290305538475 0.0960000582874641 0.0482090003788471
v -0.048208904378846285 0.09600004904346542 0.05745299905538557
v -0.05357790451569855 0.09600005441246555 0.04884300008416174
v -0.048208904378846285 0.09600004904346542 0.05745299905538557
v -0.04369090583248436 0.09600004452546687 0.05785600095987318
v -0.04369090583248436 0.09600004452546687 0.05785600095987318
v -0.048208904378846285 0.09600004904346542 0.05745299905538557
v -0.03749990549011528 0.09600003833446652 0.0649520009756088
v -0.04369090583248436 0.09600004452546687 0.05785600095987318
v -0.03749990549011528 0.09600003833446652 0.0649520009756088
v -0.032315903269484636 0.0960000331504643 0.06489899754524228
v -0.032315903269484636 0.0960000331504643 0.06489899754524228
v -0.03749990549011528 0.09600003833446652 0.0649520009756088
v -0.025651904680565 0.09600002648646572 0.07047700136899945
v -0.032315903269484636 0.0960000331504643 0.06489899754524228
v -0.025651904680565 0.09600002648646572 0.07047700136899945
v -0.019840904437735677 0.09600002067546547 0.06973200291395185
v -0.019840904437735677 0.09600002067546547 0.06973200291395185
v -0.025651904680565 0.09600002648646572 0.07047700136899945
v -0.013023904450967908 0.09600001385846549 0.07386100292205808
v -0.019840904437735677 0.09600002067546547 0.06973200291395185
v -0.013023904450967908 0.09600001385846549 0.07386100292205808
v -0.006688903943434358 0.09600000752346498 0.07219099998474118
v -0.006688903943434358 0.09600000752346498 0.07219099998474118
v -0.013023904450967908 0.09600001385846549 0.07386100292205808
v 9.600000083446503e-8 0.09600000083446504 0.07500000298023221
v -0.006688903943434358 0.09600000752346498 0.07219099998474118
v 9.600000083446503e-8 0.09600000083446504 0.07500000298023221
v 0.006689095943436026 0.09599999414546509 0.07219099998474118
v 0.006689095943436026 0.09599999414546509 0.07219099998474118
v 9.600000083446503e-8 0.09600000083446504 0.07500000298023221
v 0.013024096450969577 0.09599998781046458 0.07386100292205808
v 0.006689095943436026 0.09599999414546509 0.07219099998474118
v 0.013024096450969577 0.09599998781046458 0.07386100292205808
v 0.019841096437737345 0.0959999809934646 0.06973200291395185
v 0.019841096437737345 0.0959999809934646 0.06973200291395185
v 0.013024096450969577 0.09599998781046458 0.07386100292205808
v 0.025652096680566668 0.09599997518246435 0.07047700136899945
v 0.019841096437737345 0.0959999809934646 0.06973200291395185
v 0.025652096680566668 0.09599997518246435 0.07047700136899945
v 0.03231609526948631 0.09599996851846576 0.06489899754524228
v 0.03231609526948631 0.09599996851846576 0.06489899754524228
v 0.025652096680566668 0.09599997518246435 0.07047700136899945
v 0.03750009749011696 0.09599996333446355 0.0649520009756088
v 0.03231609526948631 0.09599996851846576 0.06489899754524228
v 0.03750009749011696 0.09599996333446355 0.0649520009756088
v 0.04369109783248604 0.0959999571434632 0.05785600095987318
v 0.04369109783248604 0.0959999571434632 0.05785600095987318
v 0.03750009749011696 0.09599996333446355 0.0649520009756088
v 0.04820909637884796 0.09599995262546465 0.05745299905538557
v 0.04369109783248604 0.0959999571434632 0.05785600095987318
v 0.04820909637884796 0.09599995262546465 0.05745299905538557
v 0.053578096515700224 0.09599994725646452 0.04884300008416174
v 0.053578096515700224 0.09599994725646452 0.04884300008416174
v 0.04820909637884796 0.09599995262546465 0.05745299905538557
v 0.05745309505538643 0.09599994338146597 0.0482090003788471
v 0.053578096515700224 0.09599994725646452 0.04884300008416174
v 0.05745309505538643 0.09599994338146597 0.0482090003788471
v 0.0616410962112397 0.09599993919346482 0.03816600143909452
v 0.0616410962112397 0.09599993919346482 0.03816600143909452
v 0.05745309505538643 0.09599994338146597 0.0482090003788471
v 0.06495209697560966 0.09599993588246405 0.0375000014901161
v 0.0616410962112397 0.09599993919346482 0.03816600143909452
v 0.06495209697560966 0.09599993588246405 0.0375000014901161
v 0.06760409388618172 0.09599993323046714 0.026189999654889086
v 0.06760409388618172 0.09599993323046714 0.026189999654889086
v 0.06495209697560966 0.09599993588246405 0.0375000014901161
v 0.07047709736900032 0.09599993035746367 0.025652000680565813
v 0.06760409388618172 0.09599993323046714 0.026189999654889086
v 0.07047709736900032 0.09599993035746367 0.025652000680565813
v 0.07126609895305336 0.09599992956846208 0.01332200039178131
v 0.07126609895305336 0.09599992956846208 0.01332200039178131
v 0.07047709736900032 0.09599993035746367 0.025652000680565813
v 0.07386109892205894 0.0959999269734621 0.013024000450968722
v 0.07126609895305336 0.09599992956846208 0.01332200039178131
v 0.07386109892205894 0.0959999269734621 0.013024000450968722
v 0.07250009391383827 0.09599992833446712 -2.1316282258102122e-17
v -0.013024074311971664 -0.07386098989805767 -0.09600000083446501
v -0.012989074081294238 -0.07366398913149444 -0.09600000083446501
v -7.500000298023223e-8 -0.07500000298023225 -0.09600000083446501
v -7.500000298023223e-8 -0.07500000298023225 -0.09600000083446501
v -0.012989074081294238 -0.07366398913149444 -0.09600000083446501
v -7.479999959468842e-8 -0.07479999959468843 -0.09600000083446501
v -7.500000298023223e-8 -0.07500000298023225 -0.09600000083446501
v -7.479999959468842e-8 -0.07479999959468843 -0.09600000083446501
v 0.013023926589965821 -0.07386101594605857 -0.09600000083446501
v 0.013023926589965821 -0.07386101594605857 -0.09600000083446501
v -7.479999959468842e-8 -0.07479999959468843 -0.09600000083446501
v 0.012988926753289998 -0.07366401510949527 -0.09600000083446501
v 0.013023926589965821 -0.07386101594605857 -0.09600000083446501
v 0.012988926753289998 -0.07366401510949527 -0.09600000083446501
v 0.025582930564656853 -0.07028902645179817 -0.09600000083446501
v -0.012989074081294238 -0.07366398913149444 -0.09600000083446501
v -0.013024074311971664 -0.07386098989805767 -0.09600000083446501
v -0.025583071142658592 -0.07028897528579646 -0.09600000083446501
v -0.025583071142658592 -0.07028897528579646 -0.09600000083446501
v -0.013024074311971664 -0.07386098989805767 -0.09600000083446501
v -0.025652071157567204 -0.0704769757169988 -0.09600000083446501
v -0.025583071142658592 -0.07028897528579646 -0.09600000083446501
v -0.025652071157567204 -0.0704769757169988 -0.09600000083446501
v -0.0374000645763427 -0.06477896109414846 -0.09600000083446501
v -0.0374000645763427 -0.06477896109414846 -0.09600000083446501
v -0.025652071157567204 -0.0704769757169988 -0.09600000083446501
v -0.0375000664421171 -0.06495196347560735 -0.09600000083446501
v -0.0374000645763427 -0.06477896109414846 -0.09600000083446501
v -0.0375000664421171 -0.06495196347560735 -0.09600000083446501
v -0.04808105670419335 -0.05729995330182837 -0.09600000083446501
v -0.04808105670419335 -0.05729995330182837 -0.09600000083446501
v -0.0375000664421171 -0.06495196347560735 -0.09600000083446501
v -0.048209057831846175 -0.05745295084638522 -0.09600000083446501
v -0.04808105670419335 -0.05729995330182837 -0.09600000083446501
v -0.048209057831846175 -0.05745295084638522 -0.09600000083446501
v -0.05730004946382716 -0.0480809421041906 -0.09600000083446501
v -0.05730004946382716 -0.0480809421041906 -0.09600000083446501
v -0.048209057831846175 -0.05745295084638522 -0.09600000083446501
v -0.05745304726438597 -0.048208942925848076 -0.09600000083446501
v -0.05730004946382716 -0.0480809421041906 -0.09600000083446501
v -0.05745304726438597 -0.048208942925848076 -0.09600000083446501
v -0.06477903589414805 -0.03739993501834572 -0.09600000083446501
v -0.06477903589414805 -0.03739993501834572 -0.09600000083446501
v -0.05745304726438597 -0.048208942925848076 -0.09600000083446501
v -0.06495203847561032 -0.037499936538115154 -0.09600000083446501
v -0.06477903589414805 -0.03739993501834572 -0.09600000083446501
v -0.06495203847561032 -0.037499936538115154 -0.09600000083446501
v -0.07028902645179816 -0.025582930564656863 -0.09600000083446503
v -0.07028902645179816 -0.025582930564656863 -0.09600000083446503
v -0.06495203847561032 -0.037499936538115154 -0.09600000083446501
v -0.07047702702100016 -0.025651930203564474 -0.09600000083446503
v -0.07028902645179816 -0.025582930564656863 -0.09600000083446503
v -0.07047702702100016 -0.025651930203564474 -0.09600000083446503
v -0.07366401510949526 -0.012988926753290008 -0.09600000083446503
v -0.07366401510949526 -0.012988926753290008 -0.09600000083446503
v -0.07047702702100016 -0.025651930203564474 -0.09600000083446503
v -0.07386101594605855 -0.013023926589965831 -0.09600000083446503
v -0.07366401510949526 -0.012988926753290008 -0.09600000083446503
v -0.07386101594605855 -0.013023926589965831 -0.09600000083446503
v -0.07479999959468842 7.479999958403028e-8 -0.09600000083446503
v -0.07479999959468842 7.479999958403028e-8 -0.09600000083446503
v -0.07386101594605855 -0.013023926589965831 -0.09600000083446503
v -0.07500000298023224 7.50000029695741e-8 -0.09600000083446503
v -0.07479999959468842 7.479999958403028e-8 -0.09600000083446503
v -0.07500000298023224 7.50000029695741e-8 -0.09600000083446503
v -0.07386098989805766 0.013024074311971653 -0.09600000083446503
v -0.07479999959468842 7.479999958403028e-8 -0.09600000083446503
v -0.07386098989805766 0.013024074311971653 -0.09600000083446503
v -0.07366398913149443 0.012989074081294228 -0.09600000083446503
v -0.07366398913149443 0.012989074081294228 -0.09600000083446503
v -0.07386098989805766 0.013024074311971653 -0.09600000083446503
v -0.0704769757169988 0.025652071157567194 -0.09600000083446503
v -0.07366398913149443 0.012989074081294228 -0.09600000083446503
v -0.0704769757169988 0.025652071157567194 -0.09600000083446503
v -0.07028897528579645 0.025583071142658582 -0.09600000083446503
v -0.07028897528579645 0.025583071142658582 -0.09600000083446503
v -0.0704769757169988 0.025652071157567194 -0.09600000083446503
v -0.06495196347560733 0.037500066442117085 -0.09600000083446504
v -0.07028897528579645 0.025583071142658582 -0.09600000083446503
v -0.06495196347560733 0.037500066442117085 -0.09600000083446504
v -0.06477896109414846 0.03740006457634269 -0.09600000083446504
v -0.06477896109414846 0.03740006457634269 -0.09600000083446504
v -0.06495196347560733 0.037500066442117085 -0.09600000083446504
v -0.05745295084638521 0.04820905783184617 -0.09600000083446504
v -0.06477896109414846 0.03740006457634269 -0.09600000083446504
v -0.05745295084638521 0.04820905783184617 -0.09600000083446504
v -0.057299953301828355 0.04808105670419334 -0.09600000083446504
v -0.057299953301828355 0.04808105670419334 -0.09600000083446504
v -0.05745295084638521 0.04820905783184617 -0.09600000083446504
v -0.04820894292584807 0.05745304726438596 -0.09600000083446504
v -0.057299953301828355 0.04808105670419334 -0.09600000083446504
v -0.04820894292584807 0.05745304726438596 -0.09600000083446504
v -0.04808094210419059 0.05730004946382715 -0.09600000083446504
v -0.04808094210419059 0.05730004946382715 -0.09600000083446504
v -0.04820894292584807 0.05745304726438596 -0.09600000083446504
v -0.03749993653811514 0.0649520384756103 -0.09600000083446504
v -0.04808094210419059 0.05730004946382715 -0.09600000083446504
v -0.03749993653811514 0.0649520384756103 -0.09600000083446504
v -0.037399935018345716 0.06477903589414805 -0.09600000083446504
v -0.037399935018345716 0.06477903589414805 -0.09600000083446504
v -0.03749993653811514 0.0649520384756103 -0.09600000083446504
v -0.025651930203564464 0.07047702702100016 -0.09600000083446504
v -0.037399935018345716 0.06477903589414805 -0.09600000083446504
v -0.025651930203564464 0.07047702702100016 -0.09600000083446504
v -0.025582930564656853 0.07028902645179815 -0.09600000083446504
v -0.025582930564656853 0.07028902645179815 -0.09600000083446504
v -0.025651930203564464 0.07047702702100016 -0.09600000083446504
v -0.013023926589965821 0.07386101594605854 -0.09600000083446504
v -0.025582930564656853 0.07028902645179815 -0.09600000083446504
v -0.013023926589965821 0.07386101594605854 -0.09600000083446504
v -0.012988926753289998 0.07366401510949525 -0.09600000083446504
v -0.012988926753289998 0.07366401510949525 -0.09600000083446504
v -0.013023926589965821 0.07386101594605854 -0.09600000083446504
v 7.500000298023223e-8 0.07500000298023222 -0.09600000083446504
v -0.012988926753289998 0.07366401510949525 -0.09600000083446504
v 7.500000298023223e-8 0.07500000298023222 -0.09600000083446504
v 7.479999959468842e-8 0.0747999995946884 -0.09600000083446504
v 7.479999959468842e-8 0.0747999995946884 -0.09600000083446504
v 7.500000298023223e-8 0.07500000298023222 -0.09600000083446504
v 0.012989074081294238 0.07366398913149441 -0.09600000083446504
v 0.012989074081294238 0.07366398913149441 -0.09600000083446504
v 7.500000298023223e-8 0.07500000298023222 -0.09600000083446504
v 0.013024074311971664 0.07386098989805764 -0.09600000083446504
v 0.012989074081294238 0.07366398913149441 -0.09600000083446504
v 0.013024074311971664 0.07386098989805764 -0.09600000083446504
v 0.025583071142658592 0.07028897528579643 -0.09600000083446504
v 0.025583071142658592 0.07028897528579643 -0.09600000083446504
v 0.013024074311971664 0.07386098989805764 -0.09600000083446504
v 0.025652071157567204 0.07047697571699879 -0.09600000083446504
v 0.025583071142658592 0.07028897528579643 -0.09600000083446504
v 0.025652071157567204 0.07047697571699879 -0.09600000083446504
v 0.0374000645763427 0.06477896109414845 -0.09600000083446504
v 0.0374000645763427 0.06477896109414845 -0.09600000083446504
v 0.025652071157567204 0.07047697571699879 -0.09600000083446504
v 0.0375000664421171 0.06495196347560732 -0.09600000083446504
v 0.0374000645763427 0.06477896109414845 -0.09600000083446504
v 0.0375000664421171 0.06495196347560732 -0.09600000083446504
v 0.04808105670419335 0.05729995330182834 -0.09600000083446504
v 0.04808105670419335 0.05729995330182834 -0.09600000083446504
v 0.0375000664421171 0.06495196347560732 -0.09600000083446504
v 0.048209057831846175 0.0574529508463852 -0.09600000083446504
v 0.04808105670419335 0.05729995330182834 -0.09600000083446504
v 0.048209057831846175 0.0574529508463852 -0.09600000083446504
v 0.05730004946382716 0.048080942104190574 -0.09600000083446504
v 0.05730004946382716 0.048080942104190574 -0.09600000083446504
v 0.048209057831846175 0.0574529508463852 -0.09600000083446504
v 0.05745304726438597 0.048208942925848056 -0.09600000083446504
v 0.05730004946382716 0.048080942104190574 -0.09600000083446504
v 0.05745304726438597 0.048208942925848056 -0.09600000083446504
v 0.06477903589414805 0.0373999350183457 -0.09600000083446504
v 0.06477903589414805 0.0373999350183457 -0.09600000083446504
v 0.05745304726438597 0.048208942925848056 -0.09600000083446504
v 0.06495203847561032 0.03749993653811513 -0.09600000083446504
v 0.06477903589414805 0.0373999350183457 -0.09600000083446504
v 0.06495203847561032 0.03749993653811513 -0.09600000083446504
v 0.07028902645179816 0.025582930564656842 -0.09600000083446503
v 0.07028902645179816 0.025582930564656842 -0.09600000083446503
v 0.06495203847561032 0.03749993653811513 -0.09600000083446504
v 0.07047702702100016 0.025651930203564453 -0.09600000083446503
v 0.07028902645179816 0.025582930564656842 -0.09600000083446503
v 0.07047702702100016 0.025651930203564453 -0.09600000083446503
v 0.07366401510949526 0.012988926753289987 -0.09600000083446503
v 0.07366401510949526 0.012988926753289987 -0.09600000083446503
v 0.07047702702100016 0.025651930203564453 -0.09600000083446503
v 0.07386101594605855 0.01302392658996581 -0.09600000083446503
v 0.07366401510949526 0.012988926753289987 -0.09600000083446503
v 0.07386101594605855 0.01302392658996581 -0.09600000083446503
v 0.07479999959468842 -7.479999960534655e-8 -0.09600000083446503
v 0.07479999959468842 -7.479999960534655e-8 -0.09600000083446503
v 0.07386101594605855 0.01302392658996581 -0.09600000083446503
v 0.07500000298023224 -7.500000299089037e-8 -0.09600000083446503
v 0.07479999959468842 -7.479999960534655e-8 -0.09600000083446503
v 0.07500000298023224 -7.500000299089037e-8 -0.09600000083446503
v 0.07386098989805766 -0.013024074311971674 -0.09600000083446503
v 0.07479999959468842 -7.479999960534655e-8 -0.09600000083446503
v 0.07386098989805766 -0.013024074311971674 -0.09600000083446503
v 0.07366398913149443 -0.012989074081294249 -0.09600000083446503
v 0.07366398913149443 -0.012989074081294249 -0.09600000083446503
v 0.07386098989805766 -0.013024074311971674 -0.09600000083446503
v 0.0704769757169988 -0.025652071157567215 -0.09600000083446503
v 0.07366398913149443 -0.012989074081294249 -0.09600000083446503
v 0.0704769757169988 -0.025652071157567215 -0.09600000083446503
v 0.07028897528579645 -0.025583071142658603 -0.09600000083446503
v 0.07028897528579645 -0.025583071142658603 -0.09600000083446503
v 0.0704769757169988 -0.025652071157567215 -0.09600000083446503
v 0.06495196347560733 -0.037500066442117105 -0.09600000083446501
v 0.07028897528579645 -0.025583071142658603 -0.09600000083446503
v 0.06495196347560733 -0.037500066442117105 -0.09600000083446501
v 0.06477896109414846 -0.03740006457634271 -0.09600000083446501
v 0.06477896109414846 -0.03740006457634271 -0.09600000083446501
v 0.06495196347560733 -0.037500066442117105 -0.09600000083446501
v 0.05745295084638521 -0.04820905783184619 -0.09600000083446501
v 0.06477896109414846 -0.03740006457634271 -0.09600000083446501
v 0.05745295084638521 -0.04820905783184619 -0.09600000083446501
v 0.057299953301828355 -0.04808105670419337 -0.09600000083446501
v 0.057299953301828355 -0.04808105670419337 -0.09600000083446501
v 0.05745295084638521 -0.04820905783184619 -0.09600000083446501
v 0.04820894292584807 -0.05745304726438598 -0.09600000083446501
v 0.057299953301828355 -0.04808105670419337 -0.09600000083446501
v 0.04820894292584807 -0.05745304726438598 -0.09600000083446501
v 0.04808094210419059 -0.05730004946382718 -0.09600000083446501
v 0.04808094210419059 -0.05730004946382718 -0.09600000083446501
v 0.04820894292584807 -0.05745304726438598 -0.09600000083446501
v 0.03749993653811514 -0.06495203847561033 -0.09600000083446501
v 0.04808094210419059 -0.05730004946382718 -0.09600000083446501
v 0.03749993653811514 -0.06495203847561033 -0.09600000083446501
v 0.037399935018345716 -0.06477903589414806 -0.09600000083446501
v 0.037399935018345716 -0.06477903589414806 -0.09600000083446501
v 0.03749993653811514 -0.06495203847561033 -0.09600000083446501
v 0.025651930203564464 -0.07047702702100017 -0.09600000083446501
v 0.037399935018345716 -0.06477903589414806 -0.09600000083446501
v 0.025651930203564464 -0.07047702702100017 -0.09600000083446501
v 0.025582930564656853 -0.07028902645179817 -0.09600000083446501
v 0.025582930564656853 -0.07028902645179817 -0.09600000083446501
v 0.025651930203564464 -0.07047702702100017 -0.09600000083446501
v 0.013023926589965821 -0.07386101594605857 -0.09600000083446501
v 0.07250009391383827 0.09599992833446712 -2.1316282258102122e-17
v 0.07250008491383493 0.08699992499660701 -1.9317880072622013e-17
v 0.07126609895305336 0.09599992956846208 0.01332200039178131
v 0.07126609895305336 0.09599992956846208 0.01332200039178131
v 0.07250008491383493 0.08699992499660701 -1.9317880072622013e-17
v 0.07126608995305002 0.08699992623060197 0.013322000391781311
v 0.07126609895305336 0.09599992956846208 0.01332200039178131
v 0.07126608995305002 0.08699992623060197 0.013322000391781311
v 0.06760409388618172 0.09599993323046714 0.026189999654889086
v 0.06760409388618172 0.09599993323046714 0.026189999654889086
v 0.07126608995305002 0.08699992623060197 0.013322000391781311
v 0.06760408488617838 0.08699992989260703 0.026189999654889086
v 0.06760409388618172 0.09599993323046714 0.026189999654889086
v 0.06760408488617838 0.08699992989260703 0.026189999654889086
v 0.0616410962112397 0.09599993919346482 0.03816600143909452
v 0.0616410962112397 0.09599993919346482 0.03816600143909452
v 0.06760408488617838 0.08699992989260703 0.026189999654889086
v 0.06164108721123636 0.08699993585560471 0.03816600143909452
v 0.0616410962112397 0.09599993919346482 0.03816600143909452
v 0.06164108721123636 0.08699993585560471 0.03816600143909452
v 0.053578096515700224 0.09599994725646452 0.04884300008416174
v 0.053578096515700224 0.09599994725646452 0.04884300008416174
v 0.06164108721123636 0.08699993585560471 0.03816600143909452
v 0.053578087515696884 0.08699994391860441 0.04884300008416174
v 0.053578096515700224 0.09599994725646452 0.04884300008416174
v 0.053578087515696884 0.08699994391860441 0.04884300008416174
v 0.04369109783248604 0.0959999571434632 0.05785600095987318
v 0.04369109783248604 0.0959999571434632 0.05785600095987318
v 0.053578087515696884 0.08699994391860441 0.04884300008416174
v 0.0436910888324827 0.08699995380560309 0.05785600095987318
v 0.04369109783248604 0.0959999571434632 0.05785600095987318
v 0.0436910888324827 0.08699995380560309 0.05785600095987318
v 0.03231609526948631 0.09599996851846576 0.06489899754524228
v 0.03231609526948631 0.09599996851846576 0.06489899754524228
v 0.0436910888324827 0.08699995380560309 0.05785600095987318
v 0.03231608626948297 0.08699996518060565 0.0648989975452423
v 0.03231609526948631 0.09599996851846576 0.06489899754524228
v 0.03231608626948297 0.08699996518060565 0.0648989975452423
v 0.019841096437737345 0.0959999809934646 0.06973200291395185
v 0.019841096437737345 0.0959999809934646 0.06973200291395185
v 0.03231608626948297 0.08699996518060565 0.0648989975452423
v 0.01984108743773401 0.0869999776556045 0.06973200291395186
v 0.019841096437737345 0.0959999809934646 0.06973200291395185
v 0.01984108743773401 0.0869999776556045 0.06973200291395186
v 0.006689095943436026 0.09599999414546509 0.07219099998474118
v 0.006689095943436026 0.09599999414546509 0.07219099998474118
v 0.01984108743773401 0.0869999776556045 0.06973200291395186
v 0.006689086943432689 0.08699999080760498 0.0721909999847412
v 0.006689095943436026 0.09599999414546509 0.07219099998474118
v 0.006689086943432689 0.08699999080760498 0.0721909999847412
v -0.006688903943434358 0.09600000752346498 0.07219099998474118
v -0.006688903943434358 0.09600000752346498 0.07219099998474118
v 0.006689086943432689 0.08699999080760498 0.0721909999847412
v -0.006688912943437695 0.08700000418560487 0.0721909999847412
v -0.006688903943434358 0.09600000752346498 0.07219099998474118
v -0.006688912943437695 0.08700000418560487 0.0721909999847412
v -0.019840904437735677 0.09600002067546547 0.06973200291395185
v -0.019840904437735677 0.09600002067546547 0.06973200291395185
v -0.006688912943437695 0.08700000418560487 0.0721909999847412
v -0.019840913437739013 0.08700001733760536 0.06973200291395186
v -0.019840904437735677 0.09600002067546547 0.06973200291395185
v -0.019840913437739013 0.08700001733760536 0.06973200291395186
v -0.032315903269484636 0.0960000331504643 0.06489899754524228
v -0.032315903269484636 0.0960000331504643 0.06489899754524228
v -0.019840913437739013 0.08700001733760536 0.06973200291395186
v -0.032315912269487976 0.0870000298126042 0.0648989975452423
v -0.032315903269484636 0.0960000331504643 0.06489899754524228
v -0.032315912269487976 0.0870000298126042 0.0648989975452423
v -0.04369090583248436 0.09600004452546687 0.05785600095987318
v -0.04369090583248436 0.09600004452546687 0.05785600095987318
v -0.032315912269487976 0.0870000298126042 0.0648989975452423
v -0.0436909148324877 0.08700004118760676 0.05785600095987318
v -0.04369090583248436 0.09600004452546687 0.05785600095987318
v -0.0436909148324877 0.08700004118760676 0.05785600095987318
v -0.05357790451569855 0.09600005441246555 0.04884300008416174
v -0.05357790451569855 0.09600005441246555 0.04884300008416174
v -0.0436909148324877 0.08700004118760676 0.05785600095987318
v -0.05357791351570189 0.08700005107460544 0.04884300008416174
v -0.05357790451569855 0.09600005441246555 0.04884300008416174
v -0.05357791351570189 0.08700005107460544 0.04884300008416174
v -0.06164090421123802 0.09600006247546525 0.03816600143909452
v -0.06164090421123802 0.09600006247546525 0.03816600143909452
v -0.05357791351570189 0.08700005107460544 0.04884300008416174
v -0.06164091321124136 0.08700005913760514 0.03816600143909452
v -0.06164090421123802 0.09600006247546525 0.03816600143909452
v -0.06164091321124136 0.08700005913760514 0.03816600143909452
v -0.06760390188618004 0.09600006843846291 0.026189999654889086
v -0.06760390188618004 0.09600006843846291 0.026189999654889086
v -0.06164091321124136 0.08700005913760514 0.03816600143909452
v -0.06760391088618338 0.0870000651006028 0.026189999654889086
v -0.06760390188618004 0.09600006843846291 0.026189999654889086
v -0.06760391088618338 0.0870000651006028 0.026189999654889086
v -0.07126590695305168 0.09600007210046799 0.01332200039178131
v -0.07126590695305168 0.09600007210046799 0.01332200039178131
v -0.06760391088618338 0.0870000651006028 0.026189999654889086
v -0.07126591595305502 0.08700006876260788 0.013322000391781311
v -0.07126590695305168 0.09600007210046799 0.01332200039178131
v -0.07126591595305502 0.08700006876260788 0.013322000391781311
v -0.0724999019138366 0.09600007333446293 -2.1316282258102122e-17
v -0.0724999019138366 0.09600007333446293 -2.1316282258102122e-17
v -0.07126591595305502 0.08700006876260788 0.013322000391781311
v -0.07249991091383994 0.08700006999660283 -1.9317880072622013e-17
v 0.07126608995305002 0.08699992623060196 -0.01332200039178135
v -0.07126591595305502 0.08700006876260787 -0.01332200039178135
v 0.07250008491383493 0.08699992499660701 -1.9317880072622013e-17
v 0.07250008491383493 0.08699992499660701 -1.9317880072622013e-17
v -0.07126591595305502 0.08700006876260787 -0.01332200039178135
v -0.07249991091383994 0.08700006999660283 -1.9317880072622013e-17
v 0.07250008491383493 0.08699992499660701 -1.9317880072622013e-17
v -0.07249991091383994 0.08700006999660283 -1.9317880072622013e-17
v 0.07126608995305002 0.08699992623060197 0.013322000391781311
v 0.07126608995305002 0.08699992623060197 0.013322000391781311
v -0.07249991091383994 0.08700006999660283 -1.9317880072622013e-17
v -0.07126591595305502 0.08700006876260788 0.013322000391781311
v 0.07126608995305002 0.08699992623060197 0.013322000391781311
v -0.07126591595305502 0.08700006876260788 0.013322000391781311
v 0.06760408488617838 0.08699992989260703 0.026189999654889086
v 0.06760408488617838 0.08699992989260703 0.026189999654889086
v -0.07126591595305502 0.08700006876260788 0.013322000391781311
v -0.06760391088618338 0.0870000651006028 0.026189999654889086
v 0.06760408488617838 0.08699992989260703 0.026189999654889086
v -0.06760391088618338 0.0870000651006028 0.026189999654889086
v 0.06164108721123636 0.08699993585560471 0.03816600143909452
v 0.06164108721123636 0.08699993585560471 0.03816600143909452
v -0.06760391088618338 0.0870000651006028 0.026189999654889086
v -0.06164091321124136 0.08700005913760514 0.03816600143909452
v 0.06164108721123636 0.08699993585560471 0.03816600143909452
v -0.06164091321124136 0.08700005913760514 0.03816600143909452
v 0.053578087515696884 0.08699994391860441 0.04884300008416174
v 0.053578087515696884 0.08699994391860441 0.04884300008416174
v -0.06164091321124136 0.08700005913760514 0.03816600143909452
v -0.05357791351570189 0.08700005107460544 0.04884300008416174
v 0.053578087515696884 0.08699994391860441 0.04884300008416174
v -0.05357791351570189 0.08700005107460544 0.04884300008416174
v 0.0436910888324827 0.08699995380560309 0.05785600095987318
v 0.0436910888324827 0.08699995380560309 0.05785600095987318
v -0.05357791351570189 0.08700005107460544 0.04884300008416174
v -0.0436909148324877 0.08700004118760676 0.05785600095987318
v 0.0436910888324827 0.08699995380560309 0.05785600095987318
v -0.0436909148324877 0.08700004118760676 0.05785600095987318
v 0.03231608626948297 0.08699996518060565 0.0648989975452423
v 0.03231608626948297 0.08699996518060565 0.0648989975452423
v -0.0436909148324877 0.08700004118760676 0.05785600095987318
v -0.032315912269487976 0.0870000298126042 0.0648989975452423
v 0.03231608626948297 0.08699996518060565 0.0648989975452423
v -0.032315912269487976 0.0870000298126042 0.0648989975452423
v 0.01984108743773401 0.0869999776556045 0.06973200291395186
v 0.01984108743773401 0.0869999776556045 0.06973200291395186
v -0.032315912269487976 0.0870000298126042 0.0648989975452423
v -0.019840913437739013 0.08700001733760536 0.06973200291395186
v 0.01984108743773401 0.0869999776556045 0.06973200291395186
v -0.019840913437739013 0.08700001733760536 0.06973200291395186
v 0.006689086943432689 0.08699999080760498 0.0721909999847412
v 0.006689086943432689 0.08699999080760498 0.0721909999847412
v -0.019840913437739013 0.08700001733760536 0.06973200291395186
v -0.006688912943437695 0.08700000418560487 0.0721909999847412
v -0.07126591595305502 0.08700006876260787 -0.01332200039178135
v 0.07126608995305002 0.08699992623060196 -0.01332200039178135
v -0.06760391088618338 0.0870000651006028 -0.026189999654889128
v -0.06760391088618338 0.0870000651006028 -0.026189999654889128
v 0.07126608995305002 0.08699992623060196 -0.01332200039178135
v 0.06760408488617838 0.08699992989260703 -0.026189999654889128
v -0.06760391088618338 0.0870000651006028 -0.026189999654889128
v 0.06760408488617838 0.08699992989260703 -0.026189999654889128
v -0.06164091321124136 0.08700005913760513 -0.038166001439094564
v -0.06164091321124136 0.08700005913760513 -0.038166001439094564
v 0.06760408488617838 0.08699992989260703 -0.026189999654889128
v 0.06164108721123636 0.0869999358556047 -0.038166001439094564
v -0.06164091321124136 0.08700005913760513 -0.038166001439094564
v 0.06164108721123636 0.0869999358556047 -0.038166001439094564
v -0.05357791351570189 0.08700005107460543 -0.04884300008416178
v -0.05357791351570189 0.08700005107460543 -0.04884300008416178
v 0.06164108721123636 0.0869999358556047 -0.038166001439094564
v 0.053578087515696884 0.0869999439186044 -0.04884300008416178
v -0.05357791351570189 0.08700005107460543 -0.04884300008416178
v 0.053578087515696884 0.0869999439186044 -0.04884300008416178
v -0.0436909148324877 0.08700004118760675 -0.05785600095987322
v -0.0436909148324877 0.08700004118760675 -0.05785600095987322
v 0.053578087515696884 0.0869999439186044 -0.04884300008416178
v 0.0436910888324827 0.08699995380560308 -0.05785600095987322
v -0.0436909148324877 0.08700004118760675 -0.05785600095987322
v 0.0436910888324827 0.08699995380560308 -0.05785600095987322
v -0.032315912269487976 0.08700002981260418 -0.06489899754524232
v -0.032315912269487976 0.08700002981260418 -0.06489899754524232
v 0.0436910888324827 0.08699995380560308 -0.05785600095987322
v 0.03231608626948297 0.08699996518060564 -0.06489899754524232
v -0.032315912269487976 0.08700002981260418 -0.06489899754524232
v 0.03231608626948297 0.08699996518060564 -0.06489899754524232
v -0.019840913437739013 0.08700001733760535 -0.06973200291395189
v -0.019840913437739013 0.08700001733760535 -0.06973200291395189
v 0.03231608626948297 0.08699996518060564 -0.06489899754524232
v 0.01984108743773401 0.08699997765560448 -0.06973200291395189
v -0.019840913437739013 0.08700001733760535 -0.06973200291395189
v 0.01984108743773401 0.08699997765560448 -0.06973200291395189
v -0.006688912943437695 0.08700000418560486 -0.07219099998474122
v -0.006688912943437695 0.08700000418560486 -0.07219099998474122
v 0.01984108743773401 0.08699997765560448 -0.06973200291395189
v 0.006689086943432689 0.08699999080760497 -0.07219099998474122
v -0.013024074311971664 -0.07386098989805764 0.05015100166201593
v -7.500000298023223e-8 -0.07500000298023224 0.049846000969409957
v -7.479999959468842e-8 -0.07479999959468842 0.049899000674486174
v -7.479999959468842e-8 -0.07479999959468842 0.049899000674486174
v -7.500000298023223e-8 -0.07500000298023224 0.049846000969409957
v 0.013023926589965821 -0.07386101594605855 0.05015100166201593
v -7.479999959468842e-8 -0.07479999959468842 0.049899000674486174
v 0.013023926589965821 -0.07386101594605855 0.05015100166201593
v 0.012988926753289998 -0.07366401510949526 0.050204001367092146
v 0.012988926753289998 -0.07366401510949526 0.050204001367092146
v 0.013023926589965821 -0.07386101594605855 0.05015100166201593
v 0.025651930203564464 -0.07047702702100016 0.05105699971318246
v 0.012988926753289998 -0.07366401510949526 0.050204001367092146
v 0.025651930203564464 -0.07047702702100016 0.05105699971318246
v 0.025582930564656853 -0.07028902645179815 0.05110799893736841
v 0.025582930564656853 -0.07028902645179815 0.05110799893736841
v 0.025651930203564464 -0.07047702702100016 0.05105699971318246
v 0.03749993653811514 -0.0649520384756103 0.05253800004720689
v 0.025582930564656853 -0.07028902645179815 0.05110799893736841
v 0.03749993653811514 -0.0649520384756103 0.05253800004720689
v 0.037399935018345716 -0.06477903589414805 0.0525839999318123
v 0.037399935018345716 -0.06477903589414805 0.0525839999318123
v 0.03749993653811514 -0.0649520384756103 0.05253800004720689
v 0.04820894292584807 -0.057453047264385965 0.05454700067639352
v 0.037399935018345716 -0.06477903589414805 0.0525839999318123
v 0.04820894292584807 -0.057453047264385965 0.05454700067639352
v 0.04808094210419059 -0.057300049463827156 0.054588001221418395
v 0.04808094210419059 -0.057300049463827156 0.054588001221418395
v 0.04820894292584807 -0.057453047264385965 0.05454700067639352
v 0.05745295084638521 -0.04820905783184617 0.05702399834990503
v 0.04808094210419059 -0.057300049463827156 0.054588001221418395
v 0.05745295084638521 -0.04820905783184617 0.05702399834990503
v 0.057299953301828355 -0.048081056704193346 0.057059001177549376
v 0.057299953301828355 -0.048081056704193346 0.057059001177549376
v 0.05745295084638521 -0.04820905783184617 0.05702399834990503
v 0.06495196347560733 -0.03750006644211709 0.059893999248743064
v 0.057299953301828355 -0.048081056704193346 0.057059001177549376
v 0.06495196347560733 -0.03750006644211709 0.059893999248743064
v 0.06477896109414846 -0.03740006457634269 0.05992000177502633
v 0.06477896109414846 -0.03740006457634269 0.05992000177502633
v 0.06495196347560733 -0.03750006644211709 0.059893999248743064
v 0.0704769757169988 -0.025652071157567197 0.06306800246238708
v 0.06477896109414846 -0.03740006457634269 0.05992000177502633
v 0.0704769757169988 -0.025652071157567197 0.06306800246238708
v 0.07028897528579645 -0.025583071142658585 0.06308700144290924
v 0.07028897528579645 -0.025583071142658585 0.06308700144290924
v 0.0704769757169988 -0.025652071157567197 0.06306800246238708
v 0.07386098989805766 -0.013024074311971657 0.06645199656486511
v 0.07028897528579645 -0.025583071142658585 0.06308700144290924
v 0.07386098989805766 -0.013024074311971657 0.06645199656486511
v 0.07366398913149443 -0.012989074081294232 0.0664609968662262
v 0.07366398913149443 -0.012989074081294232 0.0664609968662262
v 0.07386098989805766 -0.013024074311971657 0.06645199656486511
v 0.07479999959468842 -7.47999995869233e-8 0.06994199752807617
v 0.07479999959468842 -7.47999995869233e-8 0.06994199752807617
v 0.07386098989805766 -0.013024074311971657 0.06645199656486511
v 0.07500000298023224 -7.500000297246711e-8 0.06994199752807617
v 0.07479999959468842 -7.47999995869233e-8 0.06994199752807617
v 0.07500000298023224 -7.500000297246711e-8 0.06994199752807617
v 0.07366401510949526 0.012988926753290006 0.07342199981212616
v 0.07366401510949526 0.012988926753290006 0.07342199981212616
v 0.07500000298023224 -7.500000297246711e-8 0.06994199752807617
v 0.07386101594605855 0.013023926589965828 0.07343100011348724
v 0.07366401510949526 0.012988926753290006 0.07342199981212616
v 0.07386101594605855 0.013023926589965828 0.07343100011348724
v 0.07028902645179816 0.025582930564656863 0.0767970010638237
v 0.07028902645179816 0.025582930564656863 0.0767970010638237
v 0.07386101594605855 0.013023926589965828 0.07343100011348724
v 0.07047702702100016 0.025651930203564474 0.07681500166654587
v 0.07028902645179816 0.025582930564656863 0.0767970010638237
v 0.07047702702100016 0.025651930203564474 0.07681500166654587
v 0.06477903589414805 0.03739993501834572 0.07996299862861632
v 0.06477903589414805 0.03739993501834572 0.07996299862861632
v 0.07047702702100016 0.025651930203564474 0.07681500166654587
v 0.06495203847561032 0.037499936538115154 0.07998999953269957
v 0.06477903589414805 0.03739993501834572 0.07996299862861632
v 0.06495203847561032 0.037499936538115154 0.07998999953269957
v 0.05730004946382716 0.048080942104190595 0.08282499760389327
v 0.05730004946382716 0.048080942104190595 0.08282499760389327
v 0.06495203847561032 0.037499936538115154 0.07998999953269957
v 0.05745304726438597 0.048208942925848076 0.08285900205373763
v 0.05730004946382716 0.048080942104190595 0.08282499760389327
v 0.05745304726438597 0.048208942925848076 0.08285900205373763
v 0.04808105670419335 0.05729995330182836 0.08529499918222426
v 0.04808105670419335 0.05729995330182836 0.08529499918222426
v 0.05745304726438597 0.048208942925848076 0.08285900205373763
v 0.048209057831846175 0.05745295084638522 0.08533599972724913
v 0.04808105670419335 0.05729995330182836 0.08529499918222426
v 0.048209057831846175 0.05745295084638522 0.08533599972724913
v 0.0374000645763427 0.06477896109414846 0.08729899674654006
v 0.0374000645763427 0.06477896109414846 0.08729899674654006
v 0.048209057831846175 0.05745295084638522 0.08533599972724913
v 0.0375000664421171 0.06495196347560735 0.08734600245952605
v 0.0374000645763427 0.06477896109414846 0.08729899674654006
v 0.0375000664421171 0.06495196347560735 0.08734600245952605
v 0.025583071142658592 0.07028897528579646 0.08877599984407424
v 0.025583071142658592 0.07028897528579646 0.08877599984407424
v 0.0375000664421171 0.06495196347560735 0.08734600245952605
v 0.025652071157567204 0.0704769757169988 0.08882600069046019
v 0.025583071142658592 0.07028897528579646 0.08877599984407424
v 0.025652071157567204 0.0704769757169988 0.08882600069046019
v 0.012989074081294238 0.07366398913149444 0.0896800011396408
v 0.012989074081294238 0.07366398913149444 0.0896800011396408
v 0.025652071157567204 0.0704769757169988 0.08882600069046019
v 0.013024074311971664 0.07386098989805766 0.08973299711942671
v 0.012989074081294238 0.07366398913149444 0.0896800011396408
v 0.013024074311971664 0.07386098989805766 0.08973299711942671
v 7.479999959468842e-8 0.07479999959468843 0.08998399972915648
v 7.479999959468842e-8 0.07479999959468843 0.08998399972915648
v 0.013024074311971664 0.07386098989805766 0.08973299711942671
v 7.500000298023223e-8 0.07500000298023225 0.09003800153732298
v 7.479999959468842e-8 0.07479999959468843 0.08998399972915648
v 7.500000298023223e-8 0.07500000298023225 0.09003800153732298
v -0.013023926589965821 0.07386101594605857 0.08973299711942671
v 7.479999959468842e-8 0.07479999959468843 0.08998399972915648
v -0.013023926589965821 0.07386101594605857 0.08973299711942671
v -0.012988926753289998 0.07366401510949527 0.0896800011396408
v -0.012988926753289998 0.07366401510949527 0.0896800011396408
v -0.013023926589965821 0.07386101594605857 0.08973299711942671
v -0.025651930203564464 0.07047702702100017 0.08882600069046019
v -0.012988926753289998 0.07366401510949527 0.0896800011396408
v -0.025651930203564464 0.07047702702100017 0.08882600069046019
v -0.025582930564656853 0.07028902645179816 0.08877599984407424
v -0.025582930564656853 0.07028902645179816 0.08877599984407424
v -0.025651930203564464 0.07047702702100017 0.08882600069046019
v -0.03749993653811514 0.06495203847561032 0.08734600245952605
v -0.025582930564656853 0.07028902645179816 0.08877599984407424
v -0.03749993653811514 0.06495203847561032 0.08734600245952605
v -0.037399935018345716 0.06477903589414806 0.08729899674654006
v -0.037399935018345716 0.06477903589414806 0.08729899674654006
v -0.03749993653811514 0.06495203847561032 0.08734600245952605
v -0.04820894292584807 0.05745304726438598 0.08533599972724913
v -0.037399935018345716 0.06477903589414806 0.08729899674654006
v -0.04820894292584807 0.05745304726438598 0.08533599972724913
v -0.04808094210419059 0.05730004946382717 0.08529499918222426
v -0.04808094210419059 0.05730004946382717 0.08529499918222426
v -0.04820894292584807 0.05745304726438598 0.08533599972724913
v -0.05745295084638521 0.04820905783184619 0.08285900205373763
v -0.04808094210419059 0.05730004946382717 0.08529499918222426
v -0.05745295084638521 0.04820905783184619 0.08285900205373763
v -0.057299953301828355 0.04808105670419336 0.08282499760389327
v -0.057299953301828355 0.04808105670419336 0.08282499760389327
v -0.05745295084638521 0.04820905783184619 0.08285900205373763
v -0.06495196347560733 0.037500066442117105 0.07998999953269957
v -0.057299953301828355 0.04808105670419336 0.08282499760389327
v -0.06495196347560733 0.037500066442117105 0.07998999953269957
v -0.06477896109414846 0.03740006457634271 0.07996299862861632
v -0.06477896109414846 0.03740006457634271 0.07996299862861632
v -0.06495196347560733 0.037500066442117105 0.07998999953269957
v -0.0704769757169988 0.02565207115756721 0.07681500166654587
v -0.06477896109414846 0.03740006457634271 0.07996299862861632
v -0.0704769757169988 0.02565207115756721 0.07681500166654587
v -0.07028897528579645 0.0255830711426586 0.0767970010638237
v -0.07028897528579645 0.0255830711426586 0.0767970010638237
v -0.0704769757169988 0.02565207115756721 0.07681500166654587
v -0.07386098989805766 0.013024074311971673 0.07343100011348724
v -0.07028897528579645 0.0255830711426586 0.0767970010638237
v -0.07386098989805766 0.013024074311971673 0.07343100011348724
v -0.07366398913149443 0.012989074081294247 0.07342199981212616
v -0.07366398913149443 0.012989074081294247 0.07342199981212616
v -0.07386098989805766 0.013024074311971673 0.07343100011348724
v -0.07500000298023224 7.500000298799735e-8 0.06994199752807617
v -0.07366398913149443 0.012989074081294247 0.07342199981212616
v -0.07500000298023224 7.500000298799735e-8 0.06994199752807617
v -0.07479999959468842 7.479999960245354e-8 0.06994199752807617
v -0.07479999959468842 7.479999960245354e-8 0.06994199752807617
v -0.07500000298023224 7.500000298799735e-8 0.06994199752807617
v -0.07366401510949526 -0.01298892675328999 0.0664609968662262
v -0.07366401510949526 -0.01298892675328999 0.0664609968662262
v -0.07500000298023224 7.500000298799735e-8 0.06994199752807617
v -0.07386101594605855 -0.013023926589965812 0.06645199656486511
v -0.07366401510949526 -0.01298892675328999 0.0664609968662262
v -0.07386101594605855 -0.013023926589965812 0.06645199656486511
v -0.07028902645179816 -0.025582930564656846 0.06308700144290924
v -0.07028902645179816 -0.025582930564656846 0.06308700144290924
v -0.07386101594605855 -0.013023926589965812 0.06645199656486511
v -0.07047702702100016 -0.025651930203564457 0.06306800246238708
v -0.07028902645179816 -0.025582930564656846 0.06308700144290924
v -0.07047702702100016 -0.025651930203564457 0.06306800246238708
v -0.06477903589414805 -0.03739993501834571 0.05992000177502633
v -0.06477903589414805 -0.03739993501834571 0.05992000177502633
v -0.07047702702100016 -0.025651930203564457 0.06306800246238708
v -0.06495203847561032 -0.03749993653811514 0.059893999248743064
v -0.06477903589414805 -0.03739993501834571 0.05992000177502633
v -0.06495203847561032 -0.03749993653811514 0.059893999248743064
v -0.05730004946382716 -0.04808094210419058 0.057059001177549376
v -0.05730004946382716 -0.04808094210419058 0.057059001177549376
v -0.06495203847561032 -0.03749993653811514 0.059893999248743064
v -0.05745304726438597 -0.04820894292584806 0.05702399834990503
v -0.05730004946382716 -0.04808094210419058 0.057059001177549376
v -0.05745304726438597 -0.04820894292584806 0.05702399834990503
v -0.04808105670419335 -0.05729995330182835 0.054588001221418395
v -0.04808105670419335 -0.05729995330182835 0.054588001221418395
v -0.05745304726438597 -0.04820894292584806 0.05702399834990503
v -0.048209057831846175 -0.05745295084638521 0.05454700067639352
v -0.04808105670419335 -0.05729995330182835 0.054588001221418395
v -0.048209057831846175 -0.05745295084638521 0.05454700067639352
v -0.0374000645763427 -0.06477896109414845 0.0525839999318123
v -0.0374000645763427 -0.06477896109414845 0.0525839999318123
v -0.048209057831846175 -0.05745295084638521 0.05454700067639352
v -0.0375000664421171 -0.06495196347560733 0.05253800004720689
v -0.0374000645763427 -0.06477896109414845 0.0525839999318123
v -0.0375000664421171 -0.06495196347560733 0.05253800004720689
v -0.025583071142658592 -0.07028897528579645 0.05110799893736841
v -0.025583071142658592 -0.07028897528579645 0.05110799893736841
v -0.0375000664421171 -0.06495196347560733 0.05253800004720689
v -0.025652071157567204 -0.07047697571699879 0.05105699971318246
v -0.025583071142658592 -0.07028897528579645 0.05110799893736841
v -0.025652071157567204 -0.07047697571699879 0.05105699971318246
v -0.012989074081294238 -0.07366398913149443 0.050204001367092146
v -0.012989074081294238 -0.07366398913149443 0.050204001367092146
v -0.025652071157567204 -0.07047697571699879 0.05105699971318246
v -0.013024074311971664 -0.07386098989805764 0.05015100166201593
v -0.012989074081294238 -0.07366398913149443 0.050204001367092146
v -0.013024074311971664 -0.07386098989805764 0.05015100166201593
v -7.479999959468842e-8 -0.07479999959468842 0.049899000674486174
vt -0.15707999467849731 0
vt 0 0
vt -0.17453299462795258 0.6582580208778381
vt -0.17453299462795258 0.6582580208778381
vt 0 0
vt 0 1.27994704246521
vt -0.17453299462795258 0.6582580208778381
vt 0 1.27994704246521
vt -0.17453299462795258 1.974774956703186
vt -0.17453299462795258 1.974774956703186
vt 0 1.27994704246521
vt 0 2.5598928928375244
vt -0.17453299462795258 1.974774956703186
vt 0 2.5598928928375244
vt -0.17453299462795258 3.2912909984588623
vt -0.17453299462795258 3.2912909984588623
vt 0 2.5598928928375244
vt 0 3.839838981628418
vt -0.17453299462795258 3.2912909984588623
vt 0 3.839838981628418
vt -0.17453299462795258 4.6078081130981445
vt -0.17453299462795258 4.6078081130981445
vt 0 3.839838981628418
vt 0 5.119785785675049
vt -0.17453299462795258 4.6078081130981445
vt 0 5.119785785675049
vt -0.17453299462795258 5.924324035644531
vt -0.17453299462795258 5.924324035644531
vt 0 5.119785785675049
vt 0 6.399733066558838
vt -0.17453299462795258 5.924324035644531
vt 0 6.399733066558838
vt -0.17453299462795258 7.240839958190918
vt -0.17453299462795258 7.240839958190918
vt 0 6.399733066558838
vt 0 7.679678916931152
vt -0.17453299462795258 7.240839958190918
vt 0 7.679678916931152
vt -0.17453299462795258 8.557356834411621
vt -0.17453299462795258 8.557356834411621
vt 0 7.679678916931152
vt 0 8.959625244140625
vt -0.17453299462795258 8.557356834411621
vt 0 8.959625244140625
vt -0.17453299462795258 9.873872756958008
vt -0.17453299462795258 9.873872756958008
vt 0 8.959625244140625
vt 0 10.239572525024414
vt -0.17453299462795258 9.873872756958008
vt 0 10.239572525024414
vt -0.17453299462795258 11.190389633178711
vt -0.17453299462795258 11.190389633178711
vt 0 10.239572525024414
vt 0 11.519518852233887
vt -0.17453299462795258 11.190389633178711
vt 0 11.519518852233887
vt -0.17453299462795258 12.50690746307373
vt -0.17453299462795258 12.50690746307373
vt 0 11.519518852233887
vt 0 12.79946517944336
vt -0.17453299462795258 12.50690746307373
vt 0 12.79946517944336
vt -0.17453299462795258 13.8234224319458
vt -0.17453299462795258 13.8234224319458
vt 0 12.79946517944336
vt 0 14.079412460327148
vt -0.17453299462795258 13.8234224319458
vt 0 14.079412460327148
vt -0.17453299462795258 15.139939308166504
vt -0.17453299462795258 15.139939308166504
vt 0 14.079412460327148
vt 0 15.359357833862305
vt -0.17453299462795258 15.139939308166504
vt 0 15.359357833862305
vt -0.17453299462795258 16.45645523071289
vt -0.17453299462795258 16.45645523071289
vt 0 15.359357833862305
vt 0 16.639305114746094
vt -0.17453299462795258 16.45645523071289
vt 0 16.639305114746094
vt -0.17453299462795258 17.772972106933594
vt -0.17453299462795258 17.772972106933594
vt 0 16.639305114746094
vt 0 17.91925048828125
vt -0.17453299462795258 17.772972106933594
vt 0 17.91925048828125
vt -0.17453299462795258 19.089488983154297
vt -0.17453299462795258 19.089488983154297
vt 0 17.91925048828125
vt 0 19.19919776916504
vt -0.17453299462795258 19.089488983154297
vt 0 19.19919776916504
vt -0.17453299462795258 20.406003952026367
vt -0.17453299462795258 20.406003952026367
vt 0 19.19919776916504
vt 0 20.479145050048828
vt -0.17453299462795258 20.406003952026367
vt 0 20.479145050048828
vt -0.17453299462795258 21.72252082824707
vt -0.17453299462795258 21.72252082824707
vt 0 20.479145050048828
vt 0 21.759090423583984
vt -0.17453299462795258 21.72252082824707
vt 0 21.759090423583984
vt -0.15707999467849731 23.039037704467773
vt -0.15707999467849731 23.039037704467773
vt 0 21.759090423583984
vt 0 23.039037704467773
vt -0.15707999467849731 23.039037704467773
vt -0.31415900588035583 23.039037704467773
vt -0.17453299462795258 21.72252082824707
vt -0.17453299462795258 21.72252082824707
vt -0.31415900588035583 23.039037704467773
vt -0.34906598925590515 21.72252082824707
vt -0.17453299462795258 21.72252082824707
vt -0.34906598925590515 21.72252082824707
vt -0.17453299462795258 20.406003952026367
vt -0.17453299462795258 20.406003952026367
vt -0.34906598925590515 21.72252082824707
vt -0.34906598925590515 20.406003952026367
vt -0.17453299462795258 20.406003952026367
vt -0.34906598925590515 20.406003952026367
vt -0.17453299462795258 19.089488983154297
vt -0.17453299462795258 19.089488983154297
vt -0.34906598925590515 20.406003952026367
vt -0.34906598925590515 19.089488983154297
vt -0.17453299462795258 19.089488983154297
vt -0.34906598925590515 19.089488983154297
vt -0.17453299462795258 17.772972106933594
vt -0.17453299462795258 17.772972106933594
vt -0.34906598925590515 19.089488983154297
vt -0.34906598925590515 17.772972106933594
vt -0.17453299462795258 17.772972106933594
vt -0.34906598925590515 17.772972106933594
vt -0.17453299462795258 16.45645523071289
vt -0.17453299462795258 16.45645523071289
vt -0.34906598925590515 17.772972106933594
vt -0.34906598925590515 16.45645523071289
vt -0.17453299462795258 16.45645523071289
vt -0.34906598925590515 16.45645523071289
vt -0.17453299462795258 15.139939308166504
vt -0.17453299462795258 15.139939308166504
vt -0.34906598925590515 16.45645523071289
vt -0.34906598925590515 15.139939308166504
vt -0.17453299462795258 15.139939308166504
vt -0.34906598925590515 15.139939308166504
vt -0.17453299462795258 13.8234224319458
vt -0.17453299462795258 13.8234224319458
vt -0.34906598925590515 15.139939308166504
vt -0.34906598925590515 13.8234224319458
vt -0.17453299462795258 13.8234224319458
vt -0.34906598925590515 13.8234224319458
vt -0.17453299462795258 12.50690746307373
vt -0.17453299462795258 12.50690746307373
vt -0.34906598925590515 13.8234224319458
vt -0.34906598925590515 12.50690746307373
vt -0.17453299462795258 12.50690746307373
vt -0.34906598925590515 12.50690746307373
vt -0.17453299462795258 11.190389633178711
vt -0.17453299462795258 11.190389633178711
vt -0.34906598925590515 12.50690746307373
vt -0.34906598925590515 11.190389633178711
vt -0.17453299462795258 11.190389633178711
vt -0.34906598925590515 11.190389633178711
vt -0.17453299462795258 9.873872756958008
vt -0.17453299462795258 9.873872756958008
vt -0.34906598925590515 11.190389633178711
vt -0.34906598925590515 9.873872756958008
vt -0.17453299462795258 9.873872756958008
vt -0.34906598925590515 9.873872756958008
vt -0.17453299462795258 8.557356834411621
vt -0.17453299462795258 8.557356834411621
vt -0.34906598925590515 9.873872756958008
vt -0.34906598925590515 8.557356834411621
vt -0.17453299462795258 8.557356834411621
vt -0.34906598925590515 8.557356834411621
vt -0.17453299462795258 7.240839958190918
vt -0.17453299462795258 7.240839958190918
vt -0.34906598925590515 8.557356834411621
vt -0.34906598925590515 7.240839958190918
vt -0.17453299462795258 7.240839958190918
vt -0.34906598925590515 7.240839958190918
vt -0.17453299462795258 5.924324035644531
vt -0.17453299462795258 5.924324035644531
vt -0.34906598925590515 7.240839958190918
vt -0.34906598925590515 5.924324035644531
vt -0.17453299462795258 5.924324035644531
vt -0.34906598925590515 5.924324035644531
vt -0.17453299462795258 4.6078081130981445
vt -0.17453299462795258 4.6078081130981445
vt -0.34906598925590515 5.924324035644531
vt -0.34906598925590515 4.6078081130981445
vt -0.17453299462795258 4.6078081130981445
vt -0.34906598925590515 4.6078081130981445
vt -0.17453299462795258 3.2912909984588623
vt -0.17453299462795258 3.2912909984588623
vt -0.34906598925590515 4.6078081130981445
vt -0.34906598925590515 3.2912909984588623
vt -0.17453299462795258 3.2912909984588623
vt -0.34906598925590515 3.2912909984588623
vt -0.17453299462795258 1.974774956703186
vt -0.17453299462795258 1.974774956703186
vt -0.34906598925590515 3.2912909984588623
vt -0.34906598925590515 1.974774956703186
vt -0.17453299462795258 1.974774956703186
vt -0.34906598925590515 1.974774956703186
vt -0.17453299462795258 0.6582580208778381
vt -0.17453299462795258 0.6582580208778381
vt -0.34906598925590515 1.974774956703186
vt -0.34906598925590515 0.6582580208778381
vt -0.17453299462795258 0.6582580208778381
vt -0.34906598925590515 0.6582580208778381
vt -0.31415900588035583 0
vt -0.31415900588035583 0
vt -0.34906598925590515 0.6582580208778381
vt -0.47123900055885315 0
vt -0.47123900055885315 0
vt -0.34906598925590515 0.6582580208778381
vt -0.5235990285873413 0.6582580208778381
vt -0.47123900055885315 0
vt -0.5235990285873413 0.6582580208778381
vt -0.6283190250396729 0
vt -0.6283190250396729 0
vt -0.5235990285873413 0.6582580208778381
vt -0.6981319785118103 0.6582580208778381
vt -0.6283190250396729 0
vt -0.6981319785118103 0.6582580208778381
vt -0.785398006439209 0
vt -0.785398006439209 0
vt -0.6981319785118103 0.6582580208778381
vt -0.785398006439209 1.3552370071411133
vt -0.785398006439209 1.3552370071411133
vt -0.6981319785118103 0.6582580208778381
vt -0.6981319785118103 1.974774956703186
vt -0.785398006439209 1.3552370071411133
vt -0.6981319785118103 1.974774956703186
vt -0.785398006439209 2.710474967956543
vt -0.785398006439209 2.710474967956543
vt -0.6981319785118103 1.974774956703186
vt -0.6981319785118103 3.2912909984588623
vt -0.785398006439209 2.710474967956543
vt -0.6981319785118103 3.2912909984588623
vt -0.785398006439209 4.065711975097656
vt -0.785398006439209 4.065711975097656
vt -0.6981319785118103 3.2912909984588623
vt -0.6981319785118103 4.6078081130981445
vt -0.785398006439209 4.065711975097656
vt -0.6981319785118103 4.6078081130981445
vt -0.785398006439209 5.420949935913086
vt -0.785398006439209 5.420949935913086
vt -0.6981319785118103 4.6078081130981445
vt -0.6981319785118103 5.924324035644531
vt -0.785398006439209 5.420949935913086
vt -0.6981319785118103 5.924324035644531
vt -0.785398006439209 6.776186943054199
vt -0.785398006439209 6.776186943054199
vt -0.6981319785118103 5.924324035644531
vt -0.6981319785118103 7.240839958190918
vt -0.785398006439209 6.776186943054199
vt -0.6981319785118103 7.240839958190918
vt -0.785398006439209 8.131424903869629
vt -0.785398006439209 8.131424903869629
vt -0.6981319785118103 7.240839958190918
vt -0.6981319785118103 8.557356834411621
vt -0.785398006439209 8.131424903869629
vt -0.6981319785118103 8.557356834411621
vt -0.785398006439209 9.486662864685059
vt -0.785398006439209 9.486662864685059
vt -0.6981319785118103 8.557356834411621
vt -0.6981319785118103 9.873872756958008
vt -0.785398006439209 9.486662864685059
vt -0.6981319785118103 9.873872756958008
vt -0.785398006439209 10.841899871826172
vt -0.785398006439209 10.841899871826172
vt -0.6981319785118103 9.873872756958008
vt -0.6981319785118103 11.190389633178711
vt -0.785398006439209 10.841899871826172
vt -0.6981319785118103 11.190389633178711
vt -0.785398006439209 12.197137832641602
vt -0.785398006439209 12.197137832641602
vt -0.6981319785118103 11.190389633178711
vt -0.6981319785118103 12.50690746307373
vt -0.785398006439209 12.197137832641602
vt -0.6981319785118103 12.50690746307373
vt -0.785398006439209 13.552374839782715
vt -0.785398006439209 13.552374839782715
vt -0.6981319785118103 12.50690746307373
vt -0.6981319785118103 13.8234224319458
vt -0.785398006439209 13.552374839782715
vt -0.6981319785118103 13.8234224319458
vt -0.785398006439209 14.907612800598145
vt -0.785398006439209 14.907612800598145
vt -0.6981319785118103 13.8234224319458
vt -0.6981319785118103 15.139939308166504
vt -0.785398006439209 14.907612800598145
vt -0.6981319785118103 15.139939308166504
vt -0.785398006439209 16.262849807739258
vt -0.785398006439209 16.262849807739258
vt -0.6981319785118103 15.139939308166504
vt -0.6981319785118103 16.45645523071289
vt -0.785398006439209 16.262849807739258
vt -0.6981319785118103 16.45645523071289
vt -0.785398006439209 17.618087768554688
vt -0.785398006439209 17.618087768554688
vt -0.6981319785118103 16.45645523071289
vt -0.6981319785118103 17.772972106933594
vt -0.785398006439209 17.618087768554688
vt -0.6981319785118103 17.772972106933594
vt -0.785398006439209 18.973325729370117
vt -0.785398006439209 18.973325729370117
vt -0.6981319785118103 17.772972106933594
vt -0.6981319785118103 19.089488983154297
vt -0.785398006439209 18.973325729370117
vt -0.6981319785118103 19.089488983154297
vt -0.785398006439209 20.328561782836914
vt -0.785398006439209 20.328561782836914
vt -0.6981319785118103 19.089488983154297
vt -0.6981319785118103 20.406003952026367
vt -0.785398006439209 20.328561782836914
vt -0.6981319785118103 20.406003952026367
vt -0.785398006439209 21.683799743652344
vt -0.785398006439209 21.683799743652344
vt -0.6981319785118103 20.406003952026367
vt -0.6981319785118103 21.72252082824707
vt -0.785398006439209 21.683799743652344
vt -0.6981319785118103 21.72252082824707
vt -0.785398006439209 23.039037704467773
vt -0.785398006439209 23.039037704467773
vt -0.6981319785118103 21.72252082824707
vt -0.6283190250396729 23.039037704467773
vt -0.6283190250396729 23.039037704467773
vt -0.6981319785118103 21.72252082824707
vt -0.5235990285873413 21.72252082824707
vt -0.6283190250396729 23.039037704467773
vt -0.5235990285873413 21.72252082824707
vt -0.47123900055885315 23.039037704467773
vt -0.47123900055885315 23.039037704467773
vt -0.5235990285873413 21.72252082824707
vt -0.34906598925590515 21.72252082824707
vt -0.47123900055885315 23.039037704467773
vt -0.34906598925590515 21.72252082824707
vt -0.31415900588035583 23.039037704467773
vt -0.31415900588035583 0
vt -0.15707999467849731 0
vt -0.17453299462795258 0.6582580208778381
vt -0.6981319785118103 1.974774956703186
vt -0.6981319785118103 0.6582580208778381
vt -0.5235990285873413 0.6582580208778381
vt -0.5235990285873413 0.6582580208778381
vt -0.34906598925590515 0.6582580208778381
vt -0.5235990285873413 1.974774956703186
vt -0.5235990285873413 1.974774956703186
vt -0.34906598925590515 0.6582580208778381
vt -0.34906598925590515 1.974774956703186
vt -0.5235990285873413 1.974774956703186
vt -0.34906598925590515 1.974774956703186
vt -0.5235990285873413 3.2912909984588623
vt -0.5235990285873413 3.2912909984588623
vt -0.34906598925590515 1.974774956703186
vt -0.34906598925590515 3.2912909984588623
vt -0.5235990285873413 3.2912909984588623
vt -0.34906598925590515 3.2912909984588623
vt -0.5235990285873413 4.6078081130981445
vt -0.5235990285873413 4.6078081130981445
vt -0.34906598925590515 3.2912909984588623
vt -0.34906598925590515 4.6078081130981445
vt -0.5235990285873413 4.6078081130981445
vt -0.34906598925590515 4.6078081130981445
vt -0.5235990285873413 5.924324035644531
vt -0.5235990285873413 5.924324035644531
vt -0.34906598925590515 4.6078081130981445
vt -0.34906598925590515 5.924324035644531
vt -0.5235990285873413 5.924324035644531
vt -0.34906598925590515 5.924324035644531
vt -0.5235990285873413 7.240839958190918
vt -0.5235990285873413 7.240839958190918
vt -0.34906598925590515 5.924324035644531
vt -0.34906598925590515 7.240839958190918
vt -0.5235990285873413 7.240839958190918
vt -0.34906598925590515 7.240839958190918
vt -0.5235990285873413 8.557356834411621
vt -0.5235990285873413 8.557356834411621
vt -0.34906598925590515 7.240839958190918
vt -0.34906598925590515 8.557356834411621
vt -0.5235990285873413 8.557356834411621
vt -0.34906598925590515 8.557356834411621
vt -0.5235990285873413 9.873872756958008
vt -0.5235990285873413 9.873872756958008
vt -0.34906598925590515 8.557356834411621
vt -0.34906598925590515 9.873872756958008
vt -0.5235990285873413 9.873872756958008
vt -0.34906598925590515 9.873872756958008
vt -0.5235990285873413 11.190389633178711
vt -0.5235990285873413 11.190389633178711
vt -0.34906598925590515 9.873872756958008
vt -0.34906598925590515 11.190389633178711
vt -0.5235990285873413 11.190389633178711
vt -0.34906598925590515 11.190389633178711
vt -0.5235990285873413 12.50690746307373
vt -0.5235990285873413 12.50690746307373
vt -0.34906598925590515 11.190389633178711
vt -0.34906598925590515 12.50690746307373
vt -0.5235990285873413 12.50690746307373
vt -0.34906598925590515 12.50690746307373
vt -0.5235990285873413 13.8234224319458
vt -0.5235990285873413 13.8234224319458
vt -0.34906598925590515 12.50690746307373
vt -0.34906598925590515 13.8234224319458
vt -0.5235990285873413 13.8234224319458
vt -0.34906598925590515 13.8234224319458
vt -0.5235990285873413 15.139939308166504
vt -0.5235990285873413 15.139939308166504
vt -0.34906598925590515 13.8234224319458
vt -0.34906598925590515 15.139939308166504
vt -0.5235990285873413 15.139939308166504
vt -0.34906598925590515 15.139939308166504
vt -0.5235990285873413 16.45645523071289
vt -0.5235990285873413 16.45645523071289
vt -0.34906598925590515 15.139939308166504
vt -0.34906598925590515 16.45645523071289
vt -0.5235990285873413 16.45645523071289
vt -0.34906598925590515 16.45645523071289
vt -0.5235990285873413 17.772972106933594
vt -0.5235990285873413 17.772972106933594
vt -0.34906598925590515 16.45645523071289
vt -0.34906598925590515 17.772972106933594
vt -0.5235990285873413 17.772972106933594
vt -0.34906598925590515 17.772972106933594
vt -0.5235990285873413 19.089488983154297
vt -0.5235990285873413 19.089488983154297
vt -0.34906598925590515 17.772972106933594
vt -0.34906598925590515 19.089488983154297
vt -0.5235990285873413 19.089488983154297
vt -0.34906598925590515 19.089488983154297
vt -0.5235990285873413 20.406003952026367
vt -0.5235990285873413 20.406003952026367
vt -0.34906598925590515 19.089488983154297
vt -0.34906598925590515 20.406003952026367
vt -0.5235990285873413 20.406003952026367
vt -0.34906598925590515 20.406003952026367
vt -0.5235990285873413 21.72252082824707
vt -0.5235990285873413 21.72252082824707
vt -0.34906598925590515 20.406003952026367
vt -0.34906598925590515 21.72252082824707
vt -0.6981319785118103 3.2912909984588623
vt -0.6981319785118103 1.974774956703186
vt -0.5235990285873413 1.974774956703186
vt -0.5235990285873413 1.974774956703186
vt -0.6981319785118103 1.974774956703186
vt -0.5235990285873413 0.6582580208778381
vt -0.6981319785118103 3.2912909984588623
vt -0.5235990285873413 1.974774956703186
vt -0.5235990285873413 3.2912909984588623
vt -0.6981319785118103 4.6078081130981445
vt -0.6981319785118103 3.2912909984588623
vt -0.5235990285873413 3.2912909984588623
vt -0.6981319785118103 4.6078081130981445
vt -0.5235990285873413 3.2912909984588623
vt -0.5235990285873413 4.6078081130981445
vt -0.6981319785118103 5.924324035644531
vt -0.6981319785118103 4.6078081130981445
vt -0.5235990285873413 4.6078081130981445
vt -0.6981319785118103 5.924324035644531
vt -0.5235990285873413 4.6078081130981445
vt -0.5235990285873413 5.924324035644531
vt -0.6981319785118103 7.240839958190918
vt -0.6981319785118103 5.924324035644531
vt -0.5235990285873413 5.924324035644531
vt -0.6981319785118103 7.240839958190918
vt -0.5235990285873413 5.924324035644531
vt -0.5235990285873413 7.240839958190918
vt -0.6981319785118103 8.557356834411621
vt -0.6981319785118103 7.240839958190918
vt -0.5235990285873413 7.240839958190918
vt -0.6981319785118103 8.557356834411621
vt -0.5235990285873413 7.240839958190918
vt -0.5235990285873413 8.557356834411621
vt -0.6981319785118103 9.873872756958008
vt -0.6981319785118103 8.557356834411621
vt -0.5235990285873413 8.557356834411621
vt -0.6981319785118103 9.873872756958008
vt -0.5235990285873413 8.557356834411621
vt -0.5235990285873413 9.873872756958008
vt -0.6981319785118103 11.190389633178711
vt -0.6981319785118103 9.873872756958008
vt -0.5235990285873413 9.873872756958008
vt -0.6981319785118103 11.190389633178711
vt -0.5235990285873413 9.873872756958008
vt -0.5235990285873413 11.190389633178711
vt -0.6981319785118103 12.50690746307373
vt -0.6981319785118103 11.190389633178711
vt -0.5235990285873413 11.190389633178711
vt -0.6981319785118103 12.50690746307373
vt -0.5235990285873413 11.190389633178711
vt -0.5235990285873413 12.50690746307373
vt -0.6981319785118103 13.8234224319458
vt -0.6981319785118103 12.50690746307373
vt -0.5235990285873413 12.50690746307373
vt -0.6981319785118103 13.8234224319458
vt -0.5235990285873413 12.50690746307373
vt -0.5235990285873413 13.8234224319458
vt -0.6981319785118103 15.139939308166504
vt -0.6981319785118103 13.8234224319458
vt -0.5235990285873413 13.8234224319458
vt -0.6981319785118103 15.139939308166504
vt -0.5235990285873413 13.8234224319458
vt -0.5235990285873413 15.139939308166504
vt -0.6981319785118103 16.45645523071289
vt -0.6981319785118103 15.139939308166504
vt -0.5235990285873413 15.139939308166504
vt -0.6981319785118103 16.45645523071289
vt -0.5235990285873413 15.139939308166504
vt -0.5235990285873413 16.45645523071289
vt -0.6981319785118103 17.772972106933594
vt -0.6981319785118103 16.45645523071289
vt -0.5235990285873413 16.45645523071289
vt -0.6981319785118103 17.772972106933594
vt -0.5235990285873413 16.45645523071289
vt -0.5235990285873413 17.772972106933594
vt -0.6981319785118103 19.089488983154297
vt -0.6981319785118103 17.772972106933594
vt -0.5235990285873413 17.772972106933594
vt -0.6981319785118103 19.089488983154297
vt -0.5235990285873413 17.772972106933594
vt -0.5235990285873413 19.089488983154297
vt -0.6981319785118103 20.406003952026367
vt -0.6981319785118103 19.089488983154297
vt -0.5235990285873413 19.089488983154297
vt -0.6981319785118103 20.406003952026367
vt -0.5235990285873413 19.089488983154297
vt -0.5235990285873413 20.406003952026367
vt -0.6981319785118103 21.72252082824707
vt -0.6981319785118103 20.406003952026367
vt -0.5235990285873413 20.406003952026367
vt -0.6981319785118103 21.72252082824707
vt -0.5235990285873413 20.406003952026367
vt -0.5235990285873413 21.72252082824707
vt -26.772321701049805 0
vt -26.170753479003906 0
vt -26.772321701049805 1.3055059909820557
vt -26.772321701049805 1.3055059909820557
vt -26.170753479003906 0
vt -26.140304565429688 1.3055059909820557
vt -26.772321701049805 1.3055059909820557
vt -26.140304565429688 1.3055059909820557
vt -26.772321701049805 2.6110119819641113
vt -26.772321701049805 2.6110119819641113
vt -26.140304565429688 1.3055059909820557
vt -26.049880981445312 2.6110119819641113
vt -26.772321701049805 2.6110119819641113
vt -26.049880981445312 2.6110119819641113
vt -26.772321701049805 3.9165189266204834
vt -26.772321701049805 3.9165189266204834
vt -26.049880981445312 2.6110119819641113
vt -25.902233123779297 3.9165189266204834
vt -26.772321701049805 3.9165189266204834
vt -25.902233123779297 3.9165189266204834
vt -26.772321701049805 5.222024917602539
vt -26.772321701049805 5.222024917602539
vt -25.902233123779297 3.9165189266204834
vt -25.701845169067383 5.222024917602539
vt -26.772321701049805 5.222024917602539
vt -25.701845169067383 5.222024917602539
vt -26.772321701049805 6.52753210067749
vt -26.772321701049805 6.52753210067749
vt -25.701845169067383 5.222024917602539
vt -25.45480728149414 6.52753210067749
vt -26.772321701049805 6.52753210067749
vt -25.45480728149414 6.52753210067749
vt -26.772321701049805 7.833037853240967
vt -26.772321701049805 7.833037853240967
vt -25.45480728149414 6.52753210067749
vt -25.168622970581055 7.833037853240967
vt -26.772321701049805 7.833037853240967
vt -25.168622970581055 7.833037853240967
vt -26.772321701049805 9.138544082641602
vt -26.772321701049805 9.138544082641602
vt -25.168622970581055 7.833037853240967
vt -24.85198974609375 9.138544082641602
vt -26.772321701049805 9.138544082641602
vt -24.85198974609375 9.138544082641602
vt -26.772321701049805 10.444049835205078
vt -26.772321701049805 10.444049835205078
vt -24.85198974609375 9.138544082641602
vt -24.514530181884766 10.444049835205078
vt -26.772321701049805 10.444049835205078
vt -24.514530181884766 10.444049835205078
vt -26.772321701049805 11.749556541442871
vt -26.772321701049805 11.749556541442871
vt -24.514530181884766 10.444049835205078
vt -24.166492462158203 11.749556541442871
vt -26.772321701049805 11.749556541442871
vt -24.166492462158203 11.749556541442871
vt -26.772321701049805 13.055063247680664
vt -26.772321701049805 13.055063247680664
vt -24.166492462158203 11.749556541442871
vt -23.818456649780273 13.055063247680664
vt -26.772321701049805 13.055063247680664
vt -23.818456649780273 13.055063247680664
vt -26.772321701049805 14.36056900024414
vt -26.772321701049805 14.36056900024414
vt -23.818456649780273 13.055063247680664
vt -23.480995178222656 14.36056900024414
vt -26.772321701049805 14.36056900024414
vt -23.480995178222656 14.36056900024414
vt -26.772321701049805 15.666075706481934
vt -26.772321701049805 15.666075706481934
vt -23.480995178222656 14.36056900024414
vt -23.164363861083984 15.666075706481934
vt -26.772321701049805 15.666075706481934
vt -23.164363861083984 15.666075706481934
vt -26.772321701049805 16.971582412719727
vt -26.772321701049805 16.971582412719727
vt -23.164363861083984 15.666075706481934
vt -22.8781795501709 16.971582412719727
vt -26.772321701049805 16.971582412719727
vt -22.8781795501709 16.971582412719727
vt -26.772321701049805 18.277088165283203
vt -26.772321701049805 18.277088165283203
vt -22.8781795501709 16.971582412719727
vt -22.631141662597656 18.277088165283203
vt -26.772321701049805 18.277088165283203
vt -22.631141662597656 18.277088165283203
vt -26.772321701049805 19.58259391784668
vt -26.772321701049805 19.58259391784668
vt -22.631141662597656 18.277088165283203
vt -22.430753707885742 19.58259391784668
vt -26.772321701049805 19.58259391784668
vt -22.430753707885742 19.58259391784668
vt -26.772321701049805 20.888099670410156
vt -26.772321701049805 20.888099670410156
vt -22.430753707885742 19.58259391784668
vt -22.283105850219727 20.888099670410156
vt -26.772321701049805 20.888099670410156
vt -22.283105850219727 20.888099670410156
vt -26.772321701049805 22.193607330322266
vt -26.772321701049805 22.193607330322266
vt -22.283105850219727 20.888099670410156
vt -22.19268226623535 22.193607330322266
vt -26.772321701049805 22.193607330322266
vt -22.19268226623535 22.193607330322266
vt -26.772321701049805 23.499113082885742
vt -26.772321701049805 23.499113082885742
vt -22.19268226623535 22.193607330322266
vt -22.162233352661133 23.499113082885742
vt -0.8999999761581421 0
vt 0 0
vt -0.8999999761581421 1.339797019958496
vt -0.8999999761581421 1.339797019958496
vt 0 0
vt 0 1.339797019958496
vt -0.8999999761581421 1.339797019958496
vt 0 1.339797019958496
vt -0.8999999761581421 2.679594039916992
vt -0.8999999761581421 2.679594039916992
vt 0 1.339797019958496
vt 0 2.679594039916992
vt -0.8999999761581421 2.679594039916992
vt 0 2.679594039916992
vt -0.8999999761581421 4.019391059875488
vt -0.8999999761581421 4.019391059875488
vt 0 2.679594039916992
vt 0 4.019391059875488
vt -0.8999999761581421 4.019391059875488
vt 0 4.019391059875488
vt -0.8999999761581421 5.359188079833984
vt -0.8999999761581421 5.359188079833984
vt 0 4.019391059875488
vt 0 5.359188079833984
vt -0.8999999761581421 5.359188079833984
vt 0 5.359188079833984
vt -0.8999999761581421 6.698984146118164
vt -0.8999999761581421 6.698984146118164
vt 0 5.359188079833984
vt 0 6.698984146118164
vt -0.8999999761581421 6.698984146118164
vt 0 6.698984146118164
vt -0.8999999761581421 8.03878116607666
vt -0.8999999761581421 8.03878116607666
vt 0 6.698984146118164
vt 0 8.03878116607666
vt -0.8999999761581421 8.03878116607666
vt 0 8.03878116607666
vt -0.8999999761581421 9.378578186035156
vt -0.8999999761581421 9.378578186035156
vt 0 8.03878116607666
vt 0 9.378578186035156
vt -0.8999999761581421 9.378578186035156
vt 0 9.378578186035156
vt -0.8999999761581421 10.718375205993652
vt -0.8999999761581421 10.718375205993652
vt 0 9.378578186035156
vt 0 10.718375205993652
vt -0.8999999761581421 10.718375205993652
vt 0 10.718375205993652
vt -0.8999999761581421 12.058172225952148
vt -0.8999999761581421 12.058172225952148
vt 0 10.718375205993652
vt 0 12.058172225952148
vt -0.8999999761581421 12.058172225952148
vt 0 12.058172225952148
vt -0.8999999761581421 13.397968292236328
vt -0.8999999761581421 13.397968292236328
vt 0 12.058172225952148
vt 0 13.397968292236328
vt -0.8999999761581421 13.397968292236328
vt 0 13.397968292236328
vt -0.8999999761581421 14.737765312194824
vt -0.8999999761581421 14.737765312194824
vt 0 13.397968292236328
vt 0 14.737765312194824
vt -0.8999999761581421 14.737765312194824
vt 0 14.737765312194824
vt -0.8999999761581421 16.07756233215332
vt -0.8999999761581421 16.07756233215332
vt 0 14.737765312194824
vt 0 16.07756233215332
vt -0.8999999761581421 16.07756233215332
vt 0 16.07756233215332
vt -0.8999999761581421 17.4173583984375
vt -0.8999999761581421 17.4173583984375
vt 0 16.07756233215332
vt 0 17.4173583984375
vt -0.8999999761581421 17.4173583984375
vt 0 17.4173583984375
vt -0.8999999761581421 18.757156372070312
vt -0.8999999761581421 18.757156372070312
vt 0 17.4173583984375
vt 0 18.757156372070312
vt -0.8999999761581421 18.757156372070312
vt 0 18.757156372070312
vt -0.8999999761581421 20.096952438354492
vt -0.8999999761581421 20.096952438354492
vt 0 18.757156372070312
vt 0 20.096952438354492
vt -0.8999999761581421 20.096952438354492
vt 0 20.096952438354492
vt -0.8999999761581421 21.436750411987305
vt -0.8999999761581421 21.436750411987305
vt 0 20.096952438354492
vt 0 21.436750411987305
vt -0.8999999761581421 21.436750411987305
vt 0 21.436750411987305
vt -0.8999999761581421 22.776546478271484
vt -0.8999999761581421 22.776546478271484
vt 0 21.436750411987305
vt 0 22.776546478271484
vt 0 0
vt 0 1.3055059909820557
vt -0.5 0
vt -0.5 0
vt 0 1.3055059909820557
vt -0.5 1.3055059909820557
vt -0.5 1.3055059909820557
vt 0 1.3055059909820557
vt 0 2.6110119819641113
vt -0.5 1.3055059909820557
vt 0 2.6110119819641113
vt -0.5 2.6110119819641113
vt -0.5 2.6110119819641113
vt 0 2.6110119819641113
vt 0 3.9165189266204834
vt -0.5 2.6110119819641113
vt 0 3.9165189266204834
vt -0.5 3.9165189266204834
vt -0.5 3.9165189266204834
vt 0 3.9165189266204834
vt 0 5.222024917602539
vt -0.5 3.9165189266204834
vt 0 5.222024917602539
vt -0.5 5.222024917602539
vt -0.5 5.222024917602539
vt 0 5.222024917602539
vt 0 6.52753210067749
vt -0.5 5.222024917602539
vt 0 6.52753210067749
vt -0.5 6.52753210067749
vt -0.5 6.52753210067749
vt 0 6.52753210067749
vt 0 7.833037853240967
vt -0.5 6.52753210067749
vt 0 7.833037853240967
vt -0.5 7.833037853240967
vt -0.5 7.833037853240967
vt 0 7.833037853240967
vt 0 9.138544082641602
vt -0.5 7.833037853240967
vt 0 9.138544082641602
vt -0.5 9.138544082641602
vt -0.5 9.138544082641602
vt 0 9.138544082641602
vt 0 10.444049835205078
vt -0.5 9.138544082641602
vt 0 10.444049835205078
vt -0.5 10.444049835205078
vt -0.5 10.444049835205078
vt 0 10.444049835205078
vt 0 11.749556541442871
vt -0.5 10.444049835205078
vt 0 11.749556541442871
vt -0.5 11.749556541442871
vt -0.5 11.749556541442871
vt 0 11.749556541442871
vt 0 13.055063247680664
vt -0.5 11.749556541442871
vt 0 13.055063247680664
vt -0.5 13.055063247680664
vt -0.5 13.055063247680664
vt 0 13.055063247680664
vt 0 14.36056900024414
vt -0.5 13.055063247680664
vt 0 14.36056900024414
vt -0.5 14.36056900024414
vt -0.5 14.36056900024414
vt 0 14.36056900024414
vt 0 15.666075706481934
vt -0.5 14.36056900024414
vt 0 15.666075706481934
vt -0.5 15.666075706481934
vt -0.5 15.666075706481934
vt 0 15.666075706481934
vt 0 16.971582412719727
vt -0.5 15.666075706481934
vt 0 16.971582412719727
vt -0.5 16.971582412719727
vt -0.5 16.971582412719727
vt 0 16.971582412719727
vt 0 18.277088165283203
vt -0.5 16.971582412719727
vt 0 18.277088165283203
vt -0.5 18.277088165283203
vt -0.5 18.277088165283203
vt 0 18.277088165283203
vt 0 19.58259391784668
vt -0.5 18.277088165283203
vt 0 19.58259391784668
vt -0.5 19.58259391784668
vt -0.5 19.58259391784668
vt 0 19.58259391784668
vt 0 20.888099670410156
vt -0.5 19.58259391784668
vt 0 20.888099670410156
vt -0.5 20.888099670410156
vt -0.5 20.888099670410156
vt 0 20.888099670410156
vt 0 22.193607330322266
vt -0.5 20.888099670410156
vt 0 22.193607330322266
vt -0.5 22.193607330322266
vt -0.5 22.193607330322266
vt 0 22.193607330322266
vt -0.5 23.499113082885742
vt -0.5 23.499113082885742
vt 0 22.193607330322266
vt 0 23.499113082885742
vt -0.5 -23.499113082885742
vt 0 -23.499113082885742
vt -0.5 -22.193607330322266
vt -0.5 -22.193607330322266
vt 0 -23.499113082885742
vt 0 -22.193607330322266
vt -0.5 -22.193607330322266
vt 0 -22.193607330322266
vt 0 -20.888099670410156
vt -0.5 -22.193607330322266
vt 0 -20.888099670410156
vt -0.5 -20.888099670410156
vt -0.5 -20.888099670410156
vt 0 -20.888099670410156
vt 0 -19.58259391784668
vt -0.5 -20.888099670410156
vt 0 -19.58259391784668
vt -0.5 -19.58259391784668
vt -0.5 -19.58259391784668
vt 0 -19.58259391784668
vt 0 -18.277088165283203
vt -0.5 -19.58259391784668
vt 0 -18.277088165283203
vt -0.5 -18.277088165283203
vt -0.5 -18.277088165283203
vt 0 -18.277088165283203
vt 0 -16.971582412719727
vt -0.5 -18.277088165283203
vt 0 -16.971582412719727
vt -0.5 -16.971582412719727
vt -0.5 -16.971582412719727
vt 0 -16.971582412719727
vt 0 -15.666075706481934
vt -0.5 -16.971582412719727
vt 0 -15.666075706481934
vt -0.5 -15.666075706481934
vt -0.5 -15.666075706481934
vt 0 -15.666075706481934
vt 0 -14.36056900024414
vt -0.5 -15.666075706481934
vt 0 -14.36056900024414
vt -0.5 -14.36056900024414
vt -0.5 -14.36056900024414
vt 0 -14.36056900024414
vt 0 -13.055063247680664
vt -0.5 -14.36056900024414
vt 0 -13.055063247680664
vt -0.5 -13.055063247680664
vt -0.5 -13.055063247680664
vt 0 -13.055063247680664
vt 0 -11.749556541442871
vt -0.5 -13.055063247680664
vt 0 -11.749556541442871
vt -0.5 -11.749556541442871
vt -0.5 -11.749556541442871
vt 0 -11.749556541442871
vt 0 -10.444049835205078
vt -0.5 -11.749556541442871
vt 0 -10.444049835205078
vt -0.5 -10.444049835205078
vt -0.5 -10.444049835205078
vt 0 -10.444049835205078
vt 0 -9.138544082641602
vt -0.5 -10.444049835205078
vt 0 -9.138544082641602
vt -0.5 -9.138544082641602
vt -0.5 -9.138544082641602
vt 0 -9.138544082641602
vt 0 -7.833037853240967
vt -0.5 -9.138544082641602
vt 0 -7.833037853240967
vt -0.5 -7.833037853240967
vt -0.5 -7.833037853240967
vt 0 -7.833037853240967
vt 0 -6.52753210067749
vt -0.5 -7.833037853240967
vt 0 -6.52753210067749
vt -0.5 -6.52753210067749
vt -0.5 -6.52753210067749
vt 0 -6.52753210067749
vt 0 -5.222024917602539
vt -0.5 -6.52753210067749
vt 0 -5.222024917602539
vt -0.5 -5.222024917602539
vt -0.5 -5.222024917602539
vt 0 -5.222024917602539
vt 0 -3.9165189266204834
vt -0.5 -5.222024917602539
vt 0 -3.9165189266204834
vt -0.5 -3.9165189266204834
vt -0.5 -3.9165189266204834
vt 0 -3.9165189266204834
vt 0 -2.6110119819641113
vt -0.5 -3.9165189266204834
vt 0 -2.6110119819641113
vt -0.5 -2.6110119819641113
vt -0.5 -2.6110119819641113
vt 0 -2.6110119819641113
vt 0 -1.3055059909820557
vt -0.5 -2.6110119819641113
vt 0 -1.3055059909820557
vt -0.5 -1.3055059909820557
vt -0.5 -1.3055059909820557
vt 0 -1.3055059909820557
vt 0 0
vt -0.5 -1.3055059909820557
vt 0 0
vt -0.5 0
vt 1.3321839570999146 7.1265549659729
vt 0 7.25
vt 5.785624980926514 -4.369101047515869
vt 5.785624980926514 -4.369101047515869
vt 0 7.25
vt -1.3321839570999146 7.1265549659729
vt 5.785624980926514 -4.369101047515869
vt -1.3321839570999146 7.1265549659729
vt -2.619002103805542 6.7604241371154785
vt -2.619002103805542 6.7604241371154785
vt -3.8166329860687256 6.164073944091797
vt 5.785624980926514 -4.369101047515869
vt 5.785624980926514 -4.369101047515869
vt -3.8166329860687256 6.164073944091797
vt 4.884294033050537 -5.357814788818359
vt 4.884294033050537 -5.357814788818359
vt -3.8166329860687256 6.164073944091797
vt -4.884294033050537 5.357814788818359
vt 4.884294033050537 -5.357814788818359
vt -4.884294033050537 5.357814788818359
vt -5.785624980926514 4.369101047515869
vt -5.785624980926514 4.369101047515869
vt -6.489933967590332 3.231602907180786
vt 4.884294033050537 -5.357814788818359
vt 4.884294033050537 -5.357814788818359
vt -6.489933967590332 3.231602907180786
vt -6.973236083984375 1.9840569496154785
vt 4.884294033050537 -5.357814788818359
vt -6.973236083984375 1.9840569496154785
vt -7.2190728187561035 0.6689460277557373
vt -7.2190728187561035 0.6689460277557373
vt -7.2190728187561035 -0.6689460277557373
vt 4.884294033050537 -5.357814788818359
vt 4.884294033050537 -5.357814788818359
vt -7.2190728187561035 -0.6689460277557373
vt -6.973236083984375 -1.9840569496154785
vt 4.884294033050537 -5.357814788818359
vt -6.973236083984375 -1.9840569496154785
vt -6.489933967590332 -3.231602907180786
vt -6.489933967590332 -3.231602907180786
vt -5.785624980926514 -4.369101047515869
vt 4.884294033050537 -5.357814788818359
vt 4.884294033050537 -5.357814788818359
vt -5.785624980926514 -4.369101047515869
vt -4.884294033050537 -5.357814788818359
vt 4.884294033050537 -5.357814788818359
vt -4.884294033050537 -5.357814788818359
vt 3.8166329860687256 -6.164073944091797
vt 3.8166329860687256 -6.164073944091797
vt -4.884294033050537 -5.357814788818359
vt -3.8166329860687256 -6.164073944091797
vt 3.8166329860687256 -6.164073944091797
vt -3.8166329860687256 -6.164073944091797
vt 2.619002103805542 -6.7604241371154785
vt 2.619002103805542 -6.7604241371154785
vt -3.8166329860687256 -6.164073944091797
vt -2.619002103805542 -6.7604241371154785
vt 2.619002103805542 -6.7604241371154785
vt -2.619002103805542 -6.7604241371154785
vt 1.3321839570999146 -7.1265549659729
vt 1.3321839570999146 -7.1265549659729
vt -2.619002103805542 -6.7604241371154785
vt -1.3321839570999146 -7.1265549659729
vt 1.3321839570999146 -7.1265549659729
vt -1.3321839570999146 -7.1265549659729
vt 0 -7.25
vt 6.489933967590332 -3.231602907180786
vt 5.785624980926514 4.369101047515869
vt 5.785624980926514 -4.369101047515869
vt 5.785624980926514 -4.369101047515869
vt 5.785624980926514 4.369101047515869
vt 4.884294033050537 5.357814788818359
vt 5.785624980926514 -4.369101047515869
vt 4.884294033050537 5.357814788818359
vt 3.8166329860687256 6.164073944091797
vt 5.785624980926514 4.369101047515869
vt 6.489933967590332 -3.231602907180786
vt 6.489933967590332 3.231602907180786
vt 6.489933967590332 3.231602907180786
vt 6.489933967590332 -3.231602907180786
vt 6.973236083984375 -1.9840569496154785
vt 6.489933967590332 3.231602907180786
vt 6.973236083984375 -1.9840569496154785
vt 6.973236083984375 1.9840569496154785
vt 6.973236083984375 1.9840569496154785
vt 6.973236083984375 -1.9840569496154785
vt 7.2190728187561035 -0.6689460277557373
vt 6.973236083984375 1.9840569496154785
vt 7.2190728187561035 -0.6689460277557373
vt 7.2190728187561035 0.6689460277557373
vt 3.8166329860687256 6.164073944091797
vt 2.619002103805542 6.7604241371154785
vt 5.785624980926514 -4.369101047515869
vt 5.785624980926514 -4.369101047515869
vt 2.619002103805542 6.7604241371154785
vt 1.3321839570999146 7.1265549659729
vt -0.8999999761581421 -22.776546478271484
vt 0 -22.776546478271484
vt -0.8999999761581421 -21.436750411987305
vt -0.8999999761581421 -21.436750411987305
vt 0 -22.776546478271484
vt 0 -21.436750411987305
vt -0.8999999761581421 -21.436750411987305
vt 0 -21.436750411987305
vt -0.8999999761581421 -20.096952438354492
vt -0.8999999761581421 -20.096952438354492
vt 0 -21.436750411987305
vt 0 -20.096952438354492
vt -0.8999999761581421 -20.096952438354492
vt 0 -20.096952438354492
vt -0.8999999761581421 -18.757156372070312
vt -0.8999999761581421 -18.757156372070312
vt 0 -20.096952438354492
vt 0 -18.757156372070312
vt -0.8999999761581421 -18.757156372070312
vt 0 -18.757156372070312
vt -0.8999999761581421 -17.4173583984375
vt -0.8999999761581421 -17.4173583984375
vt 0 -18.757156372070312
vt 0 -17.4173583984375
vt -0.8999999761581421 -17.4173583984375
vt 0 -17.4173583984375
vt -0.8999999761581421 -16.07756233215332
vt -0.8999999761581421 -16.07756233215332
vt 0 -17.4173583984375
vt 0 -16.07756233215332
vt -0.8999999761581421 -16.07756233215332
vt 0 -16.07756233215332
vt -0.8999999761581421 -14.737765312194824
vt -0.8999999761581421 -14.737765312194824
vt 0 -16.07756233215332
vt 0 -14.737765312194824
vt -0.8999999761581421 -14.737765312194824
vt 0 -14.737765312194824
vt -0.8999999761581421 -13.397968292236328
vt -0.8999999761581421 -13.397968292236328
vt 0 -14.737765312194824
vt 0 -13.397968292236328
vt -0.8999999761581421 -13.397968292236328
vt 0 -13.397968292236328
vt -0.8999999761581421 -12.058172225952148
vt -0.8999999761581421 -12.058172225952148
vt 0 -13.397968292236328
vt 0 -12.058172225952148
vt -0.8999999761581421 -12.058172225952148
vt 0 -12.058172225952148
vt -0.8999999761581421 -10.718375205993652
vt -0.8999999761581421 -10.718375205993652
vt 0 -12.058172225952148
vt 0 -10.718375205993652
vt -0.8999999761581421 -10.718375205993652
vt 0 -10.718375205993652
vt -0.8999999761581421 -9.378578186035156
vt -0.8999999761581421 -9.378578186035156
vt 0 -10.718375205993652
vt 0 -9.378578186035156
vt -0.8999999761581421 -9.378578186035156
vt 0 -9.378578186035156
vt -0.8999999761581421 -8.03878116607666
vt -0.8999999761581421 -8.03878116607666
vt 0 -9.378578186035156
vt 0 -8.03878116607666
vt -0.8999999761581421 -8.03878116607666
vt 0 -8.03878116607666
vt -0.8999999761581421 -6.698984146118164
vt -0.8999999761581421 -6.698984146118164
vt 0 -8.03878116607666
vt 0 -6.698984146118164
vt -0.8999999761581421 -6.698984146118164
vt 0 -6.698984146118164
vt -0.8999999761581421 -5.359188079833984
vt -0.8999999761581421 -5.359188079833984
vt 0 -6.698984146118164
vt 0 -5.359188079833984
vt -0.8999999761581421 -5.359188079833984
vt 0 -5.359188079833984
vt -0.8999999761581421 -4.019391059875488
vt -0.8999999761581421 -4.019391059875488
vt 0 -5.359188079833984
vt 0 -4.019391059875488
vt -0.8999999761581421 -4.019391059875488
vt 0 -4.019391059875488
vt -0.8999999761581421 -2.679594039916992
vt -0.8999999761581421 -2.679594039916992
vt 0 -4.019391059875488
vt 0 -2.679594039916992
vt -0.8999999761581421 -2.679594039916992
vt 0 -2.679594039916992
vt -0.8999999761581421 -1.339797019958496
vt -0.8999999761581421 -1.339797019958496
vt 0 -2.679594039916992
vt 0 -1.339797019958496
vt -0.8999999761581421 -1.339797019958496
vt 0 -1.339797019958496
vt -0.8999999761581421 0
vt -0.8999999761581421 0
vt 0 -1.339797019958496
vt 0 0
vt 8.416361808776855 -1.2988879680633545
vt 8.529999732971191 0
vt 8.300000190734863 0
vt 8.300000190734863 0
vt 8.529999732971191 0
vt 8.416361808776855 1.2988879680633545
vt 8.300000190734863 0
vt 8.416361808776855 1.2988879680633545
vt 8.176554679870605 1.3321839570999146
vt 8.176554679870605 1.3321839570999146
vt 8.416361808776855 1.2988879680633545
vt 8.078900337219238 2.5583109855651855
vt 8.176554679870605 1.3321839570999146
vt 8.078900337219238 2.5583109855651855
vt 7.810423851013184 2.619002103805542
vt 7.810423851013184 2.619002103805542
vt 8.078900337219238 2.5583109855651855
vt 7.527870178222656 3.740000009536743
vt 7.810423851013184 2.619002103805542
vt 7.527870178222656 3.740000009536743
vt 7.21407413482666 3.8166329860687256
vt 7.21407413482666 3.8166329860687256
vt 7.527870178222656 3.740000009536743
vt 6.780013084411621 4.808051109313965
vt 7.21407413482666 3.8166329860687256
vt 6.780013084411621 4.808051109313965
vt 6.407814979553223 4.884294033050537
vt 6.407814979553223 4.884294033050537
vt 6.780013084411621 4.808051109313965
vt 5.85805082321167 5.730011940002441
vt 6.407814979553223 4.884294033050537
vt 5.85805082321167 5.730011940002441
vt 5.419101238250732 5.785624980926514
vt 5.419101238250732 5.785624980926514
vt 5.85805082321167 5.730011940002441
vt 4.789999961853027 6.477869987487793
vt 5.419101238250732 5.785624980926514
vt 4.789999961853027 6.477869987487793
vt 4.28160285949707 6.489933967590332
vt 4.28160285949707 6.489933967590332
vt 4.789999961853027 6.477869987487793
vt 3.6083109378814697 7.028901100158691
vt 4.28160285949707 6.489933967590332
vt 3.6083109378814697 7.028901100158691
vt 3.0340569019317627 6.973236083984375
vt 3.0340569019317627 6.973236083984375
vt 3.6083109378814697 7.028901100158691
vt 2.3488879203796387 7.36636209487915
vt 3.0340569019317627 6.973236083984375
vt 2.3488879203796387 7.36636209487915
vt 1.7189459800720215 7.2190728187561035
vt 1.7189459800720215 7.2190728187561035
vt 2.3488879203796387 7.36636209487915
vt 1.0499999523162842 7.480000019073486
vt 1.7189459800720215 7.2190728187561035
vt 1.0499999523162842 7.480000019073486
vt 0.38105401396751404 7.2190728187561035
vt 0.38105401396751404 7.2190728187561035
vt 1.0499999523162842 7.480000019073486
vt -0.24888800084590912 7.36636209487915
vt 0.38105401396751404 7.2190728187561035
vt -0.24888800084590912 7.36636209487915
vt -0.9340569972991943 6.973236083984375
vt -0.9340569972991943 6.973236083984375
vt -0.24888800084590912 7.36636209487915
vt -1.5083110332489014 7.028901100158691
vt -0.9340569972991943 6.973236083984375
vt -1.5083110332489014 7.028901100158691
vt -2.181602954864502 6.489933967590332
vt -2.181602954864502 6.489933967590332
vt -1.5083110332489014 7.028901100158691
vt -2.690000057220459 6.477869987487793
vt -2.181602954864502 6.489933967590332
vt -2.690000057220459 6.477869987487793
vt -3.319101095199585 5.785624980926514
vt -3.319101095199585 5.785624980926514
vt -2.690000057220459 6.477869987487793
vt -3.7580509185791016 5.730011940002441
vt -3.319101095199585 5.785624980926514
vt -3.7580509185791016 5.730011940002441
vt -4.307815074920654 4.884294033050537
vt -4.307815074920654 4.884294033050537
vt -3.7580509185791016 5.730011940002441
vt -4.680012226104736 4.808051109313965
vt -4.307815074920654 4.884294033050537
vt -4.680012226104736 4.808051109313965
vt -5.114074230194092 3.8166329860687256
vt -5.114074230194092 3.8166329860687256
vt -4.680012226104736 4.808051109313965
vt -5.42786979675293 3.740000009536743
vt -5.114074230194092 3.8166329860687256
vt -5.42786979675293 3.740000009536743
vt -5.710422992706299 2.619002103805542
vt -5.710422992706299 2.619002103805542
vt -5.42786979675293 3.740000009536743
vt -5.978900909423828 2.5583109855651855
vt -5.710422992706299 2.619002103805542
vt -5.978900909423828 2.5583109855651855
vt -6.076554775238037 1.3321839570999146
vt -6.076554775238037 1.3321839570999146
vt -5.978900909423828 2.5583109855651855
vt -6.316361904144287 1.2988879680633545
vt -6.076554775238037 1.3321839570999146
vt -6.316361904144287 1.2988879680633545
vt -6.199999809265137 0
vt -6.199999809265137 0
vt -6.316361904144287 1.2988879680633545
vt -6.429999828338623 0
vt -6.199999809265137 0
vt -6.429999828338623 0
vt -6.316361904144287 -1.2988879680633545
vt -6.199999809265137 0
vt -6.316361904144287 -1.2988879680633545
vt -6.076554775238037 -1.3321839570999146
vt -6.076554775238037 -1.3321839570999146
vt -6.316361904144287 -1.2988879680633545
vt -5.978900909423828 -2.5583109855651855
vt -6.076554775238037 -1.3321839570999146
vt -5.978900909423828 -2.5583109855651855
vt -5.710422992706299 -2.619002103805542
vt -5.710422992706299 -2.619002103805542
vt -5.978900909423828 -2.5583109855651855
vt -5.42786979675293 -3.740000009536743
vt -5.710422992706299 -2.619002103805542
vt -5.42786979675293 -3.740000009536743
vt -5.114074230194092 -3.8166329860687256
vt -5.114074230194092 -3.8166329860687256
vt -5.42786979675293 -3.740000009536743
vt -4.680012226104736 -4.808051109313965
vt -5.114074230194092 -3.8166329860687256
vt -4.680012226104736 -4.808051109313965
vt -4.307815074920654 -4.884294033050537
vt -4.307815074920654 -4.884294033050537
vt -4.680012226104736 -4.808051109313965
vt -3.7580509185791016 -5.730011940002441
vt -4.307815074920654 -4.884294033050537
vt -3.7580509185791016 -5.730011940002441
vt -3.319101095199585 -5.785624980926514
vt -3.319101095199585 -5.785624980926514
vt -3.7580509185791016 -5.730011940002441
vt -2.690000057220459 -6.477869987487793
vt -3.319101095199585 -5.785624980926514
vt -2.690000057220459 -6.477869987487793
vt -2.181602954864502 -6.489933967590332
vt -2.181602954864502 -6.489933967590332
vt -2.690000057220459 -6.477869987487793
vt -1.5083110332489014 -7.028901100158691
vt -2.181602954864502 -6.489933967590332
vt -1.5083110332489014 -7.028901100158691
vt -0.9340569972991943 -6.973236083984375
vt -0.9340569972991943 -6.973236083984375
vt -1.5083110332489014 -7.028901100158691
vt -0.24888800084590912 -7.36636209487915
vt -0.9340569972991943 -6.973236083984375
vt -0.24888800084590912 -7.36636209487915
vt 0.38105401396751404 -7.2190728187561035
vt 0.38105401396751404 -7.2190728187561035
vt -0.24888800084590912 -7.36636209487915
vt 1.0499999523162842 -7.480000019073486
vt 0.38105401396751404 -7.2190728187561035
vt 1.0499999523162842 -7.480000019073486
vt 1.7189459800720215 -7.2190728187561035
vt 1.7189459800720215 -7.2190728187561035
vt 1.0499999523162842 -7.480000019073486
vt 2.3488879203796387 -7.36636209487915
vt 1.7189459800720215 -7.2190728187561035
vt 2.3488879203796387 -7.36636209487915
vt 3.0340569019317627 -6.973236083984375
vt 3.0340569019317627 -6.973236083984375
vt 2.3488879203796387 -7.36636209487915
vt 3.6083109378814697 -7.028901100158691
vt 3.0340569019317627 -6.973236083984375
vt 3.6083109378814697 -7.028901100158691
vt 4.28160285949707 -6.489933967590332
vt 4.28160285949707 -6.489933967590332
vt 3.6083109378814697 -7.028901100158691
vt 4.789999961853027 -6.477869987487793
vt 4.28160285949707 -6.489933967590332
vt 4.789999961853027 -6.477869987487793
vt 5.419101238250732 -5.785624980926514
vt 5.419101238250732 -5.785624980926514
vt 4.789999961853027 -6.477869987487793
vt 5.85805082321167 -5.730011940002441
vt 5.419101238250732 -5.785624980926514
vt 5.85805082321167 -5.730011940002441
vt 6.407814979553223 -4.884294033050537
vt 6.407814979553223 -4.884294033050537
vt 5.85805082321167 -5.730011940002441
vt 6.780013084411621 -4.808051109313965
vt 6.407814979553223 -4.884294033050537
vt 6.780013084411621 -4.808051109313965
vt 7.21407413482666 -3.8166329860687256
vt 7.21407413482666 -3.8166329860687256
vt 6.780013084411621 -4.808051109313965
vt 7.527870178222656 -3.740000009536743
vt 7.21407413482666 -3.8166329860687256
vt 7.527870178222656 -3.740000009536743
vt 7.810423851013184 -2.619002103805542
vt 7.810423851013184 -2.619002103805542
vt 7.527870178222656 -3.740000009536743
vt 8.078900337219238 -2.5583109855651855
vt 7.810423851013184 -2.619002103805542
vt 8.078900337219238 -2.5583109855651855
vt 8.176554679870605 -1.3321839570999146
vt 8.176554679870605 -1.3321839570999146
vt 8.078900337219238 -2.5583109855651855
vt 8.416361808776855 -1.2988879680633545
vt 8.176554679870605 -1.3321839570999146
vt 8.416361808776855 -1.2988879680633545
vt 8.300000190734863 0
vt -22.162233352661133 -23.499113082885742
vt -22.19268226623535 -22.193607330322266
vt -26.772321701049805 -23.499113082885742
vt -26.772321701049805 -23.499113082885742
vt -22.19268226623535 -22.193607330322266
vt -26.772321701049805 -22.193607330322266
vt -26.772321701049805 -22.193607330322266
vt -22.19268226623535 -22.193607330322266
vt -22.283105850219727 -20.888099670410156
vt -26.772321701049805 -22.193607330322266
vt -22.283105850219727 -20.888099670410156
vt -26.772321701049805 -20.888099670410156
vt -26.772321701049805 -20.888099670410156
vt -22.283105850219727 -20.888099670410156
vt -22.430753707885742 -19.58259391784668
vt -26.772321701049805 -20.888099670410156
vt -22.430753707885742 -19.58259391784668
vt -26.772321701049805 -19.58259391784668
vt -26.772321701049805 -19.58259391784668
vt -22.430753707885742 -19.58259391784668
vt -22.631141662597656 -18.277088165283203
vt -26.772321701049805 -19.58259391784668
vt -22.631141662597656 -18.277088165283203
vt -26.772321701049805 -18.277088165283203
vt -26.772321701049805 -18.277088165283203
vt -22.631141662597656 -18.277088165283203
vt -22.8781795501709 -16.971582412719727
vt -26.772321701049805 -18.277088165283203
vt -22.8781795501709 -16.971582412719727
vt -26.772321701049805 -16.971582412719727
vt -26.772321701049805 -16.971582412719727
vt -22.8781795501709 -16.971582412719727
vt -23.164363861083984 -15.666075706481934
vt -26.772321701049805 -16.971582412719727
vt -23.164363861083984 -15.666075706481934
vt -26.772321701049805 -15.666075706481934
vt -26.772321701049805 -15.666075706481934
vt -23.164363861083984 -15.666075706481934
vt -23.480995178222656 -14.36056900024414
vt -26.772321701049805 -15.666075706481934
vt -23.480995178222656 -14.36056900024414
vt -26.772321701049805 -14.36056900024414
vt -26.772321701049805 -14.36056900024414
vt -23.480995178222656 -14.36056900024414
vt -23.818456649780273 -13.055063247680664
vt -26.772321701049805 -14.36056900024414
vt -23.818456649780273 -13.055063247680664
vt -26.772321701049805 -13.055063247680664
vt -26.772321701049805 -13.055063247680664
vt -23.818456649780273 -13.055063247680664
vt -24.166492462158203 -11.749556541442871
vt -26.772321701049805 -13.055063247680664
vt -24.166492462158203 -11.749556541442871
vt -26.772321701049805 -11.749556541442871
vt -26.772321701049805 -11.749556541442871
vt -24.166492462158203 -11.749556541442871
vt -24.514530181884766 -10.444049835205078
vt -26.772321701049805 -11.749556541442871
vt -24.514530181884766 -10.444049835205078
vt -26.772321701049805 -10.444049835205078
vt -26.772321701049805 -10.444049835205078
vt -24.514530181884766 -10.444049835205078
vt -24.85198974609375 -9.138544082641602
vt -26.772321701049805 -10.444049835205078
vt -24.85198974609375 -9.138544082641602
vt -26.772321701049805 -9.138544082641602
vt -26.772321701049805 -9.138544082641602
vt -24.85198974609375 -9.138544082641602
vt -25.168622970581055 -7.833037853240967
vt -26.772321701049805 -9.138544082641602
vt -25.168622970581055 -7.833037853240967
vt -26.772321701049805 -7.833037853240967
vt -26.772321701049805 -7.833037853240967
vt -25.168622970581055 -7.833037853240967
vt -25.45480728149414 -6.52753210067749
vt -26.772321701049805 -7.833037853240967
vt -25.45480728149414 -6.52753210067749
vt -26.772321701049805 -6.52753210067749
vt -26.772321701049805 -6.52753210067749
vt -25.45480728149414 -6.52753210067749
vt -25.701845169067383 -5.222024917602539
vt -26.772321701049805 -6.52753210067749
vt -25.701845169067383 -5.222024917602539
vt -26.772321701049805 -5.222024917602539
vt -26.772321701049805 -5.222024917602539
vt -25.701845169067383 -5.222024917602539
vt -25.902233123779297 -3.9165189266204834
vt -26.772321701049805 -5.222024917602539
vt -25.902233123779297 -3.9165189266204834
vt -26.772321701049805 -3.9165189266204834
vt -26.772321701049805 -3.9165189266204834
vt -25.902233123779297 -3.9165189266204834
vt -26.049880981445312 -2.6110119819641113
vt -26.772321701049805 -3.9165189266204834
vt -26.049880981445312 -2.6110119819641113
vt -26.772321701049805 -2.6110119819641113
vt -26.772321701049805 -2.6110119819641113
vt -26.049880981445312 -2.6110119819641113
vt -26.140304565429688 -1.3055059909820557
vt -26.772321701049805 -2.6110119819641113
vt -26.140304565429688 -1.3055059909820557
vt -26.772321701049805 -1.3055059909820557
vt -26.772321701049805 -1.3055059909820557
vt -26.140304565429688 -1.3055059909820557
vt -26.170753479003906 0
vt -26.772321701049805 -1.3055059909820557
vt -26.170753479003906 0
vt -26.772321701049805 0
vt 0 -6.980000019073486
vt 1.2825720310211182 -6.861152172088623
vt -1.2825720310211182 -6.861152172088623
vt -1.2825720310211182 -6.861152172088623
vt 1.2825720310211182 -6.861152172088623
vt -2.5214669704437256 -6.508656024932861
vt -2.5214669704437256 -6.508656024932861
vt 1.2825720310211182 -6.861152172088623
vt 2.5214669704437256 -6.508656024932861
vt -2.5214669704437256 -6.508656024932861
vt 2.5214669704437256 -6.508656024932861
vt -3.6744959354400635 -5.934514999389648
vt -3.6744959354400635 -5.934514999389648
vt 2.5214669704437256 -6.508656024932861
vt 3.6744959354400635 -5.934514999389648
vt -3.6744959354400635 -5.934514999389648
vt 3.6744959354400635 -5.934514999389648
vt -4.702394962310791 -5.1582818031311035
vt -4.702394962310791 -5.1582818031311035
vt 3.6744959354400635 -5.934514999389648
vt 4.702394962310791 -5.1582818031311035
vt -4.702394962310791 -5.1582818031311035
vt 4.702394962310791 -5.1582818031311035
vt -5.570159912109375 -4.206389904022217
vt -5.570159912109375 -4.206389904022217
vt 4.702394962310791 -5.1582818031311035
vt -6.248239994049072 -3.1112539768218994
vt -6.248239994049072 -3.1112539768218994
vt 4.702394962310791 -5.1582818031311035
vt -6.713542938232422 -1.9101680517196655
vt -6.713542938232422 -1.9101680517196655
vt 4.702394962310791 -5.1582818031311035
vt -6.950223922729492 -0.6440330147743225
vt -6.950223922729492 -0.6440330147743225
vt 4.702394962310791 -5.1582818031311035
vt -6.950223922729492 0.6440330147743225
vt -6.950223922729492 0.6440330147743225
vt 4.702394962310791 -5.1582818031311035
vt -6.713542938232422 1.9101680517196655
vt -6.713542938232422 1.9101680517196655
vt 4.702394962310791 -5.1582818031311035
vt -6.248239994049072 3.1112539768218994
vt -6.248239994049072 3.1112539768218994
vt 4.702394962310791 -5.1582818031311035
vt -5.570159912109375 4.206389904022217
vt -5.570159912109375 4.206389904022217
vt 4.702394962310791 -5.1582818031311035
vt -4.702394962310791 5.1582818031311035
vt -4.702394962310791 5.1582818031311035
vt 4.702394962310791 -5.1582818031311035
vt -3.6744959354400635 5.934514999389648
vt -3.6744959354400635 5.934514999389648
vt 4.702394962310791 -5.1582818031311035
vt 5.570159912109375 -4.206389904022217
vt -3.6744959354400635 5.934514999389648
vt 5.570159912109375 -4.206389904022217
vt -2.5214669704437256 6.508656024932861
vt -2.5214669704437256 6.508656024932861
vt 5.570159912109375 -4.206389904022217
vt -1.2825720310211182 6.861152172088623
vt -1.2825720310211182 6.861152172088623
vt 5.570159912109375 -4.206389904022217
vt 0 6.980000019073486
vt 0 6.980000019073486
vt 5.570159912109375 -4.206389904022217
vt 1.2825720310211182 6.861152172088623
vt 1.2825720310211182 6.861152172088623
vt 5.570159912109375 -4.206389904022217
vt 2.5214669704437256 6.508656024932861
vt 2.5214669704437256 6.508656024932861
vt 5.570159912109375 -4.206389904022217
vt 3.6744959354400635 5.934514999389648
vt 3.6744959354400635 5.934514999389648
vt 5.570159912109375 -4.206389904022217
vt 4.702394962310791 5.1582818031311035
vt 4.702394962310791 5.1582818031311035
vt 5.570159912109375 -4.206389904022217
vt 5.570159912109375 4.206389904022217
vt 5.570159912109375 4.206389904022217
vt 5.570159912109375 -4.206389904022217
vt 6.248239994049072 -3.1112539768218994
vt 5.570159912109375 4.206389904022217
vt 6.248239994049072 -3.1112539768218994
vt 6.248239994049072 3.1112539768218994
vt 6.248239994049072 3.1112539768218994
vt 6.248239994049072 -3.1112539768218994
vt 6.713542938232422 -1.9101680517196655
vt 6.248239994049072 3.1112539768218994
vt 6.713542938232422 -1.9101680517196655
vt 6.713542938232422 1.9101680517196655
vt 6.713542938232422 1.9101680517196655
vt 6.713542938232422 -1.9101680517196655
vt 6.950223922729492 -0.6440330147743225
vt 6.713542938232422 1.9101680517196655
vt 6.950223922729492 -0.6440330147743225
vt 6.950223922729492 0.6440330147743225
vt -0.785398006439209 -21.683799743652344
vt -0.785398006439209 -23.039037704467773
vt -0.6981319785118103 -21.72252082824707
vt -0.6981319785118103 -21.72252082824707
vt -0.785398006439209 -23.039037704467773
vt -0.6283190250396729 -23.039037704467773
vt -0.6981319785118103 -21.72252082824707
vt -0.6283190250396729 -23.039037704467773
vt -0.5235990285873413 -21.72252082824707
vt -0.5235990285873413 -21.72252082824707
vt -0.6283190250396729 -23.039037704467773
vt -0.47123900055885315 -23.039037704467773
vt -0.5235990285873413 -21.72252082824707
vt -0.47123900055885315 -23.039037704467773
vt -0.34906598925590515 -21.72252082824707
vt -0.34906598925590515 -21.72252082824707
vt -0.47123900055885315 -23.039037704467773
vt -0.31415900588035583 -23.039037704467773
vt -0.34906598925590515 -21.72252082824707
vt -0.31415900588035583 -23.039037704467773
vt -0.17453299462795258 -21.72252082824707
vt -0.17453299462795258 -21.72252082824707
vt -0.31415900588035583 -23.039037704467773
vt -0.15707999467849731 -23.039037704467773
vt -0.17453299462795258 -21.72252082824707
vt -0.15707999467849731 -23.039037704467773
vt 0 -21.759090423583984
vt 0 -21.759090423583984
vt -0.15707999467849731 -23.039037704467773
vt 0 -23.039037704467773
vt 0 -21.759090423583984
vt 0 -20.479145050048828
vt -0.17453299462795258 -21.72252082824707
vt -0.17453299462795258 -21.72252082824707
vt 0 -20.479145050048828
vt -0.17453299462795258 -20.406003952026367
vt -0.17453299462795258 -21.72252082824707
vt -0.17453299462795258 -20.406003952026367
vt -0.34906598925590515 -20.406003952026367
vt -0.34906598925590515 -20.406003952026367
vt -0.17453299462795258 -20.406003952026367
vt -0.34906598925590515 -19.089488983154297
vt -0.34906598925590515 -20.406003952026367
vt -0.34906598925590515 -19.089488983154297
vt -0.5235990285873413 -19.089488983154297
vt -0.5235990285873413 -19.089488983154297
vt -0.34906598925590515 -19.089488983154297
vt -0.5235990285873413 -17.772972106933594
vt -0.5235990285873413 -19.089488983154297
vt -0.5235990285873413 -17.772972106933594
vt -0.6981319785118103 -17.772972106933594
vt -0.6981319785118103 -17.772972106933594
vt -0.5235990285873413 -17.772972106933594
vt -0.6981319785118103 -16.45645523071289
vt -0.6981319785118103 -17.772972106933594
vt -0.6981319785118103 -16.45645523071289
vt -0.785398006439209 -17.618087768554688
vt -0.785398006439209 -17.618087768554688
vt -0.6981319785118103 -16.45645523071289
vt -0.785398006439209 -16.262849807739258
vt -0.785398006439209 -16.262849807739258
vt -0.6981319785118103 -16.45645523071289
vt -0.6981319785118103 -15.139939308166504
vt -0.785398006439209 -16.262849807739258
vt -0.6981319785118103 -15.139939308166504
vt -0.785398006439209 -14.907612800598145
vt -0.785398006439209 -14.907612800598145
vt -0.6981319785118103 -15.139939308166504
vt -0.6981319785118103 -13.8234224319458
vt -0.785398006439209 -14.907612800598145
vt -0.6981319785118103 -13.8234224319458
vt -0.785398006439209 -13.552374839782715
vt -0.785398006439209 -13.552374839782715
vt -0.6981319785118103 -13.8234224319458
vt -0.6981319785118103 -12.50690746307373
vt -0.785398006439209 -13.552374839782715
vt -0.6981319785118103 -12.50690746307373
vt -0.785398006439209 -12.197137832641602
vt -0.785398006439209 -12.197137832641602
vt -0.6981319785118103 -12.50690746307373
vt -0.6981319785118103 -11.190389633178711
vt -0.785398006439209 -12.197137832641602
vt -0.6981319785118103 -11.190389633178711
vt -0.785398006439209 -10.841899871826172
vt -0.785398006439209 -10.841899871826172
vt -0.6981319785118103 -11.190389633178711
vt -0.6981319785118103 -9.873872756958008
vt -0.785398006439209 -10.841899871826172
vt -0.6981319785118103 -9.873872756958008
vt -0.785398006439209 -9.486662864685059
vt -0.785398006439209 -9.486662864685059
vt -0.6981319785118103 -9.873872756958008
vt -0.6981319785118103 -8.557356834411621
vt -0.785398006439209 -9.486662864685059
vt -0.6981319785118103 -8.557356834411621
vt -0.785398006439209 -8.131424903869629
vt -0.785398006439209 -8.131424903869629
vt -0.6981319785118103 -8.557356834411621
vt -0.6981319785118103 -7.240839958190918
vt -0.785398006439209 -8.131424903869629
vt -0.6981319785118103 -7.240839958190918
vt -0.785398006439209 -6.776186943054199
vt -0.785398006439209 -6.776186943054199
vt -0.6981319785118103 -7.240839958190918
vt -0.6981319785118103 -5.924324035644531
vt -0.785398006439209 -6.776186943054199
vt -0.6981319785118103 -5.924324035644531
vt -0.785398006439209 -5.420949935913086
vt -0.785398006439209 -5.420949935913086
vt -0.6981319785118103 -5.924324035644531
vt -0.6981319785118103 -4.6078081130981445
vt -0.785398006439209 -5.420949935913086
vt -0.6981319785118103 -4.6078081130981445
vt -0.785398006439209 -4.065711975097656
vt -0.785398006439209 -4.065711975097656
vt -0.6981319785118103 -4.6078081130981445
vt -0.6981319785118103 -3.2912909984588623
vt -0.785398006439209 -4.065711975097656
vt -0.6981319785118103 -3.2912909984588623
vt -0.785398006439209 -2.710474967956543
vt -0.785398006439209 -2.710474967956543
vt -0.6981319785118103 -3.2912909984588623
vt -0.6981319785118103 -1.974774956703186
vt -0.785398006439209 -2.710474967956543
vt -0.6981319785118103 -1.974774956703186
vt -0.785398006439209 -1.3552370071411133
vt -0.785398006439209 -1.3552370071411133
vt -0.6981319785118103 -1.974774956703186
vt -0.6981319785118103 -0.6582580208778381
vt -0.785398006439209 -1.3552370071411133
vt -0.6981319785118103 -0.6582580208778381
vt -0.785398006439209 0
vt -0.785398006439209 0
vt -0.6981319785118103 -0.6582580208778381
vt -0.6283190250396729 0
vt -0.6283190250396729 0
vt -0.6981319785118103 -0.6582580208778381
vt -0.5235990285873413 -0.6582580208778381
vt -0.6283190250396729 0
vt -0.5235990285873413 -0.6582580208778381
vt -0.47123900055885315 0
vt -0.47123900055885315 0
vt -0.5235990285873413 -0.6582580208778381
vt -0.34906598925590515 -0.6582580208778381
vt -0.47123900055885315 0
vt -0.34906598925590515 -0.6582580208778381
vt -0.31415900588035583 0
vt -0.31415900588035583 0
vt -0.34906598925590515 -0.6582580208778381
vt -0.17453299462795258 -0.6582580208778381
vt -0.31415900588035583 0
vt -0.17453299462795258 -0.6582580208778381
vt -0.15707999467849731 0
vt -0.15707999467849731 0
vt -0.17453299462795258 -0.6582580208778381
vt 0 0
vt 0 0
vt -0.17453299462795258 -0.6582580208778381
vt 0 -1.27994704246521
vt 0 -1.27994704246521
vt -0.17453299462795258 -0.6582580208778381
vt -0.17453299462795258 -1.974774956703186
vt 0 -1.27994704246521
vt -0.17453299462795258 -1.974774956703186
vt 0 -2.5598928928375244
vt 0 -2.5598928928375244
vt -0.17453299462795258 -1.974774956703186
vt -0.17453299462795258 -3.2912909984588623
vt 0 -2.5598928928375244
vt -0.17453299462795258 -3.2912909984588623
vt 0 -3.839838981628418
vt 0 -3.839838981628418
vt -0.17453299462795258 -3.2912909984588623
vt -0.17453299462795258 -4.6078081130981445
vt 0 -3.839838981628418
vt -0.17453299462795258 -4.6078081130981445
vt 0 -5.119785785675049
vt 0 -5.119785785675049
vt -0.17453299462795258 -4.6078081130981445
vt -0.17453299462795258 -5.924324035644531
vt 0 -5.119785785675049
vt -0.17453299462795258 -5.924324035644531
vt 0 -6.399733066558838
vt 0 -6.399733066558838
vt -0.17453299462795258 -5.924324035644531
vt -0.17453299462795258 -7.240839958190918
vt 0 -6.399733066558838
vt -0.17453299462795258 -7.240839958190918
vt 0 -7.679678916931152
vt 0 -7.679678916931152
vt -0.17453299462795258 -7.240839958190918
vt -0.17453299462795258 -8.557356834411621
vt 0 -7.679678916931152
vt -0.17453299462795258 -8.557356834411621
vt 0 -8.959625244140625
vt 0 -8.959625244140625
vt -0.17453299462795258 -8.557356834411621
vt -0.17453299462795258 -9.873872756958008
vt 0 -8.959625244140625
vt -0.17453299462795258 -9.873872756958008
vt 0 -10.239572525024414
vt 0 -10.239572525024414
vt -0.17453299462795258 -9.873872756958008
vt -0.17453299462795258 -11.190389633178711
vt 0 -10.239572525024414
vt -0.17453299462795258 -11.190389633178711
vt 0 -11.519518852233887
vt 0 -11.519518852233887
vt -0.17453299462795258 -11.190389633178711
vt -0.17453299462795258 -12.50690746307373
vt 0 -11.519518852233887
vt -0.17453299462795258 -12.50690746307373
vt 0 -12.79946517944336
vt 0 -12.79946517944336
vt -0.17453299462795258 -12.50690746307373
vt -0.17453299462795258 -13.8234224319458
vt 0 -12.79946517944336
vt -0.17453299462795258 -13.8234224319458
vt 0 -14.079412460327148
vt 0 -14.079412460327148
vt -0.17453299462795258 -13.8234224319458
vt -0.17453299462795258 -15.139939308166504
vt 0 -14.079412460327148
vt -0.17453299462795258 -15.139939308166504
vt 0 -15.359357833862305
vt 0 -15.359357833862305
vt -0.17453299462795258 -15.139939308166504
vt -0.17453299462795258 -16.45645523071289
vt 0 -15.359357833862305
vt -0.17453299462795258 -16.45645523071289
vt 0 -16.639305114746094
vt 0 -16.639305114746094
vt -0.17453299462795258 -16.45645523071289
vt -0.17453299462795258 -17.772972106933594
vt 0 -16.639305114746094
vt -0.17453299462795258 -17.772972106933594
vt 0 -17.91925048828125
vt 0 -17.91925048828125
vt -0.17453299462795258 -17.772972106933594
vt -0.17453299462795258 -19.089488983154297
vt 0 -17.91925048828125
vt -0.17453299462795258 -19.089488983154297
vt 0 -19.19919776916504
vt 0 -19.19919776916504
vt -0.17453299462795258 -19.089488983154297
vt -0.17453299462795258 -20.406003952026367
vt 0 -19.19919776916504
vt -0.17453299462795258 -20.406003952026367
vt 0 -20.479145050048828
vt -0.785398006439209 -17.618087768554688
vt -0.785398006439209 -18.973325729370117
vt -0.6981319785118103 -17.772972106933594
vt -0.6981319785118103 -17.772972106933594
vt -0.785398006439209 -18.973325729370117
vt -0.6981319785118103 -19.089488983154297
vt -0.6981319785118103 -17.772972106933594
vt -0.6981319785118103 -19.089488983154297
vt -0.5235990285873413 -19.089488983154297
vt -0.5235990285873413 -19.089488983154297
vt -0.6981319785118103 -19.089488983154297
vt -0.5235990285873413 -20.406003952026367
vt -0.5235990285873413 -19.089488983154297
vt -0.5235990285873413 -20.406003952026367
vt -0.34906598925590515 -20.406003952026367
vt -0.34906598925590515 -20.406003952026367
vt -0.5235990285873413 -20.406003952026367
vt -0.34906598925590515 -21.72252082824707
vt -0.34906598925590515 -20.406003952026367
vt -0.34906598925590515 -21.72252082824707
vt -0.17453299462795258 -21.72252082824707
vt -0.785398006439209 -18.973325729370117
vt -0.785398006439209 -20.328561782836914
vt -0.6981319785118103 -19.089488983154297
vt -0.6981319785118103 -19.089488983154297
vt -0.785398006439209 -20.328561782836914
vt -0.6981319785118103 -20.406003952026367
vt -0.6981319785118103 -19.089488983154297
vt -0.6981319785118103 -20.406003952026367
vt -0.5235990285873413 -20.406003952026367
vt -0.5235990285873413 -20.406003952026367
vt -0.6981319785118103 -20.406003952026367
vt -0.5235990285873413 -21.72252082824707
vt -0.5235990285873413 -20.406003952026367
vt -0.5235990285873413 -21.72252082824707
vt -0.34906598925590515 -21.72252082824707
vt -0.785398006439209 -20.328561782836914
vt -0.785398006439209 -21.683799743652344
vt -0.6981319785118103 -20.406003952026367
vt -0.6981319785118103 -20.406003952026367
vt -0.785398006439209 -21.683799743652344
vt -0.6981319785118103 -21.72252082824707
vt -0.6981319785118103 -20.406003952026367
vt -0.6981319785118103 -21.72252082824707
vt -0.5235990285873413 -21.72252082824707
vt -0.17453299462795258 -20.406003952026367
vt -0.17453299462795258 -19.089488983154297
vt -0.34906598925590515 -19.089488983154297
vt -0.34906598925590515 -19.089488983154297
vt -0.17453299462795258 -19.089488983154297
vt -0.34906598925590515 -17.772972106933594
vt -0.34906598925590515 -19.089488983154297
vt -0.34906598925590515 -17.772972106933594
vt -0.5235990285873413 -17.772972106933594
vt -0.5235990285873413 -17.772972106933594
vt -0.34906598925590515 -17.772972106933594
vt -0.5235990285873413 -16.45645523071289
vt -0.5235990285873413 -17.772972106933594
vt -0.5235990285873413 -16.45645523071289
vt -0.6981319785118103 -16.45645523071289
vt -0.6981319785118103 -16.45645523071289
vt -0.5235990285873413 -16.45645523071289
vt -0.6981319785118103 -15.139939308166504
vt -0.17453299462795258 -19.089488983154297
vt -0.17453299462795258 -17.772972106933594
vt -0.34906598925590515 -17.772972106933594
vt -0.34906598925590515 -17.772972106933594
vt -0.17453299462795258 -17.772972106933594
vt -0.34906598925590515 -16.45645523071289
vt -0.34906598925590515 -17.772972106933594
vt -0.34906598925590515 -16.45645523071289
vt -0.5235990285873413 -16.45645523071289
vt -0.5235990285873413 -16.45645523071289
vt -0.34906598925590515 -16.45645523071289
vt -0.5235990285873413 -15.139939308166504
vt -0.5235990285873413 -16.45645523071289
vt -0.5235990285873413 -15.139939308166504
vt -0.6981319785118103 -15.139939308166504
vt -0.6981319785118103 -15.139939308166504
vt -0.5235990285873413 -15.139939308166504
vt -0.6981319785118103 -13.8234224319458
vt -0.17453299462795258 -17.772972106933594
vt -0.17453299462795258 -16.45645523071289
vt -0.34906598925590515 -16.45645523071289
vt -0.34906598925590515 -16.45645523071289
vt -0.17453299462795258 -16.45645523071289
vt -0.34906598925590515 -15.139939308166504
vt -0.34906598925590515 -16.45645523071289
vt -0.34906598925590515 -15.139939308166504
vt -0.5235990285873413 -15.139939308166504
vt -0.5235990285873413 -15.139939308166504
vt -0.34906598925590515 -15.139939308166504
vt -0.5235990285873413 -13.8234224319458
vt -0.5235990285873413 -15.139939308166504
vt -0.5235990285873413 -13.8234224319458
vt -0.6981319785118103 -13.8234224319458
vt -0.6981319785118103 -13.8234224319458
vt -0.5235990285873413 -13.8234224319458
vt -0.6981319785118103 -12.50690746307373
vt -0.17453299462795258 -16.45645523071289
vt -0.17453299462795258 -15.139939308166504
vt -0.34906598925590515 -15.139939308166504
vt -0.34906598925590515 -15.139939308166504
vt -0.17453299462795258 -15.139939308166504
vt -0.34906598925590515 -13.8234224319458
vt -0.34906598925590515 -15.139939308166504
vt -0.34906598925590515 -13.8234224319458
vt -0.5235990285873413 -13.8234224319458
vt -0.5235990285873413 -13.8234224319458
vt -0.34906598925590515 -13.8234224319458
vt -0.5235990285873413 -12.50690746307373
vt -0.5235990285873413 -13.8234224319458
vt -0.5235990285873413 -12.50690746307373
vt -0.6981319785118103 -12.50690746307373
vt -0.6981319785118103 -12.50690746307373
vt -0.5235990285873413 -12.50690746307373
vt -0.6981319785118103 -11.190389633178711
vt -0.17453299462795258 -15.139939308166504
vt -0.17453299462795258 -13.8234224319458
vt -0.34906598925590515 -13.8234224319458
vt -0.34906598925590515 -13.8234224319458
vt -0.17453299462795258 -13.8234224319458
vt -0.34906598925590515 -12.50690746307373
vt -0.34906598925590515 -13.8234224319458
vt -0.34906598925590515 -12.50690746307373
vt -0.5235990285873413 -12.50690746307373
vt -0.5235990285873413 -12.50690746307373
vt -0.34906598925590515 -12.50690746307373
vt -0.5235990285873413 -11.190389633178711
vt -0.5235990285873413 -12.50690746307373
vt -0.5235990285873413 -11.190389633178711
vt -0.6981319785118103 -11.190389633178711
vt -0.6981319785118103 -11.190389633178711
vt -0.5235990285873413 -11.190389633178711
vt -0.6981319785118103 -9.873872756958008
vt -0.17453299462795258 -13.8234224319458
vt -0.17453299462795258 -12.50690746307373
vt -0.34906598925590515 -12.50690746307373
vt -0.34906598925590515 -12.50690746307373
vt -0.17453299462795258 -12.50690746307373
vt -0.34906598925590515 -11.190389633178711
vt -0.34906598925590515 -12.50690746307373
vt -0.34906598925590515 -11.190389633178711
vt -0.5235990285873413 -11.190389633178711
vt -0.5235990285873413 -11.190389633178711
vt -0.34906598925590515 -11.190389633178711
vt -0.5235990285873413 -9.873872756958008
vt -0.5235990285873413 -11.190389633178711
vt -0.5235990285873413 -9.873872756958008
vt -0.6981319785118103 -9.873872756958008
vt -0.6981319785118103 -9.873872756958008
vt -0.5235990285873413 -9.873872756958008
vt -0.6981319785118103 -8.557356834411621
vt -0.17453299462795258 -12.50690746307373
vt -0.17453299462795258 -11.190389633178711
vt -0.34906598925590515 -11.190389633178711
vt -0.34906598925590515 -11.190389633178711
vt -0.17453299462795258 -11.190389633178711
vt -0.34906598925590515 -9.873872756958008
vt -0.34906598925590515 -11.190389633178711
vt -0.34906598925590515 -9.873872756958008
vt -0.5235990285873413 -9.873872756958008
vt -0.5235990285873413 -9.873872756958008
vt -0.34906598925590515 -9.873872756958008
vt -0.5235990285873413 -8.557356834411621
vt -0.5235990285873413 -9.873872756958008
vt -0.5235990285873413 -8.557356834411621
vt -0.6981319785118103 -8.557356834411621
vt -0.6981319785118103 -8.557356834411621
vt -0.5235990285873413 -8.557356834411621
vt -0.6981319785118103 -7.240839958190918
vt -0.17453299462795258 -11.190389633178711
vt -0.17453299462795258 -9.873872756958008
vt -0.34906598925590515 -9.873872756958008
vt -0.34906598925590515 -9.873872756958008
vt -0.17453299462795258 -9.873872756958008
vt -0.34906598925590515 -8.557356834411621
vt -0.34906598925590515 -9.873872756958008
vt -0.34906598925590515 -8.557356834411621
vt -0.5235990285873413 -8.557356834411621
vt -0.5235990285873413 -8.557356834411621
vt -0.34906598925590515 -8.557356834411621
vt -0.5235990285873413 -7.240839958190918
vt -0.5235990285873413 -8.557356834411621
vt -0.5235990285873413 -7.240839958190918
vt -0.6981319785118103 -7.240839958190918
vt -0.6981319785118103 -7.240839958190918
vt -0.5235990285873413 -7.240839958190918
vt -0.6981319785118103 -5.924324035644531
vt -0.17453299462795258 -9.873872756958008
vt -0.17453299462795258 -8.557356834411621
vt -0.34906598925590515 -8.557356834411621
vt -0.34906598925590515 -8.557356834411621
vt -0.17453299462795258 -8.557356834411621
vt -0.34906598925590515 -7.240839958190918
vt -0.34906598925590515 -8.557356834411621
vt -0.34906598925590515 -7.240839958190918
vt -0.5235990285873413 -7.240839958190918
vt -0.5235990285873413 -7.240839958190918
vt -0.34906598925590515 -7.240839958190918
vt -0.5235990285873413 -5.924324035644531
vt -0.5235990285873413 -7.240839958190918
vt -0.5235990285873413 -5.924324035644531
vt -0.6981319785118103 -5.924324035644531
vt -0.6981319785118103 -5.924324035644531
vt -0.5235990285873413 -5.924324035644531
vt -0.6981319785118103 -4.6078081130981445
vt -0.17453299462795258 -8.557356834411621
vt -0.17453299462795258 -7.240839958190918
vt -0.34906598925590515 -7.240839958190918
vt -0.34906598925590515 -7.240839958190918
vt -0.17453299462795258 -7.240839958190918
vt -0.34906598925590515 -5.924324035644531
vt -0.34906598925590515 -7.240839958190918
vt -0.34906598925590515 -5.924324035644531
vt -0.5235990285873413 -5.924324035644531
vt -0.5235990285873413 -5.924324035644531
vt -0.34906598925590515 -5.924324035644531
vt -0.5235990285873413 -4.6078081130981445
vt -0.5235990285873413 -5.924324035644531
vt -0.5235990285873413 -4.6078081130981445
vt -0.6981319785118103 -4.6078081130981445
vt -0.6981319785118103 -4.6078081130981445
vt -0.5235990285873413 -4.6078081130981445
vt -0.6981319785118103 -3.2912909984588623
vt -0.17453299462795258 -7.240839958190918
vt -0.17453299462795258 -5.924324035644531
vt -0.34906598925590515 -5.924324035644531
vt -0.34906598925590515 -5.924324035644531
vt -0.17453299462795258 -5.924324035644531
vt -0.34906598925590515 -4.6078081130981445
vt -0.34906598925590515 -5.924324035644531
vt -0.34906598925590515 -4.6078081130981445
vt -0.5235990285873413 -4.6078081130981445
vt -0.5235990285873413 -4.6078081130981445
vt -0.34906598925590515 -4.6078081130981445
vt -0.5235990285873413 -3.2912909984588623
vt -0.5235990285873413 -4.6078081130981445
vt -0.5235990285873413 -3.2912909984588623
vt -0.6981319785118103 -3.2912909984588623
vt -0.6981319785118103 -3.2912909984588623
vt -0.5235990285873413 -3.2912909984588623
vt -0.6981319785118103 -1.974774956703186
vt -0.17453299462795258 -5.924324035644531
vt -0.17453299462795258 -4.6078081130981445
vt -0.34906598925590515 -4.6078081130981445
vt -0.34906598925590515 -4.6078081130981445
vt -0.17453299462795258 -4.6078081130981445
vt -0.34906598925590515 -3.2912909984588623
vt -0.34906598925590515 -4.6078081130981445
vt -0.34906598925590515 -3.2912909984588623
vt -0.5235990285873413 -3.2912909984588623
vt -0.5235990285873413 -3.2912909984588623
vt -0.34906598925590515 -3.2912909984588623
vt -0.5235990285873413 -1.974774956703186
vt -0.5235990285873413 -3.2912909984588623
vt -0.5235990285873413 -1.974774956703186
vt -0.6981319785118103 -1.974774956703186
vt -0.6981319785118103 -1.974774956703186
vt -0.5235990285873413 -1.974774956703186
vt -0.6981319785118103 -0.6582580208778381
vt -0.17453299462795258 -4.6078081130981445
vt -0.17453299462795258 -3.2912909984588623
vt -0.34906598925590515 -3.2912909984588623
vt -0.34906598925590515 -3.2912909984588623
vt -0.17453299462795258 -3.2912909984588623
vt -0.34906598925590515 -1.974774956703186
vt -0.34906598925590515 -3.2912909984588623
vt -0.34906598925590515 -1.974774956703186
vt -0.5235990285873413 -1.974774956703186
vt -0.5235990285873413 -1.974774956703186
vt -0.34906598925590515 -1.974774956703186
vt -0.5235990285873413 -0.6582580208778381
vt -0.5235990285873413 -1.974774956703186
vt -0.5235990285873413 -0.6582580208778381
vt -0.6981319785118103 -0.6582580208778381
vt -0.17453299462795258 -3.2912909984588623
vt -0.17453299462795258 -1.974774956703186
vt -0.34906598925590515 -1.974774956703186
vt -0.34906598925590515 -1.974774956703186
vt -0.17453299462795258 -1.974774956703186
vt -0.34906598925590515 -0.6582580208778381
vt -0.34906598925590515 -1.974774956703186
vt -0.34906598925590515 -0.6582580208778381
vt -0.5235990285873413 -0.6582580208778381
vt -0.17453299462795258 -0.6582580208778381
vt -0.34906598925590515 -0.6582580208778381
vt -0.17453299462795258 -1.974774956703186
vt 30.106096267700195 0
vt 29.206096649169922 0
vt 30.106096267700195 -1.339797019958496
vt 30.106096267700195 -1.339797019958496
vt 29.206096649169922 0
vt 29.206096649169922 -1.339797019958496
vt 30.106096267700195 -1.339797019958496
vt 29.206096649169922 -1.339797019958496
vt 30.106096267700195 -2.679594039916992
vt 30.106096267700195 -2.679594039916992
vt 29.206096649169922 -1.339797019958496
vt 29.206096649169922 -2.679594039916992
vt 30.106096267700195 -2.679594039916992
vt 29.206096649169922 -2.679594039916992
vt 30.106096267700195 -4.019391059875488
vt 30.106096267700195 -4.019391059875488
vt 29.206096649169922 -2.679594039916992
vt 29.206096649169922 -4.019391059875488
vt 30.106096267700195 -4.019391059875488
vt 29.206096649169922 -4.019391059875488
vt 30.106096267700195 -5.359188079833984
vt 30.106096267700195 -5.359188079833984
vt 29.206096649169922 -4.019391059875488
vt 29.206096649169922 -5.359188079833984
vt 30.106096267700195 -5.359188079833984
vt 29.206096649169922 -5.359188079833984
vt 30.106096267700195 -6.698984146118164
vt 30.106096267700195 -6.698984146118164
vt 29.206096649169922 -5.359188079833984
vt 29.206096649169922 -6.698984146118164
vt 30.106096267700195 -6.698984146118164
vt 29.206096649169922 -6.698984146118164
vt 30.106096267700195 -8.03878116607666
vt 30.106096267700195 -8.03878116607666
vt 29.206096649169922 -6.698984146118164
vt 29.206096649169922 -8.03878116607666
vt 30.106096267700195 -8.03878116607666
vt 29.206096649169922 -8.03878116607666
vt 30.106096267700195 -9.378578186035156
vt 30.106096267700195 -9.378578186035156
vt 29.206096649169922 -8.03878116607666
vt 29.206096649169922 -9.378578186035156
vt 30.106096267700195 -9.378578186035156
vt 29.206096649169922 -9.378578186035156
vt 30.106096267700195 -10.718375205993652
vt 30.106096267700195 -10.718375205993652
vt 29.206096649169922 -9.378578186035156
vt 29.206096649169922 -10.718375205993652
vt 30.106096267700195 -10.718375205993652
vt 29.206096649169922 -10.718375205993652
vt 30.106096267700195 -12.058172225952148
vt 30.106096267700195 -12.058172225952148
vt 29.206096649169922 -10.718375205993652
vt 29.206096649169922 -12.058172225952148
vt 30.106096267700195 -12.058172225952148
vt 29.206096649169922 -12.058172225952148
vt 30.106096267700195 -13.397968292236328
vt 30.106096267700195 -13.397968292236328
vt 29.206096649169922 -12.058172225952148
vt 29.206096649169922 -13.397968292236328
vt 30.106096267700195 -13.397968292236328
vt 29.206096649169922 -13.397968292236328
vt 30.106096267700195 -14.737765312194824
vt 30.106096267700195 -14.737765312194824
vt 29.206096649169922 -13.397968292236328
vt 29.206096649169922 -14.737765312194824
vt 30.106096267700195 -14.737765312194824
vt 29.206096649169922 -14.737765312194824
vt 30.106096267700195 -16.07756233215332
vt 30.106096267700195 -16.07756233215332
vt 29.206096649169922 -14.737765312194824
vt 29.206096649169922 -16.07756233215332
vt 30.106096267700195 -16.07756233215332
vt 29.206096649169922 -16.07756233215332
vt 30.106096267700195 -17.4173583984375
vt 30.106096267700195 -17.4173583984375
vt 29.206096649169922 -16.07756233215332
vt 29.206096649169922 -17.4173583984375
vt 30.106096267700195 -17.4173583984375
vt 29.206096649169922 -17.4173583984375
vt 30.106096267700195 -18.757156372070312
vt 30.106096267700195 -18.757156372070312
vt 29.206096649169922 -17.4173583984375
vt 29.206096649169922 -18.757156372070312
vt 30.106096267700195 -18.757156372070312
vt 29.206096649169922 -18.757156372070312
vt 30.106096267700195 -20.096952438354492
vt 30.106096267700195 -20.096952438354492
vt 29.206096649169922 -18.757156372070312
vt 29.206096649169922 -20.096952438354492
vt 30.106096267700195 -20.096952438354492
vt 29.206096649169922 -20.096952438354492
vt 30.106096267700195 -21.436750411987305
vt 30.106096267700195 -21.436750411987305
vt 29.206096649169922 -20.096952438354492
vt 29.206096649169922 -21.436750411987305
vt 30.106096267700195 -21.436750411987305
vt 29.206096649169922 -21.436750411987305
vt 30.106096267700195 -22.776546478271484
vt 30.106096267700195 -22.776546478271484
vt 29.206096649169922 -21.436750411987305
vt 29.206096649169922 -22.776546478271484
vt -9.600000381469727 0
vt 0 0
vt -8.86487102508545 0.7363110184669495
vt -8.86487102508545 0.7363110184669495
vt 0 0
vt 0 1.3089970350265503
vt -8.86487102508545 0.7363110184669495
vt 0 1.3089970350265503
vt -8.136822700500488 1.472622036933899
vt -8.136822700500488 1.472622036933899
vt 0 1.3089970350265503
vt -7.42286491394043 2.2089319229125977
vt -7.42286491394043 2.2089319229125977
vt 0 1.3089970350265503
vt 0 2.6179940700531006
vt -7.42286491394043 2.2089319229125977
vt 0 2.6179940700531006
vt -6.729874134063721 2.9452428817749023
vt -6.729874134063721 2.9452428817749023
vt 0 2.6179940700531006
vt 0 3.9269909858703613
vt -6.729874134063721 2.9452428817749023
vt 0 3.9269909858703613
vt -6.064525127410889 3.681554079055786
vt -6.064525127410889 3.681554079055786
vt 0 3.9269909858703613
vt -5.433222770690918 4.417864799499512
vt -5.433222770690918 4.417864799499512
vt 0 3.9269909858703613
vt 0 5.235988140106201
vt -5.433222770690918 4.417864799499512
vt 0 5.235988140106201
vt -4.842051029205322 5.1541748046875
vt -4.842051029205322 5.1541748046875
vt 0 5.235988140106201
vt -4.296699047088623 5.890485763549805
vt -4.296699047088623 5.890485763549805
vt 0 5.235988140106201
vt 0 6.544984817504883
vt -4.296699047088623 5.890485763549805
vt 0 6.544984817504883
vt -3.802422046661377 6.626797199249268
vt -3.802422046661377 6.626797199249268
vt 0 6.544984817504883
vt -3.3639779090881348 7.363108158111572
vt -3.3639779090881348 7.363108158111572
vt 0 6.544984817504883
vt 0 7.853981018066406
vt -3.3639779090881348 7.363108158111572
vt 0 7.853981018066406
vt -2.9855899810791016 8.099418640136719
vt -2.9855899810791016 8.099418640136719
vt 0 7.853981018066406
vt -2.670902967453003 8.835729598999023
vt -2.670902967453003 8.835729598999023
vt 0 7.853981018066406
vt 0 9.162978172302246
vt -2.670902967453003 8.835729598999023
vt 0 9.162978172302246
vt -2.4229469299316406 9.572040557861328
vt -2.4229469299316406 9.572040557861328
vt 0 9.162978172302246
vt 0 10.471975326538086
vt -2.4229469299316406 9.572040557861328
vt 0 10.471975326538086
vt -2.244110107421875 10.308350563049316
vt -2.244110107421875 10.308350563049316
vt 0 10.471975326538086
vt -2.136115074157715 11.044662475585938
vt -2.136115074157715 11.044662475585938
vt 0 10.471975326538086
vt 0 11.78097152709961
vt -2.136115074157715 11.044662475585938
vt 0 11.78097152709961
vt -2.0999999046325684 11.78097152709961
vt -2.0999999046325684 11.78097152709961
vt 0 11.78097152709961
vt -2.136115074157715 12.51728343963623
vt -2.136115074157715 12.51728343963623
vt 0 11.78097152709961
vt 0 13.089969635009766
vt -2.136115074157715 12.51728343963623
vt 0 13.089969635009766
vt -2.244110107421875 13.253594398498535
vt -2.244110107421875 13.253594398498535
vt 0 13.089969635009766
vt -2.4229469299316406 13.989904403686523
vt -2.4229469299316406 13.989904403686523
vt 0 13.089969635009766
vt 0 14.398966789245605
vt -2.4229469299316406 13.989904403686523
vt 0 14.398966789245605
vt -2.670902967453003 14.726215362548828
vt -2.670902967453003 14.726215362548828
vt 0 14.398966789245605
vt 0 15.707962989807129
vt -2.670902967453003 14.726215362548828
vt 0 15.707962989807129
vt -2.9855899810791016 15.462526321411133
vt -2.9855899810791016 15.462526321411133
vt 0 15.707962989807129
vt -3.3639779090881348 16.198837280273438
vt -3.3639779090881348 16.198837280273438
vt 0 15.707962989807129
vt 0 17.01696014404297
vt -3.3639779090881348 16.198837280273438
vt 0 17.01696014404297
vt -3.802422046661377 16.935148239135742
vt -3.802422046661377 16.935148239135742
vt 0 17.01696014404297
vt -4.296699047088623 17.671459197998047
vt -4.296699047088623 17.671459197998047
vt 0 17.01696014404297
vt 0 18.325956344604492
vt -4.296699047088623 17.671459197998047
vt 0 18.325956344604492
vt -4.842051029205322 18.40777015686035
vt -4.842051029205322 18.40777015686035
vt 0 18.325956344604492
vt -5.433222770690918 19.144081115722656
vt -5.433222770690918 19.144081115722656
vt 0 18.325956344604492
vt 0 19.63495445251465
vt -5.433222770690918 19.144081115722656
vt 0 19.63495445251465
vt -6.064525127410889 19.880390167236328
vt -6.064525127410889 19.880390167236328
vt 0 19.63495445251465
vt -6.729874134063721 20.616701126098633
vt -6.729874134063721 20.616701126098633
vt 0 19.63495445251465
vt 0 20.943950653076172
vt -6.729874134063721 20.616701126098633
vt 0 20.943950653076172
vt -7.42286491394043 21.353012084960938
vt -7.42286491394043 21.353012084960938
vt 0 20.943950653076172
vt 0 22.252948760986328
vt -7.42286491394043 21.353012084960938
vt 0 22.252948760986328
vt -8.136822700500488 22.089323043823242
vt -8.136822700500488 22.089323043823242
vt 0 22.252948760986328
vt -8.86487102508545 22.825634002685547
vt -8.86487102508545 22.825634002685547
vt 0 22.252948760986328
vt 0 23.56194496154785
vt -8.86487102508545 22.825634002685547
vt 0 23.56194496154785
vt -9.600000381469727 23.56194496154785
vt -3.5 0
vt -1.399999976158142 0
vt -3.536113977432251 0.7363110184669495
vt -3.536113977432251 0.7363110184669495
vt -1.399999976158142 0
vt -1.399999976158142 1.3089970350265503
vt -3.536113977432251 0.7363110184669495
vt -1.399999976158142 1.3089970350265503
vt -3.6441099643707275 1.472622036933899
vt -3.6441099643707275 1.472622036933899
vt -1.399999976158142 1.3089970350265503
vt -3.8229479789733887 2.2089319229125977
vt -3.8229479789733887 2.2089319229125977
vt -1.399999976158142 1.3089970350265503
vt -1.399999976158142 2.6179940700531006
vt -3.8229479789733887 2.2089319229125977
vt -1.399999976158142 2.6179940700531006
vt -4.0709028244018555 2.9452428817749023
vt -4.0709028244018555 2.9452428817749023
vt -1.399999976158142 2.6179940700531006
vt -1.399999976158142 3.9269909858703613
vt -4.0709028244018555 2.9452428817749023
vt -1.399999976158142 3.9269909858703613
vt -4.38559103012085 3.681554079055786
vt -4.38559103012085 3.681554079055786
vt -1.399999976158142 3.9269909858703613
vt -4.763978004455566 4.417864799499512
vt -4.763978004455566 4.417864799499512
vt -1.399999976158142 3.9269909858703613
vt -1.399999976158142 5.235988140106201
vt -4.763978004455566 4.417864799499512
vt -1.399999976158142 5.235988140106201
vt -5.202422142028809 5.1541748046875
vt -5.202422142028809 5.1541748046875
vt -1.399999976158142 5.235988140106201
vt -5.696699142456055 5.890485763549805
vt -5.696699142456055 5.890485763549805
vt -1.399999976158142 5.235988140106201
vt -1.399999976158142 6.544984817504883
vt -5.696699142456055 5.890485763549805
vt -1.399999976158142 6.544984817504883
vt -6.2420501708984375 6.626797199249268
vt -6.2420501708984375 6.626797199249268
vt -1.399999976158142 6.544984817504883
vt -6.83322286605835 7.363108158111572
vt -6.83322286605835 7.363108158111572
vt -1.399999976158142 6.544984817504883
vt -1.399999976158142 7.853981018066406
vt -6.83322286605835 7.363108158111572
vt -1.399999976158142 7.853981018066406
vt -7.464523792266846 8.099418640136719
vt -7.464523792266846 8.099418640136719
vt -1.399999976158142 7.853981018066406
vt -1.399999976158142 9.162978172302246
vt -7.464523792266846 8.099418640136719
vt -1.399999976158142 9.162978172302246
vt -8.129874229431152 8.835729598999023
vt -8.129874229431152 8.835729598999023
vt -1.399999976158142 9.162978172302246
vt -8.822864532470703 9.572040557861328
vt -8.822864532470703 9.572040557861328
vt -1.399999976158142 9.162978172302246
vt -1.399999976158142 10.471975326538086
vt -8.822864532470703 9.572040557861328
vt -1.399999976158142 10.471975326538086
vt -9.536822319030762 10.308350563049316
vt -9.536822319030762 10.308350563049316
vt -1.399999976158142 10.471975326538086
vt -10.264871597290039 11.044662475585938
vt -10.264871597290039 11.044662475585938
vt -1.399999976158142 10.471975326538086
vt -1.399999976158142 11.78097152709961
vt -10.264871597290039 11.044662475585938
vt -1.399999976158142 11.78097152709961
vt -11 11.78097152709961
vt -11 11.78097152709961
vt -1.399999976158142 11.78097152709961
vt -1.399999976158142 13.089969635009766
vt -11 11.78097152709961
vt -1.399999976158142 13.089969635009766
vt -17.645204544067383 13.089969635009766
vt -17.645204544067383 13.089969635009766
vt -1.399999976158142 13.089969635009766
vt -17.306840896606445 14.398966789245605
vt -17.306840896606445 14.398966789245605
vt -1.399999976158142 13.089969635009766
vt -1.399999976158142 14.398966789245605
vt -17.306840896606445 14.398966789245605
vt -1.399999976158142 14.398966789245605
vt -16.989362716674805 15.707962989807129
vt -16.989362716674805 15.707962989807129
vt -1.399999976158142 14.398966789245605
vt -1.399999976158142 15.707962989807129
vt -16.989362716674805 15.707962989807129
vt -1.399999976158142 15.707962989807129
vt -16.70241355895996 17.01696014404297
vt -16.70241355895996 17.01696014404297
vt -1.399999976158142 15.707962989807129
vt -1.399999976158142 17.01696014404297
vt -16.70241355895996 17.01696014404297
vt -1.399999976158142 17.01696014404297
vt -16.454713821411133 18.325956344604492
vt -16.454713821411133 18.325956344604492
vt -1.399999976158142 17.01696014404297
vt -1.399999976158142 18.325956344604492
vt -16.454713821411133 18.325956344604492
vt -1.399999976158142 18.325956344604492
vt -16.2537899017334 19.63495445251465
vt -16.2537899017334 19.63495445251465
vt -1.399999976158142 18.325956344604492
vt -1.399999976158142 19.63495445251465
vt -16.2537899017334 19.63495445251465
vt -1.399999976158142 19.63495445251465
vt -16.10574722290039 20.943950653076172
vt -16.10574722290039 20.943950653076172
vt -1.399999976158142 19.63495445251465
vt -1.399999976158142 20.943950653076172
vt -16.10574722290039 20.943950653076172
vt -1.399999976158142 20.943950653076172
vt -16.01508331298828 22.252948760986328
vt -16.01508331298828 22.252948760986328
vt -1.399999976158142 20.943950653076172
vt -1.399999976158142 22.252948760986328
vt -16.01508331298828 22.252948760986328
vt -1.399999976158142 22.252948760986328
vt -15.984552383422852 23.56194496154785
vt -15.984552383422852 23.56194496154785
vt -1.399999976158142 22.252948760986328
vt -1.399999976158142 23.56194496154785
vt -17.645204544067383 13.089969635009766
vt -17.994171142578125 11.78097152709961
vt -11 11.78097152709961
vt -11 11.78097152709961
vt -17.994171142578125 11.78097152709961
vt -11.735128402709961 11.044662475585938
vt -11.735128402709961 11.044662475585938
vt -17.994171142578125 11.78097152709961
vt -18.343137741088867 10.471975326538086
vt -11.735128402709961 11.044662475585938
vt -18.343137741088867 10.471975326538086
vt -12.463177680969238 10.308350563049316
vt -12.463177680969238 10.308350563049316
vt -18.343137741088867 10.471975326538086
vt -13.177135467529297 9.572040557861328
vt -13.177135467529297 9.572040557861328
vt -18.343137741088867 10.471975326538086
vt -18.681501388549805 9.162978172302246
vt -13.177135467529297 9.572040557861328
vt -18.681501388549805 9.162978172302246
vt -13.870125770568848 8.835729598999023
vt -13.870125770568848 8.835729598999023
vt -18.681501388549805 9.162978172302246
vt -18.998981475830078 7.853981018066406
vt -13.870125770568848 8.835729598999023
vt -18.998981475830078 7.853981018066406
vt -14.535475730895996 8.099418640136719
vt -14.535475730895996 8.099418640136719
vt -18.998981475830078 7.853981018066406
vt -15.166776657104492 7.363108158111572
vt -15.166776657104492 7.363108158111572
vt -18.998981475830078 7.853981018066406
vt -19.28592872619629 6.544984817504883
vt -15.166776657104492 7.363108158111572
vt -19.28592872619629 6.544984817504883
vt -15.757949829101562 6.626797199249268
vt -15.757949829101562 6.626797199249268
vt -19.28592872619629 6.544984817504883
vt -16.303300857543945 5.890485763549805
vt -16.303300857543945 5.890485763549805
vt -19.28592872619629 6.544984817504883
vt -19.533628463745117 5.235988140106201
vt -16.303300857543945 5.890485763549805
vt -19.533628463745117 5.235988140106201
vt -16.797578811645508 5.1541748046875
vt -16.797578811645508 5.1541748046875
vt -19.533628463745117 5.235988140106201
vt -17.23602294921875 4.417864799499512
vt -17.23602294921875 4.417864799499512
vt -19.533628463745117 5.235988140106201
vt -19.73455238342285 3.9269909858703613
vt -17.23602294921875 4.417864799499512
vt -19.73455238342285 3.9269909858703613
vt -17.614410400390625 3.681554079055786
vt -17.614410400390625 3.681554079055786
vt -19.73455238342285 3.9269909858703613
vt -17.929096221923828 2.9452428817749023
vt -17.929096221923828 2.9452428817749023
vt -19.73455238342285 3.9269909858703613
vt -19.88259506225586 2.6179940700531006
vt -17.929096221923828 2.9452428817749023
vt -19.88259506225586 2.6179940700531006
vt -18.177053451538086 2.2089319229125977
vt -18.177053451538086 2.2089319229125977
vt -19.88259506225586 2.6179940700531006
vt -19.97325897216797 1.3089970350265503
vt -18.177053451538086 2.2089319229125977
vt -19.97325897216797 1.3089970350265503
vt -18.35589027404785 1.472622036933899
vt -18.35589027404785 1.472622036933899
vt -19.97325897216797 1.3089970350265503
vt -18.463886260986328 0.7363110184669495
vt -18.463886260986328 0.7363110184669495
vt -19.97325897216797 1.3089970350265503
vt -20.0037899017334 0
vt -18.463886260986328 0.7363110184669495
vt -20.0037899017334 0
vt -18.5 0
vt -1.399999976158142 -23.56194496154785
vt -1.399999976158142 -22.252948760986328
vt -15.984552383422852 -23.56194496154785
vt -15.984552383422852 -23.56194496154785
vt -1.399999976158142 -22.252948760986328
vt -16.01508331298828 -22.252948760986328
vt -16.01508331298828 -22.252948760986328
vt -1.399999976158142 -22.252948760986328
vt -1.399999976158142 -20.943950653076172
vt -16.01508331298828 -22.252948760986328
vt -1.399999976158142 -20.943950653076172
vt -16.10574722290039 -20.943950653076172
vt -16.10574722290039 -20.943950653076172
vt -1.399999976158142 -20.943950653076172
vt -1.399999976158142 -19.63495445251465
vt -16.10574722290039 -20.943950653076172
vt -1.399999976158142 -19.63495445251465
vt -16.2537899017334 -19.63495445251465
vt -16.2537899017334 -19.63495445251465
vt -1.399999976158142 -19.63495445251465
vt -1.399999976158142 -18.325956344604492
vt -16.2537899017334 -19.63495445251465
vt -1.399999976158142 -18.325956344604492
vt -16.454713821411133 -18.325956344604492
vt -16.454713821411133 -18.325956344604492
vt -1.399999976158142 -18.325956344604492
vt -1.399999976158142 -17.01696014404297
vt -16.454713821411133 -18.325956344604492
vt -1.399999976158142 -17.01696014404297
vt -16.70241355895996 -17.01696014404297
vt -16.70241355895996 -17.01696014404297
vt -1.399999976158142 -17.01696014404297
vt -1.399999976158142 -15.707962989807129
vt -16.70241355895996 -17.01696014404297
vt -1.399999976158142 -15.707962989807129
vt -16.989362716674805 -15.707962989807129
vt -16.989362716674805 -15.707962989807129
vt -1.399999976158142 -15.707962989807129
vt -1.399999976158142 -14.398966789245605
vt -16.989362716674805 -15.707962989807129
vt -1.399999976158142 -14.398966789245605
vt -17.306840896606445 -14.398966789245605
vt -17.306840896606445 -14.398966789245605
vt -1.399999976158142 -14.398966789245605
vt -1.399999976158142 -13.089969635009766
vt -17.306840896606445 -14.398966789245605
vt -1.399999976158142 -13.089969635009766
vt -17.645204544067383 -13.089969635009766
vt -17.645204544067383 -13.089969635009766
vt -1.399999976158142 -13.089969635009766
vt -11 -11.78097152709961
vt -17.645204544067383 -13.089969635009766
vt -11 -11.78097152709961
vt -17.994171142578125 -11.78097152709961
vt -17.994171142578125 -11.78097152709961
vt -11 -11.78097152709961
vt -11.735128402709961 -11.044662475585938
vt -17.994171142578125 -11.78097152709961
vt -11.735128402709961 -11.044662475585938
vt -18.343137741088867 -10.471975326538086
vt -18.343137741088867 -10.471975326538086
vt -11.735128402709961 -11.044662475585938
vt -12.463177680969238 -10.308350563049316
vt -18.343137741088867 -10.471975326538086
vt -12.463177680969238 -10.308350563049316
vt -13.177135467529297 -9.572040557861328
vt -1.399999976158142 -13.089969635009766
vt -1.399999976158142 -11.78097152709961
vt -11 -11.78097152709961
vt -11 -11.78097152709961
vt -1.399999976158142 -11.78097152709961
vt -10.264871597290039 -11.044662475585938
vt -10.264871597290039 -11.044662475585938
vt -1.399999976158142 -11.78097152709961
vt -1.399999976158142 -10.471975326538086
vt -10.264871597290039 -11.044662475585938
vt -1.399999976158142 -10.471975326538086
vt -9.536822319030762 -10.308350563049316
vt -9.536822319030762 -10.308350563049316
vt -1.399999976158142 -10.471975326538086
vt -8.822864532470703 -9.572040557861328
vt -8.822864532470703 -9.572040557861328
vt -1.399999976158142 -10.471975326538086
vt -1.399999976158142 -9.162978172302246
vt -8.822864532470703 -9.572040557861328
vt -1.399999976158142 -9.162978172302246
vt -8.129874229431152 -8.835729598999023
vt -8.129874229431152 -8.835729598999023
vt -1.399999976158142 -9.162978172302246
vt -1.399999976158142 -7.853981018066406
vt -8.129874229431152 -8.835729598999023
vt -1.399999976158142 -7.853981018066406
vt -7.464523792266846 -8.099418640136719
vt -7.464523792266846 -8.099418640136719
vt -1.399999976158142 -7.853981018066406
vt -6.83322286605835 -7.363108158111572
vt -6.83322286605835 -7.363108158111572
vt -1.399999976158142 -7.853981018066406
vt -1.399999976158142 -6.544984817504883
vt -6.83322286605835 -7.363108158111572
vt -1.399999976158142 -6.544984817504883
vt -6.2420501708984375 -6.626797199249268
vt -6.2420501708984375 -6.626797199249268
vt -1.399999976158142 -6.544984817504883
vt -5.696699142456055 -5.890485763549805
vt -5.696699142456055 -5.890485763549805
vt -1.399999976158142 -6.544984817504883
vt -1.399999976158142 -5.235988140106201
vt -5.696699142456055 -5.890485763549805
vt -1.399999976158142 -5.235988140106201
vt -5.202422142028809 -5.1541748046875
vt -5.202422142028809 -5.1541748046875
vt -1.399999976158142 -5.235988140106201
vt -4.763978004455566 -4.417864799499512
vt -4.763978004455566 -4.417864799499512
vt -1.399999976158142 -5.235988140106201
vt -1.399999976158142 -3.9269909858703613
vt -4.763978004455566 -4.417864799499512
vt -1.399999976158142 -3.9269909858703613
vt -4.38559103012085 -3.681554079055786
vt -4.38559103012085 -3.681554079055786
vt -1.399999976158142 -3.9269909858703613
vt -4.0709028244018555 -2.9452428817749023
vt -4.0709028244018555 -2.9452428817749023
vt -1.399999976158142 -3.9269909858703613
vt -1.399999976158142 -2.6179940700531006
vt -4.0709028244018555 -2.9452428817749023
vt -1.399999976158142 -2.6179940700531006
vt -3.8229479789733887 -2.2089319229125977
vt -3.8229479789733887 -2.2089319229125977
vt -1.399999976158142 -2.6179940700531006
vt -1.399999976158142 -1.3089970350265503
vt -3.8229479789733887 -2.2089319229125977
vt -1.399999976158142 -1.3089970350265503
vt -3.6441099643707275 -1.472622036933899
vt -3.6441099643707275 -1.472622036933899
vt -1.399999976158142 -1.3089970350265503
vt -3.536113977432251 -0.7363110184669495
vt -3.536113977432251 -0.7363110184669495
vt -1.399999976158142 -1.3089970350265503
vt -1.399999976158142 0
vt -3.536113977432251 -0.7363110184669495
vt -1.399999976158142 0
vt -3.5 0
vt -18.343137741088867 -10.471975326538086
vt -13.177135467529297 -9.572040557861328
vt -18.681501388549805 -9.162978172302246
vt -18.681501388549805 -9.162978172302246
vt -13.177135467529297 -9.572040557861328
vt -13.870125770568848 -8.835729598999023
vt -18.681501388549805 -9.162978172302246
vt -13.870125770568848 -8.835729598999023
vt -14.535475730895996 -8.099418640136719
vt -18.681501388549805 -9.162978172302246
vt -14.535475730895996 -8.099418640136719
vt -18.998981475830078 -7.853981018066406
vt -18.998981475830078 -7.853981018066406
vt -14.535475730895996 -8.099418640136719
vt -15.166776657104492 -7.363108158111572
vt -18.998981475830078 -7.853981018066406
vt -15.166776657104492 -7.363108158111572
vt -19.28592872619629 -6.544984817504883
vt -19.28592872619629 -6.544984817504883
vt -15.166776657104492 -7.363108158111572
vt -15.757949829101562 -6.626797199249268
vt -19.28592872619629 -6.544984817504883
vt -15.757949829101562 -6.626797199249268
vt -16.303300857543945 -5.890485763549805
vt -19.28592872619629 -6.544984817504883
vt -16.303300857543945 -5.890485763549805
vt -19.533628463745117 -5.235988140106201
vt -19.533628463745117 -5.235988140106201
vt -16.303300857543945 -5.890485763549805
vt -16.797578811645508 -5.1541748046875
vt -19.533628463745117 -5.235988140106201
vt -16.797578811645508 -5.1541748046875
vt -17.23602294921875 -4.417864799499512
vt -19.533628463745117 -5.235988140106201
vt -17.23602294921875 -4.417864799499512
vt -19.73455238342285 -3.9269909858703613
vt -19.73455238342285 -3.9269909858703613
vt -17.23602294921875 -4.417864799499512
vt -17.614410400390625 -3.681554079055786
vt -19.73455238342285 -3.9269909858703613
vt -17.614410400390625 -3.681554079055786
vt -17.929096221923828 -2.9452428817749023
vt -19.73455238342285 -3.9269909858703613
vt -17.929096221923828 -2.9452428817749023
vt -19.88259506225586 -2.6179940700531006
vt -19.88259506225586 -2.6179940700531006
vt -17.929096221923828 -2.9452428817749023
vt -18.177053451538086 -2.2089319229125977
vt -19.88259506225586 -2.6179940700531006
vt -18.177053451538086 -2.2089319229125977
vt -19.97325897216797 -1.3089970350265503
vt -19.97325897216797 -1.3089970350265503
vt -18.177053451538086 -2.2089319229125977
vt -18.35589027404785 -1.472622036933899
vt -19.97325897216797 -1.3089970350265503
vt -18.35589027404785 -1.472622036933899
vt -18.463886260986328 -0.7363110184669495
vt -18.5 0
vt -20.0037899017334 0
vt -18.463886260986328 -0.7363110184669495
vt -18.463886260986328 -0.7363110184669495
vt -20.0037899017334 0
vt -19.97325897216797 -1.3089970350265503
vt -9.600000381469727 -23.56194496154785
vt 0 -23.56194496154785
vt -8.86487102508545 -22.825634002685547
vt -8.86487102508545 -22.825634002685547
vt 0 -23.56194496154785
vt 0 -22.252948760986328
vt -8.86487102508545 -22.825634002685547
vt 0 -22.252948760986328
vt -8.136822700500488 -22.089323043823242
vt -8.136822700500488 -22.089323043823242
vt 0 -22.252948760986328
vt -7.42286491394043 -21.353012084960938
vt -7.42286491394043 -21.353012084960938
vt 0 -22.252948760986328
vt 0 -20.943950653076172
vt -7.42286491394043 -21.353012084960938
vt 0 -20.943950653076172
vt -6.729874134063721 -20.616701126098633
vt -6.729874134063721 -20.616701126098633
vt 0 -20.943950653076172
vt 0 -19.63495445251465
vt -6.729874134063721 -20.616701126098633
vt 0 -19.63495445251465
vt -6.064525127410889 -19.880390167236328
vt -6.064525127410889 -19.880390167236328
vt 0 -19.63495445251465
vt -5.433222770690918 -19.144081115722656
vt -5.433222770690918 -19.144081115722656
vt 0 -19.63495445251465
vt 0 -18.325956344604492
vt -5.433222770690918 -19.144081115722656
vt 0 -18.325956344604492
vt -4.842051029205322 -18.40777015686035
vt -4.842051029205322 -18.40777015686035
vt 0 -18.325956344604492
vt -4.296699047088623 -17.671459197998047
vt -4.296699047088623 -17.671459197998047
vt 0 -18.325956344604492
vt 0 -17.01696014404297
vt -4.296699047088623 -17.671459197998047
vt 0 -17.01696014404297
vt -3.802422046661377 -16.935148239135742
vt -3.802422046661377 -16.935148239135742
vt 0 -17.01696014404297
vt -3.3639779090881348 -16.198837280273438
vt -3.3639779090881348 -16.198837280273438
vt 0 -17.01696014404297
vt 0 -15.707962989807129
vt -3.3639779090881348 -16.198837280273438
vt 0 -15.707962989807129
vt -2.9855899810791016 -15.462526321411133
vt -2.9855899810791016 -15.462526321411133
vt 0 -15.707962989807129
vt -2.670902967453003 -14.726215362548828
vt -2.670902967453003 -14.726215362548828
vt 0 -15.707962989807129
vt 0 -14.398966789245605
vt -2.670902967453003 -14.726215362548828
vt 0 -14.398966789245605
vt -2.4229469299316406 -13.989904403686523
vt -2.4229469299316406 -13.989904403686523
vt 0 -14.398966789245605
vt 0 -13.089969635009766
vt -2.4229469299316406 -13.989904403686523
vt 0 -13.089969635009766
vt -2.244110107421875 -13.253594398498535
vt -2.244110107421875 -13.253594398498535
vt 0 -13.089969635009766
vt -2.136115074157715 -12.51728343963623
vt -2.136115074157715 -12.51728343963623
vt 0 -13.089969635009766
vt 0 -11.78097152709961
vt -2.136115074157715 -12.51728343963623
vt 0 -11.78097152709961
vt -2.0999999046325684 -11.78097152709961
vt -2.0999999046325684 -11.78097152709961
vt 0 -11.78097152709961
vt -2.136115074157715 -11.044662475585938
vt -2.136115074157715 -11.044662475585938
vt 0 -11.78097152709961
vt 0 -10.471975326538086
vt -2.136115074157715 -11.044662475585938
vt 0 -10.471975326538086
vt -2.244110107421875 -10.308350563049316
vt -2.244110107421875 -10.308350563049316
vt 0 -10.471975326538086
vt -2.4229469299316406 -9.572040557861328
vt -2.4229469299316406 -9.572040557861328
vt 0 -10.471975326538086
vt 0 -9.162978172302246
vt -2.4229469299316406 -9.572040557861328
vt 0 -9.162978172302246
vt -2.670902967453003 -8.835729598999023
vt -2.670902967453003 -8.835729598999023
vt 0 -9.162978172302246
vt 0 -7.853981018066406
vt -2.670902967453003 -8.835729598999023
vt 0 -7.853981018066406
vt -2.9855899810791016 -8.099418640136719
vt -2.9855899810791016 -8.099418640136719
vt 0 -7.853981018066406
vt -3.3639779090881348 -7.363108158111572
vt -3.3639779090881348 -7.363108158111572
vt 0 -7.853981018066406
vt 0 -6.544984817504883
vt -3.3639779090881348 -7.363108158111572
vt 0 -6.544984817504883
vt -3.802422046661377 -6.626797199249268
vt -3.802422046661377 -6.626797199249268
vt 0 -6.544984817504883
vt -4.296699047088623 -5.890485763549805
vt -4.296699047088623 -5.890485763549805
vt 0 -6.544984817504883
vt 0 -5.235988140106201
vt -4.296699047088623 -5.890485763549805
vt 0 -5.235988140106201
vt -4.842051029205322 -5.1541748046875
vt -4.842051029205322 -5.1541748046875
vt 0 -5.235988140106201
vt -5.433222770690918 -4.417864799499512
vt -5.433222770690918 -4.417864799499512
vt 0 -5.235988140106201
vt 0 -3.9269909858703613
vt -5.433222770690918 -4.417864799499512
vt 0 -3.9269909858703613
vt -6.064525127410889 -3.681554079055786
vt -6.064525127410889 -3.681554079055786
vt 0 -3.9269909858703613
vt 0 -2.6179940700531006
vt -6.064525127410889 -3.681554079055786
vt 0 -2.6179940700531006
vt -6.729874134063721 -2.9452428817749023
vt -6.729874134063721 -2.9452428817749023
vt 0 -2.6179940700531006
vt -7.42286491394043 -2.2089319229125977
vt -7.42286491394043 -2.2089319229125977
vt 0 -2.6179940700531006
vt 0 -1.3089970350265503
vt -7.42286491394043 -2.2089319229125977
vt 0 -1.3089970350265503
vt -8.136822700500488 -1.472622036933899
vt -8.136822700500488 -1.472622036933899
vt 0 -1.3089970350265503
vt -8.86487102508545 -0.7363110184669495
vt -8.86487102508545 -0.7363110184669495
vt 0 -1.3089970350265503
vt 0 0
vt -8.86487102508545 -0.7363110184669495
vt 0 0
vt -9.600000381469727 0
vt -7.3860578536987305 1.302361011505127
vt -7.5 0
vt -7.25 0
vt -7.25 0
vt -7.5 0
vt -7.3860578536987305 -1.302361011505127
vt -7.25 0
vt -7.3860578536987305 -1.302361011505127
vt -7.1265549659729 -1.3321839570999146
vt -7.1265549659729 -1.3321839570999146
vt -7.3860578536987305 -1.302361011505127
vt -7.047695159912109 -2.5651509761810303
vt -7.1265549659729 -1.3321839570999146
vt -7.047695159912109 -2.5651509761810303
vt -6.7604241371154785 -2.619002103805542
vt -6.7604241371154785 -2.619002103805542
vt -7.047695159912109 -2.5651509761810303
vt -6.4951910972595215 -3.75
vt -6.7604241371154785 -2.619002103805542
vt -6.4951910972595215 -3.75
vt -6.164073944091797 -3.8166329860687256
vt -6.164073944091797 -3.8166329860687256
vt -6.4951910972595215 -3.75
vt -5.745333194732666 -4.820907115936279
vt -6.164073944091797 -3.8166329860687256
vt -5.745333194732666 -4.820907115936279
vt -5.357814788818359 -4.884294033050537
vt -5.357814788818359 -4.884294033050537
vt -5.745333194732666 -4.820907115936279
vt -4.820907115936279 -5.745333194732666
vt -5.357814788818359 -4.884294033050537
vt -4.820907115936279 -5.745333194732666
vt -4.369101047515869 -5.785624980926514
vt -4.369101047515869 -5.785624980926514
vt -4.820907115936279 -5.745333194732666
vt -3.75 -6.4951910972595215
vt -4.369101047515869 -5.785624980926514
vt -3.75 -6.4951910972595215
vt -3.231602907180786 -6.489933967590332
vt -3.231602907180786 -6.489933967590332
vt -3.75 -6.4951910972595215
vt -2.5651509761810303 -7.047695159912109
vt -3.231602907180786 -6.489933967590332
vt -2.5651509761810303 -7.047695159912109
vt -1.9840569496154785 -6.973236083984375
vt -1.9840569496154785 -6.973236083984375
vt -2.5651509761810303 -7.047695159912109
vt -1.302361011505127 -7.3860578536987305
vt -1.9840569496154785 -6.973236083984375
vt -1.302361011505127 -7.3860578536987305
vt -0.6689460277557373 -7.2190728187561035
vt -0.6689460277557373 -7.2190728187561035
vt -1.302361011505127 -7.3860578536987305
vt 0 -7.5
vt -0.6689460277557373 -7.2190728187561035
vt 0 -7.5
vt 0.6689460277557373 -7.2190728187561035
vt 0.6689460277557373 -7.2190728187561035
vt 0 -7.5
vt 1.302361011505127 -7.3860578536987305
vt 0.6689460277557373 -7.2190728187561035
vt 1.302361011505127 -7.3860578536987305
vt 1.9840569496154785 -6.973236083984375
vt 1.9840569496154785 -6.973236083984375
vt 1.302361011505127 -7.3860578536987305
vt 2.5651509761810303 -7.047695159912109
vt 1.9840569496154785 -6.973236083984375
vt 2.5651509761810303 -7.047695159912109
vt 3.231602907180786 -6.489933967590332
vt 3.231602907180786 -6.489933967590332
vt 2.5651509761810303 -7.047695159912109
vt 3.75 -6.4951910972595215
vt 3.231602907180786 -6.489933967590332
vt 3.75 -6.4951910972595215
vt 4.369101047515869 -5.785624980926514
vt 4.369101047515869 -5.785624980926514
vt 3.75 -6.4951910972595215
vt 4.820907115936279 -5.745333194732666
vt 4.369101047515869 -5.785624980926514
vt 4.820907115936279 -5.745333194732666
vt 5.357814788818359 -4.884294033050537
vt 5.357814788818359 -4.884294033050537
vt 4.820907115936279 -5.745333194732666
vt 5.745333194732666 -4.820907115936279
vt 5.357814788818359 -4.884294033050537
vt 5.745333194732666 -4.820907115936279
vt 6.164073944091797 -3.8166329860687256
vt 6.164073944091797 -3.8166329860687256
vt 5.745333194732666 -4.820907115936279
vt 6.4951910972595215 -3.75
vt 6.164073944091797 -3.8166329860687256
vt 6.4951910972595215 -3.75
vt 6.7604241371154785 -2.619002103805542
vt 6.7604241371154785 -2.619002103805542
vt 6.4951910972595215 -3.75
vt 7.047695159912109 -2.5651509761810303
vt 6.7604241371154785 -2.619002103805542
vt 7.047695159912109 -2.5651509761810303
vt 7.1265549659729 -1.3321839570999146
vt 7.1265549659729 -1.3321839570999146
vt 7.047695159912109 -2.5651509761810303
vt 7.3860578536987305 -1.302361011505127
vt 7.1265549659729 -1.3321839570999146
vt 7.3860578536987305 -1.302361011505127
vt 7.25 0
vt 7.25 0
vt 7.3860578536987305 -1.302361011505127
vt 7.5 0
vt 7.25 0
vt 7.5 0
vt 7.3860578536987305 1.302361011505127
vt 7.25 0
vt 7.3860578536987305 1.302361011505127
vt 7.1265549659729 1.3321839570999146
vt 7.1265549659729 1.3321839570999146
vt 7.3860578536987305 1.302361011505127
vt 7.047695159912109 2.5651509761810303
vt 7.1265549659729 1.3321839570999146
vt 7.047695159912109 2.5651509761810303
vt 6.7604241371154785 2.619002103805542
vt 6.7604241371154785 2.619002103805542
vt 7.047695159912109 2.5651509761810303
vt 6.4951910972595215 3.75
vt 6.7604241371154785 2.619002103805542
vt 6.4951910972595215 3.75
vt 6.164073944091797 3.8166329860687256
vt 6.164073944091797 3.8166329860687256
vt 6.4951910972595215 3.75
vt 5.745333194732666 4.820907115936279
vt 6.164073944091797 3.8166329860687256
vt 5.745333194732666 4.820907115936279
vt 5.357814788818359 4.884294033050537
vt 5.357814788818359 4.884294033050537
vt 5.745333194732666 4.820907115936279
vt 4.820907115936279 5.745333194732666
vt 5.357814788818359 4.884294033050537
vt 4.820907115936279 5.745333194732666
vt 4.369101047515869 5.785624980926514
vt 4.369101047515869 5.785624980926514
vt 4.820907115936279 5.745333194732666
vt 3.75 6.4951910972595215
vt 4.369101047515869 5.785624980926514
vt 3.75 6.4951910972595215
vt 3.231602907180786 6.489933967590332
vt 3.231602907180786 6.489933967590332
vt 3.75 6.4951910972595215
vt 2.5651509761810303 7.047695159912109
vt 3.231602907180786 6.489933967590332
vt 2.5651509761810303 7.047695159912109
vt 1.9840569496154785 6.973236083984375
vt 1.9840569496154785 6.973236083984375
vt 2.5651509761810303 7.047695159912109
vt 1.302361011505127 7.3860578536987305
vt 1.9840569496154785 6.973236083984375
vt 1.302361011505127 7.3860578536987305
vt 0.6689460277557373 7.2190728187561035
vt 0.6689460277557373 7.2190728187561035
vt 1.302361011505127 7.3860578536987305
vt 0 7.5
vt 0.6689460277557373 7.2190728187561035
vt 0 7.5
vt -0.6689460277557373 7.2190728187561035
vt -0.6689460277557373 7.2190728187561035
vt 0 7.5
vt -1.302361011505127 7.3860578536987305
vt -0.6689460277557373 7.2190728187561035
vt -1.302361011505127 7.3860578536987305
vt -1.9840569496154785 6.973236083984375
vt -1.9840569496154785 6.973236083984375
vt -1.302361011505127 7.3860578536987305
vt -2.5651509761810303 7.047695159912109
vt -1.9840569496154785 6.973236083984375
vt -2.5651509761810303 7.047695159912109
vt -3.231602907180786 6.489933967590332
vt -3.231602907180786 6.489933967590332
vt -2.5651509761810303 7.047695159912109
vt -3.75 6.4951910972595215
vt -3.231602907180786 6.489933967590332
vt -3.75 6.4951910972595215
vt -4.369101047515869 5.785624980926514
vt -4.369101047515869 5.785624980926514
vt -3.75 6.4951910972595215
vt -4.820907115936279 5.745333194732666
vt -4.369101047515869 5.785624980926514
vt -4.820907115936279 5.745333194732666
vt -5.357814788818359 4.884294033050537
vt -5.357814788818359 4.884294033050537
vt -4.820907115936279 5.745333194732666
vt -5.745333194732666 4.820907115936279
vt -5.357814788818359 4.884294033050537
vt -5.745333194732666 4.820907115936279
vt -6.164073944091797 3.8166329860687256
vt -6.164073944091797 3.8166329860687256
vt -5.745333194732666 4.820907115936279
vt -6.4951910972595215 3.75
vt -6.164073944091797 3.8166329860687256
vt -6.4951910972595215 3.75
vt -6.7604241371154785 2.619002103805542
vt -6.7604241371154785 2.619002103805542
vt -6.4951910972595215 3.75
vt -7.047695159912109 2.5651509761810303
vt -6.7604241371154785 2.619002103805542
vt -7.047695159912109 2.5651509761810303
vt -7.1265549659729 1.3321839570999146
vt -7.1265549659729 1.3321839570999146
vt -7.047695159912109 2.5651509761810303
vt -7.3860578536987305 1.302361011505127
vt -7.1265549659729 1.3321839570999146
vt -7.3860578536987305 1.302361011505127
vt -7.25 0
vt 8.436058044433594 1.302361011505127
vt 8.416361808776855 1.2988879680633545
vt 8.550000190734863 0
vt 8.550000190734863 0
vt 8.416361808776855 1.2988879680633545
vt 8.529999732971191 0
vt 8.550000190734863 0
vt 8.529999732971191 0
vt 8.436058044433594 -1.302361011505127
vt 8.436058044433594 -1.302361011505127
vt 8.529999732971191 0
vt 8.416361808776855 -1.2988879680633545
vt 8.436058044433594 -1.302361011505127
vt 8.416361808776855 -1.2988879680633545
vt 8.078900337219238 -2.5583109855651855
vt 8.416361808776855 1.2988879680633545
vt 8.436058044433594 1.302361011505127
vt 8.078900337219238 2.5583109855651855
vt 8.078900337219238 2.5583109855651855
vt 8.436058044433594 1.302361011505127
vt 8.097694396972656 2.5651509761810303
vt 8.078900337219238 2.5583109855651855
vt 8.097694396972656 2.5651509761810303
vt 7.527870178222656 3.740000009536743
vt 7.527870178222656 3.740000009536743
vt 8.097694396972656 2.5651509761810303
vt 7.54518985748291 3.75
vt 7.527870178222656 3.740000009536743
vt 7.54518985748291 3.75
vt 6.780013084411621 4.808051109313965
vt 6.780013084411621 4.808051109313965
vt 7.54518985748291 3.75
vt 6.795332908630371 4.820907115936279
vt 6.780013084411621 4.808051109313965
vt 6.795332908630371 4.820907115936279
vt 5.85805082321167 5.730011940002441
vt 5.85805082321167 5.730011940002441
vt 6.795332908630371 4.820907115936279
vt 5.870906829833984 5.745333194732666
vt 5.85805082321167 5.730011940002441
vt 5.870906829833984 5.745333194732666
vt 4.789999961853027 6.477869987487793
vt 4.789999961853027 6.477869987487793
vt 5.870906829833984 5.745333194732666
vt 4.800000190734863 6.4951910972595215
vt 4.789999961853027 6.477869987487793
vt 4.800000190734863 6.4951910972595215
vt 3.6083109378814697 7.028901100158691
vt 3.6083109378814697 7.028901100158691
vt 4.800000190734863 6.4951910972595215
vt 3.6151509284973145 7.047695159912109
vt 3.6083109378814697 7.028901100158691
vt 3.6151509284973145 7.047695159912109
vt 2.3488879203796387 7.36636209487915
vt 2.3488879203796387 7.36636209487915
vt 3.6151509284973145 7.047695159912109
vt 2.352360963821411 7.3860578536987305
vt 2.3488879203796387 7.36636209487915
vt 2.352360963821411 7.3860578536987305
vt 1.0499999523162842 7.480000019073486
vt 1.0499999523162842 7.480000019073486
vt 2.352360963821411 7.3860578536987305
vt 1.0499999523162842 7.5
vt 1.0499999523162842 7.480000019073486
vt 1.0499999523162842 7.5
vt -0.252360999584198 7.3860578536987305
vt 1.0499999523162842 7.480000019073486
vt -0.252360999584198 7.3860578536987305
vt -0.24888800084590912 7.36636209487915
vt -0.24888800084590912 7.36636209487915
vt -0.252360999584198 7.3860578536987305
vt -1.515151023864746 7.047695159912109
vt -0.24888800084590912 7.36636209487915
vt -1.515151023864746 7.047695159912109
vt -1.5083110332489014 7.028901100158691
vt -1.5083110332489014 7.028901100158691
vt -1.515151023864746 7.047695159912109
vt -2.700000047683716 6.4951910972595215
vt -1.5083110332489014 7.028901100158691
vt -2.700000047683716 6.4951910972595215
vt -2.690000057220459 6.477869987487793
vt -2.690000057220459 6.477869987487793
vt -2.700000047683716 6.4951910972595215
vt -3.770906925201416 5.745333194732666
vt -2.690000057220459 6.477869987487793
vt -3.770906925201416 5.745333194732666
vt -3.7580509185791016 5.730011940002441
vt -3.7580509185791016 5.730011940002441
vt -3.770906925201416 5.745333194732666
vt -4.695333003997803 4.820907115936279
vt -3.7580509185791016 5.730011940002441
vt -4.695333003997803 4.820907115936279
vt -4.680012226104736 4.808051109313965
vt -4.680012226104736 4.808051109313965
vt -4.695333003997803 4.820907115936279
vt -5.445189952850342 3.75
vt -4.680012226104736 4.808051109313965
vt -5.445189952850342 3.75
vt -5.42786979675293 3.740000009536743
vt -5.42786979675293 3.740000009536743
vt -5.445189952850342 3.75
vt -5.99769401550293 2.5651509761810303
vt -5.42786979675293 3.740000009536743
vt -5.99769401550293 2.5651509761810303
vt -5.978900909423828 2.5583109855651855
vt -5.978900909423828 2.5583109855651855
vt -5.99769401550293 2.5651509761810303
vt -6.336058139801025 1.302361011505127
vt -5.978900909423828 2.5583109855651855
vt -6.336058139801025 1.302361011505127
vt -6.316361904144287 1.2988879680633545
vt -6.316361904144287 1.2988879680633545
vt -6.336058139801025 1.302361011505127
vt -6.449999809265137 0
vt -6.316361904144287 1.2988879680633545
vt -6.449999809265137 0
vt -6.429999828338623 0
vt -6.429999828338623 0
vt -6.449999809265137 0
vt -6.316361904144287 -1.2988879680633545
vt -6.316361904144287 -1.2988879680633545
vt -6.449999809265137 0
vt -6.336058139801025 -1.302361011505127
vt -6.316361904144287 -1.2988879680633545
vt -6.336058139801025 -1.302361011505127
vt -5.978900909423828 -2.5583109855651855
vt -5.978900909423828 -2.5583109855651855
vt -6.336058139801025 -1.302361011505127
vt -5.99769401550293 -2.5651509761810303
vt -5.978900909423828 -2.5583109855651855
vt -5.99769401550293 -2.5651509761810303
vt -5.42786979675293 -3.740000009536743
vt -5.42786979675293 -3.740000009536743
vt -5.99769401550293 -2.5651509761810303
vt -5.445189952850342 -3.75
vt -5.42786979675293 -3.740000009536743
vt -5.445189952850342 -3.75
vt -4.680012226104736 -4.808051109313965
vt -4.680012226104736 -4.808051109313965
vt -5.445189952850342 -3.75
vt -4.695333003997803 -4.820907115936279
vt -4.680012226104736 -4.808051109313965
vt -4.695333003997803 -4.820907115936279
vt -3.7580509185791016 -5.730011940002441
vt -3.7580509185791016 -5.730011940002441
vt -4.695333003997803 -4.820907115936279
vt -3.770906925201416 -5.745333194732666
vt -3.7580509185791016 -5.730011940002441
vt -3.770906925201416 -5.745333194732666
vt -2.690000057220459 -6.477869987487793
vt -2.690000057220459 -6.477869987487793
vt -3.770906925201416 -5.745333194732666
vt -2.700000047683716 -6.4951910972595215
vt -2.690000057220459 -6.477869987487793
vt -2.700000047683716 -6.4951910972595215
vt -1.5083110332489014 -7.028901100158691
vt -1.5083110332489014 -7.028901100158691
vt -2.700000047683716 -6.4951910972595215
vt -1.515151023864746 -7.047695159912109
vt -1.5083110332489014 -7.028901100158691
vt -1.515151023864746 -7.047695159912109
vt -0.24888800084590912 -7.36636209487915
vt -0.24888800084590912 -7.36636209487915
vt -1.515151023864746 -7.047695159912109
vt -0.252360999584198 -7.3860578536987305
vt -0.24888800084590912 -7.36636209487915
vt -0.252360999584198 -7.3860578536987305
vt 1.0499999523162842 -7.480000019073486
vt 1.0499999523162842 -7.480000019073486
vt -0.252360999584198 -7.3860578536987305
vt 1.0499999523162842 -7.5
vt 1.0499999523162842 -7.480000019073486
vt 1.0499999523162842 -7.5
vt 2.352360963821411 -7.3860578536987305
vt 1.0499999523162842 -7.480000019073486
vt 2.352360963821411 -7.3860578536987305
vt 2.3488879203796387 -7.36636209487915
vt 2.3488879203796387 -7.36636209487915
vt 2.352360963821411 -7.3860578536987305
vt 3.6151509284973145 -7.047695159912109
vt 2.3488879203796387 -7.36636209487915
vt 3.6151509284973145 -7.047695159912109
vt 3.6083109378814697 -7.028901100158691
vt 3.6083109378814697 -7.028901100158691
vt 3.6151509284973145 -7.047695159912109
vt 4.800000190734863 -6.4951910972595215
vt 3.6083109378814697 -7.028901100158691
vt 4.800000190734863 -6.4951910972595215
vt 4.789999961853027 -6.477869987487793
vt 4.789999961853027 -6.477869987487793
vt 4.800000190734863 -6.4951910972595215
vt 5.870906829833984 -5.745333194732666
vt 4.789999961853027 -6.477869987487793
vt 5.870906829833984 -5.745333194732666
vt 5.85805082321167 -5.730011940002441
vt 5.85805082321167 -5.730011940002441
vt 5.870906829833984 -5.745333194732666
vt 6.795332908630371 -4.820907115936279
vt 5.85805082321167 -5.730011940002441
vt 6.795332908630371 -4.820907115936279
vt 6.780013084411621 -4.808051109313965
vt 6.780013084411621 -4.808051109313965
vt 6.795332908630371 -4.820907115936279
vt 7.54518985748291 -3.75
vt 6.780013084411621 -4.808051109313965
vt 7.54518985748291 -3.75
vt 7.527870178222656 -3.740000009536743
vt 7.527870178222656 -3.740000009536743
vt 7.54518985748291 -3.75
vt 8.097694396972656 -2.5651509761810303
vt 7.527870178222656 -3.740000009536743
vt 8.097694396972656 -2.5651509761810303
vt 8.078900337219238 -2.5583109855651855
vt 8.078900337219238 -2.5583109855651855
vt 8.097694396972656 -2.5651509761810303
vt 8.436058044433594 -1.302361011505127
vt 30.106096267700195 22.776546478271484
vt 29.206096649169922 22.776546478271484
vt 30.106096267700195 21.436750411987305
vt 30.106096267700195 21.436750411987305
vt 29.206096649169922 22.776546478271484
vt 29.206096649169922 21.436750411987305
vt 30.106096267700195 21.436750411987305
vt 29.206096649169922 21.436750411987305
vt 30.106096267700195 20.096952438354492
vt 30.106096267700195 20.096952438354492
vt 29.206096649169922 21.436750411987305
vt 29.206096649169922 20.096952438354492
vt 30.106096267700195 20.096952438354492
vt 29.206096649169922 20.096952438354492
vt 30.106096267700195 18.757156372070312
vt 30.106096267700195 18.757156372070312
vt 29.206096649169922 20.096952438354492
vt 29.206096649169922 18.757156372070312
vt 30.106096267700195 18.757156372070312
vt 29.206096649169922 18.757156372070312
vt 30.106096267700195 17.4173583984375
vt 30.106096267700195 17.4173583984375
vt 29.206096649169922 18.757156372070312
vt 29.206096649169922 17.4173583984375
vt 30.106096267700195 17.4173583984375
vt 29.206096649169922 17.4173583984375
vt 30.106096267700195 16.07756233215332
vt 30.106096267700195 16.07756233215332
vt 29.206096649169922 17.4173583984375
vt 29.206096649169922 16.07756233215332
vt 30.106096267700195 16.07756233215332
vt 29.206096649169922 16.07756233215332
vt 30.106096267700195 14.737765312194824
vt 30.106096267700195 14.737765312194824
vt 29.206096649169922 16.07756233215332
vt 29.206096649169922 14.737765312194824
vt 30.106096267700195 14.737765312194824
vt 29.206096649169922 14.737765312194824
vt 30.106096267700195 13.397968292236328
vt 30.106096267700195 13.397968292236328
vt 29.206096649169922 14.737765312194824
vt 29.206096649169922 13.397968292236328
vt 30.106096267700195 13.397968292236328
vt 29.206096649169922 13.397968292236328
vt 30.106096267700195 12.058172225952148
vt 30.106096267700195 12.058172225952148
vt 29.206096649169922 13.397968292236328
vt 29.206096649169922 12.058172225952148
vt 30.106096267700195 12.058172225952148
vt 29.206096649169922 12.058172225952148
vt 30.106096267700195 10.718375205993652
vt 30.106096267700195 10.718375205993652
vt 29.206096649169922 12.058172225952148
vt 29.206096649169922 10.718375205993652
vt 30.106096267700195 10.718375205993652
vt 29.206096649169922 10.718375205993652
vt 30.106096267700195 9.378578186035156
vt 30.106096267700195 9.378578186035156
vt 29.206096649169922 10.718375205993652
vt 29.206096649169922 9.378578186035156
vt 30.106096267700195 9.378578186035156
vt 29.206096649169922 9.378578186035156
vt 30.106096267700195 8.03878116607666
vt 30.106096267700195 8.03878116607666
vt 29.206096649169922 9.378578186035156
vt 29.206096649169922 8.03878116607666
vt 30.106096267700195 8.03878116607666
vt 29.206096649169922 8.03878116607666
vt 30.106096267700195 6.698984146118164
vt 30.106096267700195 6.698984146118164
vt 29.206096649169922 8.03878116607666
vt 29.206096649169922 6.698984146118164
vt 30.106096267700195 6.698984146118164
vt 29.206096649169922 6.698984146118164
vt 30.106096267700195 5.359188079833984
vt 30.106096267700195 5.359188079833984
vt 29.206096649169922 6.698984146118164
vt 29.206096649169922 5.359188079833984
vt 30.106096267700195 5.359188079833984
vt 29.206096649169922 5.359188079833984
vt 30.106096267700195 4.019391059875488
vt 30.106096267700195 4.019391059875488
vt 29.206096649169922 5.359188079833984
vt 29.206096649169922 4.019391059875488
vt 30.106096267700195 4.019391059875488
vt 29.206096649169922 4.019391059875488
vt 30.106096267700195 2.679594039916992
vt 30.106096267700195 2.679594039916992
vt 29.206096649169922 4.019391059875488
vt 29.206096649169922 2.679594039916992
vt 30.106096267700195 2.679594039916992
vt 29.206096649169922 2.679594039916992
vt 30.106096267700195 1.339797019958496
vt 30.106096267700195 1.339797019958496
vt 29.206096649169922 2.679594039916992
vt 29.206096649169922 1.339797019958496
vt 30.106096267700195 1.339797019958496
vt 29.206096649169922 1.339797019958496
vt 30.106096267700195 0
vt 30.106096267700195 0
vt 29.206096649169922 1.339797019958496
vt 29.206096649169922 0
vt -7.1265549659729 -1.3321839570999146
vt 7.1265549659729 -1.3321839570999146
vt -7.25 0
vt -7.25 0
vt 7.1265549659729 -1.3321839570999146
vt 7.25 0
vt -7.25 0
vt 7.25 0
vt -7.1265549659729 1.3321839570999146
vt -7.1265549659729 1.3321839570999146
vt 7.25 0
vt 7.1265549659729 1.3321839570999146
vt -7.1265549659729 1.3321839570999146
vt 7.1265549659729 1.3321839570999146
vt -6.7604241371154785 2.619002103805542
vt -6.7604241371154785 2.619002103805542
vt 7.1265549659729 1.3321839570999146
vt 6.7604241371154785 2.619002103805542
vt -6.7604241371154785 2.619002103805542
vt 6.7604241371154785 2.619002103805542
vt -6.164073944091797 3.8166329860687256
vt -6.164073944091797 3.8166329860687256
vt 6.7604241371154785 2.619002103805542
vt 6.164073944091797 3.8166329860687256
vt -6.164073944091797 3.8166329860687256
vt 6.164073944091797 3.8166329860687256
vt -5.357814788818359 4.884294033050537
vt -5.357814788818359 4.884294033050537
vt 6.164073944091797 3.8166329860687256
vt 5.357814788818359 4.884294033050537
vt -5.357814788818359 4.884294033050537
vt 5.357814788818359 4.884294033050537
vt -4.369101047515869 5.785624980926514
vt -4.369101047515869 5.785624980926514
vt 5.357814788818359 4.884294033050537
vt 4.369101047515869 5.785624980926514
vt -4.369101047515869 5.785624980926514
vt 4.369101047515869 5.785624980926514
vt -3.231602907180786 6.489933967590332
vt -3.231602907180786 6.489933967590332
vt 4.369101047515869 5.785624980926514
vt 3.231602907180786 6.489933967590332
vt -3.231602907180786 6.489933967590332
vt 3.231602907180786 6.489933967590332
vt -1.9840569496154785 6.973236083984375
vt -1.9840569496154785 6.973236083984375
vt 3.231602907180786 6.489933967590332
vt 1.9840569496154785 6.973236083984375
vt -1.9840569496154785 6.973236083984375
vt 1.9840569496154785 6.973236083984375
vt -0.6689460277557373 7.2190728187561035
vt -0.6689460277557373 7.2190728187561035
vt 1.9840569496154785 6.973236083984375
vt 0.6689460277557373 7.2190728187561035
vt 7.1265549659729 -1.3321839570999146
vt -7.1265549659729 -1.3321839570999146
vt 6.7604241371154785 -2.619002103805542
vt 6.7604241371154785 -2.619002103805542
vt -7.1265549659729 -1.3321839570999146
vt -6.7604241371154785 -2.619002103805542
vt 6.7604241371154785 -2.619002103805542
vt -6.7604241371154785 -2.619002103805542
vt 6.164073944091797 -3.8166329860687256
vt 6.164073944091797 -3.8166329860687256
vt -6.7604241371154785 -2.619002103805542
vt -6.164073944091797 -3.8166329860687256
vt 6.164073944091797 -3.8166329860687256
vt -6.164073944091797 -3.8166329860687256
vt 5.357814788818359 -4.884294033050537
vt 5.357814788818359 -4.884294033050537
vt -6.164073944091797 -3.8166329860687256
vt -5.357814788818359 -4.884294033050537
vt 5.357814788818359 -4.884294033050537
vt -5.357814788818359 -4.884294033050537
vt 4.369101047515869 -5.785624980926514
vt 4.369101047515869 -5.785624980926514
vt -5.357814788818359 -4.884294033050537
vt -4.369101047515869 -5.785624980926514
vt 4.369101047515869 -5.785624980926514
vt -4.369101047515869 -5.785624980926514
vt 3.231602907180786 -6.489933967590332
vt 3.231602907180786 -6.489933967590332
vt -4.369101047515869 -5.785624980926514
vt -3.231602907180786 -6.489933967590332
vt 3.231602907180786 -6.489933967590332
vt -3.231602907180786 -6.489933967590332
vt 1.9840569496154785 -6.973236083984375
vt 1.9840569496154785 -6.973236083984375
vt -3.231602907180786 -6.489933967590332
vt -1.9840569496154785 -6.973236083984375
vt 1.9840569496154785 -6.973236083984375
vt -1.9840569496154785 -6.973236083984375
vt 0.6689460277557373 -7.2190728187561035
vt 0.6689460277557373 -7.2190728187561035
vt -1.9840569496154785 -6.973236083984375
vt -0.6689460277557373 -7.2190728187561035
vt -1.302361011505127 -5.8363847732543945
vt 0 -5.954347133636475
vt 0 -5.933640956878662
vt 0 -5.933640956878662
vt 0 -5.954347133636475
vt 1.302361011505127 -5.8363847732543945
vt 0 -5.933640956878662
vt 1.302361011505127 -5.8363847732543945
vt 1.2988879680633545 -5.815993785858154
vt 1.2988879680633545 -5.815993785858154
vt 1.302361011505127 -5.8363847732543945
vt 2.5651509761810303 -5.486084938049316
vt 1.2988879680633545 -5.815993785858154
vt 2.5651509761810303 -5.486084938049316
vt 2.5583109855651855 -5.4666290283203125
vt 2.5583109855651855 -5.4666290283203125
vt 2.5651509761810303 -5.486084938049316
vt 3.75 -4.914091110229492
vt 2.5583109855651855 -5.4666290283203125
vt 3.75 -4.914091110229492
vt 3.740000009536743 -4.896160125732422
vt 3.740000009536743 -4.896160125732422
vt 3.75 -4.914091110229492
vt 4.820907115936279 -4.137782096862793
vt 3.740000009536743 -4.896160125732422
vt 4.820907115936279 -4.137782096862793
vt 4.808051109313965 -4.121921062469482
vt 4.808051109313965 -4.121921062469482
vt 4.820907115936279 -4.137782096862793
vt 5.745333194732666 -3.1807448863983154
vt 4.808051109313965 -4.121921062469482
vt 5.745333194732666 -3.1807448863983154
vt 5.730011940002441 -3.167435884475708
vt 5.730011940002441 -3.167435884475708
vt 5.745333194732666 -3.1807448863983154
vt 6.4951910972595215 -2.072061061859131
vt 5.730011940002441 -3.167435884475708
vt 6.4951910972595215 -2.072061061859131
vt 6.477869987487793 -2.0617079734802246
vt 6.477869987487793 -2.0617079734802246
vt 6.4951910972595215 -2.072061061859131
vt 7.047695159912109 -0.8454149961471558
vt 6.477869987487793 -2.0617079734802246
vt 7.047695159912109 -0.8454149961471558
vt 7.028901100158691 -0.838333010673523
vt 7.028901100158691 -0.838333010673523
vt 7.047695159912109 -0.8454149961471558
vt 7.3860578536987305 0.46192100644111633
vt 7.028901100158691 -0.838333010673523
vt 7.3860578536987305 0.46192100644111633
vt 7.36636209487915 0.4655170142650604
vt 7.36636209487915 0.4655170142650604
vt 7.3860578536987305 0.46192100644111633
vt 7.480000019073486 1.810225009918213
vt 7.480000019073486 1.810225009918213
vt 7.3860578536987305 0.46192100644111633
vt 7.5 1.810225009918213
vt 7.480000019073486 1.810225009918213
vt 7.5 1.810225009918213
vt 7.36636209487915 3.154932975769043
vt 7.36636209487915 3.154932975769043
vt 7.5 1.810225009918213
vt 7.3860578536987305 3.1585280895233154
vt 7.36636209487915 3.154932975769043
vt 7.3860578536987305 3.1585280895233154
vt 7.028901100158691 4.458783149719238
vt 7.028901100158691 4.458783149719238
vt 7.3860578536987305 3.1585280895233154
vt 7.047695159912109 4.465865135192871
vt 7.028901100158691 4.458783149719238
vt 7.047695159912109 4.465865135192871
vt 6.477869987487793 5.68215799331665
vt 6.477869987487793 5.68215799331665
vt 7.047695159912109 4.465865135192871
vt 6.4951910972595215 5.692511081695557
vt 6.477869987487793 5.68215799331665
vt 6.4951910972595215 5.692511081695557
vt 5.730011940002441 6.787886142730713
vt 5.730011940002441 6.787886142730713
vt 6.4951910972595215 5.692511081695557
vt 5.745333194732666 6.80119514465332
vt 5.730011940002441 6.787886142730713
vt 5.745333194732666 6.80119514465332
vt 4.808051109313965 7.742370128631592
vt 4.808051109313965 7.742370128631592
vt 5.745333194732666 6.80119514465332
vt 4.820907115936279 7.758232116699219
vt 4.808051109313965 7.742370128631592
vt 4.820907115936279 7.758232116699219
vt 3.740000009536743 8.516609191894531
vt 3.740000009536743 8.516609191894531
vt 4.820907115936279 7.758232116699219
vt 3.75 8.534541130065918
vt 3.740000009536743 8.516609191894531
vt 3.75 8.534541130065918
vt 2.5583109855651855 9.087078094482422
vt 2.5583109855651855 9.087078094482422
vt 3.75 8.534541130065918
vt 2.5651509761810303 9.106534957885742
vt 2.5583109855651855 9.087078094482422
vt 2.5651509761810303 9.106534957885742
vt 1.2988879680633545 9.436444282531738
vt 1.2988879680633545 9.436444282531738
vt 2.5651509761810303 9.106534957885742
vt 1.302361011505127 9.45683479309082
vt 1.2988879680633545 9.436444282531738
vt 1.302361011505127 9.45683479309082
vt 0 9.554089546203613
vt 0 9.554089546203613
vt 1.302361011505127 9.45683479309082
vt 0 9.574795722961426
vt 0 9.554089546203613
vt 0 9.574795722961426
vt -1.302361011505127 9.45683479309082
vt 0 9.554089546203613
vt -1.302361011505127 9.45683479309082
vt -1.2988879680633545 9.436444282531738
vt -1.2988879680633545 9.436444282531738
vt -1.302361011505127 9.45683479309082
vt -2.5651509761810303 9.106534957885742
vt -1.2988879680633545 9.436444282531738
vt -2.5651509761810303 9.106534957885742
vt -2.5583109855651855 9.087078094482422
vt -2.5583109855651855 9.087078094482422
vt -2.5651509761810303 9.106534957885742
vt -3.75 8.534541130065918
vt -2.5583109855651855 9.087078094482422
vt -3.75 8.534541130065918
vt -3.740000009536743 8.516609191894531
vt -3.740000009536743 8.516609191894531
vt -3.75 8.534541130065918
vt -4.820907115936279 7.758232116699219
vt -3.740000009536743 8.516609191894531
vt -4.820907115936279 7.758232116699219
vt -4.808051109313965 7.742370128631592
vt -4.808051109313965 7.742370128631592
vt -4.820907115936279 7.758232116699219
vt -5.745333194732666 6.80119514465332
vt -4.808051109313965 7.742370128631592
vt -5.745333194732666 6.80119514465332
vt -5.730011940002441 6.787886142730713
vt -5.730011940002441 6.787886142730713
vt -5.745333194732666 6.80119514465332
vt -6.4951910972595215 5.692511081695557
vt -5.730011940002441 6.787886142730713
vt -6.4951910972595215 5.692511081695557
vt -6.477869987487793 5.68215799331665
vt -6.477869987487793 5.68215799331665
vt -6.4951910972595215 5.692511081695557
vt -7.047695159912109 4.465865135192871
vt -6.477869987487793 5.68215799331665
vt -7.047695159912109 4.465865135192871
vt -7.028901100158691 4.458783149719238
vt -7.028901100158691 4.458783149719238
vt -7.047695159912109 4.465865135192871
vt -7.3860578536987305 3.1585280895233154
vt -7.028901100158691 4.458783149719238
vt -7.3860578536987305 3.1585280895233154
vt -7.36636209487915 3.154932975769043
vt -7.36636209487915 3.154932975769043
vt -7.3860578536987305 3.1585280895233154
vt -7.5 1.810225009918213
vt -7.36636209487915 3.154932975769043
vt -7.5 1.810225009918213
vt -7.480000019073486 1.810225009918213
vt -7.480000019073486 1.810225009918213
vt -7.5 1.810225009918213
vt -7.36636209487915 0.4655170142650604
vt -7.36636209487915 0.4655170142650604
vt -7.5 1.810225009918213
vt -7.3860578536987305 0.46192100644111633
vt -7.36636209487915 0.4655170142650604
vt -7.3860578536987305 0.46192100644111633
vt -7.028901100158691 -0.838333010673523
vt -7.028901100158691 -0.838333010673523
vt -7.3860578536987305 0.46192100644111633
vt -7.047695159912109 -0.8454149961471558
vt -7.028901100158691 -0.838333010673523
vt -7.047695159912109 -0.8454149961471558
vt -6.477869987487793 -2.0617079734802246
vt -6.477869987487793 -2.0617079734802246
vt -7.047695159912109 -0.8454149961471558
vt -6.4951910972595215 -2.072061061859131
vt -6.477869987487793 -2.0617079734802246
vt -6.4951910972595215 -2.072061061859131
vt -5.730011940002441 -3.167435884475708
vt -5.730011940002441 -3.167435884475708
vt -6.4951910972595215 -2.072061061859131
vt -5.745333194732666 -3.1807448863983154
vt -5.730011940002441 -3.167435884475708
vt -5.745333194732666 -3.1807448863983154
vt -4.808051109313965 -4.121921062469482
vt -4.808051109313965 -4.121921062469482
vt -5.745333194732666 -3.1807448863983154
vt -4.820907115936279 -4.137782096862793
vt -4.808051109313965 -4.121921062469482
vt -4.820907115936279 -4.137782096862793
vt -3.740000009536743 -4.896160125732422
vt -3.740000009536743 -4.896160125732422
vt -4.820907115936279 -4.137782096862793
vt -3.75 -4.914091110229492
vt -3.740000009536743 -4.896160125732422
vt -3.75 -4.914091110229492
vt -2.5583109855651855 -5.4666290283203125
vt -2.5583109855651855 -5.4666290283203125
vt -3.75 -4.914091110229492
vt -2.5651509761810303 -5.486084938049316
vt -2.5583109855651855 -5.4666290283203125
vt -2.5651509761810303 -5.486084938049316
vt -1.2988879680633545 -5.815993785858154
vt -1.2988879680633545 -5.815993785858154
vt -2.5651509761810303 -5.486084938049316
vt -1.302361011505127 -5.8363847732543945
vt -1.2988879680633545 -5.815993785858154
vt -1.302361011505127 -5.8363847732543945
vt 0 -5.933640956878662
vn 9.510565176017181e-7 0.951056517601718 0.3090169903522915
vn 9.999999999995e-7 0.9999999999995 -1.1102230246246014e-16
vn -0.08423245963280336 0.935909781071219 0.3420201374764811
vn -0.08423245963280336 0.935909781071219 0.3420201374764811
vn 9.999999999995e-7 0.9999999999995 -1.1102230246246014e-16
vn -0.17364720303115203 0.984807924866295 -1.0933564330198819e-16
vn -0.08423245963280336 0.935909781071219 0.3420201374764811
vn -0.17364720303115203 0.984807924866295 -1.0933564330198819e-16
vn -0.249991961123601 0.9058290327015871 0.34202014982816914
vn -0.249991961123601 0.9058290327015871 0.34202014982816914
vn -0.17364720303115203 0.984807924866295 -1.0933564330198819e-16
vn -0.3420192117693558 0.9396929598441549 -1.0432687600971434e-16
vn -0.249991961123601 0.9058290327015871 0.34202014982816914
vn -0.3420192117693558 0.9396929598441549 -1.0432687600971434e-16
vn -0.40771649858864095 0.8466342088589354 0.3420201356183919
vn -0.40771649858864095 0.8466342088589354 0.3420201356183919
vn -0.3420192117693558 0.9396929598441549 -1.0432687600971434e-16
vn -0.49999913967255366 0.8660259004941516 -9.614818946503419e-17
vn -0.40771649858864095 0.8466342088589354 0.3420201356183919
vn -0.49999913967255366 0.8660259004941516 -9.614818946503419e-17
vn -0.5523367053955647 0.7602278455900467 0.34202015534510377
vn -0.5523367053955647 0.7602278455900467 0.34202015534510377
vn -0.49999913967255366 0.8660259004941516 -9.614818946503419e-17
vn -0.6427868441538471 0.7660450854765259 -8.504808917969852e-17
vn -0.5523367053955647 0.7602278455900467 0.34202015534510377
vn -0.6427868441538471 0.7660450854765259 -8.504808917969852e-17
vn -0.6792043705929773 0.6493871260595386 0.34202015068637476
vn -0.6792043705929773 0.6493871260595386 0.34202015068637476
vn -0.6427868441538471 0.7660450854765259 -8.504808917969852e-17
vn -0.7660437999013057 0.6427883762427324 -7.136384552660995e-17
vn -0.6792043705929773 0.6493871260595386 0.34202015068637476
vn -0.7660437999013057 0.6427883762427324 -7.136384552660995e-17
vn -0.7842418045048793 0.5176746182472108 0.34202014807542397
vn -0.7842418045048793 0.5176746182472108 0.34202014807542397
vn -0.7660437999013057 0.6427883762427324 -7.136384552660995e-17
vn -0.8660249004941403 0.5000008717233546 -5.551124801199177e-17
vn -0.7842418045048793 0.5176746182472108 0.34202014807542397
vn -0.8660249004941403 0.5000008717233546 -5.551124801199177e-17
vn -0.8640730921467018 0.36932359209580606 0.342020139391656
vn -0.8640730921467018 0.36932359209580606 0.342020139391656
vn -0.8660249004941403 0.5000008717233546 -5.551124801199177e-17
vn -0.9396922758038522 0.3420210911545915 -3.7971969030724695e-17
vn -0.8640730921467018 0.36932359209580606 0.342020139391656
vn -0.9396922758038522 0.3420210911545915 -3.7971969030724695e-17
vn -0.9161323575505174 0.20910218865780777 0.34202014289723576
vn -0.9161323575505174 0.20910218865780777 0.34202014289723576
vn -0.9396922758038522 0.3420210911545915 -3.7971969030724695e-17
vn -0.9848075775699192 0.17364917264665447 -1.9278930967942473e-17
vn -0.9161323575505174 0.20910218865780777 0.34202014289723576
vn -0.9848075775699192 0.17364917264665447 -1.9278930967942473e-17
vn -0.9387463688686769 0.04216009063558649 0.342020148081181
vn -0.9387463688686769 0.04216009063558649 0.342020148081181
vn -0.9848075775699192 0.17364917264665447 -1.9278930967942473e-17
vn -0.9999999999995 9.999999999995e-7 -1.1102230246246014e-22
vn -0.9387463688686769 0.04216009063558649 0.342020148081181
vn -0.9999999999995 9.999999999995e-7 -1.1102230246246014e-22
vn -0.9311883059638726 -0.12613707584611783 0.3420201411220164
vn -0.9311883059638726 -0.12613707584611783 0.3420201411220164
vn -0.9999999999995 9.999999999995e-7 -1.1102230246246014e-22
vn -0.984807924866295 -0.17364720303115203 1.9278712296694425e-17
vn -0.9311883059638726 -0.12613707584611783 0.3420201411220164
vn -0.984807924866295 -0.17364720303115203 1.9278712296694425e-17
vn -0.8937010779784678 -0.29038009827630784 0.3420201481567522
vn -0.8937010779784678 -0.29038009827630784 0.3420201481567522
vn -0.984807924866295 -0.17364720303115203 1.9278712296694425e-17
vn -0.9396929598441549 -0.3420192117693558 3.797176037704861e-17
vn -0.8937010779784678 -0.29038009827630784 0.3420201481567522
vn -0.9396929598441549 -0.3420192117693558 3.797176037704861e-17
vn -0.8274895617394697 -0.4452900574283708 0.34202016017723086
vn -0.8274895617394697 -0.4452900574283708 0.34202016017723086
vn -0.9396929598441549 -0.3420192117693558 3.797176037704861e-17
vn -0.8660259004941516 -0.49999913967255366 5.551105571572386e-17
vn -0.8274895617394697 -0.4452900574283708 0.34202016017723086
vn -0.8660259004941516 -0.49999913967255366 5.551105571572386e-17
vn -0.7346818526171824 -0.5858880316955366 0.34202015986037226
vn -0.7346818526171824 -0.5858880316955366 0.34202015986037226
vn -0.8660259004941516 -0.49999913967255366 5.551105571572386e-17
vn -0.7660450854765259 -0.6427868441538471 7.136367543057433e-17
vn -0.7346818526171824 -0.5858880316955366 0.34202015986037226
vn -0.7660450854765259 -0.6427868441538471 7.136367543057433e-17
vn -0.6182608581427398 -0.7076550928324895 0.342020146887349
vn -0.6182608581427398 -0.7076550928324895 0.342020146887349
vn -0.7660450854765259 -0.6427868441538471 7.136367543057433e-17
vn -0.6427883762427324 -0.7660437999013057 8.504794645217758e-17
vn -0.6182608581427398 -0.7076550928324895 0.342020146887349
vn -0.6427883762427324 -0.7660437999013057 8.504794645217758e-17
vn -0.48196846156400225 -0.8066775201855928 0.34202014631429467
vn -0.48196846156400225 -0.8066775201855928 0.34202014631429467
vn -0.6427883762427324 -0.7660437999013057 8.504794645217758e-17
vn -0.5000008717233546 -0.8660249004941403 9.614807844273046e-17
vn -0.48196846156400225 -0.8066775201855928 0.34202014631429467
vn -0.5000008717233546 -0.8660249004941403 9.614807844273046e-17
vn -0.3301851979956227 -0.8797726741476575 0.34202014099709255
vn -0.3301851979956227 -0.8797726741476575 0.34202014099709255
vn -0.5000008717233546 -0.8660249004941403 9.614807844273046e-17
vn -0.3420210911545915 -0.9396922758038522 1.0432680006598496e-16
vn -0.3301851979956227 -0.8797726741476575 0.34202014099709255
vn -0.3420210911545915 -0.9396922758038522 1.0432680006598496e-16
vn -0.16778952569148006 -0.9245912028238031 0.3420201495951098
vn -0.16778952569148006 -0.9245912028238031 0.3420201495951098
vn -0.3420210911545915 -0.9396922758038522 1.0432680006598496e-16
vn -0.17364917264665447 -0.9848075775699192 1.0933560474434492e-16
vn -0.16778952569148006 -0.9245912028238031 0.3420201495951098
vn -0.17364917264665447 -0.9848075775699192 1.0933560474434492e-16
vn -9.510565176017178e-7 -0.951056517601718 0.30901699035229174
vn -9.510565176017178e-7 -0.951056517601718 0.30901699035229174
vn -0.17364917264665447 -0.9848075775699192 1.0933560474434492e-16
vn -9.999999999995e-7 -0.9999999999995 1.1102230246246014e-16
vn -9.510565176017178e-7 -0.951056517601718 0.30901699035229174
vn -8.090170011499471e-7 -0.8090170011499472 0.5877852429669289
vn -0.16778952569148006 -0.9245912028238031 0.3420201495951098
vn -0.16778952569148006 -0.9245912028238031 0.3420201495951098
vn -8.090170011499471e-7 -0.8090170011499472 0.5877852429669289
vn -0.13678326156433981 -0.7537336622621479 0.6427876054566639
vn -0.16778952569148006 -0.9245912028238031 0.3420201495951098
vn -0.13678326156433981 -0.7537336622621479 0.6427876054566639
vn -0.3301851979956227 -0.8797726741476575 0.34202014099709255
vn -0.3301851979956227 -0.8797726741476575 0.34202014099709255
vn -0.13678326156433981 -0.7537336622621479 0.6427876054566639
vn -0.2691694576888269 -0.7171972284621612 0.6427876309744124
vn -0.3301851979956227 -0.8797726741476575 0.34202014099709255
vn -0.2691694576888269 -0.7171972284621612 0.6427876309744124
vn -0.48196846156400225 -0.8066775201855928 0.34202014631429467
vn -0.48196846156400225 -0.8066775201855928 0.34202014631429467
vn -0.2691694576888269 -0.7171972284621612 0.6427876309744124
vn -0.3929042843468675 -0.6576095359920129 0.6427876177356293
vn -0.48196846156400225 -0.8066775201855928 0.34202014631429467
vn -0.3929042843468675 -0.6576095359920129 0.6427876177356293
vn -0.6182608581427398 -0.7076550928324895 0.342020146887349
vn -0.6182608581427398 -0.7076550928324895 0.342020146887349
vn -0.3929042843468675 -0.6576095359920129 0.6427876177356293
vn -0.5040108823014738 -0.5768857002961146 0.6427876160253488
vn -0.6182608581427398 -0.7076550928324895 0.342020146887349
vn -0.5040108823014738 -0.5768857002961146 0.6427876160253488
vn -0.7346818526171824 -0.5858880316955366 0.34202015986037226
vn -0.7346818526171824 -0.5858880316955366 0.34202015986037226
vn -0.5040108823014738 -0.5768857002961146 0.6427876160253488
vn -0.5989181317814292 -0.4776202874157764 0.6427876262594932
vn -0.7346818526171824 -0.5858880316955366 0.34202015986037226
vn -0.5989181317814292 -0.4776202874157764 0.6427876262594932
vn -0.8274895617394697 -0.4452900574283708 0.34202016017723086
vn -0.8274895617394697 -0.4452900574283708 0.34202016017723086
vn -0.5989181317814292 -0.4776202874157764 0.6427876262594932
vn -0.6745756873990055 -0.36300376834205694 0.6427876057762978
vn -0.8274895617394697 -0.4452900574283708 0.34202016017723086
vn -0.6745756873990055 -0.36300376834205694 0.6427876057762978
vn -0.8937010779784678 -0.29038009827630784 0.3420201481567522
vn -0.8937010779784678 -0.29038009827630784 0.3420201481567522
vn -0.6745756873990055 -0.36300376834205694 0.6427876057762978
vn -0.7285517872530967 -0.23672002126756375 0.6427876203081406
vn -0.8937010779784678 -0.29038009827630784 0.3420201481567522
vn -0.7285517872530967 -0.23672002126756375 0.6427876203081406
vn -0.9311883059638726 -0.12613707584611783 0.3420201411220164
vn -0.9311883059638726 -0.12613707584611783 0.3420201411220164
vn -0.7285517872530967 -0.23672002126756375 0.6427876203081406
vn -0.7591116517532738 -0.10282788549981842 0.6427876213307568
vn -0.9311883059638726 -0.12613707584611783 0.3420201411220164
vn -0.7591116517532738 -0.10282788549981842 0.6427876213307568
vn -0.9387463688686769 0.04216009063558649 0.342020148081181
vn -0.9387463688686769 0.04216009063558649 0.342020148081181
vn -0.7591116517532738 -0.10282788549981842 0.6427876213307568
vn -0.7652730309904363 0.03436921633364609 0.6427876360099979
vn -0.9387463688686769 0.04216009063558649 0.342020148081181
vn -0.7652730309904363 0.03436921633364609 0.6427876360099979
vn -0.9161323575505174 0.20910218865780777 0.34202014289723576
vn -0.9161323575505174 0.20910218865780777 0.34202014289723576
vn -0.7652730309904363 0.03436921633364609 0.6427876360099979
vn -0.7468379137549426 0.17046167910191556 0.6427876371990369
vn -0.9161323575505174 0.20910218865780777 0.34202014289723576
vn -0.7468379137549426 0.17046167910191556 0.6427876371990369
vn -0.8640730921467018 0.36932359209580606 0.342020139391656
vn -0.8640730921467018 0.36932359209580606 0.342020139391656
vn -0.7468379137549426 0.17046167910191556 0.6427876371990369
vn -0.7043988157708041 0.30107534616753956 0.6427876354370743
vn -0.8640730921467018 0.36932359209580606 0.342020139391656
vn -0.7043988157708041 0.30107534616753956 0.6427876354370743
vn -0.7842418045048793 0.5176746182472108 0.34202014807542397
vn -0.7842418045048793 0.5176746182472108 0.34202014807542397
vn -0.7043988157708041 0.30107534616753956 0.6427876354370743
vn -0.6393197855670736 0.4220121966577589 0.6427876147333303
vn -0.7842418045048793 0.5176746182472108 0.34202014807542397
vn -0.6393197855670736 0.4220121966577589 0.6427876147333303
vn -0.6792043705929773 0.6493871260595386 0.34202015068637476
vn -0.6792043705929773 0.6493871260595386 0.34202015068637476
vn -0.6393197855670736 0.4220121966577589 0.6427876147333303
vn -0.5536924437798553 0.5293852457858779 0.6427876315279546
vn -0.6792043705929773 0.6493871260595386 0.34202015068637476
vn -0.5536924437798553 0.5293852457858779 0.6427876315279546
vn -0.5523367053955647 0.7602278455900467 0.34202015534510377
vn -0.5523367053955647 0.7602278455900467 0.34202015534510377
vn -0.5536924437798553 0.5293852457858779 0.6427876315279546
vn -0.4502690004288203 0.6197434123466677 0.6427876244186249
vn -0.5523367053955647 0.7602278455900467 0.34202015534510377
vn -0.4502690004288203 0.6197434123466677 0.6427876244186249
vn -0.40771649858864095 0.8466342088589354 0.3420201356183919
vn -0.40771649858864095 0.8466342088589354 0.3420201356183919
vn -0.4502690004288203 0.6197434123466677 0.6427876244186249
vn -0.33237353615173687 0.6901825158841643 0.6427876221846491
vn -0.40771649858864095 0.8466342088589354 0.3420201356183919
vn -0.33237353615173687 0.6901825158841643 0.6427876221846491
vn -0.249991961123601 0.9058290327015871 0.34202014982816914
vn -0.249991961123601 0.9058290327015871 0.34202014982816914
vn -0.33237353615173687 0.6901825158841643 0.6427876221846491
vn -0.20379529927524342 0.7384385987338197 0.6427876102518989
vn -0.249991961123601 0.9058290327015871 0.34202014982816914
vn -0.20379529927524342 0.7384385987338197 0.6427876102518989
vn -0.08423245963280336 0.935909781071219 0.3420201374764811
vn -0.08423245963280336 0.935909781071219 0.3420201374764811
vn -0.20379529927524342 0.7384385987338197 0.6427876102518989
vn -0.06866692393329814 0.7629606388171373 0.6427876143589609
vn -0.08423245963280336 0.935909781071219 0.3420201374764811
vn -0.06866692393329814 0.7629606388171373 0.6427876143589609
vn 8.090170011499474e-7 0.8090170011499476 0.5877852429669288
vn 8.090170011499474e-7 0.8090170011499476 0.5877852429669288
vn -0.06866692393329814 0.7629606388171373 0.6427876143589609
vn 5.877852429662502e-7 0.5877852429662503 0.8090170011506312
vn 5.877852429662502e-7 0.5877852429662503 0.8090170011506312
vn -0.06866692393329814 0.7629606388171373 0.6427876143589609
vn -0.04481916292554186 0.49798718972610306 0.8660254046523994
vn 5.877852429662502e-7 0.5877852429662503 0.8090170011506312
vn -0.04481916292554186 0.49798718972610306 0.8660254046523994
vn 3.090169903518577e-7 0.3090169903518577 0.9510565176022844
vn 3.090169903518577e-7 0.3090169903518577 0.9510565176022844
vn -0.04481916292554186 0.49798718972610306 0.8660254046523994
vn -0.015565527787223903 0.1729491412298251 0.9848077522504436
vn 3.090169903518577e-7 0.3090169903518577 0.9510565176022844
vn -0.015565527787223903 0.1729491412298251 0.9848077522504436
vn 2.2204460492492024e-22 2.2204460492492028e-16 1
vn 2.2204460492492024e-22 2.2204460492492028e-16 1
vn -0.015565527787223903 0.1729491412298251 0.9848077522504436
vn 2.2204460492492024e-22 2.2204460492492028e-16 1
vn 2.2204460492492024e-22 2.2204460492492028e-16 1
vn -0.015565527787223903 0.1729491412298251 0.9848077522504436
vn -0.04619664213304149 0.16739043343780713 0.9848077543607863
vn 2.2204460492492024e-22 2.2204460492492028e-16 1
vn -0.04619664213304149 0.16739043343780713 0.9848077543607863
vn 2.2204460492492024e-22 2.2204460492492028e-16 1
vn 2.2204460492492024e-22 2.2204460492492028e-16 1
vn -0.04619664213304149 0.16739043343780713 0.9848077543607863
vn -0.07534296224382486 0.15645168413172436 0.9848077520880268
vn 2.2204460492492024e-22 2.2204460492492028e-16 1
vn -0.07534296224382486 0.15645168413172436 0.9848077520880268
vn 2.2204460492492024e-22 2.2204460492492028e-16 1
vn 2.2204460492492024e-22 2.2204460492492028e-16 1
vn -0.07534296224382486 0.15645168413172436 0.9848077520880268
vn -0.10206770338104099 0.14048442747137854 0.9848077525916208
vn 2.2204460492492024e-22 2.2204460492492028e-16 1
vn -0.10206770338104099 0.14048442747137854 0.9848077525916208
vn 2.2204460492492024e-22 2.2204460492492028e-16 1
vn 2.2204460492492024e-22 2.2204460492492028e-16 1
vn -0.10206770338104099 0.14048442747137854 0.9848077525916208
vn -0.12551189033785018 0.12000190094544047 0.9848077523828193
vn 2.2204460492492024e-22 2.2204460492492028e-16 1
vn -0.12551189033785018 0.12000190094544047 0.9848077523828193
vn 2.2204460492492024e-22 2.2204460492492028e-16 1
vn 2.2204460492492024e-22 2.2204460492492028e-16 1
vn -0.12551189033785018 0.12000190094544047 0.9848077523828193
vn -0.14492202924770786 0.09566240626791832 0.9848077525414584
vn 2.2204460492492024e-22 2.2204460492492028e-16 1
vn -0.14492202924770786 0.09566240626791832 0.9848077525414584
vn 2.2204460492492024e-22 2.2204460492492028e-16 1
vn 2.2204460492492024e-22 2.2204460492492028e-16 1
vn -0.14492202924770786 0.09566240626791832 0.9848077525414584
vn -0.15967425417393175 0.06824824182237908 0.9848077528341015
vn 2.2204460492492024e-22 2.2204460492492028e-16 1
vn -0.15967425417393175 0.06824824182237908 0.9848077528341015
vn 2.2204460492492024e-22 2.2204460492492028e-16 1
vn 2.2204460492492024e-22 2.2204460492492028e-16 1
vn -0.15967425417393175 0.06824824182237908 0.9848077528341015
vn -0.16929441643324344 0.03864051875497581 0.9848077532568851
vn 2.2204460492492024e-22 2.2204460492492028e-16 1
vn -0.16929441643324344 0.03864051875497581 0.9848077532568851
vn 2.2204460492492024e-22 2.2204460492492028e-16 1
vn 2.2204460492492024e-22 2.2204460492492028e-16 1
vn -0.16929441643324344 0.03864051875497581 0.9848077532568851
vn -0.17347331472609073 0.007790873783242934 0.9848077535050364
vn 2.2204460492492024e-22 2.2204460492492028e-16 1
vn -0.17347331472609073 0.007790873783242934 0.9848077535050364
vn 2.2204460492492024e-22 2.2204460492492028e-16 1
vn 2.2204460492492024e-22 2.2204460492492028e-16 1
vn -0.17347331472609073 0.007790873783242934 0.9848077535050364
vn -0.17207665130996005 -0.023309187768691786 0.9848077517157927
vn 2.2204460492492024e-22 2.2204460492492028e-16 1
vn -0.17207665130996005 -0.023309187768691786 0.9848077517157927
vn 2.2204460492492024e-22 2.2204460492492028e-16 1
vn 2.2204460492492024e-22 2.2204460492492028e-16 1
vn -0.17207665130996005 -0.023309187768691786 0.9848077517157927
vn -0.1651492868331444 -0.05366007574408702 0.9848077524723506
vn 2.2204460492492024e-22 2.2204460492492028e-16 1
vn -0.1651492868331444 -0.05366007574408702 0.9848077524723506
vn 2.2204460492492024e-22 2.2204460492492028e-16 1
vn 2.2204460492492024e-22 2.2204460492492028e-16 1
vn -0.1651492868331444 -0.05366007574408702 0.9848077524723506
vn -0.15291389313657416 -0.08228628235082104 0.9848077523165104
vn 2.2204460492492024e-22 2.2204460492492028e-16 1
vn -0.15291389313657416 -0.08228628235082104 0.9848077523165104
vn 2.2204460492492024e-22 2.2204460492492028e-16 1
vn 2.2204460492492024e-22 2.2204460492492028e-16 1
vn -0.15291389313657416 -0.08228628235082104 0.9848077523165104
vn -0.1357637265573948 -0.1082677355634643 0.9848077517907792
vn 2.2204460492492024e-22 2.2204460492492028e-16 1
vn -0.1357637265573948 -0.1082677355634643 0.9848077517907792
vn 2.2204460492492024e-22 2.2204460492492028e-16 1
vn 2.2204460492492024e-22 2.2204460492492028e-16 1
vn -0.1357637265573948 -0.1082677355634643 0.9848077517907792
vn -0.11424999114634309 -0.130769378686341 0.9848077523664449
vn 2.2204460492492024e-22 2.2204460492492028e-16 1
vn -0.11424999114634309 -0.130769378686341 0.9848077523664449
vn 2.2204460492492024e-22 2.2204460492492028e-16 1
vn 2.2204460492492024e-22 2.2204460492492028e-16 1
vn -0.11424999114634309 -0.130769378686341 0.9848077523664449
vn -0.08906417613412329 -0.14906798238092756 0.9848077523854235
vn 2.2204460492492024e-22 2.2204460492492028e-16 1
vn -0.08906417613412329 -0.14906798238092756 0.9848077523854235
vn 2.2204460492492024e-22 2.2204460492492028e-16 1
vn 2.2204460492492024e-22 2.2204460492492028e-16 1
vn -0.08906417613412329 -0.14906798238092756 0.9848077523854235
vn -0.06101576460109866 -0.1625754150811914 0.9848077532601587
vn 2.2204460492492024e-22 2.2204460492492028e-16 1
vn -0.06101576460109866 -0.1625754150811914 0.9848077532601587
vn 2.2204460492492024e-22 2.2204460492492028e-16 1
vn 2.2204460492492024e-22 2.2204460492492028e-16 1
vn -0.06101576460109866 -0.1625754150811914 0.9848077532601587
vn -0.03100625236916002 -0.17085755333059544 0.9848077521952713
vn 2.2204460492492024e-22 2.2204460492492028e-16 1
vn -0.03100625236916002 -0.17085755333059544 0.9848077521952713
vn 2.2204460492492024e-22 2.2204460492492028e-16 1
vn 2.2204460492492024e-22 2.2204460492492028e-16 1
vn -0.03100625236916002 -0.17085755333059544 0.9848077521952713
vn -3.0901699035185736e-7 -0.3090169903518574 0.9510565176022847
vn -3.0901699035185736e-7 -0.3090169903518574 0.9510565176022847
vn -0.03100625236916002 -0.17085755333059544 0.9848077521952713
vn -0.0892789428121759 -0.4919647132973272 0.8660253987272075
vn -3.0901699035185736e-7 -0.3090169903518574 0.9510565176022847
vn -0.0892789428121759 -0.4919647132973272 0.8660253987272075
vn -5.8778524296625e-7 -0.5877852429662501 0.8090170011506316
vn -5.8778524296625e-7 -0.5877852429662501 0.8090170011506316
vn -0.0892789428121759 -0.4919647132973272 0.8660253987272075
vn -0.13678326156433981 -0.7537336622621479 0.6427876054566639
vn -5.8778524296625e-7 -0.5877852429662501 0.8090170011506316
vn -0.13678326156433981 -0.7537336622621479 0.6427876054566639
vn -8.090170011499471e-7 -0.8090170011499472 0.5877852429669289
vn 8.090170011499474e-7 0.8090170011499476 0.5877852429669288
vn 9.510565176017181e-7 0.951056517601718 0.3090169903522915
vn -0.08423245963280336 0.935909781071219 0.3420201374764811
vn -0.04619664213304149 0.16739043343780713 0.9848077543607863
vn -0.015565527787223903 0.1729491412298251 0.9848077522504436
vn -0.04481916292554186 0.49798718972610306 0.8660254046523994
vn -0.04481916292554186 0.49798718972610306 0.8660254046523994
vn -0.06866692393329814 0.7629606388171373 0.6427876143589609
vn -0.13301794637563114 0.48198156836930517 0.8660254001438262
vn -0.13301794637563114 0.48198156836930517 0.8660254001438262
vn -0.06866692393329814 0.7629606388171373 0.6427876143589609
vn -0.20379529927524342 0.7384385987338197 0.6427876102518989
vn -0.13301794637563114 0.48198156836930517 0.8660254001438262
vn -0.20379529927524342 0.7384385987338197 0.6427876102518989
vn -0.21694142407465652 0.45048465140282373 0.866025402266548
vn -0.21694142407465652 0.45048465140282373 0.866025402266548
vn -0.20379529927524342 0.7384385987338197 0.6427876102518989
vn -0.33237353615173687 0.6901825158841643 0.6427876221846491
vn -0.21694142407465652 0.45048465140282373 0.866025402266548
vn -0.33237353615173687 0.6901825158841643 0.6427876221846491
vn -0.29389222785946084 0.4045088094492566 0.8660253930929207
vn -0.29389222785946084 0.4045088094492566 0.8660253930929207
vn -0.33237353615173687 0.6901825158841643 0.6427876221846491
vn -0.4502690004288203 0.6197434123466677 0.6427876244186249
vn -0.29389222785946084 0.4045088094492566 0.8660253930929207
vn -0.4502690004288203 0.6197434123466677 0.6427876244186249
vn -0.3613970975155459 0.3455316772107418 0.8660254026016043
vn -0.3613970975155459 0.3455316772107418 0.8660254026016043
vn -0.4502690004288203 0.6197434123466677 0.6427876244186249
vn -0.5536924437798553 0.5293852457858779 0.6427876315279546
vn -0.3613970975155459 0.3455316772107418 0.8660254026016043
vn -0.5536924437798553 0.5293852457858779 0.6427876315279546
vn -0.4172863699359173 0.27544891216993306 0.8660253935365321
vn -0.4172863699359173 0.27544891216993306 0.8660253935365321
vn -0.5536924437798553 0.5293852457858779 0.6427876315279546
vn -0.6393197855670736 0.4220121966577589 0.6427876147333303
vn -0.4172863699359173 0.27544891216993306 0.8660253935365321
vn -0.6393197855670736 0.4220121966577589 0.6427876147333303
vn -0.4597636830275476 0.19651297213156732 0.8660254081451436
vn -0.4597636830275476 0.19651297213156732 0.8660254081451436
vn -0.6393197855670736 0.4220121966577589 0.6427876147333303
vn -0.7043988157708041 0.30107534616753956 0.6427876354370743
vn -0.4597636830275476 0.19651297213156732 0.8660254081451436
vn -0.7043988157708041 0.30107534616753956 0.6427876354370743
vn -0.4874638463518656 0.11126096029187665 0.8660254021763877
vn -0.4874638463518656 0.11126096029187665 0.8660254021763877
vn -0.7043988157708041 0.30107534616753956 0.6427876354370743
vn -0.7468379137549426 0.17046167910191556 0.6427876371990369
vn -0.4874638463518656 0.11126096029187665 0.8660254021763877
vn -0.7468379137549426 0.17046167910191556 0.6427876371990369
vn -0.49949651871303297 0.022432919969930826 0.8660253991051207
vn -0.49949651871303297 0.022432919969930826 0.8660253991051207
vn -0.7468379137549426 0.17046167910191556 0.6427876371990369
vn -0.7652730309904363 0.03436921633364609 0.6427876360099979
vn -0.49949651871303297 0.022432919969930826 0.8660253991051207
vn -0.7652730309904363 0.03436921633364609 0.6427876360099979
vn -0.4954749619527669 -0.06711613264816656 0.8660253961728015
vn -0.4954749619527669 -0.06711613264816656 0.8660253961728015
vn -0.7652730309904363 0.03436921633364609 0.6427876360099979
vn -0.7591116517532738 -0.10282788549981842 0.6427876213307568
vn -0.4954749619527669 -0.06711613264816656 0.8660253961728015
vn -0.7591116517532738 -0.10282788549981842 0.6427876213307568
vn -0.47552841908568283 -0.15450802152456883 0.8660254002778641
vn -0.47552841908568283 -0.15450802152456883 0.8660254002778641
vn -0.7591116517532738 -0.10282788549981842 0.6427876213307568
vn -0.7285517872530967 -0.23672002126756375 0.6427876203081406
vn -0.47552841908568283 -0.15450802152456883 0.8660254002778641
vn -0.7285517872530967 -0.23672002126756375 0.6427876203081406
vn -0.44029801474409663 -0.23693389868566841 0.8660253956241796
vn -0.44029801474409663 -0.23693389868566841 0.8660253956241796
vn -0.7285517872530967 -0.23672002126756375 0.6427876203081406
vn -0.6745756873990055 -0.36300376834205694 0.6427876057762978
vn -0.44029801474409663 -0.23693389868566841 0.8660253956241796
vn -0.6745756873990055 -0.36300376834205694 0.6427876057762978
vn -0.39091607027799663 -0.31174451067417414 0.8660253957378664
vn -0.39091607027799663 -0.31174451067417414 0.8660253957378664
vn -0.6745756873990055 -0.36300376834205694 0.6427876057762978
vn -0.5989181317814292 -0.4776202874157764 0.6427876262594932
vn -0.39091607027799663 -0.31174451067417414 0.8660253957378664
vn -0.5989181317814292 -0.4776202874157764 0.6427876262594932
vn -0.3289697288202576 -0.37653540008746905 0.8660254095584585
vn -0.3289697288202576 -0.37653540008746905 0.8660254095584585
vn -0.5989181317814292 -0.4776202874157764 0.6427876262594932
vn -0.5040108823014738 -0.5768857002961146 0.6427876160253488
vn -0.3289697288202576 -0.37653540008746905 0.8660254095584585
vn -0.5040108823014738 -0.5768857002961146 0.6427876160253488
vn -0.2564500742148785 -0.42922414400391845 0.8660254001120792
vn -0.2564500742148785 -0.42922414400391845 0.8660254001120792
vn -0.5040108823014738 -0.5768857002961146 0.6427876160253488
vn -0.3929042843468675 -0.6576095359920129 0.6427876177356293
vn -0.2564500742148785 -0.42922414400391845 0.8660254001120792
vn -0.3929042843468675 -0.6576095359920129 0.6427876177356293
vn -0.17568787772535266 -0.4681172743045108 0.8660253963470568
vn -0.17568787772535266 -0.4681172743045108 0.8660253963470568
vn -0.3929042843468675 -0.6576095359920129 0.6427876177356293
vn -0.2691694576888269 -0.7171972284621612 0.6427876309744124
vn -0.17568787772535266 -0.4681172743045108 0.8660253963470568
vn -0.2691694576888269 -0.7171972284621612 0.6427876309744124
vn -0.0892789428121759 -0.4919647132973272 0.8660253987272075
vn -0.0892789428121759 -0.4919647132973272 0.8660253987272075
vn -0.2691694576888269 -0.7171972284621612 0.6427876309744124
vn -0.13678326156433981 -0.7537336622621479 0.6427876054566639
vn -0.07534296224382486 0.15645168413172436 0.9848077520880268
vn -0.04619664213304149 0.16739043343780713 0.9848077543607863
vn -0.13301794637563114 0.48198156836930517 0.8660254001438262
vn -0.13301794637563114 0.48198156836930517 0.8660254001438262
vn -0.04619664213304149 0.16739043343780713 0.9848077543607863
vn -0.04481916292554186 0.49798718972610306 0.8660254046523994
vn -0.07534296224382486 0.15645168413172436 0.9848077520880268
vn -0.13301794637563114 0.48198156836930517 0.8660254001438262
vn -0.21694142407465652 0.45048465140282373 0.866025402266548
vn -0.10206770338104099 0.14048442747137854 0.9848077525916208
vn -0.07534296224382486 0.15645168413172436 0.9848077520880268
vn -0.21694142407465652 0.45048465140282373 0.866025402266548
vn -0.10206770338104099 0.14048442747137854 0.9848077525916208
vn -0.21694142407465652 0.45048465140282373 0.866025402266548
vn -0.29389222785946084 0.4045088094492566 0.8660253930929207
vn -0.12551189033785018 0.12000190094544047 0.9848077523828193
vn -0.10206770338104099 0.14048442747137854 0.9848077525916208
vn -0.29389222785946084 0.4045088094492566 0.8660253930929207
vn -0.12551189033785018 0.12000190094544047 0.9848077523828193
vn -0.29389222785946084 0.4045088094492566 0.8660253930929207
vn -0.3613970975155459 0.3455316772107418 0.8660254026016043
vn -0.14492202924770786 0.09566240626791832 0.9848077525414584
vn -0.12551189033785018 0.12000190094544047 0.9848077523828193
vn -0.3613970975155459 0.3455316772107418 0.8660254026016043
vn -0.14492202924770786 0.09566240626791832 0.9848077525414584
vn -0.3613970975155459 0.3455316772107418 0.8660254026016043
vn -0.4172863699359173 0.27544891216993306 0.8660253935365321
vn -0.15967425417393175 0.06824824182237908 0.9848077528341015
vn -0.14492202924770786 0.09566240626791832 0.9848077525414584
vn -0.4172863699359173 0.27544891216993306 0.8660253935365321
vn -0.15967425417393175 0.06824824182237908 0.9848077528341015
vn -0.4172863699359173 0.27544891216993306 0.8660253935365321
vn -0.4597636830275476 0.19651297213156732 0.8660254081451436
vn -0.16929441643324344 0.03864051875497581 0.9848077532568851
vn -0.15967425417393175 0.06824824182237908 0.9848077528341015
vn -0.4597636830275476 0.19651297213156732 0.8660254081451436
vn -0.16929441643324344 0.03864051875497581 0.9848077532568851
vn -0.4597636830275476 0.19651297213156732 0.8660254081451436
vn -0.4874638463518656 0.11126096029187665 0.8660254021763877
vn -0.17347331472609073 0.007790873783242934 0.9848077535050364
vn -0.16929441643324344 0.03864051875497581 0.9848077532568851
vn -0.4874638463518656 0.11126096029187665 0.8660254021763877
vn -0.17347331472609073 0.007790873783242934 0.9848077535050364
vn -0.4874638463518656 0.11126096029187665 0.8660254021763877
vn -0.49949651871303297 0.022432919969930826 0.8660253991051207
vn -0.17207665130996005 -0.023309187768691786 0.9848077517157927
vn -0.17347331472609073 0.007790873783242934 0.9848077535050364
vn -0.49949651871303297 0.022432919969930826 0.8660253991051207
vn -0.17207665130996005 -0.023309187768691786 0.9848077517157927
vn -0.49949651871303297 0.022432919969930826 0.8660253991051207
vn -0.4954749619527669 -0.06711613264816656 0.8660253961728015
vn -0.1651492868331444 -0.05366007574408702 0.9848077524723506
vn -0.17207665130996005 -0.023309187768691786 0.9848077517157927
vn -0.4954749619527669 -0.06711613264816656 0.8660253961728015
vn -0.1651492868331444 -0.05366007574408702 0.9848077524723506
vn -0.4954749619527669 -0.06711613264816656 0.8660253961728015
vn -0.47552841908568283 -0.15450802152456883 0.8660254002778641
vn -0.15291389313657416 -0.08228628235082104 0.9848077523165104
vn -0.1651492868331444 -0.05366007574408702 0.9848077524723506
vn -0.47552841908568283 -0.15450802152456883 0.8660254002778641
vn -0.15291389313657416 -0.08228628235082104 0.9848077523165104
vn -0.47552841908568283 -0.15450802152456883 0.8660254002778641
vn -0.44029801474409663 -0.23693389868566841 0.8660253956241796
vn -0.1357637265573948 -0.1082677355634643 0.9848077517907792
vn -0.15291389313657416 -0.08228628235082104 0.9848077523165104
vn -0.44029801474409663 -0.23693389868566841 0.8660253956241796
vn -0.1357637265573948 -0.1082677355634643 0.9848077517907792
vn -0.44029801474409663 -0.23693389868566841 0.8660253956241796
vn -0.39091607027799663 -0.31174451067417414 0.8660253957378664
vn -0.11424999114634309 -0.130769378686341 0.9848077523664449
vn -0.1357637265573948 -0.1082677355634643 0.9848077517907792
vn -0.39091607027799663 -0.31174451067417414 0.8660253957378664
vn -0.11424999114634309 -0.130769378686341 0.9848077523664449
vn -0.39091607027799663 -0.31174451067417414 0.8660253957378664
vn -0.3289697288202576 -0.37653540008746905 0.8660254095584585
vn -0.08906417613412329 -0.14906798238092756 0.9848077523854235
vn -0.11424999114634309 -0.130769378686341 0.9848077523664449
vn -0.3289697288202576 -0.37653540008746905 0.8660254095584585
vn -0.08906417613412329 -0.14906798238092756 0.9848077523854235
vn -0.3289697288202576 -0.37653540008746905 0.8660254095584585
vn -0.2564500742148785 -0.42922414400391845 0.8660254001120792
vn -0.06101576460109866 -0.1625754150811914 0.9848077532601587
vn -0.08906417613412329 -0.14906798238092756 0.9848077523854235
vn -0.2564500742148785 -0.42922414400391845 0.8660254001120792
vn -0.06101576460109866 -0.1625754150811914 0.9848077532601587
vn -0.2564500742148785 -0.42922414400391845 0.8660254001120792
vn -0.17568787772535266 -0.4681172743045108 0.8660253963470568
vn -0.03100625236916002 -0.17085755333059544 0.9848077521952713
vn -0.06101576460109866 -0.1625754150811914 0.9848077532601587
vn -0.17568787772535266 -0.4681172743045108 0.8660253963470568
vn -0.03100625236916002 -0.17085755333059544 0.9848077521952713
vn -0.17568787772535266 -0.4681172743045108 0.8660253963470568
vn -0.0892789428121759 -0.4919647132973272 0.8660253987272075
vn 9.999999999995e-7 0.9999999999995 -1.1102230246246014e-16
vn 9.999999999995e-7 0.9999999999995 -1.1102230246246014e-16
vn -0.17364720303115203 0.984807924866295 -1.0933564330198819e-16
vn -0.17364720303115203 0.984807924866295 -1.0933564330198819e-16
vn 9.999999999995e-7 0.9999999999995 -1.1102230246246014e-16
vn -0.17364720303115203 0.984807924866295 -1.0933564330198819e-16
vn -0.17364720303115203 0.984807924866295 -1.0933564330198819e-16
vn -0.17364720303115203 0.984807924866295 -1.0933564330198819e-16
vn -0.3420192117693558 0.9396929598441549 -1.0432687600971434e-16
vn -0.3420192117693558 0.9396929598441549 -1.0432687600971434e-16
vn -0.17364720303115203 0.984807924866295 -1.0933564330198819e-16
vn -0.3420192117693558 0.9396929598441549 -1.0432687600971434e-16
vn -0.3420192117693558 0.9396929598441549 -1.0432687600971434e-16
vn -0.3420192117693558 0.9396929598441549 -1.0432687600971434e-16
vn -0.49999913967255366 0.8660259004941516 -9.614818946503419e-17
vn -0.49999913967255366 0.8660259004941516 -9.614818946503419e-17
vn -0.3420192117693558 0.9396929598441549 -1.0432687600971434e-16
vn -0.49999913967255366 0.8660259004941516 -9.614818946503419e-17
vn -0.49999913967255366 0.8660259004941516 -9.614818946503419e-17
vn -0.49999913967255366 0.8660259004941516 -9.614818946503419e-17
vn -0.6427868441538471 0.7660450854765259 -8.504808917969852e-17
vn -0.6427868441538471 0.7660450854765259 -8.504808917969852e-17
vn -0.49999913967255366 0.8660259004941516 -9.614818946503419e-17
vn -0.6427868441538471 0.7660450854765259 -8.504808917969852e-17
vn -0.6427868441538471 0.7660450854765259 -8.504808917969852e-17
vn -0.6427868441538471 0.7660450854765259 -8.504808917969852e-17
vn -0.7660437999013057 0.6427883762427324 -7.136384552660995e-17
vn -0.7660437999013057 0.6427883762427324 -7.136384552660995e-17
vn -0.6427868441538471 0.7660450854765259 -8.504808917969852e-17
vn -0.7660437999013057 0.6427883762427324 -7.136384552660995e-17
vn -0.7660437999013057 0.6427883762427324 -7.136384552660995e-17
vn -0.7660437999013057 0.6427883762427324 -7.136384552660995e-17
vn -0.8660249004941403 0.5000008717233546 -5.551124801199177e-17
vn -0.8660249004941403 0.5000008717233546 -5.551124801199177e-17
vn -0.7660437999013057 0.6427883762427324 -7.136384552660995e-17
vn -0.8660249004941403 0.5000008717233546 -5.551124801199177e-17
vn -0.8660249004941403 0.5000008717233546 -5.551124801199177e-17
vn -0.8660249004941403 0.5000008717233546 -5.551124801199177e-17
vn -0.9396922758038522 0.3420210911545915 -3.7971969030724695e-17
vn -0.9396922758038522 0.3420210911545915 -3.7971969030724695e-17
vn -0.8660249004941403 0.5000008717233546 -5.551124801199177e-17
vn -0.9396922758038522 0.3420210911545915 -3.7971969030724695e-17
vn -0.9396922758038522 0.3420210911545915 -3.7971969030724695e-17
vn -0.9396922758038522 0.3420210911545915 -3.7971969030724695e-17
vn -0.9848075775699192 0.17364917264665447 -1.9278930967942473e-17
vn -0.9848075775699192 0.17364917264665447 -1.9278930967942473e-17
vn -0.9396922758038522 0.3420210911545915 -3.7971969030724695e-17
vn -0.9848075775699192 0.17364917264665447 -1.9278930967942473e-17
vn -0.9848075775699192 0.17364917264665447 -1.9278930967942473e-17
vn -0.9848075775699192 0.17364917264665447 -1.9278930967942473e-17
vn -0.9999999999995 9.999999999995e-7 -1.1102230246246014e-22
vn -0.9999999999995 9.999999999995e-7 -1.1102230246246014e-22
vn -0.9848075775699192 0.17364917264665447 -1.9278930967942473e-17
vn -0.9999999999995 9.999999999995e-7 -1.1102230246246014e-22
vn -0.9999999999995 9.999999999995e-7 -1.1102230246246014e-22
vn -0.9999999999995 9.999999999995e-7 -1.1102230246246014e-22
vn -0.984807924866295 -0.17364720303115203 1.9278712296694425e-17
vn -0.984807924866295 -0.17364720303115203 1.9278712296694425e-17
vn -0.9999999999995 9.999999999995e-7 -1.1102230246246014e-22
vn -0.984807924866295 -0.17364720303115203 1.9278712296694425e-17
vn -0.984807924866295 -0.17364720303115203 1.9278712296694425e-17
vn -0.984807924866295 -0.17364720303115203 1.9278712296694425e-17
vn -0.9396929598441549 -0.3420192117693558 3.797176037704861e-17
vn -0.9396929598441549 -0.3420192117693558 3.797176037704861e-17
vn -0.984807924866295 -0.17364720303115203 1.9278712296694425e-17
vn -0.9396929598441549 -0.3420192117693558 3.797176037704861e-17
vn -0.9396929598441549 -0.3420192117693558 3.797176037704861e-17
vn -0.9396929598441549 -0.3420192117693558 3.797176037704861e-17
vn -0.8660259004941516 -0.49999913967255366 5.551105571572386e-17
vn -0.8660259004941516 -0.49999913967255366 5.551105571572386e-17
vn -0.9396929598441549 -0.3420192117693558 3.797176037704861e-17
vn -0.8660259004941516 -0.49999913967255366 5.551105571572386e-17
vn -0.8660259004941516 -0.49999913967255366 5.551105571572386e-17
vn -0.8660259004941516 -0.49999913967255366 5.551105571572386e-17
vn -0.7660450854765259 -0.6427868441538471 7.136367543057433e-17
vn -0.7660450854765259 -0.6427868441538471 7.136367543057433e-17
vn -0.8660259004941516 -0.49999913967255366 5.551105571572386e-17
vn -0.7660450854765259 -0.6427868441538471 7.136367543057433e-17
vn -0.7660450854765259 -0.6427868441538471 7.136367543057433e-17
vn -0.7660450854765259 -0.6427868441538471 7.136367543057433e-17
vn -0.6427883762427324 -0.7660437999013057 8.504794645217758e-17
vn -0.6427883762427324 -0.7660437999013057 8.504794645217758e-17
vn -0.7660450854765259 -0.6427868441538471 7.136367543057433e-17
vn -0.6427883762427324 -0.7660437999013057 8.504794645217758e-17
vn -0.6427883762427324 -0.7660437999013057 8.504794645217758e-17
vn -0.6427883762427324 -0.7660437999013057 8.504794645217758e-17
vn -0.5000008717233546 -0.8660249004941403 9.614807844273046e-17
vn -0.5000008717233546 -0.8660249004941403 9.614807844273046e-17
vn -0.6427883762427324 -0.7660437999013057 8.504794645217758e-17
vn -0.5000008717233546 -0.8660249004941403 9.614807844273046e-17
vn -0.5000008717233546 -0.8660249004941403 9.614807844273046e-17
vn -0.5000008717233546 -0.8660249004941403 9.614807844273046e-17
vn -0.3420210911545915 -0.9396922758038522 1.0432680006598496e-16
vn -0.3420210911545915 -0.9396922758038522 1.0432680006598496e-16
vn -0.5000008717233546 -0.8660249004941403 9.614807844273046e-17
vn -0.3420210911545915 -0.9396922758038522 1.0432680006598496e-16
vn -0.3420210911545915 -0.9396922758038522 1.0432680006598496e-16
vn -0.3420210911545915 -0.9396922758038522 1.0432680006598496e-16
vn -0.17364917264665447 -0.9848075775699192 1.0933560474434492e-16
vn -0.17364917264665447 -0.9848075775699192 1.0933560474434492e-16
vn -0.3420210911545915 -0.9396922758038522 1.0432680006598496e-16
vn -0.17364917264665447 -0.9848075775699192 1.0933560474434492e-16
vn -0.17364917264665447 -0.9848075775699192 1.0933560474434492e-16
vn -0.17364917264665447 -0.9848075775699192 1.0933560474434492e-16
vn -9.999999999995e-7 -0.9999999999995 1.1102230246246014e-16
vn -9.999999999995e-7 -0.9999999999995 1.1102230246246014e-16
vn -0.17364917264665447 -0.9848075775699192 1.0933560474434492e-16
vn -9.999999999995e-7 -0.9999999999995 1.1102230246246014e-16
vn -9.999999999995e-7 -0.9999999999995 1.1102230246246014e-16
vn -9.999999999995e-7 -0.9999999999995 1.1102230246246014e-16
vn -0.1837505061231379 -0.9829729149368718 1.0913191627458205e-16
vn -0.1837505061231379 -0.9829729149368718 1.0913191627458205e-16
vn -9.999999999995e-7 -0.9999999999995 1.1102230246246014e-16
vn -0.1837505061231379 -0.9829729149368718 1.0913191627458205e-16
vn -0.1837505061231379 -0.9829729149368718 1.0913191627458205e-16
vn -0.1837505061231379 -0.9829729149368718 1.0913191627458205e-16
vn -0.3612426142476219 -0.9324718621232191 1.0352517311442922e-16
vn -0.3612426142476219 -0.9324718621232191 1.0352517311442922e-16
vn -0.1837505061231379 -0.9829729149368718 1.0913191627458205e-16
vn -0.3612426142476219 -0.9324718621232191 1.0352517311442922e-16
vn -0.3612426142476219 -0.9324718621232191 1.0352517311442922e-16
vn -0.3612426142476219 -0.9324718621232191 1.0352517311442922e-16
vn -0.526433006497649 -0.8502166133814643 9.439300600949266e-17
vn -0.526433006497649 -0.8502166133814643 9.439300600949266e-17
vn -0.3612426142476219 -0.9324718621232191 1.0352517311442922e-16
vn -0.526433006497649 -0.8502166133814643 9.439300600949266e-17
vn -0.526433006497649 -0.8502166133814643 9.439300600949266e-17
vn -0.526433006497649 -0.8502166133814643 9.439300600949266e-17
vn -0.6736963896422281 -0.7390082371550584 8.204639602771939e-17
vn -0.6736963896422281 -0.7390082371550584 8.204639602771939e-17
vn -0.526433006497649 -0.8502166133814643 9.439300600949266e-17
vn -0.6736963896422281 -0.7390082371550584 8.204639602771939e-17
vn -0.6736963896422281 -0.7390082371550584 8.204639602771939e-17
vn -0.6736963896422281 -0.7390082371550584 8.204639602771939e-17
vn -0.7980178263489224 -0.6026338430832947 6.690579680094174e-17
vn -0.7980178263489224 -0.6026338430832947 6.690579680094174e-17
vn -0.6736963896422281 -0.7390082371550584 8.204639602771939e-17
vn -0.7980178263489224 -0.6026338430832947 6.690579680094174e-17
vn -0.7980178263489224 -0.6026338430832947 6.690579680094174e-17
vn -0.7980178263489224 -0.6026338430832947 6.690579680094174e-17
vn -0.895163725866367 -0.4457374831591387 4.9486801674174373e-17
vn -0.895163725866367 -0.4457374831591387 4.9486801674174373e-17
vn -0.7980178263489224 -0.6026338430832947 6.690579680094174e-17
vn -0.895163725866367 -0.4457374831591387 4.9486801674174373e-17
vn -0.895163725866367 -0.4457374831591387 4.9486801674174373e-17
vn -0.895163725866367 -0.4457374831591387 4.9486801674174373e-17
vn -0.9618259173072621 -0.27366202658762084 3.038258828831584e-17
vn -0.9618259173072621 -0.27366202658762084 3.038258828831584e-17
vn -0.895163725866367 -0.4457374831591387 4.9486801674174373e-17
vn -0.9618259173072621 -0.27366202658762084 3.038258828831584e-17
vn -0.9618259173072621 -0.27366202658762084 3.038258828831584e-17
vn -0.9618259173072621 -0.27366202658762084 3.038258828831584e-17
vn -0.9957342683285799 -0.09226736625778183 1.0243735444091165e-17
vn -0.9957342683285799 -0.09226736625778183 1.0243735444091165e-17
vn -0.9618259173072621 -0.27366202658762084 3.038258828831584e-17
vn -0.9957342683285799 -0.09226736625778183 1.0243735444091165e-17
vn -0.9957342683285799 -0.09226736625778183 1.0243735444091165e-17
vn -0.9957342683285799 -0.09226736625778183 1.0243735444091165e-17
vn -0.995734083791856 0.09226935772613397 -1.0243956541492901e-17
vn -0.995734083791856 0.09226935772613397 -1.0243956541492901e-17
vn -0.9957342683285799 -0.09226736625778183 1.0243735444091165e-17
vn -0.995734083791856 0.09226935772613397 -1.0243956541492901e-17
vn -0.995734083791856 0.09226935772613397 -1.0243956541492901e-17
vn -0.995734083791856 0.09226935772613397 -1.0243956541492901e-17
vn -0.9618253699812853 0.2736639502389081 -3.038280185651089e-17
vn -0.9618253699812853 0.2736639502389081 -3.038280185651089e-17
vn -0.995734083791856 0.09226935772613397 -1.0243956541492901e-17
vn -0.9618253699812853 0.2736639502389081 -3.038280185651089e-17
vn -0.9618253699812853 0.2736639502389081 -3.038280185651089e-17
vn -0.9618253699812853 0.2736639502389081 -3.038280185651089e-17
vn -0.8951628343896104 0.445739273485699 -4.9487000440351256e-17
vn -0.8951628343896104 0.445739273485699 -4.9487000440351256e-17
vn -0.9618253699812853 0.2736639502389081 -3.038280185651089e-17
vn -0.8951628343896104 0.445739273485699 -4.9487000440351256e-17
vn -0.8951628343896104 0.445739273485699 -4.9487000440351256e-17
vn -0.8951628343896104 0.445739273485699 -4.9487000440351256e-17
vn -0.7980166210796403 0.6026354391177421 -6.69059739963609e-17
vn -0.7980166210796403 0.6026354391177421 -6.69059739963609e-17
vn -0.8951628343896104 0.445739273485699 -4.9487000440351256e-17
vn -0.7980166210796403 0.6026354391177421 -6.69059739963609e-17
vn -0.7980166210796403 0.6026354391177421 -6.69059739963609e-17
vn -0.7980166210796403 0.6026354391177421 -6.69059739963609e-17
vn -0.6736949116244064 0.7390095845463597 -8.204654561820398e-17
vn -0.6736949116244064 0.7390095845463597 -8.204654561820398e-17
vn -0.7980166210796403 0.6026354391177421 -6.69059739963609e-17
vn -0.6736949116244064 0.7390095845463597 -8.204654561820398e-17
vn -0.6736949116244064 0.7390095845463597 -8.204654561820398e-17
vn -0.6736949116244064 0.7390095845463597 -8.204654561820398e-17
vn -0.5264313060633695 0.8502176662457769 -9.439312290091283e-17
vn -0.5264313060633695 0.8502176662457769 -9.439312290091283e-17
vn -0.6736949116244064 0.7390095845463597 -8.204654561820398e-17
vn -0.5264313060633695 0.8502176662457769 -9.439312290091283e-17
vn -0.5264313060633695 0.8502176662457769 -9.439312290091283e-17
vn -0.5264313060633695 0.8502176662457769 -9.439312290091283e-17
vn -0.36124074930317523 0.9324725846065827 -1.0352525332619574e-16
vn -0.36124074930317523 0.9324725846065827 -1.0352525332619574e-16
vn -0.5264313060633695 0.8502176662457769 -9.439312290091283e-17
vn -0.36124074930317523 0.9324725846065827 -1.0352525332619574e-16
vn -0.36124074930317523 0.9324725846065827 -1.0352525332619574e-16
vn -0.36124074930317523 0.9324725846065827 -1.0352525332619574e-16
vn -0.1837485401769405 0.9829732824359182 -1.0913195707517234e-16
vn -0.1837485401769405 0.9829732824359182 -1.0913195707517234e-16
vn -0.36124074930317523 0.9324725846065827 -1.0352525332619574e-16
vn -0.1837485401769405 0.9829732824359182 -1.0913195707517234e-16
vn -0.1837485401769405 0.9829732824359182 -1.0913195707517234e-16
vn -0.1837485401769405 0.9829732824359182 -1.0913195707517234e-16
vn 9.999999999995e-7 0.9999999999995 -1.1102230246246014e-16
vn 9.999999999995e-7 0.9999999999995 -1.1102230246246014e-16
vn -0.1837485401769405 0.9829732824359182 -1.0913195707517234e-16
vn 9.999999999995e-7 0.9999999999995 -1.1102230246246014e-16
vn -9.999999999995e-7 -0.9999999999995 1.1102230246246014e-16
vn -0.17364917264665447 -0.9848075775699192 1.0933560474434492e-16
vn -9.999999999995e-7 -0.9999999999995 1.1102230246246014e-16
vn -9.999999999995e-7 -0.9999999999995 1.1102230246246014e-16
vn -0.17364917264665447 -0.9848075775699192 1.0933560474434492e-16
vn -0.17364917264665447 -0.9848075775699192 1.0933560474434492e-16
vn -0.17364917264665447 -0.9848075775699192 1.0933560474434492e-16
vn -0.17364917264665447 -0.9848075775699192 1.0933560474434492e-16
vn -0.3420210911545915 -0.9396922758038522 1.0432680006598496e-16
vn -0.17364917264665447 -0.9848075775699192 1.0933560474434492e-16
vn -0.3420210911545915 -0.9396922758038522 1.0432680006598496e-16
vn -0.3420210911545915 -0.9396922758038522 1.0432680006598496e-16
vn -0.3420210911545915 -0.9396922758038522 1.0432680006598496e-16
vn -0.3420210911545915 -0.9396922758038522 1.0432680006598496e-16
vn -0.5000008717233546 -0.8660249004941403 9.614807844273046e-17
vn -0.3420210911545915 -0.9396922758038522 1.0432680006598496e-16
vn -0.5000008717233546 -0.8660249004941403 9.614807844273046e-17
vn -0.5000008717233546 -0.8660249004941403 9.614807844273046e-17
vn -0.5000008717233546 -0.8660249004941403 9.614807844273046e-17
vn -0.5000008717233546 -0.8660249004941403 9.614807844273046e-17
vn -0.6427883762427324 -0.7660437999013057 8.504794645217758e-17
vn -0.5000008717233546 -0.8660249004941403 9.614807844273046e-17
vn -0.6427883762427324 -0.7660437999013057 8.504794645217758e-17
vn -0.6427883762427324 -0.7660437999013057 8.504794645217758e-17
vn -0.6427883762427324 -0.7660437999013057 8.504794645217758e-17
vn -0.6427883762427324 -0.7660437999013057 8.504794645217758e-17
vn -0.7660450854765259 -0.6427868441538471 7.136367543057433e-17
vn -0.6427883762427324 -0.7660437999013057 8.504794645217758e-17
vn -0.7660450854765259 -0.6427868441538471 7.136367543057433e-17
vn -0.7660450854765259 -0.6427868441538471 7.136367543057433e-17
vn -0.7660450854765259 -0.6427868441538471 7.136367543057433e-17
vn -0.7660450854765259 -0.6427868441538471 7.136367543057433e-17
vn -0.8660259004941516 -0.49999913967255366 5.551105571572386e-17
vn -0.7660450854765259 -0.6427868441538471 7.136367543057433e-17
vn -0.8660259004941516 -0.49999913967255366 5.551105571572386e-17
vn -0.8660259004941516 -0.49999913967255366 5.551105571572386e-17
vn -0.8660259004941516 -0.49999913967255366 5.551105571572386e-17
vn -0.8660259004941516 -0.49999913967255366 5.551105571572386e-17
vn -0.9396929598441549 -0.3420192117693558 3.797176037704861e-17
vn -0.8660259004941516 -0.49999913967255366 5.551105571572386e-17
vn -0.9396929598441549 -0.3420192117693558 3.797176037704861e-17
vn -0.9396929598441549 -0.3420192117693558 3.797176037704861e-17
vn -0.9396929598441549 -0.3420192117693558 3.797176037704861e-17
vn -0.9396929598441549 -0.3420192117693558 3.797176037704861e-17
vn -0.984807924866295 -0.17364720303115203 1.9278712296694425e-17
vn -0.9396929598441549 -0.3420192117693558 3.797176037704861e-17
vn -0.984807924866295 -0.17364720303115203 1.9278712296694425e-17
vn -0.984807924866295 -0.17364720303115203 1.9278712296694425e-17
vn -0.984807924866295 -0.17364720303115203 1.9278712296694425e-17
vn -0.984807924866295 -0.17364720303115203 1.9278712296694425e-17
vn -0.9999999999995 9.999999999995e-7 -1.1102230246246014e-22
vn -0.984807924866295 -0.17364720303115203 1.9278712296694425e-17
vn -0.9999999999995 9.999999999995e-7 -1.1102230246246014e-22
vn -0.9999999999995 9.999999999995e-7 -1.1102230246246014e-22
vn -0.9999999999995 9.999999999995e-7 -1.1102230246246014e-22
vn -0.9999999999995 9.999999999995e-7 -1.1102230246246014e-22
vn -0.9848075775699192 0.17364917264665447 -1.9278930967942473e-17
vn -0.9999999999995 9.999999999995e-7 -1.1102230246246014e-22
vn -0.9848075775699192 0.17364917264665447 -1.9278930967942473e-17
vn -0.9848075775699192 0.17364917264665447 -1.9278930967942473e-17
vn -0.9848075775699192 0.17364917264665447 -1.9278930967942473e-17
vn -0.9848075775699192 0.17364917264665447 -1.9278930967942473e-17
vn -0.9396922758038522 0.3420210911545915 -3.7971969030724695e-17
vn -0.9848075775699192 0.17364917264665447 -1.9278930967942473e-17
vn -0.9396922758038522 0.3420210911545915 -3.7971969030724695e-17
vn -0.9396922758038522 0.3420210911545915 -3.7971969030724695e-17
vn -0.9396922758038522 0.3420210911545915 -3.7971969030724695e-17
vn -0.9396922758038522 0.3420210911545915 -3.7971969030724695e-17
vn -0.8660249004941403 0.5000008717233546 -5.551124801199177e-17
vn -0.9396922758038522 0.3420210911545915 -3.7971969030724695e-17
vn -0.8660249004941403 0.5000008717233546 -5.551124801199177e-17
vn -0.8660249004941403 0.5000008717233546 -5.551124801199177e-17
vn -0.8660249004941403 0.5000008717233546 -5.551124801199177e-17
vn -0.8660249004941403 0.5000008717233546 -5.551124801199177e-17
vn -0.7660437999013057 0.6427883762427324 -7.136384552660995e-17
vn -0.8660249004941403 0.5000008717233546 -5.551124801199177e-17
vn -0.7660437999013057 0.6427883762427324 -7.136384552660995e-17
vn -0.7660437999013057 0.6427883762427324 -7.136384552660995e-17
vn -0.7660437999013057 0.6427883762427324 -7.136384552660995e-17
vn -0.7660437999013057 0.6427883762427324 -7.136384552660995e-17
vn -0.6427868441538471 0.7660450854765259 -8.504808917969852e-17
vn -0.7660437999013057 0.6427883762427324 -7.136384552660995e-17
vn -0.6427868441538471 0.7660450854765259 -8.504808917969852e-17
vn -0.6427868441538471 0.7660450854765259 -8.504808917969852e-17
vn -0.6427868441538471 0.7660450854765259 -8.504808917969852e-17
vn -0.6427868441538471 0.7660450854765259 -8.504808917969852e-17
vn -0.49999913967255366 0.8660259004941516 -9.614818946503419e-17
vn -0.6427868441538471 0.7660450854765259 -8.504808917969852e-17
vn -0.49999913967255366 0.8660259004941516 -9.614818946503419e-17
vn -0.49999913967255366 0.8660259004941516 -9.614818946503419e-17
vn -0.49999913967255366 0.8660259004941516 -9.614818946503419e-17
vn -0.49999913967255366 0.8660259004941516 -9.614818946503419e-17
vn -0.3420192117693558 0.9396929598441549 -1.0432687600971434e-16
vn -0.49999913967255366 0.8660259004941516 -9.614818946503419e-17
vn -0.3420192117693558 0.9396929598441549 -1.0432687600971434e-16
vn -0.3420192117693558 0.9396929598441549 -1.0432687600971434e-16
vn -0.3420192117693558 0.9396929598441549 -1.0432687600971434e-16
vn -0.3420192117693558 0.9396929598441549 -1.0432687600971434e-16
vn -0.17364720303115203 0.984807924866295 -1.0933564330198819e-16
vn -0.3420192117693558 0.9396929598441549 -1.0432687600971434e-16
vn -0.17364720303115203 0.984807924866295 -1.0933564330198819e-16
vn -0.17364720303115203 0.984807924866295 -1.0933564330198819e-16
vn -0.17364720303115203 0.984807924866295 -1.0933564330198819e-16
vn -0.17364720303115203 0.984807924866295 -1.0933564330198819e-16
vn 9.999999999995e-7 0.9999999999995 -1.1102230246246014e-16
vn 9.999999999995e-7 0.9999999999995 -1.1102230246246014e-16
vn -0.17364720303115203 0.984807924866295 -1.0933564330198819e-16
vn 9.999999999995e-7 0.9999999999995 -1.1102230246246014e-16
vn 9.999999999995e-7 0.9999999999995 -1.1102230246246014e-16
vn 9.999999999995e-7 0.9999999999995 -1.1102230246246014e-16
vn 0.17364917264665447 0.9848075775699192 -1.0933560474434492e-16
vn 0.17364917264665447 0.9848075775699192 -1.0933560474434492e-16
vn 9.999999999995e-7 0.9999999999995 -1.1102230246246014e-16
vn 0.17364917264665447 0.9848075775699192 -1.0933560474434492e-16
vn 0.17364917264665447 0.9848075775699192 -1.0933560474434492e-16
vn 0.17364917264665447 0.9848075775699192 -1.0933560474434492e-16
vn 0.3420210911545915 0.9396922758038522 -1.0432680006598496e-16
vn 0.17364917264665447 0.9848075775699192 -1.0933560474434492e-16
vn 0.3420210911545915 0.9396922758038522 -1.0432680006598496e-16
vn 0.3420210911545915 0.9396922758038522 -1.0432680006598496e-16
vn 0.3420210911545915 0.9396922758038522 -1.0432680006598496e-16
vn 0.3420210911545915 0.9396922758038522 -1.0432680006598496e-16
vn 0.5000008717233546 0.8660249004941403 -9.614807844273046e-17
vn 0.3420210911545915 0.9396922758038522 -1.0432680006598496e-16
vn 0.5000008717233546 0.8660249004941403 -9.614807844273046e-17
vn 0.5000008717233546 0.8660249004941403 -9.614807844273046e-17
vn 0.5000008717233546 0.8660249004941403 -9.614807844273046e-17
vn 0.5000008717233546 0.8660249004941403 -9.614807844273046e-17
vn 0.6427883762427324 0.7660437999013057 -8.504794645217758e-17
vn 0.5000008717233546 0.8660249004941403 -9.614807844273046e-17
vn 0.6427883762427324 0.7660437999013057 -8.504794645217758e-17
vn 0.6427883762427324 0.7660437999013057 -8.504794645217758e-17
vn 0.6427883762427324 0.7660437999013057 -8.504794645217758e-17
vn 0.6427883762427324 0.7660437999013057 -8.504794645217758e-17
vn 0.7660450854765259 0.6427868441538471 -7.136367543057433e-17
vn 0.6427883762427324 0.7660437999013057 -8.504794645217758e-17
vn 0.7660450854765259 0.6427868441538471 -7.136367543057433e-17
vn 0.7660450854765259 0.6427868441538471 -7.136367543057433e-17
vn 0.7660450854765259 0.6427868441538471 -7.136367543057433e-17
vn 0.7660450854765259 0.6427868441538471 -7.136367543057433e-17
vn 0.8660259004941516 0.49999913967255366 -5.551105571572386e-17
vn 0.7660450854765259 0.6427868441538471 -7.136367543057433e-17
vn 0.8660259004941516 0.49999913967255366 -5.551105571572386e-17
vn 0.8660259004941516 0.49999913967255366 -5.551105571572386e-17
vn 0.8660259004941516 0.49999913967255366 -5.551105571572386e-17
vn 0.8660259004941516 0.49999913967255366 -5.551105571572386e-17
vn 0.9396929598441549 0.3420192117693558 -3.797176037704861e-17
vn 0.8660259004941516 0.49999913967255366 -5.551105571572386e-17
vn 0.9396929598441549 0.3420192117693558 -3.797176037704861e-17
vn 0.9396929598441549 0.3420192117693558 -3.797176037704861e-17
vn 0.9396929598441549 0.3420192117693558 -3.797176037704861e-17
vn 0.9396929598441549 0.3420192117693558 -3.797176037704861e-17
vn 0.984807924866295 0.17364720303115203 -1.9278712296694425e-17
vn 0.9396929598441549 0.3420192117693558 -3.797176037704861e-17
vn 0.984807924866295 0.17364720303115203 -1.9278712296694425e-17
vn 0.984807924866295 0.17364720303115203 -1.9278712296694425e-17
vn 0.984807924866295 0.17364720303115203 -1.9278712296694425e-17
vn 0.984807924866295 0.17364720303115203 -1.9278712296694425e-17
vn 0.9999999999995 -9.999999999995e-7 1.1102230246246014e-22
vn 0.984807924866295 0.17364720303115203 -1.9278712296694425e-17
vn 0.9999999999995 -9.999999999995e-7 1.1102230246246014e-22
vn 0.9999999999995 -9.999999999995e-7 1.1102230246246014e-22
vn 0.9999999999995 -9.999999999995e-7 1.1102230246246014e-22
vn 0.9999999999995 -9.999999999995e-7 1.1102230246246014e-22
vn 0.9848075775699192 -0.17364917264665447 1.9278930967942473e-17
vn 0.9999999999995 -9.999999999995e-7 1.1102230246246014e-22
vn 0.9848075775699192 -0.17364917264665447 1.9278930967942473e-17
vn 0.9848075775699192 -0.17364917264665447 1.9278930967942473e-17
vn 0.9848075775699192 -0.17364917264665447 1.9278930967942473e-17
vn 0.9848075775699192 -0.17364917264665447 1.9278930967942473e-17
vn 0.9396922758038522 -0.3420210911545915 3.7971969030724695e-17
vn 0.9848075775699192 -0.17364917264665447 1.9278930967942473e-17
vn 0.9396922758038522 -0.3420210911545915 3.7971969030724695e-17
vn 0.9396922758038522 -0.3420210911545915 3.7971969030724695e-17
vn 0.9396922758038522 -0.3420210911545915 3.7971969030724695e-17
vn 0.9396922758038522 -0.3420210911545915 3.7971969030724695e-17
vn 0.8660249004941403 -0.5000008717233546 5.551124801199177e-17
vn 0.9396922758038522 -0.3420210911545915 3.7971969030724695e-17
vn 0.8660249004941403 -0.5000008717233546 5.551124801199177e-17
vn 0.8660249004941403 -0.5000008717233546 5.551124801199177e-17
vn 0.8660249004941403 -0.5000008717233546 5.551124801199177e-17
vn 0.8660249004941403 -0.5000008717233546 5.551124801199177e-17
vn 0.7660437999013057 -0.6427883762427324 7.136384552660995e-17
vn 0.8660249004941403 -0.5000008717233546 5.551124801199177e-17
vn 0.7660437999013057 -0.6427883762427324 7.136384552660995e-17
vn 0.7660437999013057 -0.6427883762427324 7.136384552660995e-17
vn 0.7660437999013057 -0.6427883762427324 7.136384552660995e-17
vn 0.7660437999013057 -0.6427883762427324 7.136384552660995e-17
vn 0.6427868441538471 -0.7660450854765259 8.504808917969852e-17
vn 0.7660437999013057 -0.6427883762427324 7.136384552660995e-17
vn 0.6427868441538471 -0.7660450854765259 8.504808917969852e-17
vn 0.6427868441538471 -0.7660450854765259 8.504808917969852e-17
vn 0.6427868441538471 -0.7660450854765259 8.504808917969852e-17
vn 0.6427868441538471 -0.7660450854765259 8.504808917969852e-17
vn 0.49999913967255366 -0.8660259004941516 9.614818946503419e-17
vn 0.6427868441538471 -0.7660450854765259 8.504808917969852e-17
vn 0.49999913967255366 -0.8660259004941516 9.614818946503419e-17
vn 0.49999913967255366 -0.8660259004941516 9.614818946503419e-17
vn 0.49999913967255366 -0.8660259004941516 9.614818946503419e-17
vn 0.49999913967255366 -0.8660259004941516 9.614818946503419e-17
vn 0.3420192117693558 -0.9396929598441549 1.0432687600971434e-16
vn 0.49999913967255366 -0.8660259004941516 9.614818946503419e-17
vn 0.3420192117693558 -0.9396929598441549 1.0432687600971434e-16
vn 0.3420192117693558 -0.9396929598441549 1.0432687600971434e-16
vn 0.3420192117693558 -0.9396929598441549 1.0432687600971434e-16
vn 0.3420192117693558 -0.9396929598441549 1.0432687600971434e-16
vn 0.17364720303115203 -0.984807924866295 1.0933564330198819e-16
vn 0.3420192117693558 -0.9396929598441549 1.0432687600971434e-16
vn 0.17364720303115203 -0.984807924866295 1.0933564330198819e-16
vn 0.17364720303115203 -0.984807924866295 1.0933564330198819e-16
vn 0.17364720303115203 -0.984807924866295 1.0933564330198819e-16
vn 0.17364720303115203 -0.984807924866295 1.0933564330198819e-16
vn -9.999999999995e-7 -0.9999999999995 1.1102230246246014e-16
vn 0.17364720303115203 -0.984807924866295 1.0933564330198819e-16
vn -9.999999999995e-7 -0.9999999999995 1.1102230246246014e-16
vn -9.999999999995e-7 -0.9999999999995 1.1102230246246014e-16
vn -2.2204460492492024e-22 -2.2204460492492028e-16 -1
vn -2.2204460492492024e-22 -2.2204460492492028e-16 -1
vn -2.2204460492492024e-22 -2.2204460492492028e-16 -1
vn -2.2204460492492024e-22 -2.2204460492492028e-16 -1
vn -2.2204460492492024e-22 -2.2204460492492028e-16 -1
vn -2.2204460492492024e-22 -2.2204460492492028e-16 -1
vn -2.2204460492492024e-22 -2.2204460492492028e-16 -1
vn -2.2204460492492024e-22 -2.2204460492492028e-16 -1
vn -2.2204460492492024e-22 -2.2204460492492028e-16 -1
vn -2.2204460492492024e-22 -2.2204460492492028e-16 -1
vn -2.2204460492492024e-22 -2.2204460492492028e-16 -1
vn -2.2204460492492024e-22 -2.2204460492492028e-16 -1
vn -2.2204460492492024e-22 -2.2204460492492028e-16 -1
vn -2.2204460492492024e-22 -2.2204460492492028e-16 -1
vn -2.2204460492492024e-22 -2.2204460492492028e-16 -1
vn -2.2204460492492024e-22 -2.2204460492492028e-16 -1
vn -2.2204460492492024e-22 -2.2204460492492028e-16 -1
vn -2.2204460492492024e-22 -2.2204460492492028e-16 -1
vn -2.2204460492492024e-22 -2.2204460492492028e-16 -1
vn -2.2204460492492024e-22 -2.2204460492492028e-16 -1
vn -2.2204460492492024e-22 -2.2204460492492028e-16 -1
vn -2.2204460492492024e-22 -2.2204460492492028e-16 -1
vn -2.2204460492492024e-22 -2.2204460492492028e-16 -1
vn -2.2204460492492024e-22 -2.2204460492492028e-16 -1
vn -2.2204460492492024e-22 -2.2204460492492028e-16 -1
vn -2.2204460492492024e-22 -2.2204460492492028e-16 -1
vn -2.2204460492492024e-22 -2.2204460492492028e-16 -1
vn -2.2204460492492024e-22 -2.2204460492492028e-16 -1
vn -2.2204460492492024e-22 -2.2204460492492028e-16 -1
vn -2.2204460492492024e-22 -2.2204460492492028e-16 -1
vn -2.2204460492492024e-22 -2.2204460492492028e-16 -1
vn -2.2204460492492024e-22 -2.2204460492492028e-16 -1
vn -2.2204460492492024e-22 -2.2204460492492028e-16 -1
vn -2.2204460492492024e-22 -2.2204460492492028e-16 -1
vn -2.2204460492492024e-22 -2.2204460492492028e-16 -1
vn -2.2204460492492024e-22 -2.2204460492492028e-16 -1
vn -2.2204460492492024e-22 -2.2204460492492028e-16 -1
vn -2.2204460492492024e-22 -2.2204460492492028e-16 -1
vn -2.2204460492492024e-22 -2.2204460492492028e-16 -1
vn -2.2204460492492024e-22 -2.2204460492492028e-16 -1
vn -2.2204460492492024e-22 -2.2204460492492028e-16 -1
vn -2.2204460492492024e-22 -2.2204460492492028e-16 -1
vn -2.2204460492492024e-22 -2.2204460492492028e-16 -1
vn -2.2204460492492024e-22 -2.2204460492492028e-16 -1
vn -2.2204460492492024e-22 -2.2204460492492028e-16 -1
vn -2.2204460492492024e-22 -2.2204460492492028e-16 -1
vn -2.2204460492492024e-22 -2.2204460492492028e-16 -1
vn -2.2204460492492024e-22 -2.2204460492492028e-16 -1
vn -2.2204460492492024e-22 -2.2204460492492028e-16 -1
vn -2.2204460492492024e-22 -2.2204460492492028e-16 -1
vn -2.2204460492492024e-22 -2.2204460492492028e-16 -1
vn -2.2204460492492024e-22 -2.2204460492492028e-16 -1
vn -2.2204460492492024e-22 -2.2204460492492028e-16 -1
vn -2.2204460492492024e-22 -2.2204460492492028e-16 -1
vn -2.2204460492492024e-22 -2.2204460492492028e-16 -1
vn -2.2204460492492024e-22 -2.2204460492492028e-16 -1
vn -2.2204460492492024e-22 -2.2204460492492028e-16 -1
vn -2.2204460492492024e-22 -2.2204460492492028e-16 -1
vn -2.2204460492492024e-22 -2.2204460492492028e-16 -1
vn -2.2204460492492024e-22 -2.2204460492492028e-16 -1
vn -2.2204460492492024e-22 -2.2204460492492028e-16 -1
vn -2.2204460492492024e-22 -2.2204460492492028e-16 -1
vn -2.2204460492492024e-22 -2.2204460492492028e-16 -1
vn -2.2204460492492024e-22 -2.2204460492492028e-16 -1
vn -2.2204460492492024e-22 -2.2204460492492028e-16 -1
vn -2.2204460492492024e-22 -2.2204460492492028e-16 -1
vn -2.2204460492492024e-22 -2.2204460492492028e-16 -1
vn -2.2204460492492024e-22 -2.2204460492492028e-16 -1
vn -2.2204460492492024e-22 -2.2204460492492028e-16 -1
vn -2.2204460492492024e-22 -2.2204460492492028e-16 -1
vn -2.2204460492492024e-22 -2.2204460492492028e-16 -1
vn -2.2204460492492024e-22 -2.2204460492492028e-16 -1
vn -2.2204460492492024e-22 -2.2204460492492028e-16 -1
vn -2.2204460492492024e-22 -2.2204460492492028e-16 -1
vn -2.2204460492492024e-22 -2.2204460492492028e-16 -1
vn -2.2204460492492024e-22 -2.2204460492492028e-16 -1
vn -2.2204460492492024e-22 -2.2204460492492028e-16 -1
vn -2.2204460492492024e-22 -2.2204460492492028e-16 -1
vn -2.2204460492492024e-22 -2.2204460492492028e-16 -1
vn -2.2204460492492024e-22 -2.2204460492492028e-16 -1
vn -2.2204460492492024e-22 -2.2204460492492028e-16 -1
vn -2.2204460492492024e-22 -2.2204460492492028e-16 -1
vn -2.2204460492492024e-22 -2.2204460492492028e-16 -1
vn -2.2204460492492024e-22 -2.2204460492492028e-16 -1
vn -2.2204460492492024e-22 -2.2204460492492028e-16 -1
vn -2.2204460492492024e-22 -2.2204460492492028e-16 -1
vn -2.2204460492492024e-22 -2.2204460492492028e-16 -1
vn -2.2204460492492024e-22 -2.2204460492492028e-16 -1
vn -2.2204460492492024e-22 -2.2204460492492028e-16 -1
vn -2.2204460492492024e-22 -2.2204460492492028e-16 -1
vn -2.2204460492492024e-22 -2.2204460492492028e-16 -1
vn -2.2204460492492024e-22 -2.2204460492492028e-16 -1
vn -2.2204460492492024e-22 -2.2204460492492028e-16 -1
vn -2.2204460492492024e-22 -2.2204460492492028e-16 -1
vn -2.2204460492492024e-22 -2.2204460492492028e-16 -1
vn -2.2204460492492024e-22 -2.2204460492492028e-16 -1
vn 9.999999999995e-7 0.9999999999995 -1.1102230246246014e-16
vn 9.999999999995e-7 0.9999999999995 -1.1102230246246014e-16
vn 0.1837505061231379 0.9829729149368718 -1.0913191627458205e-16
vn 0.1837505061231379 0.9829729149368718 -1.0913191627458205e-16
vn 9.999999999995e-7 0.9999999999995 -1.1102230246246014e-16
vn 0.1837505061231379 0.9829729149368718 -1.0913191627458205e-16
vn 0.1837505061231379 0.9829729149368718 -1.0913191627458205e-16
vn 0.1837505061231379 0.9829729149368718 -1.0913191627458205e-16
vn 0.3612426142476219 0.9324718621232191 -1.0352517311442922e-16
vn 0.3612426142476219 0.9324718621232191 -1.0352517311442922e-16
vn 0.1837505061231379 0.9829729149368718 -1.0913191627458205e-16
vn 0.3612426142476219 0.9324718621232191 -1.0352517311442922e-16
vn 0.3612426142476219 0.9324718621232191 -1.0352517311442922e-16
vn 0.3612426142476219 0.9324718621232191 -1.0352517311442922e-16
vn 0.526433006497649 0.8502166133814643 -9.439300600949266e-17
vn 0.526433006497649 0.8502166133814643 -9.439300600949266e-17
vn 0.3612426142476219 0.9324718621232191 -1.0352517311442922e-16
vn 0.526433006497649 0.8502166133814643 -9.439300600949266e-17
vn 0.526433006497649 0.8502166133814643 -9.439300600949266e-17
vn 0.526433006497649 0.8502166133814643 -9.439300600949266e-17
vn 0.6736963896422281 0.7390082371550584 -8.204639602771939e-17
vn 0.6736963896422281 0.7390082371550584 -8.204639602771939e-17
vn 0.526433006497649 0.8502166133814643 -9.439300600949266e-17
vn 0.6736963896422281 0.7390082371550584 -8.204639602771939e-17
vn 0.6736963896422281 0.7390082371550584 -8.204639602771939e-17
vn 0.6736963896422281 0.7390082371550584 -8.204639602771939e-17
vn 0.7980178263489224 0.6026338430832947 -6.690579680094174e-17
vn 0.7980178263489224 0.6026338430832947 -6.690579680094174e-17
vn 0.6736963896422281 0.7390082371550584 -8.204639602771939e-17
vn 0.7980178263489224 0.6026338430832947 -6.690579680094174e-17
vn 0.7980178263489224 0.6026338430832947 -6.690579680094174e-17
vn 0.7980178263489224 0.6026338430832947 -6.690579680094174e-17
vn 0.895163725866367 0.4457374831591387 -4.9486801674174373e-17
vn 0.895163725866367 0.4457374831591387 -4.9486801674174373e-17
vn 0.7980178263489224 0.6026338430832947 -6.690579680094174e-17
vn 0.895163725866367 0.4457374831591387 -4.9486801674174373e-17
vn 0.895163725866367 0.4457374831591387 -4.9486801674174373e-17
vn 0.895163725866367 0.4457374831591387 -4.9486801674174373e-17
vn 0.9618259173072621 0.27366202658762084 -3.038258828831584e-17
vn 0.9618259173072621 0.27366202658762084 -3.038258828831584e-17
vn 0.895163725866367 0.4457374831591387 -4.9486801674174373e-17
vn 0.9618259173072621 0.27366202658762084 -3.038258828831584e-17
vn 0.9618259173072621 0.27366202658762084 -3.038258828831584e-17
vn 0.9618259173072621 0.27366202658762084 -3.038258828831584e-17
vn 0.9957342683285799 0.09226736625778183 -1.0243735444091165e-17
vn 0.9957342683285799 0.09226736625778183 -1.0243735444091165e-17
vn 0.9618259173072621 0.27366202658762084 -3.038258828831584e-17
vn 0.9957342683285799 0.09226736625778183 -1.0243735444091165e-17
vn 0.9957342683285799 0.09226736625778183 -1.0243735444091165e-17
vn 0.9957342683285799 0.09226736625778183 -1.0243735444091165e-17
vn 0.995734083791856 -0.09226935772613397 1.0243956541492901e-17
vn 0.995734083791856 -0.09226935772613397 1.0243956541492901e-17
vn 0.9957342683285799 0.09226736625778183 -1.0243735444091165e-17
vn 0.995734083791856 -0.09226935772613397 1.0243956541492901e-17
vn 0.995734083791856 -0.09226935772613397 1.0243956541492901e-17
vn 0.995734083791856 -0.09226935772613397 1.0243956541492901e-17
vn 0.9618253699812853 -0.2736639502389081 3.038280185651089e-17
vn 0.9618253699812853 -0.2736639502389081 3.038280185651089e-17
vn 0.995734083791856 -0.09226935772613397 1.0243956541492901e-17
vn 0.9618253699812853 -0.2736639502389081 3.038280185651089e-17
vn 0.9618253699812853 -0.2736639502389081 3.038280185651089e-17
vn 0.9618253699812853 -0.2736639502389081 3.038280185651089e-17
vn 0.8951628343896104 -0.445739273485699 4.9487000440351256e-17
vn 0.8951628343896104 -0.445739273485699 4.9487000440351256e-17
vn 0.9618253699812853 -0.2736639502389081 3.038280185651089e-17
vn 0.8951628343896104 -0.445739273485699 4.9487000440351256e-17
vn 0.8951628343896104 -0.445739273485699 4.9487000440351256e-17
vn 0.8951628343896104 -0.445739273485699 4.9487000440351256e-17
vn 0.7980166210796403 -0.6026354391177421 6.69059739963609e-17
vn 0.7980166210796403 -0.6026354391177421 6.69059739963609e-17
vn 0.8951628343896104 -0.445739273485699 4.9487000440351256e-17
vn 0.7980166210796403 -0.6026354391177421 6.69059739963609e-17
vn 0.7980166210796403 -0.6026354391177421 6.69059739963609e-17
vn 0.7980166210796403 -0.6026354391177421 6.69059739963609e-17
vn 0.6736949116244064 -0.7390095845463597 8.204654561820398e-17
vn 0.6736949116244064 -0.7390095845463597 8.204654561820398e-17
vn 0.7980166210796403 -0.6026354391177421 6.69059739963609e-17
vn 0.6736949116244064 -0.7390095845463597 8.204654561820398e-17
vn 0.6736949116244064 -0.7390095845463597 8.204654561820398e-17
vn 0.6736949116244064 -0.7390095845463597 8.204654561820398e-17
vn 0.5264313060633695 -0.8502176662457769 9.439312290091283e-17
vn 0.5264313060633695 -0.8502176662457769 9.439312290091283e-17
vn 0.6736949116244064 -0.7390095845463597 8.204654561820398e-17
vn 0.5264313060633695 -0.8502176662457769 9.439312290091283e-17
vn 0.5264313060633695 -0.8502176662457769 9.439312290091283e-17
vn 0.5264313060633695 -0.8502176662457769 9.439312290091283e-17
vn 0.36124074930317523 -0.9324725846065827 1.0352525332619574e-16
vn 0.36124074930317523 -0.9324725846065827 1.0352525332619574e-16
vn 0.5264313060633695 -0.8502176662457769 9.439312290091283e-17
vn 0.36124074930317523 -0.9324725846065827 1.0352525332619574e-16
vn 0.36124074930317523 -0.9324725846065827 1.0352525332619574e-16
vn 0.36124074930317523 -0.9324725846065827 1.0352525332619574e-16
vn 0.1837485401769405 -0.9829732824359182 1.0913195707517234e-16
vn 0.1837485401769405 -0.9829732824359182 1.0913195707517234e-16
vn 0.36124074930317523 -0.9324725846065827 1.0352525332619574e-16
vn 0.1837485401769405 -0.9829732824359182 1.0913195707517234e-16
vn 0.1837485401769405 -0.9829732824359182 1.0913195707517234e-16
vn 0.1837485401769405 -0.9829732824359182 1.0913195707517234e-16
vn -9.999999999995e-7 -0.9999999999995 1.1102230246246014e-16
vn -9.999999999995e-7 -0.9999999999995 1.1102230246246014e-16
vn 0.1837485401769405 -0.9829732824359182 1.0913195707517234e-16
vn -9.999999999995e-7 -0.9999999999995 1.1102230246246014e-16
vn -2.2204460492492024e-22 -2.2204460492492028e-16 -1
vn -2.2204460492492024e-22 -2.2204460492492028e-16 -1
vn -2.2204460492492024e-22 -2.2204460492492028e-16 -1
vn -2.2204460492492024e-22 -2.2204460492492028e-16 -1
vn -2.2204460492492024e-22 -2.2204460492492028e-16 -1
vn -2.2204460492492024e-22 -2.2204460492492028e-16 -1
vn -2.2204460492492024e-22 -2.2204460492492028e-16 -1
vn -2.2204460492492024e-22 -2.2204460492492028e-16 -1
vn -2.2204460492492024e-22 -2.2204460492492028e-16 -1
vn -2.2204460492492024e-22 -2.2204460492492028e-16 -1
vn -2.2204460492492024e-22 -2.2204460492492028e-16 -1
vn -2.2204460492492024e-22 -2.2204460492492028e-16 -1
vn -2.2204460492492024e-22 -2.2204460492492028e-16 -1
vn -2.2204460492492024e-22 -2.2204460492492028e-16 -1
vn -2.2204460492492024e-22 -2.2204460492492028e-16 -1
vn -2.2204460492492024e-22 -2.2204460492492028e-16 -1
vn -2.2204460492492024e-22 -2.2204460492492028e-16 -1
vn -2.2204460492492024e-22 -2.2204460492492028e-16 -1
vn -2.2204460492492024e-22 -2.2204460492492028e-16 -1
vn -2.2204460492492024e-22 -2.2204460492492028e-16 -1
vn -2.2204460492492024e-22 -2.2204460492492028e-16 -1
vn -2.2204460492492024e-22 -2.2204460492492028e-16 -1
vn -2.2204460492492024e-22 -2.2204460492492028e-16 -1
vn -2.2204460492492024e-22 -2.2204460492492028e-16 -1
vn -2.2204460492492024e-22 -2.2204460492492028e-16 -1
vn -2.2204460492492024e-22 -2.2204460492492028e-16 -1
vn -2.2204460492492024e-22 -2.2204460492492028e-16 -1
vn -2.2204460492492024e-22 -2.2204460492492028e-16 -1
vn -2.2204460492492024e-22 -2.2204460492492028e-16 -1
vn -2.2204460492492024e-22 -2.2204460492492028e-16 -1
vn -2.2204460492492024e-22 -2.2204460492492028e-16 -1
vn -2.2204460492492024e-22 -2.2204460492492028e-16 -1
vn -2.2204460492492024e-22 -2.2204460492492028e-16 -1
vn -2.2204460492492024e-22 -2.2204460492492028e-16 -1
vn -2.2204460492492024e-22 -2.2204460492492028e-16 -1
vn -2.2204460492492024e-22 -2.2204460492492028e-16 -1
vn -2.2204460492492024e-22 -2.2204460492492028e-16 -1
vn -2.2204460492492024e-22 -2.2204460492492028e-16 -1
vn -2.2204460492492024e-22 -2.2204460492492028e-16 -1
vn -2.2204460492492024e-22 -2.2204460492492028e-16 -1
vn -2.2204460492492024e-22 -2.2204460492492028e-16 -1
vn -2.2204460492492024e-22 -2.2204460492492028e-16 -1
vn -2.2204460492492024e-22 -2.2204460492492028e-16 -1
vn -2.2204460492492024e-22 -2.2204460492492028e-16 -1
vn -2.2204460492492024e-22 -2.2204460492492028e-16 -1
vn -2.2204460492492024e-22 -2.2204460492492028e-16 -1
vn -2.2204460492492024e-22 -2.2204460492492028e-16 -1
vn -2.2204460492492024e-22 -2.2204460492492028e-16 -1
vn -2.2204460492492024e-22 -2.2204460492492028e-16 -1
vn -2.2204460492492024e-22 -2.2204460492492028e-16 -1
vn -2.2204460492492024e-22 -2.2204460492492028e-16 -1
vn -2.2204460492492024e-22 -2.2204460492492028e-16 -1
vn -2.2204460492492024e-22 -2.2204460492492028e-16 -1
vn -2.2204460492492024e-22 -2.2204460492492028e-16 -1
vn -2.2204460492492024e-22 -2.2204460492492028e-16 -1
vn -2.2204460492492024e-22 -2.2204460492492028e-16 -1
vn -2.2204460492492024e-22 -2.2204460492492028e-16 -1
vn -2.2204460492492024e-22 -2.2204460492492028e-16 -1
vn -2.2204460492492024e-22 -2.2204460492492028e-16 -1
vn -2.2204460492492024e-22 -2.2204460492492028e-16 -1
vn -2.2204460492492024e-22 -2.2204460492492028e-16 -1
vn -2.2204460492492024e-22 -2.2204460492492028e-16 -1
vn -2.2204460492492024e-22 -2.2204460492492028e-16 -1
vn -2.2204460492492024e-22 -2.2204460492492028e-16 -1
vn -2.2204460492492024e-22 -2.2204460492492028e-16 -1
vn -2.2204460492492024e-22 -2.2204460492492028e-16 -1
vn -2.2204460492492024e-22 -2.2204460492492028e-16 -1
vn -2.2204460492492024e-22 -2.2204460492492028e-16 -1
vn -2.2204460492492024e-22 -2.2204460492492028e-16 -1
vn -2.2204460492492024e-22 -2.2204460492492028e-16 -1
vn -2.2204460492492024e-22 -2.2204460492492028e-16 -1
vn -2.2204460492492024e-22 -2.2204460492492028e-16 -1
vn -2.2204460492492024e-22 -2.2204460492492028e-16 -1
vn -2.2204460492492024e-22 -2.2204460492492028e-16 -1
vn -2.2204460492492024e-22 -2.2204460492492028e-16 -1
vn -2.2204460492492024e-22 -2.2204460492492028e-16 -1
vn -2.2204460492492024e-22 -2.2204460492492028e-16 -1
vn -2.2204460492492024e-22 -2.2204460492492028e-16 -1
vn -2.2204460492492024e-22 -2.2204460492492028e-16 -1
vn -2.2204460492492024e-22 -2.2204460492492028e-16 -1
vn -2.2204460492492024e-22 -2.2204460492492028e-16 -1
vn -2.2204460492492024e-22 -2.2204460492492028e-16 -1
vn -2.2204460492492024e-22 -2.2204460492492028e-16 -1
vn -2.2204460492492024e-22 -2.2204460492492028e-16 -1
vn -2.2204460492492024e-22 -2.2204460492492028e-16 -1
vn -2.2204460492492024e-22 -2.2204460492492028e-16 -1
vn -2.2204460492492024e-22 -2.2204460492492028e-16 -1
vn -2.2204460492492024e-22 -2.2204460492492028e-16 -1
vn -2.2204460492492024e-22 -2.2204460492492028e-16 -1
vn -2.2204460492492024e-22 -2.2204460492492028e-16 -1
vn -2.2204460492492024e-22 -2.2204460492492028e-16 -1
vn -2.2204460492492024e-22 -2.2204460492492028e-16 -1
vn -2.2204460492492024e-22 -2.2204460492492028e-16 -1
vn -2.2204460492492024e-22 -2.2204460492492028e-16 -1
vn -2.2204460492492024e-22 -2.2204460492492028e-16 -1
vn -2.2204460492492024e-22 -2.2204460492492028e-16 -1
vn -2.2204460492492024e-22 -2.2204460492492028e-16 -1
vn -2.2204460492492024e-22 -2.2204460492492028e-16 -1
vn -2.2204460492492024e-22 -2.2204460492492028e-16 -1
vn -2.2204460492492024e-22 -2.2204460492492028e-16 -1
vn -2.2204460492492024e-22 -2.2204460492492028e-16 -1
vn -2.2204460492492024e-22 -2.2204460492492028e-16 -1
vn -2.2204460492492024e-22 -2.2204460492492028e-16 -1
vn -2.2204460492492024e-22 -2.2204460492492028e-16 -1
vn -2.2204460492492024e-22 -2.2204460492492028e-16 -1
vn -2.2204460492492024e-22 -2.2204460492492028e-16 -1
vn -2.2204460492492024e-22 -2.2204460492492028e-16 -1
vn -2.2204460492492024e-22 -2.2204460492492028e-16 -1
vn -2.2204460492492024e-22 -2.2204460492492028e-16 -1
vn -2.2204460492492024e-22 -2.2204460492492028e-16 -1
vn -2.2204460492492024e-22 -2.2204460492492028e-16 -1
vn -2.2204460492492024e-22 -2.2204460492492028e-16 -1
vn -2.2204460492492024e-22 -2.2204460492492028e-16 -1
vn -2.2204460492492024e-22 -2.2204460492492028e-16 -1
vn -2.2204460492492024e-22 -2.2204460492492028e-16 -1
vn -2.2204460492492024e-22 -2.2204460492492028e-16 -1
vn -2.2204460492492024e-22 -2.2204460492492028e-16 -1
vn -2.2204460492492024e-22 -2.2204460492492028e-16 -1
vn -2.2204460492492024e-22 -2.2204460492492028e-16 -1
vn -2.2204460492492024e-22 -2.2204460492492028e-16 -1
vn -2.2204460492492024e-22 -2.2204460492492028e-16 -1
vn -2.2204460492492024e-22 -2.2204460492492028e-16 -1
vn -2.2204460492492024e-22 -2.2204460492492028e-16 -1
vn -2.2204460492492024e-22 -2.2204460492492028e-16 -1
vn -2.2204460492492024e-22 -2.2204460492492028e-16 -1
vn -2.2204460492492024e-22 -2.2204460492492028e-16 -1
vn -2.2204460492492024e-22 -2.2204460492492028e-16 -1
vn -2.2204460492492024e-22 -2.2204460492492028e-16 -1
vn -2.2204460492492024e-22 -2.2204460492492028e-16 -1
vn -2.2204460492492024e-22 -2.2204460492492028e-16 -1
vn -2.2204460492492024e-22 -2.2204460492492028e-16 -1
vn -2.2204460492492024e-22 -2.2204460492492028e-16 -1
vn -2.2204460492492024e-22 -2.2204460492492028e-16 -1
vn -2.2204460492492024e-22 -2.2204460492492028e-16 -1
vn -2.2204460492492024e-22 -2.2204460492492028e-16 -1
vn -2.2204460492492024e-22 -2.2204460492492028e-16 -1
vn -2.2204460492492024e-22 -2.2204460492492028e-16 -1
vn -2.2204460492492024e-22 -2.2204460492492028e-16 -1
vn -2.2204460492492024e-22 -2.2204460492492028e-16 -1
vn -2.2204460492492024e-22 -2.2204460492492028e-16 -1
vn -2.2204460492492024e-22 -2.2204460492492028e-16 -1
vn -2.2204460492492024e-22 -2.2204460492492028e-16 -1
vn -2.2204460492492024e-22 -2.2204460492492028e-16 -1
vn -2.2204460492492024e-22 -2.2204460492492028e-16 -1
vn -2.2204460492492024e-22 -2.2204460492492028e-16 -1
vn -2.2204460492492024e-22 -2.2204460492492028e-16 -1
vn -2.2204460492492024e-22 -2.2204460492492028e-16 -1
vn -2.2204460492492024e-22 -2.2204460492492028e-16 -1
vn -2.2204460492492024e-22 -2.2204460492492028e-16 -1
vn -2.2204460492492024e-22 -2.2204460492492028e-16 -1
vn -2.2204460492492024e-22 -2.2204460492492028e-16 -1
vn -2.2204460492492024e-22 -2.2204460492492028e-16 -1
vn -2.2204460492492024e-22 -2.2204460492492028e-16 -1
vn -2.2204460492492024e-22 -2.2204460492492028e-16 -1
vn -2.2204460492492024e-22 -2.2204460492492028e-16 -1
vn -2.2204460492492024e-22 -2.2204460492492028e-16 -1
vn -2.2204460492492024e-22 -2.2204460492492028e-16 -1
vn -2.2204460492492024e-22 -2.2204460492492028e-16 -1
vn -2.2204460492492024e-22 -2.2204460492492028e-16 -1
vn -2.2204460492492024e-22 -2.2204460492492028e-16 -1
vn -2.2204460492492024e-22 -2.2204460492492028e-16 -1
vn -2.2204460492492024e-22 -2.2204460492492028e-16 -1
vn -2.2204460492492024e-22 -2.2204460492492028e-16 -1
vn -2.2204460492492024e-22 -2.2204460492492028e-16 -1
vn -2.2204460492492024e-22 -2.2204460492492028e-16 -1
vn -2.2204460492492024e-22 -2.2204460492492028e-16 -1
vn -2.2204460492492024e-22 -2.2204460492492028e-16 -1
vn -2.2204460492492024e-22 -2.2204460492492028e-16 -1
vn -2.2204460492492024e-22 -2.2204460492492028e-16 -1
vn -2.2204460492492024e-22 -2.2204460492492028e-16 -1
vn -2.2204460492492024e-22 -2.2204460492492028e-16 -1
vn -2.2204460492492024e-22 -2.2204460492492028e-16 -1
vn -2.2204460492492024e-22 -2.2204460492492028e-16 -1
vn -2.2204460492492024e-22 -2.2204460492492028e-16 -1
vn -2.2204460492492024e-22 -2.2204460492492028e-16 -1
vn -2.2204460492492024e-22 -2.2204460492492028e-16 -1
vn -2.2204460492492024e-22 -2.2204460492492028e-16 -1
vn -2.2204460492492024e-22 -2.2204460492492028e-16 -1
vn -2.2204460492492024e-22 -2.2204460492492028e-16 -1
vn -2.2204460492492024e-22 -2.2204460492492028e-16 -1
vn -2.2204460492492024e-22 -2.2204460492492028e-16 -1
vn -2.2204460492492024e-22 -2.2204460492492028e-16 -1
vn -2.2204460492492024e-22 -2.2204460492492028e-16 -1
vn -2.2204460492492024e-22 -2.2204460492492028e-16 -1
vn -2.2204460492492024e-22 -2.2204460492492028e-16 -1
vn -2.2204460492492024e-22 -2.2204460492492028e-16 -1
vn -2.2204460492492024e-22 -2.2204460492492028e-16 -1
vn -2.2204460492492024e-22 -2.2204460492492028e-16 -1
vn -2.2204460492492024e-22 -2.2204460492492028e-16 -1
vn -2.2204460492492024e-22 -2.2204460492492028e-16 -1
vn -2.2204460492492024e-22 -2.2204460492492028e-16 -1
vn -2.2204460492492024e-22 -2.2204460492492028e-16 -1
vn -2.2204460492492024e-22 -2.2204460492492028e-16 -1
vn -2.2204460492492024e-22 -2.2204460492492028e-16 -1
vn -2.2204460492492024e-22 -2.2204460492492028e-16 -1
vn -2.2204460492492024e-22 -2.2204460492492028e-16 -1
vn -2.2204460492492024e-22 -2.2204460492492028e-16 -1
vn -2.2204460492492024e-22 -2.2204460492492028e-16 -1
vn -2.2204460492492024e-22 -2.2204460492492028e-16 -1
vn -2.2204460492492024e-22 -2.2204460492492028e-16 -1
vn -2.2204460492492024e-22 -2.2204460492492028e-16 -1
vn -2.2204460492492024e-22 -2.2204460492492028e-16 -1
vn -2.2204460492492024e-22 -2.2204460492492028e-16 -1
vn -2.2204460492492024e-22 -2.2204460492492028e-16 -1
vn -2.2204460492492024e-22 -2.2204460492492028e-16 -1
vn -2.2204460492492024e-22 -2.2204460492492028e-16 -1
vn -2.2204460492492024e-22 -2.2204460492492028e-16 -1
vn -2.2204460492492024e-22 -2.2204460492492028e-16 -1
vn -2.2204460492492024e-22 -2.2204460492492028e-16 -1
vn -2.2204460492492024e-22 -2.2204460492492028e-16 -1
vn -9.999999999995e-7 -0.9999999999995 1.1102230246246014e-16
vn 0.17364720303115203 -0.984807924866295 1.0933564330198819e-16
vn -9.999999999995e-7 -0.9999999999995 1.1102230246246014e-16
vn -9.999999999995e-7 -0.9999999999995 1.1102230246246014e-16
vn 0.17364720303115203 -0.984807924866295 1.0933564330198819e-16
vn 0.17364720303115203 -0.984807924866295 1.0933564330198819e-16
vn 0.17364720303115203 -0.984807924866295 1.0933564330198819e-16
vn 0.17364720303115203 -0.984807924866295 1.0933564330198819e-16
vn 0.3420192117693558 -0.9396929598441549 1.0432687600971434e-16
vn 0.17364720303115203 -0.984807924866295 1.0933564330198819e-16
vn 0.3420192117693558 -0.9396929598441549 1.0432687600971434e-16
vn 0.3420192117693558 -0.9396929598441549 1.0432687600971434e-16
vn 0.3420192117693558 -0.9396929598441549 1.0432687600971434e-16
vn 0.3420192117693558 -0.9396929598441549 1.0432687600971434e-16
vn 0.49999913967255366 -0.8660259004941516 9.614818946503419e-17
vn 0.3420192117693558 -0.9396929598441549 1.0432687600971434e-16
vn 0.49999913967255366 -0.8660259004941516 9.614818946503419e-17
vn 0.49999913967255366 -0.8660259004941516 9.614818946503419e-17
vn 0.49999913967255366 -0.8660259004941516 9.614818946503419e-17
vn 0.49999913967255366 -0.8660259004941516 9.614818946503419e-17
vn 0.6427868441538471 -0.7660450854765259 8.504808917969852e-17
vn 0.49999913967255366 -0.8660259004941516 9.614818946503419e-17
vn 0.6427868441538471 -0.7660450854765259 8.504808917969852e-17
vn 0.6427868441538471 -0.7660450854765259 8.504808917969852e-17
vn 0.6427868441538471 -0.7660450854765259 8.504808917969852e-17
vn 0.6427868441538471 -0.7660450854765259 8.504808917969852e-17
vn 0.7660437999013057 -0.6427883762427324 7.136384552660995e-17
vn 0.6427868441538471 -0.7660450854765259 8.504808917969852e-17
vn 0.7660437999013057 -0.6427883762427324 7.136384552660995e-17
vn 0.7660437999013057 -0.6427883762427324 7.136384552660995e-17
vn 0.7660437999013057 -0.6427883762427324 7.136384552660995e-17
vn 0.7660437999013057 -0.6427883762427324 7.136384552660995e-17
vn 0.8660249004941403 -0.5000008717233546 5.551124801199177e-17
vn 0.7660437999013057 -0.6427883762427324 7.136384552660995e-17
vn 0.8660249004941403 -0.5000008717233546 5.551124801199177e-17
vn 0.8660249004941403 -0.5000008717233546 5.551124801199177e-17
vn 0.8660249004941403 -0.5000008717233546 5.551124801199177e-17
vn 0.8660249004941403 -0.5000008717233546 5.551124801199177e-17
vn 0.9396922758038522 -0.3420210911545915 3.7971969030724695e-17
vn 0.8660249004941403 -0.5000008717233546 5.551124801199177e-17
vn 0.9396922758038522 -0.3420210911545915 3.7971969030724695e-17
vn 0.9396922758038522 -0.3420210911545915 3.7971969030724695e-17
vn 0.9396922758038522 -0.3420210911545915 3.7971969030724695e-17
vn 0.9396922758038522 -0.3420210911545915 3.7971969030724695e-17
vn 0.9848075775699192 -0.17364917264665447 1.9278930967942473e-17
vn 0.9396922758038522 -0.3420210911545915 3.7971969030724695e-17
vn 0.9848075775699192 -0.17364917264665447 1.9278930967942473e-17
vn 0.9848075775699192 -0.17364917264665447 1.9278930967942473e-17
vn 0.9848075775699192 -0.17364917264665447 1.9278930967942473e-17
vn 0.9848075775699192 -0.17364917264665447 1.9278930967942473e-17
vn 0.9999999999995 -9.999999999995e-7 1.1102230246246014e-22
vn 0.9848075775699192 -0.17364917264665447 1.9278930967942473e-17
vn 0.9999999999995 -9.999999999995e-7 1.1102230246246014e-22
vn 0.9999999999995 -9.999999999995e-7 1.1102230246246014e-22
vn 0.9999999999995 -9.999999999995e-7 1.1102230246246014e-22
vn 0.9999999999995 -9.999999999995e-7 1.1102230246246014e-22
vn 0.984807924866295 0.17364720303115203 -1.9278712296694425e-17
vn 0.9999999999995 -9.999999999995e-7 1.1102230246246014e-22
vn 0.984807924866295 0.17364720303115203 -1.9278712296694425e-17
vn 0.984807924866295 0.17364720303115203 -1.9278712296694425e-17
vn 0.984807924866295 0.17364720303115203 -1.9278712296694425e-17
vn 0.984807924866295 0.17364720303115203 -1.9278712296694425e-17
vn 0.9396929598441549 0.3420192117693558 -3.797176037704861e-17
vn 0.984807924866295 0.17364720303115203 -1.9278712296694425e-17
vn 0.9396929598441549 0.3420192117693558 -3.797176037704861e-17
vn 0.9396929598441549 0.3420192117693558 -3.797176037704861e-17
vn 0.9396929598441549 0.3420192117693558 -3.797176037704861e-17
vn 0.9396929598441549 0.3420192117693558 -3.797176037704861e-17
vn 0.8660259004941516 0.49999913967255366 -5.551105571572386e-17
vn 0.9396929598441549 0.3420192117693558 -3.797176037704861e-17
vn 0.8660259004941516 0.49999913967255366 -5.551105571572386e-17
vn 0.8660259004941516 0.49999913967255366 -5.551105571572386e-17
vn 0.8660259004941516 0.49999913967255366 -5.551105571572386e-17
vn 0.8660259004941516 0.49999913967255366 -5.551105571572386e-17
vn 0.7660450854765259 0.6427868441538471 -7.136367543057433e-17
vn 0.8660259004941516 0.49999913967255366 -5.551105571572386e-17
vn 0.7660450854765259 0.6427868441538471 -7.136367543057433e-17
vn 0.7660450854765259 0.6427868441538471 -7.136367543057433e-17
vn 0.7660450854765259 0.6427868441538471 -7.136367543057433e-17
vn 0.7660450854765259 0.6427868441538471 -7.136367543057433e-17
vn 0.6427883762427324 0.7660437999013057 -8.504794645217758e-17
vn 0.7660450854765259 0.6427868441538471 -7.136367543057433e-17
vn 0.6427883762427324 0.7660437999013057 -8.504794645217758e-17
vn 0.6427883762427324 0.7660437999013057 -8.504794645217758e-17
vn 0.6427883762427324 0.7660437999013057 -8.504794645217758e-17
vn 0.6427883762427324 0.7660437999013057 -8.504794645217758e-17
vn 0.5000008717233546 0.8660249004941403 -9.614807844273046e-17
vn 0.6427883762427324 0.7660437999013057 -8.504794645217758e-17
vn 0.5000008717233546 0.8660249004941403 -9.614807844273046e-17
vn 0.5000008717233546 0.8660249004941403 -9.614807844273046e-17
vn 0.5000008717233546 0.8660249004941403 -9.614807844273046e-17
vn 0.5000008717233546 0.8660249004941403 -9.614807844273046e-17
vn 0.3420210911545915 0.9396922758038522 -1.0432680006598496e-16
vn 0.5000008717233546 0.8660249004941403 -9.614807844273046e-17
vn 0.3420210911545915 0.9396922758038522 -1.0432680006598496e-16
vn 0.3420210911545915 0.9396922758038522 -1.0432680006598496e-16
vn 0.3420210911545915 0.9396922758038522 -1.0432680006598496e-16
vn 0.3420210911545915 0.9396922758038522 -1.0432680006598496e-16
vn 0.17364917264665447 0.9848075775699192 -1.0933560474434492e-16
vn 0.3420210911545915 0.9396922758038522 -1.0432680006598496e-16
vn 0.17364917264665447 0.9848075775699192 -1.0933560474434492e-16
vn 0.17364917264665447 0.9848075775699192 -1.0933560474434492e-16
vn 0.17364917264665447 0.9848075775699192 -1.0933560474434492e-16
vn 0.17364917264665447 0.9848075775699192 -1.0933560474434492e-16
vn 9.999999999995e-7 0.9999999999995 -1.1102230246246014e-16
vn 0.17364917264665447 0.9848075775699192 -1.0933560474434492e-16
vn 9.999999999995e-7 0.9999999999995 -1.1102230246246014e-16
vn 9.999999999995e-7 0.9999999999995 -1.1102230246246014e-16
vn 2.2204460492492024e-22 2.2204460492492028e-16 1
vn 2.2204460492492024e-22 2.2204460492492028e-16 1
vn 2.2204460492492024e-22 2.2204460492492028e-16 1
vn 2.2204460492492024e-22 2.2204460492492028e-16 1
vn 2.2204460492492024e-22 2.2204460492492028e-16 1
vn 2.2204460492492024e-22 2.2204460492492028e-16 1
vn 2.2204460492492024e-22 2.2204460492492028e-16 1
vn 2.2204460492492024e-22 2.2204460492492028e-16 1
vn 2.2204460492492024e-22 2.2204460492492028e-16 1
vn 2.2204460492492024e-22 2.2204460492492028e-16 1
vn 2.2204460492492024e-22 2.2204460492492028e-16 1
vn 2.2204460492492024e-22 2.2204460492492028e-16 1
vn 2.2204460492492024e-22 2.2204460492492028e-16 1
vn 2.2204460492492024e-22 2.2204460492492028e-16 1
vn 2.2204460492492024e-22 2.2204460492492028e-16 1
vn 2.2204460492492024e-22 2.2204460492492028e-16 1
vn 2.2204460492492024e-22 2.2204460492492028e-16 1
vn 2.2204460492492024e-22 2.2204460492492028e-16 1
vn 2.2204460492492024e-22 2.2204460492492028e-16 1
vn 2.2204460492492024e-22 2.2204460492492028e-16 1
vn 2.2204460492492024e-22 2.2204460492492028e-16 1
vn 2.2204460492492024e-22 2.2204460492492028e-16 1
vn 2.2204460492492024e-22 2.2204460492492028e-16 1
vn 2.2204460492492024e-22 2.2204460492492028e-16 1
vn 2.2204460492492024e-22 2.2204460492492028e-16 1
vn 2.2204460492492024e-22 2.2204460492492028e-16 1
vn 2.2204460492492024e-22 2.2204460492492028e-16 1
vn 2.2204460492492024e-22 2.2204460492492028e-16 1
vn 2.2204460492492024e-22 2.2204460492492028e-16 1
vn 2.2204460492492024e-22 2.2204460492492028e-16 1
vn 2.2204460492492024e-22 2.2204460492492028e-16 1
vn 2.2204460492492024e-22 2.2204460492492028e-16 1
vn 2.2204460492492024e-22 2.2204460492492028e-16 1
vn 2.2204460492492024e-22 2.2204460492492028e-16 1
vn 2.2204460492492024e-22 2.2204460492492028e-16 1
vn 2.2204460492492024e-22 2.2204460492492028e-16 1
vn 2.2204460492492024e-22 2.2204460492492028e-16 1
vn 2.2204460492492024e-22 2.2204460492492028e-16 1
vn 2.2204460492492024e-22 2.2204460492492028e-16 1
vn 2.2204460492492024e-22 2.2204460492492028e-16 1
vn 2.2204460492492024e-22 2.2204460492492028e-16 1
vn 2.2204460492492024e-22 2.2204460492492028e-16 1
vn 2.2204460492492024e-22 2.2204460492492028e-16 1
vn 2.2204460492492024e-22 2.2204460492492028e-16 1
vn 2.2204460492492024e-22 2.2204460492492028e-16 1
vn 2.2204460492492024e-22 2.2204460492492028e-16 1
vn 2.2204460492492024e-22 2.2204460492492028e-16 1
vn 2.2204460492492024e-22 2.2204460492492028e-16 1
vn 2.2204460492492024e-22 2.2204460492492028e-16 1
vn 2.2204460492492024e-22 2.2204460492492028e-16 1
vn 2.2204460492492024e-22 2.2204460492492028e-16 1
vn 2.2204460492492024e-22 2.2204460492492028e-16 1
vn 2.2204460492492024e-22 2.2204460492492028e-16 1
vn 2.2204460492492024e-22 2.2204460492492028e-16 1
vn 2.2204460492492024e-22 2.2204460492492028e-16 1
vn 2.2204460492492024e-22 2.2204460492492028e-16 1
vn 2.2204460492492024e-22 2.2204460492492028e-16 1
vn 2.2204460492492024e-22 2.2204460492492028e-16 1
vn 2.2204460492492024e-22 2.2204460492492028e-16 1
vn 2.2204460492492024e-22 2.2204460492492028e-16 1
vn 2.2204460492492024e-22 2.2204460492492028e-16 1
vn 2.2204460492492024e-22 2.2204460492492028e-16 1
vn 2.2204460492492024e-22 2.2204460492492028e-16 1
vn 2.2204460492492024e-22 2.2204460492492028e-16 1
vn 2.2204460492492024e-22 2.2204460492492028e-16 1
vn 2.2204460492492024e-22 2.2204460492492028e-16 1
vn 2.2204460492492024e-22 2.2204460492492028e-16 1
vn 2.2204460492492024e-22 2.2204460492492028e-16 1
vn 2.2204460492492024e-22 2.2204460492492028e-16 1
vn 2.2204460492492024e-22 2.2204460492492028e-16 1
vn 2.2204460492492024e-22 2.2204460492492028e-16 1
vn 2.2204460492492024e-22 2.2204460492492028e-16 1
vn 2.2204460492492024e-22 2.2204460492492028e-16 1
vn 2.2204460492492024e-22 2.2204460492492028e-16 1
vn 2.2204460492492024e-22 2.2204460492492028e-16 1
vn 2.2204460492492024e-22 2.2204460492492028e-16 1
vn 2.2204460492492024e-22 2.2204460492492028e-16 1
vn 2.2204460492492024e-22 2.2204460492492028e-16 1
vn 2.2204460492492024e-22 2.2204460492492028e-16 1
vn 2.2204460492492024e-22 2.2204460492492028e-16 1
vn 2.2204460492492024e-22 2.2204460492492028e-16 1
vn 2.2204460492492024e-22 2.2204460492492028e-16 1
vn 2.2204460492492024e-22 2.2204460492492028e-16 1
vn 2.2204460492492024e-22 2.2204460492492028e-16 1
vn 2.2204460492492024e-22 2.2204460492492028e-16 1
vn 2.2204460492492024e-22 2.2204460492492028e-16 1
vn 2.2204460492492024e-22 2.2204460492492028e-16 1
vn 2.2204460492492024e-22 2.2204460492492028e-16 1
vn 2.2204460492492024e-22 2.2204460492492028e-16 1
vn 2.2204460492492024e-22 2.2204460492492028e-16 1
vn 2.2204460492492024e-22 2.2204460492492028e-16 1
vn 2.2204460492492024e-22 2.2204460492492028e-16 1
vn 2.2204460492492024e-22 2.2204460492492028e-16 1
vn 2.2204460492492024e-22 2.2204460492492028e-16 1
vn 2.2204460492492024e-22 2.2204460492492028e-16 1
vn 2.2204460492492024e-22 2.2204460492492028e-16 1
vn 2.2204460492492024e-22 2.2204460492492028e-16 1
vn 2.2204460492492024e-22 2.2204460492492028e-16 1
vn 0.03100591065399135 -0.17085761534275848 0.9848077521952713
vn 0.03100591065399135 -0.17085761534275848 0.9848077521952713
vn 2.2204460492492024e-22 2.2204460492492028e-16 1
vn -3.0901699035185736e-7 -0.3090169903518574 0.9510565176022847
vn 0.03100591065399135 -0.17085761534275848 0.9848077521952713
vn -3.0901699035185736e-7 -0.3090169903518574 0.9510565176022847
vn 0.08927795888257076 -0.4919648918542289 0.8660253987272075
vn 0.08927795888257076 -0.4919648918542289 0.8660253987272075
vn -3.0901699035185736e-7 -0.3090169903518574 0.9510565176022847
vn -5.8778524296625e-7 -0.5877852429662501 0.8090170011506316
vn 0.08927795888257076 -0.4919648918542289 0.8660253987272075
vn -5.8778524296625e-7 -0.5877852429662501 0.8090170011506316
vn 0.13678175409674173 -0.7537339358271635 0.6427876054566639
vn 0.13678175409674173 -0.7537339358271635 0.6427876054566639
vn -5.8778524296625e-7 -0.5877852429662501 0.8090170011506316
vn -8.090170011499471e-7 -0.8090170011499472 0.5877852429669289
vn 0.13678175409674173 -0.7537339358271635 0.6427876054566639
vn -8.090170011499471e-7 -0.8090170011499472 0.5877852429669289
vn 0.16778767650873883 -0.9245915384010052 0.34202014959510973
vn 0.16778767650873883 -0.9245915384010052 0.34202014959510973
vn -8.090170011499471e-7 -0.8090170011499472 0.5877852429669289
vn -9.510565176017178e-7 -0.951056517601718 0.30901699035229174
vn 0.16778767650873883 -0.9245915384010052 0.34202014959510973
vn -9.510565176017178e-7 -0.951056517601718 0.30901699035229174
vn 0.17364720303115203 -0.984807924866295 1.0933564330198819e-16
vn 0.17364720303115203 -0.984807924866295 1.0933564330198819e-16
vn -9.510565176017178e-7 -0.951056517601718 0.30901699035229174
vn -9.999999999995e-7 -0.9999999999995 1.1102230246246014e-16
vn 0.17364720303115203 -0.984807924866295 1.0933564330198819e-16
vn 0.3420192117693558 -0.9396929598441549 1.0432687600971434e-16
vn 0.16778767650873883 -0.9245915384010052 0.34202014959510973
vn 0.16778767650873883 -0.9245915384010052 0.34202014959510973
vn 0.3420192117693558 -0.9396929598441549 1.0432687600971434e-16
vn 0.33018343844961406 -0.879773334516294 0.34202014099709255
vn 0.16778767650873883 -0.9245915384010052 0.34202014959510973
vn 0.33018343844961406 -0.879773334516294 0.34202014099709255
vn 0.26916802329383166 -0.7171977667996422 0.6427876309744124
vn 0.26916802329383166 -0.7171977667996422 0.6427876309744124
vn 0.33018343844961406 -0.879773334516294 0.34202014099709255
vn 0.3929029691270097 -0.6576103217992664 0.6427876177356292
vn 0.26916802329383166 -0.7171977667996422 0.6427876309744124
vn 0.3929029691270097 -0.6576103217992664 0.6427876177356292
vn 0.2564492157660776 -0.42922465690320843 0.8660254001120792
vn 0.2564492157660776 -0.42922465690320843 0.8660254001120792
vn 0.3929029691270097 -0.6576103217992664 0.6427876177356292
vn 0.3289689757487995 -0.3765360580261736 0.8660254095584585
vn 0.2564492157660776 -0.42922465690320843 0.8660254001120792
vn 0.3289689757487995 -0.3765360580261736 0.8660254095584585
vn 0.1142497296073572 -0.13076960718606176 0.9848077523664449
vn 0.1142497296073572 -0.13076960718606176 0.9848077523664449
vn 0.3289689757487995 -0.3765360580261736 0.8660254095584585
vn 0.13576351002165216 -0.10826800709070089 0.9848077517907792
vn 0.1142497296073572 -0.13076960718606176 0.9848077523664449
vn 0.13576351002165216 -0.10826800709070089 0.9848077517907792
vn 2.2204460492492024e-22 2.2204460492492028e-16 1
vn 2.2204460492492024e-22 2.2204460492492028e-16 1
vn 0.13576351002165216 -0.10826800709070089 0.9848077517907792
vn 2.2204460492492024e-22 2.2204460492492028e-16 1
vn 2.2204460492492024e-22 2.2204460492492028e-16 1
vn 0.13576351002165216 -0.10826800709070089 0.9848077517907792
vn 0.1529137285637036 -0.08228658817844274 0.9848077523165104
vn 2.2204460492492024e-22 2.2204460492492028e-16 1
vn 0.1529137285637036 -0.08228658817844274 0.9848077523165104
vn 2.2204460492492024e-22 2.2204460492492028e-16 1
vn 2.2204460492492024e-22 2.2204460492492028e-16 1
vn 0.1529137285637036 -0.08228658817844274 0.9848077523165104
vn 0.1651491795126626 -0.05366040604255337 0.9848077524723506
vn 2.2204460492492024e-22 2.2204460492492028e-16 1
vn 0.1651491795126626 -0.05366040604255337 0.9848077524723506
vn 2.2204460492492024e-22 2.2204460492492028e-16 1
vn 2.2204460492492024e-22 2.2204460492492028e-16 1
vn 0.1651491795126626 -0.05366040604255337 0.9848077524723506
vn 0.17207660469124034 -0.023309531921947787 0.9848077517157927
vn 2.2204460492492024e-22 2.2204460492492028e-16 1
vn 0.17207660469124034 -0.023309531921947787 0.9848077517157927
vn 2.2204460492492024e-22 2.2204460492492028e-16 1
vn 2.2204460492492024e-22 2.2204460492492028e-16 1
vn 0.17207660469124034 -0.023309531921947787 0.9848077517157927
vn 0.1734733303074914 0.007790526836597899 0.9848077535050364
vn 2.2204460492492024e-22 2.2204460492492028e-16 1
vn 0.1734733303074914 0.007790526836597899 0.9848077535050364
vn 2.2204460492492024e-22 2.2204460492492028e-16 1
vn 2.2204460492492024e-22 2.2204460492492028e-16 1
vn 0.1734733303074914 0.007790526836597899 0.9848077535050364
vn 0.16929449371394237 0.038640180166065664 0.9848077532568851
vn 2.2204460492492024e-22 2.2204460492492028e-16 1
vn 0.16929449371394237 0.038640180166065664 0.9848077532568851
vn 2.2204460492492024e-22 2.2204460492492028e-16 1
vn 2.2204460492492024e-22 2.2204460492492028e-16 1
vn 0.16929449371394237 0.038640180166065664 0.9848077532568851
vn 0.15967439067009606 0.06824792247373423 0.9848077528341015
vn 2.2204460492492024e-22 2.2204460492492028e-16 1
vn 0.15967439067009606 0.06824792247373423 0.9848077528341015
vn 2.2204460492492024e-22 2.2204460492492028e-16 1
vn 2.2204460492492024e-22 2.2204460492492028e-16 1
vn 0.15967439067009606 0.06824792247373423 0.9848077528341015
vn 0.14492222057223056 0.09566211642366851 0.9848077525414584
vn 2.2204460492492024e-22 2.2204460492492028e-16 1
vn 0.14492222057223056 0.09566211642366851 0.9848077525414584
vn 2.2204460492492024e-22 2.2204460492492028e-16 1
vn 2.2204460492492024e-22 2.2204460492492028e-16 1
vn 0.14492222057223056 0.09566211642366851 0.9848077525414584
vn 0.12551213034140105 0.12000164992141979 0.9848077523828193
vn 2.2204460492492024e-22 2.2204460492492028e-16 1
vn 0.12551213034140105 0.12000164992141979 0.9848077523828193
vn 2.2204460492492024e-22 2.2204460492492028e-16 1
vn 2.2204460492492024e-22 2.2204460492492028e-16 1
vn 0.12551213034140105 0.12000164992141979 0.9848077523828193
vn 0.10206798434969179 0.14048422333569083 0.9848077525916208
vn 2.2204460492492024e-22 2.2204460492492028e-16 1
vn 0.10206798434969179 0.14048422333569083 0.9848077525916208
vn 2.2204460492492024e-22 2.2204460492492028e-16 1
vn 2.2204460492492024e-22 2.2204460492492028e-16 1
vn 0.10206798434969179 0.14048422333569083 0.9848077525916208
vn 0.07534327514704245 0.15645153344548698 0.9848077520880268
vn 2.2204460492492024e-22 2.2204460492492028e-16 1
vn 0.07534327514704245 0.15645153344548698 0.9848077520880268
vn 2.2204460492492024e-22 2.2204460492492028e-16 1
vn 2.2204460492492024e-22 2.2204460492492028e-16 1
vn 0.07534327514704245 0.15645153344548698 0.9848077520880268
vn 0.04619697691381597 0.1673903410441881 0.9848077543607863
vn 2.2204460492492024e-22 2.2204460492492028e-16 1
vn 0.04619697691381597 0.1673903410441881 0.9848077543607863
vn 2.2204460492492024e-22 2.2204460492492028e-16 1
vn 2.2204460492492024e-22 2.2204460492492028e-16 1
vn 0.04619697691381597 0.1673903410441881 0.9848077543607863
vn 0.015565873685475231 0.17294911009842365 0.9848077522504436
vn 2.2204460492492024e-22 2.2204460492492028e-16 1
vn 0.015565873685475231 0.17294911009842365 0.9848077522504436
vn 2.2204460492492024e-22 2.2204460492492028e-16 1
vn 2.2204460492492024e-22 2.2204460492492028e-16 1
vn 0.015565873685475231 0.17294911009842365 0.9848077522504436
vn 3.090169903518577e-7 0.3090169903518577 0.9510565176022844
vn 3.090169903518577e-7 0.3090169903518577 0.9510565176022844
vn 0.015565873685475231 0.17294911009842365 0.9848077522504436
vn 0.04482015889983168 0.4979871000867812 0.8660254046523994
vn 3.090169903518577e-7 0.3090169903518577 0.9510565176022844
vn 0.04482015889983168 0.4979871000867812 0.8660254046523994
vn 5.877852429662502e-7 0.5877852429662503 0.8090170011506312
vn 5.877852429662502e-7 0.5877852429662503 0.8090170011506312
vn 0.04482015889983168 0.4979871000867812 0.8660254046523994
vn 0.06866844985443846 0.7629605014817635 0.642787614358961
vn 5.877852429662502e-7 0.5877852429662503 0.8090170011506312
vn 0.06866844985443846 0.7629605014817635 0.642787614358961
vn 8.090170011499474e-7 0.8090170011499476 0.5877852429669288
vn 8.090170011499474e-7 0.8090170011499476 0.5877852429669288
vn 0.06866844985443846 0.7629605014817635 0.642787614358961
vn 0.08423433145219704 0.935909612604428 0.3420201374764811
vn 8.090170011499474e-7 0.8090170011499476 0.5877852429669288
vn 0.08423433145219704 0.935909612604428 0.3420201374764811
vn 9.510565176017181e-7 0.951056517601718 0.3090169903522915
vn 9.510565176017181e-7 0.951056517601718 0.3090169903522915
vn 0.08423433145219704 0.935909612604428 0.3420201374764811
vn 9.999999999995e-7 0.9999999999995 -1.1102230246246014e-16
vn 9.999999999995e-7 0.9999999999995 -1.1102230246246014e-16
vn 0.08423433145219704 0.935909612604428 0.3420201374764811
vn 0.17364917264665447 0.9848075775699192 -1.0933560474434492e-16
vn 0.17364917264665447 0.9848075775699192 -1.0933560474434492e-16
vn 0.08423433145219704 0.935909612604428 0.3420201374764811
vn 0.2499937727811664 0.9058285327158532 0.34202014982816914
vn 0.17364917264665447 0.9848075775699192 -1.0933560474434492e-16
vn 0.2499937727811664 0.9058285327158532 0.34202014982816914
vn 0.3420210911545915 0.9396922758038522 -1.0432680006598496e-16
vn 0.3420210911545915 0.9396922758038522 -1.0432680006598496e-16
vn 0.2499937727811664 0.9058285327158532 0.34202014982816914
vn 0.4077181918562432 0.8466333934242449 0.3420201356183919
vn 0.3420210911545915 0.9396922758038522 -1.0432680006598496e-16
vn 0.4077181918562432 0.8466333934242449 0.3420201356183919
vn 0.5000008717233546 0.8660249004941403 -9.614807844273046e-17
vn 0.5000008717233546 0.8660249004941403 -9.614807844273046e-17
vn 0.4077181918562432 0.8466333934242449 0.3420201356183919
vn 0.5523382258501514 0.7602267409151157 0.3420201553451038
vn 0.5000008717233546 0.8660249004941403 -9.614807844273046e-17
vn 0.5523382258501514 0.7602267409151157 0.3420201553451038
vn 0.6427883762427324 0.7660437999013057 -8.504794645217758e-17
vn 0.6427883762427324 0.7660437999013057 -8.504794645217758e-17
vn 0.5523382258501514 0.7602267409151157 0.3420201553451038
vn 0.679205669365871 0.6493857676494984 0.3420201506863747
vn 0.6427883762427324 0.7660437999013057 -8.504794645217758e-17
vn 0.679205669365871 0.6493857676494984 0.3420201506863747
vn 0.7660450854765259 0.6427868441538471 -7.136367543057433e-17
vn 0.7660450854765259 0.6427868441538471 -7.136367543057433e-17
vn 0.679205669365871 0.6493857676494984 0.3420201506863747
vn 0.7842428398525475 0.5176730497625665 0.34202014807542397
vn 0.7660450854765259 0.6427868441538471 -7.136367543057433e-17
vn 0.7842428398525475 0.5176730497625665 0.34202014807542397
vn 0.8660259004941516 0.49999913967255366 -5.551105571572386e-17
vn 0.8660259004941516 0.49999913967255366 -5.551105571572386e-17
vn 0.7842428398525475 0.5176730497625665 0.34202014807542397
vn 0.8640738307921579 0.3693218639488832 0.34202013939165604
vn 0.8660259004941516 0.49999913967255366 -5.551105571572386e-17
vn 0.8640738307921579 0.3693218639488832 0.34202013939165604
vn 0.9396929598441549 0.3420192117693558 -3.797176037704861e-17
vn 0.9396929598441549 0.3420192117693558 -3.797176037704861e-17
vn 0.8640738307921579 0.3693218639488832 0.34202013939165604
vn 0.9161327757530624 0.20910035639267444 0.3420201428972357
vn 0.9396929598441549 0.3420192117693558 -3.797176037704861e-17
vn 0.9161327757530624 0.20910035639267444 0.3420201428972357
vn 0.984807924866295 0.17364720303115203 -1.9278712296694425e-17
vn 0.984807924866295 0.17364720303115203 -1.9278712296694425e-17
vn 0.9161327757530624 0.20910035639267444 0.3420201428972357
vn 0.9387464531869809 0.04215821314276445 0.3420201480811811
vn 0.984807924866295 0.17364720303115203 -1.9278712296694425e-17
vn 0.9387464531869809 0.04215821314276445 0.3420201480811811
vn 0.9999999999995 -9.999999999995e-7 1.1102230246246014e-22
vn 0.9999999999995 -9.999999999995e-7 1.1102230246246014e-22
vn 0.9387464531869809 0.04215821314276445 0.3420201480811811
vn 0.9311880536878585 -0.1261389382224775 0.3420201411220164
vn 0.9999999999995 -9.999999999995e-7 1.1102230246246014e-22
vn 0.9311880536878585 -0.1261389382224775 0.3420201411220164
vn 0.9848075775699192 -0.17364917264665447 1.9278930967942473e-17
vn 0.9848075775699192 -0.17364917264665447 1.9278930967942473e-17
vn 0.9311880536878585 -0.1261389382224775 0.3420201411220164
vn 0.8937004972164836 -0.2903818856778829 0.3420201481567521
vn 0.9848075775699192 -0.17364917264665447 1.9278930967942473e-17
vn 0.8937004972164836 -0.2903818856778829 0.3420201481567521
vn 0.9396922758038522 -0.3420210911545915 3.7971969030724695e-17
vn 0.9396922758038522 -0.3420210911545915 3.7971969030724695e-17
vn 0.8937004972164836 -0.2903818856778829 0.3420201481567521
vn 0.8274886711576998 -0.44529171240660353 0.34202016017723075
vn 0.9396922758038522 -0.3420210911545915 3.7971969030724695e-17
vn 0.8274886711576998 -0.44529171240660353 0.34202016017723075
vn 0.8660249004941403 -0.5000008717233546 5.551124801199177e-17
vn 0.8660249004941403 -0.5000008717233546 5.551124801199177e-17
vn 0.8274886711576998 -0.44529171240660353 0.34202016017723075
vn 0.7346806808396495 -0.58588950105807 0.34202015986037226
vn 0.8660249004941403 -0.5000008717233546 5.551124801199177e-17
vn 0.7346806808396495 -0.58588950105807 0.34202015986037226
vn 0.7660437999013057 -0.6427883762427324 7.136384552660995e-17
vn 0.7660437999013057 -0.6427883762427324 7.136384552660995e-17
vn 0.7346806808396495 -0.58588950105807 0.34202015986037226
vn 0.6182594428313176 -0.7076563293527905 0.342020146887349
vn 0.7660437999013057 -0.6427883762427324 7.136384552660995e-17
vn 0.6182594428313176 -0.7076563293527905 0.342020146887349
vn 0.6427868441538471 -0.7660450854765259 8.504808917969852e-17
vn 0.6427868441538471 -0.7660450854765259 8.504808917969852e-17
vn 0.6182594428313176 -0.7076563293527905 0.342020146887349
vn 0.481966848207998 -0.8066784841209025 0.34202014631429467
vn 0.6427868441538471 -0.7660450854765259 8.504808917969852e-17
vn 0.481966848207998 -0.8066784841209025 0.34202014631429467
vn 0.49999913967255366 -0.8660259004941516 9.614818946503419e-17
vn 0.49999913967255366 -0.8660259004941516 9.614818946503419e-17
vn 0.481966848207998 -0.8066784841209025 0.34202014631429467
vn 0.33018343844961406 -0.879773334516294 0.34202014099709255
vn 0.49999913967255366 -0.8660259004941516 9.614818946503419e-17
vn 0.33018343844961406 -0.879773334516294 0.34202014099709255
vn 0.3420192117693558 -0.9396929598441549 1.0432687600971434e-16
vn 2.2204460492492024e-22 2.2204460492492028e-16 1
vn 2.2204460492492024e-22 2.2204460492492028e-16 1
vn 0.1142497296073572 -0.13076960718606176 0.9848077523664449
vn 0.1142497296073572 -0.13076960718606176 0.9848077523664449
vn 2.2204460492492024e-22 2.2204460492492028e-16 1
vn 0.08906387799798039 -0.1490681605089817 0.9848077523854235
vn 0.1142497296073572 -0.13076960718606176 0.9848077523664449
vn 0.08906387799798039 -0.1490681605089817 0.9848077523854235
vn 0.2564492157660776 -0.42922465690320843 0.8660254001120792
vn 0.2564492157660776 -0.42922465690320843 0.8660254001120792
vn 0.08906387799798039 -0.1490681605089817 0.9848077523854235
vn 0.1756869414904527 -0.46811762567932996 0.8660253963470568
vn 0.2564492157660776 -0.42922465690320843 0.8660254001120792
vn 0.1756869414904527 -0.46811762567932996 0.8660253963470568
vn 0.26916802329383166 -0.7171977667996422 0.6427876309744124
vn 0.26916802329383166 -0.7171977667996422 0.6427876309744124
vn 0.1756869414904527 -0.46811762567932996 0.8660253963470568
vn 0.13678175409674173 -0.7537339358271635 0.6427876054566639
vn 0.26916802329383166 -0.7171977667996422 0.6427876309744124
vn 0.13678175409674173 -0.7537339358271635 0.6427876054566639
vn 0.16778767650873883 -0.9245915384010052 0.34202014959510973
vn 2.2204460492492024e-22 2.2204460492492028e-16 1
vn 2.2204460492492024e-22 2.2204460492492028e-16 1
vn 0.08906387799798039 -0.1490681605089817 0.9848077523854235
vn 0.08906387799798039 -0.1490681605089817 0.9848077523854235
vn 2.2204460492492024e-22 2.2204460492492028e-16 1
vn 0.06101543945014646 -0.16257553711239545 0.9848077532601587
vn 0.08906387799798039 -0.1490681605089817 0.9848077523854235
vn 0.06101543945014646 -0.16257553711239545 0.9848077532601587
vn 0.1756869414904527 -0.46811762567932996 0.8660253963470568
vn 0.1756869414904527 -0.46811762567932996 0.8660253963470568
vn 0.06101543945014646 -0.16257553711239545 0.9848077532601587
vn 0.08927795888257076 -0.4919648918542289 0.8660253987272075
vn 0.1756869414904527 -0.46811762567932996 0.8660253963470568
vn 0.08927795888257076 -0.4919648918542289 0.8660253987272075
vn 0.13678175409674173 -0.7537339358271635 0.6427876054566639
vn 2.2204460492492024e-22 2.2204460492492028e-16 1
vn 2.2204460492492024e-22 2.2204460492492028e-16 1
vn 0.06101543945014646 -0.16257553711239545 0.9848077532601587
vn 0.06101543945014646 -0.16257553711239545 0.9848077532601587
vn 2.2204460492492024e-22 2.2204460492492028e-16 1
vn 0.03100591065399135 -0.17085761534275848 0.9848077521952713
vn 0.06101543945014646 -0.16257553711239545 0.9848077532601587
vn 0.03100591065399135 -0.17085761534275848 0.9848077521952713
vn 0.08927795888257076 -0.4919648918542289 0.8660253987272075
vn 0.33018343844961406 -0.879773334516294 0.34202014099709255
vn 0.481966848207998 -0.8066784841209025 0.34202014631429467
vn 0.3929029691270097 -0.6576103217992664 0.6427876177356292
vn 0.3929029691270097 -0.6576103217992664 0.6427876177356292
vn 0.481966848207998 -0.8066784841209025 0.34202014631429467
vn 0.5040097285290651 -0.5768867083167255 0.6427876160253488
vn 0.3929029691270097 -0.6576103217992664 0.6427876177356292
vn 0.5040097285290651 -0.5768867083167255 0.6427876160253488
vn 0.3289689757487995 -0.3765360580261736 0.8660254095584585
vn 0.3289689757487995 -0.3765360580261736 0.8660254095584585
vn 0.5040097285290651 -0.5768867083167255 0.6427876160253488
vn 0.39091544678819345 -0.3117452925056912 0.8660253957378664
vn 0.3289689757487995 -0.3765360580261736 0.8660254095584585
vn 0.39091544678819345 -0.3117452925056912 0.8660253957378664
vn 0.13576351002165216 -0.10826800709070089 0.9848077517907792
vn 0.13576351002165216 -0.10826800709070089 0.9848077517907792
vn 0.39091544678819345 -0.3117452925056912 0.8660253957378664
vn 0.1529137285637036 -0.08228658817844274 0.9848077523165104
vn 0.481966848207998 -0.8066784841209025 0.34202014631429467
vn 0.6182594428313176 -0.7076563293527905 0.342020146887349
vn 0.5040097285290651 -0.5768867083167255 0.6427876160253488
vn 0.5040097285290651 -0.5768867083167255 0.6427876160253488
vn 0.6182594428313176 -0.7076563293527905 0.342020146887349
vn 0.5989171765396565 -0.4776214852510847 0.6427876262594932
vn 0.5040097285290651 -0.5768867083167255 0.6427876160253488
vn 0.5989171765396565 -0.4776214852510847 0.6427876262594932
vn 0.39091544678819345 -0.3117452925056912 0.8660253957378664
vn 0.39091544678819345 -0.3117452925056912 0.8660253957378664
vn 0.5989171765396565 -0.4776214852510847 0.6427876262594932
vn 0.44029754087541867 -0.23693477928122406 0.8660253956241796
vn 0.39091544678819345 -0.3117452925056912 0.8660253957378664
vn 0.44029754087541867 -0.23693477928122406 0.8660253956241796
vn 0.1529137285637036 -0.08228658817844274 0.9848077523165104
vn 0.1529137285637036 -0.08228658817844274 0.9848077523165104
vn 0.44029754087541867 -0.23693477928122406 0.8660253956241796
vn 0.1651491795126626 -0.05366040604255337 0.9848077524723506
vn 0.6182594428313176 -0.7076563293527905 0.342020146887349
vn 0.7346806808396495 -0.58588950105807 0.34202015986037226
vn 0.5989171765396565 -0.4776214852510847 0.6427876262594932
vn 0.5989171765396565 -0.4776214852510847 0.6427876262594932
vn 0.7346806808396495 -0.58588950105807 0.34202015986037226
vn 0.6745749613901197 -0.3630051174927057 0.6427876057762978
vn 0.5989171765396565 -0.4776214852510847 0.6427876262594932
vn 0.6745749613901197 -0.3630051174927057 0.6427876057762978
vn 0.44029754087541867 -0.23693477928122406 0.8660253956241796
vn 0.44029754087541867 -0.23693477928122406 0.8660253956241796
vn 0.6745749613901197 -0.3630051174927057 0.6427876057762978
vn 0.4755281100686888 -0.15450897258109797 0.8660254002778641
vn 0.44029754087541867 -0.23693477928122406 0.8660253956241796
vn 0.4755281100686888 -0.15450897258109797 0.8660254002778641
vn 0.1651491795126626 -0.05366040604255337 0.9848077524723506
vn 0.1651491795126626 -0.05366040604255337 0.9848077524723506
vn 0.4755281100686888 -0.15450897258109797 0.8660254002778641
vn 0.17207660469124034 -0.023309531921947787 0.9848077517157927
vn 0.7346806808396495 -0.58588950105807 0.34202015986037226
vn 0.8274886711576998 -0.44529171240660353 0.34202016017723075
vn 0.6745749613901197 -0.3630051174927057 0.6427876057762978
vn 0.6745749613901197 -0.3630051174927057 0.6427876057762978
vn 0.8274886711576998 -0.44529171240660353 0.34202016017723075
vn 0.7285513138115971 -0.23672147837066482 0.6427876203081406
vn 0.6745749613901197 -0.3630051174927057 0.6427876057762978
vn 0.7285513138115971 -0.23672147837066482 0.6427876203081406
vn 0.4755281100686888 -0.15450897258109797 0.8660254002778641
vn 0.4755281100686888 -0.15450897258109797 0.8660254002778641
vn 0.7285513138115971 -0.23672147837066482 0.6427876203081406
vn 0.4954748277195107 -0.06711712359795624 0.8660253961728015
vn 0.4755281100686888 -0.15450897258109797 0.8660254002778641
vn 0.4954748277195107 -0.06711712359795624 0.8660253961728015
vn 0.17207660469124034 -0.023309531921947787 0.9848077517157927
vn 0.17207660469124034 -0.023309531921947787 0.9848077517157927
vn 0.4954748277195107 -0.06711712359795624 0.8660253961728015
vn 0.1734733303074914 0.007790526836597899 0.9848077535050364
vn 0.8274886711576998 -0.44529171240660353 0.34202016017723075
vn 0.8937004972164836 -0.2903818856778829 0.3420201481567521
vn 0.7285513138115971 -0.23672147837066482 0.6427876203081406
vn 0.7285513138115971 -0.23672147837066482 0.6427876203081406
vn 0.8937004972164836 -0.2903818856778829 0.3420201481567521
vn 0.7591114460959847 -0.10282940372291628 0.6427876213307568
vn 0.7285513138115971 -0.23672147837066482 0.6427876203081406
vn 0.7591114460959847 -0.10282940372291628 0.6427876213307568
vn 0.4954748277195107 -0.06711712359795624 0.8660253961728015
vn 0.4954748277195107 -0.06711712359795624 0.8660253961728015
vn 0.7591114460959847 -0.10282940372291628 0.6427876213307568
vn 0.49949656357787386 0.022431920976848534 0.8660253991051207
vn 0.4954748277195107 -0.06711712359795624 0.8660253961728015
vn 0.49949656357787386 0.022431920976848534 0.8660253991051207
vn 0.1734733303074914 0.007790526836597899 0.9848077535050364
vn 0.1734733303074914 0.007790526836597899 0.9848077535050364
vn 0.49949656357787386 0.022431920976848534 0.8660253991051207
vn 0.16929449371394237 0.038640180166065664 0.9848077532568851
vn 0.8937004972164836 -0.2903818856778829 0.3420201481567521
vn 0.9311880536878585 -0.1261389382224775 0.3420201411220164
vn 0.7591114460959847 -0.10282940372291628 0.6427876213307568
vn 0.7591114460959847 -0.10282940372291628 0.6427876213307568
vn 0.9311880536878585 -0.1261389382224775 0.3420201411220164
vn 0.7652730997273384 0.034367685787515374 0.6427876360099979
vn 0.7591114460959847 -0.10282940372291628 0.6427876213307568
vn 0.7652730997273384 0.034367685787515374 0.6427876360099979
vn 0.49949656357787386 0.022431920976848534 0.8660253991051207
vn 0.49949656357787386 0.022431920976848534 0.8660253991051207
vn 0.7652730997273384 0.034367685787515374 0.6427876360099979
vn 0.4874640688728113 0.11125998536396144 0.8660254021763877
vn 0.49949656357787386 0.022431920976848534 0.8660253991051207
vn 0.4874640688728113 0.11125998536396144 0.8660254021763877
vn 0.16929449371394237 0.038640180166065664 0.9848077532568851
vn 0.16929449371394237 0.038640180166065664 0.9848077532568851
vn 0.4874640688728113 0.11125998536396144 0.8660254021763877
vn 0.15967439067009606 0.06824792247373423 0.9848077528341015
vn 0.9311880536878585 -0.1261389382224775 0.3420201411220164
vn 0.9387464531869809 0.04215821314276445 0.3420201480811811
vn 0.7652730997273384 0.034367685787515374 0.6427876360099979
vn 0.7652730997273384 0.034367685787515374 0.6427876360099979
vn 0.9387464531869809 0.04215821314276445 0.3420201480811811
vn 0.7468382546768071 0.1704601854257471 0.6427876371990368
vn 0.7652730997273384 0.034367685787515374 0.6427876360099979
vn 0.7468382546768071 0.1704601854257471 0.6427876371990368
vn 0.4874640688728113 0.11125998536396144 0.8660254021763877
vn 0.4874640688728113 0.11125998536396144 0.8660254021763877
vn 0.7468382546768071 0.1704601854257471 0.6427876371990368
vn 0.45976407605257236 0.19651205260380825 0.8660254081451436
vn 0.4874640688728113 0.11125998536396144 0.8660254021763877
vn 0.45976407605257236 0.19651205260380825 0.8660254081451436
vn 0.15967439067009606 0.06824792247373423 0.9848077528341015
vn 0.15967439067009606 0.06824792247373423 0.9848077528341015
vn 0.45976407605257236 0.19651205260380825 0.8660254081451436
vn 0.14492222057223056 0.09566211642366851 0.9848077525414584
vn 0.9387464531869809 0.04215821314276445 0.3420201480811811
vn 0.9161327757530624 0.20910035639267444 0.3420201428972357
vn 0.7468382546768071 0.1704601854257471 0.6427876371990368
vn 0.7468382546768071 0.1704601854257471 0.6427876371990368
vn 0.9161327757530624 0.20910035639267444 0.3420201428972357
vn 0.7043994179200878 0.3010739373693059 0.6427876354370743
vn 0.7468382546768071 0.1704601854257471 0.6427876371990368
vn 0.7043994179200878 0.3010739373693059 0.6427876354370743
vn 0.45976407605257236 0.19651205260380825 0.8660254081451436
vn 0.45976407605257236 0.19651205260380825 0.8660254081451436
vn 0.7043994179200878 0.3010739373693059 0.6427876354370743
vn 0.417286920832907 0.2754480775966423 0.8660253935365321
vn 0.45976407605257236 0.19651205260380825 0.8660254081451436
vn 0.417286920832907 0.2754480775966423 0.8660253935365321
vn 0.14492222057223056 0.09566211642366851 0.9848077525414584
vn 0.14492222057223056 0.09566211642366851 0.9848077525414584
vn 0.417286920832907 0.2754480775966423 0.8660253935365321
vn 0.12551213034140105 0.12000164992141979 0.9848077523828193
vn 0.9161327757530624 0.20910035639267444 0.3420201428972357
vn 0.8640738307921579 0.3693218639488832 0.34202013939165604
vn 0.7043994179200878 0.3010739373693059 0.6427876354370743
vn 0.7043994179200878 0.3010739373693059 0.6427876354370743
vn 0.8640738307921579 0.3693218639488832 0.34202013939165604
vn 0.6393206295901883 0.42201091801734375 0.6427876147333303
vn 0.7043994179200878 0.3010739373693059 0.6427876354370743
vn 0.6393206295901883 0.42201091801734375 0.6427876147333303
vn 0.417286920832907 0.2754480775966423 0.8660253935365321
vn 0.417286920832907 0.2754480775966423 0.8660253935365321
vn 0.6393206295901883 0.42201091801734375 0.6427876147333303
vn 0.36139778857817745 0.3455309544158557 0.8660254026016043
vn 0.417286920832907 0.2754480775966423 0.8660253935365321
vn 0.36139778857817745 0.3455309544158557 0.8660254026016043
vn 0.12551213034140105 0.12000164992141979 0.9848077523828193
vn 0.12551213034140105 0.12000164992141979 0.9848077523828193
vn 0.36139778857817745 0.3455309544158557 0.8660254026016043
vn 0.10206798434969179 0.14048422333569083 0.9848077525916208
vn 0.8640738307921579 0.3693218639488832 0.34202013939165604
vn 0.7842428398525475 0.5176730497625665 0.34202014807542397
vn 0.6393206295901883 0.42201091801734375 0.6427876147333303
vn 0.6393206295901883 0.42201091801734375 0.6427876147333303
vn 0.7842428398525475 0.5176730497625665 0.34202014807542397
vn 0.5536935025492394 0.5293841383999315 0.6427876315279546
vn 0.6393206295901883 0.42201091801734375 0.6427876147333303
vn 0.5536935025492394 0.5293841383999315 0.6427876315279546
vn 0.36139778857817745 0.3455309544158557 0.8660254026016043
vn 0.36139778857817745 0.3455309544158557 0.8660254026016043
vn 0.5536935025492394 0.5293841383999315 0.6427876315279546
vn 0.29389303687649193 0.4045082216639919 0.8660253930929207
vn 0.36139778857817745 0.3455309544158557 0.8660254026016043
vn 0.29389303687649193 0.4045082216639919 0.8660253930929207
vn 0.10206798434969179 0.14048422333569083 0.9848077525916208
vn 0.10206798434969179 0.14048422333569083 0.9848077525916208
vn 0.29389303687649193 0.4045082216639919 0.8660253930929207
vn 0.07534327514704245 0.15645153344548698 0.9848077520880268
vn 0.7842428398525475 0.5176730497625665 0.34202014807542397
vn 0.679205669365871 0.6493857676494984 0.3420201506863747
vn 0.5536935025492394 0.5293841383999315 0.6427876315279546
vn 0.5536935025492394 0.5293841383999315 0.6427876315279546
vn 0.679205669365871 0.6493857676494984 0.3420201506863747
vn 0.45027023991474446 0.6197425118074273 0.6427876244186249
vn 0.5536935025492394 0.5293841383999315 0.6427876315279546
vn 0.45027023991474446 0.6197425118074273 0.6427876244186249
vn 0.29389303687649193 0.4045082216639919 0.8660253930929207
vn 0.29389303687649193 0.4045082216639919 0.8660253930929207
vn 0.45027023991474446 0.6197425118074273 0.6427876244186249
vn 0.21694232504352542 0.4504842175190746 0.866025402266548
vn 0.29389303687649193 0.4045082216639919 0.8660253930929207
vn 0.21694232504352542 0.4504842175190746 0.866025402266548
vn 0.07534327514704245 0.15645153344548698 0.9848077520880268
vn 0.07534327514704245 0.15645153344548698 0.9848077520880268
vn 0.21694232504352542 0.4504842175190746 0.866025402266548
vn 0.04619697691381597 0.1673903410441881 0.9848077543607863
vn 0.679205669365871 0.6493857676494984 0.3420201506863747
vn 0.5523382258501514 0.7602267409151157 0.3420201553451038
vn 0.45027023991474446 0.6197425118074273 0.6427876244186249
vn 0.45027023991474446 0.6197425118074273 0.6427876244186249
vn 0.5523382258501514 0.7602267409151157 0.3420201553451038
vn 0.3323749165161039 0.6901818511357117 0.6427876221846491
vn 0.45027023991474446 0.6197425118074273 0.6427876244186249
vn 0.3323749165161039 0.6901818511357117 0.6427876221846491
vn 0.21694232504352542 0.4504842175190746 0.866025402266548
vn 0.21694232504352542 0.4504842175190746 0.866025402266548
vn 0.3323749165161039 0.6901818511357117 0.6427876221846491
vn 0.13301891033850186 0.4819813023324485 0.8660254001438262
vn 0.21694232504352542 0.4504842175190746 0.866025402266548
vn 0.13301891033850186 0.4819813023324485 0.8660254001438262
vn 0.04619697691381597 0.1673903410441881 0.9848077543607863
vn 0.04619697691381597 0.1673903410441881 0.9848077543607863
vn 0.13301891033850186 0.4819813023324485 0.8660254001438262
vn 0.015565873685475231 0.17294911009842365 0.9848077522504436
vn 0.5523382258501514 0.7602267409151157 0.3420201553451038
vn 0.4077181918562432 0.8466333934242449 0.3420201356183919
vn 0.3323749165161039 0.6901818511357117 0.6427876221846491
vn 0.3323749165161039 0.6901818511357117 0.6427876221846491
vn 0.4077181918562432 0.8466333934242449 0.3420201356183919
vn 0.20379677615203323 0.7384381911417441 0.6427876102518988
vn 0.3323749165161039 0.6901818511357117 0.6427876221846491
vn 0.20379677615203323 0.7384381911417441 0.6427876102518988
vn 0.13301891033850186 0.4819813023324485 0.8660254001438262
vn 0.13301891033850186 0.4819813023324485 0.8660254001438262
vn 0.20379677615203323 0.7384381911417441 0.6427876102518988
vn 0.04482015889983168 0.4979871000867812 0.8660254046523994
vn 0.13301891033850186 0.4819813023324485 0.8660254001438262
vn 0.04482015889983168 0.4979871000867812 0.8660254046523994
vn 0.015565873685475231 0.17294911009842365 0.9848077522504436
vn 0.4077181918562432 0.8466333934242449 0.3420201356183919
vn 0.2499937727811664 0.9058285327158532 0.34202014982816914
vn 0.20379677615203323 0.7384381911417441 0.6427876102518988
vn 0.20379677615203323 0.7384381911417441 0.6427876102518988
vn 0.2499937727811664 0.9058285327158532 0.34202014982816914
vn 0.06866844985443846 0.7629605014817635 0.642787614358961
vn 0.20379677615203323 0.7384381911417441 0.6427876102518988
vn 0.06866844985443846 0.7629605014817635 0.642787614358961
vn 0.04482015889983168 0.4979871000867812 0.8660254046523994
vn 0.08423433145219704 0.935909612604428 0.3420201374764811
vn 0.06866844985443846 0.7629605014817635 0.642787614358961
vn 0.2499937727811664 0.9058285327158532 0.34202014982816914
vn 0.9999999999995 -9.999999999995e-7 1.1102230246246014e-22
vn 0.9999999999995 -9.999999999995e-7 1.1102230246246014e-22
vn 0.9829730986863783 -9.829730986455776e-7 0.18374952315021986
vn 0.9829730986863783 -9.829730986455776e-7 0.18374952315021986
vn 0.9999999999995 -9.999999999995e-7 1.1102230246246014e-22
vn 0.9829730986863783 -9.829730986455776e-7 0.18374952315021986
vn 0.9829730986863783 -9.829730986455776e-7 0.18374952315021986
vn 0.9829730986863783 -9.829730986455776e-7 0.18374952315021986
vn 0.93247222336484 -9.324722232846282e-7 0.3612416817757362
vn 0.93247222336484 -9.324722232846282e-7 0.3612416817757362
vn 0.9829730986863783 -9.829730986455776e-7 0.18374952315021986
vn 0.93247222336484 -9.324722232846282e-7 0.3612416817757362
vn 0.93247222336484 -9.324722232846282e-7 0.3612416817757362
vn 0.93247222336484 -9.324722232846282e-7 0.3612416817757362
vn 0.8502171398135027 -8.502171396966113e-7 0.5264321562809628
vn 0.8502171398135027 -8.502171396966113e-7 0.5264321562809628
vn 0.93247222336484 -9.324722232846282e-7 0.3612416817757362
vn 0.8502171398135027 -8.502171396966113e-7 0.5264321562809628
vn 0.8502171398135027 -8.502171396966113e-7 0.5264321562809628
vn 0.8502171398135027 -8.502171396966113e-7 0.5264321562809628
vn 0.7390089108505413 -7.390089107009509e-7 0.6736956506338382
vn 0.7390089108505413 -7.390089107009509e-7 0.6736956506338382
vn 0.8502171398135027 -8.502171396966113e-7 0.5264321562809628
vn 0.7390089108505413 -7.390089107009509e-7 0.6736956506338382
vn 0.7390089108505413 -7.390089107009509e-7 0.6736956506338382
vn 0.7390089108505413 -7.390089107009509e-7 0.6736956506338382
vn 0.6026346411003265 -6.02634640923131e-7 0.7980172237148253
vn 0.6026346411003265 -6.02634640923131e-7 0.7980172237148253
vn 0.7390089108505413 -7.390089107009509e-7 0.6736956506338382
vn 0.6026346411003265 -6.02634640923131e-7 0.7980172237148253
vn 0.6026346411003265 -6.02634640923131e-7 0.7980172237148253
vn 0.6026346411003265 -6.02634640923131e-7 0.7980172237148253
vn 0.4457383783222403 -4.4573837812347407e-7 0.8951632801285254
vn 0.4457383783222403 -4.4573837812347407e-7 0.8951632801285254
vn 0.6026346411003265 -6.02634640923131e-7 0.7980172237148253
vn 0.4457383783222403 -4.4573837812347407e-7 0.8951632801285254
vn 0.4457383783222403 -4.4573837812347407e-7 0.8951632801285254
vn 0.4457383783222403 -4.4573837812347407e-7 0.8951632801285254
vn 0.2736629884131379 -2.736629881995697e-7 0.9618256436447907
vn 0.2736629884131379 -2.736629881995697e-7 0.9618256436447907
vn 0.4457383783222403 -4.4573837812347407e-7 0.8951632801285254
vn 0.2736629884131379 -2.736629881995697e-7 0.9618256436447907
vn 0.2736629884131379 -2.736629881995697e-7 0.9618256436447907
vn 0.2736629884131379 -2.736629881995697e-7 0.9618256436447907
vn 0.09226836199191216 -9.226836177081474e-8 0.99573417606072
vn 0.09226836199191216 -9.226836177081474e-8 0.99573417606072
vn 0.2736629884131379 -2.736629881995697e-7 0.9618256436447907
vn 0.09226836199191216 -9.226836177081474e-8 0.99573417606072
vn 0.09226836199191216 -9.226836177081474e-8 0.99573417606072
vn 0.09226836199191216 -9.226836177081474e-8 0.99573417606072
vn -0.09226836199191216 9.226836221300955e-8 0.99573417606072
vn -0.09226836199191216 9.226836221300955e-8 0.99573417606072
vn 0.09226836199191216 -9.226836177081474e-8 0.99573417606072
vn -0.09226836199191216 9.226836221300955e-8 0.99573417606072
vn -0.09226836199191216 9.226836221300955e-8 0.99573417606072
vn -0.09226836199191216 9.226836221300955e-8 0.99573417606072
vn -0.2736629884131379 2.7366298862670604e-7 0.9618256436447907
vn -0.2736629884131379 2.7366298862670604e-7 0.9618256436447907
vn -0.09226836199191216 9.226836221300955e-8 0.99573417606072
vn -0.2736629884131379 2.7366298862670604e-7 0.9618256436447907
vn -0.2736629884131379 2.7366298862670604e-7 0.9618256436447907
vn -0.2736629884131379 2.7366298862670604e-7 0.9618256436447907
vn -0.4457383783222403 4.457383785210064e-7 0.8951632801285254
vn -0.4457383783222403 4.457383785210064e-7 0.8951632801285254
vn -0.2736629884131379 2.7366298862670604e-7 0.9618256436447907
vn -0.4457383783222403 4.457383785210064e-7 0.8951632801285254
vn -0.4457383783222403 4.457383785210064e-7 0.8951632801285254
vn -0.4457383783222403 4.457383785210064e-7 0.8951632801285254
vn -0.6026346411003265 6.026346412775219e-7 0.7980172237148253
vn -0.6026346411003265 6.026346412775219e-7 0.7980172237148253
vn -0.4457383783222403 4.457383785210064e-7 0.8951632801285254
vn -0.6026346411003265 6.026346412775219e-7 0.7980172237148253
vn -0.6026346411003265 6.026346412775219e-7 0.7980172237148253
vn -0.6026346411003265 6.026346412775219e-7 0.7980172237148253
vn -0.7390089108505413 7.390089110001318e-7 0.6736956506338382
vn -0.7390089108505413 7.390089110001318e-7 0.6736956506338382
vn -0.6026346411003265 6.026346412775219e-7 0.7980172237148253
vn -0.7390089108505413 7.390089110001318e-7 0.6736956506338382
vn -0.7390089108505413 7.390089110001318e-7 0.6736956506338382
vn -0.7390089108505413 7.390089110001318e-7 0.6736956506338382
vn -0.8502171398135027 8.50217139930394e-7 0.5264321562809628
vn -0.8502171398135027 8.50217139930394e-7 0.5264321562809628
vn -0.7390089108505413 7.390089110001318e-7 0.6736956506338382
vn -0.8502171398135027 8.50217139930394e-7 0.5264321562809628
vn -0.8502171398135027 8.50217139930394e-7 0.5264321562809628
vn -0.8502171398135027 8.50217139930394e-7 0.5264321562809628
vn -0.93247222336484 9.324722234450517e-7 0.3612416817757362
vn -0.93247222336484 9.324722234450517e-7 0.3612416817757362
vn -0.8502171398135027 8.50217139930394e-7 0.5264321562809628
vn -0.93247222336484 9.324722234450517e-7 0.3612416817757362
vn -0.93247222336484 9.324722234450517e-7 0.3612416817757362
vn -0.93247222336484 9.324722234450517e-7 0.3612416817757362
vn -0.9829730986863783 9.829730987271788e-7 0.18374952315021986
vn -0.9829730986863783 9.829730987271788e-7 0.18374952315021986
vn -0.93247222336484 9.324722234450517e-7 0.3612416817757362
vn -0.9829730986863783 9.829730987271788e-7 0.18374952315021986
vn -0.9829730986863783 9.829730987271788e-7 0.18374952315021986
vn -0.9829730986863783 9.829730987271788e-7 0.18374952315021986
vn -0.9999999999995 9.999999999995e-7 -1.1102230246246014e-22
vn -0.9999999999995 9.999999999995e-7 -1.1102230246246014e-22
vn -0.9829730986863783 9.829730987271788e-7 0.18374952315021986
vn -0.9999999999995 9.999999999995e-7 -1.1102230246246014e-22
vn 0.9999999999995 -9.999999999995e-7 1.1102230246246014e-22
vn 0.9999999999995 -9.999999999995e-7 1.1102230246246014e-22
vn 0.9951847265761388 -9.951847265543745e-7 0.09801714129980164
vn 0.9951847265761388 -9.951847265543745e-7 0.09801714129980164
vn 0.9999999999995 -9.999999999995e-7 1.1102230246246014e-22
vn 0.9848077512180923 -9.848077511795347e-7 0.1736481878390743
vn 0.9951847265761388 -9.951847265543745e-7 0.09801714129980164
vn 0.9848077512180923 -9.848077511795347e-7 0.1736481878390743
vn 0.980785282637441 -9.807852825941222e-7 0.1950903107815273
vn 0.980785282637441 -9.807852825941222e-7 0.1950903107815273
vn 0.9848077512180923 -9.848077511795347e-7 0.1736481878390743
vn 0.9569403348823389 -9.569403348178826e-7 0.2902846800545309
vn 0.9569403348823389 -9.569403348178826e-7 0.2902846800545309
vn 0.9848077512180923 -9.848077511795347e-7 0.1736481878390743
vn 0.9396926178239486 -9.396926177480047e-7 0.3420201514622957
vn 0.9569403348823389 -9.569403348178826e-7 0.2902846800545309
vn 0.9396926178239486 -9.396926177480047e-7 0.3420201514622957
vn 0.9238795288424134 -9.238795287574404e-7 0.3826834412214181
vn 0.9238795288424134 -9.238795287574404e-7 0.3826834412214181
vn 0.9396926178239486 -9.396926177480047e-7 0.3420201514622957
vn 0.8660254004940376 -8.660254003830152e-7 0.5000000056983916
vn 0.9238795288424134 -9.238795287574404e-7 0.3826834412214181
vn 0.8660254004940376 -8.660254003830152e-7 0.5000000056983916
vn 0.8819212515725348 -8.819212514678637e-7 0.4713967607270504
vn 0.8819212515725348 -8.819212514678637e-7 0.4713967607270504
vn 0.8660254004940376 -8.660254003830152e-7 0.5000000056983916
vn 0.831469629597216 -8.314696294738546e-7 0.5555702071356753
vn 0.831469629597216 -8.314696294738546e-7 0.5555702071356753
vn 0.8660254004940376 -8.660254003830152e-7 0.5000000056983916
vn 0.7660444426887575 -7.660444425460299e-7 0.6427876101987998
vn 0.831469629597216 -8.314696294738546e-7 0.5555702071356753
vn 0.7660444426887575 -7.660444425460299e-7 0.6427876101987998
vn 0.7730104709734216 -7.730104708325579e-7 0.6343932627044928
vn 0.7730104709734216 -7.730104708325579e-7 0.6343932627044928
vn 0.7660444426887575 -7.660444425460299e-7 0.6427876101987998
vn 0.7071067811860171 -7.071067810290077e-7 0.7071067811867242
vn 0.7071067811860171 -7.071067810290077e-7 0.7071067811867242
vn 0.7660444426887575 -7.660444425460299e-7 0.6427876101987998
vn 0.642787610198101 -6.42787610028005e-7 0.766044442689457
vn 0.7071067811860171 -7.071067810290077e-7 0.7071067811867242
vn 0.642787610198101 -6.42787610028005e-7 0.766044442689457
vn 0.6343932627037965 -6.343932625321536e-7 0.7730104709741191
vn 0.6343932627037965 -6.343932625321536e-7 0.7730104709741191
vn 0.642787610198101 -6.42787610028005e-7 0.766044442689457
vn 0.5555702071350133 -5.555702069503899e-7 0.8314696295978885
vn 0.5555702071350133 -5.555702069503899e-7 0.8314696295978885
vn 0.642787610198101 -6.42787610028005e-7 0.766044442689457
vn 0.5000000056977666 -5.000000055054704e-7 0.8660254004946872
vn 0.5555702071350133 -5.555702069503899e-7 0.8314696295978885
vn 0.5000000056977666 -5.000000055054704e-7 0.8660254004946872
vn 0.471396760726448 -4.713967605306221e-7 0.8819212515731718
vn 0.471396760726448 -4.713967605306221e-7 0.8819212515731718
vn 0.5000000056977666 -5.000000055054704e-7 0.8660254004946872
vn 0.3826834412209001 -3.8268344101575754e-7 0.9238795288430106
vn 0.3826834412209001 -3.8268344101575754e-7 0.9238795288430106
vn 0.5000000056977666 -5.000000055054704e-7 0.8660254004946872
vn 0.3420201514618226 -3.4202015125316884e-7 0.9396926178245283
vn 0.3826834412209001 -3.8268344101575754e-7 0.9238795288430106
vn 0.3420201514618226 -3.4202015125316884e-7 0.9396926178245283
vn 0.29028468005411984 -2.902846798416364e-7 0.9569403348828979
vn 0.29028468005411984 -2.902846798416364e-7 0.9569403348828979
vn 0.3420201514618226 -3.4202015125316884e-7 0.9396926178245283
vn 0.17364818783881902 -1.7364818762014775e-7 0.9848077512186144
vn 0.29028468005411984 -2.902846798416364e-7 0.9569403348828979
vn 0.17364818783881902 -1.7364818762014775e-7 0.9848077512186144
vn 0.19509031078124203 -1.9509031056346397e-7 0.9807852826379686
vn 0.19509031078124203 -1.9509031056346397e-7 0.9807852826379686
vn 0.17364818783881902 -1.7364818762014775e-7 0.9848077512186144
vn 0.09801714129965555 -9.801714107868014e-8 0.995184726576646
vn 0.09801714129965555 -9.801714107868014e-8 0.995184726576646
vn 0.17364818783881902 -1.7364818762014775e-7 0.9848077512186144
vn 2.2204460492492024e-22 2.2204460492492028e-16 1
vn 0.09801714129965555 -9.801714107868014e-8 0.995184726576646
vn 2.2204460492492024e-22 2.2204460492492028e-16 1
vn 2.2204460492492024e-22 2.2204460492492028e-16 1
vn 2.2204460492492024e-22 2.2204460492492028e-16 1
vn 2.2204460492492024e-22 2.2204460492492028e-16 1
vn -0.09801714129965555 9.801714152063094e-8 0.995184726576646
vn -0.09801714129965555 9.801714152063094e-8 0.995184726576646
vn 2.2204460492492024e-22 2.2204460492492028e-16 1
vn -0.17364818783881902 1.7364818805749023e-7 0.9848077512186144
vn -0.09801714129965555 9.801714152063094e-8 0.995184726576646
vn -0.17364818783881902 1.7364818805749023e-7 0.9848077512186144
vn -0.19509031078124203 1.950903109990201e-7 0.9807852826379686
vn -0.19509031078124203 1.950903109990201e-7 0.9807852826379686
vn -0.17364818783881902 1.7364818805749023e-7 0.9848077512186144
vn -0.29028468005411984 2.902846802666033e-7 0.9569403348828979
vn -0.29028468005411984 2.902846802666033e-7 0.9569403348828979
vn -0.17364818783881902 1.7364818805749023e-7 0.9848077512186144
vn -0.3420201514618226 3.4202015167047624e-7 0.9396926178245283
vn -0.29028468005411984 2.902846802666033e-7 0.9569403348828979
vn -0.3420201514618226 3.4202015167047624e-7 0.9396926178245283
vn -0.3826834412209001 3.826834414260424e-7 0.9238795288430106
vn -0.3826834412209001 3.826834414260424e-7 0.9238795288430106
vn -0.3420201514618226 3.4202015167047624e-7 0.9396926178245283
vn -0.5000000056977666 5.000000058900629e-7 0.8660254004946872
vn -0.3826834412209001 3.826834414260424e-7 0.9238795288430106
vn -0.5000000056977666 5.000000058900629e-7 0.8660254004946872
vn -0.471396760726448 4.7139676092227377e-7 0.8819212515731718
vn -0.471396760726448 4.7139676092227377e-7 0.8819212515731718
vn -0.5000000056977666 5.000000058900629e-7 0.8660254004946872
vn -0.5555702071350133 5.555702073196366e-7 0.8314696295978885
vn -0.5555702071350133 5.555702073196366e-7 0.8314696295978885
vn -0.5000000056977666 5.000000058900629e-7 0.8660254004946872
vn -0.642787610198101 6.42787610368197e-7 0.766044442689457
vn -0.5555702071350133 5.555702073196366e-7 0.8314696295978885
vn -0.642787610198101 6.42787610368197e-7 0.766044442689457
vn -0.6343932627037965 6.343932628754391e-7 0.7730104709741191
vn -0.6343932627037965 6.343932628754391e-7 0.7730104709741191
vn -0.642787610198101 6.42787610368197e-7 0.766044442689457
vn -0.7071067811860171 7.071067813430262e-7 0.7071067811867242
vn -0.7071067811860171 7.071067813430262e-7 0.7071067811867242
vn -0.642787610198101 6.42787610368197e-7 0.766044442689457
vn -0.7660444426887575 7.660444428314848e-7 0.6427876101987998
vn -0.7071067811860171 7.071067813430262e-7 0.7071067811867242
vn -0.7660444426887575 7.660444428314848e-7 0.6427876101987998
vn -0.7730104709734216 7.730104711142851e-7 0.6343932627044928
vn -0.7730104709734216 7.730104711142851e-7 0.6343932627044928
vn -0.7660444426887575 7.660444428314848e-7 0.6427876101987998
vn -0.831469629597216 8.314696297205773e-7 0.5555702071356753
vn -0.831469629597216 8.314696297205773e-7 0.5555702071356753
vn -0.7660444426887575 7.660444428314848e-7 0.6427876101987998
vn -0.8660254004940376 8.660254006050599e-7 0.5000000056983916
vn -0.831469629597216 8.314696297205773e-7 0.5555702071356753
vn -0.8660254004940376 8.660254006050599e-7 0.5000000056983916
vn -0.8819212515725348 8.819212516772058e-7 0.4713967607270504
vn -0.8819212515725348 8.819212516772058e-7 0.4713967607270504
vn -0.8660254004940376 8.660254006050599e-7 0.5000000056983916
vn -0.9238795288424134 9.238795289273861e-7 0.3826834412214181
vn -0.9238795288424134 9.238795289273861e-7 0.3826834412214181
vn -0.8660254004940376 8.660254006050599e-7 0.5000000056983916
vn -0.9396926178239486 9.396926178998922e-7 0.3420201514622957
vn -0.9238795288424134 9.238795289273861e-7 0.3826834412214181
vn -0.9396926178239486 9.396926178998922e-7 0.3420201514622957
vn -0.9569403348823389 9.569403349467947e-7 0.2902846800545309
vn -0.9569403348823389 9.569403349467947e-7 0.2902846800545309
vn -0.9396926178239486 9.396926178998922e-7 0.3420201514622957
vn -0.9848077512180923 9.848077512566499e-7 0.1736481878390743
vn -0.9569403348823389 9.569403349467947e-7 0.2902846800545309
vn -0.9848077512180923 9.848077512566499e-7 0.1736481878390743
vn -0.980785282637441 9.807852826807597e-7 0.1950903107815273
vn -0.980785282637441 9.807852826807597e-7 0.1950903107815273
vn -0.9848077512180923 9.848077512566499e-7 0.1736481878390743
vn -0.9951847265761388 9.951847265979029e-7 0.09801714129980164
vn -0.9951847265761388 9.951847265979029e-7 0.09801714129980164
vn -0.9848077512180923 9.848077512566499e-7 0.1736481878390743
vn -0.9999999999995 9.999999999995e-7 -1.1102230246246014e-22
vn -0.9951847265761388 9.951847265979029e-7 0.09801714129980164
vn -0.9999999999995 9.999999999995e-7 -1.1102230246246014e-22
vn -0.9999999999995 9.999999999995e-7 -1.1102230246246014e-22
vn 9.999999999995e-7 0.9999999999995 -1.1102230246246014e-16
vn 9.999999999995e-7 0.9999999999995 -1.1102230246246014e-16
vn -0.09801614611497753 0.995184824593285 -1.1048771060210127e-16
vn -0.09801614611497753 0.995184824593285 -1.1048771060210127e-16
vn 9.999999999995e-7 0.9999999999995 -1.1102230246246014e-16
vn -0.17364720303115203 0.984807924866295 -1.0933564330198819e-16
vn -0.09801614611497753 0.995184824593285 -1.1048771060210127e-16
vn -0.17364720303115203 0.984807924866295 -1.0933564330198819e-16
vn -0.19508932999605327 0.9807854777277705 -1.0888906195913544e-16
vn -0.19508932999605327 0.9807854777277705 -1.0888906195913544e-16
vn -0.17364720303115203 0.984807924866295 -1.0933564330198819e-16
vn -0.2902837231139179 0.9569406251670592 -1.0624175152596607e-16
vn -0.2902837231139179 0.9569406251670592 -1.0624175152596607e-16
vn -0.17364720303115203 0.984807924866295 -1.0933564330198819e-16
vn -0.3420192117693558 0.9396929598441549 -1.0432687600971434e-16
vn -0.2902837231139179 0.9569406251670592 -1.0624175152596607e-16
vn -0.3420192117693558 0.9396929598441549 -1.0432687600971434e-16
vn -0.3826825173415347 0.9238799115259224 -1.0257127497647316e-16
vn -0.3826825173415347 0.9238799115259224 -1.0257127497647316e-16
vn -0.3420192117693558 0.9396929598441549 -1.0432687600971434e-16
vn -0.49999913967255366 0.8660259004941516 -9.614818946503419e-17
vn -0.3826825173415347 0.9238799115259224 -1.0257127497647316e-16
vn -0.49999913967255366 0.8660259004941516 -9.614818946503419e-17
vn -0.4713958788053798 0.8819217229693936 -9.791298027577096e-17
vn -0.4713958788053798 0.8819217229693936 -9.791298027577096e-17
vn -0.49999913967255366 0.8660259004941516 -9.614818946503419e-17
vn -0.5555693756655758 0.8314701851675516 -9.23117343862358e-17
vn -0.5555693756655758 0.8314701851675516 -9.23117343862358e-17
vn -0.49999913967255366 0.8660259004941516 -9.614818946503419e-17
vn -0.6427868441538471 0.7660450854765259 -8.504808917969852e-17
vn -0.5555693756655758 0.8314701851675516 -9.23117343862358e-17
vn -0.6427868441538471 0.7660450854765259 -8.504808917969852e-17
vn -0.634392489693515 0.7730111053668397 -8.582147274692084e-17
vn -0.634392489693515 0.7730111053668397 -8.582147274692084e-17
vn -0.6427868441538471 0.7660450854765259 -8.504808917969852e-17
vn -0.7071060740794127 0.7071074882929752 -7.850470143877244e-17
vn -0.7071060740794127 0.7071074882929752 -7.850470143877244e-17
vn -0.6427868441538471 0.7660450854765259 -8.504808917969852e-17
vn -0.7660437999013057 0.6427883762427324 -7.136384552660995e-17
vn -0.7071060740794127 0.7071074882929752 -7.850470143877244e-17
vn -0.7660437999013057 0.6427883762427324 -7.136384552660995e-17
vn -0.7730098365803144 0.6343940357144571 -7.043188651350641e-17
vn -0.7730098365803144 0.6343940357144571 -7.043188651350641e-17
vn -0.7660437999013057 0.6427883762427324 -7.136384552660995e-17
vn -0.8314690740271373 0.5555710386048349 -6.168077588739994e-17
vn -0.8314690740271373 0.5555710386048349 -6.168077588739994e-17
vn -0.7660437999013057 0.6427883762427324 -7.136384552660995e-17
vn -0.8660249004941403 0.5000008717233546 -5.551124801199177e-17
vn -0.8314690740271373 0.5555710386048349 -6.168077588739994e-17
vn -0.8660249004941403 0.5000008717233546 -5.551124801199177e-17
vn -0.881920780175872 0.471397642647883 -5.233565166217013e-17
vn -0.881920780175872 0.471397642647883 -5.233565166217013e-17
vn -0.8660249004941403 0.5000008717233546 -5.551124801199177e-17
vn -0.9396922758038522 0.3420210911545915 -3.7971969030724695e-17
vn -0.881920780175872 0.471397642647883 -5.233565166217013e-17
vn -0.9396922758038522 0.3420210911545915 -3.7971969030724695e-17
vn -0.9238791461590399 0.38268436510059234 -4.248649932987373e-17
vn -0.9238791461590399 0.38268436510059234 -4.248649932987373e-17
vn -0.9396922758038522 0.3420210911545915 -3.7971969030724695e-17
vn -0.9569400445976991 0.2902856369945877 -3.222817979093714e-17
vn -0.9569400445976991 0.2902856369945877 -3.222817979093714e-17
vn -0.9396922758038522 0.3420210911545915 -3.7971969030724695e-17
vn -0.9848075775699192 0.17364917264665447 -1.9278930967942473e-17
vn -0.9569400445976991 0.2902856369945877 -3.222817979093714e-17
vn -0.9848075775699192 0.17364917264665447 -1.9278930967942473e-17
vn -0.9807850875471489 0.19509129156661853 -2.1659484380111952e-17
vn -0.9807850875471489 0.19509129156661853 -2.1659484380111952e-17
vn -0.9848075775699192 0.17364917264665447 -1.9278930967942473e-17
vn -0.9951846285590025 0.0980181364844307 -1.0882199195586606e-17
vn -0.9951846285590025 0.0980181364844307 -1.0882199195586606e-17
vn -0.9848075775699192 0.17364917264665447 -1.9278930967942473e-17
vn -0.9999999999995 9.999999999995e-7 -1.1102230246246014e-22
vn -0.9951846285590025 0.0980181364844307 -1.0882199195586606e-17
vn -0.9999999999995 9.999999999995e-7 -1.1102230246246014e-22
vn -0.9999999999995 9.999999999995e-7 -1.1102230246246014e-22
vn -0.9999999999995 9.999999999995e-7 -1.1102230246246014e-22
vn -0.9999999999995 9.999999999995e-7 -1.1102230246246014e-22
vn -0.984807924866295 -0.17364720303115203 1.9278712296694425e-17
vn -0.9999999999995 9.999999999995e-7 -1.1102230246246014e-22
vn -0.984807924866295 -0.17364720303115203 1.9278712296694425e-17
vn -0.984807924866295 -0.17364720303115203 1.9278712296694425e-17
vn -0.984807924866295 -0.17364720303115203 1.9278712296694425e-17
vn -0.984807924866295 -0.17364720303115203 1.9278712296694425e-17
vn -0.9396929598441549 -0.3420192117693558 3.797176037704861e-17
vn -0.9396929598441549 -0.3420192117693558 3.797176037704861e-17
vn -0.984807924866295 -0.17364720303115203 1.9278712296694425e-17
vn -0.9396929598441549 -0.3420192117693558 3.797176037704861e-17
vn -0.9396929598441549 -0.3420192117693558 3.797176037704861e-17
vn -0.9396929598441549 -0.3420192117693558 3.797176037704861e-17
vn -0.8660259004941516 -0.49999913967255366 5.551105571572386e-17
vn -0.8660259004941516 -0.49999913967255366 5.551105571572386e-17
vn -0.9396929598441549 -0.3420192117693558 3.797176037704861e-17
vn -0.8660259004941516 -0.49999913967255366 5.551105571572386e-17
vn -0.8660259004941516 -0.49999913967255366 5.551105571572386e-17
vn -0.8660259004941516 -0.49999913967255366 5.551105571572386e-17
vn -0.7660450854765259 -0.6427868441538471 7.136367543057433e-17
vn -0.7660450854765259 -0.6427868441538471 7.136367543057433e-17
vn -0.8660259004941516 -0.49999913967255366 5.551105571572386e-17
vn -0.7660450854765259 -0.6427868441538471 7.136367543057433e-17
vn -0.7660450854765259 -0.6427868441538471 7.136367543057433e-17
vn -0.7660450854765259 -0.6427868441538471 7.136367543057433e-17
vn -0.6427883762427324 -0.7660437999013057 8.504794645217758e-17
vn -0.6427883762427324 -0.7660437999013057 8.504794645217758e-17
vn -0.7660450854765259 -0.6427868441538471 7.136367543057433e-17
vn -0.6427883762427324 -0.7660437999013057 8.504794645217758e-17
vn -0.6427883762427324 -0.7660437999013057 8.504794645217758e-17
vn -0.6427883762427324 -0.7660437999013057 8.504794645217758e-17
vn -0.5000008717233546 -0.8660249004941403 9.614807844273046e-17
vn -0.5000008717233546 -0.8660249004941403 9.614807844273046e-17
vn -0.6427883762427324 -0.7660437999013057 8.504794645217758e-17
vn -0.5000008717233546 -0.8660249004941403 9.614807844273046e-17
vn -0.5000008717233546 -0.8660249004941403 9.614807844273046e-17
vn -0.5000008717233546 -0.8660249004941403 9.614807844273046e-17
vn -0.3420210911545915 -0.9396922758038522 1.0432680006598496e-16
vn -0.3420210911545915 -0.9396922758038522 1.0432680006598496e-16
vn -0.5000008717233546 -0.8660249004941403 9.614807844273046e-17
vn -0.3420210911545915 -0.9396922758038522 1.0432680006598496e-16
vn -0.3420210911545915 -0.9396922758038522 1.0432680006598496e-16
vn -0.3420210911545915 -0.9396922758038522 1.0432680006598496e-16
vn -0.17364917264665447 -0.9848075775699192 1.0933560474434492e-16
vn -0.17364917264665447 -0.9848075775699192 1.0933560474434492e-16
vn -0.3420210911545915 -0.9396922758038522 1.0432680006598496e-16
vn -0.17364917264665447 -0.9848075775699192 1.0933560474434492e-16
vn -0.17364917264665447 -0.9848075775699192 1.0933560474434492e-16
vn -0.17364917264665447 -0.9848075775699192 1.0933560474434492e-16
vn -9.999999999995e-7 -0.9999999999995 1.1102230246246014e-16
vn -9.999999999995e-7 -0.9999999999995 1.1102230246246014e-16
vn -0.17364917264665447 -0.9848075775699192 1.0933560474434492e-16
vn -9.999999999995e-7 -0.9999999999995 1.1102230246246014e-16
vn -0.984807924866295 -0.17364720303115203 1.9278712296694425e-17
vn -0.9999999999995 9.999999999995e-7 -1.1102230246246014e-22
vn -0.9999999999995 9.999999999995e-7 -1.1102230246246014e-22
vn -0.9999999999995 9.999999999995e-7 -1.1102230246246014e-22
vn -0.9999999999995 9.999999999995e-7 -1.1102230246246014e-22
vn -0.9951846285590025 0.0980181364844307 -1.0882199195586606e-17
vn -0.9951846285590025 0.0980181364844307 -1.0882199195586606e-17
vn -0.9999999999995 9.999999999995e-7 -1.1102230246246014e-22
vn -0.9848075775699192 0.17364917264665447 -1.9278930967942473e-17
vn -0.9951846285590025 0.0980181364844307 -1.0882199195586606e-17
vn -0.9848075775699192 0.17364917264665447 -1.9278930967942473e-17
vn -0.9807850875471489 0.19509129156661853 -2.1659484380111952e-17
vn -0.9807850875471489 0.19509129156661853 -2.1659484380111952e-17
vn -0.9848075775699192 0.17364917264665447 -1.9278930967942473e-17
vn -0.9569400445976991 0.2902856369945877 -3.222817979093714e-17
vn -0.9569400445976991 0.2902856369945877 -3.222817979093714e-17
vn -0.9848075775699192 0.17364917264665447 -1.9278930967942473e-17
vn -0.9396922758038522 0.3420210911545915 -3.7971969030724695e-17
vn -0.9569400445976991 0.2902856369945877 -3.222817979093714e-17
vn -0.9396922758038522 0.3420210911545915 -3.7971969030724695e-17
vn -0.9238791461590399 0.38268436510059234 -4.248649932987373e-17
vn -0.9238791461590399 0.38268436510059234 -4.248649932987373e-17
vn -0.9396922758038522 0.3420210911545915 -3.7971969030724695e-17
vn -0.8660249004941403 0.5000008717233546 -5.551124801199177e-17
vn -0.9238791461590399 0.38268436510059234 -4.248649932987373e-17
vn -0.8660249004941403 0.5000008717233546 -5.551124801199177e-17
vn -0.881920780175872 0.471397642647883 -5.233565166217013e-17
vn -0.881920780175872 0.471397642647883 -5.233565166217013e-17
vn -0.8660249004941403 0.5000008717233546 -5.551124801199177e-17
vn -0.8314690740271373 0.5555710386048349 -6.168077588739994e-17
vn -0.8314690740271373 0.5555710386048349 -6.168077588739994e-17
vn -0.8660249004941403 0.5000008717233546 -5.551124801199177e-17
vn -0.7660437999013057 0.6427883762427324 -7.136384552660995e-17
vn -0.8314690740271373 0.5555710386048349 -6.168077588739994e-17
vn -0.7660437999013057 0.6427883762427324 -7.136384552660995e-17
vn -0.7730098365803144 0.6343940357144571 -7.043188651350641e-17
vn -0.7730098365803144 0.6343940357144571 -7.043188651350641e-17
vn -0.7660437999013057 0.6427883762427324 -7.136384552660995e-17
vn -0.7071060740794127 0.7071074882929752 -7.850470143877244e-17
vn -0.7071060740794127 0.7071074882929752 -7.850470143877244e-17
vn -0.7660437999013057 0.6427883762427324 -7.136384552660995e-17
vn -0.6427868441538471 0.7660450854765259 -8.504808917969852e-17
vn -0.7071060740794127 0.7071074882929752 -7.850470143877244e-17
vn -0.6427868441538471 0.7660450854765259 -8.504808917969852e-17
vn -0.634392489693515 0.7730111053668397 -8.582147274692084e-17
vn -0.634392489693515 0.7730111053668397 -8.582147274692084e-17
vn -0.6427868441538471 0.7660450854765259 -8.504808917969852e-17
vn -0.5555693756655758 0.8314701851675516 -9.23117343862358e-17
vn -0.5555693756655758 0.8314701851675516 -9.23117343862358e-17
vn -0.6427868441538471 0.7660450854765259 -8.504808917969852e-17
vn -0.49999913967255366 0.8660259004941516 -9.614818946503419e-17
vn -0.5555693756655758 0.8314701851675516 -9.23117343862358e-17
vn -0.49999913967255366 0.8660259004941516 -9.614818946503419e-17
vn -0.4713958788053798 0.8819217229693936 -9.791298027577096e-17
vn -0.4713958788053798 0.8819217229693936 -9.791298027577096e-17
vn -0.49999913967255366 0.8660259004941516 -9.614818946503419e-17
vn -0.3826825173415347 0.9238799115259224 -1.0257127497647316e-16
vn -0.3826825173415347 0.9238799115259224 -1.0257127497647316e-16
vn -0.49999913967255366 0.8660259004941516 -9.614818946503419e-17
vn -0.3420192117693558 0.9396929598441549 -1.0432687600971434e-16
vn -0.3826825173415347 0.9238799115259224 -1.0257127497647316e-16
vn -0.3420192117693558 0.9396929598441549 -1.0432687600971434e-16
vn -0.2902837231139179 0.9569406251670592 -1.0624175152596607e-16
vn -0.2902837231139179 0.9569406251670592 -1.0624175152596607e-16
vn -0.3420192117693558 0.9396929598441549 -1.0432687600971434e-16
vn -0.17364720303115203 0.984807924866295 -1.0933564330198819e-16
vn -0.2902837231139179 0.9569406251670592 -1.0624175152596607e-16
vn -0.17364720303115203 0.984807924866295 -1.0933564330198819e-16
vn -0.19508932999605327 0.9807854777277705 -1.0888906195913544e-16
vn -0.19508932999605327 0.9807854777277705 -1.0888906195913544e-16
vn -0.17364720303115203 0.984807924866295 -1.0933564330198819e-16
vn -0.09801614611497753 0.995184824593285 -1.1048771060210127e-16
vn -0.09801614611497753 0.995184824593285 -1.1048771060210127e-16
vn -0.17364720303115203 0.984807924866295 -1.0933564330198819e-16
vn 9.999999999995e-7 0.9999999999995 -1.1102230246246014e-16
vn -0.09801614611497753 0.995184824593285 -1.1048771060210127e-16
vn 9.999999999995e-7 0.9999999999995 -1.1102230246246014e-16
vn 9.999999999995e-7 0.9999999999995 -1.1102230246246014e-16
vn -9.999999999995e-7 -0.9999999999995 1.1102230246246014e-16
vn 0.17364720303115203 -0.984807924866295 1.0933564330198819e-16
vn -9.999999999995e-7 -0.9999999999995 1.1102230246246014e-16
vn -9.999999999995e-7 -0.9999999999995 1.1102230246246014e-16
vn 0.17364720303115203 -0.984807924866295 1.0933564330198819e-16
vn 0.17364720303115203 -0.984807924866295 1.0933564330198819e-16
vn 0.17364720303115203 -0.984807924866295 1.0933564330198819e-16
vn 0.17364720303115203 -0.984807924866295 1.0933564330198819e-16
vn 0.3420192117693558 -0.9396929598441549 1.0432687600971434e-16
vn 0.17364720303115203 -0.984807924866295 1.0933564330198819e-16
vn 0.3420192117693558 -0.9396929598441549 1.0432687600971434e-16
vn 0.3420192117693558 -0.9396929598441549 1.0432687600971434e-16
vn 0.3420192117693558 -0.9396929598441549 1.0432687600971434e-16
vn 0.3420192117693558 -0.9396929598441549 1.0432687600971434e-16
vn 0.49999913967255366 -0.8660259004941516 9.614818946503419e-17
vn 0.3420192117693558 -0.9396929598441549 1.0432687600971434e-16
vn 0.49999913967255366 -0.8660259004941516 9.614818946503419e-17
vn 0.49999913967255366 -0.8660259004941516 9.614818946503419e-17
vn 0.49999913967255366 -0.8660259004941516 9.614818946503419e-17
vn 0.49999913967255366 -0.8660259004941516 9.614818946503419e-17
vn 0.6427868441538471 -0.7660450854765259 8.504808917969852e-17
vn 0.49999913967255366 -0.8660259004941516 9.614818946503419e-17
vn 0.6427868441538471 -0.7660450854765259 8.504808917969852e-17
vn 0.6427868441538471 -0.7660450854765259 8.504808917969852e-17
vn 0.6427868441538471 -0.7660450854765259 8.504808917969852e-17
vn 0.6427868441538471 -0.7660450854765259 8.504808917969852e-17
vn 0.7660437999013057 -0.6427883762427324 7.136384552660995e-17
vn 0.6427868441538471 -0.7660450854765259 8.504808917969852e-17
vn 0.7660437999013057 -0.6427883762427324 7.136384552660995e-17
vn 0.7660437999013057 -0.6427883762427324 7.136384552660995e-17
vn 0.7660437999013057 -0.6427883762427324 7.136384552660995e-17
vn 0.7660437999013057 -0.6427883762427324 7.136384552660995e-17
vn 0.8660249004941403 -0.5000008717233546 5.551124801199177e-17
vn 0.7660437999013057 -0.6427883762427324 7.136384552660995e-17
vn 0.8660249004941403 -0.5000008717233546 5.551124801199177e-17
vn 0.8660249004941403 -0.5000008717233546 5.551124801199177e-17
vn 0.8660249004941403 -0.5000008717233546 5.551124801199177e-17
vn 0.8660249004941403 -0.5000008717233546 5.551124801199177e-17
vn 0.9396922758038522 -0.3420210911545915 3.7971969030724695e-17
vn 0.8660249004941403 -0.5000008717233546 5.551124801199177e-17
vn 0.9396922758038522 -0.3420210911545915 3.7971969030724695e-17
vn 0.9396922758038522 -0.3420210911545915 3.7971969030724695e-17
vn 0.9396922758038522 -0.3420210911545915 3.7971969030724695e-17
vn 0.9396922758038522 -0.3420210911545915 3.7971969030724695e-17
vn 0.9848075775699192 -0.17364917264665447 1.9278930967942473e-17
vn 0.9396922758038522 -0.3420210911545915 3.7971969030724695e-17
vn 0.9848075775699192 -0.17364917264665447 1.9278930967942473e-17
vn 0.9848075775699192 -0.17364917264665447 1.9278930967942473e-17
vn 0.9848075775699192 -0.17364917264665447 1.9278930967942473e-17
vn 0.9848075775699192 -0.17364917264665447 1.9278930967942473e-17
vn 0.9999999999995 -9.999999999995e-7 1.1102230246246014e-22
vn 0.9848075775699192 -0.17364917264665447 1.9278930967942473e-17
vn 0.9999999999995 -9.999999999995e-7 1.1102230246246014e-22
vn 0.9999999999995 -9.999999999995e-7 1.1102230246246014e-22
vn 0.9999999999995 -9.999999999995e-7 1.1102230246246014e-22
vn 0.9999999999995 -9.999999999995e-7 1.1102230246246014e-22
vn 0.995184824593285 0.09801614611497753 -1.0881978220187164e-17
vn 0.9999999999995 -9.999999999995e-7 1.1102230246246014e-22
vn 0.995184824593285 0.09801614611497753 -1.0881978220187164e-17
vn 0.984807924866295 0.17364720303115203 -1.9278712296694425e-17
vn 0.984807924866295 0.17364720303115203 -1.9278712296694425e-17
vn 0.995184824593285 0.09801614611497753 -1.0881978220187164e-17
vn 0.9807854777277705 0.19508932999605327 -2.1659266602031354e-17
vn 0.984807924866295 0.17364720303115203 -1.9278712296694425e-17
vn 0.9807854777277705 0.19508932999605327 -2.1659266602031354e-17
vn 0.9569406251670592 0.2902837231139179 -3.222796730749854e-17
vn 0.9848075775699192 -0.17364917264665447 1.9278930967942473e-17
vn 0.9999999999995 -9.999999999995e-7 1.1102230246246014e-22
vn 0.9999999999995 -9.999999999995e-7 1.1102230246246014e-22
vn 0.9999999999995 -9.999999999995e-7 1.1102230246246014e-22
vn 0.9999999999995 -9.999999999995e-7 1.1102230246246014e-22
vn 0.995184824593285 0.09801614611497753 -1.0881978220187164e-17
vn 0.995184824593285 0.09801614611497753 -1.0881978220187164e-17
vn 0.9999999999995 -9.999999999995e-7 1.1102230246246014e-22
vn 0.984807924866295 0.17364720303115203 -1.9278712296694425e-17
vn 0.995184824593285 0.09801614611497753 -1.0881978220187164e-17
vn 0.984807924866295 0.17364720303115203 -1.9278712296694425e-17
vn 0.9807854777277705 0.19508932999605327 -2.1659266602031354e-17
vn 0.9807854777277705 0.19508932999605327 -2.1659266602031354e-17
vn 0.984807924866295 0.17364720303115203 -1.9278712296694425e-17
vn 0.9569406251670592 0.2902837231139179 -3.222796730749854e-17
vn 0.9569406251670592 0.2902837231139179 -3.222796730749854e-17
vn 0.984807924866295 0.17364720303115203 -1.9278712296694425e-17
vn 0.9396929598441549 0.3420192117693558 -3.797176037704861e-17
vn 0.9569406251670592 0.2902837231139179 -3.222796730749854e-17
vn 0.9396929598441549 0.3420192117693558 -3.797176037704861e-17
vn 0.9238799115259224 0.3826825173415347 -4.2486294187408756e-17
vn 0.9238799115259224 0.3826825173415347 -4.2486294187408756e-17
vn 0.9396929598441549 0.3420192117693558 -3.797176037704861e-17
vn 0.8660259004941516 0.49999913967255366 -5.551105571572386e-17
vn 0.9238799115259224 0.3826825173415347 -4.2486294187408756e-17
vn 0.8660259004941516 0.49999913967255366 -5.551105571572386e-17
vn 0.8819217229693936 0.4713958788053798 -5.233545583631425e-17
vn 0.8819217229693936 0.4713958788053798 -5.233545583631425e-17
vn 0.8660259004941516 0.49999913967255366 -5.551105571572386e-17
vn 0.8314701851675516 0.5555693756655758 -6.168059126405455e-17
vn 0.8314701851675516 0.5555693756655758 -6.168059126405455e-17
vn 0.8660259004941516 0.49999913967255366 -5.551105571572386e-17
vn 0.7660450854765259 0.6427868441538471 -7.136367543057433e-17
vn 0.8314701851675516 0.5555693756655758 -6.168059126405455e-17
vn 0.7660450854765259 0.6427868441538471 -7.136367543057433e-17
vn 0.7730111053668397 0.634392489693515 -7.043171487070177e-17
vn 0.7730111053668397 0.634392489693515 -7.043171487070177e-17
vn 0.7660450854765259 0.6427868441538471 -7.136367543057433e-17
vn 0.7071074882929752 0.7071060740794127 -7.850454442952656e-17
vn 0.7071074882929752 0.7071060740794127 -7.850454442952656e-17
vn 0.7660450854765259 0.6427868441538471 -7.136367543057433e-17
vn 0.6427883762427324 0.7660437999013057 -8.504794645217758e-17
vn 0.7071074882929752 0.7071060740794127 -7.850454442952656e-17
vn 0.6427883762427324 0.7660437999013057 -8.504794645217758e-17
vn 0.6343940357144571 0.7730098365803144 -8.582133188331946e-17
vn 0.6343940357144571 0.7730098365803144 -8.582133188331946e-17
vn 0.6427883762427324 0.7660437999013057 -8.504794645217758e-17
vn 0.5555710386048349 0.8314690740271373 -9.231161102486866e-17
vn 0.5555710386048349 0.8314690740271373 -9.231161102486866e-17
vn 0.6427883762427324 0.7660437999013057 -8.504794645217758e-17
vn 0.5000008717233546 0.8660249004941403 -9.614807844273046e-17
vn 0.5555710386048349 0.8314690740271373 -9.231161102486866e-17
vn 0.5000008717233546 0.8660249004941403 -9.614807844273046e-17
vn 0.471397642647883 0.881920780175872 -9.791287560466345e-17
vn 0.471397642647883 0.881920780175872 -9.791287560466345e-17
vn 0.5000008717233546 0.8660249004941403 -9.614807844273046e-17
vn 0.38268436510059234 0.9238791461590399 -1.0257119000367963e-16
vn 0.38268436510059234 0.9238791461590399 -1.0257119000367963e-16
vn 0.5000008717233546 0.8660249004941403 -9.614807844273046e-17
vn 0.3420210911545915 0.9396922758038522 -1.0432680006598496e-16
vn 0.38268436510059234 0.9238791461590399 -1.0257119000367963e-16
vn 0.3420210911545915 0.9396922758038522 -1.0432680006598496e-16
vn 0.2902856369945877 0.9569400445976991 -1.0624168706981897e-16
vn 0.2902856369945877 0.9569400445976991 -1.0624168706981897e-16
vn 0.3420210911545915 0.9396922758038522 -1.0432680006598496e-16
vn 0.17364917264665447 0.9848075775699192 -1.0933560474434492e-16
vn 0.2902856369945877 0.9569400445976991 -1.0624168706981897e-16
vn 0.17364917264665447 0.9848075775699192 -1.0933560474434492e-16
vn 0.19509129156661853 0.9807850875471489 -1.0888901864038446e-16
vn 0.19509129156661853 0.9807850875471489 -1.0888901864038446e-16
vn 0.17364917264665447 0.9848075775699192 -1.0933560474434492e-16
vn 0.0980181364844307 0.9951846285590025 -1.1048768883792387e-16
vn 0.0980181364844307 0.9951846285590025 -1.1048768883792387e-16
vn 0.17364917264665447 0.9848075775699192 -1.0933560474434492e-16
vn 9.999999999995e-7 0.9999999999995 -1.1102230246246014e-16
vn 0.0980181364844307 0.9951846285590025 -1.1048768883792387e-16
vn 9.999999999995e-7 0.9999999999995 -1.1102230246246014e-16
vn 9.999999999995e-7 0.9999999999995 -1.1102230246246014e-16
vn 0.984807924866295 0.17364720303115203 -1.9278712296694425e-17
vn 0.9569406251670592 0.2902837231139179 -3.222796730749854e-17
vn 0.9396929598441549 0.3420192117693558 -3.797176037704861e-17
vn 0.9396929598441549 0.3420192117693558 -3.797176037704861e-17
vn 0.9569406251670592 0.2902837231139179 -3.222796730749854e-17
vn 0.9238799115259224 0.3826825173415347 -4.2486294187408756e-17
vn 0.9396929598441549 0.3420192117693558 -3.797176037704861e-17
vn 0.9238799115259224 0.3826825173415347 -4.2486294187408756e-17
vn 0.8819217229693936 0.4713958788053798 -5.233545583631425e-17
vn 0.9396929598441549 0.3420192117693558 -3.797176037704861e-17
vn 0.8819217229693936 0.4713958788053798 -5.233545583631425e-17
vn 0.8660259004941516 0.49999913967255366 -5.551105571572386e-17
vn 0.8660259004941516 0.49999913967255366 -5.551105571572386e-17
vn 0.8819217229693936 0.4713958788053798 -5.233545583631425e-17
vn 0.8314701851675516 0.5555693756655758 -6.168059126405455e-17
vn 0.8660259004941516 0.49999913967255366 -5.551105571572386e-17
vn 0.8314701851675516 0.5555693756655758 -6.168059126405455e-17
vn 0.7660450854765259 0.6427868441538471 -7.136367543057433e-17
vn 0.7660450854765259 0.6427868441538471 -7.136367543057433e-17
vn 0.8314701851675516 0.5555693756655758 -6.168059126405455e-17
vn 0.7730111053668397 0.634392489693515 -7.043171487070177e-17
vn 0.7660450854765259 0.6427868441538471 -7.136367543057433e-17
vn 0.7730111053668397 0.634392489693515 -7.043171487070177e-17
vn 0.7071074882929752 0.7071060740794127 -7.850454442952656e-17
vn 0.7660450854765259 0.6427868441538471 -7.136367543057433e-17
vn 0.7071074882929752 0.7071060740794127 -7.850454442952656e-17
vn 0.6427883762427324 0.7660437999013057 -8.504794645217758e-17
vn 0.6427883762427324 0.7660437999013057 -8.504794645217758e-17
vn 0.7071074882929752 0.7071060740794127 -7.850454442952656e-17
vn 0.6343940357144571 0.7730098365803144 -8.582133188331946e-17
vn 0.6427883762427324 0.7660437999013057 -8.504794645217758e-17
vn 0.6343940357144571 0.7730098365803144 -8.582133188331946e-17
vn 0.5555710386048349 0.8314690740271373 -9.231161102486866e-17
vn 0.6427883762427324 0.7660437999013057 -8.504794645217758e-17
vn 0.5555710386048349 0.8314690740271373 -9.231161102486866e-17
vn 0.5000008717233546 0.8660249004941403 -9.614807844273046e-17
vn 0.5000008717233546 0.8660249004941403 -9.614807844273046e-17
vn 0.5555710386048349 0.8314690740271373 -9.231161102486866e-17
vn 0.471397642647883 0.881920780175872 -9.791287560466345e-17
vn 0.5000008717233546 0.8660249004941403 -9.614807844273046e-17
vn 0.471397642647883 0.881920780175872 -9.791287560466345e-17
vn 0.38268436510059234 0.9238791461590399 -1.0257119000367963e-16
vn 0.5000008717233546 0.8660249004941403 -9.614807844273046e-17
vn 0.38268436510059234 0.9238791461590399 -1.0257119000367963e-16
vn 0.3420210911545915 0.9396922758038522 -1.0432680006598496e-16
vn 0.3420210911545915 0.9396922758038522 -1.0432680006598496e-16
vn 0.38268436510059234 0.9238791461590399 -1.0257119000367963e-16
vn 0.2902856369945877 0.9569400445976991 -1.0624168706981897e-16
vn 0.3420210911545915 0.9396922758038522 -1.0432680006598496e-16
vn 0.2902856369945877 0.9569400445976991 -1.0624168706981897e-16
vn 0.17364917264665447 0.9848075775699192 -1.0933560474434492e-16
vn 0.17364917264665447 0.9848075775699192 -1.0933560474434492e-16
vn 0.2902856369945877 0.9569400445976991 -1.0624168706981897e-16
vn 0.19509129156661853 0.9807850875471489 -1.0888901864038446e-16
vn 0.17364917264665447 0.9848075775699192 -1.0933560474434492e-16
vn 0.19509129156661853 0.9807850875471489 -1.0888901864038446e-16
vn 0.0980181364844307 0.9951846285590025 -1.1048768883792387e-16
vn 9.999999999995e-7 0.9999999999995 -1.1102230246246014e-16
vn 9.999999999995e-7 0.9999999999995 -1.1102230246246014e-16
vn 0.0980181364844307 0.9951846285590025 -1.1048768883792387e-16
vn 0.0980181364844307 0.9951846285590025 -1.1048768883792387e-16
vn 9.999999999995e-7 0.9999999999995 -1.1102230246246014e-16
vn 0.17364917264665447 0.9848075775699192 -1.0933560474434492e-16
vn -0.9999999999995 9.999999999995e-7 -1.1102230246246014e-22
vn -0.9999999999995 9.999999999995e-7 -1.1102230246246014e-22
vn -0.9951847265761388 9.951847265543745e-7 -0.09801714129980164
vn -0.9951847265761388 9.951847265543745e-7 -0.09801714129980164
vn -0.9999999999995 9.999999999995e-7 -1.1102230246246014e-22
vn -0.9848077512180923 9.848077511795347e-7 -0.1736481878390743
vn -0.9951847265761388 9.951847265543745e-7 -0.09801714129980164
vn -0.9848077512180923 9.848077511795347e-7 -0.1736481878390743
vn -0.980785282637441 9.807852825941222e-7 -0.1950903107815273
vn -0.980785282637441 9.807852825941222e-7 -0.1950903107815273
vn -0.9848077512180923 9.848077511795347e-7 -0.1736481878390743
vn -0.9569403348823389 9.569403348178826e-7 -0.2902846800545309
vn -0.9569403348823389 9.569403348178826e-7 -0.2902846800545309
vn -0.9848077512180923 9.848077511795347e-7 -0.1736481878390743
vn -0.9396926178239486 9.396926177480047e-7 -0.3420201514622957
vn -0.9569403348823389 9.569403348178826e-7 -0.2902846800545309
vn -0.9396926178239486 9.396926177480047e-7 -0.3420201514622957
vn -0.9238795288424134 9.238795287574404e-7 -0.3826834412214181
vn -0.9238795288424134 9.238795287574404e-7 -0.3826834412214181
vn -0.9396926178239486 9.396926177480047e-7 -0.3420201514622957
vn -0.8660254004940376 8.660254003830152e-7 -0.5000000056983916
vn -0.9238795288424134 9.238795287574404e-7 -0.3826834412214181
vn -0.8660254004940376 8.660254003830152e-7 -0.5000000056983916
vn -0.8819212515725348 8.819212514678637e-7 -0.4713967607270504
vn -0.8819212515725348 8.819212514678637e-7 -0.4713967607270504
vn -0.8660254004940376 8.660254003830152e-7 -0.5000000056983916
vn -0.831469629597216 8.314696294738546e-7 -0.5555702071356753
vn -0.831469629597216 8.314696294738546e-7 -0.5555702071356753
vn -0.8660254004940376 8.660254003830152e-7 -0.5000000056983916
vn -0.7660444426887575 7.660444425460299e-7 -0.6427876101987998
vn -0.831469629597216 8.314696294738546e-7 -0.5555702071356753
vn -0.7660444426887575 7.660444425460299e-7 -0.6427876101987998
vn -0.7730104709734216 7.730104708325579e-7 -0.6343932627044928
vn -0.7730104709734216 7.730104708325579e-7 -0.6343932627044928
vn -0.7660444426887575 7.660444425460299e-7 -0.6427876101987998
vn -0.7071067811860171 7.071067810290077e-7 -0.7071067811867242
vn -0.7071067811860171 7.071067810290077e-7 -0.7071067811867242
vn -0.7660444426887575 7.660444425460299e-7 -0.6427876101987998
vn -0.642787610198101 6.42787610028005e-7 -0.766044442689457
vn -0.7071067811860171 7.071067810290077e-7 -0.7071067811867242
vn -0.642787610198101 6.42787610028005e-7 -0.766044442689457
vn -0.6343932627037965 6.343932625321536e-7 -0.7730104709741191
vn -0.6343932627037965 6.343932625321536e-7 -0.7730104709741191
vn -0.642787610198101 6.42787610028005e-7 -0.766044442689457
vn -0.5555702071350133 5.555702069503899e-7 -0.8314696295978885
vn -0.5555702071350133 5.555702069503899e-7 -0.8314696295978885
vn -0.642787610198101 6.42787610028005e-7 -0.766044442689457
vn -0.5000000056977666 5.000000055054704e-7 -0.8660254004946872
vn -0.5555702071350133 5.555702069503899e-7 -0.8314696295978885
vn -0.5000000056977666 5.000000055054704e-7 -0.8660254004946872
vn -0.471396760726448 4.713967605306221e-7 -0.8819212515731718
vn -0.471396760726448 4.713967605306221e-7 -0.8819212515731718
vn -0.5000000056977666 5.000000055054704e-7 -0.8660254004946872
vn -0.3826834412209001 3.8268344101575754e-7 -0.9238795288430106
vn -0.3826834412209001 3.8268344101575754e-7 -0.9238795288430106
vn -0.5000000056977666 5.000000055054704e-7 -0.8660254004946872
vn -0.3420201514618226 3.4202015125316884e-7 -0.9396926178245283
vn -0.3826834412209001 3.8268344101575754e-7 -0.9238795288430106
vn -0.3420201514618226 3.4202015125316884e-7 -0.9396926178245283
vn -0.29028468005411984 2.902846798416364e-7 -0.9569403348828979
vn -0.29028468005411984 2.902846798416364e-7 -0.9569403348828979
vn -0.3420201514618226 3.4202015125316884e-7 -0.9396926178245283
vn -0.17364818783881902 1.7364818762014775e-7 -0.9848077512186144
vn -0.29028468005411984 2.902846798416364e-7 -0.9569403348828979
vn -0.17364818783881902 1.7364818762014775e-7 -0.9848077512186144
vn -0.19509031078124203 1.9509031056346397e-7 -0.9807852826379686
vn -0.19509031078124203 1.9509031056346397e-7 -0.9807852826379686
vn -0.17364818783881902 1.7364818762014775e-7 -0.9848077512186144
vn -0.09801714129965555 9.801714107868014e-8 -0.995184726576646
vn -0.09801714129965555 9.801714107868014e-8 -0.995184726576646
vn -0.17364818783881902 1.7364818762014775e-7 -0.9848077512186144
vn -2.2204460492492024e-22 -2.2204460492492028e-16 -1
vn -0.09801714129965555 9.801714107868014e-8 -0.995184726576646
vn -2.2204460492492024e-22 -2.2204460492492028e-16 -1
vn -2.2204460492492024e-22 -2.2204460492492028e-16 -1
vn -2.2204460492492024e-22 -2.2204460492492028e-16 -1
vn -2.2204460492492024e-22 -2.2204460492492028e-16 -1
vn 0.09801714129965555 -9.801714152063094e-8 -0.995184726576646
vn 0.09801714129965555 -9.801714152063094e-8 -0.995184726576646
vn -2.2204460492492024e-22 -2.2204460492492028e-16 -1
vn 0.17364818783881902 -1.7364818805749023e-7 -0.9848077512186144
vn 0.09801714129965555 -9.801714152063094e-8 -0.995184726576646
vn 0.17364818783881902 -1.7364818805749023e-7 -0.9848077512186144
vn 0.19509031078124203 -1.950903109990201e-7 -0.9807852826379686
vn 0.19509031078124203 -1.950903109990201e-7 -0.9807852826379686
vn 0.17364818783881902 -1.7364818805749023e-7 -0.9848077512186144
vn 0.29028468005411984 -2.902846802666033e-7 -0.9569403348828979
vn 0.29028468005411984 -2.902846802666033e-7 -0.9569403348828979
vn 0.17364818783881902 -1.7364818805749023e-7 -0.9848077512186144
vn 0.3420201514618226 -3.4202015167047624e-7 -0.9396926178245283
vn 0.29028468005411984 -2.902846802666033e-7 -0.9569403348828979
vn 0.3420201514618226 -3.4202015167047624e-7 -0.9396926178245283
vn 0.3826834412209001 -3.826834414260424e-7 -0.9238795288430106
vn 0.3826834412209001 -3.826834414260424e-7 -0.9238795288430106
vn 0.3420201514618226 -3.4202015167047624e-7 -0.9396926178245283
vn 0.5000000056977666 -5.000000058900629e-7 -0.8660254004946872
vn 0.3826834412209001 -3.826834414260424e-7 -0.9238795288430106
vn 0.5000000056977666 -5.000000058900629e-7 -0.8660254004946872
vn 0.471396760726448 -4.7139676092227377e-7 -0.8819212515731718
vn 0.471396760726448 -4.7139676092227377e-7 -0.8819212515731718
vn 0.5000000056977666 -5.000000058900629e-7 -0.8660254004946872
vn 0.5555702071350133 -5.555702073196366e-7 -0.8314696295978885
vn 0.5555702071350133 -5.555702073196366e-7 -0.8314696295978885
vn 0.5000000056977666 -5.000000058900629e-7 -0.8660254004946872
vn 0.642787610198101 -6.42787610368197e-7 -0.766044442689457
vn 0.5555702071350133 -5.555702073196366e-7 -0.8314696295978885
vn 0.642787610198101 -6.42787610368197e-7 -0.766044442689457
vn 0.6343932627037965 -6.343932628754391e-7 -0.7730104709741191
vn 0.6343932627037965 -6.343932628754391e-7 -0.7730104709741191
vn 0.642787610198101 -6.42787610368197e-7 -0.766044442689457
vn 0.7071067811860171 -7.071067813430262e-7 -0.7071067811867242
vn 0.7071067811860171 -7.071067813430262e-7 -0.7071067811867242
vn 0.642787610198101 -6.42787610368197e-7 -0.766044442689457
vn 0.7660444426887575 -7.660444428314848e-7 -0.6427876101987998
vn 0.7071067811860171 -7.071067813430262e-7 -0.7071067811867242
vn 0.7660444426887575 -7.660444428314848e-7 -0.6427876101987998
vn 0.7730104709734216 -7.730104711142851e-7 -0.6343932627044928
vn 0.7730104709734216 -7.730104711142851e-7 -0.6343932627044928
vn 0.7660444426887575 -7.660444428314848e-7 -0.6427876101987998
vn 0.831469629597216 -8.314696297205773e-7 -0.5555702071356753
vn 0.831469629597216 -8.314696297205773e-7 -0.5555702071356753
vn 0.7660444426887575 -7.660444428314848e-7 -0.6427876101987998
vn 0.8660254004940376 -8.660254006050599e-7 -0.5000000056983916
vn 0.831469629597216 -8.314696297205773e-7 -0.5555702071356753
vn 0.8660254004940376 -8.660254006050599e-7 -0.5000000056983916
vn 0.8819212515725348 -8.819212516772058e-7 -0.4713967607270504
vn 0.8819212515725348 -8.819212516772058e-7 -0.4713967607270504
vn 0.8660254004940376 -8.660254006050599e-7 -0.5000000056983916
vn 0.9396926178239486 -9.396926178998922e-7 -0.3420201514622957
vn 0.8819212515725348 -8.819212516772058e-7 -0.4713967607270504
vn 0.9396926178239486 -9.396926178998922e-7 -0.3420201514622957
vn 0.9238795288424134 -9.238795289273861e-7 -0.3826834412214181
vn 0.9238795288424134 -9.238795289273861e-7 -0.3826834412214181
vn 0.9396926178239486 -9.396926178998922e-7 -0.3420201514622957
vn 0.9569403348823389 -9.569403349467947e-7 -0.2902846800545309
vn 0.9569403348823389 -9.569403349467947e-7 -0.2902846800545309
vn 0.9396926178239486 -9.396926178998922e-7 -0.3420201514622957
vn 0.9848077512180923 -9.848077512566499e-7 -0.1736481878390743
vn 0.9569403348823389 -9.569403349467947e-7 -0.2902846800545309
vn 0.9848077512180923 -9.848077512566499e-7 -0.1736481878390743
vn 0.980785282637441 -9.807852826807597e-7 -0.1950903107815273
vn 0.980785282637441 -9.807852826807597e-7 -0.1950903107815273
vn 0.9848077512180923 -9.848077512566499e-7 -0.1736481878390743
vn 0.9951847265761388 -9.951847265979029e-7 -0.09801714129980164
vn 0.9951847265761388 -9.951847265979029e-7 -0.09801714129980164
vn 0.9848077512180923 -9.848077512566499e-7 -0.1736481878390743
vn 0.9999999999995 -9.999999999995e-7 1.1102230246246014e-22
vn 0.9951847265761388 -9.951847265979029e-7 -0.09801714129980164
vn 0.9999999999995 -9.999999999995e-7 1.1102230246246014e-22
vn 0.9999999999995 -9.999999999995e-7 1.1102230246246014e-22
vn 9.999999999995e-7 0.9999999999995 -1.1102230246246014e-16
vn 9.999999999995e-7 0.9999999999995 -1.1102230246246014e-16
vn 9.999999999995e-7 0.9999999999995 -1.1102230246246014e-16
vn 9.999999999995e-7 0.9999999999995 -1.1102230246246014e-16
vn 9.999999999995e-7 0.9999999999995 -1.1102230246246014e-16
vn 9.999999999995e-7 0.9999999999995 -1.1102230246246014e-16
vn 9.999999999995e-7 0.9999999999995 -1.1102230246246014e-16
vn 9.999999999995e-7 0.9999999999995 -1.1102230246246014e-16
vn 9.999999999995e-7 0.9999999999995 -1.1102230246246014e-16
vn 9.999999999995e-7 0.9999999999995 -1.1102230246246014e-16
vn 9.999999999995e-7 0.9999999999995 -1.1102230246246014e-16
vn 9.999999999995e-7 0.9999999999995 -1.1102230246246014e-16
vn 9.999999999995e-7 0.9999999999995 -1.1102230246246014e-16
vn 9.999999999995e-7 0.9999999999995 -1.1102230246246014e-16
vn 9.999999999995e-7 0.9999999999995 -1.1102230246246014e-16
vn 9.999999999995e-7 0.9999999999995 -1.1102230246246014e-16
vn 9.999999999995e-7 0.9999999999995 -1.1102230246246014e-16
vn 9.999999999995e-7 0.9999999999995 -1.1102230246246014e-16
vn 9.999999999995e-7 0.9999999999995 -1.1102230246246014e-16
vn 9.999999999995e-7 0.9999999999995 -1.1102230246246014e-16
vn 9.999999999995e-7 0.9999999999995 -1.1102230246246014e-16
vn 9.999999999995e-7 0.9999999999995 -1.1102230246246014e-16
vn 9.999999999995e-7 0.9999999999995 -1.1102230246246014e-16
vn 9.999999999995e-7 0.9999999999995 -1.1102230246246014e-16
vn 9.999999999995e-7 0.9999999999995 -1.1102230246246014e-16
vn 9.999999999995e-7 0.9999999999995 -1.1102230246246014e-16
vn 9.999999999995e-7 0.9999999999995 -1.1102230246246014e-16
vn 9.999999999995e-7 0.9999999999995 -1.1102230246246014e-16
vn 9.999999999995e-7 0.9999999999995 -1.1102230246246014e-16
vn 9.999999999995e-7 0.9999999999995 -1.1102230246246014e-16
vn 9.999999999995e-7 0.9999999999995 -1.1102230246246014e-16
vn 9.999999999995e-7 0.9999999999995 -1.1102230246246014e-16
vn 9.999999999995e-7 0.9999999999995 -1.1102230246246014e-16
vn 9.999999999995e-7 0.9999999999995 -1.1102230246246014e-16
vn 9.999999999995e-7 0.9999999999995 -1.1102230246246014e-16
vn 9.999999999995e-7 0.9999999999995 -1.1102230246246014e-16
vn 9.999999999995e-7 0.9999999999995 -1.1102230246246014e-16
vn 9.999999999995e-7 0.9999999999995 -1.1102230246246014e-16
vn 9.999999999995e-7 0.9999999999995 -1.1102230246246014e-16
vn 9.999999999995e-7 0.9999999999995 -1.1102230246246014e-16
vn 9.999999999995e-7 0.9999999999995 -1.1102230246246014e-16
vn 9.999999999995e-7 0.9999999999995 -1.1102230246246014e-16
vn 9.999999999995e-7 0.9999999999995 -1.1102230246246014e-16
vn 9.999999999995e-7 0.9999999999995 -1.1102230246246014e-16
vn 9.999999999995e-7 0.9999999999995 -1.1102230246246014e-16
vn 9.999999999995e-7 0.9999999999995 -1.1102230246246014e-16
vn 9.999999999995e-7 0.9999999999995 -1.1102230246246014e-16
vn 9.999999999995e-7 0.9999999999995 -1.1102230246246014e-16
vn 9.999999999995e-7 0.9999999999995 -1.1102230246246014e-16
vn 9.999999999995e-7 0.9999999999995 -1.1102230246246014e-16
vn 9.999999999995e-7 0.9999999999995 -1.1102230246246014e-16
vn 9.999999999995e-7 0.9999999999995 -1.1102230246246014e-16
vn 9.999999999995e-7 0.9999999999995 -1.1102230246246014e-16
vn 9.999999999995e-7 0.9999999999995 -1.1102230246246014e-16
vn 9.999999999995e-7 0.9999999999995 -1.1102230246246014e-16
vn 9.999999999995e-7 0.9999999999995 -1.1102230246246014e-16
vn 9.999999999995e-7 0.9999999999995 -1.1102230246246014e-16
vn 9.999999999995e-7 0.9999999999995 -1.1102230246246014e-16
vn 9.999999999995e-7 0.9999999999995 -1.1102230246246014e-16
vn 9.999999999995e-7 0.9999999999995 -1.1102230246246014e-16
vn 9.999999999995e-7 0.9999999999995 -1.1102230246246014e-16
vn 9.999999999995e-7 0.9999999999995 -1.1102230246246014e-16
vn 9.999999999995e-7 0.9999999999995 -1.1102230246246014e-16
vn 9.999999999995e-7 0.9999999999995 -1.1102230246246014e-16
vn 9.999999999995e-7 0.9999999999995 -1.1102230246246014e-16
vn 9.999999999995e-7 0.9999999999995 -1.1102230246246014e-16
vn 9.999999999995e-7 0.9999999999995 -1.1102230246246014e-16
vn 9.999999999995e-7 0.9999999999995 -1.1102230246246014e-16
vn 9.999999999995e-7 0.9999999999995 -1.1102230246246014e-16
vn 9.999999999995e-7 0.9999999999995 -1.1102230246246014e-16
vn 9.999999999995e-7 0.9999999999995 -1.1102230246246014e-16
vn 9.999999999995e-7 0.9999999999995 -1.1102230246246014e-16
vn 9.999999999995e-7 0.9999999999995 -1.1102230246246014e-16
vn 9.999999999995e-7 0.9999999999995 -1.1102230246246014e-16
vn 9.999999999995e-7 0.9999999999995 -1.1102230246246014e-16
vn 9.999999999995e-7 0.9999999999995 -1.1102230246246014e-16
vn 9.999999999995e-7 0.9999999999995 -1.1102230246246014e-16
vn 9.999999999995e-7 0.9999999999995 -1.1102230246246014e-16
vn 9.999999999995e-7 0.9999999999995 -1.1102230246246014e-16
vn 9.999999999995e-7 0.9999999999995 -1.1102230246246014e-16
vn 9.999999999995e-7 0.9999999999995 -1.1102230246246014e-16
vn 9.999999999995e-7 0.9999999999995 -1.1102230246246014e-16
vn 9.999999999995e-7 0.9999999999995 -1.1102230246246014e-16
vn 9.999999999995e-7 0.9999999999995 -1.1102230246246014e-16
vn 9.999999999995e-7 0.9999999999995 -1.1102230246246014e-16
vn 9.999999999995e-7 0.9999999999995 -1.1102230246246014e-16
vn 9.999999999995e-7 0.9999999999995 -1.1102230246246014e-16
vn 9.999999999995e-7 0.9999999999995 -1.1102230246246014e-16
vn 9.999999999995e-7 0.9999999999995 -1.1102230246246014e-16
vn 9.999999999995e-7 0.9999999999995 -1.1102230246246014e-16
vn 9.999999999995e-7 0.9999999999995 -1.1102230246246014e-16
vn 9.999999999995e-7 0.9999999999995 -1.1102230246246014e-16
vn 9.999999999995e-7 0.9999999999995 -1.1102230246246014e-16
vn 9.999999999995e-7 0.9999999999995 -1.1102230246246014e-16
vn 9.999999999995e-7 0.9999999999995 -1.1102230246246014e-16
vn 9.999999999995e-7 0.9999999999995 -1.1102230246246014e-16
vn 9.999999999995e-7 0.9999999999995 -1.1102230246246014e-16
vn 9.999999999995e-7 0.9999999999995 -1.1102230246246014e-16
vn 9.999999999995e-7 0.9999999999995 -1.1102230246246014e-16
vn 9.999999999995e-7 0.9999999999995 -1.1102230246246014e-16
vn 9.999999999995e-7 0.9999999999995 -1.1102230246246014e-16
vn 9.999999999995e-7 0.9999999999995 -1.1102230246246014e-16
vn 9.999999999995e-7 0.9999999999995 -1.1102230246246014e-16
vn 9.999999999995e-7 0.9999999999995 -1.1102230246246014e-16
vn 9.999999999995e-7 0.9999999999995 -1.1102230246246014e-16
vn 9.999999999995e-7 0.9999999999995 -1.1102230246246014e-16
vn 9.999999999995e-7 0.9999999999995 -1.1102230246246014e-16
vn 9.999999999995e-7 0.9999999999995 -1.1102230246246014e-16
vn 9.999999999995e-7 0.9999999999995 -1.1102230246246014e-16
vn 9.999999999995e-7 0.9999999999995 -1.1102230246246014e-16
vn 9.999999999995e-7 0.9999999999995 -1.1102230246246014e-16
vn 9.999999999995e-7 0.9999999999995 -1.1102230246246014e-16
vn 9.999999999995e-7 0.9999999999995 -1.1102230246246014e-16
vn 9.999999999995e-7 0.9999999999995 -1.1102230246246014e-16
vn 9.999999999995e-7 0.9999999999995 -1.1102230246246014e-16
vn 9.999999999995e-7 0.9999999999995 -1.1102230246246014e-16
vn 9.999999999995e-7 0.9999999999995 -1.1102230246246014e-16
vn 9.999999999995e-7 0.9999999999995 -1.1102230246246014e-16
vn 9.999999999995e-7 0.9999999999995 -1.1102230246246014e-16
vn 9.999999999995e-7 0.9999999999995 -1.1102230246246014e-16
vn 9.999999999995e-7 0.9999999999995 -1.1102230246246014e-16
vn 9.999999999995e-7 0.9999999999995 -1.1102230246246014e-16
vn 9.999999999995e-7 0.9999999999995 -1.1102230246246014e-16
vn 9.999999999995e-7 0.9999999999995 -1.1102230246246014e-16
vn 9.999999999995e-7 0.9999999999995 -1.1102230246246014e-16
vn 9.999999999995e-7 0.9999999999995 -1.1102230246246014e-16
vn 9.999999999995e-7 0.9999999999995 -1.1102230246246014e-16
vn 9.999999999995e-7 0.9999999999995 -1.1102230246246014e-16
vn 9.999999999995e-7 0.9999999999995 -1.1102230246246014e-16
vn 9.999999999995e-7 0.9999999999995 -1.1102230246246014e-16
vn 9.999999999995e-7 0.9999999999995 -1.1102230246246014e-16
vn 9.999999999995e-7 0.9999999999995 -1.1102230246246014e-16
vn 9.999999999995e-7 0.9999999999995 -1.1102230246246014e-16
vn 9.999999999995e-7 0.9999999999995 -1.1102230246246014e-16
vn 9.999999999995e-7 0.9999999999995 -1.1102230246246014e-16
vn 9.999999999995e-7 0.9999999999995 -1.1102230246246014e-16
vn 9.999999999995e-7 0.9999999999995 -1.1102230246246014e-16
vn 9.999999999995e-7 0.9999999999995 -1.1102230246246014e-16
vn 9.999999999995e-7 0.9999999999995 -1.1102230246246014e-16
vn 9.999999999995e-7 0.9999999999995 -1.1102230246246014e-16
vn 9.999999999995e-7 0.9999999999995 -1.1102230246246014e-16
vn 9.999999999995e-7 0.9999999999995 -1.1102230246246014e-16
vn 9.999999999995e-7 0.9999999999995 -1.1102230246246014e-16
vn 9.999999999995e-7 0.9999999999995 -1.1102230246246014e-16
vn 9.999999999995e-7 0.9999999999995 -1.1102230246246014e-16
vn 9.999999999995e-7 0.9999999999995 -1.1102230246246014e-16
vn 9.999999999995e-7 0.9999999999995 -1.1102230246246014e-16
vn 9.999999999995e-7 0.9999999999995 -1.1102230246246014e-16
vn 9.999999999995e-7 0.9999999999995 -1.1102230246246014e-16
vn 9.999999999995e-7 0.9999999999995 -1.1102230246246014e-16
vn 9.999999999995e-7 0.9999999999995 -1.1102230246246014e-16
vn 9.999999999995e-7 0.9999999999995 -1.1102230246246014e-16
vn 9.999999999995e-7 0.9999999999995 -1.1102230246246014e-16
vn 9.999999999995e-7 0.9999999999995 -1.1102230246246014e-16
vn 9.999999999995e-7 0.9999999999995 -1.1102230246246014e-16
vn 9.999999999995e-7 0.9999999999995 -1.1102230246246014e-16
vn 9.999999999995e-7 0.9999999999995 -1.1102230246246014e-16
vn 9.999999999995e-7 0.9999999999995 -1.1102230246246014e-16
vn 9.999999999995e-7 0.9999999999995 -1.1102230246246014e-16
vn 9.999999999995e-7 0.9999999999995 -1.1102230246246014e-16
vn 9.999999999995e-7 0.9999999999995 -1.1102230246246014e-16
vn 9.999999999995e-7 0.9999999999995 -1.1102230246246014e-16
vn 9.999999999995e-7 0.9999999999995 -1.1102230246246014e-16
vn 9.999999999995e-7 0.9999999999995 -1.1102230246246014e-16
vn 9.999999999995e-7 0.9999999999995 -1.1102230246246014e-16
vn 9.999999999995e-7 0.9999999999995 -1.1102230246246014e-16
vn 9.999999999995e-7 0.9999999999995 -1.1102230246246014e-16
vn 9.999999999995e-7 0.9999999999995 -1.1102230246246014e-16
vn 9.999999999995e-7 0.9999999999995 -1.1102230246246014e-16
vn 9.999999999995e-7 0.9999999999995 -1.1102230246246014e-16
vn 9.999999999995e-7 0.9999999999995 -1.1102230246246014e-16
vn 9.999999999995e-7 0.9999999999995 -1.1102230246246014e-16
vn 9.999999999995e-7 0.9999999999995 -1.1102230246246014e-16
vn 9.999999999995e-7 0.9999999999995 -1.1102230246246014e-16
vn 9.999999999995e-7 0.9999999999995 -1.1102230246246014e-16
vn 9.999999999995e-7 0.9999999999995 -1.1102230246246014e-16
vn 9.999999999995e-7 0.9999999999995 -1.1102230246246014e-16
vn 9.999999999995e-7 0.9999999999995 -1.1102230246246014e-16
vn 9.999999999995e-7 0.9999999999995 -1.1102230246246014e-16
vn 9.999999999995e-7 0.9999999999995 -1.1102230246246014e-16
vn 9.999999999995e-7 0.9999999999995 -1.1102230246246014e-16
vn 9.999999999995e-7 0.9999999999995 -1.1102230246246014e-16
vn 9.999999999995e-7 0.9999999999995 -1.1102230246246014e-16
vn 9.999999999995e-7 0.9999999999995 -1.1102230246246014e-16
vn 9.999999999995e-7 0.9999999999995 -1.1102230246246014e-16
vn 9.999999999995e-7 0.9999999999995 -1.1102230246246014e-16
vn 9.999999999995e-7 0.9999999999995 -1.1102230246246014e-16
vn 9.999999999995e-7 0.9999999999995 -1.1102230246246014e-16
vn 9.999999999995e-7 0.9999999999995 -1.1102230246246014e-16
vn 9.999999999995e-7 0.9999999999995 -1.1102230246246014e-16
vn 9.999999999995e-7 0.9999999999995 -1.1102230246246014e-16
vn 9.999999999995e-7 0.9999999999995 -1.1102230246246014e-16
vn 9.999999999995e-7 0.9999999999995 -1.1102230246246014e-16
vn 9.999999999995e-7 0.9999999999995 -1.1102230246246014e-16
vn 9.999999999995e-7 0.9999999999995 -1.1102230246246014e-16
vn 9.999999999995e-7 0.9999999999995 -1.1102230246246014e-16
vn 9.999999999995e-7 0.9999999999995 -1.1102230246246014e-16
vn 9.999999999995e-7 0.9999999999995 -1.1102230246246014e-16
vn 9.999999999995e-7 0.9999999999995 -1.1102230246246014e-16
vn 9.999999999995e-7 0.9999999999995 -1.1102230246246014e-16
vn 9.999999999995e-7 0.9999999999995 -1.1102230246246014e-16
vn 9.999999999995e-7 0.9999999999995 -1.1102230246246014e-16
vn 9.999999999995e-7 0.9999999999995 -1.1102230246246014e-16
vn 9.999999999995e-7 0.9999999999995 -1.1102230246246014e-16
vn 9.999999999995e-7 0.9999999999995 -1.1102230246246014e-16
vn 9.999999999995e-7 0.9999999999995 -1.1102230246246014e-16
vn 9.999999999995e-7 0.9999999999995 -1.1102230246246014e-16
vn 9.999999999995e-7 0.9999999999995 -1.1102230246246014e-16
vn 9.999999999995e-7 0.9999999999995 -1.1102230246246014e-16
vn 9.999999999995e-7 0.9999999999995 -1.1102230246246014e-16
vn -2.2204460492492024e-22 -2.2204460492492028e-16 -1
vn -2.2204460492492024e-22 -2.2204460492492028e-16 -1
vn -2.2204460492492024e-22 -2.2204460492492028e-16 -1
vn -2.2204460492492024e-22 -2.2204460492492028e-16 -1
vn -2.2204460492492024e-22 -2.2204460492492028e-16 -1
vn -2.2204460492492024e-22 -2.2204460492492028e-16 -1
vn -2.2204460492492024e-22 -2.2204460492492028e-16 -1
vn -2.2204460492492024e-22 -2.2204460492492028e-16 -1
vn -2.2204460492492024e-22 -2.2204460492492028e-16 -1
vn -2.2204460492492024e-22 -2.2204460492492028e-16 -1
vn -2.2204460492492024e-22 -2.2204460492492028e-16 -1
vn -2.2204460492492024e-22 -2.2204460492492028e-16 -1
vn -2.2204460492492024e-22 -2.2204460492492028e-16 -1
vn -2.2204460492492024e-22 -2.2204460492492028e-16 -1
vn -2.2204460492492024e-22 -2.2204460492492028e-16 -1
vn -2.2204460492492024e-22 -2.2204460492492028e-16 -1
vn -2.2204460492492024e-22 -2.2204460492492028e-16 -1
vn -2.2204460492492024e-22 -2.2204460492492028e-16 -1
vn -2.2204460492492024e-22 -2.2204460492492028e-16 -1
vn -2.2204460492492024e-22 -2.2204460492492028e-16 -1
vn -2.2204460492492024e-22 -2.2204460492492028e-16 -1
vn -2.2204460492492024e-22 -2.2204460492492028e-16 -1
vn -2.2204460492492024e-22 -2.2204460492492028e-16 -1
vn -2.2204460492492024e-22 -2.2204460492492028e-16 -1
vn -2.2204460492492024e-22 -2.2204460492492028e-16 -1
vn -2.2204460492492024e-22 -2.2204460492492028e-16 -1
vn -2.2204460492492024e-22 -2.2204460492492028e-16 -1
vn -2.2204460492492024e-22 -2.2204460492492028e-16 -1
vn -2.2204460492492024e-22 -2.2204460492492028e-16 -1
vn -2.2204460492492024e-22 -2.2204460492492028e-16 -1
vn -2.2204460492492024e-22 -2.2204460492492028e-16 -1
vn -2.2204460492492024e-22 -2.2204460492492028e-16 -1
vn -2.2204460492492024e-22 -2.2204460492492028e-16 -1
vn -2.2204460492492024e-22 -2.2204460492492028e-16 -1
vn -2.2204460492492024e-22 -2.2204460492492028e-16 -1
vn -2.2204460492492024e-22 -2.2204460492492028e-16 -1
vn -2.2204460492492024e-22 -2.2204460492492028e-16 -1
vn -2.2204460492492024e-22 -2.2204460492492028e-16 -1
vn -2.2204460492492024e-22 -2.2204460492492028e-16 -1
vn -2.2204460492492024e-22 -2.2204460492492028e-16 -1
vn -2.2204460492492024e-22 -2.2204460492492028e-16 -1
vn -2.2204460492492024e-22 -2.2204460492492028e-16 -1
vn -2.2204460492492024e-22 -2.2204460492492028e-16 -1
vn -2.2204460492492024e-22 -2.2204460492492028e-16 -1
vn -2.2204460492492024e-22 -2.2204460492492028e-16 -1
vn -2.2204460492492024e-22 -2.2204460492492028e-16 -1
vn -2.2204460492492024e-22 -2.2204460492492028e-16 -1
vn -2.2204460492492024e-22 -2.2204460492492028e-16 -1
vn -2.2204460492492024e-22 -2.2204460492492028e-16 -1
vn -2.2204460492492024e-22 -2.2204460492492028e-16 -1
vn -2.2204460492492024e-22 -2.2204460492492028e-16 -1
vn -2.2204460492492024e-22 -2.2204460492492028e-16 -1
vn -2.2204460492492024e-22 -2.2204460492492028e-16 -1
vn -2.2204460492492024e-22 -2.2204460492492028e-16 -1
vn -2.2204460492492024e-22 -2.2204460492492028e-16 -1
vn -2.2204460492492024e-22 -2.2204460492492028e-16 -1
vn -2.2204460492492024e-22 -2.2204460492492028e-16 -1
vn -2.2204460492492024e-22 -2.2204460492492028e-16 -1
vn -2.2204460492492024e-22 -2.2204460492492028e-16 -1
vn -2.2204460492492024e-22 -2.2204460492492028e-16 -1
vn -2.2204460492492024e-22 -2.2204460492492028e-16 -1
vn -2.2204460492492024e-22 -2.2204460492492028e-16 -1
vn -2.2204460492492024e-22 -2.2204460492492028e-16 -1
vn -2.2204460492492024e-22 -2.2204460492492028e-16 -1
vn -2.2204460492492024e-22 -2.2204460492492028e-16 -1
vn -2.2204460492492024e-22 -2.2204460492492028e-16 -1
vn -2.2204460492492024e-22 -2.2204460492492028e-16 -1
vn -2.2204460492492024e-22 -2.2204460492492028e-16 -1
vn -2.2204460492492024e-22 -2.2204460492492028e-16 -1
vn -2.2204460492492024e-22 -2.2204460492492028e-16 -1
vn -2.2204460492492024e-22 -2.2204460492492028e-16 -1
vn -2.2204460492492024e-22 -2.2204460492492028e-16 -1
vn -2.2204460492492024e-22 -2.2204460492492028e-16 -1
vn -2.2204460492492024e-22 -2.2204460492492028e-16 -1
vn -2.2204460492492024e-22 -2.2204460492492028e-16 -1
vn -2.2204460492492024e-22 -2.2204460492492028e-16 -1
vn -2.2204460492492024e-22 -2.2204460492492028e-16 -1
vn -2.2204460492492024e-22 -2.2204460492492028e-16 -1
vn -2.2204460492492024e-22 -2.2204460492492028e-16 -1
vn -2.2204460492492024e-22 -2.2204460492492028e-16 -1
vn -2.2204460492492024e-22 -2.2204460492492028e-16 -1
vn -2.2204460492492024e-22 -2.2204460492492028e-16 -1
vn -2.2204460492492024e-22 -2.2204460492492028e-16 -1
vn -2.2204460492492024e-22 -2.2204460492492028e-16 -1
vn -2.2204460492492024e-22 -2.2204460492492028e-16 -1
vn -2.2204460492492024e-22 -2.2204460492492028e-16 -1
vn -2.2204460492492024e-22 -2.2204460492492028e-16 -1
vn -2.2204460492492024e-22 -2.2204460492492028e-16 -1
vn -2.2204460492492024e-22 -2.2204460492492028e-16 -1
vn -2.2204460492492024e-22 -2.2204460492492028e-16 -1
vn -2.2204460492492024e-22 -2.2204460492492028e-16 -1
vn -2.2204460492492024e-22 -2.2204460492492028e-16 -1
vn -2.2204460492492024e-22 -2.2204460492492028e-16 -1
vn -2.2204460492492024e-22 -2.2204460492492028e-16 -1
vn -2.2204460492492024e-22 -2.2204460492492028e-16 -1
vn -2.2204460492492024e-22 -2.2204460492492028e-16 -1
vn -2.2204460492492024e-22 -2.2204460492492028e-16 -1
vn -2.2204460492492024e-22 -2.2204460492492028e-16 -1
vn -2.2204460492492024e-22 -2.2204460492492028e-16 -1
vn -2.2204460492492024e-22 -2.2204460492492028e-16 -1
vn -2.2204460492492024e-22 -2.2204460492492028e-16 -1
vn -2.2204460492492024e-22 -2.2204460492492028e-16 -1
vn -2.2204460492492024e-22 -2.2204460492492028e-16 -1
vn -2.2204460492492024e-22 -2.2204460492492028e-16 -1
vn -2.2204460492492024e-22 -2.2204460492492028e-16 -1
vn -2.2204460492492024e-22 -2.2204460492492028e-16 -1
vn -2.2204460492492024e-22 -2.2204460492492028e-16 -1
vn -2.2204460492492024e-22 -2.2204460492492028e-16 -1
vn -2.2204460492492024e-22 -2.2204460492492028e-16 -1
vn -2.2204460492492024e-22 -2.2204460492492028e-16 -1
vn -2.2204460492492024e-22 -2.2204460492492028e-16 -1
vn -2.2204460492492024e-22 -2.2204460492492028e-16 -1
vn -2.2204460492492024e-22 -2.2204460492492028e-16 -1
vn -2.2204460492492024e-22 -2.2204460492492028e-16 -1
vn -2.2204460492492024e-22 -2.2204460492492028e-16 -1
vn -2.2204460492492024e-22 -2.2204460492492028e-16 -1
vn -2.2204460492492024e-22 -2.2204460492492028e-16 -1
vn -2.2204460492492024e-22 -2.2204460492492028e-16 -1
vn -2.2204460492492024e-22 -2.2204460492492028e-16 -1
vn -2.2204460492492024e-22 -2.2204460492492028e-16 -1
vn -2.2204460492492024e-22 -2.2204460492492028e-16 -1
vn -2.2204460492492024e-22 -2.2204460492492028e-16 -1
vn -2.2204460492492024e-22 -2.2204460492492028e-16 -1
vn -2.2204460492492024e-22 -2.2204460492492028e-16 -1
vn -2.2204460492492024e-22 -2.2204460492492028e-16 -1
vn -2.2204460492492024e-22 -2.2204460492492028e-16 -1
vn -2.2204460492492024e-22 -2.2204460492492028e-16 -1
vn -2.2204460492492024e-22 -2.2204460492492028e-16 -1
vn -2.2204460492492024e-22 -2.2204460492492028e-16 -1
vn -2.2204460492492024e-22 -2.2204460492492028e-16 -1
vn -2.2204460492492024e-22 -2.2204460492492028e-16 -1
vn -2.2204460492492024e-22 -2.2204460492492028e-16 -1
vn -2.2204460492492024e-22 -2.2204460492492028e-16 -1
vn -2.2204460492492024e-22 -2.2204460492492028e-16 -1
vn -2.2204460492492024e-22 -2.2204460492492028e-16 -1
vn -2.2204460492492024e-22 -2.2204460492492028e-16 -1
vn -2.2204460492492024e-22 -2.2204460492492028e-16 -1
vn -2.2204460492492024e-22 -2.2204460492492028e-16 -1
vn -2.2204460492492024e-22 -2.2204460492492028e-16 -1
vn -2.2204460492492024e-22 -2.2204460492492028e-16 -1
vn -2.2204460492492024e-22 -2.2204460492492028e-16 -1
vn -2.2204460492492024e-22 -2.2204460492492028e-16 -1
vn -2.2204460492492024e-22 -2.2204460492492028e-16 -1
vn -2.2204460492492024e-22 -2.2204460492492028e-16 -1
vn -2.2204460492492024e-22 -2.2204460492492028e-16 -1
vn -2.2204460492492024e-22 -2.2204460492492028e-16 -1
vn -2.2204460492492024e-22 -2.2204460492492028e-16 -1
vn -2.2204460492492024e-22 -2.2204460492492028e-16 -1
vn -2.2204460492492024e-22 -2.2204460492492028e-16 -1
vn -2.2204460492492024e-22 -2.2204460492492028e-16 -1
vn -2.2204460492492024e-22 -2.2204460492492028e-16 -1
vn -2.2204460492492024e-22 -2.2204460492492028e-16 -1
vn -2.2204460492492024e-22 -2.2204460492492028e-16 -1
vn -2.2204460492492024e-22 -2.2204460492492028e-16 -1
vn -2.2204460492492024e-22 -2.2204460492492028e-16 -1
vn -2.2204460492492024e-22 -2.2204460492492028e-16 -1
vn -2.2204460492492024e-22 -2.2204460492492028e-16 -1
vn -2.2204460492492024e-22 -2.2204460492492028e-16 -1
vn -2.2204460492492024e-22 -2.2204460492492028e-16 -1
vn -2.2204460492492024e-22 -2.2204460492492028e-16 -1
vn -2.2204460492492024e-22 -2.2204460492492028e-16 -1
vn -2.2204460492492024e-22 -2.2204460492492028e-16 -1
vn -2.2204460492492024e-22 -2.2204460492492028e-16 -1
vn -2.2204460492492024e-22 -2.2204460492492028e-16 -1
vn -2.2204460492492024e-22 -2.2204460492492028e-16 -1
vn -2.2204460492492024e-22 -2.2204460492492028e-16 -1
vn -2.2204460492492024e-22 -2.2204460492492028e-16 -1
vn -2.2204460492492024e-22 -2.2204460492492028e-16 -1
vn -2.2204460492492024e-22 -2.2204460492492028e-16 -1
vn -2.2204460492492024e-22 -2.2204460492492028e-16 -1
vn -2.2204460492492024e-22 -2.2204460492492028e-16 -1
vn -2.2204460492492024e-22 -2.2204460492492028e-16 -1
vn -2.2204460492492024e-22 -2.2204460492492028e-16 -1
vn -2.2204460492492024e-22 -2.2204460492492028e-16 -1
vn -2.2204460492492024e-22 -2.2204460492492028e-16 -1
vn -2.2204460492492024e-22 -2.2204460492492028e-16 -1
vn -2.2204460492492024e-22 -2.2204460492492028e-16 -1
vn -2.2204460492492024e-22 -2.2204460492492028e-16 -1
vn -2.2204460492492024e-22 -2.2204460492492028e-16 -1
vn -2.2204460492492024e-22 -2.2204460492492028e-16 -1
vn -2.2204460492492024e-22 -2.2204460492492028e-16 -1
vn -2.2204460492492024e-22 -2.2204460492492028e-16 -1
vn -2.2204460492492024e-22 -2.2204460492492028e-16 -1
vn -2.2204460492492024e-22 -2.2204460492492028e-16 -1
vn -2.2204460492492024e-22 -2.2204460492492028e-16 -1
vn -2.2204460492492024e-22 -2.2204460492492028e-16 -1
vn -2.2204460492492024e-22 -2.2204460492492028e-16 -1
vn -2.2204460492492024e-22 -2.2204460492492028e-16 -1
vn -2.2204460492492024e-22 -2.2204460492492028e-16 -1
vn -2.2204460492492024e-22 -2.2204460492492028e-16 -1
vn -2.2204460492492024e-22 -2.2204460492492028e-16 -1
vn -2.2204460492492024e-22 -2.2204460492492028e-16 -1
vn -2.2204460492492024e-22 -2.2204460492492028e-16 -1
vn -2.2204460492492024e-22 -2.2204460492492028e-16 -1
vn -2.2204460492492024e-22 -2.2204460492492028e-16 -1
vn -2.2204460492492024e-22 -2.2204460492492028e-16 -1
vn -2.2204460492492024e-22 -2.2204460492492028e-16 -1
vn -2.2204460492492024e-22 -2.2204460492492028e-16 -1
vn -2.2204460492492024e-22 -2.2204460492492028e-16 -1
vn -2.2204460492492024e-22 -2.2204460492492028e-16 -1
vn -2.2204460492492024e-22 -2.2204460492492028e-16 -1
vn -2.2204460492492024e-22 -2.2204460492492028e-16 -1
vn -2.2204460492492024e-22 -2.2204460492492028e-16 -1
vn -2.2204460492492024e-22 -2.2204460492492028e-16 -1
vn -2.2204460492492024e-22 -2.2204460492492028e-16 -1
vn -2.2204460492492024e-22 -2.2204460492492028e-16 -1
vn -2.2204460492492024e-22 -2.2204460492492028e-16 -1
vn -2.2204460492492024e-22 -2.2204460492492028e-16 -1
vn -2.2204460492492024e-22 -2.2204460492492028e-16 -1
vn -2.2204460492492024e-22 -2.2204460492492028e-16 -1
vn -2.2204460492492024e-22 -2.2204460492492028e-16 -1
vn -2.2204460492492024e-22 -2.2204460492492028e-16 -1
vn -2.2204460492492024e-22 -2.2204460492492028e-16 -1
vn -2.2204460492492024e-22 -2.2204460492492028e-16 -1
vn -2.2204460492492024e-22 -2.2204460492492028e-16 -1
vn -2.2204460492492024e-22 -2.2204460492492028e-16 -1
vn -0.9999999999995 9.999999999995e-7 -1.1102230246246014e-22
vn -0.9999999999995 9.999999999995e-7 -1.1102230246246014e-22
vn -0.9829730986863783 9.829730986455776e-7 -0.18374952315021986
vn -0.9829730986863783 9.829730986455776e-7 -0.18374952315021986
vn -0.9999999999995 9.999999999995e-7 -1.1102230246246014e-22
vn -0.9829730986863783 9.829730986455776e-7 -0.18374952315021986
vn -0.9829730986863783 9.829730986455776e-7 -0.18374952315021986
vn -0.9829730986863783 9.829730986455776e-7 -0.18374952315021986
vn -0.93247222336484 9.324722232846282e-7 -0.3612416817757362
vn -0.93247222336484 9.324722232846282e-7 -0.3612416817757362
vn -0.9829730986863783 9.829730986455776e-7 -0.18374952315021986
vn -0.93247222336484 9.324722232846282e-7 -0.3612416817757362
vn -0.93247222336484 9.324722232846282e-7 -0.3612416817757362
vn -0.93247222336484 9.324722232846282e-7 -0.3612416817757362
vn -0.8502171398135027 8.502171396966113e-7 -0.5264321562809628
vn -0.8502171398135027 8.502171396966113e-7 -0.5264321562809628
vn -0.93247222336484 9.324722232846282e-7 -0.3612416817757362
vn -0.8502171398135027 8.502171396966113e-7 -0.5264321562809628
vn -0.8502171398135027 8.502171396966113e-7 -0.5264321562809628
vn -0.8502171398135027 8.502171396966113e-7 -0.5264321562809628
vn -0.7390089108505413 7.390089107009509e-7 -0.6736956506338382
vn -0.7390089108505413 7.390089107009509e-7 -0.6736956506338382
vn -0.8502171398135027 8.502171396966113e-7 -0.5264321562809628
vn -0.7390089108505413 7.390089107009509e-7 -0.6736956506338382
vn -0.7390089108505413 7.390089107009509e-7 -0.6736956506338382
vn -0.7390089108505413 7.390089107009509e-7 -0.6736956506338382
vn -0.6026346411003265 6.02634640923131e-7 -0.7980172237148253
vn -0.6026346411003265 6.02634640923131e-7 -0.7980172237148253
vn -0.7390089108505413 7.390089107009509e-7 -0.6736956506338382
vn -0.6026346411003265 6.02634640923131e-7 -0.7980172237148253
vn -0.6026346411003265 6.02634640923131e-7 -0.7980172237148253
vn -0.6026346411003265 6.02634640923131e-7 -0.7980172237148253
vn -0.4457383783222403 4.4573837812347407e-7 -0.8951632801285254
vn -0.4457383783222403 4.4573837812347407e-7 -0.8951632801285254
vn -0.6026346411003265 6.02634640923131e-7 -0.7980172237148253
vn -0.4457383783222403 4.4573837812347407e-7 -0.8951632801285254
vn -0.4457383783222403 4.4573837812347407e-7 -0.8951632801285254
vn -0.4457383783222403 4.4573837812347407e-7 -0.8951632801285254
vn -0.2736629884131379 2.736629881995697e-7 -0.9618256436447907
vn -0.2736629884131379 2.736629881995697e-7 -0.9618256436447907
vn -0.4457383783222403 4.4573837812347407e-7 -0.8951632801285254
vn -0.2736629884131379 2.736629881995697e-7 -0.9618256436447907
vn -0.2736629884131379 2.736629881995697e-7 -0.9618256436447907
vn -0.2736629884131379 2.736629881995697e-7 -0.9618256436447907
vn -0.09226836199191216 9.226836177081474e-8 -0.99573417606072
vn -0.09226836199191216 9.226836177081474e-8 -0.99573417606072
vn -0.2736629884131379 2.736629881995697e-7 -0.9618256436447907
vn -0.09226836199191216 9.226836177081474e-8 -0.99573417606072
vn -0.09226836199191216 9.226836177081474e-8 -0.99573417606072
vn -0.09226836199191216 9.226836177081474e-8 -0.99573417606072
vn 0.09226836199191216 -9.226836221300955e-8 -0.99573417606072
vn 0.09226836199191216 -9.226836221300955e-8 -0.99573417606072
vn -0.09226836199191216 9.226836177081474e-8 -0.99573417606072
vn 0.09226836199191216 -9.226836221300955e-8 -0.99573417606072
vn 0.09226836199191216 -9.226836221300955e-8 -0.99573417606072
vn 0.09226836199191216 -9.226836221300955e-8 -0.99573417606072
vn 0.2736629884131379 -2.7366298862670604e-7 -0.9618256436447907
vn 0.2736629884131379 -2.7366298862670604e-7 -0.9618256436447907
vn 0.09226836199191216 -9.226836221300955e-8 -0.99573417606072
vn 0.2736629884131379 -2.7366298862670604e-7 -0.9618256436447907
vn 0.2736629884131379 -2.7366298862670604e-7 -0.9618256436447907
vn 0.2736629884131379 -2.7366298862670604e-7 -0.9618256436447907
vn 0.4457383783222403 -4.457383785210064e-7 -0.8951632801285254
vn 0.4457383783222403 -4.457383785210064e-7 -0.8951632801285254
vn 0.2736629884131379 -2.7366298862670604e-7 -0.9618256436447907
vn 0.4457383783222403 -4.457383785210064e-7 -0.8951632801285254
vn 0.4457383783222403 -4.457383785210064e-7 -0.8951632801285254
vn 0.4457383783222403 -4.457383785210064e-7 -0.8951632801285254
vn 0.6026346411003265 -6.026346412775219e-7 -0.7980172237148253
vn 0.6026346411003265 -6.026346412775219e-7 -0.7980172237148253
vn 0.4457383783222403 -4.457383785210064e-7 -0.8951632801285254
vn 0.6026346411003265 -6.026346412775219e-7 -0.7980172237148253
vn 0.6026346411003265 -6.026346412775219e-7 -0.7980172237148253
vn 0.6026346411003265 -6.026346412775219e-7 -0.7980172237148253
vn 0.7390089108505413 -7.390089110001318e-7 -0.6736956506338382
vn 0.7390089108505413 -7.390089110001318e-7 -0.6736956506338382
vn 0.6026346411003265 -6.026346412775219e-7 -0.7980172237148253
vn 0.7390089108505413 -7.390089110001318e-7 -0.6736956506338382
vn 0.7390089108505413 -7.390089110001318e-7 -0.6736956506338382
vn 0.7390089108505413 -7.390089110001318e-7 -0.6736956506338382
vn 0.8502171398135027 -8.50217139930394e-7 -0.5264321562809628
vn 0.8502171398135027 -8.50217139930394e-7 -0.5264321562809628
vn 0.7390089108505413 -7.390089110001318e-7 -0.6736956506338382
vn 0.8502171398135027 -8.50217139930394e-7 -0.5264321562809628
vn 0.8502171398135027 -8.50217139930394e-7 -0.5264321562809628
vn 0.8502171398135027 -8.50217139930394e-7 -0.5264321562809628
vn 0.93247222336484 -9.324722234450517e-7 -0.3612416817757362
vn 0.93247222336484 -9.324722234450517e-7 -0.3612416817757362
vn 0.8502171398135027 -8.50217139930394e-7 -0.5264321562809628
vn 0.93247222336484 -9.324722234450517e-7 -0.3612416817757362
vn 0.93247222336484 -9.324722234450517e-7 -0.3612416817757362
vn 0.93247222336484 -9.324722234450517e-7 -0.3612416817757362
vn 0.9829730986863783 -9.829730987271788e-7 -0.18374952315021986
vn 0.9829730986863783 -9.829730987271788e-7 -0.18374952315021986
vn 0.93247222336484 -9.324722234450517e-7 -0.3612416817757362
vn 0.9829730986863783 -9.829730987271788e-7 -0.18374952315021986
vn 0.9829730986863783 -9.829730987271788e-7 -0.18374952315021986
vn 0.9829730986863783 -9.829730987271788e-7 -0.18374952315021986
vn 0.9999999999995 -9.999999999995e-7 1.1102230246246014e-22
vn 0.9999999999995 -9.999999999995e-7 1.1102230246246014e-22
vn 0.9829730986863783 -9.829730987271788e-7 -0.18374952315021986
vn 0.9999999999995 -9.999999999995e-7 1.1102230246246014e-22
vn 9.999999999995e-7 0.9999999999995 -1.1102230246246014e-16
vn 9.999999999995e-7 0.9999999999995 -1.1102230246246014e-16
vn 9.999999999995e-7 0.9999999999995 -1.1102230246246014e-16
vn 9.999999999995e-7 0.9999999999995 -1.1102230246246014e-16
vn 9.999999999995e-7 0.9999999999995 -1.1102230246246014e-16
vn 9.999999999995e-7 0.9999999999995 -1.1102230246246014e-16
vn 9.999999999995e-7 0.9999999999995 -1.1102230246246014e-16
vn 9.999999999995e-7 0.9999999999995 -1.1102230246246014e-16
vn 9.999999999995e-7 0.9999999999995 -1.1102230246246014e-16
vn 9.999999999995e-7 0.9999999999995 -1.1102230246246014e-16
vn 9.999999999995e-7 0.9999999999995 -1.1102230246246014e-16
vn 9.999999999995e-7 0.9999999999995 -1.1102230246246014e-16
vn 9.999999999995e-7 0.9999999999995 -1.1102230246246014e-16
vn 9.999999999995e-7 0.9999999999995 -1.1102230246246014e-16
vn 9.999999999995e-7 0.9999999999995 -1.1102230246246014e-16
vn 9.999999999995e-7 0.9999999999995 -1.1102230246246014e-16
vn 9.999999999995e-7 0.9999999999995 -1.1102230246246014e-16
vn 9.999999999995e-7 0.9999999999995 -1.1102230246246014e-16
vn 9.999999999995e-7 0.9999999999995 -1.1102230246246014e-16
vn 9.999999999995e-7 0.9999999999995 -1.1102230246246014e-16
vn 9.999999999995e-7 0.9999999999995 -1.1102230246246014e-16
vn 9.999999999995e-7 0.9999999999995 -1.1102230246246014e-16
vn 9.999999999995e-7 0.9999999999995 -1.1102230246246014e-16
vn 9.999999999995e-7 0.9999999999995 -1.1102230246246014e-16
vn 9.999999999995e-7 0.9999999999995 -1.1102230246246014e-16
vn 9.999999999995e-7 0.9999999999995 -1.1102230246246014e-16
vn 9.999999999995e-7 0.9999999999995 -1.1102230246246014e-16
vn 9.999999999995e-7 0.9999999999995 -1.1102230246246014e-16
vn 9.999999999995e-7 0.9999999999995 -1.1102230246246014e-16
vn 9.999999999995e-7 0.9999999999995 -1.1102230246246014e-16
vn 9.999999999995e-7 0.9999999999995 -1.1102230246246014e-16
vn 9.999999999995e-7 0.9999999999995 -1.1102230246246014e-16
vn 9.999999999995e-7 0.9999999999995 -1.1102230246246014e-16
vn 9.999999999995e-7 0.9999999999995 -1.1102230246246014e-16
vn 9.999999999995e-7 0.9999999999995 -1.1102230246246014e-16
vn 9.999999999995e-7 0.9999999999995 -1.1102230246246014e-16
vn 9.999999999995e-7 0.9999999999995 -1.1102230246246014e-16
vn 9.999999999995e-7 0.9999999999995 -1.1102230246246014e-16
vn 9.999999999995e-7 0.9999999999995 -1.1102230246246014e-16
vn 9.999999999995e-7 0.9999999999995 -1.1102230246246014e-16
vn 9.999999999995e-7 0.9999999999995 -1.1102230246246014e-16
vn 9.999999999995e-7 0.9999999999995 -1.1102230246246014e-16
vn 9.999999999995e-7 0.9999999999995 -1.1102230246246014e-16
vn 9.999999999995e-7 0.9999999999995 -1.1102230246246014e-16
vn 9.999999999995e-7 0.9999999999995 -1.1102230246246014e-16
vn 9.999999999995e-7 0.9999999999995 -1.1102230246246014e-16
vn 9.999999999995e-7 0.9999999999995 -1.1102230246246014e-16
vn 9.999999999995e-7 0.9999999999995 -1.1102230246246014e-16
vn 9.999999999995e-7 0.9999999999995 -1.1102230246246014e-16
vn 9.999999999995e-7 0.9999999999995 -1.1102230246246014e-16
vn 9.999999999995e-7 0.9999999999995 -1.1102230246246014e-16
vn 9.999999999995e-7 0.9999999999995 -1.1102230246246014e-16
vn 9.999999999995e-7 0.9999999999995 -1.1102230246246014e-16
vn 9.999999999995e-7 0.9999999999995 -1.1102230246246014e-16
vn 9.999999999995e-7 0.9999999999995 -1.1102230246246014e-16
vn 9.999999999995e-7 0.9999999999995 -1.1102230246246014e-16
vn 9.999999999995e-7 0.9999999999995 -1.1102230246246014e-16
vn 9.999999999995e-7 0.9999999999995 -1.1102230246246014e-16
vn 9.999999999995e-7 0.9999999999995 -1.1102230246246014e-16
vn 9.999999999995e-7 0.9999999999995 -1.1102230246246014e-16
vn 9.999999999995e-7 0.9999999999995 -1.1102230246246014e-16
vn 9.999999999995e-7 0.9999999999995 -1.1102230246246014e-16
vn 9.999999999995e-7 0.9999999999995 -1.1102230246246014e-16
vn 9.999999999995e-7 0.9999999999995 -1.1102230246246014e-16
vn 9.999999999995e-7 0.9999999999995 -1.1102230246246014e-16
vn 9.999999999995e-7 0.9999999999995 -1.1102230246246014e-16
vn 9.999999999995e-7 0.9999999999995 -1.1102230246246014e-16
vn 9.999999999995e-7 0.9999999999995 -1.1102230246246014e-16
vn 9.999999999995e-7 0.9999999999995 -1.1102230246246014e-16
vn 9.999999999995e-7 0.9999999999995 -1.1102230246246014e-16
vn 9.999999999995e-7 0.9999999999995 -1.1102230246246014e-16
vn 9.999999999995e-7 0.9999999999995 -1.1102230246246014e-16
vn 9.999999999995e-7 0.9999999999995 -1.1102230246246014e-16
vn 9.999999999995e-7 0.9999999999995 -1.1102230246246014e-16
vn 9.999999999995e-7 0.9999999999995 -1.1102230246246014e-16
vn 9.999999999995e-7 0.9999999999995 -1.1102230246246014e-16
vn 9.999999999995e-7 0.9999999999995 -1.1102230246246014e-16
vn 9.999999999995e-7 0.9999999999995 -1.1102230246246014e-16
vn 9.999999999995e-7 0.9999999999995 -1.1102230246246014e-16
vn 9.999999999995e-7 0.9999999999995 -1.1102230246246014e-16
vn 9.999999999995e-7 0.9999999999995 -1.1102230246246014e-16
vn 9.999999999995e-7 0.9999999999995 -1.1102230246246014e-16
vn 9.999999999995e-7 0.9999999999995 -1.1102230246246014e-16
vn 9.999999999995e-7 0.9999999999995 -1.1102230246246014e-16
vn 9.999999999995e-7 0.9999999999995 -1.1102230246246014e-16
vn 9.999999999995e-7 0.9999999999995 -1.1102230246246014e-16
vn 9.999999999995e-7 0.9999999999995 -1.1102230246246014e-16
vn 9.999999999995e-7 0.9999999999995 -1.1102230246246014e-16
vn 9.999999999995e-7 0.9999999999995 -1.1102230246246014e-16
vn 9.999999999995e-7 0.9999999999995 -1.1102230246246014e-16
vn 9.999999999995e-7 0.9999999999995 -1.1102230246246014e-16
vn 9.999999999995e-7 0.9999999999995 -1.1102230246246014e-16
vn 9.999999999995e-7 0.9999999999995 -1.1102230246246014e-16
vn 9.999999999995e-7 0.9999999999995 -1.1102230246246014e-16
vn 9.999999999995e-7 0.9999999999995 -1.1102230246246014e-16
vn 9.999999999995e-7 0.9999999999995 -1.1102230246246014e-16
vn -2.588190457744392e-7 -0.2588190457744392 0.9659258261089936
vn -2.588190457744392e-7 -0.2588190457744392 0.9659258261089936
vn -2.588190457744392e-7 -0.2588190457744392 0.9659258261089936
vn -2.588190457744392e-7 -0.2588190457744392 0.9659258261089936
vn -2.588190457744392e-7 -0.2588190457744392 0.9659258261089936
vn -2.588190457744392e-7 -0.2588190457744392 0.9659258261089936
vn -2.588190457744392e-7 -0.2588190457744392 0.9659258261089936
vn -2.588190457744392e-7 -0.2588190457744392 0.9659258261089936
vn -2.588190457744392e-7 -0.2588190457744392 0.9659258261089936
vn -2.588190457744392e-7 -0.2588190457744392 0.9659258261089936
vn -2.588190457744392e-7 -0.2588190457744392 0.9659258261089936
vn -2.588190457744392e-7 -0.2588190457744392 0.9659258261089936
vn -2.588190457744392e-7 -0.2588190457744392 0.9659258261089936
vn -2.588190457744392e-7 -0.2588190457744392 0.9659258261089936
vn -2.588190457744392e-7 -0.2588190457744392 0.9659258261089936
vn -2.588190457744392e-7 -0.2588190457744392 0.9659258261089936
vn -2.588190457744392e-7 -0.2588190457744392 0.9659258261089936
vn -2.588190457744392e-7 -0.2588190457744392 0.9659258261089936
vn -2.588190457744392e-7 -0.2588190457744392 0.9659258261089936
vn -2.588190457744392e-7 -0.2588190457744392 0.9659258261089936
vn -2.588190457744392e-7 -0.2588190457744392 0.9659258261089936
vn -2.588190457744392e-7 -0.2588190457744392 0.9659258261089936
vn -2.588190457744392e-7 -0.2588190457744392 0.9659258261089936
vn -2.588190457744392e-7 -0.2588190457744392 0.9659258261089936
vn -2.588190457744392e-7 -0.2588190457744392 0.9659258261089936
vn -2.588190457744392e-7 -0.2588190457744392 0.9659258261089936
vn -2.588190457744392e-7 -0.2588190457744392 0.9659258261089936
vn -2.588190457744392e-7 -0.2588190457744392 0.9659258261089936
vn -2.588190457744392e-7 -0.2588190457744392 0.9659258261089936
vn -2.588190457744392e-7 -0.2588190457744392 0.9659258261089936
vn -2.588190457744392e-7 -0.2588190457744392 0.9659258261089936
vn -2.588190457744392e-7 -0.2588190457744392 0.9659258261089936
vn -2.588190457744392e-7 -0.2588190457744392 0.9659258261089936
vn -2.588190457744392e-7 -0.2588190457744392 0.9659258261089936
vn -2.588190457744392e-7 -0.2588190457744392 0.9659258261089936
vn -2.588190457744392e-7 -0.2588190457744392 0.9659258261089936
vn -2.588190457744392e-7 -0.2588190457744392 0.9659258261089936
vn -2.588190457744392e-7 -0.2588190457744392 0.9659258261089936
vn -2.588190457744392e-7 -0.2588190457744392 0.9659258261089936
vn -2.588190457744392e-7 -0.2588190457744392 0.9659258261089936
vn -2.588190457744392e-7 -0.2588190457744392 0.9659258261089936
vn -2.588190457744392e-7 -0.2588190457744392 0.9659258261089936
vn -2.588190457744392e-7 -0.2588190457744392 0.9659258261089936
vn -2.588190457744392e-7 -0.2588190457744392 0.9659258261089936
vn -2.588190457744392e-7 -0.2588190457744392 0.9659258261089936
vn -2.588190457744392e-7 -0.2588190457744392 0.9659258261089936
vn -2.588190457744392e-7 -0.2588190457744392 0.9659258261089936
vn -2.588190457744392e-7 -0.2588190457744392 0.9659258261089936
vn -2.588190457744392e-7 -0.2588190457744392 0.9659258261089936
vn -2.588190457744392e-7 -0.2588190457744392 0.9659258261089936
vn -2.588190457744392e-7 -0.2588190457744392 0.9659258261089936
vn -2.588190457744392e-7 -0.2588190457744392 0.9659258261089936
vn -2.588190457744392e-7 -0.2588190457744392 0.9659258261089936
vn -2.588190457744392e-7 -0.2588190457744392 0.9659258261089936
vn -2.588190457744392e-7 -0.2588190457744392 0.9659258261089936
vn -2.588190457744392e-7 -0.2588190457744392 0.9659258261089936
vn -2.588190457744392e-7 -0.2588190457744392 0.9659258261089936
vn -2.588190457744392e-7 -0.2588190457744392 0.9659258261089936
vn -2.588190457744392e-7 -0.2588190457744392 0.9659258261089936
vn -2.588190457744392e-7 -0.2588190457744392 0.9659258261089936
vn -2.588190457744392e-7 -0.2588190457744392 0.9659258261089936
vn -2.588190457744392e-7 -0.2588190457744392 0.9659258261089936
vn -2.588190457744392e-7 -0.2588190457744392 0.9659258261089936
vn -2.588190457744392e-7 -0.2588190457744392 0.9659258261089936
vn -2.588190457744392e-7 -0.2588190457744392 0.9659258261089936
vn -2.588190457744392e-7 -0.2588190457744392 0.9659258261089936
vn -2.588190457744392e-7 -0.2588190457744392 0.9659258261089936
vn -2.588190457744392e-7 -0.2588190457744392 0.9659258261089936
vn -2.588190457744392e-7 -0.2588190457744392 0.9659258261089936
vn -2.588190457744392e-7 -0.2588190457744392 0.9659258261089936
vn -2.588190457744392e-7 -0.2588190457744392 0.9659258261089936
vn -2.588190457744392e-7 -0.2588190457744392 0.9659258261089936
vn -2.588190457744392e-7 -0.2588190457744392 0.9659258261089936
vn -2.588190457744392e-7 -0.2588190457744392 0.9659258261089936
vn -2.588190457744392e-7 -0.2588190457744392 0.9659258261089936
vn -2.588190457744392e-7 -0.2588190457744392 0.9659258261089936
vn -2.588190457744392e-7 -0.2588190457744392 0.9659258261089936
vn -2.588190457744392e-7 -0.2588190457744392 0.9659258261089936
vn -2.588190457744392e-7 -0.2588190457744392 0.9659258261089936
vn -2.588190457744392e-7 -0.2588190457744392 0.9659258261089936
vn -2.588190457744392e-7 -0.2588190457744392 0.9659258261089936
vn -2.588190457744392e-7 -0.2588190457744392 0.9659258261089936
vn -2.588190457744392e-7 -0.2588190457744392 0.9659258261089936
vn -2.588190457744392e-7 -0.2588190457744392 0.9659258261089936
vn -2.588190457744392e-7 -0.2588190457744392 0.9659258261089936
vn -2.588190457744392e-7 -0.2588190457744392 0.9659258261089936
vn -2.588190457744392e-7 -0.2588190457744392 0.9659258261089936
vn -2.588190457744392e-7 -0.2588190457744392 0.9659258261089936
vn -2.588190457744392e-7 -0.2588190457744392 0.9659258261089936
vn -2.588190457744392e-7 -0.2588190457744392 0.9659258261089936
vn -2.588190457744392e-7 -0.2588190457744392 0.9659258261089936
vn -2.588190457744392e-7 -0.2588190457744392 0.9659258261089936
vn -2.588190457744392e-7 -0.2588190457744392 0.9659258261089936
vn -2.588190457744392e-7 -0.2588190457744392 0.9659258261089936
vn -2.588190457744392e-7 -0.2588190457744392 0.9659258261089936
vn -2.588190457744392e-7 -0.2588190457744392 0.9659258261089936
vn -2.588190457744392e-7 -0.2588190457744392 0.9659258261089936
vn -2.588190457744392e-7 -0.2588190457744392 0.9659258261089936
vn -2.588190457744392e-7 -0.2588190457744392 0.9659258261089936
vn -2.588190457744392e-7 -0.2588190457744392 0.9659258261089936
vn -2.588190457744392e-7 -0.2588190457744392 0.9659258261089936
vn -2.588190457744392e-7 -0.2588190457744392 0.9659258261089936
vn -2.588190457744392e-7 -0.2588190457744392 0.9659258261089936
vn -2.588190457744392e-7 -0.2588190457744392 0.9659258261089936
vn -2.588190457744392e-7 -0.2588190457744392 0.9659258261089936
vn -2.588190457744392e-7 -0.2588190457744392 0.9659258261089936
vn -2.588190457744392e-7 -0.2588190457744392 0.9659258261089936
vn -2.588190457744392e-7 -0.2588190457744392 0.9659258261089936
vn -2.588190457744392e-7 -0.2588190457744392 0.9659258261089936
vn -2.588190457744392e-7 -0.2588190457744392 0.9659258261089936
vn -2.588190457744392e-7 -0.2588190457744392 0.9659258261089936
vn -2.588190457744392e-7 -0.2588190457744392 0.9659258261089936
vn -2.588190457744392e-7 -0.2588190457744392 0.9659258261089936
vn -2.588190457744392e-7 -0.2588190457744392 0.9659258261089936
vn -2.588190457744392e-7 -0.2588190457744392 0.9659258261089936
vn -2.588190457744392e-7 -0.2588190457744392 0.9659258261089936
vn -2.588190457744392e-7 -0.2588190457744392 0.9659258261089936
vn -2.588190457744392e-7 -0.2588190457744392 0.9659258261089936
vn -2.588190457744392e-7 -0.2588190457744392 0.9659258261089936
vn -2.588190457744392e-7 -0.2588190457744392 0.9659258261089936
vn -2.588190457744392e-7 -0.2588190457744392 0.9659258261089936
vn -2.588190457744392e-7 -0.2588190457744392 0.9659258261089936
vn -2.588190457744392e-7 -0.2588190457744392 0.9659258261089936
vn -2.588190457744392e-7 -0.2588190457744392 0.9659258261089936
vn -2.588190457744392e-7 -0.2588190457744392 0.9659258261089936
vn -2.588190457744392e-7 -0.2588190457744392 0.9659258261089936
vn -2.588190457744392e-7 -0.2588190457744392 0.9659258261089936
vn -2.588190457744392e-7 -0.2588190457744392 0.9659258261089936
vn -2.588190457744392e-7 -0.2588190457744392 0.9659258261089936
vn -2.588190457744392e-7 -0.2588190457744392 0.9659258261089936
vn -2.588190457744392e-7 -0.2588190457744392 0.9659258261089936
vn -2.588190457744392e-7 -0.2588190457744392 0.9659258261089936
vn -2.588190457744392e-7 -0.2588190457744392 0.9659258261089936
vn -2.588190457744392e-7 -0.2588190457744392 0.9659258261089936
vn -2.588190457744392e-7 -0.2588190457744392 0.9659258261089936
vn -2.588190457744392e-7 -0.2588190457744392 0.9659258261089936
vn -2.588190457744392e-7 -0.2588190457744392 0.9659258261089936
vn -2.588190457744392e-7 -0.2588190457744392 0.9659258261089936
vn -2.588190457744392e-7 -0.2588190457744392 0.9659258261089936
vn -2.588190457744392e-7 -0.2588190457744392 0.9659258261089936
vn -2.588190457744392e-7 -0.2588190457744392 0.9659258261089936
vn -2.588190457744392e-7 -0.2588190457744392 0.9659258261089936
vn -2.588190457744392e-7 -0.2588190457744392 0.9659258261089936
vn -2.588190457744392e-7 -0.2588190457744392 0.9659258261089936
vn -2.588190457744392e-7 -0.2588190457744392 0.9659258261089936
vn -2.588190457744392e-7 -0.2588190457744392 0.9659258261089936
vn -2.588190457744392e-7 -0.2588190457744392 0.9659258261089936
vn -2.588190457744392e-7 -0.2588190457744392 0.9659258261089936
vn -2.588190457744392e-7 -0.2588190457744392 0.9659258261089936
vn -2.588190457744392e-7 -0.2588190457744392 0.9659258261089936
vn -2.588190457744392e-7 -0.2588190457744392 0.9659258261089936
vn -2.588190457744392e-7 -0.2588190457744392 0.9659258261089936
vn -2.588190457744392e-7 -0.2588190457744392 0.9659258261089936
vn -2.588190457744392e-7 -0.2588190457744392 0.9659258261089936
vn -2.588190457744392e-7 -0.2588190457744392 0.9659258261089936
vn -2.588190457744392e-7 -0.2588190457744392 0.9659258261089936
vn -2.588190457744392e-7 -0.2588190457744392 0.9659258261089936
vn -2.588190457744392e-7 -0.2588190457744392 0.9659258261089936
vn -2.588190457744392e-7 -0.2588190457744392 0.9659258261089936
vn -2.588190457744392e-7 -0.2588190457744392 0.9659258261089936
vn -2.588190457744392e-7 -0.2588190457744392 0.9659258261089936
vn -2.588190457744392e-7 -0.2588190457744392 0.9659258261089936
vn -2.588190457744392e-7 -0.2588190457744392 0.9659258261089936
vn -2.588190457744392e-7 -0.2588190457744392 0.9659258261089936
vn -2.588190457744392e-7 -0.2588190457744392 0.9659258261089936
vn -2.588190457744392e-7 -0.2588190457744392 0.9659258261089936
vn -2.588190457744392e-7 -0.2588190457744392 0.9659258261089936
vn -2.588190457744392e-7 -0.2588190457744392 0.9659258261089936
vn -2.588190457744392e-7 -0.2588190457744392 0.9659258261089936
vn -2.588190457744392e-7 -0.2588190457744392 0.9659258261089936
vn -2.588190457744392e-7 -0.2588190457744392 0.9659258261089936
vn -2.588190457744392e-7 -0.2588190457744392 0.9659258261089936
vn -2.588190457744392e-7 -0.2588190457744392 0.9659258261089936
vn -2.588190457744392e-7 -0.2588190457744392 0.9659258261089936
vn -2.588190457744392e-7 -0.2588190457744392 0.9659258261089936
vn -2.588190457744392e-7 -0.2588190457744392 0.9659258261089936
vn -2.588190457744392e-7 -0.2588190457744392 0.9659258261089936
vn -2.588190457744392e-7 -0.2588190457744392 0.9659258261089936
vn -2.588190457744392e-7 -0.2588190457744392 0.9659258261089936
vn -2.588190457744392e-7 -0.2588190457744392 0.9659258261089936
vn -2.588190457744392e-7 -0.2588190457744392 0.9659258261089936
vn -2.588190457744392e-7 -0.2588190457744392 0.9659258261089936
vn -2.588190457744392e-7 -0.2588190457744392 0.9659258261089936
vn -2.588190457744392e-7 -0.2588190457744392 0.9659258261089936
vn -2.588190457744392e-7 -0.2588190457744392 0.9659258261089936
vn -2.588190457744392e-7 -0.2588190457744392 0.9659258261089936
vn -2.588190457744392e-7 -0.2588190457744392 0.9659258261089936
vn -2.588190457744392e-7 -0.2588190457744392 0.9659258261089936
vn -2.588190457744392e-7 -0.2588190457744392 0.9659258261089936
vn -2.588190457744392e-7 -0.2588190457744392 0.9659258261089936
vn -2.588190457744392e-7 -0.2588190457744392 0.9659258261089936
vn -2.588190457744392e-7 -0.2588190457744392 0.9659258261089936
vn -2.588190457744392e-7 -0.2588190457744392 0.9659258261089936
vn -2.588190457744392e-7 -0.2588190457744392 0.9659258261089936
vn -2.588190457744392e-7 -0.2588190457744392 0.9659258261089936
vn -2.588190457744392e-7 -0.2588190457744392 0.9659258261089936
vn -2.588190457744392e-7 -0.2588190457744392 0.9659258261089936
vn -2.588190457744392e-7 -0.2588190457744392 0.9659258261089936
vn -2.588190457744392e-7 -0.2588190457744392 0.9659258261089936
vn -2.588190457744392e-7 -0.2588190457744392 0.9659258261089936
vn -2.588190457744392e-7 -0.2588190457744392 0.9659258261089936
vn -2.588190457744392e-7 -0.2588190457744392 0.9659258261089936
vn -2.588190457744392e-7 -0.2588190457744392 0.9659258261089936
vn -2.588190457744392e-7 -0.2588190457744392 0.9659258261089936
vn -2.588190457744392e-7 -0.2588190457744392 0.9659258261089936
vn -2.588190457744392e-7 -0.2588190457744392 0.9659258261089936
vn -2.588190457744392e-7 -0.2588190457744392 0.9659258261089936
vn -2.588190457744392e-7 -0.2588190457744392 0.9659258261089936
vn -2.588190457744392e-7 -0.2588190457744392 0.9659258261089936
vn -2.588190457744392e-7 -0.2588190457744392 0.9659258261089936
vn -2.588190457744392e-7 -0.2588190457744392 0.9659258261089936
vn -2.588190457744392e-7 -0.2588190457744392 0.9659258261089936
vn -2.588190457744392e-7 -0.2588190457744392 0.9659258261089936
vn -2.588190457744392e-7 -0.2588190457744392 0.9659258261089936
vn -2.588190457744392e-7 -0.2588190457744392 0.9659258261089936
vn -2.588190457744392e-7 -0.2588190457744392 0.9659258261089936
f 1/1/1 2/2/2 3/3/3
f 4/4/4 5/5/5 6/6/6
f 7/7/7 8/8/8 9/9/9
f 10/10/10 11/11/11 12/12/12
f 13/13/13 14/14/14 15/15/15
f 16/16/16 17/17/17 18/18/18
f 19/19/19 20/20/20 21/21/21
f 22/22/22 23/23/23 24/24/24
f 25/25/25 26/26/26 27/27/27
f 28/28/28 29/29/29 30/30/30
f 31/31/31 32/32/32 33/33/33
f 34/34/34 35/35/35 36/36/36
f 37/37/37 38/38/38 39/39/39
f 40/40/40 41/41/41 42/42/42
f 43/43/43 44/44/44 45/45/45
f 46/46/46 47/47/47 48/48/48
f 49/49/49 50/50/50 51/51/51
f 52/52/52 53/53/53 54/54/54
f 55/55/55 56/56/56 57/57/57
f 58/58/58 59/59/59 60/60/60
f 61/61/61 62/62/62 63/63/63
f 64/64/64 65/65/65 66/66/66
f 67/67/67 68/68/68 69/69/69
f 70/70/70 71/71/71 72/72/72
f 73/73/73 74/74/74 75/75/75
f 76/76/76 77/77/77 78/78/78
f 79/79/79 80/80/80 81/81/81
f 82/82/82 83/83/83 84/84/84
f 85/85/85 86/86/86 87/87/87
f 88/88/88 89/89/89 90/90/90
f 91/91/91 92/92/92 93/93/93
f 94/94/94 95/95/95 96/96/96
f 97/97/97 98/98/98 99/99/99
f 100/100/100 101/101/101 102/102/102
f 103/103/103 104/104/104 105/105/105
f 106/106/106 107/107/107 108/108/108
f 109/109/109 110/110/110 111/111/111
f 112/112/112 113/113/113 114/114/114
f 115/115/115 116/116/116 117/117/117
f 118/118/118 119/119/119 120/120/120
f 121/121/121 122/122/122 123/123/123
f 124/124/124 125/125/125 126/126/126
f 127/127/127 128/128/128 129/129/129
f 130/130/130 131/131/131 132/132/132
f 133/133/133 134/134/134 135/135/135
f 136/136/136 137/137/137 138/138/138
f 139/139/139 140/140/140 141/141/141
f 142/142/142 143/143/143 144/144/144
f 145/145/145 146/146/146 147/147/147
f 148/148/148 149/149/149 150/150/150
f 151/151/151 152/152/152 153/153/153
f 154/154/154 155/155/155 156/156/156
f 157/157/157 158/158/158 159/159/159
f 160/160/160 161/161/161 162/162/162
f 163/163/163 164/164/164 165/165/165
f 166/166/166 167/167/167 168/168/168
f 169/169/169 170/170/170 171/171/171
f 172/172/172 173/173/173 174/174/174
f 175/175/175 176/176/176 177/177/177
f 178/178/178 179/179/179 180/180/180
f 181/181/181 182/182/182 183/183/183
f 184/184/184 185/185/185 186/186/186
f 187/187/187 188/188/188 189/189/189
f 190/190/190 191/191/191 192/192/192
f 193/193/193 194/194/194 195/195/195
f 196/196/196 197/197/197 198/198/198
f 199/199/199 200/200/200 201/201/201
f 202/202/202 203/203/203 204/204/204
f 205/205/205 206/206/206 207/207/207
f 208/208/208 209/209/209 210/210/210
f 211/211/211 212/212/212 213/213/213
f 214/214/214 215/215/215 216/216/216
f 217/217/217 218/218/218 219/219/219
f 220/220/220 221/221/221 222/222/222
f 223/223/223 224/224/224 225/225/225
f 226/226/226 227/227/227 228/228/228
f 229/229/229 230/230/230 231/231/231
f 232/232/232 233/233/233 234/234/234
f 235/235/235 236/236/236 237/237/237
f 238/238/238 239/239/239 240/240/240
f 241/241/241 242/242/242 243/243/243
f 244/244/244 245/245/245 246/246/246
f 247/247/247 248/248/248 249/249/249
f 250/250/250 251/251/251 252/252/252
f 253/253/253 254/254/254 255/255/255
f 256/256/256 257/257/257 258/258/258
f 259/259/259 260/260/260 261/261/261
f 262/262/262 263/263/263 264/264/264
f 265/265/265 266/266/266 267/267/267
f 268/268/268 269/269/269 270/270/270
f 271/271/271 272/272/272 273/273/273
f 274/274/274 275/275/275 276/276/276
f 277/277/277 278/278/278 279/279/279
f 280/280/280 281/281/281 282/282/282
f 283/283/283 284/284/284 285/285/285
f 286/286/286 287/287/287 288/288/288
f 289/289/289 290/290/290 291/291/291
f 292/292/292 293/293/293 294/294/294
f 295/295/295 296/296/296 297/297/297
f 298/298/298 299/299/299 300/300/300
f 301/301/301 302/302/302 303/303/303
f 304/304/304 305/305/305 306/306/306
f 307/307/307 308/308/308 309/309/309
f 310/310/310 311/311/311 312/312/312
f 313/313/313 314/314/314 315/315/315
f 316/316/316 317/317/317 318/318/318
f 319/319/319 320/320/320 321/321/321
f 322/322/322 323/323/323 324/324/324
f 325/325/325 326/326/326 327/327/327
f 328/328/328 329/329/329 330/330/330
f 331/331/331 332/332/332 333/333/333
f 334/334/334 335/335/335 336/336/336
f 337/337/337 338/338/338 339/339/339
f 340/340/340 341/341/341 342/342/342
f 343/343/343 344/344/344 345/345/345
f 346/346/346 347/347/347 348/348/348
f 349/349/349 350/350/350 351/351/351
f 352/352/352 353/353/353 354/354/354
f 355/355/355 356/356/356 357/357/357
f 358/358/358 359/359/359 360/360/360
f 361/361/361 362/362/362 363/363/363
f 364/364/364 365/365/365 366/366/366
f 367/367/367 368/368/368 369/369/369
f 370/370/370 371/371/371 372/372/372
f 373/373/373 374/374/374 375/375/375
f 376/376/376 377/377/377 378/378/378
f 379/379/379 380/380/380 381/381/381
f 382/382/382 383/383/383 384/384/384
f 385/385/385 386/386/386 387/387/387
f 388/388/388 389/389/389 390/390/390
f 391/391/391 392/392/392 393/393/393
f 394/394/394 395/395/395 396/396/396
f 397/397/397 398/398/398 399/399/399
f 400/400/400 401/401/401 402/402/402
f 403/403/403 404/404/404 405/405/405
f 406/406/406 407/407/407 408/408/408
f 409/409/409 410/410/410 411/411/411
f 412/412/412 413/413/413 414/414/414
f 415/415/415 416/416/416 417/417/417
f 418/418/418 419/419/419 420/420/420
f 421/421/421 422/422/422 423/423/423
f 424/424/424 425/425/425 426/426/426
f 427/427/427 428/428/428 429/429/429
f 430/430/430 431/431/431 432/432/432
f 433/433/433 434/434/434 435/435/435
f 436/436/436 437/437/437 438/438/438
f 439/439/439 440/440/440 441/441/441
f 442/442/442 443/443/443 444/444/444
f 445/445/445 446/446/446 447/447/447
f 448/448/448 449/449/449 450/450/450
f 451/451/451 452/452/452 453/453/453
f 454/454/454 455/455/455 456/456/456
f 457/457/457 458/458/458 459/459/459
f 460/460/460 461/461/461 462/462/462
f 463/463/463 464/464/464 465/465/465
f 466/466/466 467/467/467 468/468/468
f 469/469/469 470/470/470 471/471/471
f 472/472/472 473/473/473 474/474/474
f 475/475/475 476/476/476 477/477/477
f 478/478/478 479/479/479 480/480/480
f 481/481/481 482/482/482 483/483/483
f 484/484/484 485/485/485 486/486/486
f 487/487/487 488/488/488 489/489/489
f 490/490/490 491/491/491 492/492/492
f 493/493/493 494/494/494 495/495/495
f 496/496/496 497/497/497 498/498/498
f 499/499/499 500/500/500 501/501/501
f 502/502/502 503/503/503 504/504/504
f 505/505/505 506/506/506 507/507/507
f 508/508/508 509/509/509 510/510/510
f 511/511/511 512/512/512 513/513/513
f 514/514/514 515/515/515 516/516/516
f 517/517/517 518/518/518 519/519/519
f 520/520/520 521/521/521 522/522/522
f 523/523/523 524/524/524 525/525/525
f 526/526/526 527/527/527 528/528/528
f 529/529/529 530/530/530 531/531/531
f 532/532/532 533/533/533 534/534/534
f 535/535/535 536/536/536 537/537/537
f 538/538/538 539/539/539 540/540/540
f 541/541/541 542/542/542 543/543/543
f 544/544/544 545/545/545 546/546/546
f 547/547/547 548/548/548 549/549/549
f 550/550/550 551/551/551 552/552/552
f 553/553/553 554/554/554 555/555/555
f 556/556/556 557/557/557 558/558/558
f 559/559/559 560/560/560 561/561/561
f 562/562/562 563/563/563 564/564/564
f 565/565/565 566/566/566 567/567/567
f 568/568/568 569/569/569 570/570/570
f 571/571/571 572/572/572 573/573/573
f 574/574/574 575/575/575 576/576/576
f 577/577/577 578/578/578 579/579/579
f 580/580/580 581/581/581 582/582/582
f 583/583/583 584/584/584 585/585/585
f 586/586/586 587/587/587 588/588/588
f 589/589/589 590/590/590 591/591/591
f 592/592/592 593/593/593 594/594/594
f 595/595/595 596/596/596 597/597/597
f 598/598/598 599/599/599 600/600/600
f 601/601/601 602/602/602 603/603/603
f 604/604/604 605/605/605 606/606/606
f 607/607/607 608/608/608 609/609/609
f 610/610/610 611/611/611 612/612/612
f 613/613/613 614/614/614 615/615/615
f 616/616/616 617/617/617 618/618/618
f 619/619/619 620/620/620 621/621/621
f 622/622/622 623/623/623 624/624/624
f 625/625/625 626/626/626 627/627/627
f 628/628/628 629/629/629 630/630/630
f 631/631/631 632/632/632 633/633/633
f 634/634/634 635/635/635 636/636/636
f 637/637/637 638/638/638 639/639/639
f 640/640/640 641/641/641 642/642/642
f 643/643/643 644/644/644 645/645/645
f 646/646/646 647/647/647 648/648/648
f 649/649/649 650/650/650 651/651/651
f 652/652/652 653/653/653 654/654/654
f 655/655/655 656/656/656 657/657/657
f 658/658/658 659/659/659 660/660/660
f 661/661/661 662/662/662 663/663/663
f 664/664/664 665/665/665 666/666/666
f 667/667/667 668/668/668 669/669/669
f 670/670/670 671/671/671 672/672/672
f 673/673/673 674/674/674 675/675/675
f 676/676/676 677/677/677 678/678/678
f 679/679/679 680/680/680 681/681/681
f 682/682/682 683/683/683 684/684/684
f 685/685/685 686/686/686 687/687/687
f 688/688/688 689/689/689 690/690/690
f 691/691/691 692/692/692 693/693/693
f 694/694/694 695/695/695 696/696/696
f 697/697/697 698/698/698 699/699/699
f 700/700/700 701/701/701 702/702/702
f 703/703/703 704/704/704 705/705/705
f 706/706/706 707/707/707 708/708/708
f 709/709/709 710/710/710 711/711/711
f 712/712/712 713/713/713 714/714/714
f 715/715/715 716/716/716 717/717/717
f 718/718/718 719/719/719 720/720/720
f 721/721/721 722/722/722 723/723/723
f 724/724/724 725/725/725 726/726/726
f 727/727/727 728/728/728 729/729/729
f 730/730/730 731/731/731 732/732/732
f 733/733/733 734/734/734 735/735/735
f 736/736/736 737/737/737 738/738/738
f 739/739/739 740/740/740 741/741/741
f 742/742/742 743/743/743 744/744/744
f 745/745/745 746/746/746 747/747/747
f 748/748/748 749/749/749 750/750/750
f 751/751/751 752/752/752 753/753/753
f 754/754/754 755/755/755 756/756/756
f 757/757/757 758/758/758 759/759/759
f 760/760/760 761/761/761 762/762/762
f 763/763/763 764/764/764 765/765/765
f 766/766/766 767/767/767 768/768/768
f 769/769/769 770/770/770 771/771/771
f 772/772/772 773/773/773 774/774/774
f 775/775/775 776/776/776 777/777/777
f 778/778/778 779/779/779 780/780/780
f 781/781/781 782/782/782 783/783/783
f 784/784/784 785/785/785 786/786/786
f 787/787/787 788/788/788 789/789/789
f 790/790/790 791/791/791 792/792/792
f 793/793/793 794/794/794 795/795/795
f 796/796/796 797/797/797 798/798/798
f 799/799/799 800/800/800 801/801/801
f 802/802/802 803/803/803 804/804/804
f 805/805/805 806/806/806 807/807/807
f 808/808/808 809/809/809 810/810/810
f 811/811/811 812/812/812 813/813/813
f 814/814/814 815/815/815 816/816/816
f 817/817/817 818/818/818 819/819/819
f 820/820/820 821/821/821 822/822/822
f 823/823/823 824/824/824 825/825/825
f 826/826/826 827/827/827 828/828/828
f 829/829/829 830/830/830 831/831/831
f 832/832/832 833/833/833 834/834/834
f 835/835/835 836/836/836 837/837/837
f 838/838/838 839/839/839 840/840/840
f 841/841/841 842/842/842 843/843/843
f 844/844/844 845/845/845 846/846/846
f 847/847/847 848/848/848 849/849/849
f 850/850/850 851/851/851 852/852/852
f 853/853/853 854/854/854 855/855/855
f 856/856/856 857/857/857 858/858/858
f 859/859/859 860/860/860 861/861/861
f 862/862/862 863/863/863 864/864/864
f 865/865/865 866/866/866 867/867/867
f 868/868/868 869/869/869 870/870/870
f 871/871/871 872/872/872 873/873/873
f 874/874/874 875/875/875 876/876/876
f 877/877/877 878/878/878 879/879/879
f 880/880/880 881/881/881 882/882/882
f 883/883/883 884/884/884 885/885/885
f 886/886/886 887/887/887 888/888/888
f 889/889/889 890/890/890 891/891/891
f 892/892/892 893/893/893 894/894/894
f 895/895/895 896/896/896 897/897/897
f 898/898/898 899/899/899 900/900/900
f 901/901/901 902/902/902 903/903/903
f 904/904/904 905/905/905 906/906/906
f 907/907/907 908/908/908 909/909/909
f 910/910/910 911/911/911 912/912/912
f 913/913/913 914/914/914 915/915/915
f 916/916/916 917/917/917 918/918/918
f 919/919/919 920/920/920 921/921/921
f 922/922/922 923/923/923 924/924/924
f 925/925/925 926/926/926 927/927/927
f 928/928/928 929/929/929 930/930/930
f 931/931/931 932/932/932 933/933/933
f 934/934/934 935/935/935 936/936/936
f 937/937/937 938/938/938 939/939/939
f 940/940/940 941/941/941 942/942/942
f 943/943/943 944/944/944 945/945/945
f 946/946/946 947/947/947 948/948/948
f 949/949/949 950/950/950 951/951/951
f 952/952/952 953/953/953 954/954/954
f 955/955/955 956/956/956 957/957/957
f 958/958/958 959/959/959 960/960/960
f 961/961/961 962/962/962 963/963/963
f 964/964/964 965/965/965 966/966/966
f 967/967/967 968/968/968 969/969/969
f 970/970/970 971/971/971 972/972/972
f 973/973/973 974/974/974 975/975/975
f 976/976/976 977/977/977 978/978/978
f 979/979/979 980/980/980 981/981/981
f 982/982/982 983/983/983 984/984/984
f 985/985/985 986/986/986 987/987/987
f 988/988/988 989/989/989 990/990/990
f 991/991/991 992/992/992 993/993/993
f 994/994/994 995/995/995 996/996/996
f 997/997/997 998/998/998 999/999/999
f 1000/1000/1000 1001/1001/1001 1002/1002/1002
f 1003/1003/1003 1004/1004/1004 1005/1005/1005
f 1006/1006/1006 1007/1007/1007 1008/1008/1008
f 1009/1009/1009 1010/1010/1010 1011/1011/1011
f 1012/1012/1012 1013/1013/1013 1014/1014/1014
f 1015/1015/1015 1016/1016/1016 1017/1017/1017
f 1018/1018/1018 1019/1019/1019 1020/1020/1020
f 1021/1021/1021 1022/1022/1022 1023/1023/1023
f 1024/1024/1024 1025/1025/1025 1026/1026/1026
f 1027/1027/1027 1028/1028/1028 1029/1029/1029
f 1030/1030/1030 1031/1031/1031 1032/1032/1032
f 1033/1033/1033 1034/1034/1034 1035/1035/1035
f 1036/1036/1036 1037/1037/1037 1038/1038/1038
f 1039/1039/1039 1040/1040/1040 1041/1041/1041
f 1042/1042/1042 1043/1043/1043 1044/1044/1044
f 1045/1045/1045 1046/1046/1046 1047/1047/1047
f 1048/1048/1048 1049/1049/1049 1050/1050/1050
f 1051/1051/1051 1052/1052/1052 1053/1053/1053
f 1054/1054/1054 1055/1055/1055 1056/1056/1056
f 1057/1057/1057 1058/1058/1058 1059/1059/1059
f 1060/1060/1060 1061/1061/1061 1062/1062/1062
f 1063/1063/1063 1064/1064/1064 1065/1065/1065
f 1066/1066/1066 1067/1067/1067 1068/1068/1068
f 1069/1069/1069 1070/1070/1070 1071/1071/1071
f 1072/1072/1072 1073/1073/1073 1074/1074/1074
f 1075/1075/1075 1076/1076/1076 1077/1077/1077
f 1078/1078/1078 1079/1079/1079 1080/1080/1080
f 1081/1081/1081 1082/1082/1082 1083/1083/1083
f 1084/1084/1084 1085/1085/1085 1086/1086/1086
f 1087/1087/1087 1088/1088/1088 1089/1089/1089
f 1090/1090/1090 1091/1091/1091 1092/1092/1092
f 1093/1093/1093 1094/1094/1094 1095/1095/1095
f 1096/1096/1096 1097/1097/1097 1098/1098/1098
f 1099/1099/1099 1100/1100/1100 1101/1101/1101
f 1102/1102/1102 1103/1103/1103 1104/1104/1104
f 1105/1105/1105 1106/1106/1106 1107/1107/1107
f 1108/1108/1108 1109/1109/1109 1110/1110/1110
f 1111/1111/1111 1112/1112/1112 1113/1113/1113
f 1114/1114/1114 1115/1115/1115 1116/1116/1116
f 1117/1117/1117 1118/1118/1118 1119/1119/1119
f 1120/1120/1120 1121/1121/1121 1122/1122/1122
f 1123/1123/1123 1124/1124/1124 1125/1125/1125
f 1126/1126/1126 1127/1127/1127 1128/1128/1128
f 1129/1129/1129 1130/1130/1130 1131/1131/1131
f 1132/1132/1132 1133/1133/1133 1134/1134/1134
f 1135/1135/1135 1136/1136/1136 1137/1137/1137
f 1138/1138/1138 1139/1139/1139 1140/1140/1140
f 1141/1141/1141 1142/1142/1142 1143/1143/1143
f 1144/1144/1144 1145/1145/1145 1146/1146/1146
f 1147/1147/1147 1148/1148/1148 1149/1149/1149
f 1150/1150/1150 1151/1151/1151 1152/1152/1152
f 1153/1153/1153 1154/1154/1154 1155/1155/1155
f 1156/1156/1156 1157/1157/1157 1158/1158/1158
f 1159/1159/1159 1160/1160/1160 1161/1161/1161
f 1162/1162/1162 1163/1163/1163 1164/1164/1164
f 1165/1165/1165 1166/1166/1166 1167/1167/1167
f 1168/1168/1168 1169/1169/1169 1170/1170/1170
f 1171/1171/1171 1172/1172/1172 1173/1173/1173
f 1174/1174/1174 1175/1175/1175 1176/1176/1176
f 1177/1177/1177 1178/1178/1178 1179/1179/1179
f 1180/1180/1180 1181/1181/1181 1182/1182/1182
f 1183/1183/1183 1184/1184/1184 1185/1185/1185
f 1186/1186/1186 1187/1187/1187 1188/1188/1188
f 1189/1189/1189 1190/1190/1190 1191/1191/1191
f 1192/1192/1192 1193/1193/1193 1194/1194/1194
f 1195/1195/1195 1196/1196/1196 1197/1197/1197
f 1198/1198/1198 1199/1199/1199 1200/1200/1200
f 1201/1201/1201 1202/1202/1202 1203/1203/1203
f 1204/1204/1204 1205/1205/1205 1206/1206/1206
f 1207/1207/1207 1208/1208/1208 1209/1209/1209
f 1210/1210/1210 1211/1211/1211 1212/1212/1212
f 1213/1213/1213 1214/1214/1214 1215/1215/1215
f 1216/1216/1216 1217/1217/1217 1218/1218/1218
f 1219/1219/1219 1220/1220/1220 1221/1221/1221
f 1222/1222/1222 1223/1223/1223 1224/1224/1224
f 1225/1225/1225 1226/1226/1226 1227/1227/1227
f 1228/1228/1228 1229/1229/1229 1230/1230/1230
f 1231/1231/1231 1232/1232/1232 1233/1233/1233
f 1234/1234/1234 1235/1235/1235 1236/1236/1236
f 1237/1237/1237 1238/1238/1238 1239/1239/1239
f 1240/1240/1240 1241/1241/1241 1242/1242/1242
f 1243/1243/1243 1244/1244/1244 1245/1245/1245
f 1246/1246/1246 1247/1247/1247 1248/1248/1248
f 1249/1249/1249 1250/1250/1250 1251/1251/1251
f 1252/1252/1252 1253/1253/1253 1254/1254/1254
f 1255/1255/1255 1256/1256/1256 1257/1257/1257
f 1258/1258/1258 1259/1259/1259 1260/1260/1260
f 1261/1261/1261 1262/1262/1262 1263/1263/1263
f 1264/1264/1264 1265/1265/1265 1266/1266/1266
f 1267/1267/1267 1268/1268/1268 1269/1269/1269
f 1270/1270/1270 1271/1271/1271 1272/1272/1272
f 1273/1273/1273 1274/1274/1274 1275/1275/1275
f 1276/1276/1276 1277/1277/1277 1278/1278/1278
f 1279/1279/1279 1280/1280/1280 1281/1281/1281
f 1282/1282/1282 1283/1283/1283 1284/1284/1284
f 1285/1285/1285 1286/1286/1286 1287/1287/1287
f 1288/1288/1288 1289/1289/1289 1290/1290/1290
f 1291/1291/1291 1292/1292/1292 1293/1293/1293
f 1294/1294/1294 1295/1295/1295 1296/1296/1296
f 1297/1297/1297 1298/1298/1298 1299/1299/1299
f 1300/1300/1300 1301/1301/1301 1302/1302/1302
f 1303/1303/1303 1304/1304/1304 1305/1305/1305
f 1306/1306/1306 1307/1307/1307 1308/1308/1308
f 1309/1309/1309 1310/1310/1310 1311/1311/1311
f 1312/1312/1312 1313/1313/1313 1314/1314/1314
f 1315/1315/1315 1316/1316/1316 1317/1317/1317
f 1318/1318/1318 1319/1319/1319 1320/1320/1320
f 1321/1321/1321 1322/1322/1322 1323/1323/1323
f 1324/1324/1324 1325/1325/1325 1326/1326/1326
f 1327/1327/1327 1328/1328/1328 1329/1329/1329
f 1330/1330/1330 1331/1331/1331 1332/1332/1332
f 1333/1333/1333 1334/1334/1334 1335/1335/1335
f 1336/1336/1336 1337/1337/1337 1338/1338/1338
f 1339/1339/1339 1340/1340/1340 1341/1341/1341
f 1342/1342/1342 1343/1343/1343 1344/1344/1344
f 1345/1345/1345 1346/1346/1346 1347/1347/1347
f 1348/1348/1348 1349/1349/1349 1350/1350/1350
f 1351/1351/1351 1352/1352/1352 1353/1353/1353
f 1354/1354/1354 1355/1355/1355 1356/1356/1356
f 1357/1357/1357 1358/1358/1358 1359/1359/1359
f 1360/1360/1360 1361/1361/1361 1362/1362/1362
f 1363/1363/1363 1364/1364/1364 1365/1365/1365
f 1366/1366/1366 1367/1367/1367 1368/1368/1368
f 1369/1369/1369 1370/1370/1370 1371/1371/1371
f 1372/1372/1372 1373/1373/1373 1374/1374/1374
f 1375/1375/1375 1376/1376/1376 1377/1377/1377
f 1378/1378/1378 1379/1379/1379 1380/1380/1380
f 1381/1381/1381 1382/1382/1382 1383/1383/1383
f 1384/1384/1384 1385/1385/1385 1386/1386/1386
f 1387/1387/1387 1388/1388/1388 1389/1389/1389
f 1390/1390/1390 1391/1391/1391 1392/1392/1392
f 1393/1393/1393 1394/1394/1394 1395/1395/1395
f 1396/1396/1396 1397/1397/1397 1398/1398/1398
f 1399/1399/1399 1400/1400/1400 1401/1401/1401
f 1402/1402/1402 1403/1403/1403 1404/1404/1404
f 1405/1405/1405 1406/1406/1406 1407/1407/1407
f 1408/1408/1408 1409/1409/1409 1410/1410/1410
f 1411/1411/1411 1412/1412/1412 1413/1413/1413
f 1414/1414/1414 1415/1415/1415 1416/1416/1416
f 1417/1417/1417 1418/1418/1418 1419/1419/1419
f 1420/1420/1420 1421/1421/1421 1422/1422/1422
f 1423/1423/1423 1424/1424/1424 1425/1425/1425
f 1426/1426/1426 1427/1427/1427 1428/1428/1428
f 1429/1429/1429 1430/1430/1430 1431/1431/1431
f 1432/1432/1432 1433/1433/1433 1434/1434/1434
f 1435/1435/1435 1436/1436/1436 1437/1437/1437
f 1438/1438/1438 1439/1439/1439 1440/1440/1440
f 1441/1441/1441 1442/1442/1442 1443/1443/1443
f 1444/1444/1444 1445/1445/1445 1446/1446/1446
f 1447/1447/1447 1448/1448/1448 1449/1449/1449
f 1450/1450/1450 1451/1451/1451 1452/1452/1452
f 1453/1453/1453 1454/1454/1454 1455/1455/1455
f 1456/1456/1456 1457/1457/1457 1458/1458/1458
f 1459/1459/1459 1460/1460/1460 1461/1461/1461
f 1462/1462/1462 1463/1463/1463 1464/1464/1464
f 1465/1465/1465 1466/1466/1466 1467/1467/1467
f 1468/1468/1468 1469/1469/1469 1470/1470/1470
f 1471/1471/1471 1472/1472/1472 1473/1473/1473
f 1474/1474/1474 1475/1475/1475 1476/1476/1476
f 1477/1477/1477 1478/1478/1478 1479/1479/1479
f 1480/1480/1480 1481/1481/1481 1482/1482/1482
f 1483/1483/1483 1484/1484/1484 1485/1485/1485
f 1486/1486/1486 1487/1487/1487 1488/1488/1488
f 1489/1489/1489 1490/1490/1490 1491/1491/1491
f 1492/1492/1492 1493/1493/1493 1494/1494/1494
f 1495/1495/1495 1496/1496/1496 1497/1497/1497
f 1498/1498/1498 1499/1499/1499 1500/1500/1500
f 1501/1501/1501 1502/1502/1502 1503/1503/1503
f 1504/1504/1504 1505/1505/1505 1506/1506/1506
f 1507/1507/1507 1508/1508/1508 1509/1509/1509
f 1510/1510/1510 1511/1511/1511 1512/1512/1512
f 1513/1513/1513 1514/1514/1514 1515/1515/1515
f 1516/1516/1516 1517/1517/1517 1518/1518/1518
f 1519/1519/1519 1520/1520/1520 1521/1521/1521
f 1522/1522/1522 1523/1523/1523 1524/1524/1524
f 1525/1525/1525 1526/1526/1526 1527/1527/1527
f 1528/1528/1528 1529/1529/1529 1530/1530/1530
f 1531/1531/1531 1532/1532/1532 1533/1533/1533
f 1534/1534/1534 1535/1535/1535 1536/1536/1536
f 1537/1537/1537 1538/1538/1538 1539/1539/1539
f 1540/1540/1540 1541/1541/1541 1542/1542/1542
f 1543/1543/1543 1544/1544/1544 1545/1545/1545
f 1546/1546/1546 1547/1547/1547 1548/1548/1548
f 1549/1549/1549 1550/1550/1550 1551/1551/1551
f 1552/1552/1552 1553/1553/1553 1554/1554/1554
f 1555/1555/1555 1556/1556/1556 1557/1557/1557
f 1558/1558/1558 1559/1559/1559 1560/1560/1560
f 1561/1561/1561 1562/1562/1562 1563/1563/1563
f 1564/1564/1564 1565/1565/1565 1566/1566/1566
f 1567/1567/1567 1568/1568/1568 1569/1569/1569
f 1570/1570/1570 1571/1571/1571 1572/1572/1572
f 1573/1573/1573 1574/1574/1574 1575/1575/1575
f 1576/1576/1576 1577/1577/1577 1578/1578/1578
f 1579/1579/1579 1580/1580/1580 1581/1581/1581
f 1582/1582/1582 1583/1583/1583 1584/1584/1584
f 1585/1585/1585 1586/1586/1586 1587/1587/1587
f 1588/1588/1588 1589/1589/1589 1590/1590/1590
f 1591/1591/1591 1592/1592/1592 1593/1593/1593
f 1594/1594/1594 1595/1595/1595 1596/1596/1596
f 1597/1597/1597 1598/1598/1598 1599/1599/1599
f 1600/1600/1600 1601/1601/1601 1602/1602/1602
f 1603/1603/1603 1604/1604/1604 1605/1605/1605
f 1606/1606/1606 1607/1607/1607 1608/1608/1608
f 1609/1609/1609 1610/1610/1610 1611/1611/1611
f 1612/1612/1612 1613/1613/1613 1614/1614/1614
f 1615/1615/1615 1616/1616/1616 1617/1617/1617
f 1618/1618/1618 1619/1619/1619 1620/1620/1620
f 1621/1621/1621 1622/1622/1622 1623/1623/1623
f 1624/1624/1624 1625/1625/1625 1626/1626/1626
f 1627/1627/1627 1628/1628/1628 1629/1629/1629
f 1630/1630/1630 1631/1631/1631 1632/1632/1632
f 1633/1633/1633 1634/1634/1634 1635/1635/1635
f 1636/1636/1636 1637/1637/1637 1638/1638/1638
f 1639/1639/1639 1640/1640/1640 1641/1641/1641
f 1642/1642/1642 1643/1643/1643 1644/1644/1644
f 1645/1645/1645 1646/1646/1646 1647/1647/1647
f 1648/1648/1648 1649/1649/1649 1650/1650/1650
f 1651/1651/1651 1652/1652/1652 1653/1653/1653
f 1654/1654/1654 1655/1655/1655 1656/1656/1656
f 1657/1657/1657 1658/1658/1658 1659/1659/1659
f 1660/1660/1660 1661/1661/1661 1662/1662/1662
f 1663/1663/1663 1664/1664/1664 1665/1665/1665
f 1666/1666/1666 1667/1667/1667 1668/1668/1668
f 1669/1669/1669 1670/1670/1670 1671/1671/1671
f 1672/1672/1672 1673/1673/1673 1674/1674/1674
f 1675/1675/1675 1676/1676/1676 1677/1677/1677
f 1678/1678/1678 1679/1679/1679 1680/1680/1680
f 1681/1681/1681 1682/1682/1682 1683/1683/1683
f 1684/1684/1684 1685/1685/1685 1686/1686/1686
f 1687/1687/1687 1688/1688/1688 1689/1689/1689
f 1690/1690/1690 1691/1691/1691 1692/1692/1692
f 1693/1693/1693 1694/1694/1694 1695/1695/1695
f 1696/1696/1696 1697/1697/1697 1698/1698/1698
f 1699/1699/1699 1700/1700/1700 1701/1701/1701
f 1702/1702/1702 1703/1703/1703 1704/1704/1704
f 1705/1705/1705 1706/1706/1706 1707/1707/1707
f 1708/1708/1708 1709/1709/1709 1710/1710/1710
f 1711/1711/1711 1712/1712/1712 1713/1713/1713
f 1714/1714/1714 1715/1715/1715 1716/1716/1716
f 1717/1717/1717 1718/1718/1718 1719/1719/1719
f 1720/1720/1720 1721/1721/1721 1722/1722/1722
f 1723/1723/1723 1724/1724/1724 1725/1725/1725
f 1726/1726/1726 1727/1727/1727 1728/1728/1728
f 1729/1729/1729 1730/1730/1730 1731/1731/1731
f 1732/1732/1732 1733/1733/1733 1734/1734/1734
f 1735/1735/1735 1736/1736/1736 1737/1737/1737
f 1738/1738/1738 1739/1739/1739 1740/1740/1740
f 1741/1741/1741 1742/1742/1742 1743/1743/1743
f 1744/1744/1744 1745/1745/1745 1746/1746/1746
f 1747/1747/1747 1748/1748/1748 1749/1749/1749
f 1750/1750/1750 1751/1751/1751 1752/1752/1752
f 1753/1753/1753 1754/1754/1754 1755/1755/1755
f 1756/1756/1756 1757/1757/1757 1758/1758/1758
f 1759/1759/1759 1760/1760/1760 1761/1761/1761
f 1762/1762/1762 1763/1763/1763 1764/1764/1764
f 1765/1765/1765 1766/1766/1766 1767/1767/1767
f 1768/1768/1768 1769/1769/1769 1770/1770/1770
f 1771/1771/1771 1772/1772/1772 1773/1773/1773
f 1774/1774/1774 1775/1775/1775 1776/1776/1776
f 1777/1777/1777 1778/1778/1778 1779/1779/1779
f 1780/1780/1780 1781/1781/1781 1782/1782/1782
f 1783/1783/1783 1784/1784/1784 1785/1785/1785
f 1786/1786/1786 1787/1787/1787 1788/1788/1788
f 1789/1789/1789 1790/1790/1790 1791/1791/1791
f 1792/1792/1792 1793/1793/1793 1794/1794/1794
f 1795/1795/1795 1796/1796/1796 1797/1797/1797
f 1798/1798/1798 1799/1799/1799 1800/1800/1800
f 1801/1801/1801 1802/1802/1802 1803/1803/1803
f 1804/1804/1804 1805/1805/1805 1806/1806/1806
f 1807/1807/1807 1808/1808/1808 1809/1809/1809
f 1810/1810/1810 1811/1811/1811 1812/1812/1812
f 1813/1813/1813 1814/1814/1814 1815/1815/1815
f 1816/1816/1816 1817/1817/1817 1818/1818/1818
f 1819/1819/1819 1820/1820/1820 1821/1821/1821
f 1822/1822/1822 1823/1823/1823 1824/1824/1824
f 1825/1825/1825 1826/1826/1826 1827/1827/1827
f 1828/1828/1828 1829/1829/1829 1830/1830/1830
f 1831/1831/1831 1832/1832/1832 1833/1833/1833
f 1834/1834/1834 1835/1835/1835 1836/1836/1836
f 1837/1837/1837 1838/1838/1838 1839/1839/1839
f 1840/1840/1840 1841/1841/1841 1842/1842/1842
f 1843/1843/1843 1844/1844/1844 1845/1845/1845
f 1846/1846/1846 1847/1847/1847 1848/1848/1848
f 1849/1849/1849 1850/1850/1850 1851/1851/1851
f 1852/1852/1852 1853/1853/1853 1854/1854/1854
f 1855/1855/1855 1856/1856/1856 1857/1857/1857
f 1858/1858/1858 1859/1859/1859 1860/1860/1860
f 1861/1861/1861 1862/1862/1862 1863/1863/1863
f 1864/1864/1864 1865/1865/1865 1866/1866/1866
f 1867/1867/1867 1868/1868/1868 1869/1869/1869
f 1870/1870/1870 1871/1871/1871 1872/1872/1872
f 1873/1873/1873 1874/1874/1874 1875/1875/1875
f 1876/1876/1876 1877/1877/1877 1878/1878/1878
f 1879/1879/1879 1880/1880/1880 1881/1881/1881
f 1882/1882/1882 1883/1883/1883 1884/1884/1884
f 1885/1885/1885 1886/1886/1886 1887/1887/1887
f 1888/1888/1888 1889/1889/1889 1890/1890/1890
f 1891/1891/1891 1892/1892/1892 1893/1893/1893
f 1894/1894/1894 1895/1895/1895 1896/1896/1896
f 1897/1897/1897 1898/1898/1898 1899/1899/1899
f 1900/1900/1900 1901/1901/1901 1902/1902/1902
f 1903/1903/1903 1904/1904/1904 1905/1905/1905
f 1906/1906/1906 1907/1907/1907 1908/1908/1908
f 1909/1909/1909 1910/1910/1910 1911/1911/1911
f 1912/1912/1912 1913/1913/1913 1914/1914/1914
f 1915/1915/1915 1916/1916/1916 1917/1917/1917
f 1918/1918/1918 1919/1919/1919 1920/1920/1920
f 1921/1921/1921 1922/1922/1922 1923/1923/1923
f 1924/1924/1924 1925/1925/1925 1926/1926/1926
f 1927/1927/1927 1928/1928/1928 1929/1929/1929
f 1930/1930/1930 1931/1931/1931 1932/1932/1932
f 1933/1933/1933 1934/1934/1934 1935/1935/1935
f 1936/1936/1936 1937/1937/1937 1938/1938/1938
f 1939/1939/1939 1940/1940/1940 1941/1941/1941
f 1942/1942/1942 1943/1943/1943 1944/1944/1944
f 1945/1945/1945 1946/1946/1946 1947/1947/1947
f 1948/1948/1948 1949/1949/1949 1950/1950/1950
f 1951/1951/1951 1952/1952/1952 1953/1953/1953
f 1954/1954/1954 1955/1955/1955 1956/1956/1956
f 1957/1957/1957 1958/1958/1958 1959/1959/1959
f 1960/1960/1960 1961/1961/1961 1962/1962/1962
f 1963/1963/1963 1964/1964/1964 1965/1965/1965
f 1966/1966/1966 1967/1967/1967 1968/1968/1968
f 1969/1969/1969 1970/1970/1970 1971/1971/1971
f 1972/1972/1972 1973/1973/1973 1974/1974/1974
f 1975/1975/1975 1976/1976/1976 1977/1977/1977
f 1978/1978/1978 1979/1979/1979 1980/1980/1980
f 1981/1981/1981 1982/1982/1982 1983/1983/1983
f 1984/1984/1984 1985/1985/1985 1986/1986/1986
f 1987/1987/1987 1988/1988/1988 1989/1989/1989
f 1990/1990/1990 1991/1991/1991 1992/1992/1992
f 1993/1993/1993 1994/1994/1994 1995/1995/1995
f 1996/1996/1996 1997/1997/1997 1998/1998/1998
f 1999/1999/1999 2000/2000/2000 2001/2001/2001
f 2002/2002/2002 2003/2003/2003 2004/2004/2004
f 2005/2005/2005 2006/2006/2006 2007/2007/2007
f 2008/2008/2008 2009/2009/2009 2010/2010/2010
f 2011/2011/2011 2012/2012/2012 2013/2013/2013
f 2014/2014/2014 2015/2015/2015 2016/2016/2016
f 2017/2017/2017 2018/2018/2018 2019/2019/2019
f 2020/2020/2020 2021/2021/2021 2022/2022/2022
f 2023/2023/2023 2024/2024/2024 2025/2025/2025
f 2026/2026/2026 2027/2027/2027 2028/2028/2028
f 2029/2029/2029 2030/2030/2030 2031/2031/2031
f 2032/2032/2032 2033/2033/2033 2034/2034/2034
f 2035/2035/2035 2036/2036/2036 2037/2037/2037
f 2038/2038/2038 2039/2039/2039 2040/2040/2040
f 2041/2041/2041 2042/2042/2042 2043/2043/2043
f 2044/2044/2044 2045/2045/2045 2046/2046/2046
f 2047/2047/2047 2048/2048/2048 2049/2049/2049
f 2050/2050/2050 2051/2051/2051 2052/2052/2052
f 2053/2053/2053 2054/2054/2054 2055/2055/2055
f 2056/2056/2056 2057/2057/2057 2058/2058/2058
f 2059/2059/2059 2060/2060/2060 2061/2061/2061
f 2062/2062/2062 2063/2063/2063 2064/2064/2064
f 2065/2065/2065 2066/2066/2066 2067/2067/2067
f 2068/2068/2068 2069/2069/2069 2070/2070/2070
f 2071/2071/2071 2072/2072/2072 2073/2073/2073
f 2074/2074/2074 2075/2075/2075 2076/2076/2076
f 2077/2077/2077 2078/2078/2078 2079/2079/2079
f 2080/2080/2080 2081/2081/2081 2082/2082/2082
f 2083/2083/2083 2084/2084/2084 2085/2085/2085
f 2086/2086/2086 2087/2087/2087 2088/2088/2088
f 2089/2089/2089 2090/2090/2090 2091/2091/2091
f 2092/2092/2092 2093/2093/2093 2094/2094/2094
f 2095/2095/2095 2096/2096/2096 2097/2097/2097
f 2098/2098/2098 2099/2099/2099 2100/2100/2100
f 2101/2101/2101 2102/2102/2102 2103/2103/2103
f 2104/2104/2104 2105/2105/2105 2106/2106/2106
f 2107/2107/2107 2108/2108/2108 2109/2109/2109
f 2110/2110/2110 2111/2111/2111 2112/2112/2112
f 2113/2113/2113 2114/2114/2114 2115/2115/2115
f 2116/2116/2116 2117/2117/2117 2118/2118/2118
f 2119/2119/2119 2120/2120/2120 2121/2121/2121
f 2122/2122/2122 2123/2123/2123 2124/2124/2124
f 2125/2125/2125 2126/2126/2126 2127/2127/2127
f 2128/2128/2128 2129/2129/2129 2130/2130/2130
f 2131/2131/2131 2132/2132/2132 2133/2133/2133
f 2134/2134/2134 2135/2135/2135 2136/2136/2136
f 2137/2137/2137 2138/2138/2138 2139/2139/2139
f 2140/2140/2140 2141/2141/2141 2142/2142/2142
f 2143/2143/2143 2144/2144/2144 2145/2145/2145
f 2146/2146/2146 2147/2147/2147 2148/2148/2148
f 2149/2149/2149 2150/2150/2150 2151/2151/2151
f 2152/2152/2152 2153/2153/2153 2154/2154/2154
f 2155/2155/2155 2156/2156/2156 2157/2157/2157
f 2158/2158/2158 2159/2159/2159 2160/2160/2160
f 2161/2161/2161 2162/2162/2162 2163/2163/2163
f 2164/2164/2164 2165/2165/2165 2166/2166/2166
f 2167/2167/2167 2168/2168/2168 2169/2169/2169
f 2170/2170/2170 2171/2171/2171 2172/2172/2172
f 2173/2173/2173 2174/2174/2174 2175/2175/2175
f 2176/2176/2176 2177/2177/2177 2178/2178/2178
f 2179/2179/2179 2180/2180/2180 2181/2181/2181
f 2182/2182/2182 2183/2183/2183 2184/2184/2184
f 2185/2185/2185 2186/2186/2186 2187/2187/2187
f 2188/2188/2188 2189/2189/2189 2190/2190/2190
f 2191/2191/2191 2192/2192/2192 2193/2193/2193
f 2194/2194/2194 2195/2195/2195 2196/2196/2196
f 2197/2197/2197 2198/2198/2198 2199/2199/2199
f 2200/2200/2200 2201/2201/2201 2202/2202/2202
f 2203/2203/2203 2204/2204/2204 2205/2205/2205
f 2206/2206/2206 2207/2207/2207 2208/2208/2208
f 2209/2209/2209 2210/2210/2210 2211/2211/2211
f 2212/2212/2212 2213/2213/2213 2214/2214/2214
f 2215/2215/2215 2216/2216/2216 2217/2217/2217
f 2218/2218/2218 2219/2219/2219 2220/2220/2220
f 2221/2221/2221 2222/2222/2222 2223/2223/2223
f 2224/2224/2224 2225/2225/2225 2226/2226/2226
f 2227/2227/2227 2228/2228/2228 2229/2229/2229
f 2230/2230/2230 2231/2231/2231 2232/2232/2232
f 2233/2233/2233 2234/2234/2234 2235/2235/2235
f 2236/2236/2236 2237/2237/2237 2238/2238/2238
f 2239/2239/2239 2240/2240/2240 2241/2241/2241
f 2242/2242/2242 2243/2243/2243 2244/2244/2244
f 2245/2245/2245 2246/2246/2246 2247/2247/2247
f 2248/2248/2248 2249/2249/2249 2250/2250/2250
f 2251/2251/2251 2252/2252/2252 2253/2253/2253
f 2254/2254/2254 2255/2255/2255 2256/2256/2256
f 2257/2257/2257 2258/2258/2258 2259/2259/2259
f 2260/2260/2260 2261/2261/2261 2262/2262/2262
f 2263/2263/2263 2264/2264/2264 2265/2265/2265
f 2266/2266/2266 2267/2267/2267 2268/2268/2268
f 2269/2269/2269 2270/2270/2270 2271/2271/2271
f 2272/2272/2272 2273/2273/2273 2274/2274/2274
f 2275/2275/2275 2276/2276/2276 2277/2277/2277
f 2278/2278/2278 2279/2279/2279 2280/2280/2280
f 2281/2281/2281 2282/2282/2282 2283/2283/2283
f 2284/2284/2284 2285/2285/2285 2286/2286/2286
f 2287/2287/2287 2288/2288/2288 2289/2289/2289
f 2290/2290/2290 2291/2291/2291 2292/2292/2292
f 2293/2293/2293 2294/2294/2294 2295/2295/2295
f 2296/2296/2296 2297/2297/2297 2298/2298/2298
f 2299/2299/2299 2300/2300/2300 2301/2301/2301
f 2302/2302/2302 2303/2303/2303 2304/2304/2304
f 2305/2305/2305 2306/2306/2306 2307/2307/2307
f 2308/2308/2308 2309/2309/2309 2310/2310/2310
f 2311/2311/2311 2312/2312/2312 2313/2313/2313
f 2314/2314/2314 2315/2315/2315 2316/2316/2316
f 2317/2317/2317 2318/2318/2318 2319/2319/2319
f 2320/2320/2320 2321/2321/2321 2322/2322/2322
f 2323/2323/2323 2324/2324/2324 2325/2325/2325
f 2326/2326/2326 2327/2327/2327 2328/2328/2328
f 2329/2329/2329 2330/2330/2330 2331/2331/2331
f 2332/2332/2332 2333/2333/2333 2334/2334/2334
f 2335/2335/2335 2336/2336/2336 2337/2337/2337
f 2338/2338/2338 2339/2339/2339 2340/2340/2340
f 2341/2341/2341 2342/2342/2342 2343/2343/2343
f 2344/2344/2344 2345/2345/2345 2346/2346/2346
f 2347/2347/2347 2348/2348/2348 2349/2349/2349
f 2350/2350/2350 2351/2351/2351 2352/2352/2352
f 2353/2353/2353 2354/2354/2354 2355/2355/2355
f 2356/2356/2356 2357/2357/2357 2358/2358/2358
f 2359/2359/2359 2360/2360/2360 2361/2361/2361
f 2362/2362/2362 2363/2363/2363 2364/2364/2364
f 2365/2365/2365 2366/2366/2366 2367/2367/2367
f 2368/2368/2368 2369/2369/2369 2370/2370/2370
f 2371/2371/2371 2372/2372/2372 2373/2373/2373
f 2374/2374/2374 2375/2375/2375 2376/2376/2376
f 2377/2377/2377 2378/2378/2378 2379/2379/2379
f 2380/2380/2380 2381/2381/2381 2382/2382/2382
f 2383/2383/2383 2384/2384/2384 2385/2385/2385
f 2386/2386/2386 2387/2387/2387 2388/2388/2388
f 2389/2389/2389 2390/2390/2390 2391/2391/2391
f 2392/2392/2392 2393/2393/2393 2394/2394/2394
f 2395/2395/2395 2396/2396/2396 2397/2397/2397
f 2398/2398/2398 2399/2399/2399 2400/2400/2400
f 2401/2401/2401 2402/2402/2402 2403/2403/2403
f 2404/2404/2404 2405/2405/2405 2406/2406/2406
f 2407/2407/2407 2408/2408/2408 2409/2409/2409
f 2410/2410/2410 2411/2411/2411 2412/2412/2412
f 2413/2413/2413 2414/2414/2414 2415/2415/2415
f 2416/2416/2416 2417/2417/2417 2418/2418/2418
f 2419/2419/2419 2420/2420/2420 2421/2421/2421
f 2422/2422/2422 2423/2423/2423 2424/2424/2424
f 2425/2425/2425 2426/2426/2426 2427/2427/2427
f 2428/2428/2428 2429/2429/2429 2430/2430/2430
f 2431/2431/2431 2432/2432/2432 2433/2433/2433
f 2434/2434/2434 2435/2435/2435 2436/2436/2436
f 2437/2437/2437 2438/2438/2438 2439/2439/2439
f 2440/2440/2440 2441/2441/2441 2442/2442/2442
f 2443/2443/2443 2444/2444/2444 2445/2445/2445
f 2446/2446/2446 2447/2447/2447 2448/2448/2448
f 2449/2449/2449 2450/2450/2450 2451/2451/2451
f 2452/2452/2452 2453/2453/2453 2454/2454/2454
f 2455/2455/2455 2456/2456/2456 2457/2457/2457
f 2458/2458/2458 2459/2459/2459 2460/2460/2460
f 2461/2461/2461 2462/2462/2462 2463/2463/2463
f 2464/2464/2464 2465/2465/2465 2466/2466/2466
f 2467/2467/2467 2468/2468/2468 2469/2469/2469
f 2470/2470/2470 2471/2471/2471 2472/2472/2472
f 2473/2473/2473 2474/2474/2474 2475/2475/2475
f 2476/2476/2476 2477/2477/2477 2478/2478/2478
f 2479/2479/2479 2480/2480/2480 2481/2481/2481
f 2482/2482/2482 2483/2483/2483 2484/2484/2484
f 2485/2485/2485 2486/2486/2486 2487/2487/2487
f 2488/2488/2488 2489/2489/2489 2490/2490/2490
f 2491/2491/2491 2492/2492/2492 2493/2493/2493
f 2494/2494/2494 2495/2495/2495 2496/2496/2496
f 2497/2497/2497 2498/2498/2498 2499/2499/2499
f 2500/2500/2500 2501/2501/2501 2502/2502/2502
f 2503/2503/2503 2504/2504/2504 2505/2505/2505
f 2506/2506/2506 2507/2507/2507 2508/2508/2508
f 2509/2509/2509 2510/2510/2510 2511/2511/2511
f 2512/2512/2512 2513/2513/2513 2514/2514/2514
f 2515/2515/2515 2516/2516/2516 2517/2517/2517
f 2518/2518/2518 2519/2519/2519 2520/2520/2520
f 2521/2521/2521 2522/2522/2522 2523/2523/2523
f 2524/2524/2524 2525/2525/2525 2526/2526/2526
f 2527/2527/2527 2528/2528/2528 2529/2529/2529
f 2530/2530/2530 2531/2531/2531 2532/2532/2532
f 2533/2533/2533 2534/2534/2534 2535/2535/2535
f 2536/2536/2536 2537/2537/2537 2538/2538/2538
f 2539/2539/2539 2540/2540/2540 2541/2541/2541
f 2542/2542/2542 2543/2543/2543 2544/2544/2544
f 2545/2545/2545 2546/2546/2546 2547/2547/2547
f 2548/2548/2548 2549/2549/2549 2550/2550/2550
f 2551/2551/2551 2552/2552/2552 2553/2553/2553
f 2554/2554/2554 2555/2555/2555 2556/2556/2556
f 2557/2557/2557 2558/2558/2558 2559/2559/2559
f 2560/2560/2560 2561/2561/2561 2562/2562/2562
f 2563/2563/2563 2564/2564/2564 2565/2565/2565
f 2566/2566/2566 2567/2567/2567 2568/2568/2568
f 2569/2569/2569 2570/2570/2570 2571/2571/2571
f 2572/2572/2572 2573/2573/2573 2574/2574/2574
f 2575/2575/2575 2576/2576/2576 2577/2577/2577
f 2578/2578/2578 2579/2579/2579 2580/2580/2580
f 2581/2581/2581 2582/2582/2582 2583/2583/2583
f 2584/2584/2584 2585/2585/2585 2586/2586/2586
f 2587/2587/2587 2588/2588/2588 2589/2589/2589
f 2590/2590/2590 2591/2591/2591 2592/2592/2592
f 2593/2593/2593 2594/2594/2594 2595/2595/2595
f 2596/2596/2596 2597/2597/2597 2598/2598/2598
f 2599/2599/2599 2600/2600/2600 2601/2601/2601
f 2602/2602/2602 2603/2603/2603 2604/2604/2604
f 2605/2605/2605 2606/2606/2606 2607/2607/2607
f 2608/2608/2608 2609/2609/2609 2610/2610/2610
f 2611/2611/2611 2612/2612/2612 2613/2613/2613
f 2614/2614/2614 2615/2615/2615 2616/2616/2616
f 2617/2617/2617 2618/2618/2618 2619/2619/2619
f 2620/2620/2620 2621/2621/2621 2622/2622/2622
f 2623/2623/2623 2624/2624/2624 2625/2625/2625
f 2626/2626/2626 2627/2627/2627 2628/2628/2628
f 2629/2629/2629 2630/2630/2630 2631/2631/2631
f 2632/2632/2632 2633/2633/2633 2634/2634/2634
f 2635/2635/2635 2636/2636/2636 2637/2637/2637
f 2638/2638/2638 2639/2639/2639 2640/2640/2640
f 2641/2641/2641 2642/2642/2642 2643/2643/2643
f 2644/2644/2644 2645/2645/2645 2646/2646/2646
f 2647/2647/2647 2648/2648/2648 2649/2649/2649
f 2650/2650/2650 2651/2651/2651 2652/2652/2652
f 2653/2653/2653 2654/2654/2654 2655/2655/2655
f 2656/2656/2656 2657/2657/2657 2658/2658/2658
f 2659/2659/2659 2660/2660/2660 2661/2661/2661
f 2662/2662/2662 2663/2663/2663 2664/2664/2664
f 2665/2665/2665 2666/2666/2666 2667/2667/2667
f 2668/2668/2668 2669/2669/2669 2670/2670/2670
f 2671/2671/2671 2672/2672/2672 2673/2673/2673
f 2674/2674/2674 2675/2675/2675 2676/2676/2676
f 2677/2677/2677 2678/2678/2678 2679/2679/2679
f 2680/2680/2680 2681/2681/2681 2682/2682/2682
f 2683/2683/2683 2684/2684/2684 2685/2685/2685
f 2686/2686/2686 2687/2687/2687 2688/2688/2688
f 2689/2689/2689 2690/2690/2690 2691/2691/2691
f 2692/2692/2692 2693/2693/2693 2694/2694/2694
f 2695/2695/2695 2696/2696/2696 2697/2697/2697
f 2698/2698/2698 2699/2699/2699 2700/2700/2700
f 2701/2701/2701 2702/2702/2702 2703/2703/2703
f 2704/2704/2704 2705/2705/2705 2706/2706/2706
f 2707/2707/2707 2708/2708/2708 2709/2709/2709
f 2710/2710/2710 2711/2711/2711 2712/2712/2712
f 2713/2713/2713 2714/2714/2714 2715/2715/2715
f 2716/2716/2716 2717/2717/2717 2718/2718/2718
f 2719/2719/2719 2720/2720/2720 2721/2721/2721
f 2722/2722/2722 2723/2723/2723 2724/2724/2724
f 2725/2725/2725 2726/2726/2726 2727/2727/2727
f 2728/2728/2728 2729/2729/2729 2730/2730/2730
f 2731/2731/2731 2732/2732/2732 2733/2733/2733
f 2734/2734/2734 2735/2735/2735 2736/2736/2736
f 2737/2737/2737 2738/2738/2738 2739/2739/2739
f 2740/2740/2740 2741/2741/2741 2742/2742/2742
f 2743/2743/2743 2744/2744/2744 2745/2745/2745
f 2746/2746/2746 2747/2747/2747 2748/2748/2748
f 2749/2749/2749 2750/2750/2750 2751/2751/2751
f 2752/2752/2752 2753/2753/2753 2754/2754/2754
f 2755/2755/2755 2756/2756/2756 2757/2757/2757
f 2758/2758/2758 2759/2759/2759 2760/2760/2760
f 2761/2761/2761 2762/2762/2762 2763/2763/2763
f 2764/2764/2764 2765/2765/2765 2766/2766/2766
f 2767/2767/2767 2768/2768/2768 2769/2769/2769
f 2770/2770/2770 2771/2771/2771 2772/2772/2772
f 2773/2773/2773 2774/2774/2774 2775/2775/2775
f 2776/2776/2776 2777/2777/2777 2778/2778/2778
f 2779/2779/2779 2780/2780/2780 2781/2781/2781
f 2782/2782/2782 2783/2783/2783 2784/2784/2784
f 2785/2785/2785 2786/2786/2786 2787/2787/2787
f 2788/2788/2788 2789/2789/2789 2790/2790/2790
f 2791/2791/2791 2792/2792/2792 2793/2793/2793
f 2794/2794/2794 2795/2795/2795 2796/2796/2796
f 2797/2797/2797 2798/2798/2798 2799/2799/2799
f 2800/2800/2800 2801/2801/2801 2802/2802/2802
f 2803/2803/2803 2804/2804/2804 2805/2805/2805
f 2806/2806/2806 2807/2807/2807 2808/2808/2808
f 2809/2809/2809 2810/2810/2810 2811/2811/2811
f 2812/2812/2812 2813/2813/2813 2814/2814/2814
f 2815/2815/2815 2816/2816/2816 2817/2817/2817
f 2818/2818/2818 2819/2819/2819 2820/2820/2820
f 2821/2821/2821 2822/2822/2822 2823/2823/2823
f 2824/2824/2824 2825/2825/2825 2826/2826/2826
f 2827/2827/2827 2828/2828/2828 2829/2829/2829
f 2830/2830/2830 2831/2831/2831 2832/2832/2832
f 2833/2833/2833 2834/2834/2834 2835/2835/2835
f 2836/2836/2836 2837/2837/2837 2838/2838/2838
f 2839/2839/2839 2840/2840/2840 2841/2841/2841
f 2842/2842/2842 2843/2843/2843 2844/2844/2844
f 2845/2845/2845 2846/2846/2846 2847/2847/2847
f 2848/2848/2848 2849/2849/2849 2850/2850/2850
f 2851/2851/2851 2852/2852/2852 2853/2853/2853
f 2854/2854/2854 2855/2855/2855 2856/2856/2856
f 2857/2857/2857 2858/2858/2858 2859/2859/2859
f 2860/2860/2860 2861/2861/2861 2862/2862/2862
f 2863/2863/2863 2864/2864/2864 2865/2865/2865
f 2866/2866/2866 2867/2867/2867 2868/2868/2868
f 2869/2869/2869 2870/2870/2870 2871/2871/2871
f 2872/2872/2872 2873/2873/2873 2874/2874/2874
f 2875/2875/2875 2876/2876/2876 2877/2877/2877
f 2878/2878/2878 2879/2879/2879 2880/2880/2880
f 2881/2881/2881 2882/2882/2882 2883/2883/2883
f 2884/2884/2884 2885/2885/2885 2886/2886/2886
f 2887/2887/2887 2888/2888/2888 2889/2889/2889
f 2890/2890/2890 2891/2891/2891 2892/2892/2892
f 2893/2893/2893 2894/2894/2894 2895/2895/2895
f 2896/2896/2896 2897/2897/2897 2898/2898/2898
f 2899/2899/2899 2900/2900/2900 2901/2901/2901
f 2902/2902/2902 2903/2903/2903 2904/2904/2904
f 2905/2905/2905 2906/2906/2906 2907/2907/2907
f 2908/2908/2908 2909/2909/2909 2910/2910/2910
f 2911/2911/2911 2912/2912/2912 2913/2913/2913
f 2914/2914/2914 2915/2915/2915 2916/2916/2916
f 2917/2917/2917 2918/2918/2918 2919/2919/2919
f 2920/2920/2920 2921/2921/2921 2922/2922/2922
f 2923/2923/2923 2924/2924/2924 2925/2925/2925
f 2926/2926/2926 2927/2927/2927 2928/2928/2928
f 2929/2929/2929 2930/2930/2930 2931/2931/2931
f 2932/2932/2932 2933/2933/2933 2934/2934/2934
f 2935/2935/2935 2936/2936/2936 2937/2937/2937
f 2938/2938/2938 2939/2939/2939 2940/2940/2940
f 2941/2941/2941 2942/2942/2942 2943/2943/2943
f 2944/2944/2944 2945/2945/2945 2946/2946/2946
f 2947/2947/2947 2948/2948/2948 2949/2949/2949
f 2950/2950/2950 2951/2951/2951 2952/2952/2952
f 2953/2953/2953 2954/2954/2954 2955/2955/2955
f 2956/2956/2956 2957/2957/2957 2958/2958/2958
f 2959/2959/2959 2960/2960/2960 2961/2961/2961
f 2962/2962/2962 2963/2963/2963 2964/2964/2964
f 2965/2965/2965 2966/2966/2966 2967/2967/2967
f 2968/2968/2968 2969/2969/2969 2970/2970/2970
f 2971/2971/2971 2972/2972/2972 2973/2973/2973
f 2974/2974/2974 2975/2975/2975 2976/2976/2976
f 2977/2977/2977 2978/2978/2978 2979/2979/2979
f 2980/2980/2980 2981/2981/2981 2982/2982/2982
f 2983/2983/2983 2984/2984/2984 2985/2985/2985
f 2986/2986/2986 2987/2987/2987 2988/2988/2988
f 2989/2989/2989 2990/2990/2990 2991/2991/2991
f 2992/2992/2992 2993/2993/2993 2994/2994/2994
f 2995/2995/2995 2996/2996/2996 2997/2997/2997
f 2998/2998/2998 2999/2999/2999 3000/3000/3000
f 3001/3001/3001 3002/3002/3002 3003/3003/3003
f 3004/3004/3004 3005/3005/3005 3006/3006/3006
f 3007/3007/3007 3008/3008/3008 3009/3009/3009
f 3010/3010/3010 3011/3011/3011 3012/3012/3012
f 3013/3013/3013 3014/3014/3014 3015/3015/3015
f 3016/3016/3016 3017/3017/3017 3018/3018/3018
f 3019/3019/3019 3020/3020/3020 3021/3021/3021
f 3022/3022/3022 3023/3023/3023 3024/3024/3024
f 3025/3025/3025 3026/3026/3026 3027/3027/3027
f 3028/3028/3028 3029/3029/3029 3030/3030/3030
f 3031/3031/3031 3032/3032/3032 3033/3033/3033
f 3034/3034/3034 3035/3035/3035 3036/3036/3036
f 3037/3037/3037 3038/3038/3038 3039/3039/3039
f 3040/3040/3040 3041/3041/3041 3042/3042/3042
f 3043/3043/3043 3044/3044/3044 3045/3045/3045
f 3046/3046/3046 3047/3047/3047 3048/3048/3048
f 3049/3049/3049 3050/3050/3050 3051/3051/3051
f 3052/3052/3052 3053/3053/3053 3054/3054/3054
f 3055/3055/3055 3056/3056/3056 3057/3057/3057
f 3058/3058/3058 3059/3059/3059 3060/3060/3060
f 3061/3061/3061 3062/3062/3062 3063/3063/3063
f 3064/3064/3064 3065/3065/3065 3066/3066/3066
f 3067/3067/3067 3068/3068/3068 3069/3069/3069
f 3070/3070/3070 3071/3071/3071 3072/3072/3072
f 3073/3073/3073 3074/3074/3074 3075/3075/3075
f 3076/3076/3076 3077/3077/3077 3078/3078/3078
f 3079/3079/3079 3080/3080/3080 3081/3081/3081
f 3082/3082/3082 3083/3083/3083 3084/3084/3084
f 3085/3085/3085 3086/3086/3086 3087/3087/3087
f 3088/3088/3088 3089/3089/3089 3090/3090/3090
f 3091/3091/3091 3092/3092/3092 3093/3093/3093
f 3094/3094/3094 3095/3095/3095 3096/3096/3096
f 3097/3097/3097 3098/3098/3098 3099/3099/3099
f 3100/3100/3100 3101/3101/3101 3102/3102/3102
f 3103/3103/3103 3104/3104/3104 3105/3105/3105
f 3106/3106/3106 3107/3107/3107 3108/3108/3108
f 3109/3109/3109 3110/3110/3110 3111/3111/3111
f 3112/3112/3112 3113/3113/3113 3114/3114/3114
f 3115/3115/3115 3116/3116/3116 3117/3117/3117
f 3118/3118/3118 3119/3119/3119 3120/3120/3120
f 3121/3121/3121 3122/3122/3122 3123/3123/3123
f 3124/3124/3124 3125/3125/3125 3126/3126/3126
f 3127/3127/3127 3128/3128/3128 3129/3129/3129
f 3130/3130/3130 3131/3131/3131 3132/3132/3132
f 3133/3133/3133 3134/3134/3134 3135/3135/3135
f 3136/3136/3136 3137/3137/3137 3138/3138/3138
f 3139/3139/3139 3140/3140/3140 3141/3141/3141
f 3142/3142/3142 3143/3143/3143 3144/3144/3144
f 3145/3145/3145 3146/3146/3146 3147/3147/3147
f 3148/3148/3148 3149/3149/3149 3150/3150/3150
f 3151/3151/3151 3152/3152/3152 3153/3153/3153
f 3154/3154/3154 3155/3155/3155 3156/3156/3156
f 3157/3157/3157 3158/3158/3158 3159/3159/3159
f 3160/3160/3160 3161/3161/3161 3162/3162/3162
f 3163/3163/3163 3164/3164/3164 3165/3165/3165
f 3166/3166/3166 3167/3167/3167 3168/3168/3168
f 3169/3169/3169 3170/3170/3170 3171/3171/3171
f 3172/3172/3172 3173/3173/3173 3174/3174/3174
f 3175/3175/3175 3176/3176/3176 3177/3177/3177
f 3178/3178/3178 3179/3179/3179 3180/3180/3180
f 3181/3181/3181 3182/3182/3182 3183/3183/3183
f 3184/3184/3184 3185/3185/3185 3186/3186/3186
f 3187/3187/3187 3188/3188/3188 3189/3189/3189
f 3190/3190/3190 3191/3191/3191 3192/3192/3192
f 3193/3193/3193 3194/3194/3194 3195/3195/3195
f 3196/3196/3196 3197/3197/3197 3198/3198/3198
f 3199/3199/3199 3200/3200/3200 3201/3201/3201
f 3202/3202/3202 3203/3203/3203 3204/3204/3204
f 3205/3205/3205 3206/3206/3206 3207/3207/3207
f 3208/3208/3208 3209/3209/3209 3210/3210/3210
f 3211/3211/3211 3212/3212/3212 3213/3213/3213
f 3214/3214/3214 3215/3215/3215 3216/3216/3216
f 3217/3217/3217 3218/3218/3218 3219/3219/3219
f 3220/3220/3220 3221/3221/3221 3222/3222/3222
f 3223/3223/3223 3224/3224/3224 3225/3225/3225
f 3226/3226/3226 3227/3227/3227 3228/3228/3228
f 3229/3229/3229 3230/3230/3230 3231/3231/3231
f 3232/3232/3232 3233/3233/3233 3234/3234/3234
f 3235/3235/3235 3236/3236/3236 3237/3237/3237
f 3238/3238/3238 3239/3239/3239 3240/3240/3240
f 3241/3241/3241 3242/3242/3242 3243/3243/3243
f 3244/3244/3244 3245/3245/3245 3246/3246/3246
f 3247/3247/3247 3248/3248/3248 3249/3249/3249
f 3250/3250/3250 3251/3251/3251 3252/3252/3252
f 3253/3253/3253 3254/3254/3254 3255/3255/3255
f 3256/3256/3256 3257/3257/3257 3258/3258/3258
f 3259/3259/3259 3260/3260/3260 3261/3261/3261
f 3262/3262/3262 3263/3263/3263 3264/3264/3264
f 3265/3265/3265 3266/3266/3266 3267/3267/3267
f 3268/3268/3268 3269/3269/3269 3270/3270/3270
f 3271/3271/3271 3272/3272/3272 3273/3273/3273
f 3274/3274/3274 3275/3275/3275 3276/3276/3276
f 3277/3277/3277 3278/3278/3278 3279/3279/3279
f 3280/3280/3280 3281/3281/3281 3282/3282/3282
f 3283/3283/3283 3284/3284/3284 3285/3285/3285
f 3286/3286/3286 3287/3287/3287 3288/3288/3288
f 3289/3289/3289 3290/3290/3290 3291/3291/3291
f 3292/3292/3292 3293/3293/3293 3294/3294/3294
f 3295/3295/3295 3296/3296/3296 3297/3297/3297
f 3298/3298/3298 3299/3299/3299 3300/3300/3300
f 3301/3301/3301 3302/3302/3302 3303/3303/3303
f 3304/3304/3304 3305/3305/3305 3306/3306/3306
f 3307/3307/3307 3308/3308/3308 3309/3309/3309
f 3310/3310/3310 3311/3311/3311 3312/3312/3312
f 3313/3313/3313 3314/3314/3314 3315/3315/3315
f 3316/3316/3316 3317/3317/3317 3318/3318/3318
f 3319/3319/3319 3320/3320/3320 3321/3321/3321
f 3322/3322/3322 3323/3323/3323 3324/3324/3324
f 3325/3325/3325 3326/3326/3326 3327/3327/3327
f 3328/3328/3328 3329/3329/3329 3330/3330/3330
f 3331/3331/3331 3332/3332/3332 3333/3333/3333
f 3334/3334/3334 3335/3335/3335 3336/3336/3336
f 3337/3337/3337 3338/3338/3338 3339/3339/3339
f 3340/3340/3340 3341/3341/3341 3342/3342/3342
f 3343/3343/3343 3344/3344/3344 3345/3345/3345
f 3346/3346/3346 3347/3347/3347 3348/3348/3348
f 3349/3349/3349 3350/3350/3350 3351/3351/3351
f 3352/3352/3352 3353/3353/3353 3354/3354/3354
f 3355/3355/3355 3356/3356/3356 3357/3357/3357
f 3358/3358/3358 3359/3359/3359 3360/3360/3360
f 3361/3361/3361 3362/3362/3362 3363/3363/3363
f 3364/3364/3364 3365/3365/3365 3366/3366/3366
f 3367/3367/3367 3368/3368/3368 3369/3369/3369
f 3370/3370/3370 3371/3371/3371 3372/3372/3372
f 3373/3373/3373 3374/3374/3374 3375/3375/3375
f 3376/3376/3376 3377/3377/3377 3378/3378/3378
f 3379/3379/3379 3380/3380/3380 3381/3381/3381
f 3382/3382/3382 3383/3383/3383 3384/3384/3384
f 3385/3385/3385 3386/3386/3386 3387/3387/3387
f 3388/3388/3388 3389/3389/3389 3390/3390/3390
f 3391/3391/3391 3392/3392/3392 3393/3393/3393
f 3394/3394/3394 3395/3395/3395 3396/3396/3396
f 3397/3397/3397 3398/3398/3398 3399/3399/3399
f 3400/3400/3400 3401/3401/3401 3402/3402/3402
f 3403/3403/3403 3404/3404/3404 3405/3405/3405
f 3406/3406/3406 3407/3407/3407 3408/3408/3408
f 3409/3409/3409 3410/3410/3410 3411/3411/3411
f 3412/3412/3412 3413/3413/3413 3414/3414/3414
f 3415/3415/3415 3416/3416/3416 3417/3417/3417
f 3418/3418/3418 3419/3419/3419 3420/3420/3420
f 3421/3421/3421 3422/3422/3422 3423/3423/3423
f 3424/3424/3424 3425/3425/3425 3426/3426/3426
f 3427/3427/3427 3428/3428/3428 3429/3429/3429
f 3430/3430/3430 3431/3431/3431 3432/3432/3432
f 3433/3433/3433 3434/3434/3434 3435/3435/3435
f 3436/3436/3436 3437/3437/3437 3438/3438/3438
f 3439/3439/3439 3440/3440/3440 3441/3441/3441
f 3442/3442/3442 3443/3443/3443 3444/3444/3444
f 3445/3445/3445 3446/3446/3446 3447/3447/3447
f 3448/3448/3448 3449/3449/3449 3450/3450/3450
f 3451/3451/3451 3452/3452/3452 3453/3453/3453
f 3454/3454/3454 3455/3455/3455 3456/3456/3456
f 3457/3457/3457 3458/3458/3458 3459/3459/3459
f 3460/3460/3460 3461/3461/3461 3462/3462/3462
f 3463/3463/3463 3464/3464/3464 3465/3465/3465
f 3466/3466/3466 3467/3467/3467 3468/3468/3468
f 3469/3469/3469 3470/3470/3470 3471/3471/3471
f 3472/3472/3472 3473/3473/3473 3474/3474/3474
f 3475/3475/3475 3476/3476/3476 3477/3477/3477
f 3478/3478/3478 3479/3479/3479 3480/3480/3480
f 3481/3481/3481 3482/3482/3482 3483/3483/3483
f 3484/3484/3484 3485/3485/3485 3486/3486/3486
f 3487/3487/3487 3488/3488/3488 3489/3489/3489
f 3490/3490/3490 3491/3491/3491 3492/3492/3492
f 3493/3493/3493 3494/3494/3494 3495/3495/3495
f 3496/3496/3496 3497/3497/3497 3498/3498/3498
f 3499/3499/3499 3500/3500/3500 3501/3501/3501
f 3502/3502/3502 3503/3503/3503 3504/3504/3504
f 3505/3505/3505 3506/3506/3506 3507/3507/3507
f 3508/3508/3508 3509/3509/3509 3510/3510/3510
f 3511/3511/3511 3512/3512/3512 3513/3513/3513
f 3514/3514/3514 3515/3515/3515 3516/3516/3516
f 3517/3517/3517 3518/3518/3518 3519/3519/3519
f 3520/3520/3520 3521/3521/3521 3522/3522/3522
f 3523/3523/3523 3524/3524/3524 3525/3525/3525
f 3526/3526/3526 3527/3527/3527 3528/3528/3528
f 3529/3529/3529 3530/3530/3530 3531/3531/3531
f 3532/3532/3532 3533/3533/3533 3534/3534/3534
f 3535/3535/3535 3536/3536/3536 3537/3537/3537
f 3538/3538/3538 3539/3539/3539 3540/3540/3540
f 3541/3541/3541 3542/3542/3542 3543/3543/3543
f 3544/3544/3544 3545/3545/3545 3546/3546/3546
f 3547/3547/3547 3548/3548/3548 3549/3549/3549
f 3550/3550/3550 3551/3551/3551 3552/3552/3552
f 3553/3553/3553 3554/3554/3554 3555/3555/3555
f 3556/3556/3556 3557/3557/3557 3558/3558/3558
f 3559/3559/3559 3560/3560/3560 3561/3561/3561
f 3562/3562/3562 3563/3563/3563 3564/3564/3564
f 3565/3565/3565 3566/3566/3566 3567/3567/3567
f 3568/3568/3568 3569/3569/3569 3570/3570/3570
f 3571/3571/3571 3572/3572/3572 3573/3573/3573
f 3574/3574/3574 3575/3575/3575 3576/3576/3576
f 3577/3577/3577 3578/3578/3578 3579/3579/3579
f 3580/3580/3580 3581/3581/3581 3582/3582/3582
f 3583/3583/3583 3584/3584/3584 3585/3585/3585
f 3586/3586/3586 3587/3587/3587 3588/3588/3588
f 3589/3589/3589 3590/3590/3590 3591/3591/3591
f 3592/3592/3592 3593/3593/3593 3594/3594/3594
f 3595/3595/3595 3596/3596/3596 3597/3597/3597
f 3598/3598/3598 3599/3599/3599 3600/3600/3600
f 3601/3601/3601 3602/3602/3602 3603/3603/3603
f 3604/3604/3604 3605/3605/3605 3606/3606/3606
f 3607/3607/3607 3608/3608/3608 3609/3609/3609
f 3610/3610/3610 3611/3611/3611 3612/3612/3612
f 3613/3613/3613 3614/3614/3614 3615/3615/3615
f 3616/3616/3616 3617/3617/3617 3618/3618/3618
f 3619/3619/3619 3620/3620/3620 3621/3621/3621
f 3622/3622/3622 3623/3623/3623 3624/3624/3624
f 3625/3625/3625 3626/3626/3626 3627/3627/3627
f 3628/3628/3628 3629/3629/3629 3630/3630/3630
f 3631/3631/3631 3632/3632/3632 3633/3633/3633
f 3634/3634/3634 3635/3635/3635 3636/3636/3636
f 3637/3637/3637 3638/3638/3638 3639/3639/3639
f 3640/3640/3640 3641/3641/3641 3642/3642/3642
f 3643/3643/3643 3644/3644/3644 3645/3645/3645
f 3646/3646/3646 3647/3647/3647 3648/3648/3648
f 3649/3649/3649 3650/3650/3650 3651/3651/3651
f 3652/3652/3652 3653/3653/3653 3654/3654/3654
f 3655/3655/3655 3656/3656/3656 3657/3657/3657
f 3658/3658/3658 3659/3659/3659 3660/3660/3660
f 3661/3661/3661 3662/3662/3662 3663/3663/3663
f 3664/3664/3664 3665/3665/3665 3666/3666/3666
f 3667/3667/3667 3668/3668/3668 3669/3669/3669
f 3670/3670/3670 3671/3671/3671 3672/3672/3672
f 3673/3673/3673 3674/3674/3674 3675/3675/3675
f 3676/3676/3676 3677/3677/3677 3678/3678/3678
f 3679/3679/3679 3680/3680/3680 3681/3681/3681
f 3682/3682/3682 3683/3683/3683 3684/3684/3684
f 3685/3685/3685 3686/3686/3686 3687/3687/3687
f 3688/3688/3688 3689/3689/3689 3690/3690/3690
f 3691/3691/3691 3692/3692/3692 3693/3693/3693
f 3694/3694/3694 3695/3695/3695 3696/3696/3696
f 3697/3697/3697 3698/3698/3698 3699/3699/3699
f 3700/3700/3700 3701/3701/3701 3702/3702/3702
f 3703/3703/3703 3704/3704/3704 3705/3705/3705
f 3706/3706/3706 3707/3707/3707 3708/3708/3708
f 3709/3709/3709 3710/3710/3710 3711/3711/3711
f 3712/3712/3712 3713/3713/3713 3714/3714/3714
f 3715/3715/3715 3716/3716/3716 3717/3717/3717
f 3718/3718/3718 3719/3719/3719 3720/3720/3720
f 3721/3721/3721 3722/3722/3722 3723/3723/3723
f 3724/3724/3724 3725/3725/3725 3726/3726/3726
f 3727/3727/3727 3728/3728/3728 3729/3729/3729
f 3730/3730/3730 3731/3731/3731 3732/3732/3732
f 3733/3733/3733 3734/3734/3734 3735/3735/3735
f 3736/3736/3736 3737/3737/3737 3738/3738/3738
f 3739/3739/3739 3740/3740/3740 3741/3741/3741
f 3742/3742/3742 3743/3743/3743 3744/3744/3744
f 3745/3745/3745 3746/3746/3746 3747/3747/3747
f 3748/3748/3748 3749/3749/3749 3750/3750/3750
f 3751/3751/3751 3752/3752/3752 3753/3753/3753
f 3754/3754/3754 3755/3755/3755 3756/3756/3756
f 3757/3757/3757 3758/3758/3758 3759/3759/3759
f 3760/3760/3760 3761/3761/3761 3762/3762/3762
f 3763/3763/3763 3764/3764/3764 3765/3765/3765
f 3766/3766/3766 3767/3767/3767 3768/3768/3768
