o NONE
usemtl MaterialFBXASC032FBXASC03528
v 3.484499799810692e-8 0.05955500155687332 0.03484499827027321
v 3.3300000978897515e-8 0.05979999899864197 0.0333000011742115
v -0.006277966313064098 0.059723999351263046 0.03358600661158562
v -0.006277966313064098 0.059723999351263046 0.03358600661158562
v 3.3300000978897515e-8 0.05979999899864197 0.0333000011742115
v -0.0064969672821462154 0.05979999899864197 0.03266000747680664
v -0.006277966313064098 0.059723999351263046 0.03358600661158562
v -0.0064969672821462154 0.05979999899864197 0.03266000747680664
v -0.01234296802431345 0.059723999351263046 0.03186101093888283
v -0.01234296802431345 0.059723999351263046 0.03186101093888283
v -0.0064969672821462154 0.05979999899864197 0.03266000747680664
v -0.012742969207465649 0.05979999899864197 0.03076501376926899
v -0.01234296802431345 0.059723999351263046 0.03186101093888283
v -0.012742969207465649 0.05979999899864197 0.03076501376926899
v -0.017986970022320747 0.059723999351263046 0.02905001863837242
v -0.017986970022320747 0.059723999351263046 0.02905001863837242
v -0.012742969207465649 0.05979999899864197 0.03076501376926899
v -0.01849997229874134 0.05979999899864197 0.02768801897764206
v -0.017986970022320747 0.059723999351263046 0.02905001863837242
v -0.01849997229874134 0.05979999899864197 0.02768801897764206
v -0.0230189748108387 0.059723999351263046 0.02525102160871029
v -0.0230189748108387 0.059723999351263046 0.02525102160871029
v -0.01849997229874134 0.05979999899864197 0.02768801897764206
v -0.0235469751060009 0.05979999899864197 0.02354702353477478
v -0.0230189748108387 0.059723999351263046 0.02525102160871029
v -0.0235469751060009 0.05979999899864197 0.02354702353477478
v -0.027266979217529297 0.059723999351263046 0.020591028034687042
v -0.027266979217529297 0.059723999351263046 0.020591028034687042
v -0.0235469751060009 0.05979999899864197 0.02354702353477478
v -0.027687981724739075 0.05979999899864197 0.018500028178095818
v -0.027266979217529297 0.059723999351263046 0.020591028034687042
v -0.027687981724739075 0.05979999899864197 0.018500028178095818
v -0.030585985630750656 0.059723999351263046 0.015230030752718449
v -0.030585985630750656 0.059723999351263046 0.015230030752718449
v -0.027687981724739075 0.05979999899864197 0.018500028178095818
v -0.0307649876922369 0.05979999899864197 0.012743030674755573
v -0.030585985630750656 0.059723999351263046 0.015230030752718449
v -0.0307649876922369 0.05979999899864197 0.012743030674755573
v -0.03286398947238922 0.059723999351263046 0.0093510327860713
v -0.03286398947238922 0.059723999351263046 0.0093510327860713
v -0.0307649876922369 0.05979999899864197 0.012743030674755573
v -0.03265999257564545 0.05979999899864197 0.0064970324747264385
v -0.03286398947238922 0.059723999351263046 0.0093510327860713
v -0.03265999257564545 0.05979999899864197 0.0064970324747264385
v -0.03402199596166611 0.059723999351263046 0.003153034020215273
v -0.03402199596166611 0.059723999351263046 0.003153034020215273
v -0.03265999257564545 0.05979999899864197 0.0064970324747264385
v -0.0333000011742115 0.05979999899864197 3.3300000978897515e-8
v -0.03402199596166611 0.059723999351263046 0.003153034020215273
v -0.0333000011742115 0.05979999899864197 3.3300000978897515e-8
v -0.034022003412246704 0.059723999351263046 -0.003152966033667326
v -0.034022003412246704 0.059723999351263046 -0.003152966033667326
v -0.0333000011742115 0.05979999899864197 3.3300000978897515e-8
v -0.03266000747680664 0.05979999899864197 -0.0064969672821462154
v -0.034022003412246704 0.059723999351263046 -0.003152966033667326
v -0.03266000747680664 0.05979999899864197 -0.0064969672821462154
v -0.03286401182413101 0.059723999351263046 -0.009350967593491077
v -0.03286401182413101 0.059723999351263046 -0.009350967593491077
v -0.03266000747680664 0.05979999899864197 -0.0064969672821462154
v -0.03076501376926899 0.05979999899864197 -0.012742969207465649
v -0.03286401182413101 0.059723999351263046 -0.009350967593491077
v -0.03076501376926899 0.05979999899864197 -0.012742969207465649
v -0.030586015433073044 0.059723999351263046 -0.015229969285428524
v -0.030586015433073044 0.059723999351263046 -0.015229969285428524
v -0.03076501376926899 0.05979999899864197 -0.012742969207465649
v -0.02768801897764206 0.05979999899864197 -0.01849997229874134
v -0.030586015433073044 0.059723999351263046 -0.015229969285428524
v -0.02768801897764206 0.05979999899864197 -0.01849997229874134
v -0.02726702019572258 0.059723999351263046 -0.020590972155332565
v -0.02726702019572258 0.059723999351263046 -0.020590972155332565
v -0.02768801897764206 0.05979999899864197 -0.01849997229874134
v -0.02354702353477478 0.05979999899864197 -0.0235469751060009
v -0.02726702019572258 0.059723999351263046 -0.020590972155332565
v -0.02354702353477478 0.05979999899864197 -0.0235469751060009
v -0.023019026964902878 0.059723999351263046 -0.025250976905226707
v -0.023019026964902878 0.059723999351263046 -0.025250976905226707
v -0.02354702353477478 0.05979999899864197 -0.0235469751060009
v -0.018500028178095818 0.05979999899864197 -0.027687981724739075
v -0.023019026964902878 0.059723999351263046 -0.025250976905226707
v -0.018500028178095818 0.05979999899864197 -0.027687981724739075
v -0.017987029626965523 0.059723999351263046 -0.029049981385469437
v -0.017987029626965523 0.059723999351263046 -0.029049981385469437
v -0.018500028178095818 0.05979999899864197 -0.027687981724739075
v -0.012743030674755573 0.05979999899864197 -0.0307649876922369
v -0.017987029626965523 0.059723999351263046 -0.029049981385469437
v -0.012743030674755573 0.05979999899864197 -0.0307649876922369
v -0.012343031354248524 0.059723999351263046 -0.03186098858714104
v -0.012343031354248524 0.059723999351263046 -0.03186098858714104
v -0.012743030674755573 0.05979999899864197 -0.0307649876922369
v -0.0064970324747264385 0.05979999899864197 -0.03265999257564545
v -0.012343031354248524 0.059723999351263046 -0.03186098858714104
v -0.0064970324747264385 0.05979999899864197 -0.03265999257564545
v -0.006278033368289471 0.059723999351263046 -0.03358599171042442
v -0.006278033368289471 0.059723999351263046 -0.03358599171042442
v -0.0064970324747264385 0.05979999899864197 -0.03265999257564545
v -3.3300000978897515e-8 0.05979999899864197 -0.0333000011742115
v -0.006278033368289471 0.059723999351263046 -0.03358599171042442
v -3.3300000978897515e-8 0.05979999899864197 -0.0333000011742115
v -3.484499799810692e-8 0.05955500155687332 -0.03484499827027321
v -0.006278033368289471 0.059723999351263046 -0.03358599171042442
v -3.484499799810692e-8 0.05955500155687332 -0.03484499827027321
v -0.006578035186976194 0.059130001813173294 -0.03518999367952347
v -0.006578035186976194 0.059130001813173294 -0.03518999367952347
v -3.484499799810692e-8 0.05955500155687332 -0.03484499827027321
v -3.6238997580539944e-8 0.058844998478889465 -0.03623899817466736
v -0.006578035186976194 0.059130001813173294 -0.03518999367952347
v -3.6238997580539944e-8 0.058844998478889465 -0.03623899817466736
v -0.006823036354035139 0.058014001697301865 -0.036497991532087326
v -0.006823036354035139 0.058014001697301865 -0.036497991532087326
v -3.6238997580539944e-8 0.058844998478889465 -0.03623899817466736
v -3.7344999981314686e-8 0.057739000767469406 -0.037344999611377716
v -0.006823036354035139 0.058014001697301865 -0.036497991532087326
v -3.7344999981314686e-8 0.057739000767469406 -0.037344999611377716
v -0.006982037331908941 0.05651000142097473 -0.03735099360346794
v -0.006982037331908941 0.05651000142097473 -0.03735099360346794
v -3.7344999981314686e-8 0.057739000767469406 -0.037344999611377716
v -3.805499915188193e-8 0.056345000863075256 -0.038054998964071274
v -0.006982037331908941 0.05651000142097473 -0.03735099360346794
v -3.805499915188193e-8 0.056345000863075256 -0.038054998964071274
v -0.00703803775832057 0.05480000004172325 -0.03764799237251282
v -0.00703803775832057 0.05480000004172325 -0.03764799237251282
v -3.805499915188193e-8 0.056345000863075256 -0.038054998964071274
v -3.830000139259937e-8 0.05480000004172325 -0.03830000013113022
v -0.006982037331908941 0.05651000142097473 -0.03735099360346794
v -0.00703803775832057 0.05480000004172325 -0.03764799237251282
v -0.013727035373449326 0.05651000142097473 -0.03543298691511154
v -0.013727035373449326 0.05651000142097473 -0.03543298691511154
v -0.00703803775832057 0.05480000004172325 -0.03764799237251282
v -0.013836035504937172 0.05480000004172325 -0.035713985562324524
v -0.013727035373449326 0.05651000142097473 -0.03543298691511154
v -0.013836035504937172 0.05480000004172325 -0.035713985562324524
v -0.02000403217971325 0.05651000142097473 -0.0323069803416729
v -0.02000403217971325 0.05651000142097473 -0.0323069803416729
v -0.013836035504937172 0.05480000004172325 -0.035713985562324524
v -0.020162031054496765 0.05480000004172325 -0.0325629822909832
v -0.02000403217971325 0.05651000142097473 -0.0323069803416729
v -0.020162031054496765 0.05480000004172325 -0.0325629822909832
v -0.025599027052521706 0.05651000142097473 -0.028080973774194717
v -0.025599027052521706 0.05651000142097473 -0.028080973774194717
v -0.020162031054496765 0.05480000004172325 -0.0325629822909832
v -0.02580302767455578 0.05480000004172325 -0.028303973376750946
v -0.025599027052521706 0.05651000142097473 -0.028080973774194717
v -0.02580302767455578 0.05480000004172325 -0.028303973376750946
v -0.030323022976517677 0.05651000142097473 -0.022898970171809196
v -0.030323022976517677 0.05651000142097473 -0.022898970171809196
v -0.02580302767455578 0.05480000004172325 -0.028303973376750946
v -0.030564023181796074 0.05480000004172325 -0.023080971091985703
v -0.030323022976517677 0.05651000142097473 -0.022898970171809196
v -0.030564023181796074 0.05480000004172325 -0.023080971091985703
v -0.03401501849293709 0.05651000142097473 -0.01693696714937687
v -0.03401501849293709 0.05651000142097473 -0.01693696714937687
v -0.030564023181796074 0.05480000004172325 -0.023080971091985703
v -0.03428502008318901 0.05480000004172325 -0.01707196608185768
v -0.03401501849293709 0.05651000142097473 -0.01693696714937687
v -0.03428502008318901 0.05480000004172325 -0.01707196608185768
v -0.036548011004924774 0.05651000142097473 -0.01039896346628666
v -0.036548011004924774 0.05651000142097473 -0.01039896346628666
v -0.03428502008318901 0.05480000004172325 -0.01707196608185768
v -0.03683800995349884 0.05480000004172325 -0.010480962693691254
v -0.036548011004924774 0.05651000142097473 -0.01039896346628666
v -0.03683800995349884 0.05480000004172325 -0.010480962693691254
v -0.03783600404858589 0.05651000142097473 -0.0035059619694948196
v -0.03783600404858589 0.05651000142097473 -0.0035059619694948196
v -0.03683800995349884 0.05480000004172325 -0.010480962693691254
v -0.038137003779411316 0.05480000004172325 -0.0035339617170393467
v -0.03783600404858589 0.05651000142097473 -0.0035059619694948196
v -0.038137003779411316 0.05480000004172325 -0.0035339617170393467
v -0.037835996598005295 0.05651000142097473 0.003506037872284651
v -0.037835996598005295 0.05651000142097473 0.003506037872284651
v -0.038137003779411316 0.05480000004172325 -0.0035339617170393467
v -0.03813699632883072 0.05480000004172325 0.003534038085490465
v -0.037835996598005295 0.05651000142097473 0.003506037872284651
v -0.03813699632883072 0.05480000004172325 0.003534038085490465
v -0.03654798865318298 0.05651000142097473 0.01039903610944748
v -0.03654798865318298 0.05651000142097473 0.01039903610944748
v -0.03813699632883072 0.05480000004172325 0.003534038085490465
v -0.03683798760175705 0.05480000004172325 0.010481037199497223
v -0.03654798865318298 0.05651000142097473 0.01039903610944748
v -0.03683798760175705 0.05480000004172325 0.010481037199497223
v -0.0340149812400341 0.05651000142097473 0.01693703420460224
v -0.0340149812400341 0.05651000142097473 0.01693703420460224
v -0.03683798760175705 0.05480000004172325 0.010481037199497223
v -0.034284982830286026 0.05480000004172325 0.017072033137083054
v -0.0340149812400341 0.05651000142097473 0.01693703420460224
v -0.034284982830286026 0.05480000004172325 0.017072033137083054
v -0.030322978273034096 0.05651000142097473 0.022899029776453972
v -0.030322978273034096 0.05651000142097473 0.022899029776453972
v -0.034284982830286026 0.05480000004172325 0.017072033137083054
v -0.030563978478312492 0.05480000004172325 0.023081030696630478
v -0.030322978273034096 0.05651000142097473 0.022899029776453972
v -0.030563978478312492 0.05480000004172325 0.023081030696630478
v -0.02559897117316723 0.05651000142097473 0.028081025928258896
v -0.02559897117316723 0.05651000142097473 0.028081025928258896
v -0.030563978478312492 0.05480000004172325 0.023081030696630478
v -0.0258029717952013 0.05480000004172325 0.028304025530815125
v -0.02559897117316723 0.05651000142097473 0.028081025928258896
v -0.0258029717952013 0.05480000004172325 0.028304025530815125
v -0.020003968849778175 0.05651000142097473 0.03230701759457588
v -0.020003968849778175 0.05651000142097473 0.03230701759457588
v -0.0258029717952013 0.05480000004172325 0.028304025530815125
v -0.02016196772456169 0.05480000004172325 0.032563019543886185
v -0.020003968849778175 0.05651000142097473 0.03230701759457588
v -0.02016196772456169 0.05480000004172325 0.032563019543886185
v -0.013726964592933655 0.05651000142097473 0.03543301671743393
v -0.013726964592933655 0.05651000142097473 0.03543301671743393
v -0.02016196772456169 0.05480000004172325 0.032563019543886185
v -0.013835964724421501 0.05480000004172325 0.03571401536464691
v -0.013726964592933655 0.05651000142097473 0.03543301671743393
v -0.013835964724421501 0.05480000004172325 0.03571401536464691
v -0.006981962826102972 0.05651000142097473 0.037351008504629135
v -0.006981962826102972 0.05651000142097473 0.037351008504629135
v -0.013835964724421501 0.05480000004172325 0.03571401536464691
v -0.007037962321192026 0.05480000004172325 0.03764800727367401
v -0.006981962826102972 0.05651000142097473 0.037351008504629135
v -0.007037962321192026 0.05480000004172325 0.03764800727367401
v 3.805499915188193e-8 0.056345000863075256 0.038054998964071274
v 3.805499915188193e-8 0.056345000863075256 0.038054998964071274
v -0.007037962321192026 0.05480000004172325 0.03764800727367401
v 3.830000139259937e-8 0.05480000004172325 0.03830000013113022
v 3.805499915188193e-8 0.056345000863075256 0.038054998964071274
v 3.7344999981314686e-8 0.057739000767469406 0.037344999611377716
v -0.006981962826102972 0.05651000142097473 0.037351008504629135
v -0.006981962826102972 0.05651000142097473 0.037351008504629135
v 3.7344999981314686e-8 0.057739000767469406 0.037344999611377716
v -0.006822963710874319 0.058014001697301865 0.03649800643324852
v -0.006981962826102972 0.05651000142097473 0.037351008504629135
v -0.006822963710874319 0.058014001697301865 0.03649800643324852
v -0.013726964592933655 0.05651000142097473 0.03543301671743393
v -0.013726964592933655 0.05651000142097473 0.03543301671743393
v -0.006822963710874319 0.058014001697301865 0.03649800643324852
v -0.013412965461611748 0.058014001697301865 0.03462301567196846
v -0.013726964592933655 0.05651000142097473 0.03543301671743393
v -0.013412965461611748 0.058014001697301865 0.03462301567196846
v -0.020003968849778175 0.05651000142097473 0.03230701759457588
v -0.020003968849778175 0.05651000142097473 0.03230701759457588
v -0.013412965461611748 0.058014001697301865 0.03462301567196846
v -0.01954696886241436 0.058014001697301865 0.031569018959999084
v -0.020003968849778175 0.05651000142097473 0.03230701759457588
v -0.01954696886241436 0.058014001697301865 0.031569018959999084
v -0.02559897117316723 0.05651000142097473 0.028081025928258896
v -0.02559897117316723 0.05651000142097473 0.028081025928258896
v -0.01954696886241436 0.058014001697301865 0.031569018959999084
v -0.02501397207379341 0.058014001697301865 0.0274400245398283
v -0.02559897117316723 0.05651000142097473 0.028081025928258896
v -0.02501397207379341 0.058014001697301865 0.0274400245398283
v -0.030322978273034096 0.05651000142097473 0.022899029776453972
v -0.030322978273034096 0.05651000142097473 0.022899029776453972
v -0.02501397207379341 0.058014001697301865 0.0274400245398283
v -0.029630977660417557 0.058014001697301865 0.022376030683517456
v -0.030322978273034096 0.05651000142097473 0.022899029776453972
v -0.029630977660417557 0.058014001697301865 0.022376030683517456
v -0.0340149812400341 0.05651000142097473 0.01693703420460224
v -0.0340149812400341 0.05651000142097473 0.01693703420460224
v -0.029630977660417557 0.058014001697301865 0.022376030683517456
v -0.03323798626661301 0.058014001697301865 0.016550034284591675
v -0.0340149812400341 0.05651000142097473 0.01693703420460224
v -0.03323798626661301 0.058014001697301865 0.016550034284591675
v -0.03654798865318298 0.05651000142097473 0.01039903610944748
v -0.03654798865318298 0.05651000142097473 0.01039903610944748
v -0.03323798626661301 0.058014001697301865 0.016550034284591675
v -0.035712987184524536 0.058014001697301865 0.010161035694181919
v -0.03654798865318298 0.05651000142097473 0.01039903610944748
v -0.035712987184524536 0.058014001697301865 0.010161035694181919
v -0.037835996598005295 0.05651000142097473 0.003506037872284651
v -0.037835996598005295 0.05651000142097473 0.003506037872284651
v -0.035712987184524536 0.058014001697301865 0.010161035694181919
v -0.03697199746966362 0.058014001697301865 0.0034260370302945375
v -0.037835996598005295 0.05651000142097473 0.003506037872284651
v -0.03697199746966362 0.058014001697301865 0.0034260370302945375
v -0.03783600404858589 0.05651000142097473 -0.0035059619694948196
v -0.03783600404858589 0.05651000142097473 -0.0035059619694948196
v -0.03697199746966362 0.058014001697301865 0.0034260370302945375
v -0.03697200492024422 0.058014001697301865 -0.0034259629901498556
v -0.03783600404858589 0.05651000142097473 -0.0035059619694948196
v -0.03697200492024422 0.058014001697301865 -0.0034259629901498556
v -0.036548011004924774 0.05651000142097473 -0.01039896346628666
v -0.036548011004924774 0.05651000142097473 -0.01039896346628666
v -0.03697200492024422 0.058014001697301865 -0.0034259629901498556
v -0.03571300953626633 0.058014001697301865 -0.010160964913666248
v -0.036548011004924774 0.05651000142097473 -0.01039896346628666
v -0.03571300953626633 0.058014001697301865 -0.010160964913666248
v -0.03401501849293709 0.05651000142097473 -0.01693696714937687
v -0.03401501849293709 0.05651000142097473 -0.01693696714937687
v -0.03571300953626633 0.058014001697301865 -0.010160964913666248
v -0.033238016068935394 0.058014001697301865 -0.016549967229366302
v -0.03401501849293709 0.05651000142097473 -0.01693696714937687
v -0.033238016068935394 0.058014001697301865 -0.016549967229366302
v -0.030323022976517677 0.05651000142097473 -0.022898970171809196
v -0.030323022976517677 0.05651000142097473 -0.022898970171809196
v -0.033238016068935394 0.058014001697301865 -0.016549967229366302
v -0.02963102236390114 0.058014001697301865 -0.02237597107887268
v -0.030323022976517677 0.05651000142097473 -0.022898970171809196
v -0.02963102236390114 0.058014001697301865 -0.02237597107887268
v -0.025599027052521706 0.05651000142097473 -0.028080973774194717
v -0.025599027052521706 0.05651000142097473 -0.028080973774194717
v -0.02963102236390114 0.058014001697301865 -0.02237597107887268
v -0.025014027953147888 0.058014001697301865 -0.02743997611105442
v -0.025599027052521706 0.05651000142097473 -0.028080973774194717
v -0.025014027953147888 0.058014001697301865 -0.02743997611105442
v -0.02000403217971325 0.05651000142097473 -0.0323069803416729
v -0.02000403217971325 0.05651000142097473 -0.0323069803416729
v -0.025014027953147888 0.058014001697301865 -0.02743997611105442
v -0.019547032192349434 0.058014001697301865 -0.0315689817070961
v -0.02000403217971325 0.05651000142097473 -0.0323069803416729
v -0.019547032192349434 0.058014001697301865 -0.0315689817070961
v -0.013727035373449326 0.05651000142097473 -0.03543298691511154
v -0.013727035373449326 0.05651000142097473 -0.03543298691511154
v -0.019547032192349434 0.058014001697301865 -0.0315689817070961
v -0.01341303437948227 0.058014001697301865 -0.03462298586964607
v -0.013727035373449326 0.05651000142097473 -0.03543298691511154
v -0.01341303437948227 0.058014001697301865 -0.03462298586964607
v -0.006982037331908941 0.05651000142097473 -0.03735099360346794
v -0.006982037331908941 0.05651000142097473 -0.03735099360346794
v -0.01341303437948227 0.058014001697301865 -0.03462298586964607
v -0.006823036354035139 0.058014001697301865 -0.036497991532087326
v 3.7344999981314686e-8 0.057739000767469406 0.037344999611377716
v 3.6238997580539944e-8 0.058844998478889465 0.03623899817466736
v -0.006822963710874319 0.058014001697301865 0.03649800643324852
v -0.006822963710874319 0.058014001697301865 0.03649800643324852
v 3.6238997580539944e-8 0.058844998478889465 0.03623899817466736
v -0.006577964406460524 0.059130001813173294 0.03519000858068466
v -0.006822963710874319 0.058014001697301865 0.03649800643324852
v -0.006577964406460524 0.059130001813173294 0.03519000858068466
v -0.013412965461611748 0.058014001697301865 0.03462301567196846
v -0.013412965461611748 0.058014001697301865 0.03462301567196846
v -0.006577964406460524 0.059130001813173294 0.03519000858068466
v -0.012931966222822666 0.059130001813173294 0.03338301181793213
v -0.013412965461611748 0.058014001697301865 0.03462301567196846
v -0.012931966222822666 0.059130001813173294 0.03338301181793213
v -0.01954696886241436 0.058014001697301865 0.031569018959999084
v -0.01954696886241436 0.058014001697301865 0.031569018959999084
v -0.012931966222822666 0.059130001813173294 0.03338301181793213
v -0.018845969811081886 0.059130001813173294 0.030438018962740898
v -0.01954696886241436 0.058014001697301865 0.031569018959999084
v -0.018845969811081886 0.059130001813173294 0.030438018962740898
v -0.02501397207379341 0.058014001697301865 0.0274400245398283
v -0.02501397207379341 0.058014001697301865 0.0274400245398283
v -0.018845969811081886 0.059130001813173294 0.030438018962740898
v -0.024117974564433098 0.059130001813173294 0.02645702473819256
v -0.02501397207379341 0.058014001697301865 0.0274400245398283
v -0.024117974564433098 0.059130001813173294 0.02645702473819256
v -0.029630977660417557 0.058014001697301865 0.022376030683517456
v -0.029630977660417557 0.058014001697301865 0.022376030683517456
v -0.024117974564433098 0.059130001813173294 0.02645702473819256
v -0.028568977490067482 0.059130001813173294 0.021574027836322784
v -0.029630977660417557 0.058014001697301865 0.022376030683517456
v -0.028568977490067482 0.059130001813173294 0.021574027836322784
v -0.03323798626661301 0.058014001697301865 0.016550034284591675
v -0.03323798626661301 0.058014001697301865 0.016550034284591675
v -0.028568977490067482 0.059130001813173294 0.021574027836322784
v -0.03204698488116264 0.059130001813173294 0.015957031399011612
v -0.03323798626661301 0.058014001697301865 0.016550034284591675
v -0.03204698488116264 0.059130001813173294 0.015957031399011612
v -0.035712987184524536 0.058014001697301865 0.010161035694181919
v -0.035712987184524536 0.058014001697301865 0.010161035694181919
v -0.03204698488116264 0.059130001813173294 0.015957031399011612
v -0.03443298861384392 0.059130001813173294 0.009797034785151482
v -0.035712987184524536 0.058014001697301865 0.010161035694181919
v -0.03443298861384392 0.059130001813173294 0.009797034785151482
v -0.03697199746966362 0.058014001697301865 0.0034260370302945375
v -0.03697199746966362 0.058014001697301865 0.0034260370302945375
v -0.03443298861384392 0.059130001813173294 0.009797034785151482
v -0.03564699739217758 0.059130001813173294 0.0033030356280505657
v -0.03697199746966362 0.058014001697301865 0.0034260370302945375
v -0.03564699739217758 0.059130001813173294 0.0033030356280505657
v -0.03697200492024422 0.058014001697301865 -0.0034259629901498556
v -0.03697200492024422 0.058014001697301865 -0.0034259629901498556
v -0.03564699739217758 0.059130001813173294 0.0033030356280505657
v -0.03564700484275818 0.059130001813173294 -0.0033029643818736076
v -0.03697200492024422 0.058014001697301865 -0.0034259629901498556
v -0.03564700484275818 0.059130001813173294 -0.0033029643818736076
v -0.03571300953626633 0.058014001697301865 -0.010160964913666248
v -0.03571300953626633 0.058014001697301865 -0.010160964913666248
v -0.03564700484275818 0.059130001813173294 -0.0033029643818736076
v -0.03443301096558571 0.059130001813173294 -0.00979696586728096
v -0.03571300953626633 0.058014001697301865 -0.010160964913666248
v -0.03443301096558571 0.059130001813173294 -0.00979696586728096
v -0.033238016068935394 0.058014001697301865 -0.016549967229366302
v -0.033238016068935394 0.058014001697301865 -0.016549967229366302
v -0.03443301096558571 0.059130001813173294 -0.00979696586728096
v -0.03204701468348503 0.059130001813173294 -0.015956968069076538
v -0.033238016068935394 0.058014001697301865 -0.016549967229366302
v -0.03204701468348503 0.059130001813173294 -0.015956968069076538
v -0.02963102236390114 0.058014001697301865 -0.02237597107887268
v -0.02963102236390114 0.058014001697301865 -0.02237597107887268
v -0.03204701468348503 0.059130001813173294 -0.015956968069076538
v -0.028569022193551064 0.059130001813173294 -0.021573971956968307
v -0.02963102236390114 0.058014001697301865 -0.02237597107887268
v -0.028569022193551064 0.059130001813173294 -0.021573971956968307
v -0.025014027953147888 0.058014001697301865 -0.02743997611105442
v -0.025014027953147888 0.058014001697301865 -0.02743997611105442
v -0.028569022193551064 0.059130001813173294 -0.021573971956968307
v -0.024118026718497276 0.059130001813173294 -0.02645697630941868
v -0.025014027953147888 0.058014001697301865 -0.02743997611105442
v -0.024118026718497276 0.059130001813173294 -0.02645697630941868
v -0.019547032192349434 0.058014001697301865 -0.0315689817070961
v -0.019547032192349434 0.058014001697301865 -0.0315689817070961
v -0.024118026718497276 0.059130001813173294 -0.02645697630941868
v -0.01884602941572666 0.059130001813173294 -0.030437981709837914
v -0.019547032192349434 0.058014001697301865 -0.0315689817070961
v -0.01884602941572666 0.059130001813173294 -0.030437981709837914
v -0.01341303437948227 0.058014001697301865 -0.03462298586964607
v -0.01341303437948227 0.058014001697301865 -0.03462298586964607
v -0.01884602941572666 0.059130001813173294 -0.030437981709837914
v -0.012932033278048038 0.059130001813173294 -0.03338298946619034
v -0.01341303437948227 0.058014001697301865 -0.03462298586964607
v -0.012932033278048038 0.059130001813173294 -0.03338298946619034
v -0.006823036354035139 0.058014001697301865 -0.036497991532087326
v -0.006823036354035139 0.058014001697301865 -0.036497991532087326
v -0.012932033278048038 0.059130001813173294 -0.03338298946619034
v -0.006578035186976194 0.059130001813173294 -0.03518999367952347
v 3.6238997580539944e-8 0.058844998478889465 0.03623899817466736
v 3.484499799810692e-8 0.05955500155687332 0.03484499827027321
v -0.006577964406460524 0.059130001813173294 0.03519000858068466
v -0.006577964406460524 0.059130001813173294 0.03519000858068466
v 3.484499799810692e-8 0.05955500155687332 0.03484499827027321
v -0.006277966313064098 0.059723999351263046 0.03358600661158562
v -0.006577964406460524 0.059130001813173294 0.03519000858068466
v -0.006277966313064098 0.059723999351263046 0.03358600661158562
v -0.012931966222822666 0.059130001813173294 0.03338301181793213
v -0.012931966222822666 0.059130001813173294 0.03338301181793213
v -0.006277966313064098 0.059723999351263046 0.03358600661158562
v -0.01234296802431345 0.059723999351263046 0.03186101093888283
v -0.012931966222822666 0.059130001813173294 0.03338301181793213
v -0.01234296802431345 0.059723999351263046 0.03186101093888283
v -0.018845969811081886 0.059130001813173294 0.030438018962740898
v -0.018845969811081886 0.059130001813173294 0.030438018962740898
v -0.01234296802431345 0.059723999351263046 0.03186101093888283
v -0.017986970022320747 0.059723999351263046 0.02905001863837242
v -0.018845969811081886 0.059130001813173294 0.030438018962740898
v -0.017986970022320747 0.059723999351263046 0.02905001863837242
v -0.024117974564433098 0.059130001813173294 0.02645702473819256
v -0.024117974564433098 0.059130001813173294 0.02645702473819256
v -0.017986970022320747 0.059723999351263046 0.02905001863837242
v -0.0230189748108387 0.059723999351263046 0.02525102160871029
v -0.024117974564433098 0.059130001813173294 0.02645702473819256
v -0.0230189748108387 0.059723999351263046 0.02525102160871029
v -0.028568977490067482 0.059130001813173294 0.021574027836322784
v -0.028568977490067482 0.059130001813173294 0.021574027836322784
v -0.0230189748108387 0.059723999351263046 0.02525102160871029
v -0.027266979217529297 0.059723999351263046 0.020591028034687042
v -0.028568977490067482 0.059130001813173294 0.021574027836322784
v -0.027266979217529297 0.059723999351263046 0.020591028034687042
v -0.03204698488116264 0.059130001813173294 0.015957031399011612
v -0.03204698488116264 0.059130001813173294 0.015957031399011612
v -0.027266979217529297 0.059723999351263046 0.020591028034687042
v -0.030585985630750656 0.059723999351263046 0.015230030752718449
v -0.03204698488116264 0.059130001813173294 0.015957031399011612
v -0.030585985630750656 0.059723999351263046 0.015230030752718449
v -0.03443298861384392 0.059130001813173294 0.009797034785151482
v -0.03443298861384392 0.059130001813173294 0.009797034785151482
v -0.030585985630750656 0.059723999351263046 0.015230030752718449
v -0.03286398947238922 0.059723999351263046 0.0093510327860713
v -0.03443298861384392 0.059130001813173294 0.009797034785151482
v -0.03286398947238922 0.059723999351263046 0.0093510327860713
v -0.03564699739217758 0.059130001813173294 0.0033030356280505657
v -0.03564699739217758 0.059130001813173294 0.0033030356280505657
v -0.03286398947238922 0.059723999351263046 0.0093510327860713
v -0.03402199596166611 0.059723999351263046 0.003153034020215273
v -0.03564699739217758 0.059130001813173294 0.0033030356280505657
v -0.03402199596166611 0.059723999351263046 0.003153034020215273
v -0.03564700484275818 0.059130001813173294 -0.0033029643818736076
v -0.03564700484275818 0.059130001813173294 -0.0033029643818736076
v -0.03402199596166611 0.059723999351263046 0.003153034020215273
v -0.034022003412246704 0.059723999351263046 -0.003152966033667326
v -0.03564700484275818 0.059130001813173294 -0.0033029643818736076
v -0.034022003412246704 0.059723999351263046 -0.003152966033667326
v -0.03443301096558571 0.059130001813173294 -0.00979696586728096
v -0.03443301096558571 0.059130001813173294 -0.00979696586728096
v -0.034022003412246704 0.059723999351263046 -0.003152966033667326
v -0.03286401182413101 0.059723999351263046 -0.009350967593491077
v -0.03443301096558571 0.059130001813173294 -0.00979696586728096
v -0.03286401182413101 0.059723999351263046 -0.009350967593491077
v -0.03204701468348503 0.059130001813173294 -0.015956968069076538
v -0.03204701468348503 0.059130001813173294 -0.015956968069076538
v -0.03286401182413101 0.059723999351263046 -0.009350967593491077
v -0.030586015433073044 0.059723999351263046 -0.015229969285428524
v -0.03204701468348503 0.059130001813173294 -0.015956968069076538
v -0.030586015433073044 0.059723999351263046 -0.015229969285428524
v -0.028569022193551064 0.059130001813173294 -0.021573971956968307
v -0.028569022193551064 0.059130001813173294 -0.021573971956968307
v -0.030586015433073044 0.059723999351263046 -0.015229969285428524
v -0.02726702019572258 0.059723999351263046 -0.020590972155332565
v -0.028569022193551064 0.059130001813173294 -0.021573971956968307
v -0.02726702019572258 0.059723999351263046 -0.020590972155332565
v -0.024118026718497276 0.059130001813173294 -0.02645697630941868
v -0.024118026718497276 0.059130001813173294 -0.02645697630941868
v -0.02726702019572258 0.059723999351263046 -0.020590972155332565
v -0.023019026964902878 0.059723999351263046 -0.025250976905226707
v -0.024118026718497276 0.059130001813173294 -0.02645697630941868
v -0.023019026964902878 0.059723999351263046 -0.025250976905226707
v -0.01884602941572666 0.059130001813173294 -0.030437981709837914
v -0.01884602941572666 0.059130001813173294 -0.030437981709837914
v -0.023019026964902878 0.059723999351263046 -0.025250976905226707
v -0.017987029626965523 0.059723999351263046 -0.029049981385469437
v -0.01884602941572666 0.059130001813173294 -0.030437981709837914
v -0.017987029626965523 0.059723999351263046 -0.029049981385469437
v -0.012932033278048038 0.059130001813173294 -0.03338298946619034
v -0.012932033278048038 0.059130001813173294 -0.03338298946619034
v -0.017987029626965523 0.059723999351263046 -0.029049981385469437
v -0.012343031354248524 0.059723999351263046 -0.03186098858714104
v -0.012932033278048038 0.059130001813173294 -0.03338298946619034
v -0.012343031354248524 0.059723999351263046 -0.03186098858714104
v -0.006578035186976194 0.059130001813173294 -0.03518999367952347
v -0.006578035186976194 0.059130001813173294 -0.03518999367952347
v -0.012343031354248524 0.059723999351263046 -0.03186098858714104
v -0.006278033368289471 0.059723999351263046 -0.03358599171042442
v -3.830000139259937e-8 0.04418100044131279 -0.03830000013113022
v -0.006651037838310003 0.0440250001847744 -0.037717994302511215
v -3.830000139259937e-8 0.05480000004172325 -0.03830000013113022
v -3.830000139259937e-8 0.05480000004172325 -0.03830000013113022
v -0.006651037838310003 0.0440250001847744 -0.037717994302511215
v -0.00703803775832057 0.05480000004172325 -0.03764799237251282
v -0.00703803775832057 0.05480000004172325 -0.03764799237251282
v -0.006651037838310003 0.0440250001847744 -0.037717994302511215
v -0.013099036179482937 0.04356199875473976 -0.03598998486995697
v -0.00703803775832057 0.05480000004172325 -0.03764799237251282
v -0.013099036179482937 0.04356199875473976 -0.03598998486995697
v -0.013836035504937172 0.05480000004172325 -0.035713985562324524
v -0.013836035504937172 0.05480000004172325 -0.035713985562324524
v -0.013099036179482937 0.04356199875473976 -0.03598998486995697
v -0.019150033593177795 0.042805999517440796 -0.0331689827144146
v -0.013836035504937172 0.05480000004172325 -0.035713985562324524
v -0.019150033593177795 0.042805999517440796 -0.0331689827144146
v -0.020162031054496765 0.05480000004172325 -0.0325629822909832
v -0.020162031054496765 0.05480000004172325 -0.0325629822909832
v -0.019150033593177795 0.042805999517440796 -0.0331689827144146
v -0.024619029834866524 0.04177999868988991 -0.029339976608753204
v -0.020162031054496765 0.05480000004172325 -0.0325629822909832
v -0.024619029834866524 0.04177999868988991 -0.029339976608753204
v -0.02580302767455578 0.05480000004172325 -0.028303973376750946
v -0.02580302767455578 0.05480000004172325 -0.028303973376750946
v -0.024619029834866524 0.04177999868988991 -0.029339976608753204
v -0.029339024797081947 0.0405149981379509 -0.02461897023022175
v -0.02580302767455578 0.05480000004172325 -0.028303973376750946
v -0.029339024797081947 0.0405149981379509 -0.02461897023022175
v -0.030564023181796074 0.05480000004172325 -0.023080971091985703
v -0.030564023181796074 0.05480000004172325 -0.023080971091985703
v -0.029339024797081947 0.0405149981379509 -0.02461897023022175
v -0.03316901996731758 0.039048999547958374 -0.019149966537952423
v -0.030564023181796074 0.05480000004172325 -0.023080971091985703
v -0.03316901996731758 0.039048999547958374 -0.019149966537952423
v -0.03428502008318901 0.05480000004172325 -0.01707196608185768
v -0.03428502008318901 0.05480000004172325 -0.01707196608185768
v -0.03316901996731758 0.039048999547958374 -0.019149966537952423
v -0.03599001467227936 0.03742799907922745 -0.013098963536322117
v -0.03428502008318901 0.05480000004172325 -0.01707196608185768
v -0.03599001467227936 0.03742799907922745 -0.013098963536322117
v -0.03683800995349884 0.05480000004172325 -0.010480962693691254
v -0.03683800995349884 0.05480000004172325 -0.010480962693691254
v -0.03599001467227936 0.03742799907922745 -0.013098963536322117
v -0.03771800920367241 0.0357000008225441 -0.006650962401181459
v -0.03683800995349884 0.05480000004172325 -0.010480962693691254
v -0.03771800920367241 0.0357000008225441 -0.006650962401181459
v -0.038137003779411316 0.05480000004172325 -0.0035339617170393467
v -0.038137003779411316 0.05480000004172325 -0.0035339617170393467
v -0.03771800920367241 0.0357000008225441 -0.006650962401181459
v -0.03830000013113022 0.033918000757694244 3.830000139259937e-8
v -0.038137003779411316 0.05480000004172325 -0.0035339617170393467
v -0.03830000013113022 0.033918000757694244 3.830000139259937e-8
v -0.03813699632883072 0.05480000004172325 0.003534038085490465
v -0.03813699632883072 0.05480000004172325 0.003534038085490465
v -0.03830000013113022 0.033918000757694244 3.830000139259937e-8
v -0.037717994302511215 0.03213600069284439 0.006651037838310003
v -0.03813699632883072 0.05480000004172325 0.003534038085490465
v -0.037717994302511215 0.03213600069284439 0.006651037838310003
v -0.03683798760175705 0.05480000004172325 0.010481037199497223
v -0.03683798760175705 0.05480000004172325 0.010481037199497223
v -0.037717994302511215 0.03213600069284439 0.006651037838310003
v -0.03598998486995697 0.030408000573515892 0.013099036179482937
v -0.03683798760175705 0.05480000004172325 0.010481037199497223
v -0.03598998486995697 0.030408000573515892 0.013099036179482937
v -0.034284982830286026 0.05480000004172325 0.017072033137083054
v -0.034284982830286026 0.05480000004172325 0.017072033137083054
v -0.03598998486995697 0.030408000573515892 0.013099036179482937
v -0.0331689827144146 0.028787000104784966 0.019150033593177795
v -0.034284982830286026 0.05480000004172325 0.017072033137083054
v -0.0331689827144146 0.028787000104784966 0.019150033593177795
v -0.030563978478312492 0.05480000004172325 0.023081030696630478
v -0.030563978478312492 0.05480000004172325 0.023081030696630478
v -0.0331689827144146 0.028787000104784966 0.019150033593177795
v -0.029338976368308067 0.02732199989259243 0.024619029834866524
v -0.030563978478312492 0.05480000004172325 0.023081030696630478
v -0.029338976368308067 0.02732199989259243 0.024619029834866524
v -0.0258029717952013 0.05480000004172325 0.028304025530815125
v -0.0258029717952013 0.05480000004172325 0.028304025530815125
v -0.029338976368308067 0.02732199989259243 0.024619029834866524
v -0.02461897023022175 0.02605699934065342 0.029340025037527084
v -0.0258029717952013 0.05480000004172325 0.028304025530815125
v -0.02461897023022175 0.02605699934065342 0.029340025037527084
v -0.02016196772456169 0.05480000004172325 0.032563019543886185
v -0.02016196772456169 0.05480000004172325 0.032563019543886185
v -0.02461897023022175 0.02605699934065342 0.029340025037527084
v -0.019149966537952423 0.02503100037574768 0.03316901996731758
v -0.02016196772456169 0.05480000004172325 0.032563019543886185
v -0.019149966537952423 0.02503100037574768 0.03316901996731758
v -0.013835964724421501 0.05480000004172325 0.03571401536464691
v -0.013835964724421501 0.05480000004172325 0.03571401536464691
v -0.019149966537952423 0.02503100037574768 0.03316901996731758
v -0.013098963536322117 0.024274999275803566 0.03599001467227936
v -0.013835964724421501 0.05480000004172325 0.03571401536464691
v -0.013098963536322117 0.024274999275803566 0.03599001467227936
v -0.007037962321192026 0.05480000004172325 0.03764800727367401
v -0.007037962321192026 0.05480000004172325 0.03764800727367401
v -0.013098963536322117 0.024274999275803566 0.03599001467227936
v -0.006650962401181459 0.023811999708414078 0.03771800920367241
v -0.007037962321192026 0.05480000004172325 0.03764800727367401
v -0.006650962401181459 0.023811999708414078 0.03771800920367241
v 3.830000139259937e-8 0.05480000004172325 0.03830000013113022
v 3.830000139259937e-8 0.05480000004172325 0.03830000013113022
v -0.006650962401181459 0.023811999708414078 0.03771800920367241
v 3.830000139259937e-8 0.023655999451875687 0.03830000013113022
v 3.550000116092633e-8 -0.05429999902844429 0.03550000116229057
v -0.0065229651518166065 -0.05429999902844429 0.03489600867033005
v 3.550000116092633e-8 -0.060499999672174454 0.03550000116229057
v 3.550000116092633e-8 -0.060499999672174454 0.03550000116229057
v -0.0065229651518166065 -0.05429999902844429 0.03489600867033005
v -0.0065229651518166065 -0.060499999672174454 0.03489600867033005
v -0.0065229651518166065 -0.060499999672174454 0.03489600867033005
v -0.0065229651518166065 -0.05429999902844429 0.03489600867033005
v -0.012823966331779957 -0.05429999902844429 0.033103011548519135
v -0.0065229651518166065 -0.060499999672174454 0.03489600867033005
v -0.012823966331779957 -0.05429999902844429 0.033103011548519135
v -0.012823966331779957 -0.060499999672174454 0.033103011548519135
v -0.012823966331779957 -0.060499999672174454 0.033103011548519135
v -0.012823966331779957 -0.05429999902844429 0.033103011548519135
v -0.01868797093629837 -0.05429999902844429 0.03018301911652088
v -0.012823966331779957 -0.060499999672174454 0.033103011548519135
v -0.01868797093629837 -0.05429999902844429 0.03018301911652088
v -0.01868797093629837 -0.060499999672174454 0.03018301911652088
v -0.01868797093629837 -0.060499999672174454 0.03018301911652088
v -0.01868797093629837 -0.05429999902844429 0.03018301911652088
v -0.0239159744232893 -0.05429999902844429 0.026235023513436317
v -0.01868797093629837 -0.060499999672174454 0.03018301911652088
v -0.0239159744232893 -0.05429999902844429 0.026235023513436317
v -0.0239159744232893 -0.060499999672174454 0.026235023513436317
v -0.0239159744232893 -0.060499999672174454 0.026235023513436317
v -0.0239159744232893 -0.05429999902844429 0.026235023513436317
v -0.02832997962832451 -0.05429999902844429 0.021394027397036552
v -0.0239159744232893 -0.060499999672174454 0.026235023513436317
v -0.02832997962832451 -0.05429999902844429 0.021394027397036552
v -0.02832997962832451 -0.060499999672174454 0.021394027397036552
v -0.02832997962832451 -0.060499999672174454 0.021394027397036552
v -0.02832997962832451 -0.05429999902844429 0.021394027397036552
v -0.03177798539400101 -0.05429999902844429 0.015824031084775925
v -0.02832997962832451 -0.060499999672174454 0.021394027397036552
v -0.03177798539400101 -0.05429999902844429 0.015824031084775925
v -0.03177798539400101 -0.060499999672174454 0.015824031084775925
v -0.03177798539400101 -0.060499999672174454 0.015824031084775925
v -0.03177798539400101 -0.05429999902844429 0.015824031084775925
v -0.034144990146160126 -0.05429999902844429 0.009715034626424313
v -0.03177798539400101 -0.060499999672174454 0.015824031084775925
v -0.034144990146160126 -0.05429999902844429 0.009715034626424313
v -0.034144990146160126 -0.060499999672174454 0.009715034626424313
v -0.034144990146160126 -0.060499999672174454 0.009715034626424313
v -0.034144990146160126 -0.05429999902844429 0.009715034626424313
v -0.03534899652004242 -0.05429999902844429 0.0032760354224592447
v -0.034144990146160126 -0.060499999672174454 0.009715034626424313
v -0.03534899652004242 -0.05429999902844429 0.0032760354224592447
v -0.03534899652004242 -0.060499999672174454 0.0032760354224592447
v -0.03534899652004242 -0.060499999672174454 0.0032760354224592447
v -0.03534899652004242 -0.05429999902844429 0.0032760354224592447
v -0.035349003970623016 -0.05429999902844429 -0.003275964641943574
v -0.03534899652004242 -0.060499999672174454 0.0032760354224592447
v -0.035349003970623016 -0.05429999902844429 -0.003275964641943574
v -0.035349003970623016 -0.060499999672174454 -0.003275964641943574
v -0.035349003970623016 -0.060499999672174454 -0.003275964641943574
v -0.035349003970623016 -0.05429999902844429 -0.003275964641943574
v -0.034145012497901917 -0.05429999902844429 -0.009714965708553791
v -0.035349003970623016 -0.060499999672174454 -0.003275964641943574
v -0.034145012497901917 -0.05429999902844429 -0.009714965708553791
v -0.034145012497901917 -0.060499999672174454 -0.009714965708553791
v -0.034145012497901917 -0.060499999672174454 -0.009714965708553791
v -0.034145012497901917 -0.05429999902844429 -0.009714965708553791
v -0.031778015196323395 -0.05429999902844429 -0.01582396775484085
v -0.034145012497901917 -0.060499999672174454 -0.009714965708553791
v -0.031778015196323395 -0.05429999902844429 -0.01582396775484085
v -0.031778015196323395 -0.060499999672174454 -0.01582396775484085
v -0.031778015196323395 -0.060499999672174454 -0.01582396775484085
v -0.031778015196323395 -0.05429999902844429 -0.01582396775484085
v -0.028330020606517792 -0.05429999902844429 -0.021393971517682076
v -0.031778015196323395 -0.060499999672174454 -0.01582396775484085
v -0.028330020606517792 -0.05429999902844429 -0.021393971517682076
v -0.028330020606517792 -0.060499999672174454 -0.021393971517682076
v -0.028330020606517792 -0.060499999672174454 -0.021393971517682076
v -0.028330020606517792 -0.05429999902844429 -0.021393971517682076
v -0.023916026577353477 -0.05429999902844429 -0.026234975084662437
v -0.028330020606517792 -0.060499999672174454 -0.021393971517682076
v -0.023916026577353477 -0.05429999902844429 -0.026234975084662437
v -0.023916026577353477 -0.060499999672174454 -0.026234975084662437
v -0.023916026577353477 -0.060499999672174454 -0.026234975084662437
v -0.023916026577353477 -0.05429999902844429 -0.026234975084662437
v -0.018688030540943146 -0.05429999902844429 -0.030182981863617897
v -0.023916026577353477 -0.060499999672174454 -0.026234975084662437
v -0.018688030540943146 -0.05429999902844429 -0.030182981863617897
v -0.018688030540943146 -0.060499999672174454 -0.030182981863617897
v -0.018688030540943146 -0.060499999672174454 -0.030182981863617897
v -0.018688030540943146 -0.05429999902844429 -0.030182981863617897
v -0.012824033387005329 -0.05429999902844429 -0.033102989196777344
v -0.018688030540943146 -0.060499999672174454 -0.030182981863617897
v -0.012824033387005329 -0.05429999902844429 -0.033102989196777344
v -0.012824033387005329 -0.060499999672174454 -0.033102989196777344
v -0.012824033387005329 -0.060499999672174454 -0.033102989196777344
v -0.012824033387005329 -0.05429999902844429 -0.033102989196777344
v -0.006523035001009703 -0.05429999902844429 -0.034895993769168854
v -0.012824033387005329 -0.060499999672174454 -0.033102989196777344
v -0.006523035001009703 -0.05429999902844429 -0.034895993769168854
v -0.006523035001009703 -0.060499999672174454 -0.034895993769168854
v -0.006523035001009703 -0.060499999672174454 -0.034895993769168854
v -0.006523035001009703 -0.05429999902844429 -0.034895993769168854
v -3.550000116092633e-8 -0.060499999672174454 -0.03550000116229057
v -3.550000116092633e-8 -0.060499999672174454 -0.03550000116229057
v -0.006523035001009703 -0.05429999902844429 -0.034895993769168854
v -3.550000116092633e-8 -0.05429999902844429 -0.03550000116229057
v 3.830000139259937e-8 -0.05429999902844429 0.03830000013113022
v 3.830000139259937e-8 -0.049300000071525574 0.03830000013113022
v -0.007037962321192026 -0.05429999902844429 0.03764800727367401
v -0.007037962321192026 -0.05429999902844429 0.03764800727367401
v 3.830000139259937e-8 -0.049300000071525574 0.03830000013113022
v -0.007037962321192026 -0.049300000071525574 0.03764800727367401
v -0.007037962321192026 -0.05429999902844429 0.03764800727367401
v -0.007037962321192026 -0.049300000071525574 0.03764800727367401
v -0.013835964724421501 -0.05429999902844429 0.03571401536464691
v -0.013835964724421501 -0.05429999902844429 0.03571401536464691
v -0.007037962321192026 -0.049300000071525574 0.03764800727367401
v -0.013835964724421501 -0.049300000071525574 0.03571401536464691
v -0.013835964724421501 -0.05429999902844429 0.03571401536464691
v -0.013835964724421501 -0.049300000071525574 0.03571401536464691
v -0.02016196772456169 -0.05429999902844429 0.032563019543886185
v -0.02016196772456169 -0.05429999902844429 0.032563019543886185
v -0.013835964724421501 -0.049300000071525574 0.03571401536464691
v -0.02016196772456169 -0.049300000071525574 0.032563019543886185
v -0.02016196772456169 -0.05429999902844429 0.032563019543886185
v -0.02016196772456169 -0.049300000071525574 0.032563019543886185
v -0.0258029717952013 -0.05429999902844429 0.028304025530815125
v -0.0258029717952013 -0.05429999902844429 0.028304025530815125
v -0.02016196772456169 -0.049300000071525574 0.032563019543886185
v -0.0258029717952013 -0.049300000071525574 0.028304025530815125
v -0.0258029717952013 -0.05429999902844429 0.028304025530815125
v -0.0258029717952013 -0.049300000071525574 0.028304025530815125
v -0.030563978478312492 -0.05429999902844429 0.023081030696630478
v -0.030563978478312492 -0.05429999902844429 0.023081030696630478
v -0.0258029717952013 -0.049300000071525574 0.028304025530815125
v -0.030563978478312492 -0.049300000071525574 0.023081030696630478
v -0.030563978478312492 -0.05429999902844429 0.023081030696630478
v -0.030563978478312492 -0.049300000071525574 0.023081030696630478
v -0.034284982830286026 -0.05429999902844429 0.017072033137083054
v -0.034284982830286026 -0.05429999902844429 0.017072033137083054
v -0.030563978478312492 -0.049300000071525574 0.023081030696630478
v -0.034284982830286026 -0.049300000071525574 0.017072033137083054
v -0.034284982830286026 -0.05429999902844429 0.017072033137083054
v -0.034284982830286026 -0.049300000071525574 0.017072033137083054
v -0.03683798760175705 -0.05429999902844429 0.010481037199497223
v -0.03683798760175705 -0.05429999902844429 0.010481037199497223
v -0.034284982830286026 -0.049300000071525574 0.017072033137083054
v -0.03683798760175705 -0.049300000071525574 0.010481037199497223
v -0.03683798760175705 -0.05429999902844429 0.010481037199497223
v -0.03683798760175705 -0.049300000071525574 0.010481037199497223
v -0.03813699632883072 -0.05429999902844429 0.003534038085490465
v -0.03813699632883072 -0.05429999902844429 0.003534038085490465
v -0.03683798760175705 -0.049300000071525574 0.010481037199497223
v -0.03813699632883072 -0.049300000071525574 0.003534038085490465
v -0.03813699632883072 -0.05429999902844429 0.003534038085490465
v -0.03813699632883072 -0.049300000071525574 0.003534038085490465
v -0.038137003779411316 -0.05429999902844429 -0.0035339617170393467
v -0.038137003779411316 -0.05429999902844429 -0.0035339617170393467
v -0.03813699632883072 -0.049300000071525574 0.003534038085490465
v -0.038137003779411316 -0.049300000071525574 -0.0035339617170393467
v -0.038137003779411316 -0.05429999902844429 -0.0035339617170393467
v -0.038137003779411316 -0.049300000071525574 -0.0035339617170393467
v -0.03683800995349884 -0.05429999902844429 -0.010480962693691254
v -0.03683800995349884 -0.05429999902844429 -0.010480962693691254
v -0.038137003779411316 -0.049300000071525574 -0.0035339617170393467
v -0.03683800995349884 -0.049300000071525574 -0.010480962693691254
v -0.03683800995349884 -0.05429999902844429 -0.010480962693691254
v -0.03683800995349884 -0.049300000071525574 -0.010480962693691254
v -0.03428502008318901 -0.05429999902844429 -0.01707196608185768
v -0.03428502008318901 -0.05429999902844429 -0.01707196608185768
v -0.03683800995349884 -0.049300000071525574 -0.010480962693691254
v -0.03428502008318901 -0.049300000071525574 -0.01707196608185768
v -0.03428502008318901 -0.05429999902844429 -0.01707196608185768
v -0.03428502008318901 -0.049300000071525574 -0.01707196608185768
v -0.030564023181796074 -0.05429999902844429 -0.023080971091985703
v -0.030564023181796074 -0.05429999902844429 -0.023080971091985703
v -0.03428502008318901 -0.049300000071525574 -0.01707196608185768
v -0.030564023181796074 -0.049300000071525574 -0.023080971091985703
v -0.030564023181796074 -0.05429999902844429 -0.023080971091985703
v -0.030564023181796074 -0.049300000071525574 -0.023080971091985703
v -0.02580302767455578 -0.05429999902844429 -0.028303973376750946
v -0.02580302767455578 -0.05429999902844429 -0.028303973376750946
v -0.030564023181796074 -0.049300000071525574 -0.023080971091985703
v -0.02580302767455578 -0.049300000071525574 -0.028303973376750946
v -0.02580302767455578 -0.05429999902844429 -0.028303973376750946
v -0.02580302767455578 -0.049300000071525574 -0.028303973376750946
v -0.020162031054496765 -0.05429999902844429 -0.0325629822909832
v -0.020162031054496765 -0.05429999902844429 -0.0325629822909832
v -0.02580302767455578 -0.049300000071525574 -0.028303973376750946
v -0.020162031054496765 -0.049300000071525574 -0.0325629822909832
v -0.020162031054496765 -0.05429999902844429 -0.0325629822909832
v -0.020162031054496765 -0.049300000071525574 -0.0325629822909832
v -0.013836035504937172 -0.05429999902844429 -0.035713985562324524
v -0.013836035504937172 -0.05429999902844429 -0.035713985562324524
v -0.020162031054496765 -0.049300000071525574 -0.0325629822909832
v -0.013836035504937172 -0.049300000071525574 -0.035713985562324524
v -0.013836035504937172 -0.05429999902844429 -0.035713985562324524
v -0.013836035504937172 -0.049300000071525574 -0.035713985562324524
v -0.00703803775832057 -0.05429999902844429 -0.03764799237251282
v -0.00703803775832057 -0.05429999902844429 -0.03764799237251282
v -0.013836035504937172 -0.049300000071525574 -0.035713985562324524
v -0.00703803775832057 -0.049300000071525574 -0.03764799237251282
v -0.00703803775832057 -0.05429999902844429 -0.03764799237251282
v -0.00703803775832057 -0.049300000071525574 -0.03764799237251282
v -3.830000139259937e-8 -0.05429999902844429 -0.03830000013113022
v -3.830000139259937e-8 -0.05429999902844429 -0.03830000013113022
v -0.00703803775832057 -0.049300000071525574 -0.03764799237251282
v -3.830000139259937e-8 -0.049300000071525574 -0.03830000013113022
v -3.830000139259937e-8 -0.05429999902844429 -0.03830000013113022
v -3.830000139259937e-8 -0.049300000071525574 -0.03830000013113022
v 0.007037962321192026 -0.05429999902844429 -0.03764800727367401
v 0.007037962321192026 -0.05429999902844429 -0.03764800727367401
v -3.830000139259937e-8 -0.049300000071525574 -0.03830000013113022
v 0.007037962321192026 -0.049300000071525574 -0.03764800727367401
v 0.007037962321192026 -0.05429999902844429 -0.03764800727367401
v 0.007037962321192026 -0.049300000071525574 -0.03764800727367401
v 0.013835964724421501 -0.05429999902844429 -0.03571401536464691
v 0.013835964724421501 -0.05429999902844429 -0.03571401536464691
v 0.007037962321192026 -0.049300000071525574 -0.03764800727367401
v 0.013835964724421501 -0.049300000071525574 -0.03571401536464691
v 0.013835964724421501 -0.05429999902844429 -0.03571401536464691
v 0.013835964724421501 -0.049300000071525574 -0.03571401536464691
v 0.02016196772456169 -0.05429999902844429 -0.032563019543886185
v 0.02016196772456169 -0.05429999902844429 -0.032563019543886185
v 0.013835964724421501 -0.049300000071525574 -0.03571401536464691
v 0.02016196772456169 -0.049300000071525574 -0.032563019543886185
v 0.02016196772456169 -0.05429999902844429 -0.032563019543886185
v 0.02016196772456169 -0.049300000071525574 -0.032563019543886185
v 0.0258029717952013 -0.05429999902844429 -0.028304025530815125
v 0.0258029717952013 -0.05429999902844429 -0.028304025530815125
v 0.02016196772456169 -0.049300000071525574 -0.032563019543886185
v 0.0258029717952013 -0.049300000071525574 -0.028304025530815125
v 0.0258029717952013 -0.05429999902844429 -0.028304025530815125
v 0.0258029717952013 -0.049300000071525574 -0.028304025530815125
v 0.030563978478312492 -0.05429999902844429 -0.023081030696630478
v 0.030563978478312492 -0.05429999902844429 -0.023081030696630478
v 0.0258029717952013 -0.049300000071525574 -0.028304025530815125
v 0.030563978478312492 -0.049300000071525574 -0.023081030696630478
v 0.030563978478312492 -0.05429999902844429 -0.023081030696630478
v 0.030563978478312492 -0.049300000071525574 -0.023081030696630478
v 0.034284982830286026 -0.05429999902844429 -0.017072033137083054
v 0.034284982830286026 -0.05429999902844429 -0.017072033137083054
v 0.030563978478312492 -0.049300000071525574 -0.023081030696630478
v 0.034284982830286026 -0.049300000071525574 -0.017072033137083054
v 0.034284982830286026 -0.05429999902844429 -0.017072033137083054
v 0.034284982830286026 -0.049300000071525574 -0.017072033137083054
v 0.03683798760175705 -0.05429999902844429 -0.010481037199497223
v 0.03683798760175705 -0.05429999902844429 -0.010481037199497223
v 0.034284982830286026 -0.049300000071525574 -0.017072033137083054
v 0.03683798760175705 -0.049300000071525574 -0.010481037199497223
v 0.03683798760175705 -0.05429999902844429 -0.010481037199497223
v 0.03683798760175705 -0.049300000071525574 -0.010481037199497223
v 0.03813699632883072 -0.05429999902844429 -0.003534038085490465
v 0.03813699632883072 -0.05429999902844429 -0.003534038085490465
v 0.03683798760175705 -0.049300000071525574 -0.010481037199497223
v 0.03813699632883072 -0.049300000071525574 -0.003534038085490465
v 0.03813699632883072 -0.05429999902844429 -0.003534038085490465
v 0.03813699632883072 -0.049300000071525574 -0.003534038085490465
v 0.038137003779411316 -0.05429999902844429 0.0035339617170393467
v 0.038137003779411316 -0.05429999902844429 0.0035339617170393467
v 0.03813699632883072 -0.049300000071525574 -0.003534038085490465
v 0.038137003779411316 -0.049300000071525574 0.0035339617170393467
v 0.038137003779411316 -0.05429999902844429 0.0035339617170393467
v 0.038137003779411316 -0.049300000071525574 0.0035339617170393467
v 0.03683800995349884 -0.05429999902844429 0.010480962693691254
v 0.03683800995349884 -0.05429999902844429 0.010480962693691254
v 0.038137003779411316 -0.049300000071525574 0.0035339617170393467
v 0.03683800995349884 -0.049300000071525574 0.010480962693691254
v 0.03683800995349884 -0.05429999902844429 0.010480962693691254
v 0.03683800995349884 -0.049300000071525574 0.010480962693691254
v 0.03428502008318901 -0.05429999902844429 0.01707196608185768
v 0.03428502008318901 -0.05429999902844429 0.01707196608185768
v 0.03683800995349884 -0.049300000071525574 0.010480962693691254
v 0.03428502008318901 -0.049300000071525574 0.01707196608185768
v 0.03428502008318901 -0.05429999902844429 0.01707196608185768
v 0.03428502008318901 -0.049300000071525574 0.01707196608185768
v 0.030564023181796074 -0.05429999902844429 0.023080971091985703
v 0.030564023181796074 -0.05429999902844429 0.023080971091985703
v 0.03428502008318901 -0.049300000071525574 0.01707196608185768
v 0.030564023181796074 -0.049300000071525574 0.023080971091985703
v 0.030564023181796074 -0.05429999902844429 0.023080971091985703
v 0.030564023181796074 -0.049300000071525574 0.023080971091985703
v 0.02580302767455578 -0.05429999902844429 0.028303973376750946
v 0.02580302767455578 -0.05429999902844429 0.028303973376750946
v 0.030564023181796074 -0.049300000071525574 0.023080971091985703
v 0.02580302767455578 -0.049300000071525574 0.028303973376750946
v 0.02580302767455578 -0.05429999902844429 0.028303973376750946
v 0.02580302767455578 -0.049300000071525574 0.028303973376750946
v 0.020162031054496765 -0.05429999902844429 0.0325629822909832
v 0.020162031054496765 -0.05429999902844429 0.0325629822909832
v 0.02580302767455578 -0.049300000071525574 0.028303973376750946
v 0.020162031054496765 -0.049300000071525574 0.0325629822909832
v 0.020162031054496765 -0.05429999902844429 0.0325629822909832
v 0.020162031054496765 -0.049300000071525574 0.0325629822909832
v 0.013836035504937172 -0.05429999902844429 0.035713985562324524
v 0.013836035504937172 -0.05429999902844429 0.035713985562324524
v 0.020162031054496765 -0.049300000071525574 0.0325629822909832
v 0.013836035504937172 -0.049300000071525574 0.035713985562324524
v 0.013836035504937172 -0.05429999902844429 0.035713985562324524
v 0.013836035504937172 -0.049300000071525574 0.035713985562324524
v 0.00703803775832057 -0.05429999902844429 0.03764799237251282
v 0.00703803775832057 -0.05429999902844429 0.03764799237251282
v 0.013836035504937172 -0.049300000071525574 0.035713985562324524
v 0.00703803775832057 -0.049300000071525574 0.03764799237251282
v 0.00703803775832057 -0.05429999902844429 0.03764799237251282
v 0.00703803775832057 -0.049300000071525574 0.03764799237251282
v 3.830000139259937e-8 -0.05429999902844429 0.03830000013113022
v 3.830000139259937e-8 -0.05429999902844429 0.03830000013113022
v 0.00703803775832057 -0.049300000071525574 0.03764799237251282
v 3.830000139259937e-8 -0.049300000071525574 0.03830000013113022
v 3.550000116092633e-8 -0.060499999672174454 0.03550000116229057
v -0.0065229651518166065 -0.060499999672174454 0.03489600867033005
v 0.006523035001009703 -0.060499999672174454 0.034895993769168854
v 0.006523035001009703 -0.060499999672174454 0.034895993769168854
v -0.0065229651518166065 -0.060499999672174454 0.03489600867033005
v 0.012824033387005329 -0.060499999672174454 0.033102989196777344
v 0.012824033387005329 -0.060499999672174454 0.033102989196777344
v -0.0065229651518166065 -0.060499999672174454 0.03489600867033005
v -0.012823966331779957 -0.060499999672174454 0.033103011548519135
v 0.012824033387005329 -0.060499999672174454 0.033102989196777344
v -0.012823966331779957 -0.060499999672174454 0.033103011548519135
v 0.018688030540943146 -0.060499999672174454 0.030182981863617897
v 0.018688030540943146 -0.060499999672174454 0.030182981863617897
v -0.012823966331779957 -0.060499999672174454 0.033103011548519135
v -0.01868797093629837 -0.060499999672174454 0.03018301911652088
v 0.018688030540943146 -0.060499999672174454 0.030182981863617897
v -0.01868797093629837 -0.060499999672174454 0.03018301911652088
v 0.023916026577353477 -0.060499999672174454 0.026234975084662437
v 0.023916026577353477 -0.060499999672174454 0.026234975084662437
v -0.01868797093629837 -0.060499999672174454 0.03018301911652088
v -0.0239159744232893 -0.060499999672174454 0.026235023513436317
v 0.023916026577353477 -0.060499999672174454 0.026234975084662437
v -0.0239159744232893 -0.060499999672174454 0.026235023513436317
v 0.028330020606517792 -0.060499999672174454 0.021393971517682076
v 0.028330020606517792 -0.060499999672174454 0.021393971517682076
v -0.0239159744232893 -0.060499999672174454 0.026235023513436317
v 0.031778015196323395 -0.060499999672174454 0.01582396775484085
v 0.031778015196323395 -0.060499999672174454 0.01582396775484085
v -0.0239159744232893 -0.060499999672174454 0.026235023513436317
v 0.034145012497901917 -0.060499999672174454 0.009714965708553791
v 0.034145012497901917 -0.060499999672174454 0.009714965708553791
v -0.0239159744232893 -0.060499999672174454 0.026235023513436317
v 0.035349003970623016 -0.060499999672174454 0.003275964641943574
v 0.035349003970623016 -0.060499999672174454 0.003275964641943574
v -0.0239159744232893 -0.060499999672174454 0.026235023513436317
v 0.03534899652004242 -0.060499999672174454 -0.0032760354224592447
v 0.03534899652004242 -0.060499999672174454 -0.0032760354224592447
v -0.0239159744232893 -0.060499999672174454 0.026235023513436317
v 0.034144990146160126 -0.060499999672174454 -0.009715034626424313
v 0.034144990146160126 -0.060499999672174454 -0.009715034626424313
v -0.0239159744232893 -0.060499999672174454 0.026235023513436317
v 0.03177798539400101 -0.060499999672174454 -0.015824031084775925
v 0.03177798539400101 -0.060499999672174454 -0.015824031084775925
v -0.0239159744232893 -0.060499999672174454 0.026235023513436317
v 0.02832997962832451 -0.060499999672174454 -0.021394027397036552
v 0.02832997962832451 -0.060499999672174454 -0.021394027397036552
v -0.0239159744232893 -0.060499999672174454 0.026235023513436317
v 0.0239159744232893 -0.060499999672174454 -0.026235023513436317
v 0.0239159744232893 -0.060499999672174454 -0.026235023513436317
v -0.0239159744232893 -0.060499999672174454 0.026235023513436317
v 0.01868797093629837 -0.060499999672174454 -0.03018301911652088
v 0.01868797093629837 -0.060499999672174454 -0.03018301911652088
v -0.0239159744232893 -0.060499999672174454 0.026235023513436317
v -0.02832997962832451 -0.060499999672174454 0.021394027397036552
v 0.01868797093629837 -0.060499999672174454 -0.03018301911652088
v -0.02832997962832451 -0.060499999672174454 0.021394027397036552
v 0.012823966331779957 -0.060499999672174454 -0.033103011548519135
v 0.012823966331779957 -0.060499999672174454 -0.033103011548519135
v -0.02832997962832451 -0.060499999672174454 0.021394027397036552
v 0.0065229651518166065 -0.060499999672174454 -0.03489600867033005
v 0.0065229651518166065 -0.060499999672174454 -0.03489600867033005
v -0.02832997962832451 -0.060499999672174454 0.021394027397036552
v -3.550000116092633e-8 -0.060499999672174454 -0.03550000116229057
v -3.550000116092633e-8 -0.060499999672174454 -0.03550000116229057
v -0.02832997962832451 -0.060499999672174454 0.021394027397036552
v -0.006523035001009703 -0.060499999672174454 -0.034895993769168854
v -0.006523035001009703 -0.060499999672174454 -0.034895993769168854
v -0.02832997962832451 -0.060499999672174454 0.021394027397036552
v -0.012824033387005329 -0.060499999672174454 -0.033102989196777344
v -0.012824033387005329 -0.060499999672174454 -0.033102989196777344
v -0.02832997962832451 -0.060499999672174454 0.021394027397036552
v -0.018688030540943146 -0.060499999672174454 -0.030182981863617897
v -0.018688030540943146 -0.060499999672174454 -0.030182981863617897
v -0.02832997962832451 -0.060499999672174454 0.021394027397036552
v -0.023916026577353477 -0.060499999672174454 -0.026234975084662437
v -0.023916026577353477 -0.060499999672174454 -0.026234975084662437
v -0.02832997962832451 -0.060499999672174454 0.021394027397036552
v -0.028330020606517792 -0.060499999672174454 -0.021393971517682076
v -0.028330020606517792 -0.060499999672174454 -0.021393971517682076
v -0.02832997962832451 -0.060499999672174454 0.021394027397036552
v -0.03177798539400101 -0.060499999672174454 0.015824031084775925
v -0.028330020606517792 -0.060499999672174454 -0.021393971517682076
v -0.03177798539400101 -0.060499999672174454 0.015824031084775925
v -0.031778015196323395 -0.060499999672174454 -0.01582396775484085
v -0.031778015196323395 -0.060499999672174454 -0.01582396775484085
v -0.03177798539400101 -0.060499999672174454 0.015824031084775925
v -0.034144990146160126 -0.060499999672174454 0.009715034626424313
v -0.031778015196323395 -0.060499999672174454 -0.01582396775484085
v -0.034144990146160126 -0.060499999672174454 0.009715034626424313
v -0.034145012497901917 -0.060499999672174454 -0.009714965708553791
v -0.034145012497901917 -0.060499999672174454 -0.009714965708553791
v -0.034144990146160126 -0.060499999672174454 0.009715034626424313
v -0.03534899652004242 -0.060499999672174454 0.0032760354224592447
v -0.034145012497901917 -0.060499999672174454 -0.009714965708553791
v -0.03534899652004242 -0.060499999672174454 0.0032760354224592447
v -0.035349003970623016 -0.060499999672174454 -0.003275964641943574
v -3.550000116092633e-8 -0.060499999672174454 -0.03550000116229057
v -3.550000116092633e-8 -0.05429999902844429 -0.03550000116229057
v 0.0065229651518166065 -0.060499999672174454 -0.03489600867033005
v 0.0065229651518166065 -0.060499999672174454 -0.03489600867033005
v -3.550000116092633e-8 -0.05429999902844429 -0.03550000116229057
v 0.0065229651518166065 -0.05429999902844429 -0.03489600867033005
v 0.0065229651518166065 -0.060499999672174454 -0.03489600867033005
v 0.0065229651518166065 -0.05429999902844429 -0.03489600867033005
v 0.012823966331779957 -0.05429999902844429 -0.033103011548519135
v 0.0065229651518166065 -0.060499999672174454 -0.03489600867033005
v 0.012823966331779957 -0.05429999902844429 -0.033103011548519135
v 0.012823966331779957 -0.060499999672174454 -0.033103011548519135
v 0.012823966331779957 -0.060499999672174454 -0.033103011548519135
v 0.012823966331779957 -0.05429999902844429 -0.033103011548519135
v 0.01868797093629837 -0.05429999902844429 -0.03018301911652088
v 0.012823966331779957 -0.060499999672174454 -0.033103011548519135
v 0.01868797093629837 -0.05429999902844429 -0.03018301911652088
v 0.01868797093629837 -0.060499999672174454 -0.03018301911652088
v 0.01868797093629837 -0.060499999672174454 -0.03018301911652088
v 0.01868797093629837 -0.05429999902844429 -0.03018301911652088
v 0.0239159744232893 -0.05429999902844429 -0.026235023513436317
v 0.01868797093629837 -0.060499999672174454 -0.03018301911652088
v 0.0239159744232893 -0.05429999902844429 -0.026235023513436317
v 0.0239159744232893 -0.060499999672174454 -0.026235023513436317
v 0.0239159744232893 -0.060499999672174454 -0.026235023513436317
v 0.0239159744232893 -0.05429999902844429 -0.026235023513436317
v 0.02832997962832451 -0.05429999902844429 -0.021394027397036552
v 0.0239159744232893 -0.060499999672174454 -0.026235023513436317
v 0.02832997962832451 -0.05429999902844429 -0.021394027397036552
v 0.02832997962832451 -0.060499999672174454 -0.021394027397036552
v 0.02832997962832451 -0.060499999672174454 -0.021394027397036552
v 0.02832997962832451 -0.05429999902844429 -0.021394027397036552
v 0.03177798539400101 -0.05429999902844429 -0.015824031084775925
v 0.02832997962832451 -0.060499999672174454 -0.021394027397036552
v 0.03177798539400101 -0.05429999902844429 -0.015824031084775925
v 0.03177798539400101 -0.060499999672174454 -0.015824031084775925
v 0.03177798539400101 -0.060499999672174454 -0.015824031084775925
v 0.03177798539400101 -0.05429999902844429 -0.015824031084775925
v 0.034144990146160126 -0.05429999902844429 -0.009715034626424313
v 0.03177798539400101 -0.060499999672174454 -0.015824031084775925
v 0.034144990146160126 -0.05429999902844429 -0.009715034626424313
v 0.034144990146160126 -0.060499999672174454 -0.009715034626424313
v 0.034144990146160126 -0.060499999672174454 -0.009715034626424313
v 0.034144990146160126 -0.05429999902844429 -0.009715034626424313
v 0.03534899652004242 -0.05429999902844429 -0.0032760354224592447
v 0.034144990146160126 -0.060499999672174454 -0.009715034626424313
v 0.03534899652004242 -0.05429999902844429 -0.0032760354224592447
v 0.03534899652004242 -0.060499999672174454 -0.0032760354224592447
v 0.03534899652004242 -0.060499999672174454 -0.0032760354224592447
v 0.03534899652004242 -0.05429999902844429 -0.0032760354224592447
v 0.035349003970623016 -0.05429999902844429 0.003275964641943574
v 0.03534899652004242 -0.060499999672174454 -0.0032760354224592447
v 0.035349003970623016 -0.05429999902844429 0.003275964641943574
v 0.035349003970623016 -0.060499999672174454 0.003275964641943574
v 0.035349003970623016 -0.060499999672174454 0.003275964641943574
v 0.035349003970623016 -0.05429999902844429 0.003275964641943574
v 0.034145012497901917 -0.05429999902844429 0.009714965708553791
v 0.035349003970623016 -0.060499999672174454 0.003275964641943574
v 0.034145012497901917 -0.05429999902844429 0.009714965708553791
v 0.034145012497901917 -0.060499999672174454 0.009714965708553791
v 0.034145012497901917 -0.060499999672174454 0.009714965708553791
v 0.034145012497901917 -0.05429999902844429 0.009714965708553791
v 0.031778015196323395 -0.05429999902844429 0.01582396775484085
v 0.034145012497901917 -0.060499999672174454 0.009714965708553791
v 0.031778015196323395 -0.05429999902844429 0.01582396775484085
v 0.031778015196323395 -0.060499999672174454 0.01582396775484085
v 0.031778015196323395 -0.060499999672174454 0.01582396775484085
v 0.031778015196323395 -0.05429999902844429 0.01582396775484085
v 0.028330020606517792 -0.05429999902844429 0.021393971517682076
v 0.031778015196323395 -0.060499999672174454 0.01582396775484085
v 0.028330020606517792 -0.05429999902844429 0.021393971517682076
v 0.028330020606517792 -0.060499999672174454 0.021393971517682076
v 0.028330020606517792 -0.060499999672174454 0.021393971517682076
v 0.028330020606517792 -0.05429999902844429 0.021393971517682076
v 0.023916026577353477 -0.05429999902844429 0.026234975084662437
v 0.028330020606517792 -0.060499999672174454 0.021393971517682076
v 0.023916026577353477 -0.05429999902844429 0.026234975084662437
v 0.023916026577353477 -0.060499999672174454 0.026234975084662437
v 0.023916026577353477 -0.060499999672174454 0.026234975084662437
v 0.023916026577353477 -0.05429999902844429 0.026234975084662437
v 0.018688030540943146 -0.05429999902844429 0.030182981863617897
v 0.023916026577353477 -0.060499999672174454 0.026234975084662437
v 0.018688030540943146 -0.05429999902844429 0.030182981863617897
v 0.018688030540943146 -0.060499999672174454 0.030182981863617897
v 0.018688030540943146 -0.060499999672174454 0.030182981863617897
v 0.018688030540943146 -0.05429999902844429 0.030182981863617897
v 0.012824033387005329 -0.05429999902844429 0.033102989196777344
v 0.018688030540943146 -0.060499999672174454 0.030182981863617897
v 0.012824033387005329 -0.05429999902844429 0.033102989196777344
v 0.012824033387005329 -0.060499999672174454 0.033102989196777344
v 0.012824033387005329 -0.060499999672174454 0.033102989196777344
v 0.012824033387005329 -0.05429999902844429 0.033102989196777344
v 0.006523035001009703 -0.05429999902844429 0.034895993769168854
v 0.012824033387005329 -0.060499999672174454 0.033102989196777344
v 0.006523035001009703 -0.05429999902844429 0.034895993769168854
v 0.006523035001009703 -0.060499999672174454 0.034895993769168854
v 0.006523035001009703 -0.060499999672174454 0.034895993769168854
v 0.006523035001009703 -0.05429999902844429 0.034895993769168854
v 3.550000116092633e-8 -0.05429999902844429 0.03550000116229057
v 0.006523035001009703 -0.060499999672174454 0.034895993769168854
v 3.550000116092633e-8 -0.05429999902844429 0.03550000116229057
v 3.550000116092633e-8 -0.060499999672174454 0.03550000116229057
v -0.007037962321192026 -0.05429999902844429 0.03764800727367401
v -0.0065229651518166065 -0.05429999902844429 0.03489600867033005
v 3.830000139259937e-8 -0.05429999902844429 0.03830000013113022
v 3.830000139259937e-8 -0.05429999902844429 0.03830000013113022
v -0.0065229651518166065 -0.05429999902844429 0.03489600867033005
v 3.550000116092633e-8 -0.05429999902844429 0.03550000116229057
v 3.830000139259937e-8 -0.05429999902844429 0.03830000013113022
v 3.550000116092633e-8 -0.05429999902844429 0.03550000116229057
v 0.006523035001009703 -0.05429999902844429 0.034895993769168854
v -0.0065229651518166065 -0.05429999902844429 0.03489600867033005
v -0.007037962321192026 -0.05429999902844429 0.03764800727367401
v -0.012823966331779957 -0.05429999902844429 0.033103011548519135
v -0.012823966331779957 -0.05429999902844429 0.033103011548519135
v -0.007037962321192026 -0.05429999902844429 0.03764800727367401
v -0.013835964724421501 -0.05429999902844429 0.03571401536464691
v -0.012823966331779957 -0.05429999902844429 0.033103011548519135
v -0.013835964724421501 -0.05429999902844429 0.03571401536464691
v -0.01868797093629837 -0.05429999902844429 0.03018301911652088
v -0.01868797093629837 -0.05429999902844429 0.03018301911652088
v -0.013835964724421501 -0.05429999902844429 0.03571401536464691
v -0.02016196772456169 -0.05429999902844429 0.032563019543886185
v -0.01868797093629837 -0.05429999902844429 0.03018301911652088
v -0.02016196772456169 -0.05429999902844429 0.032563019543886185
v -0.0239159744232893 -0.05429999902844429 0.026235023513436317
v -0.0239159744232893 -0.05429999902844429 0.026235023513436317
v -0.02016196772456169 -0.05429999902844429 0.032563019543886185
v -0.0258029717952013 -0.05429999902844429 0.028304025530815125
v -0.0239159744232893 -0.05429999902844429 0.026235023513436317
v -0.0258029717952013 -0.05429999902844429 0.028304025530815125
v -0.02832997962832451 -0.05429999902844429 0.021394027397036552
v -0.02832997962832451 -0.05429999902844429 0.021394027397036552
v -0.0258029717952013 -0.05429999902844429 0.028304025530815125
v -0.030563978478312492 -0.05429999902844429 0.023081030696630478
v -0.02832997962832451 -0.05429999902844429 0.021394027397036552
v -0.030563978478312492 -0.05429999902844429 0.023081030696630478
v -0.03177798539400101 -0.05429999902844429 0.015824031084775925
v -0.03177798539400101 -0.05429999902844429 0.015824031084775925
v -0.030563978478312492 -0.05429999902844429 0.023081030696630478
v -0.034284982830286026 -0.05429999902844429 0.017072033137083054
v -0.03177798539400101 -0.05429999902844429 0.015824031084775925
v -0.034284982830286026 -0.05429999902844429 0.017072033137083054
v -0.034144990146160126 -0.05429999902844429 0.009715034626424313
v -0.034144990146160126 -0.05429999902844429 0.009715034626424313
v -0.034284982830286026 -0.05429999902844429 0.017072033137083054
v -0.03683798760175705 -0.05429999902844429 0.010481037199497223
v -0.034144990146160126 -0.05429999902844429 0.009715034626424313
v -0.03683798760175705 -0.05429999902844429 0.010481037199497223
v -0.03534899652004242 -0.05429999902844429 0.0032760354224592447
v -0.03534899652004242 -0.05429999902844429 0.0032760354224592447
v -0.03683798760175705 -0.05429999902844429 0.010481037199497223
v -0.03813699632883072 -0.05429999902844429 0.003534038085490465
v -0.03534899652004242 -0.05429999902844429 0.0032760354224592447
v -0.03813699632883072 -0.05429999902844429 0.003534038085490465
v -0.035349003970623016 -0.05429999902844429 -0.003275964641943574
v -0.035349003970623016 -0.05429999902844429 -0.003275964641943574
v -0.03813699632883072 -0.05429999902844429 0.003534038085490465
v -0.038137003779411316 -0.05429999902844429 -0.0035339617170393467
v -0.035349003970623016 -0.05429999902844429 -0.003275964641943574
v -0.038137003779411316 -0.05429999902844429 -0.0035339617170393467
v -0.03683800995349884 -0.05429999902844429 -0.010480962693691254
v -0.035349003970623016 -0.05429999902844429 -0.003275964641943574
v -0.03683800995349884 -0.05429999902844429 -0.010480962693691254
v -0.034145012497901917 -0.05429999902844429 -0.009714965708553791
v -0.034145012497901917 -0.05429999902844429 -0.009714965708553791
v -0.03683800995349884 -0.05429999902844429 -0.010480962693691254
v -0.03428502008318901 -0.05429999902844429 -0.01707196608185768
v -0.034145012497901917 -0.05429999902844429 -0.009714965708553791
v -0.03428502008318901 -0.05429999902844429 -0.01707196608185768
v -0.031778015196323395 -0.05429999902844429 -0.01582396775484085
v -0.031778015196323395 -0.05429999902844429 -0.01582396775484085
v -0.03428502008318901 -0.05429999902844429 -0.01707196608185768
v -0.030564023181796074 -0.05429999902844429 -0.023080971091985703
v -0.031778015196323395 -0.05429999902844429 -0.01582396775484085
v -0.030564023181796074 -0.05429999902844429 -0.023080971091985703
v -0.028330020606517792 -0.05429999902844429 -0.021393971517682076
v -0.028330020606517792 -0.05429999902844429 -0.021393971517682076
v -0.030564023181796074 -0.05429999902844429 -0.023080971091985703
v -0.02580302767455578 -0.05429999902844429 -0.028303973376750946
v -0.028330020606517792 -0.05429999902844429 -0.021393971517682076
v -0.02580302767455578 -0.05429999902844429 -0.028303973376750946
v -0.023916026577353477 -0.05429999902844429 -0.026234975084662437
v -0.023916026577353477 -0.05429999902844429 -0.026234975084662437
v -0.02580302767455578 -0.05429999902844429 -0.028303973376750946
v -0.020162031054496765 -0.05429999902844429 -0.0325629822909832
v -0.023916026577353477 -0.05429999902844429 -0.026234975084662437
v -0.020162031054496765 -0.05429999902844429 -0.0325629822909832
v -0.018688030540943146 -0.05429999902844429 -0.030182981863617897
v -0.018688030540943146 -0.05429999902844429 -0.030182981863617897
v -0.020162031054496765 -0.05429999902844429 -0.0325629822909832
v -0.013836035504937172 -0.05429999902844429 -0.035713985562324524
v -0.018688030540943146 -0.05429999902844429 -0.030182981863617897
v -0.013836035504937172 -0.05429999902844429 -0.035713985562324524
v -0.012824033387005329 -0.05429999902844429 -0.033102989196777344
v -0.012824033387005329 -0.05429999902844429 -0.033102989196777344
v -0.013836035504937172 -0.05429999902844429 -0.035713985562324524
v -0.00703803775832057 -0.05429999902844429 -0.03764799237251282
v -0.012824033387005329 -0.05429999902844429 -0.033102989196777344
v -0.00703803775832057 -0.05429999902844429 -0.03764799237251282
v -0.006523035001009703 -0.05429999902844429 -0.034895993769168854
v -0.006523035001009703 -0.05429999902844429 -0.034895993769168854
v -0.00703803775832057 -0.05429999902844429 -0.03764799237251282
v -3.830000139259937e-8 -0.05429999902844429 -0.03830000013113022
v -0.006523035001009703 -0.05429999902844429 -0.034895993769168854
v -3.830000139259937e-8 -0.05429999902844429 -0.03830000013113022
v -3.550000116092633e-8 -0.05429999902844429 -0.03550000116229057
v -3.550000116092633e-8 -0.05429999902844429 -0.03550000116229057
v -3.830000139259937e-8 -0.05429999902844429 -0.03830000013113022
v 0.0065229651518166065 -0.05429999902844429 -0.03489600867033005
v 0.0065229651518166065 -0.05429999902844429 -0.03489600867033005
v -3.830000139259937e-8 -0.05429999902844429 -0.03830000013113022
v 0.007037962321192026 -0.05429999902844429 -0.03764800727367401
v 0.0065229651518166065 -0.05429999902844429 -0.03489600867033005
v 0.007037962321192026 -0.05429999902844429 -0.03764800727367401
v 0.012823966331779957 -0.05429999902844429 -0.033103011548519135
v 0.012823966331779957 -0.05429999902844429 -0.033103011548519135
v 0.007037962321192026 -0.05429999902844429 -0.03764800727367401
v 0.013835964724421501 -0.05429999902844429 -0.03571401536464691
v 0.012823966331779957 -0.05429999902844429 -0.033103011548519135
v 0.013835964724421501 -0.05429999902844429 -0.03571401536464691
v 0.01868797093629837 -0.05429999902844429 -0.03018301911652088
v 0.01868797093629837 -0.05429999902844429 -0.03018301911652088
v 0.013835964724421501 -0.05429999902844429 -0.03571401536464691
v 0.02016196772456169 -0.05429999902844429 -0.032563019543886185
v 0.01868797093629837 -0.05429999902844429 -0.03018301911652088
v 0.02016196772456169 -0.05429999902844429 -0.032563019543886185
v 0.0239159744232893 -0.05429999902844429 -0.026235023513436317
v 0.0239159744232893 -0.05429999902844429 -0.026235023513436317
v 0.02016196772456169 -0.05429999902844429 -0.032563019543886185
v 0.0258029717952013 -0.05429999902844429 -0.028304025530815125
v 0.0239159744232893 -0.05429999902844429 -0.026235023513436317
v 0.0258029717952013 -0.05429999902844429 -0.028304025530815125
v 0.02832997962832451 -0.05429999902844429 -0.021394027397036552
v 0.02832997962832451 -0.05429999902844429 -0.021394027397036552
v 0.0258029717952013 -0.05429999902844429 -0.028304025530815125
v 0.030563978478312492 -0.05429999902844429 -0.023081030696630478
v 0.02832997962832451 -0.05429999902844429 -0.021394027397036552
v 0.030563978478312492 -0.05429999902844429 -0.023081030696630478
v 0.03177798539400101 -0.05429999902844429 -0.015824031084775925
v 0.03177798539400101 -0.05429999902844429 -0.015824031084775925
v 0.030563978478312492 -0.05429999902844429 -0.023081030696630478
v 0.034284982830286026 -0.05429999902844429 -0.017072033137083054
v 0.03177798539400101 -0.05429999902844429 -0.015824031084775925
v 0.034284982830286026 -0.05429999902844429 -0.017072033137083054
v 0.034144990146160126 -0.05429999902844429 -0.009715034626424313
v 0.034144990146160126 -0.05429999902844429 -0.009715034626424313
v 0.034284982830286026 -0.05429999902844429 -0.017072033137083054
v 0.03683798760175705 -0.05429999902844429 -0.010481037199497223
v 0.034144990146160126 -0.05429999902844429 -0.009715034626424313
v 0.03683798760175705 -0.05429999902844429 -0.010481037199497223
v 0.03534899652004242 -0.05429999902844429 -0.0032760354224592447
v 0.03534899652004242 -0.05429999902844429 -0.0032760354224592447
v 0.03683798760175705 -0.05429999902844429 -0.010481037199497223
v 0.03813699632883072 -0.05429999902844429 -0.003534038085490465
v 0.03534899652004242 -0.05429999902844429 -0.0032760354224592447
v 0.03813699632883072 -0.05429999902844429 -0.003534038085490465
v 0.038137003779411316 -0.05429999902844429 0.0035339617170393467
v 0.03534899652004242 -0.05429999902844429 -0.0032760354224592447
v 0.038137003779411316 -0.05429999902844429 0.0035339617170393467
v 0.035349003970623016 -0.05429999902844429 0.003275964641943574
v 0.035349003970623016 -0.05429999902844429 0.003275964641943574
v 0.038137003779411316 -0.05429999902844429 0.0035339617170393467
v 0.03683800995349884 -0.05429999902844429 0.010480962693691254
v 0.035349003970623016 -0.05429999902844429 0.003275964641943574
v 0.03683800995349884 -0.05429999902844429 0.010480962693691254
v 0.034145012497901917 -0.05429999902844429 0.009714965708553791
v 0.034145012497901917 -0.05429999902844429 0.009714965708553791
v 0.03683800995349884 -0.05429999902844429 0.010480962693691254
v 0.03428502008318901 -0.05429999902844429 0.01707196608185768
v 0.034145012497901917 -0.05429999902844429 0.009714965708553791
v 0.03428502008318901 -0.05429999902844429 0.01707196608185768
v 0.031778015196323395 -0.05429999902844429 0.01582396775484085
v 0.031778015196323395 -0.05429999902844429 0.01582396775484085
v 0.03428502008318901 -0.05429999902844429 0.01707196608185768
v 0.030564023181796074 -0.05429999902844429 0.023080971091985703
v 0.031778015196323395 -0.05429999902844429 0.01582396775484085
v 0.030564023181796074 -0.05429999902844429 0.023080971091985703
v 0.028330020606517792 -0.05429999902844429 0.021393971517682076
v 0.028330020606517792 -0.05429999902844429 0.021393971517682076
v 0.030564023181796074 -0.05429999902844429 0.023080971091985703
v 0.02580302767455578 -0.05429999902844429 0.028303973376750946
v 0.028330020606517792 -0.05429999902844429 0.021393971517682076
v 0.02580302767455578 -0.05429999902844429 0.028303973376750946
v 0.023916026577353477 -0.05429999902844429 0.026234975084662437
v 0.023916026577353477 -0.05429999902844429 0.026234975084662437
v 0.02580302767455578 -0.05429999902844429 0.028303973376750946
v 0.020162031054496765 -0.05429999902844429 0.0325629822909832
v 0.023916026577353477 -0.05429999902844429 0.026234975084662437
v 0.020162031054496765 -0.05429999902844429 0.0325629822909832
v 0.018688030540943146 -0.05429999902844429 0.030182981863617897
v 0.018688030540943146 -0.05429999902844429 0.030182981863617897
v 0.020162031054496765 -0.05429999902844429 0.0325629822909832
v 0.013836035504937172 -0.05429999902844429 0.035713985562324524
v 0.018688030540943146 -0.05429999902844429 0.030182981863617897
v 0.013836035504937172 -0.05429999902844429 0.035713985562324524
v 0.012824033387005329 -0.05429999902844429 0.033102989196777344
v 0.012824033387005329 -0.05429999902844429 0.033102989196777344
v 0.013836035504937172 -0.05429999902844429 0.035713985562324524
v 0.00703803775832057 -0.05429999902844429 0.03764799237251282
v 0.012824033387005329 -0.05429999902844429 0.033102989196777344
v 0.00703803775832057 -0.05429999902844429 0.03764799237251282
v 0.006523035001009703 -0.05429999902844429 0.034895993769168854
v 0.006523035001009703 -0.05429999902844429 0.034895993769168854
v 0.00703803775832057 -0.05429999902844429 0.03764799237251282
v 3.830000139259937e-8 -0.05429999902844429 0.03830000013113022
v 3.830000139259937e-8 0.023655999451875687 0.03830000013113022
v 0.006651037838310003 0.023811999708414078 0.037717994302511215
v 3.830000139259937e-8 0.05480000004172325 0.03830000013113022
v 3.830000139259937e-8 0.05480000004172325 0.03830000013113022
v 0.006651037838310003 0.023811999708414078 0.037717994302511215
v 0.00703803775832057 0.05480000004172325 0.03764799237251282
v 0.00703803775832057 0.05480000004172325 0.03764799237251282
v 0.006651037838310003 0.023811999708414078 0.037717994302511215
v 0.013099036179482937 0.024274999275803566 0.03598998486995697
v 0.00703803775832057 0.05480000004172325 0.03764799237251282
v 0.013099036179482937 0.024274999275803566 0.03598998486995697
v 0.013836035504937172 0.05480000004172325 0.035713985562324524
v 0.013836035504937172 0.05480000004172325 0.035713985562324524
v 0.013099036179482937 0.024274999275803566 0.03598998486995697
v 0.019150033593177795 0.02503100037574768 0.0331689827144146
v 0.013836035504937172 0.05480000004172325 0.035713985562324524
v 0.019150033593177795 0.02503100037574768 0.0331689827144146
v 0.020162031054496765 0.05480000004172325 0.0325629822909832
v 0.020162031054496765 0.05480000004172325 0.0325629822909832
v 0.019150033593177795 0.02503100037574768 0.0331689827144146
v 0.024619029834866524 0.02605699934065342 0.029339976608753204
v 0.020162031054496765 0.05480000004172325 0.0325629822909832
v 0.024619029834866524 0.02605699934065342 0.029339976608753204
v 0.02580302767455578 0.05480000004172325 0.028303973376750946
v 0.02580302767455578 0.05480000004172325 0.028303973376750946
v 0.024619029834866524 0.02605699934065342 0.029339976608753204
v 0.029339024797081947 0.02732199989259243 0.02461897023022175
v 0.02580302767455578 0.05480000004172325 0.028303973376750946
v 0.029339024797081947 0.02732199989259243 0.02461897023022175
v 0.030564023181796074 0.05480000004172325 0.023080971091985703
v 0.030564023181796074 0.05480000004172325 0.023080971091985703
v 0.029339024797081947 0.02732199989259243 0.02461897023022175
v 0.03316901996731758 0.028787000104784966 0.019149966537952423
v 0.030564023181796074 0.05480000004172325 0.023080971091985703
v 0.03316901996731758 0.028787000104784966 0.019149966537952423
v 0.03428502008318901 0.05480000004172325 0.01707196608185768
v 0.03428502008318901 0.05480000004172325 0.01707196608185768
v 0.03316901996731758 0.028787000104784966 0.019149966537952423
v 0.03599001467227936 0.030408000573515892 0.013098963536322117
v 0.03428502008318901 0.05480000004172325 0.01707196608185768
v 0.03599001467227936 0.030408000573515892 0.013098963536322117
v 0.03683800995349884 0.05480000004172325 0.010480962693691254
v 0.03683800995349884 0.05480000004172325 0.010480962693691254
v 0.03599001467227936 0.030408000573515892 0.013098963536322117
v 0.03771800920367241 0.03213600069284439 0.006650962401181459
v 0.03683800995349884 0.05480000004172325 0.010480962693691254
v 0.03771800920367241 0.03213600069284439 0.006650962401181459
v 0.038137003779411316 0.05480000004172325 0.0035339617170393467
v 0.038137003779411316 0.05480000004172325 0.0035339617170393467
v 0.03771800920367241 0.03213600069284439 0.006650962401181459
v 0.03830000013113022 0.033918000757694244 -3.830000139259937e-8
v 0.038137003779411316 0.05480000004172325 0.0035339617170393467
v 0.03830000013113022 0.033918000757694244 -3.830000139259937e-8
v 0.03813699632883072 0.05480000004172325 -0.003534038085490465
v 0.03813699632883072 0.05480000004172325 -0.003534038085490465
v 0.03830000013113022 0.033918000757694244 -3.830000139259937e-8
v 0.037717994302511215 0.0357000008225441 -0.006651037838310003
v 0.03813699632883072 0.05480000004172325 -0.003534038085490465
v 0.037717994302511215 0.0357000008225441 -0.006651037838310003
v 0.03683798760175705 0.05480000004172325 -0.010481037199497223
v 0.03683798760175705 0.05480000004172325 -0.010481037199497223
v 0.037717994302511215 0.0357000008225441 -0.006651037838310003
v 0.03598998486995697 0.03742799907922745 -0.013099036179482937
v 0.03683798760175705 0.05480000004172325 -0.010481037199497223
v 0.03598998486995697 0.03742799907922745 -0.013099036179482937
v 0.034284982830286026 0.05480000004172325 -0.017072033137083054
v 0.034284982830286026 0.05480000004172325 -0.017072033137083054
v 0.03598998486995697 0.03742799907922745 -0.013099036179482937
v 0.0331689827144146 0.039048999547958374 -0.019150033593177795
v 0.034284982830286026 0.05480000004172325 -0.017072033137083054
v 0.0331689827144146 0.039048999547958374 -0.019150033593177795
v 0.030563978478312492 0.05480000004172325 -0.023081030696630478
v 0.030563978478312492 0.05480000004172325 -0.023081030696630478
v 0.0331689827144146 0.039048999547958374 -0.019150033593177795
v 0.029338976368308067 0.0405149981379509 -0.024619029834866524
v 0.030563978478312492 0.05480000004172325 -0.023081030696630478
v 0.029338976368308067 0.0405149981379509 -0.024619029834866524
v 0.0258029717952013 0.05480000004172325 -0.028304025530815125
v 0.0258029717952013 0.05480000004172325 -0.028304025530815125
v 0.029338976368308067 0.0405149981379509 -0.024619029834866524
v 0.02461897023022175 0.04177999868988991 -0.029340025037527084
v 0.0258029717952013 0.05480000004172325 -0.028304025530815125
v 0.02461897023022175 0.04177999868988991 -0.029340025037527084
v 0.02016196772456169 0.05480000004172325 -0.032563019543886185
v 0.02016196772456169 0.05480000004172325 -0.032563019543886185
v 0.02461897023022175 0.04177999868988991 -0.029340025037527084
v 0.019149966537952423 0.042805999517440796 -0.03316901996731758
v 0.02016196772456169 0.05480000004172325 -0.032563019543886185
v 0.019149966537952423 0.042805999517440796 -0.03316901996731758
v 0.013835964724421501 0.05480000004172325 -0.03571401536464691
v 0.013835964724421501 0.05480000004172325 -0.03571401536464691
v 0.019149966537952423 0.042805999517440796 -0.03316901996731758
v 0.013098963536322117 0.04356199875473976 -0.03599001467227936
v 0.013835964724421501 0.05480000004172325 -0.03571401536464691
v 0.013098963536322117 0.04356199875473976 -0.03599001467227936
v 0.007037962321192026 0.05480000004172325 -0.03764800727367401
v 0.007037962321192026 0.05480000004172325 -0.03764800727367401
v 0.013098963536322117 0.04356199875473976 -0.03599001467227936
v 0.006650962401181459 0.0440250001847744 -0.03771800920367241
v 0.007037962321192026 0.05480000004172325 -0.03764800727367401
v 0.006650962401181459 0.0440250001847744 -0.03771800920367241
v -3.830000139259937e-8 0.05480000004172325 -0.03830000013113022
v -3.830000139259937e-8 0.05480000004172325 -0.03830000013113022
v 0.006650962401181459 0.0440250001847744 -0.03771800920367241
v -3.830000139259937e-8 0.04418100044131279 -0.03830000013113022
v 3.3300000978897515e-8 0.05979999899864197 0.0333000011742115
v 0.0064970324747264385 0.05979999899864197 0.03265999257564545
v -0.0064969672821462154 0.05979999899864197 0.03266000747680664
v -0.0064969672821462154 0.05979999899864197 0.03266000747680664
v 0.0064970324747264385 0.05979999899864197 0.03265999257564545
v -0.012742969207465649 0.05979999899864197 0.03076501376926899
v -0.012742969207465649 0.05979999899864197 0.03076501376926899
v 0.0064970324747264385 0.05979999899864197 0.03265999257564545
v 0.012743030674755573 0.05979999899864197 0.0307649876922369
v -0.012742969207465649 0.05979999899864197 0.03076501376926899
v 0.012743030674755573 0.05979999899864197 0.0307649876922369
v -0.01849997229874134 0.05979999899864197 0.02768801897764206
v -0.01849997229874134 0.05979999899864197 0.02768801897764206
v 0.012743030674755573 0.05979999899864197 0.0307649876922369
v 0.018500028178095818 0.05979999899864197 0.027687981724739075
v -0.01849997229874134 0.05979999899864197 0.02768801897764206
v 0.018500028178095818 0.05979999899864197 0.027687981724739075
v -0.0235469751060009 0.05979999899864197 0.02354702353477478
v -0.0235469751060009 0.05979999899864197 0.02354702353477478
v 0.018500028178095818 0.05979999899864197 0.027687981724739075
v 0.02354702353477478 0.05979999899864197 0.0235469751060009
v -0.0235469751060009 0.05979999899864197 0.02354702353477478
v 0.02354702353477478 0.05979999899864197 0.0235469751060009
v -0.027687981724739075 0.05979999899864197 0.018500028178095818
v -0.027687981724739075 0.05979999899864197 0.018500028178095818
v 0.02354702353477478 0.05979999899864197 0.0235469751060009
v 0.02768801897764206 0.05979999899864197 0.01849997229874134
v -0.027687981724739075 0.05979999899864197 0.018500028178095818
v 0.02768801897764206 0.05979999899864197 0.01849997229874134
v -0.0307649876922369 0.05979999899864197 0.012743030674755573
v -0.0307649876922369 0.05979999899864197 0.012743030674755573
v 0.02768801897764206 0.05979999899864197 0.01849997229874134
v 0.03076501376926899 0.05979999899864197 0.012742969207465649
v -0.0307649876922369 0.05979999899864197 0.012743030674755573
v 0.03076501376926899 0.05979999899864197 0.012742969207465649
v -0.03265999257564545 0.05979999899864197 0.0064970324747264385
v -0.03265999257564545 0.05979999899864197 0.0064970324747264385
v 0.03076501376926899 0.05979999899864197 0.012742969207465649
v 0.03266000747680664 0.05979999899864197 0.0064969672821462154
v -0.03265999257564545 0.05979999899864197 0.0064970324747264385
v 0.03266000747680664 0.05979999899864197 0.0064969672821462154
v -0.0333000011742115 0.05979999899864197 3.3300000978897515e-8
v -0.0333000011742115 0.05979999899864197 3.3300000978897515e-8
v 0.03266000747680664 0.05979999899864197 0.0064969672821462154
v 0.0333000011742115 0.05979999899864197 -3.3300000978897515e-8
v -0.0333000011742115 0.05979999899864197 3.3300000978897515e-8
v 0.0333000011742115 0.05979999899864197 -3.3300000978897515e-8
v -0.03266000747680664 0.05979999899864197 -0.0064969672821462154
v -0.03266000747680664 0.05979999899864197 -0.0064969672821462154
v 0.0333000011742115 0.05979999899864197 -3.3300000978897515e-8
v 0.03265999257564545 0.05979999899864197 -0.0064970324747264385
v -0.03266000747680664 0.05979999899864197 -0.0064969672821462154
v 0.03265999257564545 0.05979999899864197 -0.0064970324747264385
v -0.03076501376926899 0.05979999899864197 -0.012742969207465649
v -0.03076501376926899 0.05979999899864197 -0.012742969207465649
v 0.03265999257564545 0.05979999899864197 -0.0064970324747264385
v 0.0307649876922369 0.05979999899864197 -0.012743030674755573
v -0.03076501376926899 0.05979999899864197 -0.012742969207465649
v 0.0307649876922369 0.05979999899864197 -0.012743030674755573
v -0.02768801897764206 0.05979999899864197 -0.01849997229874134
v -0.02768801897764206 0.05979999899864197 -0.01849997229874134
v 0.0307649876922369 0.05979999899864197 -0.012743030674755573
v 0.027687981724739075 0.05979999899864197 -0.018500028178095818
v -0.02768801897764206 0.05979999899864197 -0.01849997229874134
v 0.027687981724739075 0.05979999899864197 -0.018500028178095818
v -0.02354702353477478 0.05979999899864197 -0.0235469751060009
v -0.02354702353477478 0.05979999899864197 -0.0235469751060009
v 0.027687981724739075 0.05979999899864197 -0.018500028178095818
v 0.0235469751060009 0.05979999899864197 -0.02354702353477478
v -0.02354702353477478 0.05979999899864197 -0.0235469751060009
v 0.0235469751060009 0.05979999899864197 -0.02354702353477478
v -0.018500028178095818 0.05979999899864197 -0.027687981724739075
v -0.018500028178095818 0.05979999899864197 -0.027687981724739075
v 0.0235469751060009 0.05979999899864197 -0.02354702353477478
v 0.01849997229874134 0.05979999899864197 -0.02768801897764206
v -0.018500028178095818 0.05979999899864197 -0.027687981724739075
v 0.01849997229874134 0.05979999899864197 -0.02768801897764206
v -0.012743030674755573 0.05979999899864197 -0.0307649876922369
v -0.012743030674755573 0.05979999899864197 -0.0307649876922369
v 0.01849997229874134 0.05979999899864197 -0.02768801897764206
v 0.012742969207465649 0.05979999899864197 -0.03076501376926899
v -0.012743030674755573 0.05979999899864197 -0.0307649876922369
v 0.012742969207465649 0.05979999899864197 -0.03076501376926899
v -0.0064970324747264385 0.05979999899864197 -0.03265999257564545
v -0.0064970324747264385 0.05979999899864197 -0.03265999257564545
v 0.012742969207465649 0.05979999899864197 -0.03076501376926899
v 0.0064969672821462154 0.05979999899864197 -0.03266000747680664
v -0.0064970324747264385 0.05979999899864197 -0.03265999257564545
v 0.0064969672821462154 0.05979999899864197 -0.03266000747680664
v -3.3300000978897515e-8 0.05979999899864197 -0.0333000011742115
v -3.830000139259937e-8 0.05480000004172325 -0.03830000013113022
v -3.805499915188193e-8 0.056345000863075256 -0.038054998964071274
v 0.007037962321192026 0.05480000004172325 -0.03764800727367401
v 0.007037962321192026 0.05480000004172325 -0.03764800727367401
v -3.805499915188193e-8 0.056345000863075256 -0.038054998964071274
v 0.006981962826102972 0.05651000142097473 -0.037351008504629135
v 0.007037962321192026 0.05480000004172325 -0.03764800727367401
v 0.006981962826102972 0.05651000142097473 -0.037351008504629135
v 0.013835964724421501 0.05480000004172325 -0.03571401536464691
v 0.013835964724421501 0.05480000004172325 -0.03571401536464691
v 0.006981962826102972 0.05651000142097473 -0.037351008504629135
v 0.013726964592933655 0.05651000142097473 -0.03543301671743393
v 0.013835964724421501 0.05480000004172325 -0.03571401536464691
v 0.013726964592933655 0.05651000142097473 -0.03543301671743393
v 0.02016196772456169 0.05480000004172325 -0.032563019543886185
v 0.02016196772456169 0.05480000004172325 -0.032563019543886185
v 0.013726964592933655 0.05651000142097473 -0.03543301671743393
v 0.020003968849778175 0.05651000142097473 -0.03230701759457588
v 0.02016196772456169 0.05480000004172325 -0.032563019543886185
v 0.020003968849778175 0.05651000142097473 -0.03230701759457588
v 0.0258029717952013 0.05480000004172325 -0.028304025530815125
v 0.0258029717952013 0.05480000004172325 -0.028304025530815125
v 0.020003968849778175 0.05651000142097473 -0.03230701759457588
v 0.02559897117316723 0.05651000142097473 -0.028081025928258896
v 0.0258029717952013 0.05480000004172325 -0.028304025530815125
v 0.02559897117316723 0.05651000142097473 -0.028081025928258896
v 0.030563978478312492 0.05480000004172325 -0.023081030696630478
v 0.030563978478312492 0.05480000004172325 -0.023081030696630478
v 0.02559897117316723 0.05651000142097473 -0.028081025928258896
v 0.030322978273034096 0.05651000142097473 -0.022899029776453972
v 0.030563978478312492 0.05480000004172325 -0.023081030696630478
v 0.030322978273034096 0.05651000142097473 -0.022899029776453972
v 0.034284982830286026 0.05480000004172325 -0.017072033137083054
v 0.034284982830286026 0.05480000004172325 -0.017072033137083054
v 0.030322978273034096 0.05651000142097473 -0.022899029776453972
v 0.0340149812400341 0.05651000142097473 -0.01693703420460224
v 0.034284982830286026 0.05480000004172325 -0.017072033137083054
v 0.0340149812400341 0.05651000142097473 -0.01693703420460224
v 0.03683798760175705 0.05480000004172325 -0.010481037199497223
v 0.03683798760175705 0.05480000004172325 -0.010481037199497223
v 0.0340149812400341 0.05651000142097473 -0.01693703420460224
v 0.03654798865318298 0.05651000142097473 -0.01039903610944748
v 0.03683798760175705 0.05480000004172325 -0.010481037199497223
v 0.03654798865318298 0.05651000142097473 -0.01039903610944748
v 0.03813699632883072 0.05480000004172325 -0.003534038085490465
v 0.03813699632883072 0.05480000004172325 -0.003534038085490465
v 0.03654798865318298 0.05651000142097473 -0.01039903610944748
v 0.037835996598005295 0.05651000142097473 -0.003506037872284651
v 0.03813699632883072 0.05480000004172325 -0.003534038085490465
v 0.037835996598005295 0.05651000142097473 -0.003506037872284651
v 0.038137003779411316 0.05480000004172325 0.0035339617170393467
v 0.038137003779411316 0.05480000004172325 0.0035339617170393467
v 0.037835996598005295 0.05651000142097473 -0.003506037872284651
v 0.03783600404858589 0.05651000142097473 0.0035059619694948196
v 0.038137003779411316 0.05480000004172325 0.0035339617170393467
v 0.03783600404858589 0.05651000142097473 0.0035059619694948196
v 0.03683800995349884 0.05480000004172325 0.010480962693691254
v 0.03683800995349884 0.05480000004172325 0.010480962693691254
v 0.03783600404858589 0.05651000142097473 0.0035059619694948196
v 0.036548011004924774 0.05651000142097473 0.01039896346628666
v 0.03683800995349884 0.05480000004172325 0.010480962693691254
v 0.036548011004924774 0.05651000142097473 0.01039896346628666
v 0.03428502008318901 0.05480000004172325 0.01707196608185768
v 0.03428502008318901 0.05480000004172325 0.01707196608185768
v 0.036548011004924774 0.05651000142097473 0.01039896346628666
v 0.03401501849293709 0.05651000142097473 0.01693696714937687
v 0.03428502008318901 0.05480000004172325 0.01707196608185768
v 0.03401501849293709 0.05651000142097473 0.01693696714937687
v 0.030564023181796074 0.05480000004172325 0.023080971091985703
v 0.030564023181796074 0.05480000004172325 0.023080971091985703
v 0.03401501849293709 0.05651000142097473 0.01693696714937687
v 0.030323022976517677 0.05651000142097473 0.022898970171809196
v 0.030564023181796074 0.05480000004172325 0.023080971091985703
v 0.030323022976517677 0.05651000142097473 0.022898970171809196
v 0.02580302767455578 0.05480000004172325 0.028303973376750946
v 0.02580302767455578 0.05480000004172325 0.028303973376750946
v 0.030323022976517677 0.05651000142097473 0.022898970171809196
v 0.025599027052521706 0.05651000142097473 0.028080973774194717
v 0.02580302767455578 0.05480000004172325 0.028303973376750946
v 0.025599027052521706 0.05651000142097473 0.028080973774194717
v 0.020162031054496765 0.05480000004172325 0.0325629822909832
v 0.020162031054496765 0.05480000004172325 0.0325629822909832
v 0.025599027052521706 0.05651000142097473 0.028080973774194717
v 0.02000403217971325 0.05651000142097473 0.0323069803416729
v 0.020162031054496765 0.05480000004172325 0.0325629822909832
v 0.02000403217971325 0.05651000142097473 0.0323069803416729
v 0.013836035504937172 0.05480000004172325 0.035713985562324524
v 0.013836035504937172 0.05480000004172325 0.035713985562324524
v 0.02000403217971325 0.05651000142097473 0.0323069803416729
v 0.013727035373449326 0.05651000142097473 0.03543298691511154
v 0.013836035504937172 0.05480000004172325 0.035713985562324524
v 0.013727035373449326 0.05651000142097473 0.03543298691511154
v 0.00703803775832057 0.05480000004172325 0.03764799237251282
v 0.00703803775832057 0.05480000004172325 0.03764799237251282
v 0.013727035373449326 0.05651000142097473 0.03543298691511154
v 0.006982037331908941 0.05651000142097473 0.03735099360346794
v 0.00703803775832057 0.05480000004172325 0.03764799237251282
v 0.006982037331908941 0.05651000142097473 0.03735099360346794
v 3.805499915188193e-8 0.056345000863075256 0.038054998964071274
v 3.805499915188193e-8 0.056345000863075256 0.038054998964071274
v 0.006982037331908941 0.05651000142097473 0.03735099360346794
v 3.7344999981314686e-8 0.057739000767469406 0.037344999611377716
v 3.7344999981314686e-8 0.057739000767469406 0.037344999611377716
v 0.006982037331908941 0.05651000142097473 0.03735099360346794
v 0.006823036354035139 0.058014001697301865 0.036497991532087326
v 3.7344999981314686e-8 0.057739000767469406 0.037344999611377716
v 0.006823036354035139 0.058014001697301865 0.036497991532087326
v 3.6238997580539944e-8 0.058844998478889465 0.03623899817466736
v 3.6238997580539944e-8 0.058844998478889465 0.03623899817466736
v 0.006823036354035139 0.058014001697301865 0.036497991532087326
v 0.006578035186976194 0.059130001813173294 0.03518999367952347
v 3.6238997580539944e-8 0.058844998478889465 0.03623899817466736
v 0.006578035186976194 0.059130001813173294 0.03518999367952347
v 3.484499799810692e-8 0.05955500155687332 0.03484499827027321
v 3.484499799810692e-8 0.05955500155687332 0.03484499827027321
v 0.006578035186976194 0.059130001813173294 0.03518999367952347
v 0.006278033368289471 0.059723999351263046 0.03358599171042442
v 3.484499799810692e-8 0.05955500155687332 0.03484499827027321
v 0.006278033368289471 0.059723999351263046 0.03358599171042442
v 3.3300000978897515e-8 0.05979999899864197 0.0333000011742115
v 3.3300000978897515e-8 0.05979999899864197 0.0333000011742115
v 0.006278033368289471 0.059723999351263046 0.03358599171042442
v 0.0064970324747264385 0.05979999899864197 0.03265999257564545
v 0.0064970324747264385 0.05979999899864197 0.03265999257564545
v 0.006278033368289471 0.059723999351263046 0.03358599171042442
v 0.012343031354248524 0.059723999351263046 0.03186098858714104
v 0.0064970324747264385 0.05979999899864197 0.03265999257564545
v 0.012343031354248524 0.059723999351263046 0.03186098858714104
v 0.012743030674755573 0.05979999899864197 0.0307649876922369
v 0.012743030674755573 0.05979999899864197 0.0307649876922369
v 0.012343031354248524 0.059723999351263046 0.03186098858714104
v 0.017987029626965523 0.059723999351263046 0.029049981385469437
v 0.012743030674755573 0.05979999899864197 0.0307649876922369
v 0.017987029626965523 0.059723999351263046 0.029049981385469437
v 0.018500028178095818 0.05979999899864197 0.027687981724739075
v 0.018500028178095818 0.05979999899864197 0.027687981724739075
v 0.017987029626965523 0.059723999351263046 0.029049981385469437
v 0.023019026964902878 0.059723999351263046 0.025250976905226707
v 0.018500028178095818 0.05979999899864197 0.027687981724739075
v 0.023019026964902878 0.059723999351263046 0.025250976905226707
v 0.02354702353477478 0.05979999899864197 0.0235469751060009
v 0.02354702353477478 0.05979999899864197 0.0235469751060009
v 0.023019026964902878 0.059723999351263046 0.025250976905226707
v 0.02726702019572258 0.059723999351263046 0.020590972155332565
v 0.02354702353477478 0.05979999899864197 0.0235469751060009
v 0.02726702019572258 0.059723999351263046 0.020590972155332565
v 0.02768801897764206 0.05979999899864197 0.01849997229874134
v 0.02768801897764206 0.05979999899864197 0.01849997229874134
v 0.02726702019572258 0.059723999351263046 0.020590972155332565
v 0.030586015433073044 0.059723999351263046 0.015229969285428524
v 0.02768801897764206 0.05979999899864197 0.01849997229874134
v 0.030586015433073044 0.059723999351263046 0.015229969285428524
v 0.03076501376926899 0.05979999899864197 0.012742969207465649
v 0.03076501376926899 0.05979999899864197 0.012742969207465649
v 0.030586015433073044 0.059723999351263046 0.015229969285428524
v 0.03286401182413101 0.059723999351263046 0.009350967593491077
v 0.03076501376926899 0.05979999899864197 0.012742969207465649
v 0.03286401182413101 0.059723999351263046 0.009350967593491077
v 0.03266000747680664 0.05979999899864197 0.0064969672821462154
v 0.03266000747680664 0.05979999899864197 0.0064969672821462154
v 0.03286401182413101 0.059723999351263046 0.009350967593491077
v 0.034022003412246704 0.059723999351263046 0.003152966033667326
v 0.03266000747680664 0.05979999899864197 0.0064969672821462154
v 0.034022003412246704 0.059723999351263046 0.003152966033667326
v 0.0333000011742115 0.05979999899864197 -3.3300000978897515e-8
v 0.0333000011742115 0.05979999899864197 -3.3300000978897515e-8
v 0.034022003412246704 0.059723999351263046 0.003152966033667326
v 0.03402199596166611 0.059723999351263046 -0.003153034020215273
v 0.0333000011742115 0.05979999899864197 -3.3300000978897515e-8
v 0.03402199596166611 0.059723999351263046 -0.003153034020215273
v 0.03265999257564545 0.05979999899864197 -0.0064970324747264385
v 0.03265999257564545 0.05979999899864197 -0.0064970324747264385
v 0.03402199596166611 0.059723999351263046 -0.003153034020215273
v 0.03286398947238922 0.059723999351263046 -0.0093510327860713
v 0.03265999257564545 0.05979999899864197 -0.0064970324747264385
v 0.03286398947238922 0.059723999351263046 -0.0093510327860713
v 0.0307649876922369 0.05979999899864197 -0.012743030674755573
v 0.0307649876922369 0.05979999899864197 -0.012743030674755573
v 0.03286398947238922 0.059723999351263046 -0.0093510327860713
v 0.030585985630750656 0.059723999351263046 -0.015230030752718449
v 0.0307649876922369 0.05979999899864197 -0.012743030674755573
v 0.030585985630750656 0.059723999351263046 -0.015230030752718449
v 0.027687981724739075 0.05979999899864197 -0.018500028178095818
v 0.027687981724739075 0.05979999899864197 -0.018500028178095818
v 0.030585985630750656 0.059723999351263046 -0.015230030752718449
v 0.027266979217529297 0.059723999351263046 -0.020591028034687042
v 0.027687981724739075 0.05979999899864197 -0.018500028178095818
v 0.027266979217529297 0.059723999351263046 -0.020591028034687042
v 0.0235469751060009 0.05979999899864197 -0.02354702353477478
v 0.0235469751060009 0.05979999899864197 -0.02354702353477478
v 0.027266979217529297 0.059723999351263046 -0.020591028034687042
v 0.0230189748108387 0.059723999351263046 -0.02525102160871029
v 0.0235469751060009 0.05979999899864197 -0.02354702353477478
v 0.0230189748108387 0.059723999351263046 -0.02525102160871029
v 0.01849997229874134 0.05979999899864197 -0.02768801897764206
v 0.01849997229874134 0.05979999899864197 -0.02768801897764206
v 0.0230189748108387 0.059723999351263046 -0.02525102160871029
v 0.017986970022320747 0.059723999351263046 -0.02905001863837242
v 0.01849997229874134 0.05979999899864197 -0.02768801897764206
v 0.017986970022320747 0.059723999351263046 -0.02905001863837242
v 0.012742969207465649 0.05979999899864197 -0.03076501376926899
v 0.012742969207465649 0.05979999899864197 -0.03076501376926899
v 0.017986970022320747 0.059723999351263046 -0.02905001863837242
v 0.01234296802431345 0.059723999351263046 -0.03186101093888283
v 0.012742969207465649 0.05979999899864197 -0.03076501376926899
v 0.01234296802431345 0.059723999351263046 -0.03186101093888283
v 0.0064969672821462154 0.05979999899864197 -0.03266000747680664
v 0.0064969672821462154 0.05979999899864197 -0.03266000747680664
v 0.01234296802431345 0.059723999351263046 -0.03186101093888283
v 0.006277966313064098 0.059723999351263046 -0.03358600661158562
v 0.0064969672821462154 0.05979999899864197 -0.03266000747680664
v 0.006277966313064098 0.059723999351263046 -0.03358600661158562
v -3.3300000978897515e-8 0.05979999899864197 -0.0333000011742115
v -3.3300000978897515e-8 0.05979999899864197 -0.0333000011742115
v 0.006277966313064098 0.059723999351263046 -0.03358600661158562
v -3.484499799810692e-8 0.05955500155687332 -0.03484499827027321
v -3.484499799810692e-8 0.05955500155687332 -0.03484499827027321
v 0.006277966313064098 0.059723999351263046 -0.03358600661158562
v 0.006577964406460524 0.059130001813173294 -0.03519000858068466
v -3.484499799810692e-8 0.05955500155687332 -0.03484499827027321
v 0.006577964406460524 0.059130001813173294 -0.03519000858068466
v -3.6238997580539944e-8 0.058844998478889465 -0.03623899817466736
v -3.6238997580539944e-8 0.058844998478889465 -0.03623899817466736
v 0.006577964406460524 0.059130001813173294 -0.03519000858068466
v 0.006822963710874319 0.058014001697301865 -0.03649800643324852
v -3.6238997580539944e-8 0.058844998478889465 -0.03623899817466736
v 0.006822963710874319 0.058014001697301865 -0.03649800643324852
v -3.7344999981314686e-8 0.057739000767469406 -0.037344999611377716
v -3.7344999981314686e-8 0.057739000767469406 -0.037344999611377716
v 0.006822963710874319 0.058014001697301865 -0.03649800643324852
v 0.006981962826102972 0.05651000142097473 -0.037351008504629135
v -3.7344999981314686e-8 0.057739000767469406 -0.037344999611377716
v 0.006981962826102972 0.05651000142097473 -0.037351008504629135
v -3.805499915188193e-8 0.056345000863075256 -0.038054998964071274
v 3.805499915188193e-8 0.056345000863075256 0.038054998964071274
v 3.830000139259937e-8 0.05480000004172325 0.03830000013113022
v 0.00703803775832057 0.05480000004172325 0.03764799237251282
v 0.006577964406460524 0.059130001813173294 -0.03519000858068466
v 0.006277966313064098 0.059723999351263046 -0.03358600661158562
v 0.012931966222822666 0.059130001813173294 -0.03338301181793213
v 0.012931966222822666 0.059130001813173294 -0.03338301181793213
v 0.006277966313064098 0.059723999351263046 -0.03358600661158562
v 0.01234296802431345 0.059723999351263046 -0.03186101093888283
v 0.012931966222822666 0.059130001813173294 -0.03338301181793213
v 0.01234296802431345 0.059723999351263046 -0.03186101093888283
v 0.018845969811081886 0.059130001813173294 -0.030438018962740898
v 0.018845969811081886 0.059130001813173294 -0.030438018962740898
v 0.01234296802431345 0.059723999351263046 -0.03186101093888283
v 0.017986970022320747 0.059723999351263046 -0.02905001863837242
v 0.018845969811081886 0.059130001813173294 -0.030438018962740898
v 0.017986970022320747 0.059723999351263046 -0.02905001863837242
v 0.024117974564433098 0.059130001813173294 -0.02645702473819256
v 0.024117974564433098 0.059130001813173294 -0.02645702473819256
v 0.017986970022320747 0.059723999351263046 -0.02905001863837242
v 0.0230189748108387 0.059723999351263046 -0.02525102160871029
v 0.024117974564433098 0.059130001813173294 -0.02645702473819256
v 0.0230189748108387 0.059723999351263046 -0.02525102160871029
v 0.028568977490067482 0.059130001813173294 -0.021574027836322784
v 0.028568977490067482 0.059130001813173294 -0.021574027836322784
v 0.0230189748108387 0.059723999351263046 -0.02525102160871029
v 0.027266979217529297 0.059723999351263046 -0.020591028034687042
v 0.028568977490067482 0.059130001813173294 -0.021574027836322784
v 0.027266979217529297 0.059723999351263046 -0.020591028034687042
v 0.03204698488116264 0.059130001813173294 -0.015957031399011612
v 0.03204698488116264 0.059130001813173294 -0.015957031399011612
v 0.027266979217529297 0.059723999351263046 -0.020591028034687042
v 0.030585985630750656 0.059723999351263046 -0.015230030752718449
v 0.03204698488116264 0.059130001813173294 -0.015957031399011612
v 0.030585985630750656 0.059723999351263046 -0.015230030752718449
v 0.03443298861384392 0.059130001813173294 -0.009797034785151482
v 0.03443298861384392 0.059130001813173294 -0.009797034785151482
v 0.030585985630750656 0.059723999351263046 -0.015230030752718449
v 0.03286398947238922 0.059723999351263046 -0.0093510327860713
v 0.03443298861384392 0.059130001813173294 -0.009797034785151482
v 0.03286398947238922 0.059723999351263046 -0.0093510327860713
v 0.03564699739217758 0.059130001813173294 -0.0033030356280505657
v 0.03564699739217758 0.059130001813173294 -0.0033030356280505657
v 0.03286398947238922 0.059723999351263046 -0.0093510327860713
v 0.03402199596166611 0.059723999351263046 -0.003153034020215273
v 0.03564699739217758 0.059130001813173294 -0.0033030356280505657
v 0.03402199596166611 0.059723999351263046 -0.003153034020215273
v 0.03564700484275818 0.059130001813173294 0.0033029643818736076
v 0.03564700484275818 0.059130001813173294 0.0033029643818736076
v 0.03402199596166611 0.059723999351263046 -0.003153034020215273
v 0.034022003412246704 0.059723999351263046 0.003152966033667326
v 0.03564700484275818 0.059130001813173294 0.0033029643818736076
v 0.034022003412246704 0.059723999351263046 0.003152966033667326
v 0.03443301096558571 0.059130001813173294 0.00979696586728096
v 0.03443301096558571 0.059130001813173294 0.00979696586728096
v 0.034022003412246704 0.059723999351263046 0.003152966033667326
v 0.03286401182413101 0.059723999351263046 0.009350967593491077
v 0.03443301096558571 0.059130001813173294 0.00979696586728096
v 0.03286401182413101 0.059723999351263046 0.009350967593491077
v 0.03204701468348503 0.059130001813173294 0.015956968069076538
v 0.03204701468348503 0.059130001813173294 0.015956968069076538
v 0.03286401182413101 0.059723999351263046 0.009350967593491077
v 0.030586015433073044 0.059723999351263046 0.015229969285428524
v 0.03204701468348503 0.059130001813173294 0.015956968069076538
v 0.030586015433073044 0.059723999351263046 0.015229969285428524
v 0.028569022193551064 0.059130001813173294 0.021573971956968307
v 0.028569022193551064 0.059130001813173294 0.021573971956968307
v 0.030586015433073044 0.059723999351263046 0.015229969285428524
v 0.02726702019572258 0.059723999351263046 0.020590972155332565
v 0.028569022193551064 0.059130001813173294 0.021573971956968307
v 0.02726702019572258 0.059723999351263046 0.020590972155332565
v 0.024118026718497276 0.059130001813173294 0.02645697630941868
v 0.024118026718497276 0.059130001813173294 0.02645697630941868
v 0.02726702019572258 0.059723999351263046 0.020590972155332565
v 0.023019026964902878 0.059723999351263046 0.025250976905226707
v 0.024118026718497276 0.059130001813173294 0.02645697630941868
v 0.023019026964902878 0.059723999351263046 0.025250976905226707
v 0.01884602941572666 0.059130001813173294 0.030437981709837914
v 0.01884602941572666 0.059130001813173294 0.030437981709837914
v 0.023019026964902878 0.059723999351263046 0.025250976905226707
v 0.017987029626965523 0.059723999351263046 0.029049981385469437
v 0.01884602941572666 0.059130001813173294 0.030437981709837914
v 0.017987029626965523 0.059723999351263046 0.029049981385469437
v 0.012932033278048038 0.059130001813173294 0.03338298946619034
v 0.012932033278048038 0.059130001813173294 0.03338298946619034
v 0.017987029626965523 0.059723999351263046 0.029049981385469437
v 0.012343031354248524 0.059723999351263046 0.03186098858714104
v 0.012932033278048038 0.059130001813173294 0.03338298946619034
v 0.012343031354248524 0.059723999351263046 0.03186098858714104
v 0.006578035186976194 0.059130001813173294 0.03518999367952347
v 0.006578035186976194 0.059130001813173294 0.03518999367952347
v 0.012343031354248524 0.059723999351263046 0.03186098858714104
v 0.006278033368289471 0.059723999351263046 0.03358599171042442
v 0.013726964592933655 0.05651000142097473 -0.03543301671743393
v 0.006981962826102972 0.05651000142097473 -0.037351008504629135
v 0.006822963710874319 0.058014001697301865 -0.03649800643324852
v 0.006822963710874319 0.058014001697301865 -0.03649800643324852
v 0.006577964406460524 0.059130001813173294 -0.03519000858068466
v 0.013412965461611748 0.058014001697301865 -0.03462301567196846
v 0.013412965461611748 0.058014001697301865 -0.03462301567196846
v 0.006577964406460524 0.059130001813173294 -0.03519000858068466
v 0.012931966222822666 0.059130001813173294 -0.03338301181793213
v 0.013412965461611748 0.058014001697301865 -0.03462301567196846
v 0.012931966222822666 0.059130001813173294 -0.03338301181793213
v 0.01954696886241436 0.058014001697301865 -0.031569018959999084
v 0.01954696886241436 0.058014001697301865 -0.031569018959999084
v 0.012931966222822666 0.059130001813173294 -0.03338301181793213
v 0.018845969811081886 0.059130001813173294 -0.030438018962740898
v 0.01954696886241436 0.058014001697301865 -0.031569018959999084
v 0.018845969811081886 0.059130001813173294 -0.030438018962740898
v 0.02501397207379341 0.058014001697301865 -0.0274400245398283
v 0.02501397207379341 0.058014001697301865 -0.0274400245398283
v 0.018845969811081886 0.059130001813173294 -0.030438018962740898
v 0.024117974564433098 0.059130001813173294 -0.02645702473819256
v 0.02501397207379341 0.058014001697301865 -0.0274400245398283
v 0.024117974564433098 0.059130001813173294 -0.02645702473819256
v 0.029630977660417557 0.058014001697301865 -0.022376030683517456
v 0.029630977660417557 0.058014001697301865 -0.022376030683517456
v 0.024117974564433098 0.059130001813173294 -0.02645702473819256
v 0.028568977490067482 0.059130001813173294 -0.021574027836322784
v 0.029630977660417557 0.058014001697301865 -0.022376030683517456
v 0.028568977490067482 0.059130001813173294 -0.021574027836322784
v 0.03323798626661301 0.058014001697301865 -0.016550034284591675
v 0.03323798626661301 0.058014001697301865 -0.016550034284591675
v 0.028568977490067482 0.059130001813173294 -0.021574027836322784
v 0.03204698488116264 0.059130001813173294 -0.015957031399011612
v 0.03323798626661301 0.058014001697301865 -0.016550034284591675
v 0.03204698488116264 0.059130001813173294 -0.015957031399011612
v 0.035712987184524536 0.058014001697301865 -0.010161035694181919
v 0.035712987184524536 0.058014001697301865 -0.010161035694181919
v 0.03204698488116264 0.059130001813173294 -0.015957031399011612
v 0.03443298861384392 0.059130001813173294 -0.009797034785151482
v 0.035712987184524536 0.058014001697301865 -0.010161035694181919
v 0.03443298861384392 0.059130001813173294 -0.009797034785151482
v 0.03697199746966362 0.058014001697301865 -0.0034260370302945375
v 0.03697199746966362 0.058014001697301865 -0.0034260370302945375
v 0.03443298861384392 0.059130001813173294 -0.009797034785151482
v 0.03564699739217758 0.059130001813173294 -0.0033030356280505657
v 0.03697199746966362 0.058014001697301865 -0.0034260370302945375
v 0.03564699739217758 0.059130001813173294 -0.0033030356280505657
v 0.03697200492024422 0.058014001697301865 0.0034259629901498556
v 0.03697200492024422 0.058014001697301865 0.0034259629901498556
v 0.03564699739217758 0.059130001813173294 -0.0033030356280505657
v 0.03564700484275818 0.059130001813173294 0.0033029643818736076
v 0.03697200492024422 0.058014001697301865 0.0034259629901498556
v 0.03564700484275818 0.059130001813173294 0.0033029643818736076
v 0.03571300953626633 0.058014001697301865 0.010160964913666248
v 0.03571300953626633 0.058014001697301865 0.010160964913666248
v 0.03564700484275818 0.059130001813173294 0.0033029643818736076
v 0.03443301096558571 0.059130001813173294 0.00979696586728096
v 0.03571300953626633 0.058014001697301865 0.010160964913666248
v 0.03443301096558571 0.059130001813173294 0.00979696586728096
v 0.033238016068935394 0.058014001697301865 0.016549967229366302
v 0.033238016068935394 0.058014001697301865 0.016549967229366302
v 0.03443301096558571 0.059130001813173294 0.00979696586728096
v 0.03204701468348503 0.059130001813173294 0.015956968069076538
v 0.033238016068935394 0.058014001697301865 0.016549967229366302
v 0.03204701468348503 0.059130001813173294 0.015956968069076538
v 0.02963102236390114 0.058014001697301865 0.02237597107887268
v 0.02963102236390114 0.058014001697301865 0.02237597107887268
v 0.03204701468348503 0.059130001813173294 0.015956968069076538
v 0.028569022193551064 0.059130001813173294 0.021573971956968307
v 0.02963102236390114 0.058014001697301865 0.02237597107887268
v 0.028569022193551064 0.059130001813173294 0.021573971956968307
v 0.025014027953147888 0.058014001697301865 0.02743997611105442
v 0.025014027953147888 0.058014001697301865 0.02743997611105442
v 0.028569022193551064 0.059130001813173294 0.021573971956968307
v 0.024118026718497276 0.059130001813173294 0.02645697630941868
v 0.025014027953147888 0.058014001697301865 0.02743997611105442
v 0.024118026718497276 0.059130001813173294 0.02645697630941868
v 0.019547032192349434 0.058014001697301865 0.0315689817070961
v 0.019547032192349434 0.058014001697301865 0.0315689817070961
v 0.024118026718497276 0.059130001813173294 0.02645697630941868
v 0.01884602941572666 0.059130001813173294 0.030437981709837914
v 0.019547032192349434 0.058014001697301865 0.0315689817070961
v 0.01884602941572666 0.059130001813173294 0.030437981709837914
v 0.01341303437948227 0.058014001697301865 0.03462298586964607
v 0.01341303437948227 0.058014001697301865 0.03462298586964607
v 0.01884602941572666 0.059130001813173294 0.030437981709837914
v 0.012932033278048038 0.059130001813173294 0.03338298946619034
v 0.01341303437948227 0.058014001697301865 0.03462298586964607
v 0.012932033278048038 0.059130001813173294 0.03338298946619034
v 0.006823036354035139 0.058014001697301865 0.036497991532087326
v 0.006823036354035139 0.058014001697301865 0.036497991532087326
v 0.012932033278048038 0.059130001813173294 0.03338298946619034
v 0.006578035186976194 0.059130001813173294 0.03518999367952347
v 0.020003968849778175 0.05651000142097473 -0.03230701759457588
v 0.013726964592933655 0.05651000142097473 -0.03543301671743393
v 0.013412965461611748 0.058014001697301865 -0.03462301567196846
v 0.013412965461611748 0.058014001697301865 -0.03462301567196846
v 0.013726964592933655 0.05651000142097473 -0.03543301671743393
v 0.006822963710874319 0.058014001697301865 -0.03649800643324852
v 0.020003968849778175 0.05651000142097473 -0.03230701759457588
v 0.013412965461611748 0.058014001697301865 -0.03462301567196846
v 0.01954696886241436 0.058014001697301865 -0.031569018959999084
v 0.02559897117316723 0.05651000142097473 -0.028081025928258896
v 0.020003968849778175 0.05651000142097473 -0.03230701759457588
v 0.01954696886241436 0.058014001697301865 -0.031569018959999084
v 0.02559897117316723 0.05651000142097473 -0.028081025928258896
v 0.01954696886241436 0.058014001697301865 -0.031569018959999084
v 0.02501397207379341 0.058014001697301865 -0.0274400245398283
v 0.030322978273034096 0.05651000142097473 -0.022899029776453972
v 0.02559897117316723 0.05651000142097473 -0.028081025928258896
v 0.02501397207379341 0.058014001697301865 -0.0274400245398283
v 0.030322978273034096 0.05651000142097473 -0.022899029776453972
v 0.02501397207379341 0.058014001697301865 -0.0274400245398283
v 0.029630977660417557 0.058014001697301865 -0.022376030683517456
v 0.0340149812400341 0.05651000142097473 -0.01693703420460224
v 0.030322978273034096 0.05651000142097473 -0.022899029776453972
v 0.029630977660417557 0.058014001697301865 -0.022376030683517456
v 0.0340149812400341 0.05651000142097473 -0.01693703420460224
v 0.029630977660417557 0.058014001697301865 -0.022376030683517456
v 0.03323798626661301 0.058014001697301865 -0.016550034284591675
v 0.03654798865318298 0.05651000142097473 -0.01039903610944748
v 0.0340149812400341 0.05651000142097473 -0.01693703420460224
v 0.03323798626661301 0.058014001697301865 -0.016550034284591675
v 0.03654798865318298 0.05651000142097473 -0.01039903610944748
v 0.03323798626661301 0.058014001697301865 -0.016550034284591675
v 0.035712987184524536 0.058014001697301865 -0.010161035694181919
v 0.037835996598005295 0.05651000142097473 -0.003506037872284651
v 0.03654798865318298 0.05651000142097473 -0.01039903610944748
v 0.035712987184524536 0.058014001697301865 -0.010161035694181919
v 0.037835996598005295 0.05651000142097473 -0.003506037872284651
v 0.035712987184524536 0.058014001697301865 -0.010161035694181919
v 0.03697199746966362 0.058014001697301865 -0.0034260370302945375
v 0.03783600404858589 0.05651000142097473 0.0035059619694948196
v 0.037835996598005295 0.05651000142097473 -0.003506037872284651
v 0.03697199746966362 0.058014001697301865 -0.0034260370302945375
v 0.03783600404858589 0.05651000142097473 0.0035059619694948196
v 0.03697199746966362 0.058014001697301865 -0.0034260370302945375
v 0.03697200492024422 0.058014001697301865 0.0034259629901498556
v 0.036548011004924774 0.05651000142097473 0.01039896346628666
v 0.03783600404858589 0.05651000142097473 0.0035059619694948196
v 0.03697200492024422 0.058014001697301865 0.0034259629901498556
v 0.036548011004924774 0.05651000142097473 0.01039896346628666
v 0.03697200492024422 0.058014001697301865 0.0034259629901498556
v 0.03571300953626633 0.058014001697301865 0.010160964913666248
v 0.03401501849293709 0.05651000142097473 0.01693696714937687
v 0.036548011004924774 0.05651000142097473 0.01039896346628666
v 0.03571300953626633 0.058014001697301865 0.010160964913666248
v 0.03401501849293709 0.05651000142097473 0.01693696714937687
v 0.03571300953626633 0.058014001697301865 0.010160964913666248
v 0.033238016068935394 0.058014001697301865 0.016549967229366302
v 0.030323022976517677 0.05651000142097473 0.022898970171809196
v 0.03401501849293709 0.05651000142097473 0.01693696714937687
v 0.033238016068935394 0.058014001697301865 0.016549967229366302
v 0.030323022976517677 0.05651000142097473 0.022898970171809196
v 0.033238016068935394 0.058014001697301865 0.016549967229366302
v 0.02963102236390114 0.058014001697301865 0.02237597107887268
v 0.025599027052521706 0.05651000142097473 0.028080973774194717
v 0.030323022976517677 0.05651000142097473 0.022898970171809196
v 0.02963102236390114 0.058014001697301865 0.02237597107887268
v 0.025599027052521706 0.05651000142097473 0.028080973774194717
v 0.02963102236390114 0.058014001697301865 0.02237597107887268
v 0.025014027953147888 0.058014001697301865 0.02743997611105442
v 0.02000403217971325 0.05651000142097473 0.0323069803416729
v 0.025599027052521706 0.05651000142097473 0.028080973774194717
v 0.025014027953147888 0.058014001697301865 0.02743997611105442
v 0.02000403217971325 0.05651000142097473 0.0323069803416729
v 0.025014027953147888 0.058014001697301865 0.02743997611105442
v 0.019547032192349434 0.058014001697301865 0.0315689817070961
v 0.013727035373449326 0.05651000142097473 0.03543298691511154
v 0.02000403217971325 0.05651000142097473 0.0323069803416729
v 0.019547032192349434 0.058014001697301865 0.0315689817070961
v 0.013727035373449326 0.05651000142097473 0.03543298691511154
v 0.019547032192349434 0.058014001697301865 0.0315689817070961
v 0.01341303437948227 0.058014001697301865 0.03462298586964607
v 0.006982037331908941 0.05651000142097473 0.03735099360346794
v 0.013727035373449326 0.05651000142097473 0.03543298691511154
v 0.01341303437948227 0.058014001697301865 0.03462298586964607
v 0.006982037331908941 0.05651000142097473 0.03735099360346794
v 0.01341303437948227 0.058014001697301865 0.03462298586964607
v 0.006823036354035139 0.058014001697301865 0.036497991532087326
vt 0.6283190250396729 0
vt 0.785398006439209 0
vt 0.6981319785118103 0.6807190179824829
vt 0.6981319785118103 0.6807190179824829
vt 0.785398006439209 0
vt 0.785398006439209 0.7232639789581299
vt 0.6981319785118103 0.6807190179824829
vt 0.785398006439209 0.7232639789581299
vt 0.6981319785118103 1.3614380359649658
vt 0.6981319785118103 1.3614380359649658
vt 0.785398006439209 0.7232639789581299
vt 0.785398006439209 1.4465279579162598
vt 0.6981319785118103 1.3614380359649658
vt 0.785398006439209 1.4465279579162598
vt 0.6981319785118103 2.042156934738159
vt 0.6981319785118103 2.042156934738159
vt 0.785398006439209 1.4465279579162598
vt 0.785398006439209 2.1697919368743896
vt 0.6981319785118103 2.042156934738159
vt 0.785398006439209 2.1697919368743896
vt 0.6981319785118103 2.7228760719299316
vt 0.6981319785118103 2.7228760719299316
vt 0.785398006439209 2.1697919368743896
vt 0.785398006439209 2.8930559158325195
vt 0.6981319785118103 2.7228760719299316
vt 0.785398006439209 2.8930559158325195
vt 0.6981319785118103 3.403594970703125
vt 0.6981319785118103 3.403594970703125
vt 0.785398006439209 2.8930559158325195
vt 0.785398006439209 3.6163198947906494
vt 0.6981319785118103 3.403594970703125
vt 0.785398006439209 3.6163198947906494
vt 0.6981319785118103 4.084313869476318
vt 0.6981319785118103 4.084313869476318
vt 0.785398006439209 3.6163198947906494
vt 0.785398006439209 4.339583873748779
vt 0.6981319785118103 4.084313869476318
vt 0.785398006439209 4.339583873748779
vt 0.6981319785118103 4.765034198760986
vt 0.6981319785118103 4.765034198760986
vt 0.785398006439209 4.339583873748779
vt 0.785398006439209 5.062848091125488
vt 0.6981319785118103 4.765034198760986
vt 0.785398006439209 5.062848091125488
vt 0.6981319785118103 5.44575309753418
vt 0.6981319785118103 5.44575309753418
vt 0.785398006439209 5.062848091125488
vt 0.785398006439209 5.786111831665039
vt 0.6981319785118103 5.44575309753418
vt 0.785398006439209 5.786111831665039
vt 0.6981319785118103 6.126471996307373
vt 0.6981319785118103 6.126471996307373
vt 0.785398006439209 5.786111831665039
vt 0.785398006439209 6.509376049041748
vt 0.6981319785118103 6.126471996307373
vt 0.785398006439209 6.509376049041748
vt 0.6981319785118103 6.807190895080566
vt 0.6981319785118103 6.807190895080566
vt 0.785398006439209 6.509376049041748
vt 0.785398006439209 7.232639789581299
vt 0.6981319785118103 6.807190895080566
vt 0.785398006439209 7.232639789581299
vt 0.6981319785118103 7.48790979385376
vt 0.6981319785118103 7.48790979385376
vt 0.785398006439209 7.232639789581299
vt 0.785398006439209 7.955904006958008
vt 0.6981319785118103 7.48790979385376
vt 0.785398006439209 7.955904006958008
vt 0.6981319785118103 8.168628692626953
vt 0.6981319785118103 8.168628692626953
vt 0.785398006439209 7.955904006958008
vt 0.785398006439209 8.679167747497559
vt 0.6981319785118103 8.168628692626953
vt 0.785398006439209 8.679167747497559
vt 0.6981319785118103 8.849348068237305
vt 0.6981319785118103 8.849348068237305
vt 0.785398006439209 8.679167747497559
vt 0.785398006439209 9.402432441711426
vt 0.6981319785118103 8.849348068237305
vt 0.785398006439209 9.402432441711426
vt 0.6981319785118103 9.530067443847656
vt 0.6981319785118103 9.530067443847656
vt 0.785398006439209 9.402432441711426
vt 0.785398006439209 10.125696182250977
vt 0.6981319785118103 9.530067443847656
vt 0.785398006439209 10.125696182250977
vt 0.6981319785118103 10.210785865783691
vt 0.6981319785118103 10.210785865783691
vt 0.785398006439209 10.125696182250977
vt 0.785398006439209 10.848959922790527
vt 0.6981319785118103 10.210785865783691
vt 0.785398006439209 10.848959922790527
vt 0.6981319785118103 10.891505241394043
vt 0.6981319785118103 10.891505241394043
vt 0.785398006439209 10.848959922790527
vt 0.785398006439209 11.572224617004395
vt 0.6981319785118103 10.891505241394043
vt 0.785398006439209 11.572224617004395
vt 0.6283190250396729 11.572224617004395
vt 0.6981319785118103 10.891505241394043
vt 0.6283190250396729 11.572224617004395
vt 0.5235990285873413 10.891505241394043
vt 0.5235990285873413 10.891505241394043
vt 0.6283190250396729 11.572224617004395
vt 0.47123900055885315 11.572224617004395
vt 0.5235990285873413 10.891505241394043
vt 0.47123900055885315 11.572224617004395
vt 0.34906598925590515 10.891505241394043
vt 0.34906598925590515 10.891505241394043
vt 0.47123900055885315 11.572224617004395
vt 0.31415900588035583 11.572224617004395
vt 0.34906598925590515 10.891505241394043
vt 0.31415900588035583 11.572224617004395
vt 0.17453299462795258 10.891505241394043
vt 0.17453299462795258 10.891505241394043
vt 0.31415900588035583 11.572224617004395
vt 0.15707999467849731 11.572224617004395
vt 0.17453299462795258 10.891505241394043
vt 0.15707999467849731 11.572224617004395
vt 0 10.891505241394043
vt 0 10.891505241394043
vt 0.15707999467849731 11.572224617004395
vt 0 11.572224617004395
vt 0.17453299462795258 10.891505241394043
vt 0 10.891505241394043
vt 0.17453299462795258 10.210785865783691
vt 0.17453299462795258 10.210785865783691
vt 0 10.891505241394043
vt 0 10.210785865783691
vt 0.17453299462795258 10.210785865783691
vt 0 10.210785865783691
vt 0.17453299462795258 9.530067443847656
vt 0.17453299462795258 9.530067443847656
vt 0 10.210785865783691
vt 0 9.530067443847656
vt 0.17453299462795258 9.530067443847656
vt 0 9.530067443847656
vt 0.17453299462795258 8.849348068237305
vt 0.17453299462795258 8.849348068237305
vt 0 9.530067443847656
vt 0 8.849348068237305
vt 0.17453299462795258 8.849348068237305
vt 0 8.849348068237305
vt 0.17453299462795258 8.168628692626953
vt 0.17453299462795258 8.168628692626953
vt 0 8.849348068237305
vt 0 8.168628692626953
vt 0.17453299462795258 8.168628692626953
vt 0 8.168628692626953
vt 0.17453299462795258 7.48790979385376
vt 0.17453299462795258 7.48790979385376
vt 0 8.168628692626953
vt 0 7.48790979385376
vt 0.17453299462795258 7.48790979385376
vt 0 7.48790979385376
vt 0.17453299462795258 6.807190895080566
vt 0.17453299462795258 6.807190895080566
vt 0 7.48790979385376
vt 0 6.807190895080566
vt 0.17453299462795258 6.807190895080566
vt 0 6.807190895080566
vt 0.17453299462795258 6.126471996307373
vt 0.17453299462795258 6.126471996307373
vt 0 6.807190895080566
vt 0 6.126471996307373
vt 0.17453299462795258 6.126471996307373
vt 0 6.126471996307373
vt 0.17453299462795258 5.44575309753418
vt 0.17453299462795258 5.44575309753418
vt 0 6.126471996307373
vt 0 5.44575309753418
vt 0.17453299462795258 5.44575309753418
vt 0 5.44575309753418
vt 0.17453299462795258 4.765034198760986
vt 0.17453299462795258 4.765034198760986
vt 0 5.44575309753418
vt 0 4.765034198760986
vt 0.17453299462795258 4.765034198760986
vt 0 4.765034198760986
vt 0.17453299462795258 4.084313869476318
vt 0.17453299462795258 4.084313869476318
vt 0 4.765034198760986
vt 0 4.084313869476318
vt 0.17453299462795258 4.084313869476318
vt 0 4.084313869476318
vt 0.17453299462795258 3.403594970703125
vt 0.17453299462795258 3.403594970703125
vt 0 4.084313869476318
vt 0 3.403594970703125
vt 0.17453299462795258 3.403594970703125
vt 0 3.403594970703125
vt 0.17453299462795258 2.7228760719299316
vt 0.17453299462795258 2.7228760719299316
vt 0 3.403594970703125
vt 0 2.7228760719299316
vt 0.17453299462795258 2.7228760719299316
vt 0 2.7228760719299316
vt 0.17453299462795258 2.042156934738159
vt 0.17453299462795258 2.042156934738159
vt 0 2.7228760719299316
vt 0 2.042156934738159
vt 0.17453299462795258 2.042156934738159
vt 0 2.042156934738159
vt 0.17453299462795258 1.3614380359649658
vt 0.17453299462795258 1.3614380359649658
vt 0 2.042156934738159
vt 0 1.3614380359649658
vt 0.17453299462795258 1.3614380359649658
vt 0 1.3614380359649658
vt 0.17453299462795258 0.6807190179824829
vt 0.17453299462795258 0.6807190179824829
vt 0 1.3614380359649658
vt 0 0.6807190179824829
vt 0.17453299462795258 0.6807190179824829
vt 0 0.6807190179824829
vt 0.15707999467849731 0
vt 0.15707999467849731 0
vt 0 0.6807190179824829
vt 0 0
vt 0.15707999467849731 0
vt 0.31415900588035583 0
vt 0.17453299462795258 0.6807190179824829
vt 0.17453299462795258 0.6807190179824829
vt 0.31415900588035583 0
vt 0.34906598925590515 0.6807190179824829
vt 0.17453299462795258 0.6807190179824829
vt 0.34906598925590515 0.6807190179824829
vt 0.17453299462795258 1.3614380359649658
vt 0.17453299462795258 1.3614380359649658
vt 0.34906598925590515 0.6807190179824829
vt 0.34906598925590515 1.3614380359649658
vt 0.17453299462795258 1.3614380359649658
vt 0.34906598925590515 1.3614380359649658
vt 0.17453299462795258 2.042156934738159
vt 0.17453299462795258 2.042156934738159
vt 0.34906598925590515 1.3614380359649658
vt 0.34906598925590515 2.042156934738159
vt 0.17453299462795258 2.042156934738159
vt 0.34906598925590515 2.042156934738159
vt 0.17453299462795258 2.7228760719299316
vt 0.17453299462795258 2.7228760719299316
vt 0.34906598925590515 2.042156934738159
vt 0.34906598925590515 2.7228760719299316
vt 0.17453299462795258 2.7228760719299316
vt 0.34906598925590515 2.7228760719299316
vt 0.17453299462795258 3.403594970703125
vt 0.17453299462795258 3.403594970703125
vt 0.34906598925590515 2.7228760719299316
vt 0.34906598925590515 3.403594970703125
vt 0.17453299462795258 3.403594970703125
vt 0.34906598925590515 3.403594970703125
vt 0.17453299462795258 4.084313869476318
vt 0.17453299462795258 4.084313869476318
vt 0.34906598925590515 3.403594970703125
vt 0.34906598925590515 4.084313869476318
vt 0.17453299462795258 4.084313869476318
vt 0.34906598925590515 4.084313869476318
vt 0.17453299462795258 4.765034198760986
vt 0.17453299462795258 4.765034198760986
vt 0.34906598925590515 4.084313869476318
vt 0.34906598925590515 4.765034198760986
vt 0.17453299462795258 4.765034198760986
vt 0.34906598925590515 4.765034198760986
vt 0.17453299462795258 5.44575309753418
vt 0.17453299462795258 5.44575309753418
vt 0.34906598925590515 4.765034198760986
vt 0.34906598925590515 5.44575309753418
vt 0.17453299462795258 5.44575309753418
vt 0.34906598925590515 5.44575309753418
vt 0.17453299462795258 6.126471996307373
vt 0.17453299462795258 6.126471996307373
vt 0.34906598925590515 5.44575309753418
vt 0.34906598925590515 6.126471996307373
vt 0.17453299462795258 6.126471996307373
vt 0.34906598925590515 6.126471996307373
vt 0.17453299462795258 6.807190895080566
vt 0.17453299462795258 6.807190895080566
vt 0.34906598925590515 6.126471996307373
vt 0.34906598925590515 6.807190895080566
vt 0.17453299462795258 6.807190895080566
vt 0.34906598925590515 6.807190895080566
vt 0.17453299462795258 7.48790979385376
vt 0.17453299462795258 7.48790979385376
vt 0.34906598925590515 6.807190895080566
vt 0.34906598925590515 7.48790979385376
vt 0.17453299462795258 7.48790979385376
vt 0.34906598925590515 7.48790979385376
vt 0.17453299462795258 8.168628692626953
vt 0.17453299462795258 8.168628692626953
vt 0.34906598925590515 7.48790979385376
vt 0.34906598925590515 8.168628692626953
vt 0.17453299462795258 8.168628692626953
vt 0.34906598925590515 8.168628692626953
vt 0.17453299462795258 8.849348068237305
vt 0.17453299462795258 8.849348068237305
vt 0.34906598925590515 8.168628692626953
vt 0.34906598925590515 8.849348068237305
vt 0.17453299462795258 8.849348068237305
vt 0.34906598925590515 8.849348068237305
vt 0.17453299462795258 9.530067443847656
vt 0.17453299462795258 9.530067443847656
vt 0.34906598925590515 8.849348068237305
vt 0.34906598925590515 9.530067443847656
vt 0.17453299462795258 9.530067443847656
vt 0.34906598925590515 9.530067443847656
vt 0.17453299462795258 10.210785865783691
vt 0.17453299462795258 10.210785865783691
vt 0.34906598925590515 9.530067443847656
vt 0.34906598925590515 10.210785865783691
vt 0.17453299462795258 10.210785865783691
vt 0.34906598925590515 10.210785865783691
vt 0.17453299462795258 10.891505241394043
vt 0.17453299462795258 10.891505241394043
vt 0.34906598925590515 10.210785865783691
vt 0.34906598925590515 10.891505241394043
vt 0.31415900588035583 0
vt 0.47123900055885315 0
vt 0.34906598925590515 0.6807190179824829
vt 0.34906598925590515 0.6807190179824829
vt 0.47123900055885315 0
vt 0.5235990285873413 0.6807190179824829
vt 0.34906598925590515 0.6807190179824829
vt 0.5235990285873413 0.6807190179824829
vt 0.34906598925590515 1.3614380359649658
vt 0.34906598925590515 1.3614380359649658
vt 0.5235990285873413 0.6807190179824829
vt 0.5235990285873413 1.3614380359649658
vt 0.34906598925590515 1.3614380359649658
vt 0.5235990285873413 1.3614380359649658
vt 0.34906598925590515 2.042156934738159
vt 0.34906598925590515 2.042156934738159
vt 0.5235990285873413 1.3614380359649658
vt 0.5235990285873413 2.042156934738159
vt 0.34906598925590515 2.042156934738159
vt 0.5235990285873413 2.042156934738159
vt 0.34906598925590515 2.7228760719299316
vt 0.34906598925590515 2.7228760719299316
vt 0.5235990285873413 2.042156934738159
vt 0.5235990285873413 2.7228760719299316
vt 0.34906598925590515 2.7228760719299316
vt 0.5235990285873413 2.7228760719299316
vt 0.34906598925590515 3.403594970703125
vt 0.34906598925590515 3.403594970703125
vt 0.5235990285873413 2.7228760719299316
vt 0.5235990285873413 3.403594970703125
vt 0.34906598925590515 3.403594970703125
vt 0.5235990285873413 3.403594970703125
vt 0.34906598925590515 4.084313869476318
vt 0.34906598925590515 4.084313869476318
vt 0.5235990285873413 3.403594970703125
vt 0.5235990285873413 4.084313869476318
vt 0.34906598925590515 4.084313869476318
vt 0.5235990285873413 4.084313869476318
vt 0.34906598925590515 4.765034198760986
vt 0.34906598925590515 4.765034198760986
vt 0.5235990285873413 4.084313869476318
vt 0.5235990285873413 4.765034198760986
vt 0.34906598925590515 4.765034198760986
vt 0.5235990285873413 4.765034198760986
vt 0.34906598925590515 5.44575309753418
vt 0.34906598925590515 5.44575309753418
vt 0.5235990285873413 4.765034198760986
vt 0.5235990285873413 5.44575309753418
vt 0.34906598925590515 5.44575309753418
vt 0.5235990285873413 5.44575309753418
vt 0.34906598925590515 6.126471996307373
vt 0.34906598925590515 6.126471996307373
vt 0.5235990285873413 5.44575309753418
vt 0.5235990285873413 6.126471996307373
vt 0.34906598925590515 6.126471996307373
vt 0.5235990285873413 6.126471996307373
vt 0.34906598925590515 6.807190895080566
vt 0.34906598925590515 6.807190895080566
vt 0.5235990285873413 6.126471996307373
vt 0.5235990285873413 6.807190895080566
vt 0.34906598925590515 6.807190895080566
vt 0.5235990285873413 6.807190895080566
vt 0.34906598925590515 7.48790979385376
vt 0.34906598925590515 7.48790979385376
vt 0.5235990285873413 6.807190895080566
vt 0.5235990285873413 7.48790979385376
vt 0.34906598925590515 7.48790979385376
vt 0.5235990285873413 7.48790979385376
vt 0.34906598925590515 8.168628692626953
vt 0.34906598925590515 8.168628692626953
vt 0.5235990285873413 7.48790979385376
vt 0.5235990285873413 8.168628692626953
vt 0.34906598925590515 8.168628692626953
vt 0.5235990285873413 8.168628692626953
vt 0.34906598925590515 8.849348068237305
vt 0.34906598925590515 8.849348068237305
vt 0.5235990285873413 8.168628692626953
vt 0.5235990285873413 8.849348068237305
vt 0.34906598925590515 8.849348068237305
vt 0.5235990285873413 8.849348068237305
vt 0.34906598925590515 9.530067443847656
vt 0.34906598925590515 9.530067443847656
vt 0.5235990285873413 8.849348068237305
vt 0.5235990285873413 9.530067443847656
vt 0.34906598925590515 9.530067443847656
vt 0.5235990285873413 9.530067443847656
vt 0.34906598925590515 10.210785865783691
vt 0.34906598925590515 10.210785865783691
vt 0.5235990285873413 9.530067443847656
vt 0.5235990285873413 10.210785865783691
vt 0.34906598925590515 10.210785865783691
vt 0.5235990285873413 10.210785865783691
vt 0.34906598925590515 10.891505241394043
vt 0.34906598925590515 10.891505241394043
vt 0.5235990285873413 10.210785865783691
vt 0.5235990285873413 10.891505241394043
vt 0.47123900055885315 0
vt 0.6283190250396729 0
vt 0.5235990285873413 0.6807190179824829
vt 0.5235990285873413 0.6807190179824829
vt 0.6283190250396729 0
vt 0.6981319785118103 0.6807190179824829
vt 0.5235990285873413 0.6807190179824829
vt 0.6981319785118103 0.6807190179824829
vt 0.5235990285873413 1.3614380359649658
vt 0.5235990285873413 1.3614380359649658
vt 0.6981319785118103 0.6807190179824829
vt 0.6981319785118103 1.3614380359649658
vt 0.5235990285873413 1.3614380359649658
vt 0.6981319785118103 1.3614380359649658
vt 0.5235990285873413 2.042156934738159
vt 0.5235990285873413 2.042156934738159
vt 0.6981319785118103 1.3614380359649658
vt 0.6981319785118103 2.042156934738159
vt 0.5235990285873413 2.042156934738159
vt 0.6981319785118103 2.042156934738159
vt 0.5235990285873413 2.7228760719299316
vt 0.5235990285873413 2.7228760719299316
vt 0.6981319785118103 2.042156934738159
vt 0.6981319785118103 2.7228760719299316
vt 0.5235990285873413 2.7228760719299316
vt 0.6981319785118103 2.7228760719299316
vt 0.5235990285873413 3.403594970703125
vt 0.5235990285873413 3.403594970703125
vt 0.6981319785118103 2.7228760719299316
vt 0.6981319785118103 3.403594970703125
vt 0.5235990285873413 3.403594970703125
vt 0.6981319785118103 3.403594970703125
vt 0.5235990285873413 4.084313869476318
vt 0.5235990285873413 4.084313869476318
vt 0.6981319785118103 3.403594970703125
vt 0.6981319785118103 4.084313869476318
vt 0.5235990285873413 4.084313869476318
vt 0.6981319785118103 4.084313869476318
vt 0.5235990285873413 4.765034198760986
vt 0.5235990285873413 4.765034198760986
vt 0.6981319785118103 4.084313869476318
vt 0.6981319785118103 4.765034198760986
vt 0.5235990285873413 4.765034198760986
vt 0.6981319785118103 4.765034198760986
vt 0.5235990285873413 5.44575309753418
vt 0.5235990285873413 5.44575309753418
vt 0.6981319785118103 4.765034198760986
vt 0.6981319785118103 5.44575309753418
vt 0.5235990285873413 5.44575309753418
vt 0.6981319785118103 5.44575309753418
vt 0.5235990285873413 6.126471996307373
vt 0.5235990285873413 6.126471996307373
vt 0.6981319785118103 5.44575309753418
vt 0.6981319785118103 6.126471996307373
vt 0.5235990285873413 6.126471996307373
vt 0.6981319785118103 6.126471996307373
vt 0.5235990285873413 6.807190895080566
vt 0.5235990285873413 6.807190895080566
vt 0.6981319785118103 6.126471996307373
vt 0.6981319785118103 6.807190895080566
vt 0.5235990285873413 6.807190895080566
vt 0.6981319785118103 6.807190895080566
vt 0.5235990285873413 7.48790979385376
vt 0.5235990285873413 7.48790979385376
vt 0.6981319785118103 6.807190895080566
vt 0.6981319785118103 7.48790979385376
vt 0.5235990285873413 7.48790979385376
vt 0.6981319785118103 7.48790979385376
vt 0.5235990285873413 8.168628692626953
vt 0.5235990285873413 8.168628692626953
vt 0.6981319785118103 7.48790979385376
vt 0.6981319785118103 8.168628692626953
vt 0.5235990285873413 8.168628692626953
vt 0.6981319785118103 8.168628692626953
vt 0.5235990285873413 8.849348068237305
vt 0.5235990285873413 8.849348068237305
vt 0.6981319785118103 8.168628692626953
vt 0.6981319785118103 8.849348068237305
vt 0.5235990285873413 8.849348068237305
vt 0.6981319785118103 8.849348068237305
vt 0.5235990285873413 9.530067443847656
vt 0.5235990285873413 9.530067443847656
vt 0.6981319785118103 8.849348068237305
vt 0.6981319785118103 9.530067443847656
vt 0.5235990285873413 9.530067443847656
vt 0.6981319785118103 9.530067443847656
vt 0.5235990285873413 10.210785865783691
vt 0.5235990285873413 10.210785865783691
vt 0.6981319785118103 9.530067443847656
vt 0.6981319785118103 10.210785865783691
vt 0.5235990285873413 10.210785865783691
vt 0.6981319785118103 10.210785865783691
vt 0.5235990285873413 10.891505241394043
vt 0.5235990285873413 10.891505241394043
vt 0.6981319785118103 10.210785865783691
vt 0.6981319785118103 10.891505241394043
vt -12.801775932312012 0
vt -12.786184310913086 0.6684610247612
vt -13.863720893859863 0
vt -13.863720893859863 0
vt -12.786184310913086 0.6684610247612
vt -13.863720893859863 0.707781970500946
vt -13.863720893859863 0.707781970500946
vt -12.786184310913086 0.6684610247612
vt -12.739885330200195 1.3369220495224
vt -13.863720893859863 0.707781970500946
vt -12.739885330200195 1.3369220495224
vt -13.863720893859863 1.415565013885498
vt -13.863720893859863 1.415565013885498
vt -12.739885330200195 1.3369220495224
vt -12.664284706115723 2.005383014678955
vt -13.863720893859863 1.415565013885498
vt -12.664284706115723 2.005383014678955
vt -13.863720893859863 2.123347043991089
vt -13.863720893859863 2.123347043991089
vt -12.664284706115723 2.005383014678955
vt -12.56167984008789 2.6738440990448
vt -13.863720893859863 2.123347043991089
vt -12.56167984008789 2.6738440990448
vt -13.863720893859863 2.8311290740966797
vt -13.863720893859863 2.8311290740966797
vt -12.56167984008789 2.6738440990448
vt -12.435188293457031 3.3423049449920654
vt -13.863720893859863 2.8311290740966797
vt -12.435188293457031 3.3423049449920654
vt -13.863720893859863 3.538912057876587
vt -13.863720893859863 3.538912057876587
vt -12.435188293457031 3.3423049449920654
vt -12.288652420043945 4.010766983032227
vt -13.863720893859863 3.538912057876587
vt -12.288652420043945 4.010766983032227
vt -13.863720893859863 4.246694087982178
vt -13.863720893859863 4.246694087982178
vt -12.288652420043945 4.010766983032227
vt -12.126526832580566 4.679227828979492
vt -13.863720893859863 4.246694087982178
vt -12.126526832580566 4.679227828979492
vt -13.863720893859863 4.9544758796691895
vt -13.863720893859863 4.9544758796691895
vt -12.126526832580566 4.679227828979492
vt -11.953736305236816 5.347689151763916
vt -13.863720893859863 4.9544758796691895
vt -11.953736305236816 5.347689151763916
vt -13.863720893859863 5.662259101867676
vt -13.863720893859863 5.662259101867676
vt -11.953736305236816 5.347689151763916
vt -11.775529861450195 6.016149997711182
vt -13.863720893859863 5.662259101867676
vt -11.775529861450195 6.016149997711182
vt -13.863720893859863 6.3700408935546875
vt -13.863720893859863 6.3700408935546875
vt -11.775529861450195 6.016149997711182
vt -11.59732437133789 6.684610843658447
vt -13.863720893859863 6.3700408935546875
vt -11.59732437133789 6.684610843658447
vt -13.863720893859863 7.077824115753174
vt -13.863720893859863 7.077824115753174
vt -11.59732437133789 6.684610843658447
vt -11.42453384399414 7.353072166442871
vt -13.863720893859863 7.077824115753174
vt -11.42453384399414 7.353072166442871
vt -13.863720893859863 7.7856059074401855
vt -13.863720893859863 7.7856059074401855
vt -11.42453384399414 7.353072166442871
vt -11.262407302856445 8.021533012390137
vt -13.863720893859863 7.7856059074401855
vt -11.262407302856445 8.021533012390137
vt -13.863720893859863 8.493388175964355
vt -13.863720893859863 8.493388175964355
vt -11.262407302856445 8.021533012390137
vt -11.115872383117676 8.689994812011719
vt -13.863720893859863 8.493388175964355
vt -11.115872383117676 8.689994812011719
vt -13.863720893859863 9.201170921325684
vt -13.863720893859863 9.201170921325684
vt -11.115872383117676 8.689994812011719
vt -10.989380836486816 9.358455657958984
vt -13.863720893859863 9.201170921325684
vt -10.989380836486816 9.358455657958984
vt -13.863720893859863 9.908952713012695
vt -13.863720893859863 9.908952713012695
vt -10.989380836486816 9.358455657958984
vt -10.886775970458984 10.026917457580566
vt -13.863720893859863 9.908952713012695
vt -10.886775970458984 10.026917457580566
vt -13.863720893859863 10.616735458374023
vt -13.863720893859863 10.616735458374023
vt -10.886775970458984 10.026917457580566
vt -10.811175346374512 10.695377349853516
vt -13.863720893859863 10.616735458374023
vt -10.811175346374512 10.695377349853516
vt -13.863720893859863 11.324517250061035
vt -13.863720893859863 11.324517250061035
vt -10.811175346374512 10.695377349853516
vt -10.764875411987305 11.363839149475098
vt -13.863720893859863 11.324517250061035
vt -10.764875411987305 11.363839149475098
vt -13.863720893859863 12.032299995422363
vt -13.863720893859863 12.032299995422363
vt -10.764875411987305 11.363839149475098
vt -10.749284744262695 12.032299995422363
vt 0 0
vt 0 0.6560379862785339
vt -0.6200000047683716 0
vt -0.6200000047683716 0
vt 0 0.6560379862785339
vt -0.6200000047683716 0.6560379862785339
vt -0.6200000047683716 0.6560379862785339
vt 0 0.6560379862785339
vt 0 1.3120770454406738
vt -0.6200000047683716 0.6560379862785339
vt 0 1.3120770454406738
vt -0.6200000047683716 1.3120770454406738
vt -0.6200000047683716 1.3120770454406738
vt 0 1.3120770454406738
vt 0 1.968114972114563
vt -0.6200000047683716 1.3120770454406738
vt 0 1.968114972114563
vt -0.6200000047683716 1.968114972114563
vt -0.6200000047683716 1.968114972114563
vt 0 1.968114972114563
vt 0 2.6241540908813477
vt -0.6200000047683716 1.968114972114563
vt 0 2.6241540908813477
vt -0.6200000047683716 2.6241540908813477
vt -0.6200000047683716 2.6241540908813477
vt 0 2.6241540908813477
vt 0 3.2801918983459473
vt -0.6200000047683716 2.6241540908813477
vt 0 3.2801918983459473
vt -0.6200000047683716 3.2801918983459473
vt -0.6200000047683716 3.2801918983459473
vt 0 3.2801918983459473
vt 0 3.9362308979034424
vt -0.6200000047683716 3.2801918983459473
vt 0 3.9362308979034424
vt -0.6200000047683716 3.9362308979034424
vt -0.6200000047683716 3.9362308979034424
vt 0 3.9362308979034424
vt 0 4.592268943786621
vt -0.6200000047683716 3.9362308979034424
vt 0 4.592268943786621
vt -0.6200000047683716 4.592268943786621
vt -0.6200000047683716 4.592268943786621
vt 0 4.592268943786621
vt 0 5.248308181762695
vt -0.6200000047683716 4.592268943786621
vt 0 5.248308181762695
vt -0.6200000047683716 5.248308181762695
vt -0.6200000047683716 5.248308181762695
vt 0 5.248308181762695
vt 0 5.904345989227295
vt -0.6200000047683716 5.248308181762695
vt 0 5.904345989227295
vt -0.6200000047683716 5.904345989227295
vt -0.6200000047683716 5.904345989227295
vt 0 5.904345989227295
vt 0 6.560385227203369
vt -0.6200000047683716 5.904345989227295
vt 0 6.560385227203369
vt -0.6200000047683716 6.560385227203369
vt -0.6200000047683716 6.560385227203369
vt 0 6.560385227203369
vt 0 7.216423034667969
vt -0.6200000047683716 6.560385227203369
vt 0 7.216423034667969
vt -0.6200000047683716 7.216423034667969
vt -0.6200000047683716 7.216423034667969
vt 0 7.216423034667969
vt 0 7.872461795806885
vt -0.6200000047683716 7.216423034667969
vt 0 7.872461795806885
vt -0.6200000047683716 7.872461795806885
vt -0.6200000047683716 7.872461795806885
vt 0 7.872461795806885
vt 0 8.528499603271484
vt -0.6200000047683716 7.872461795806885
vt 0 8.528499603271484
vt -0.6200000047683716 8.528499603271484
vt -0.6200000047683716 8.528499603271484
vt 0 8.528499603271484
vt 0 9.184538841247559
vt -0.6200000047683716 8.528499603271484
vt 0 9.184538841247559
vt -0.6200000047683716 9.184538841247559
vt -0.6200000047683716 9.184538841247559
vt 0 9.184538841247559
vt 0 9.840577125549316
vt -0.6200000047683716 9.184538841247559
vt 0 9.840577125549316
vt -0.6200000047683716 9.840577125549316
vt -0.6200000047683716 9.840577125549316
vt 0 9.840577125549316
vt 0 10.496615409851074
vt -0.6200000047683716 9.840577125549316
vt 0 10.496615409851074
vt -0.6200000047683716 10.496615409851074
vt -0.6200000047683716 10.496615409851074
vt 0 10.496615409851074
vt -0.6200000047683716 11.152653694152832
vt -0.6200000047683716 11.152653694152832
vt 0 10.496615409851074
vt 0 11.152653694152832
vt -0.5 0
vt 0 0
vt -0.5 0.707781970500946
vt -0.5 0.707781970500946
vt 0 0
vt 0 0.707781970500946
vt -0.5 0.707781970500946
vt 0 0.707781970500946
vt -0.5 1.415565013885498
vt -0.5 1.415565013885498
vt 0 0.707781970500946
vt 0 1.415565013885498
vt -0.5 1.415565013885498
vt 0 1.415565013885498
vt -0.5 2.123347043991089
vt -0.5 2.123347043991089
vt 0 1.415565013885498
vt 0 2.123347043991089
vt -0.5 2.123347043991089
vt 0 2.123347043991089
vt -0.5 2.8311290740966797
vt -0.5 2.8311290740966797
vt 0 2.123347043991089
vt 0 2.8311290740966797
vt -0.5 2.8311290740966797
vt 0 2.8311290740966797
vt -0.5 3.538912057876587
vt -0.5 3.538912057876587
vt 0 2.8311290740966797
vt 0 3.538912057876587
vt -0.5 3.538912057876587
vt 0 3.538912057876587
vt -0.5 4.246694087982178
vt -0.5 4.246694087982178
vt 0 3.538912057876587
vt 0 4.246694087982178
vt -0.5 4.246694087982178
vt 0 4.246694087982178
vt -0.5 4.9544758796691895
vt -0.5 4.9544758796691895
vt 0 4.246694087982178
vt 0 4.9544758796691895
vt -0.5 4.9544758796691895
vt 0 4.9544758796691895
vt -0.5 5.662259101867676
vt -0.5 5.662259101867676
vt 0 4.9544758796691895
vt 0 5.662259101867676
vt -0.5 5.662259101867676
vt 0 5.662259101867676
vt -0.5 6.3700408935546875
vt -0.5 6.3700408935546875
vt 0 5.662259101867676
vt 0 6.3700408935546875
vt -0.5 6.3700408935546875
vt 0 6.3700408935546875
vt -0.5 7.077824115753174
vt -0.5 7.077824115753174
vt 0 6.3700408935546875
vt 0 7.077824115753174
vt -0.5 7.077824115753174
vt 0 7.077824115753174
vt -0.5 7.7856059074401855
vt -0.5 7.7856059074401855
vt 0 7.077824115753174
vt 0 7.7856059074401855
vt -0.5 7.7856059074401855
vt 0 7.7856059074401855
vt -0.5 8.493388175964355
vt -0.5 8.493388175964355
vt 0 7.7856059074401855
vt 0 8.493388175964355
vt -0.5 8.493388175964355
vt 0 8.493388175964355
vt -0.5 9.201170921325684
vt -0.5 9.201170921325684
vt 0 8.493388175964355
vt 0 9.201170921325684
vt -0.5 9.201170921325684
vt 0 9.201170921325684
vt -0.5 9.908952713012695
vt -0.5 9.908952713012695
vt 0 9.201170921325684
vt 0 9.908952713012695
vt -0.5 9.908952713012695
vt 0 9.908952713012695
vt -0.5 10.616735458374023
vt -0.5 10.616735458374023
vt 0 9.908952713012695
vt 0 10.616735458374023
vt -0.5 10.616735458374023
vt 0 10.616735458374023
vt -0.5 11.324517250061035
vt -0.5 11.324517250061035
vt 0 10.616735458374023
vt 0 11.324517250061035
vt -0.5 11.324517250061035
vt 0 11.324517250061035
vt -0.5 12.032299995422363
vt -0.5 12.032299995422363
vt 0 11.324517250061035
vt 0 12.032299995422363
vt -0.5 -12.032299995422363
vt 0 -12.032299995422363
vt -0.5 -11.324517250061035
vt -0.5 -11.324517250061035
vt 0 -12.032299995422363
vt 0 -11.324517250061035
vt -0.5 -11.324517250061035
vt 0 -11.324517250061035
vt -0.5 -10.616735458374023
vt -0.5 -10.616735458374023
vt 0 -11.324517250061035
vt 0 -10.616735458374023
vt -0.5 -10.616735458374023
vt 0 -10.616735458374023
vt -0.5 -9.908952713012695
vt -0.5 -9.908952713012695
vt 0 -10.616735458374023
vt 0 -9.908952713012695
vt -0.5 -9.908952713012695
vt 0 -9.908952713012695
vt -0.5 -9.201170921325684
vt -0.5 -9.201170921325684
vt 0 -9.908952713012695
vt 0 -9.201170921325684
vt -0.5 -9.201170921325684
vt 0 -9.201170921325684
vt -0.5 -8.493388175964355
vt -0.5 -8.493388175964355
vt 0 -9.201170921325684
vt 0 -8.493388175964355
vt -0.5 -8.493388175964355
vt 0 -8.493388175964355
vt -0.5 -7.7856059074401855
vt -0.5 -7.7856059074401855
vt 0 -8.493388175964355
vt 0 -7.7856059074401855
vt -0.5 -7.7856059074401855
vt 0 -7.7856059074401855
vt -0.5 -7.077824115753174
vt -0.5 -7.077824115753174
vt 0 -7.7856059074401855
vt 0 -7.077824115753174
vt -0.5 -7.077824115753174
vt 0 -7.077824115753174
vt -0.5 -6.3700408935546875
vt -0.5 -6.3700408935546875
vt 0 -7.077824115753174
vt 0 -6.3700408935546875
vt -0.5 -6.3700408935546875
vt 0 -6.3700408935546875
vt -0.5 -5.662259101867676
vt -0.5 -5.662259101867676
vt 0 -6.3700408935546875
vt 0 -5.662259101867676
vt -0.5 -5.662259101867676
vt 0 -5.662259101867676
vt -0.5 -4.9544758796691895
vt -0.5 -4.9544758796691895
vt 0 -5.662259101867676
vt 0 -4.9544758796691895
vt -0.5 -4.9544758796691895
vt 0 -4.9544758796691895
vt -0.5 -4.246694087982178
vt -0.5 -4.246694087982178
vt 0 -4.9544758796691895
vt 0 -4.246694087982178
vt -0.5 -4.246694087982178
vt 0 -4.246694087982178
vt -0.5 -3.538912057876587
vt -0.5 -3.538912057876587
vt 0 -4.246694087982178
vt 0 -3.538912057876587
vt -0.5 -3.538912057876587
vt 0 -3.538912057876587
vt -0.5 -2.8311290740966797
vt -0.5 -2.8311290740966797
vt 0 -3.538912057876587
vt 0 -2.8311290740966797
vt -0.5 -2.8311290740966797
vt 0 -2.8311290740966797
vt -0.5 -2.123347043991089
vt -0.5 -2.123347043991089
vt 0 -2.8311290740966797
vt 0 -2.123347043991089
vt -0.5 -2.123347043991089
vt 0 -2.123347043991089
vt -0.5 -1.415565013885498
vt -0.5 -1.415565013885498
vt 0 -2.123347043991089
vt 0 -1.415565013885498
vt -0.5 -1.415565013885498
vt 0 -1.415565013885498
vt -0.5 -0.707781970500946
vt -0.5 -0.707781970500946
vt 0 -1.415565013885498
vt 0 -0.707781970500946
vt -0.5 -0.707781970500946
vt 0 -0.707781970500946
vt -0.5 0
vt -0.5 0
vt 0 -0.707781970500946
vt 0 0
vt 0 -3.549999952316284
vt 0.6523110270500183 -3.489553928375244
vt -0.6523110270500183 -3.489553928375244
vt -0.6523110270500183 -3.489553928375244
vt 0.6523110270500183 -3.489553928375244
vt -1.2824079990386963 -3.310276985168457
vt -1.2824079990386963 -3.310276985168457
vt 0.6523110270500183 -3.489553928375244
vt 1.2824079990386963 -3.310276985168457
vt -1.2824079990386963 -3.310276985168457
vt 1.2824079990386963 -3.310276985168457
vt -1.8688340187072754 -3.018270969390869
vt -1.8688340187072754 -3.018270969390869
vt 1.2824079990386963 -3.310276985168457
vt 1.8688340187072754 -3.018270969390869
vt -1.8688340187072754 -3.018270969390869
vt 1.8688340187072754 -3.018270969390869
vt -2.3916189670562744 -2.6234819889068604
vt -2.3916189670562744 -2.6234819889068604
vt 1.8688340187072754 -3.018270969390869
vt 2.3916189670562744 -2.6234819889068604
vt -2.3916189670562744 -2.6234819889068604
vt 2.3916189670562744 -2.6234819889068604
vt -2.832961082458496 -2.139353036880493
vt -2.832961082458496 -2.139353036880493
vt 2.3916189670562744 -2.6234819889068604
vt -3.1778299808502197 -1.5823709964752197
vt -3.1778299808502197 -1.5823709964752197
vt 2.3916189670562744 -2.6234819889068604
vt -3.4144809246063232 -0.9715039730072021
vt -3.4144809246063232 -0.9715039730072021
vt 2.3916189670562744 -2.6234819889068604
vt -3.534856081008911 -0.32755300402641296
vt -3.534856081008911 -0.32755300402641296
vt 2.3916189670562744 -2.6234819889068604
vt -3.534856081008911 0.32755300402641296
vt -3.534856081008911 0.32755300402641296
vt 2.3916189670562744 -2.6234819889068604
vt -3.4144809246063232 0.9715039730072021
vt -3.4144809246063232 0.9715039730072021
vt 2.3916189670562744 -2.6234819889068604
vt -3.1778299808502197 1.5823709964752197
vt -3.1778299808502197 1.5823709964752197
vt 2.3916189670562744 -2.6234819889068604
vt -2.832961082458496 2.139353036880493
vt -2.832961082458496 2.139353036880493
vt 2.3916189670562744 -2.6234819889068604
vt -2.3916189670562744 2.6234819889068604
vt -2.3916189670562744 2.6234819889068604
vt 2.3916189670562744 -2.6234819889068604
vt -1.8688340187072754 3.018270969390869
vt -1.8688340187072754 3.018270969390869
vt 2.3916189670562744 -2.6234819889068604
vt 2.832961082458496 -2.139353036880493
vt -1.8688340187072754 3.018270969390869
vt 2.832961082458496 -2.139353036880493
vt -1.2824079990386963 3.310276985168457
vt -1.2824079990386963 3.310276985168457
vt 2.832961082458496 -2.139353036880493
vt -0.6523110270500183 3.489553928375244
vt -0.6523110270500183 3.489553928375244
vt 2.832961082458496 -2.139353036880493
vt 0 3.549999952316284
vt 0 3.549999952316284
vt 2.832961082458496 -2.139353036880493
vt 0.6523110270500183 3.489553928375244
vt 0.6523110270500183 3.489553928375244
vt 2.832961082458496 -2.139353036880493
vt 1.2824079990386963 3.310276985168457
vt 1.2824079990386963 3.310276985168457
vt 2.832961082458496 -2.139353036880493
vt 1.8688340187072754 3.018270969390869
vt 1.8688340187072754 3.018270969390869
vt 2.832961082458496 -2.139353036880493
vt 2.3916189670562744 2.6234819889068604
vt 2.3916189670562744 2.6234819889068604
vt 2.832961082458496 -2.139353036880493
vt 2.832961082458496 2.139353036880493
vt 2.832961082458496 2.139353036880493
vt 2.832961082458496 -2.139353036880493
vt 3.1778299808502197 -1.5823709964752197
vt 2.832961082458496 2.139353036880493
vt 3.1778299808502197 -1.5823709964752197
vt 3.1778299808502197 1.5823709964752197
vt 3.1778299808502197 1.5823709964752197
vt 3.1778299808502197 -1.5823709964752197
vt 3.4144809246063232 -0.9715039730072021
vt 3.1778299808502197 1.5823709964752197
vt 3.4144809246063232 -0.9715039730072021
vt 3.4144809246063232 0.9715039730072021
vt 3.4144809246063232 0.9715039730072021
vt 3.4144809246063232 -0.9715039730072021
vt 3.534856081008911 -0.32755300402641296
vt 3.4144809246063232 0.9715039730072021
vt 3.534856081008911 -0.32755300402641296
vt 3.534856081008911 0.32755300402641296
vt -0.6200000047683716 -11.152653694152832
vt 0 -11.152653694152832
vt -0.6200000047683716 -10.496615409851074
vt -0.6200000047683716 -10.496615409851074
vt 0 -11.152653694152832
vt 0 -10.496615409851074
vt -0.6200000047683716 -10.496615409851074
vt 0 -10.496615409851074
vt 0 -9.840577125549316
vt -0.6200000047683716 -10.496615409851074
vt 0 -9.840577125549316
vt -0.6200000047683716 -9.840577125549316
vt -0.6200000047683716 -9.840577125549316
vt 0 -9.840577125549316
vt 0 -9.184538841247559
vt -0.6200000047683716 -9.840577125549316
vt 0 -9.184538841247559
vt -0.6200000047683716 -9.184538841247559
vt -0.6200000047683716 -9.184538841247559
vt 0 -9.184538841247559
vt 0 -8.528499603271484
vt -0.6200000047683716 -9.184538841247559
vt 0 -8.528499603271484
vt -0.6200000047683716 -8.528499603271484
vt -0.6200000047683716 -8.528499603271484
vt 0 -8.528499603271484
vt 0 -7.872461795806885
vt -0.6200000047683716 -8.528499603271484
vt 0 -7.872461795806885
vt -0.6200000047683716 -7.872461795806885
vt -0.6200000047683716 -7.872461795806885
vt 0 -7.872461795806885
vt 0 -7.216423034667969
vt -0.6200000047683716 -7.872461795806885
vt 0 -7.216423034667969
vt -0.6200000047683716 -7.216423034667969
vt -0.6200000047683716 -7.216423034667969
vt 0 -7.216423034667969
vt 0 -6.560385227203369
vt -0.6200000047683716 -7.216423034667969
vt 0 -6.560385227203369
vt -0.6200000047683716 -6.560385227203369
vt -0.6200000047683716 -6.560385227203369
vt 0 -6.560385227203369
vt 0 -5.904345989227295
vt -0.6200000047683716 -6.560385227203369
vt 0 -5.904345989227295
vt -0.6200000047683716 -5.904345989227295
vt -0.6200000047683716 -5.904345989227295
vt 0 -5.904345989227295
vt 0 -5.248308181762695
vt -0.6200000047683716 -5.904345989227295
vt 0 -5.248308181762695
vt -0.6200000047683716 -5.248308181762695
vt -0.6200000047683716 -5.248308181762695
vt 0 -5.248308181762695
vt 0 -4.592268943786621
vt -0.6200000047683716 -5.248308181762695
vt 0 -4.592268943786621
vt -0.6200000047683716 -4.592268943786621
vt -0.6200000047683716 -4.592268943786621
vt 0 -4.592268943786621
vt 0 -3.9362308979034424
vt -0.6200000047683716 -4.592268943786621
vt 0 -3.9362308979034424
vt -0.6200000047683716 -3.9362308979034424
vt -0.6200000047683716 -3.9362308979034424
vt 0 -3.9362308979034424
vt 0 -3.2801918983459473
vt -0.6200000047683716 -3.9362308979034424
vt 0 -3.2801918983459473
vt -0.6200000047683716 -3.2801918983459473
vt -0.6200000047683716 -3.2801918983459473
vt 0 -3.2801918983459473
vt 0 -2.6241540908813477
vt -0.6200000047683716 -3.2801918983459473
vt 0 -2.6241540908813477
vt -0.6200000047683716 -2.6241540908813477
vt -0.6200000047683716 -2.6241540908813477
vt 0 -2.6241540908813477
vt 0 -1.968114972114563
vt -0.6200000047683716 -2.6241540908813477
vt 0 -1.968114972114563
vt -0.6200000047683716 -1.968114972114563
vt -0.6200000047683716 -1.968114972114563
vt 0 -1.968114972114563
vt 0 -1.3120770454406738
vt -0.6200000047683716 -1.968114972114563
vt 0 -1.3120770454406738
vt -0.6200000047683716 -1.3120770454406738
vt -0.6200000047683716 -1.3120770454406738
vt 0 -1.3120770454406738
vt 0 -0.6560379862785339
vt -0.6200000047683716 -1.3120770454406738
vt 0 -0.6560379862785339
vt -0.6200000047683716 -0.6560379862785339
vt -0.6200000047683716 -0.6560379862785339
vt 0 -0.6560379862785339
vt 0 0
vt -0.6200000047683716 -0.6560379862785339
vt 0 0
vt -0.6200000047683716 0
vt 0.7037609815597534 -4.2397871017456055
vt 0.6523110270500183 -3.964555025100708
vt 0 -4.304999828338623
vt 0 -4.304999828338623
vt 0.6523110270500183 -3.964555025100708
vt 0 -4.025000095367432
vt 0 -4.304999828338623
vt 0 -4.025000095367432
vt -0.6523110270500183 -3.964555025100708
vt 0.6523110270500183 -3.964555025100708
vt 0.7037609815597534 -4.2397871017456055
vt 1.2824079990386963 -3.785275936126709
vt 1.2824079990386963 -3.785275936126709
vt 0.7037609815597534 -4.2397871017456055
vt 1.3835560083389282 -4.0463690757751465
vt 1.2824079990386963 -3.785275936126709
vt 1.3835560083389282 -4.0463690757751465
vt 1.8688340187072754 -3.4932711124420166
vt 1.8688340187072754 -3.4932711124420166
vt 1.3835560083389282 -4.0463690757751465
vt 2.016235113143921 -3.7313320636749268
vt 1.8688340187072754 -3.4932711124420166
vt 2.016235113143921 -3.7313320636749268
vt 2.3916189670562744 -3.0984818935394287
vt 2.3916189670562744 -3.0984818935394287
vt 2.016235113143921 -3.7313320636749268
vt 2.580254077911377 -3.3054039478302
vt 2.3916189670562744 -3.0984818935394287
vt 2.580254077911377 -3.3054039478302
vt 2.832961082458496 -2.6143529415130615
vt 2.832961082458496 -2.6143529415130615
vt 2.580254077911377 -3.3054039478302
vt 3.056406021118164 -2.7830910682678223
vt 2.832961082458496 -2.6143529415130615
vt 3.056406021118164 -2.7830910682678223
vt 3.1778299808502197 -2.057370901107788
vt 3.1778299808502197 -2.057370901107788
vt 3.056406021118164 -2.7830910682678223
vt 3.4284749031066895 -2.182178020477295
vt 3.1778299808502197 -2.057370901107788
vt 3.4284749031066895 -2.182178020477295
vt 3.4144809246063232 -1.44650399684906
vt 3.4144809246063232 -1.44650399684906
vt 3.4284749031066895 -2.182178020477295
vt 3.6837921142578125 -1.5231289863586426
vt 3.4144809246063232 -1.44650399684906
vt 3.6837921142578125 -1.5231289863586426
vt 3.534856081008911 -0.8025529980659485
vt 3.534856081008911 -0.8025529980659485
vt 3.6837921142578125 -1.5231289863586426
vt 3.813662052154541 -0.828387975692749
vt 3.534856081008911 -0.8025529980659485
vt 3.813662052154541 -0.828387975692749
vt 3.534856081008911 -0.14744700491428375
vt 3.534856081008911 -0.14744700491428375
vt 3.813662052154541 -0.828387975692749
vt 3.813662052154541 -0.12161199748516083
vt 3.534856081008911 -0.14744700491428375
vt 3.813662052154541 -0.12161199748516083
vt 3.6837921142578125 0.5731289982795715
vt 3.534856081008911 -0.14744700491428375
vt 3.6837921142578125 0.5731289982795715
vt 3.4144809246063232 0.496504008769989
vt 3.4144809246063232 0.496504008769989
vt 3.6837921142578125 0.5731289982795715
vt 3.4284749031066895 1.232177972793579
vt 3.4144809246063232 0.496504008769989
vt 3.4284749031066895 1.232177972793579
vt 3.1778299808502197 1.1073709726333618
vt 3.1778299808502197 1.1073709726333618
vt 3.4284749031066895 1.232177972793579
vt 3.056406021118164 1.8330910205841064
vt 3.1778299808502197 1.1073709726333618
vt 3.056406021118164 1.8330910205841064
vt 2.832961082458496 1.6643530130386353
vt 2.832961082458496 1.6643530130386353
vt 3.056406021118164 1.8330910205841064
vt 2.580254077911377 2.3554039001464844
vt 2.832961082458496 1.6643530130386353
vt 2.580254077911377 2.3554039001464844
vt 2.3916189670562744 2.148482084274292
vt 2.3916189670562744 2.148482084274292
vt 2.580254077911377 2.3554039001464844
vt 2.016235113143921 2.781332015991211
vt 2.3916189670562744 2.148482084274292
vt 2.016235113143921 2.781332015991211
vt 1.8688340187072754 2.543271064758301
vt 1.8688340187072754 2.543271064758301
vt 2.016235113143921 2.781332015991211
vt 1.3835560083389282 3.0963690280914307
vt 1.8688340187072754 2.543271064758301
vt 1.3835560083389282 3.0963690280914307
vt 1.2824079990386963 2.835275888442993
vt 1.2824079990386963 2.835275888442993
vt 1.3835560083389282 3.0963690280914307
vt 0.7037609815597534 3.2897870540618896
vt 1.2824079990386963 2.835275888442993
vt 0.7037609815597534 3.2897870540618896
vt 0.6523110270500183 3.014554977416992
vt 0.6523110270500183 3.014554977416992
vt 0.7037609815597534 3.2897870540618896
vt 0 3.3550000190734863
vt 0.6523110270500183 3.014554977416992
vt 0 3.3550000190734863
vt 0 3.075000047683716
vt 0 3.075000047683716
vt 0 3.3550000190734863
vt -0.6523110270500183 3.014554977416992
vt -0.6523110270500183 3.014554977416992
vt 0 3.3550000190734863
vt -0.7037609815597534 3.2897870540618896
vt -0.6523110270500183 3.014554977416992
vt -0.7037609815597534 3.2897870540618896
vt -1.2824079990386963 2.835275888442993
vt -1.2824079990386963 2.835275888442993
vt -0.7037609815597534 3.2897870540618896
vt -1.3835560083389282 3.0963690280914307
vt -1.2824079990386963 2.835275888442993
vt -1.3835560083389282 3.0963690280914307
vt -1.8688340187072754 2.543271064758301
vt -1.8688340187072754 2.543271064758301
vt -1.3835560083389282 3.0963690280914307
vt -2.016235113143921 2.781332015991211
vt -1.8688340187072754 2.543271064758301
vt -2.016235113143921 2.781332015991211
vt -2.3916189670562744 2.148482084274292
vt -2.3916189670562744 2.148482084274292
vt -2.016235113143921 2.781332015991211
vt -2.580254077911377 2.3554039001464844
vt -2.3916189670562744 2.148482084274292
vt -2.580254077911377 2.3554039001464844
vt -2.832961082458496 1.6643530130386353
vt -2.832961082458496 1.6643530130386353
vt -2.580254077911377 2.3554039001464844
vt -3.056406021118164 1.8330910205841064
vt -2.832961082458496 1.6643530130386353
vt -3.056406021118164 1.8330910205841064
vt -3.1778299808502197 1.1073709726333618
vt -3.1778299808502197 1.1073709726333618
vt -3.056406021118164 1.8330910205841064
vt -3.4284749031066895 1.232177972793579
vt -3.1778299808502197 1.1073709726333618
vt -3.4284749031066895 1.232177972793579
vt -3.4144809246063232 0.496504008769989
vt -3.4144809246063232 0.496504008769989
vt -3.4284749031066895 1.232177972793579
vt -3.6837921142578125 0.5731289982795715
vt -3.4144809246063232 0.496504008769989
vt -3.6837921142578125 0.5731289982795715
vt -3.534856081008911 -0.14744700491428375
vt -3.534856081008911 -0.14744700491428375
vt -3.6837921142578125 0.5731289982795715
vt -3.813662052154541 -0.12161199748516083
vt -3.534856081008911 -0.14744700491428375
vt -3.813662052154541 -0.12161199748516083
vt -3.813662052154541 -0.828387975692749
vt -3.534856081008911 -0.14744700491428375
vt -3.813662052154541 -0.828387975692749
vt -3.534856081008911 -0.8025529980659485
vt -3.534856081008911 -0.8025529980659485
vt -3.813662052154541 -0.828387975692749
vt -3.6837921142578125 -1.5231289863586426
vt -3.534856081008911 -0.8025529980659485
vt -3.6837921142578125 -1.5231289863586426
vt -3.4144809246063232 -1.44650399684906
vt -3.4144809246063232 -1.44650399684906
vt -3.6837921142578125 -1.5231289863586426
vt -3.4284749031066895 -2.182178020477295
vt -3.4144809246063232 -1.44650399684906
vt -3.4284749031066895 -2.182178020477295
vt -3.1778299808502197 -2.057370901107788
vt -3.1778299808502197 -2.057370901107788
vt -3.4284749031066895 -2.182178020477295
vt -3.056406021118164 -2.7830910682678223
vt -3.1778299808502197 -2.057370901107788
vt -3.056406021118164 -2.7830910682678223
vt -2.832961082458496 -2.6143529415130615
vt -2.832961082458496 -2.6143529415130615
vt -3.056406021118164 -2.7830910682678223
vt -2.580254077911377 -3.3054039478302
vt -2.832961082458496 -2.6143529415130615
vt -2.580254077911377 -3.3054039478302
vt -2.3916189670562744 -3.0984818935394287
vt -2.3916189670562744 -3.0984818935394287
vt -2.580254077911377 -3.3054039478302
vt -2.016235113143921 -3.7313320636749268
vt -2.3916189670562744 -3.0984818935394287
vt -2.016235113143921 -3.7313320636749268
vt -1.8688340187072754 -3.4932711124420166
vt -1.8688340187072754 -3.4932711124420166
vt -2.016235113143921 -3.7313320636749268
vt -1.3835560083389282 -4.0463690757751465
vt -1.8688340187072754 -3.4932711124420166
vt -1.3835560083389282 -4.0463690757751465
vt -1.2824079990386963 -3.785275936126709
vt -1.2824079990386963 -3.785275936126709
vt -1.3835560083389282 -4.0463690757751465
vt -0.7037609815597534 -4.2397871017456055
vt -1.2824079990386963 -3.785275936126709
vt -0.7037609815597534 -4.2397871017456055
vt -0.6523110270500183 -3.964555025100708
vt -0.6523110270500183 -3.964555025100708
vt -0.7037609815597534 -4.2397871017456055
vt 0 -4.304999828338623
vt -10.749284744262695 -12.032299995422363
vt -10.764875411987305 -11.363839149475098
vt -13.863720893859863 -12.032299995422363
vt -13.863720893859863 -12.032299995422363
vt -10.764875411987305 -11.363839149475098
vt -13.863720893859863 -11.324517250061035
vt -13.863720893859863 -11.324517250061035
vt -10.764875411987305 -11.363839149475098
vt -10.811175346374512 -10.695377349853516
vt -13.863720893859863 -11.324517250061035
vt -10.811175346374512 -10.695377349853516
vt -13.863720893859863 -10.616735458374023
vt -13.863720893859863 -10.616735458374023
vt -10.811175346374512 -10.695377349853516
vt -10.886775970458984 -10.026917457580566
vt -13.863720893859863 -10.616735458374023
vt -10.886775970458984 -10.026917457580566
vt -13.863720893859863 -9.908952713012695
vt -13.863720893859863 -9.908952713012695
vt -10.886775970458984 -10.026917457580566
vt -10.989380836486816 -9.358455657958984
vt -13.863720893859863 -9.908952713012695
vt -10.989380836486816 -9.358455657958984
vt -13.863720893859863 -9.201170921325684
vt -13.863720893859863 -9.201170921325684
vt -10.989380836486816 -9.358455657958984
vt -11.115872383117676 -8.689994812011719
vt -13.863720893859863 -9.201170921325684
vt -11.115872383117676 -8.689994812011719
vt -13.863720893859863 -8.493388175964355
vt -13.863720893859863 -8.493388175964355
vt -11.115872383117676 -8.689994812011719
vt -11.262407302856445 -8.021533012390137
vt -13.863720893859863 -8.493388175964355
vt -11.262407302856445 -8.021533012390137
vt -13.863720893859863 -7.7856059074401855
vt -13.863720893859863 -7.7856059074401855
vt -11.262407302856445 -8.021533012390137
vt -11.42453384399414 -7.353072166442871
vt -13.863720893859863 -7.7856059074401855
vt -11.42453384399414 -7.353072166442871
vt -13.863720893859863 -7.077824115753174
vt -13.863720893859863 -7.077824115753174
vt -11.42453384399414 -7.353072166442871
vt -11.59732437133789 -6.684610843658447
vt -13.863720893859863 -7.077824115753174
vt -11.59732437133789 -6.684610843658447
vt -13.863720893859863 -6.3700408935546875
vt -13.863720893859863 -6.3700408935546875
vt -11.59732437133789 -6.684610843658447
vt -11.775529861450195 -6.016149997711182
vt -13.863720893859863 -6.3700408935546875
vt -11.775529861450195 -6.016149997711182
vt -13.863720893859863 -5.662259101867676
vt -13.863720893859863 -5.662259101867676
vt -11.775529861450195 -6.016149997711182
vt -11.953736305236816 -5.347689151763916
vt -13.863720893859863 -5.662259101867676
vt -11.953736305236816 -5.347689151763916
vt -13.863720893859863 -4.9544758796691895
vt -13.863720893859863 -4.9544758796691895
vt -11.953736305236816 -5.347689151763916
vt -12.126526832580566 -4.679227828979492
vt -13.863720893859863 -4.9544758796691895
vt -12.126526832580566 -4.679227828979492
vt -13.863720893859863 -4.246694087982178
vt -13.863720893859863 -4.246694087982178
vt -12.126526832580566 -4.679227828979492
vt -12.288652420043945 -4.010766983032227
vt -13.863720893859863 -4.246694087982178
vt -12.288652420043945 -4.010766983032227
vt -13.863720893859863 -3.538912057876587
vt -13.863720893859863 -3.538912057876587
vt -12.288652420043945 -4.010766983032227
vt -12.435188293457031 -3.3423049449920654
vt -13.863720893859863 -3.538912057876587
vt -12.435188293457031 -3.3423049449920654
vt -13.863720893859863 -2.8311290740966797
vt -13.863720893859863 -2.8311290740966797
vt -12.435188293457031 -3.3423049449920654
vt -12.56167984008789 -2.6738440990448
vt -13.863720893859863 -2.8311290740966797
vt -12.56167984008789 -2.6738440990448
vt -13.863720893859863 -2.123347043991089
vt -13.863720893859863 -2.123347043991089
vt -12.56167984008789 -2.6738440990448
vt -12.664284706115723 -2.005383014678955
vt -13.863720893859863 -2.123347043991089
vt -12.664284706115723 -2.005383014678955
vt -13.863720893859863 -1.415565013885498
vt -13.863720893859863 -1.415565013885498
vt -12.664284706115723 -2.005383014678955
vt -12.739885330200195 -1.3369220495224
vt -13.863720893859863 -1.415565013885498
vt -12.739885330200195 -1.3369220495224
vt -13.863720893859863 -0.707781970500946
vt -13.863720893859863 -0.707781970500946
vt -12.739885330200195 -1.3369220495224
vt -12.786184310913086 -0.6684610247612
vt -13.863720893859863 -0.707781970500946
vt -12.786184310913086 -0.6684610247612
vt -13.863720893859863 0
vt -13.863720893859863 0
vt -12.786184310913086 -0.6684610247612
vt -12.801775932312012 0
vt 0 -3.3299999237060547
vt 0.6496509909629822 -3.26601505279541
vt -0.6496509909629822 -3.26601505279541
vt -0.6496509909629822 -3.26601505279541
vt 0.6496509909629822 -3.26601505279541
vt -1.2743359804153442 -3.076519012451172
vt -1.2743359804153442 -3.076519012451172
vt 0.6496509909629822 -3.26601505279541
vt 1.2743359804153442 -3.076519012451172
vt -1.2743359804153442 -3.076519012451172
vt 1.2743359804153442 -3.076519012451172
vt -1.8500490188598633 -2.768794059753418
vt -1.8500490188598633 -2.768794059753418
vt 1.2743359804153442 -3.076519012451172
vt 1.8500490188598633 -2.768794059753418
vt -1.8500490188598633 -2.768794059753418
vt 1.8500490188598633 -2.768794059753418
vt -2.354665994644165 -2.354665994644165
vt -2.354665994644165 -2.354665994644165
vt 1.8500490188598633 -2.768794059753418
vt 2.354665994644165 -2.354665994644165
vt -2.354665994644165 -2.354665994644165
vt 2.354665994644165 -2.354665994644165
vt -2.768794059753418 -1.8500490188598633
vt -2.768794059753418 -1.8500490188598633
vt 2.354665994644165 -2.354665994644165
vt 2.768794059753418 -1.8500490188598633
vt -2.768794059753418 -1.8500490188598633
vt 2.768794059753418 -1.8500490188598633
vt -3.076519012451172 -1.2743359804153442
vt -3.076519012451172 -1.2743359804153442
vt 2.768794059753418 -1.8500490188598633
vt 3.076519012451172 -1.2743359804153442
vt -3.076519012451172 -1.2743359804153442
vt 3.076519012451172 -1.2743359804153442
vt -3.26601505279541 -0.6496509909629822
vt -3.26601505279541 -0.6496509909629822
vt 3.076519012451172 -1.2743359804153442
vt 3.26601505279541 -0.6496509909629822
vt -3.26601505279541 -0.6496509909629822
vt 3.26601505279541 -0.6496509909629822
vt -3.3299999237060547 0
vt -3.3299999237060547 0
vt 3.26601505279541 -0.6496509909629822
vt 3.3299999237060547 0
vt -3.3299999237060547 0
vt 3.3299999237060547 0
vt -3.26601505279541 0.6496509909629822
vt -3.26601505279541 0.6496509909629822
vt 3.3299999237060547 0
vt 3.26601505279541 0.6496509909629822
vt -3.26601505279541 0.6496509909629822
vt 3.26601505279541 0.6496509909629822
vt -3.076519012451172 1.2743359804153442
vt -3.076519012451172 1.2743359804153442
vt 3.26601505279541 0.6496509909629822
vt 3.076519012451172 1.2743359804153442
vt -3.076519012451172 1.2743359804153442
vt 3.076519012451172 1.2743359804153442
vt -2.768794059753418 1.8500490188598633
vt -2.768794059753418 1.8500490188598633
vt 3.076519012451172 1.2743359804153442
vt 2.768794059753418 1.8500490188598633
vt -2.768794059753418 1.8500490188598633
vt 2.768794059753418 1.8500490188598633
vt -2.354665994644165 2.354665994644165
vt -2.354665994644165 2.354665994644165
vt 2.768794059753418 1.8500490188598633
vt 2.354665994644165 2.354665994644165
vt -2.354665994644165 2.354665994644165
vt 2.354665994644165 2.354665994644165
vt -1.8500490188598633 2.768794059753418
vt -1.8500490188598633 2.768794059753418
vt 2.354665994644165 2.354665994644165
vt 1.8500490188598633 2.768794059753418
vt -1.8500490188598633 2.768794059753418
vt 1.8500490188598633 2.768794059753418
vt -1.2743359804153442 3.076519012451172
vt -1.2743359804153442 3.076519012451172
vt 1.8500490188598633 2.768794059753418
vt 1.2743359804153442 3.076519012451172
vt -1.2743359804153442 3.076519012451172
vt 1.2743359804153442 3.076519012451172
vt -0.6496509909629822 3.26601505279541
vt -0.6496509909629822 3.26601505279541
vt 1.2743359804153442 3.076519012451172
vt 0.6496509909629822 3.26601505279541
vt -0.6496509909629822 3.26601505279541
vt 0.6496509909629822 3.26601505279541
vt 0 3.3299999237060547
vt 0 -11.572224617004395
vt 0.15707999467849731 -11.572224617004395
vt 0 -10.891505241394043
vt 0 -10.891505241394043
vt 0.15707999467849731 -11.572224617004395
vt 0.17453299462795258 -10.891505241394043
vt 0 -10.891505241394043
vt 0.17453299462795258 -10.891505241394043
vt 0 -10.210785865783691
vt 0 -10.210785865783691
vt 0.17453299462795258 -10.891505241394043
vt 0.17453299462795258 -10.210785865783691
vt 0 -10.210785865783691
vt 0.17453299462795258 -10.210785865783691
vt 0 -9.530067443847656
vt 0 -9.530067443847656
vt 0.17453299462795258 -10.210785865783691
vt 0.17453299462795258 -9.530067443847656
vt 0 -9.530067443847656
vt 0.17453299462795258 -9.530067443847656
vt 0 -8.849348068237305
vt 0 -8.849348068237305
vt 0.17453299462795258 -9.530067443847656
vt 0.17453299462795258 -8.849348068237305
vt 0 -8.849348068237305
vt 0.17453299462795258 -8.849348068237305
vt 0 -8.168628692626953
vt 0 -8.168628692626953
vt 0.17453299462795258 -8.849348068237305
vt 0.17453299462795258 -8.168628692626953
vt 0 -8.168628692626953
vt 0.17453299462795258 -8.168628692626953
vt 0 -7.48790979385376
vt 0 -7.48790979385376
vt 0.17453299462795258 -8.168628692626953
vt 0.17453299462795258 -7.48790979385376
vt 0 -7.48790979385376
vt 0.17453299462795258 -7.48790979385376
vt 0 -6.807190895080566
vt 0 -6.807190895080566
vt 0.17453299462795258 -7.48790979385376
vt 0.17453299462795258 -6.807190895080566
vt 0 -6.807190895080566
vt 0.17453299462795258 -6.807190895080566
vt 0 -6.126471996307373
vt 0 -6.126471996307373
vt 0.17453299462795258 -6.807190895080566
vt 0.17453299462795258 -6.126471996307373
vt 0 -6.126471996307373
vt 0.17453299462795258 -6.126471996307373
vt 0 -5.44575309753418
vt 0 -5.44575309753418
vt 0.17453299462795258 -6.126471996307373
vt 0.17453299462795258 -5.44575309753418
vt 0 -5.44575309753418
vt 0.17453299462795258 -5.44575309753418
vt 0 -4.765034198760986
vt 0 -4.765034198760986
vt 0.17453299462795258 -5.44575309753418
vt 0.17453299462795258 -4.765034198760986
vt 0 -4.765034198760986
vt 0.17453299462795258 -4.765034198760986
vt 0 -4.084313869476318
vt 0 -4.084313869476318
vt 0.17453299462795258 -4.765034198760986
vt 0.17453299462795258 -4.084313869476318
vt 0 -4.084313869476318
vt 0.17453299462795258 -4.084313869476318
vt 0 -3.403594970703125
vt 0 -3.403594970703125
vt 0.17453299462795258 -4.084313869476318
vt 0.17453299462795258 -3.403594970703125
vt 0 -3.403594970703125
vt 0.17453299462795258 -3.403594970703125
vt 0 -2.7228760719299316
vt 0 -2.7228760719299316
vt 0.17453299462795258 -3.403594970703125
vt 0.17453299462795258 -2.7228760719299316
vt 0 -2.7228760719299316
vt 0.17453299462795258 -2.7228760719299316
vt 0 -2.042156934738159
vt 0 -2.042156934738159
vt 0.17453299462795258 -2.7228760719299316
vt 0.17453299462795258 -2.042156934738159
vt 0 -2.042156934738159
vt 0.17453299462795258 -2.042156934738159
vt 0 -1.3614380359649658
vt 0 -1.3614380359649658
vt 0.17453299462795258 -2.042156934738159
vt 0.17453299462795258 -1.3614380359649658
vt 0 -1.3614380359649658
vt 0.17453299462795258 -1.3614380359649658
vt 0 -0.6807190179824829
vt 0 -0.6807190179824829
vt 0.17453299462795258 -1.3614380359649658
vt 0.17453299462795258 -0.6807190179824829
vt 0 -0.6807190179824829
vt 0.17453299462795258 -0.6807190179824829
vt 0.15707999467849731 0
vt 0.15707999467849731 0
vt 0.17453299462795258 -0.6807190179824829
vt 0.31415900588035583 0
vt 0.31415900588035583 0
vt 0.17453299462795258 -0.6807190179824829
vt 0.34906598925590515 -0.6807190179824829
vt 0.31415900588035583 0
vt 0.34906598925590515 -0.6807190179824829
vt 0.47123900055885315 0
vt 0.47123900055885315 0
vt 0.34906598925590515 -0.6807190179824829
vt 0.5235990285873413 -0.6807190179824829
vt 0.47123900055885315 0
vt 0.5235990285873413 -0.6807190179824829
vt 0.6283190250396729 0
vt 0.6283190250396729 0
vt 0.5235990285873413 -0.6807190179824829
vt 0.6981319785118103 -0.6807190179824829
vt 0.6283190250396729 0
vt 0.6981319785118103 -0.6807190179824829
vt 0.785398006439209 0
vt 0.785398006439209 0
vt 0.6981319785118103 -0.6807190179824829
vt 0.785398006439209 -0.7232639789581299
vt 0.785398006439209 -0.7232639789581299
vt 0.6981319785118103 -0.6807190179824829
vt 0.6981319785118103 -1.3614380359649658
vt 0.785398006439209 -0.7232639789581299
vt 0.6981319785118103 -1.3614380359649658
vt 0.785398006439209 -1.4465279579162598
vt 0.785398006439209 -1.4465279579162598
vt 0.6981319785118103 -1.3614380359649658
vt 0.6981319785118103 -2.042156934738159
vt 0.785398006439209 -1.4465279579162598
vt 0.6981319785118103 -2.042156934738159
vt 0.785398006439209 -2.1697919368743896
vt 0.785398006439209 -2.1697919368743896
vt 0.6981319785118103 -2.042156934738159
vt 0.6981319785118103 -2.7228760719299316
vt 0.785398006439209 -2.1697919368743896
vt 0.6981319785118103 -2.7228760719299316
vt 0.785398006439209 -2.8930559158325195
vt 0.785398006439209 -2.8930559158325195
vt 0.6981319785118103 -2.7228760719299316
vt 0.6981319785118103 -3.403594970703125
vt 0.785398006439209 -2.8930559158325195
vt 0.6981319785118103 -3.403594970703125
vt 0.785398006439209 -3.6163198947906494
vt 0.785398006439209 -3.6163198947906494
vt 0.6981319785118103 -3.403594970703125
vt 0.6981319785118103 -4.084313869476318
vt 0.785398006439209 -3.6163198947906494
vt 0.6981319785118103 -4.084313869476318
vt 0.785398006439209 -4.339583873748779
vt 0.785398006439209 -4.339583873748779
vt 0.6981319785118103 -4.084313869476318
vt 0.6981319785118103 -4.765034198760986
vt 0.785398006439209 -4.339583873748779
vt 0.6981319785118103 -4.765034198760986
vt 0.785398006439209 -5.062848091125488
vt 0.785398006439209 -5.062848091125488
vt 0.6981319785118103 -4.765034198760986
vt 0.6981319785118103 -5.44575309753418
vt 0.785398006439209 -5.062848091125488
vt 0.6981319785118103 -5.44575309753418
vt 0.785398006439209 -5.786111831665039
vt 0.785398006439209 -5.786111831665039
vt 0.6981319785118103 -5.44575309753418
vt 0.6981319785118103 -6.126471996307373
vt 0.785398006439209 -5.786111831665039
vt 0.6981319785118103 -6.126471996307373
vt 0.785398006439209 -6.509376049041748
vt 0.785398006439209 -6.509376049041748
vt 0.6981319785118103 -6.126471996307373
vt 0.6981319785118103 -6.807190895080566
vt 0.785398006439209 -6.509376049041748
vt 0.6981319785118103 -6.807190895080566
vt 0.785398006439209 -7.232639789581299
vt 0.785398006439209 -7.232639789581299
vt 0.6981319785118103 -6.807190895080566
vt 0.6981319785118103 -7.48790979385376
vt 0.785398006439209 -7.232639789581299
vt 0.6981319785118103 -7.48790979385376
vt 0.785398006439209 -7.955904006958008
vt 0.785398006439209 -7.955904006958008
vt 0.6981319785118103 -7.48790979385376
vt 0.6981319785118103 -8.168628692626953
vt 0.785398006439209 -7.955904006958008
vt 0.6981319785118103 -8.168628692626953
vt 0.785398006439209 -8.679167747497559
vt 0.785398006439209 -8.679167747497559
vt 0.6981319785118103 -8.168628692626953
vt 0.6981319785118103 -8.849348068237305
vt 0.785398006439209 -8.679167747497559
vt 0.6981319785118103 -8.849348068237305
vt 0.785398006439209 -9.402432441711426
vt 0.785398006439209 -9.402432441711426
vt 0.6981319785118103 -8.849348068237305
vt 0.6981319785118103 -9.530067443847656
vt 0.785398006439209 -9.402432441711426
vt 0.6981319785118103 -9.530067443847656
vt 0.785398006439209 -10.125696182250977
vt 0.785398006439209 -10.125696182250977
vt 0.6981319785118103 -9.530067443847656
vt 0.6981319785118103 -10.210785865783691
vt 0.785398006439209 -10.125696182250977
vt 0.6981319785118103 -10.210785865783691
vt 0.785398006439209 -10.848959922790527
vt 0.785398006439209 -10.848959922790527
vt 0.6981319785118103 -10.210785865783691
vt 0.6981319785118103 -10.891505241394043
vt 0.785398006439209 -10.848959922790527
vt 0.6981319785118103 -10.891505241394043
vt 0.785398006439209 -11.572224617004395
vt 0.785398006439209 -11.572224617004395
vt 0.6981319785118103 -10.891505241394043
vt 0.6283190250396729 -11.572224617004395
vt 0.6283190250396729 -11.572224617004395
vt 0.6981319785118103 -10.891505241394043
vt 0.5235990285873413 -10.891505241394043
vt 0.6283190250396729 -11.572224617004395
vt 0.5235990285873413 -10.891505241394043
vt 0.47123900055885315 -11.572224617004395
vt 0.47123900055885315 -11.572224617004395
vt 0.5235990285873413 -10.891505241394043
vt 0.34906598925590515 -10.891505241394043
vt 0.47123900055885315 -11.572224617004395
vt 0.34906598925590515 -10.891505241394043
vt 0.31415900588035583 -11.572224617004395
vt 0.31415900588035583 -11.572224617004395
vt 0.34906598925590515 -10.891505241394043
vt 0.17453299462795258 -10.891505241394043
vt 0.31415900588035583 -11.572224617004395
vt 0.17453299462795258 -10.891505241394043
vt 0.15707999467849731 -11.572224617004395
vt 0.15707999467849731 0
vt 0 0
vt 0 -0.6807190179824829
vt 0.5235990285873413 -10.891505241394043
vt 0.6981319785118103 -10.891505241394043
vt 0.5235990285873413 -10.210785865783691
vt 0.5235990285873413 -10.210785865783691
vt 0.6981319785118103 -10.891505241394043
vt 0.6981319785118103 -10.210785865783691
vt 0.5235990285873413 -10.210785865783691
vt 0.6981319785118103 -10.210785865783691
vt 0.5235990285873413 -9.530067443847656
vt 0.5235990285873413 -9.530067443847656
vt 0.6981319785118103 -10.210785865783691
vt 0.6981319785118103 -9.530067443847656
vt 0.5235990285873413 -9.530067443847656
vt 0.6981319785118103 -9.530067443847656
vt 0.5235990285873413 -8.849348068237305
vt 0.5235990285873413 -8.849348068237305
vt 0.6981319785118103 -9.530067443847656
vt 0.6981319785118103 -8.849348068237305
vt 0.5235990285873413 -8.849348068237305
vt 0.6981319785118103 -8.849348068237305
vt 0.5235990285873413 -8.168628692626953
vt 0.5235990285873413 -8.168628692626953
vt 0.6981319785118103 -8.849348068237305
vt 0.6981319785118103 -8.168628692626953
vt 0.5235990285873413 -8.168628692626953
vt 0.6981319785118103 -8.168628692626953
vt 0.5235990285873413 -7.48790979385376
vt 0.5235990285873413 -7.48790979385376
vt 0.6981319785118103 -8.168628692626953
vt 0.6981319785118103 -7.48790979385376
vt 0.5235990285873413 -7.48790979385376
vt 0.6981319785118103 -7.48790979385376
vt 0.5235990285873413 -6.807190895080566
vt 0.5235990285873413 -6.807190895080566
vt 0.6981319785118103 -7.48790979385376
vt 0.6981319785118103 -6.807190895080566
vt 0.5235990285873413 -6.807190895080566
vt 0.6981319785118103 -6.807190895080566
vt 0.5235990285873413 -6.126471996307373
vt 0.5235990285873413 -6.126471996307373
vt 0.6981319785118103 -6.807190895080566
vt 0.6981319785118103 -6.126471996307373
vt 0.5235990285873413 -6.126471996307373
vt 0.6981319785118103 -6.126471996307373
vt 0.5235990285873413 -5.44575309753418
vt 0.5235990285873413 -5.44575309753418
vt 0.6981319785118103 -6.126471996307373
vt 0.6981319785118103 -5.44575309753418
vt 0.5235990285873413 -5.44575309753418
vt 0.6981319785118103 -5.44575309753418
vt 0.5235990285873413 -4.765034198760986
vt 0.5235990285873413 -4.765034198760986
vt 0.6981319785118103 -5.44575309753418
vt 0.6981319785118103 -4.765034198760986
vt 0.5235990285873413 -4.765034198760986
vt 0.6981319785118103 -4.765034198760986
vt 0.5235990285873413 -4.084313869476318
vt 0.5235990285873413 -4.084313869476318
vt 0.6981319785118103 -4.765034198760986
vt 0.6981319785118103 -4.084313869476318
vt 0.5235990285873413 -4.084313869476318
vt 0.6981319785118103 -4.084313869476318
vt 0.5235990285873413 -3.403594970703125
vt 0.5235990285873413 -3.403594970703125
vt 0.6981319785118103 -4.084313869476318
vt 0.6981319785118103 -3.403594970703125
vt 0.5235990285873413 -3.403594970703125
vt 0.6981319785118103 -3.403594970703125
vt 0.5235990285873413 -2.7228760719299316
vt 0.5235990285873413 -2.7228760719299316
vt 0.6981319785118103 -3.403594970703125
vt 0.6981319785118103 -2.7228760719299316
vt 0.5235990285873413 -2.7228760719299316
vt 0.6981319785118103 -2.7228760719299316
vt 0.5235990285873413 -2.042156934738159
vt 0.5235990285873413 -2.042156934738159
vt 0.6981319785118103 -2.7228760719299316
vt 0.6981319785118103 -2.042156934738159
vt 0.5235990285873413 -2.042156934738159
vt 0.6981319785118103 -2.042156934738159
vt 0.5235990285873413 -1.3614380359649658
vt 0.5235990285873413 -1.3614380359649658
vt 0.6981319785118103 -2.042156934738159
vt 0.6981319785118103 -1.3614380359649658
vt 0.5235990285873413 -1.3614380359649658
vt 0.6981319785118103 -1.3614380359649658
vt 0.5235990285873413 -0.6807190179824829
vt 0.5235990285873413 -0.6807190179824829
vt 0.6981319785118103 -1.3614380359649658
vt 0.6981319785118103 -0.6807190179824829
vt 0.17453299462795258 -10.210785865783691
vt 0.17453299462795258 -10.891505241394043
vt 0.34906598925590515 -10.891505241394043
vt 0.34906598925590515 -10.891505241394043
vt 0.5235990285873413 -10.891505241394043
vt 0.34906598925590515 -10.210785865783691
vt 0.34906598925590515 -10.210785865783691
vt 0.5235990285873413 -10.891505241394043
vt 0.5235990285873413 -10.210785865783691
vt 0.34906598925590515 -10.210785865783691
vt 0.5235990285873413 -10.210785865783691
vt 0.34906598925590515 -9.530067443847656
vt 0.34906598925590515 -9.530067443847656
vt 0.5235990285873413 -10.210785865783691
vt 0.5235990285873413 -9.530067443847656
vt 0.34906598925590515 -9.530067443847656
vt 0.5235990285873413 -9.530067443847656
vt 0.34906598925590515 -8.849348068237305
vt 0.34906598925590515 -8.849348068237305
vt 0.5235990285873413 -9.530067443847656
vt 0.5235990285873413 -8.849348068237305
vt 0.34906598925590515 -8.849348068237305
vt 0.5235990285873413 -8.849348068237305
vt 0.34906598925590515 -8.168628692626953
vt 0.34906598925590515 -8.168628692626953
vt 0.5235990285873413 -8.849348068237305
vt 0.5235990285873413 -8.168628692626953
vt 0.34906598925590515 -8.168628692626953
vt 0.5235990285873413 -8.168628692626953
vt 0.34906598925590515 -7.48790979385376
vt 0.34906598925590515 -7.48790979385376
vt 0.5235990285873413 -8.168628692626953
vt 0.5235990285873413 -7.48790979385376
vt 0.34906598925590515 -7.48790979385376
vt 0.5235990285873413 -7.48790979385376
vt 0.34906598925590515 -6.807190895080566
vt 0.34906598925590515 -6.807190895080566
vt 0.5235990285873413 -7.48790979385376
vt 0.5235990285873413 -6.807190895080566
vt 0.34906598925590515 -6.807190895080566
vt 0.5235990285873413 -6.807190895080566
vt 0.34906598925590515 -6.126471996307373
vt 0.34906598925590515 -6.126471996307373
vt 0.5235990285873413 -6.807190895080566
vt 0.5235990285873413 -6.126471996307373
vt 0.34906598925590515 -6.126471996307373
vt 0.5235990285873413 -6.126471996307373
vt 0.34906598925590515 -5.44575309753418
vt 0.34906598925590515 -5.44575309753418
vt 0.5235990285873413 -6.126471996307373
vt 0.5235990285873413 -5.44575309753418
vt 0.34906598925590515 -5.44575309753418
vt 0.5235990285873413 -5.44575309753418
vt 0.34906598925590515 -4.765034198760986
vt 0.34906598925590515 -4.765034198760986
vt 0.5235990285873413 -5.44575309753418
vt 0.5235990285873413 -4.765034198760986
vt 0.34906598925590515 -4.765034198760986
vt 0.5235990285873413 -4.765034198760986
vt 0.34906598925590515 -4.084313869476318
vt 0.34906598925590515 -4.084313869476318
vt 0.5235990285873413 -4.765034198760986
vt 0.5235990285873413 -4.084313869476318
vt 0.34906598925590515 -4.084313869476318
vt 0.5235990285873413 -4.084313869476318
vt 0.34906598925590515 -3.403594970703125
vt 0.34906598925590515 -3.403594970703125
vt 0.5235990285873413 -4.084313869476318
vt 0.5235990285873413 -3.403594970703125
vt 0.34906598925590515 -3.403594970703125
vt 0.5235990285873413 -3.403594970703125
vt 0.34906598925590515 -2.7228760719299316
vt 0.34906598925590515 -2.7228760719299316
vt 0.5235990285873413 -3.403594970703125
vt 0.5235990285873413 -2.7228760719299316
vt 0.34906598925590515 -2.7228760719299316
vt 0.5235990285873413 -2.7228760719299316
vt 0.34906598925590515 -2.042156934738159
vt 0.34906598925590515 -2.042156934738159
vt 0.5235990285873413 -2.7228760719299316
vt 0.5235990285873413 -2.042156934738159
vt 0.34906598925590515 -2.042156934738159
vt 0.5235990285873413 -2.042156934738159
vt 0.34906598925590515 -1.3614380359649658
vt 0.34906598925590515 -1.3614380359649658
vt 0.5235990285873413 -2.042156934738159
vt 0.5235990285873413 -1.3614380359649658
vt 0.34906598925590515 -1.3614380359649658
vt 0.5235990285873413 -1.3614380359649658
vt 0.34906598925590515 -0.6807190179824829
vt 0.34906598925590515 -0.6807190179824829
vt 0.5235990285873413 -1.3614380359649658
vt 0.5235990285873413 -0.6807190179824829
vt 0.17453299462795258 -9.530067443847656
vt 0.17453299462795258 -10.210785865783691
vt 0.34906598925590515 -10.210785865783691
vt 0.34906598925590515 -10.210785865783691
vt 0.17453299462795258 -10.210785865783691
vt 0.34906598925590515 -10.891505241394043
vt 0.17453299462795258 -9.530067443847656
vt 0.34906598925590515 -10.210785865783691
vt 0.34906598925590515 -9.530067443847656
vt 0.17453299462795258 -8.849348068237305
vt 0.17453299462795258 -9.530067443847656
vt 0.34906598925590515 -9.530067443847656
vt 0.17453299462795258 -8.849348068237305
vt 0.34906598925590515 -9.530067443847656
vt 0.34906598925590515 -8.849348068237305
vt 0.17453299462795258 -8.168628692626953
vt 0.17453299462795258 -8.849348068237305
vt 0.34906598925590515 -8.849348068237305
vt 0.17453299462795258 -8.168628692626953
vt 0.34906598925590515 -8.849348068237305
vt 0.34906598925590515 -8.168628692626953
vt 0.17453299462795258 -7.48790979385376
vt 0.17453299462795258 -8.168628692626953
vt 0.34906598925590515 -8.168628692626953
vt 0.17453299462795258 -7.48790979385376
vt 0.34906598925590515 -8.168628692626953
vt 0.34906598925590515 -7.48790979385376
vt 0.17453299462795258 -6.807190895080566
vt 0.17453299462795258 -7.48790979385376
vt 0.34906598925590515 -7.48790979385376
vt 0.17453299462795258 -6.807190895080566
vt 0.34906598925590515 -7.48790979385376
vt 0.34906598925590515 -6.807190895080566
vt 0.17453299462795258 -6.126471996307373
vt 0.17453299462795258 -6.807190895080566
vt 0.34906598925590515 -6.807190895080566
vt 0.17453299462795258 -6.126471996307373
vt 0.34906598925590515 -6.807190895080566
vt 0.34906598925590515 -6.126471996307373
vt 0.17453299462795258 -5.44575309753418
vt 0.17453299462795258 -6.126471996307373
vt 0.34906598925590515 -6.126471996307373
vt 0.17453299462795258 -5.44575309753418
vt 0.34906598925590515 -6.126471996307373
vt 0.34906598925590515 -5.44575309753418
vt 0.17453299462795258 -4.765034198760986
vt 0.17453299462795258 -5.44575309753418
vt 0.34906598925590515 -5.44575309753418
vt 0.17453299462795258 -4.765034198760986
vt 0.34906598925590515 -5.44575309753418
vt 0.34906598925590515 -4.765034198760986
vt 0.17453299462795258 -4.084313869476318
vt 0.17453299462795258 -4.765034198760986
vt 0.34906598925590515 -4.765034198760986
vt 0.17453299462795258 -4.084313869476318
vt 0.34906598925590515 -4.765034198760986
vt 0.34906598925590515 -4.084313869476318
vt 0.17453299462795258 -3.403594970703125
vt 0.17453299462795258 -4.084313869476318
vt 0.34906598925590515 -4.084313869476318
vt 0.17453299462795258 -3.403594970703125
vt 0.34906598925590515 -4.084313869476318
vt 0.34906598925590515 -3.403594970703125
vt 0.17453299462795258 -2.7228760719299316
vt 0.17453299462795258 -3.403594970703125
vt 0.34906598925590515 -3.403594970703125
vt 0.17453299462795258 -2.7228760719299316
vt 0.34906598925590515 -3.403594970703125
vt 0.34906598925590515 -2.7228760719299316
vt 0.17453299462795258 -2.042156934738159
vt 0.17453299462795258 -2.7228760719299316
vt 0.34906598925590515 -2.7228760719299316
vt 0.17453299462795258 -2.042156934738159
vt 0.34906598925590515 -2.7228760719299316
vt 0.34906598925590515 -2.042156934738159
vt 0.17453299462795258 -1.3614380359649658
vt 0.17453299462795258 -2.042156934738159
vt 0.34906598925590515 -2.042156934738159
vt 0.17453299462795258 -1.3614380359649658
vt 0.34906598925590515 -2.042156934738159
vt 0.34906598925590515 -1.3614380359649658
vt 0.17453299462795258 -0.6807190179824829
vt 0.17453299462795258 -1.3614380359649658
vt 0.34906598925590515 -1.3614380359649658
vt 0.17453299462795258 -0.6807190179824829
vt 0.34906598925590515 -1.3614380359649658
vt 0.34906598925590515 -0.6807190179824829
vn 3.0901698912593536e-7 0.9510565161477459 0.309016994828467
vn -2.220446049250313e-16 1 2.2204460436442257e-22
vn -0.031907600146678386 0.9848077521694302 0.17069152386651798
vn -0.031907600146678386 0.9848077521694302 0.17069152386651798
vn -2.220446049250313e-16 1 2.2204460436442257e-22
vn -2.220446049250313e-16 1 2.2204460436442257e-22
vn -0.031907600146678386 0.9848077521694302 0.17069152386651798
vn -2.220446049250313e-16 1 2.2204460436442257e-22
vn -0.06272880124250352 0.9848077511186768 0.16192217523011815
vn -0.06272880124250352 0.9848077511186768 0.16192217523011815
vn -2.220446049250313e-16 1 2.2204460436442257e-22
vn -2.220446049250313e-16 1 2.2204460436442257e-22
vn -0.06272880124250352 0.9848077511186768 0.16192217523011815
vn -2.220446049250313e-16 1 2.2204460436442257e-22
vn -0.09141384265415577 0.9848077512956899 0.14763875629091394
vn -0.09141384265415577 0.9848077512956899 0.14763875629091394
vn -2.220446049250313e-16 1 2.2204460436442257e-22
vn -2.220446049250313e-16 1 2.2204460436442257e-22
vn -0.09141384265415577 0.9848077512956899 0.14763875629091394
vn -2.220446049250313e-16 1 2.2204460436442257e-22
vn -0.11698589005904661 0.9848077530394101 0.12832767075171606
vn -0.11698589005904661 0.9848077530394101 0.12832767075171606
vn -2.220446049250313e-16 1 2.2204460436442257e-22
vn -2.220446049250313e-16 1 2.2204460436442257e-22
vn -0.11698589005904661 0.9848077530394101 0.12832767075171606
vn -2.220446049250313e-16 1 2.2204460436442257e-22
vn -0.13857414130053256 0.9848077511606463 0.10464655090699566
vn -0.13857414130053256 0.9848077511606463 0.10464655090699566
vn -2.220446049250313e-16 1 2.2204460436442257e-22
vn -2.220446049250313e-16 1 2.2204460436442257e-22
vn -0.13857414130053256 0.9848077511606463 0.10464655090699566
vn -2.220446049250313e-16 1 2.2204460436442257e-22
vn -0.15544340362150444 0.984807751749055 0.07740181112566805
vn -0.15544340362150444 0.984807751749055 0.07740181112566805
vn -2.220446049250313e-16 1 2.2204460436442257e-22
vn -2.220446049250313e-16 1 2.2204460436442257e-22
vn -0.15544340362150444 0.984807751749055 0.07740181112566805
vn -2.220446049250313e-16 1 2.2204460436442257e-22
vn -0.16701923663155702 0.9848077504998306 0.04752124946248142
vn -0.16701923663155702 0.9848077504998306 0.04752124946248142
vn -2.220446049250313e-16 1 2.2204460436442257e-22
vn -2.220446049250313e-16 1 2.2204460436442257e-22
vn -0.16701923663155702 0.9848077504998306 0.04752124946248142
vn -2.220446049250313e-16 1 2.2204460436442257e-22
vn -0.17290741593805797 0.9848077518535372 0.016022403153254858
vn -0.17290741593805797 0.9848077518535372 0.016022403153254858
vn -2.220446049250313e-16 1 2.2204460436442257e-22
vn -2.220446049250313e-16 1 2.2204460436442257e-22
vn -0.17290741593805797 0.9848077518535372 0.016022403153254858
vn -2.220446049250313e-16 1 2.2204460436442257e-22
vn -0.17290744580401912 0.9848077522159929 -0.01602205856979138
vn -0.17290744580401912 0.9848077522159929 -0.01602205856979138
vn -2.220446049250313e-16 1 2.2204460436442257e-22
vn -2.220446049250313e-16 1 2.2204460436442257e-22
vn -0.17290744580401912 0.9848077522159929 -0.01602205856979138
vn -2.220446049250313e-16 1 2.2204460436442257e-22
vn -0.16701932620554488 0.9848077514846353 -0.047520914233868256
vn -0.16701932620554488 0.9848077514846353 -0.047520914233868256
vn -2.220446049250313e-16 1 2.2204460436442257e-22
vn -2.220446049250313e-16 1 2.2204460436442257e-22
vn -0.16701932620554488 0.9848077514846353 -0.047520914233868256
vn -2.220446049250313e-16 1 2.2204460436442257e-22
vn -0.15544356733868545 0.9848077505098641 -0.0774014981038811
vn -0.15544356733868545 0.9848077505098641 -0.0774014981038811
vn -2.220446049250313e-16 1 2.2204460436442257e-22
vn -2.220446049250313e-16 1 2.2204460436442257e-22
vn -0.15544356733868545 0.9848077505098641 -0.0774014981038811
vn -2.220446049250313e-16 1 2.2204460436442257e-22
vn -0.13857435001641033 0.984807751868592 -0.10464626786015356
vn -0.13857435001641033 0.984807751868592 -0.10464626786015356
vn -2.220446049250313e-16 1 2.2204460436442257e-22
vn -2.220446049250313e-16 1 2.2204460436442257e-22
vn -0.13857435001641033 0.984807751868592 -0.10464626786015356
vn -2.220446049250313e-16 1 2.2204460436442257e-22
vn -0.11698615083980772 0.9848077531272456 -0.12832743234457689
vn -0.11698615083980772 0.9848077531272456 -0.12832743234457689
vn -2.220446049250313e-16 1 2.2204460436442257e-22
vn -2.220446049250313e-16 1 2.2204460436442257e-22
vn -0.11698615083980772 0.9848077531272456 -0.12832743234457689
vn -2.220446049250313e-16 1 2.2204460436442257e-22
vn -0.0914141334130556 0.9848077533021697 -0.14763856287661786
vn -0.0914141334130556 0.9848077533021697 -0.14763856287661786
vn -2.220446049250313e-16 1 2.2204460436442257e-22
vn -2.220446049250313e-16 1 2.2204460436442257e-22
vn -0.0914141334130556 0.9848077533021697 -0.14763856287661786
vn -2.220446049250313e-16 1 2.2204460436442257e-22
vn -0.06272912156765864 0.9848077503365733 -0.16192205589223257
vn -0.06272912156765864 0.9848077503365733 -0.16192205589223257
vn -2.220446049250313e-16 1 2.2204460436442257e-22
vn -2.220446049250313e-16 1 2.2204460436442257e-22
vn -0.06272912156765864 0.9848077503365733 -0.16192205589223257
vn -2.220446049250313e-16 1 2.2204460436442257e-22
vn -0.0319079428490913 0.9848077514193615 -0.17069146413186648
vn -0.0319079428490913 0.9848077514193615 -0.17069146413186648
vn -2.220446049250313e-16 1 2.2204460436442257e-22
vn -2.220446049250313e-16 1 2.2204460436442257e-22
vn -0.0319079428490913 0.9848077514193615 -0.17069146413186648
vn -2.220446049250313e-16 1 2.2204460436442257e-22
vn -3.0901698912593536e-7 0.9510565161477459 -0.309016994828467
vn -0.0319079428490913 0.9848077514193615 -0.17069146413186648
vn -3.0901698912593536e-7 0.9510565161477459 -0.309016994828467
vn -0.09187525621437473 0.866025398670748 -0.4914864658896671
vn -0.09187525621437473 0.866025398670748 -0.4914864658896671
vn -3.0901698912593536e-7 0.9510565161477459 -0.309016994828467
vn -5.877852221266721e-7 0.8090170011594585 -0.5877852429541006
vn -0.09187525621437473 0.866025398670748 -0.4914864658896671
vn -5.877852221266721e-7 0.8090170011594585 -0.5877852429541006
vn -0.140761047973498 0.6427876370242079 -0.75300091703944
vn -0.140761047973498 0.6427876370242079 -0.75300091703944
vn -5.877852221266721e-7 0.8090170011594585 -0.5877852429541006
vn -8.090170226161325e-7 0.5877852429540098 -0.8090170011593335
vn -0.140761047973498 0.6427876370242079 -0.75300091703944
vn -8.090170226161325e-7 0.5877852429540098 -0.8090170011593335
vn -0.1726689767268375 0.3420201503446724 -0.9236923953537317
vn -0.1726689767268375 0.3420201503446724 -0.9236923953537317
vn -8.090170226161325e-7 0.5877852429540098 -0.8090170011593335
vn -9.510564825724556e-7 0.309016994828342 -0.9510565161473611
vn -0.1726689767268375 0.3420201503446724 -0.9236923953537317
vn -9.510564825724556e-7 0.309016994828342 -0.9510565161473611
vn -0.1837505091737298 -2.0400404607127086e-17 -0.9829729143666142
vn -0.1837505091737298 -2.0400404607127086e-17 -0.9829729143666142
vn -9.510564825724556e-7 0.309016994828342 -0.9510565161473611
vn -9.999999974747427e-7 -1.1102230218215578e-22 -0.9999999999995
vn -0.1726689767268375 0.3420201503446724 -0.9236923953537317
vn -0.1837505091737298 -2.0400404607127086e-17 -0.9829729143666142
vn -0.33945700926741423 0.34202015803460895 -0.8762369259265463
vn -0.33945700926741423 0.34202015803460895 -0.8762369259265463
vn -0.1837505091737298 -2.0400404607127086e-17 -0.9829729143666142
vn -0.36124261799072777 -4.010598719691758e-17 -0.9324718606731277
vn -0.33945700926741423 0.34202015803460895 -0.8762369259265463
vn -0.36124261799072777 -4.010598719691758e-17 -0.9324718606731277
vn -0.49468520702291835 0.34202015689343523 -0.7989422746552357
vn -0.49468520702291835 0.34202015689343523 -0.7989422746552357
vn -0.36124261799072777 -4.010598719691758e-17 -0.9324718606731277
vn -0.5264329891654513 -5.844580254937296e-17 -0.8502166241131301
vn -0.49468520702291835 0.34202015689343523 -0.7989422746552357
vn -0.5264329891654513 -5.844580254937296e-17 -0.8502166241131301
vn -0.6330675299567083 0.34202014410271825 -0.6944405831620645
vn -0.6330675299567083 0.34202014410271825 -0.6944405831620645
vn -0.5264329891654513 -5.844580254937296e-17 -0.8502166241131301
vn -0.6736963892822996 -7.479532429880415e-17 -0.7390082374831772
vn -0.6330675299567083 0.34202014410271825 -0.6944405831620645
vn -0.6736963892822996 -7.479532429880415e-17 -0.7390082374831772
vn -0.7498914663840682 0.3420201569375721 -0.5662905622494075
vn -0.7498914663840682 0.3420201569375721 -0.5662905622494075
vn -0.6736963892822996 -7.479532429880415e-17 -0.7390082374831772
vn -0.7980178211504101 -8.859777591023855e-17 -0.6026338499672519
vn -0.7498914663840682 0.3420201569375721 -0.5662905622494075
vn -0.7980178211504101 -8.859777591023855e-17 -0.6026338499672519
vn -0.841178759595806 0.3420201478036662 -0.41885619596852064
vn -0.841178759595806 0.3420201478036662 -0.41885619596852064
vn -0.7980178211504101 -8.859777591023855e-17 -0.6026338499672519
vn -0.8951637244994403 -9.938313777484889e-17 -0.4457374859043049
vn -0.841178759595806 0.3420201478036662 -0.41885619596852064
vn -0.8951637244994403 -9.938313777484889e-17 -0.4457374859043049
vn -0.9038207178816152 0.34202013342608795 -0.2571581969511428
vn -0.9038207178816152 0.34202013342608795 -0.2571581969511428
vn -0.8951637244994403 -9.938313777484889e-17 -0.4457374859043049
vn -0.9618259154709783 -1.0678412770370497e-16 -0.2736620330415132
vn -0.9038207178816152 0.34202013342608795 -0.2571581969511428
vn -0.9618259154709783 -1.0678412770370497e-16 -0.2736620330415132
vn -0.9356841412748231 0.342020152821558 -0.08670295745079899
vn -0.9356841412748231 0.342020152821558 -0.08670295745079899
vn -0.9618259154709783 -1.0678412770370497e-16 -0.2736620330415132
vn -0.9957342685633789 -1.1054871113673524e-16 -0.09226736372386912
vn -0.9356841412748231 0.342020152821558 -0.08670295745079899
vn -0.9957342685633789 -1.1054871113673524e-16 -0.09226736372386912
vn -0.9356839672972223 0.3420201545893806 0.08670482799467946
vn -0.9356839672972223 0.3420201545893806 0.08670482799467946
vn -0.9957342685633789 -1.1054871113673524e-16 -0.09226736372386912
vn -0.9957340835896129 -1.1054869060052185e-16 0.09226935990865863
vn -0.9356839672972223 0.3420201545893806 0.08670482799467946
vn -0.9957340835896129 -1.1054869060052185e-16 0.09226935990865863
vn -0.9038202080323525 0.34202012093378087 0.2571600055000716
vn -0.9038202080323525 0.34202012093378087 0.2571600055000716
vn -0.9957340835896129 -1.1054869060052185e-16 0.09226935990865863
vn -0.9618253732512557 -1.0678406750522293e-16 0.27366393874619765
vn -0.9038202080323525 0.34202012093378087 0.2571600055000716
vn -0.9618253732512557 -1.0678406750522293e-16 0.27366393874619765
vn -0.8411779275624897 0.34202014879238546 0.4188578661093875
vn -0.8411779275624897 0.34202014879238546 0.4188578661093875
vn -0.9618253732512557 -1.0678406750522293e-16 0.27366393874619765
vn -0.8951628333802187 -9.938303884074115e-17 0.44573927551282555
vn -0.8411779275624897 0.34202014879238546 0.4188578661093875
vn -0.8951628333802187 -9.938303884074115e-17 0.44573927551282555
vn -0.7498903379473367 0.3420201587854484 0.5662920554251186
vn -0.7498903379473367 0.3420201587854484 0.5662920554251186
vn -0.8951628333802187 -9.938303884074115e-17 0.44573927551282555
vn -0.7980166142745458 -8.859764192010132e-17 0.6026354481291244
vn -0.7498903379473367 0.3420201587854484 0.5662920554251186
vn -0.7980166142745458 -8.859764192010132e-17 0.6026354481291244
vn -0.6330661224755805 0.34202015654506573 0.6944418601226613
vn -0.6330661224755805 0.34202015654506573 0.6944418601226613
vn -0.7980166142745458 -8.859764192010132e-17 0.6026354481291244
vn -0.6736949226247723 -7.479516146710855e-17 0.739009574518221
vn -0.6330661224755805 0.34202015654506573 0.6944418601226613
vn -0.6736949226247723 -7.479516146710855e-17 0.739009574518221
vn -0.4946835910471015 0.34202015229540755 0.7989432771934252
vn -0.4946835910471015 0.34202015229540755 0.7989432771934252
vn -0.6736949226247723 -7.479516146710855e-17 0.739009574518221
vn -0.5264313292222776 -5.844561825865986e-17 0.8502176519064196
vn -0.4946835910471015 0.34202015229540755 0.7989432771934252
vn -0.5264313292222776 -5.844561825865986e-17 0.8502176519064196
vn -0.33945526716398305 0.34202014436337336 0.8762376061573061
vn -0.33945526716398305 0.34202014436337336 0.8762376061573061
vn -0.5264313292222776 -5.844561825865986e-17 0.8502176519064196
vn -0.3612407445235253 -4.010577920027517e-17 0.9324725864582235
vn -0.33945526716398305 0.34202014436337336 0.8762376061573061
vn -0.3612407445235253 -4.010577920027517e-17 0.9324725864582235
vn -0.17266712703313794 0.3420201464826323 0.9236927425513968
vn -0.17266712703313794 0.3420201464826323 0.9236927425513968
vn -0.3612407445235253 -4.010577920027517e-17 0.9324725864582235
vn -0.18374854403739826 -2.0400186433166907e-17 0.9829732817142774
vn -0.17266712703313794 0.3420201464826323 0.9236927425513968
vn -0.18374854403739826 -2.0400186433166907e-17 0.9829732817142774
vn 9.510564825724556e-7 0.309016994828342 0.9510565161473611
vn 9.510564825724556e-7 0.309016994828342 0.9510565161473611
vn -0.18374854403739826 -2.0400186433166907e-17 0.9829732817142774
vn 9.999999974747427e-7 1.1102230218215578e-22 0.9999999999995
vn 9.510564825724556e-7 0.309016994828342 0.9510565161473611
vn 8.090170226161325e-7 0.5877852429540098 0.8090170011593335
vn -0.17266712703313794 0.3420201464826323 0.9236927425513968
vn -0.17266712703313794 0.3420201464826323 0.9236927425513968
vn 8.090170226161325e-7 0.5877852429540098 0.8090170011593335
vn -0.14075954118755177 0.6427876289474991 0.7530012056011082
vn -0.17266712703313794 0.3420201464826323 0.9236927425513968
vn -0.14075954118755177 0.6427876289474991 0.7530012056011082
vn -0.33945526716398305 0.34202014436337336 0.8762376061573061
vn -0.33945526716398305 0.34202014436337336 0.8762376061573061
vn -0.14075954118755177 0.6427876289474991 0.7530012056011082
vn -0.27672645642833743 0.6427876398139796 0.7143154194156731
vn -0.33945526716398305 0.34202014436337336 0.8762376061573061
vn -0.27672645642833743 0.6427876398139796 0.7143154194156731
vn -0.4946835910471015 0.34202015229540755 0.7989432771934252
vn -0.4946835910471015 0.34202015229540755 0.7989432771934252
vn -0.27672645642833743 0.6427876398139796 0.7143154194156731
vn -0.40326977182750745 0.6427876418077852 0.6513044899809737
vn -0.4946835910471015 0.34202015229540755 0.7989432771934252
vn -0.40326977182750745 0.6427876418077852 0.6513044899809737
vn -0.6330661224755805 0.34202015654506573 0.6944418601226613
vn -0.6330661224755805 0.34202015654506573 0.6944418601226613
vn -0.40326977182750745 0.6427876418077852 0.6513044899809737
vn -0.5160802468145999 0.6427876185589699 0.5661141724732477
vn -0.6330661224755805 0.34202015654506573 0.6944418601226613
vn -0.5160802468145999 0.6427876185589699 0.5661141724732477
vn -0.7498903379473367 0.3420201587854484 0.5662920554251186
vn -0.7498903379473367 0.3420201587854484 0.5662920554251186
vn -0.5160802468145999 0.6427876185589699 0.5661141724732477
vn -0.611316196162135 0.6427876270103134 0.46164550780042063
vn -0.7498903379473367 0.3420201587854484 0.5662920554251186
vn -0.611316196162135 0.6427876270103134 0.46164550780042063
vn -0.8411779275624897 0.34202014879238546 0.4188578661093875
vn -0.8411779275624897 0.34202014879238546 0.4188578661093875
vn -0.611316196162135 0.6427876270103134 0.46164550780042063
vn -0.6857345101317297 0.6427876350545261 0.34145605549675956
vn -0.8411779275624897 0.34202014879238546 0.4188578661093875
vn -0.6857345101317297 0.6427876350545261 0.34145605549675956
vn -0.9038202080323525 0.34202012093378087 0.2571600055000716
vn -0.9038202080323525 0.34202012093378087 0.2571600055000716
vn -0.6857345101317297 0.6427876350545261 0.34145605549675956
vn -0.736800993739475 0.6427875976124953 0.20963873683095577
vn -0.9038202080323525 0.34202012093378087 0.2571600055000716
vn -0.736800993739475 0.6427875976124953 0.20963873683095577
vn -0.9356839672972223 0.3420201545893806 0.08670482799467946
vn -0.9356839672972223 0.3420201545893806 0.08670482799467946
vn -0.736800993739475 0.6427875976124953 0.20963873683095577
vn -0.762776546162481 0.6427876290328496 0.07068242063458544
vn -0.9356839672972223 0.3420201545893806 0.08670482799467946
vn -0.762776546162481 0.6427876290328496 0.07068242063458544
vn -0.9356841412748231 0.342020152821558 -0.08670295745079899
vn -0.9356841412748231 0.342020152821558 -0.08670295745079899
vn -0.762776546162481 0.6427876290328496 0.07068242063458544
vn -0.7627766783595037 0.6427876399775406 -0.07068089446905566
vn -0.9356841412748231 0.342020152821558 -0.08670295745079899
vn -0.7627766783595037 0.6427876399775406 -0.07068089446905566
vn -0.9038207178816152 0.34202013342608795 -0.2571581969511428
vn -0.9038207178816152 0.34202013342608795 -0.2571581969511428
vn -0.7627766783595037 0.6427876399775406 -0.07068089446905566
vn -0.7368014123304397 0.6427875987975995 -0.2096372620024545
vn -0.9038207178816152 0.34202013342608795 -0.2571581969511428
vn -0.7368014123304397 0.6427875987975995 -0.2096372620024545
vn -0.841178759595806 0.3420201478036662 -0.41885619596852064
vn -0.841178759595806 0.3420201478036662 -0.41885619596852064
vn -0.7368014123304397 0.6427875987975995 -0.2096372620024545
vn -0.6857352100459932 0.6427876206738891 -0.34145467695080406
vn -0.841178759595806 0.3420201478036662 -0.41885619596852064
vn -0.6857352100459932 0.6427876206738891 -0.34145467695080406
vn -0.7498914663840682 0.3420201569375721 -0.5662905622494075
vn -0.7498914663840682 0.3420201569375721 -0.5662905622494075
vn -0.6857352100459932 0.6427876206738891 -0.34145467695080406
vn -0.6113171382731809 0.6427876148517814 -0.4616442771730702
vn -0.7498914663840682 0.3420201569375721 -0.5662905622494075
vn -0.6113171382731809 0.6427876148517814 -0.4616442771730702
vn -0.6330675299567083 0.34202014410271825 -0.6944405831620645
vn -0.6330675299567083 0.34202014410271825 -0.6944405831620645
vn -0.6113171382731809 0.6427876148517814 -0.4616442771730702
vn -0.5160813911306745 0.6427876332907507 -0.5661131125641793
vn -0.6330675299567083 0.34202014410271825 -0.6944405831620645
vn -0.5160813911306745 0.6427876332907507 -0.5661131125641793
vn -0.49468520702291835 0.34202015689343523 -0.7989422746552357
vn -0.49468520702291835 0.34202015689343523 -0.7989422746552357
vn -0.5160813911306745 0.6427876332907507 -0.5661131125641793
vn -0.40327107339488444 0.642787626291119 -0.6513036993983424
vn -0.49468520702291835 0.34202015689343523 -0.7989422746552357
vn -0.40327107339488444 0.642787626291119 -0.6513036993983424
vn -0.33945700926741423 0.34202015803460895 -0.8762369259265463
vn -0.33945700926741423 0.34202015803460895 -0.8762369259265463
vn -0.40327107339488444 0.642787626291119 -0.6513036993983424
vn -0.2767278834328809 0.6427876316680047 -0.7143148739214349
vn -0.33945700926741423 0.34202015803460895 -0.8762369259265463
vn -0.2767278834328809 0.6427876316680047 -0.7143148739214349
vn -0.1726689767268375 0.3420201503446724 -0.9236923953537317
vn -0.1726689767268375 0.3420201503446724 -0.9236923953537317
vn -0.2767278834328809 0.6427876316680047 -0.7143148739214349
vn -0.140761047973498 0.6427876370242079 -0.75300091703944
vn 8.090170226161325e-7 0.5877852429540098 0.8090170011593335
vn 5.877852221266721e-7 0.8090170011594585 0.5877852429541006
vn -0.14075954118755177 0.6427876289474991 0.7530012056011082
vn -0.14075954118755177 0.6427876289474991 0.7530012056011082
vn 5.877852221266721e-7 0.8090170011594585 0.5877852429541006
vn -0.09187427296484095 0.8660254008115974 0.49148664591857816
vn -0.14075954118755177 0.6427876289474991 0.7530012056011082
vn -0.09187427296484095 0.8660254008115974 0.49148664591857816
vn -0.27672645642833743 0.6427876398139796 0.7143154194156731
vn -0.27672645642833743 0.6427876398139796 0.7143154194156731
vn -0.09187427296484095 0.8660254008115974 0.49148664591857816
vn -0.1806203747183376 0.8660253998582363 0.4662362995702813
vn -0.27672645642833743 0.6427876398139796 0.7143154194156731
vn -0.1806203747183376 0.8660253998582363 0.4662362995702813
vn -0.40326977182750745 0.6427876418077852 0.6513044899809737
vn -0.40326977182750745 0.6427876418077852 0.6513044899809737
vn -0.1806203747183376 0.8660253998582363 0.4662362995702813
vn -0.2632156621479034 0.8660253918567624 0.4251088517772617
vn -0.40326977182750745 0.6427876418077852 0.6513044899809737
vn -0.2632156621479034 0.8660253918567624 0.4251088517772617
vn -0.5160802468145999 0.6427876185589699 0.5661141724732477
vn -0.5160802468145999 0.6427876185589699 0.5661141724732477
vn -0.2632156621479034 0.8660253918567624 0.4251088517772617
vn -0.3368474833059236 0.8660253861689651 0.3695048084955871
vn -0.5160802468145999 0.6427876185589699 0.5661141724732477
vn -0.3368474833059236 0.8660253861689651 0.3695048084955871
vn -0.611316196162135 0.6427876270103134 0.46164550780042063
vn -0.611316196162135 0.6427876270103134 0.46164550780042063
vn -0.3368474833059236 0.8660253861689651 0.3695048084955871
vn -0.39900831006595705 0.86602540166559 0.3013177262762065
vn -0.611316196162135 0.6427876270103134 0.46164550780042063
vn -0.39900831006595705 0.86602540166559 0.3013177262762065
vn -0.6857345101317297 0.6427876350545261 0.34145605549675956
vn -0.6857345101317297 0.6427876350545261 0.34145605549675956
vn -0.39900831006595705 0.86602540166559 0.3013177262762065
vn -0.44758141800351353 0.8660254029373367 0.22286963841041202
vn -0.6857345101317297 0.6427876350545261 0.34145605549675956
vn -0.44758141800351353 0.8660254029373367 0.22286963841041202
vn -0.736800993739475 0.6427875976124953 0.20963873683095577
vn -0.736800993739475 0.6427875976124953 0.20963873683095577
vn -0.44758141800351353 0.8660254029373367 0.22286963841041202
vn -0.4809126921757715 0.8660254004528807 0.13683197095225674
vn -0.736800993739475 0.6427875976124953 0.20963873683095577
vn -0.4809126921757715 0.8660254004528807 0.13683197095225674
vn -0.762776546162481 0.6427876290328496 0.07068242063458544
vn -0.762776546162481 0.6427876290328496 0.07068242063458544
vn -0.4809126921757715 0.8660254004528807 0.13683197095225674
vn -0.4978670529906108 0.8660253972928451 0.046134680991784714
vn -0.762776546162481 0.6427876290328496 0.07068242063458544
vn -0.4978670529906108 0.8660253972928451 0.046134680991784714
vn -0.7627766783595037 0.6427876399775406 -0.07068089446905566
vn -0.7627766783595037 0.6427876399775406 -0.07068089446905566
vn -0.4978670529906108 0.8660253972928451 0.046134680991784714
vn -0.4978671431675583 0.8660253986322018 -0.04613368268532261
vn -0.7627766783595037 0.6427876399775406 -0.07068089446905566
vn -0.4978671431675583 0.8660253986322018 -0.04613368268532261
vn -0.7368014123304397 0.6427875987975995 -0.2096372620024545
vn -0.7368014123304397 0.6427875987975995 -0.2096372620024545
vn -0.4978671431675583 0.8660253986322018 -0.04613368268532261
vn -0.4809129611189167 0.8660254017534862 -0.13683101748342108
vn -0.7368014123304397 0.6427875987975995 -0.2096372620024545
vn -0.4809129611189167 0.8660254017534862 -0.13683101748342108
vn -0.6857352100459932 0.6427876206738891 -0.34145467695080406
vn -0.6857352100459932 0.6427876206738891 -0.34145467695080406
vn -0.4809129611189167 0.8660254017534862 -0.13683101748342108
vn -0.44758186466954913 0.8660254022237309 -0.2228687441570812
vn -0.6857352100459932 0.6427876206738891 -0.34145467695080406
vn -0.44758186466954913 0.8660254022237309 -0.2228687441570812
vn -0.6113171382731809 0.6427876148517814 -0.4616442771730702
vn -0.6113171382731809 0.6427876148517814 -0.4616442771730702
vn -0.44758186466954913 0.8660254022237309 -0.2228687441570812
vn -0.39900890796028393 0.8660254056762829 -0.30131692300893326
vn -0.6113171382731809 0.6427876148517814 -0.4616442771730702
vn -0.39900890796028393 0.8660254056762829 -0.30131692300893326
vn -0.5160813911306745 0.6427876332907507 -0.5661131125641793
vn -0.5160813911306745 0.6427876332907507 -0.5661131125641793
vn -0.39900890796028393 0.8660254056762829 -0.30131692300893326
vn -0.3368482027203019 0.8660253968606955 -0.36950412760397827
vn -0.5160813911306745 0.6427876332907507 -0.5661131125641793
vn -0.3368482027203019 0.8660253968606955 -0.36950412760397827
vn -0.40327107339488444 0.642787626291119 -0.6513036993983424
vn -0.40327107339488444 0.642787626291119 -0.6513036993983424
vn -0.3368482027203019 0.8660253968606955 -0.36950412760397827
vn -0.2632164988243214 0.8660253991325902 -0.4251083189069625
vn -0.40327107339488444 0.642787626291119 -0.6513036993983424
vn -0.2632164988243214 0.8660253991325902 -0.4251083189069625
vn -0.2767278834328809 0.6427876316680047 -0.7143148739214349
vn -0.2767278834328809 0.6427876316680047 -0.7143148739214349
vn -0.2632164988243214 0.8660253991325902 -0.4251083189069625
vn -0.18062131298161696 0.8660253974134732 -0.466235940626238
vn -0.2767278834328809 0.6427876316680047 -0.7143148739214349
vn -0.18062131298161696 0.8660253974134732 -0.466235940626238
vn -0.140761047973498 0.6427876370242079 -0.75300091703944
vn -0.140761047973498 0.6427876370242079 -0.75300091703944
vn -0.18062131298161696 0.8660253974134732 -0.466235940626238
vn -0.09187525621437473 0.866025398670748 -0.4914864658896671
vn 5.877852221266721e-7 0.8090170011594585 0.5877852429541006
vn 3.0901698912593536e-7 0.9510565161477459 0.309016994828467
vn -0.09187427296484095 0.8660254008115974 0.49148664591857816
vn -0.09187427296484095 0.8660254008115974 0.49148664591857816
vn 3.0901698912593536e-7 0.9510565161477459 0.309016994828467
vn -0.031907600146678386 0.9848077521694302 0.17069152386651798
vn -0.09187427296484095 0.8660254008115974 0.49148664591857816
vn -0.031907600146678386 0.9848077521694302 0.17069152386651798
vn -0.1806203747183376 0.8660253998582363 0.4662362995702813
vn -0.1806203747183376 0.8660253998582363 0.4662362995702813
vn -0.031907600146678386 0.9848077521694302 0.17069152386651798
vn -0.06272880124250352 0.9848077511186768 0.16192217523011815
vn -0.1806203747183376 0.8660253998582363 0.4662362995702813
vn -0.06272880124250352 0.9848077511186768 0.16192217523011815
vn -0.2632156621479034 0.8660253918567624 0.4251088517772617
vn -0.2632156621479034 0.8660253918567624 0.4251088517772617
vn -0.06272880124250352 0.9848077511186768 0.16192217523011815
vn -0.09141384265415577 0.9848077512956899 0.14763875629091394
vn -0.2632156621479034 0.8660253918567624 0.4251088517772617
vn -0.09141384265415577 0.9848077512956899 0.14763875629091394
vn -0.3368474833059236 0.8660253861689651 0.3695048084955871
vn -0.3368474833059236 0.8660253861689651 0.3695048084955871
vn -0.09141384265415577 0.9848077512956899 0.14763875629091394
vn -0.11698589005904661 0.9848077530394101 0.12832767075171606
vn -0.3368474833059236 0.8660253861689651 0.3695048084955871
vn -0.11698589005904661 0.9848077530394101 0.12832767075171606
vn -0.39900831006595705 0.86602540166559 0.3013177262762065
vn -0.39900831006595705 0.86602540166559 0.3013177262762065
vn -0.11698589005904661 0.9848077530394101 0.12832767075171606
vn -0.13857414130053256 0.9848077511606463 0.10464655090699566
vn -0.39900831006595705 0.86602540166559 0.3013177262762065
vn -0.13857414130053256 0.9848077511606463 0.10464655090699566
vn -0.44758141800351353 0.8660254029373367 0.22286963841041202
vn -0.44758141800351353 0.8660254029373367 0.22286963841041202
vn -0.13857414130053256 0.9848077511606463 0.10464655090699566
vn -0.15544340362150444 0.984807751749055 0.07740181112566805
vn -0.44758141800351353 0.8660254029373367 0.22286963841041202
vn -0.15544340362150444 0.984807751749055 0.07740181112566805
vn -0.4809126921757715 0.8660254004528807 0.13683197095225674
vn -0.4809126921757715 0.8660254004528807 0.13683197095225674
vn -0.15544340362150444 0.984807751749055 0.07740181112566805
vn -0.16701923663155702 0.9848077504998306 0.04752124946248142
vn -0.4809126921757715 0.8660254004528807 0.13683197095225674
vn -0.16701923663155702 0.9848077504998306 0.04752124946248142
vn -0.4978670529906108 0.8660253972928451 0.046134680991784714
vn -0.4978670529906108 0.8660253972928451 0.046134680991784714
vn -0.16701923663155702 0.9848077504998306 0.04752124946248142
vn -0.17290741593805797 0.9848077518535372 0.016022403153254858
vn -0.4978670529906108 0.8660253972928451 0.046134680991784714
vn -0.17290741593805797 0.9848077518535372 0.016022403153254858
vn -0.4978671431675583 0.8660253986322018 -0.04613368268532261
vn -0.4978671431675583 0.8660253986322018 -0.04613368268532261
vn -0.17290741593805797 0.9848077518535372 0.016022403153254858
vn -0.17290744580401912 0.9848077522159929 -0.01602205856979138
vn -0.4978671431675583 0.8660253986322018 -0.04613368268532261
vn -0.17290744580401912 0.9848077522159929 -0.01602205856979138
vn -0.4809129611189167 0.8660254017534862 -0.13683101748342108
vn -0.4809129611189167 0.8660254017534862 -0.13683101748342108
vn -0.17290744580401912 0.9848077522159929 -0.01602205856979138
vn -0.16701932620554488 0.9848077514846353 -0.047520914233868256
vn -0.4809129611189167 0.8660254017534862 -0.13683101748342108
vn -0.16701932620554488 0.9848077514846353 -0.047520914233868256
vn -0.44758186466954913 0.8660254022237309 -0.2228687441570812
vn -0.44758186466954913 0.8660254022237309 -0.2228687441570812
vn -0.16701932620554488 0.9848077514846353 -0.047520914233868256
vn -0.15544356733868545 0.9848077505098641 -0.0774014981038811
vn -0.44758186466954913 0.8660254022237309 -0.2228687441570812
vn -0.15544356733868545 0.9848077505098641 -0.0774014981038811
vn -0.39900890796028393 0.8660254056762829 -0.30131692300893326
vn -0.39900890796028393 0.8660254056762829 -0.30131692300893326
vn -0.15544356733868545 0.9848077505098641 -0.0774014981038811
vn -0.13857435001641033 0.984807751868592 -0.10464626786015356
vn -0.39900890796028393 0.8660254056762829 -0.30131692300893326
vn -0.13857435001641033 0.984807751868592 -0.10464626786015356
vn -0.3368482027203019 0.8660253968606955 -0.36950412760397827
vn -0.3368482027203019 0.8660253968606955 -0.36950412760397827
vn -0.13857435001641033 0.984807751868592 -0.10464626786015356
vn -0.11698615083980772 0.9848077531272456 -0.12832743234457689
vn -0.3368482027203019 0.8660253968606955 -0.36950412760397827
vn -0.11698615083980772 0.9848077531272456 -0.12832743234457689
vn -0.2632164988243214 0.8660253991325902 -0.4251083189069625
vn -0.2632164988243214 0.8660253991325902 -0.4251083189069625
vn -0.11698615083980772 0.9848077531272456 -0.12832743234457689
vn -0.0914141334130556 0.9848077533021697 -0.14763856287661786
vn -0.2632164988243214 0.8660253991325902 -0.4251083189069625
vn -0.0914141334130556 0.9848077533021697 -0.14763856287661786
vn -0.18062131298161696 0.8660253974134732 -0.466235940626238
vn -0.18062131298161696 0.8660253974134732 -0.466235940626238
vn -0.0914141334130556 0.9848077533021697 -0.14763856287661786
vn -0.06272912156765864 0.9848077503365733 -0.16192205589223257
vn -0.18062131298161696 0.8660253974134732 -0.466235940626238
vn -0.06272912156765864 0.9848077503365733 -0.16192205589223257
vn -0.09187525621437473 0.866025398670748 -0.4914864658896671
vn -0.09187525621437473 0.866025398670748 -0.4914864658896671
vn -0.06272912156765864 0.9848077503365733 -0.16192205589223257
vn -0.0319079428490913 0.9848077514193615 -0.17069146413186648
vn -9.999999974747427e-7 -1.1102230218215578e-22 -0.9999999999995
vn -0.17364918138493252 -1.927893193808622e-17 -0.9848075760291158
vn -9.999999974747427e-7 -1.1102230218215578e-22 -0.9999999999995
vn -9.999999974747427e-7 -1.1102230218215578e-22 -0.9999999999995
vn -0.17364918138493252 -1.927893193808622e-17 -0.9848075760291158
vn -0.1837505091737298 -2.0400404607127086e-17 -0.9829729143666142
vn -0.1837505091737298 -2.0400404607127086e-17 -0.9829729143666142
vn -0.17364918138493252 -1.927893193808622e-17 -0.9848075760291158
vn -0.3420210848789272 -3.797196833398599e-17 -0.9396922780880141
vn -0.1837505091737298 -2.0400404607127086e-17 -0.9829729143666142
vn -0.3420210848789272 -3.797196833398599e-17 -0.9396922780880141
vn -0.36124261799072777 -4.010598719691758e-17 -0.9324718606731277
vn -0.36124261799072777 -4.010598719691758e-17 -0.9324718606731277
vn -0.3420210848789272 -3.797196833398599e-17 -0.9396922780880141
vn -0.5000008837591082 -5.551124934822884e-17 -0.8660248935452785
vn -0.36124261799072777 -4.010598719691758e-17 -0.9324718606731277
vn -0.5000008837591082 -5.551124934822884e-17 -0.8660248935452785
vn -0.5264329891654513 -5.844580254937296e-17 -0.8502166241131301
vn -0.5264329891654513 -5.844580254937296e-17 -0.8502166241131301
vn -0.5000008837591082 -5.551124934822884e-17 -0.8660248935452785
vn -0.6427883698838519 -7.13638448206324e-17 -0.7660438052370506
vn -0.5264329891654513 -5.844580254937296e-17 -0.8502166241131301
vn -0.6427883698838519 -7.13638448206324e-17 -0.7660438052370506
vn -0.6736963892822996 -7.479532429880415e-17 -0.7390082374831772
vn -0.6736963892822996 -7.479532429880415e-17 -0.7390082374831772
vn -0.6427883698838519 -7.13638448206324e-17 -0.7660438052370506
vn -0.7660450807744882 -8.504808865766746e-17 -0.6427868497575289
vn -0.6736963892822996 -7.479532429880415e-17 -0.7390082374831772
vn -0.7660450807744882 -8.504808865766746e-17 -0.6427868497575289
vn -0.7980178211504101 -8.859777591023855e-17 -0.6026338499672519
vn -0.7980178211504101 -8.859777591023855e-17 -0.6026338499672519
vn -0.7660450807744882 -8.504808865766746e-17 -0.6427868497575289
vn -0.866025908247273 -9.614819032580357e-17 -0.49999912624372245
vn -0.7980178211504101 -8.859777591023855e-17 -0.6026338499672519
vn -0.866025908247273 -9.614819032580357e-17 -0.49999912624372245
vn -0.8951637244994403 -9.938313777484889e-17 -0.4457374859043049
vn -0.8951637244994403 -9.938313777484889e-17 -0.4457374859043049
vn -0.866025908247273 -9.614819032580357e-17 -0.49999912624372245
vn -0.9396929651887928 -1.0432687660308834e-16 -0.3420191970850382
vn -0.8951637244994403 -9.938313777484889e-17 -0.4457374859043049
vn -0.9396929651887928 -1.0432687660308834e-16 -0.3420191970850382
vn -0.9618259154709783 -1.0678412770370497e-16 -0.2736620330415132
vn -0.9618259154709783 -1.0678412770370497e-16 -0.2736620330415132
vn -0.9396929651887928 -1.0432687660308834e-16 -0.3420191970850382
vn -0.9848079231817822 -1.0933564311496971e-16 -0.17364721258455293
vn -0.9618259154709783 -1.0678412770370497e-16 -0.2736620330415132
vn -0.9848079231817822 -1.0933564311496971e-16 -0.17364721258455293
vn -0.9957342685633789 -1.1054871113673524e-16 -0.09226736372386912
vn -0.9957342685633789 -1.1054871113673524e-16 -0.09226736372386912
vn -0.9848079231817822 -1.0933564311496971e-16 -0.17364721258455293
vn -0.9999999999995 -1.1102230246246014e-16 9.999999974747427e-7
vn -0.9957342685633789 -1.1054871113673524e-16 -0.09226736372386912
vn -0.9999999999995 -1.1102230246246014e-16 9.999999974747427e-7
vn -0.9957340835896129 -1.1054869060052185e-16 0.09226935990865863
vn -0.9957340835896129 -1.1054869060052185e-16 0.09226935990865863
vn -0.9999999999995 -1.1102230246246014e-16 9.999999974747427e-7
vn -0.9848075760291158 -1.0933560457328138e-16 0.17364918138493252
vn -0.9957340835896129 -1.1054869060052185e-16 0.09226935990865863
vn -0.9848075760291158 -1.0933560457328138e-16 0.17364918138493252
vn -0.9618253732512557 -1.0678406750522293e-16 0.27366393874619765
vn -0.9618253732512557 -1.0678406750522293e-16 0.27366393874619765
vn -0.9848075760291158 -1.0933560457328138e-16 0.17364918138493252
vn -0.9396922780880141 -1.0432680031957788e-16 0.3420210848789272
vn -0.9618253732512557 -1.0678406750522293e-16 0.27366393874619765
vn -0.9396922780880141 -1.0432680031957788e-16 0.3420210848789272
vn -0.8951628333802187 -9.938303884074115e-17 0.44573927551282555
vn -0.8951628333802187 -9.938303884074115e-17 0.44573927551282555
vn -0.9396922780880141 -1.0432680031957788e-16 0.3420210848789272
vn -0.8660248935452785 -9.614807767125182e-17 0.5000008837591082
vn -0.8951628333802187 -9.938303884074115e-17 0.44573927551282555
vn -0.8660248935452785 -9.614807767125182e-17 0.5000008837591082
vn -0.7980166142745458 -8.859764192010132e-17 0.6026354481291244
vn -0.7980166142745458 -8.859764192010132e-17 0.6026354481291244
vn -0.8660248935452785 -9.614807767125182e-17 0.5000008837591082
vn -0.7660438052370506 -8.504794704456427e-17 0.6427883698838519
vn -0.7980166142745458 -8.859764192010132e-17 0.6026354481291244
vn -0.7660438052370506 -8.504794704456427e-17 0.6427883698838519
vn -0.6736949226247723 -7.479516146710855e-17 0.739009574518221
vn -0.6736949226247723 -7.479516146710855e-17 0.739009574518221
vn -0.7660438052370506 -8.504794704456427e-17 0.6427883698838519
vn -0.6427868497575289 -7.136367605270798e-17 0.7660450807744882
vn -0.6736949226247723 -7.479516146710855e-17 0.739009574518221
vn -0.6427868497575289 -7.136367605270798e-17 0.7660450807744882
vn -0.5264313292222776 -5.844561825865986e-17 0.8502176519064196
vn -0.5264313292222776 -5.844561825865986e-17 0.8502176519064196
vn -0.6427868497575289 -7.136367605270798e-17 0.7660450807744882
vn -0.49999912624372245 -5.55110542248241e-17 0.866025908247273
vn -0.5264313292222776 -5.844561825865986e-17 0.8502176519064196
vn -0.49999912624372245 -5.55110542248241e-17 0.866025908247273
vn -0.3612407445235253 -4.010577920027517e-17 0.9324725864582235
vn -0.3612407445235253 -4.010577920027517e-17 0.9324725864582235
vn -0.49999912624372245 -5.55110542248241e-17 0.866025908247273
vn -0.3420191970850382 -3.797175874676186e-17 0.9396929651887928
vn -0.3612407445235253 -4.010577920027517e-17 0.9324725864582235
vn -0.3420191970850382 -3.797175874676186e-17 0.9396929651887928
vn -0.18374854403739826 -2.0400186433166907e-17 0.9829732817142774
vn -0.18374854403739826 -2.0400186433166907e-17 0.9829732817142774
vn -0.3420191970850382 -3.797175874676186e-17 0.9396929651887928
vn -0.17364721258455293 -1.927871335733499e-17 0.9848079231817822
vn -0.18374854403739826 -2.0400186433166907e-17 0.9829732817142774
vn -0.17364721258455293 -1.927871335733499e-17 0.9848079231817822
vn 9.999999974747427e-7 1.1102230218215578e-22 0.9999999999995
vn 9.999999974747427e-7 1.1102230218215578e-22 0.9999999999995
vn -0.17364721258455293 -1.927871335733499e-17 0.9848079231817822
vn 9.999999974747427e-7 1.1102230218215578e-22 0.9999999999995
vn 9.999999974747427e-7 1.1102230218215578e-22 0.9999999999995
vn -0.18374854403739826 -2.0400186433166907e-17 0.9829732817142774
vn 9.999999974747427e-7 1.1102230218215578e-22 0.9999999999995
vn 9.999999974747427e-7 1.1102230218215578e-22 0.9999999999995
vn -0.18374854403739826 -2.0400186433166907e-17 0.9829732817142774
vn -0.18374854403739826 -2.0400186433166907e-17 0.9829732817142774
vn -0.18374854403739826 -2.0400186433166907e-17 0.9829732817142774
vn -0.18374854403739826 -2.0400186433166907e-17 0.9829732817142774
vn -0.3612407445235253 -4.010577920027517e-17 0.9324725864582235
vn -0.18374854403739826 -2.0400186433166907e-17 0.9829732817142774
vn -0.3612407445235253 -4.010577920027517e-17 0.9324725864582235
vn -0.3612407445235253 -4.010577920027517e-17 0.9324725864582235
vn -0.3612407445235253 -4.010577920027517e-17 0.9324725864582235
vn -0.3612407445235253 -4.010577920027517e-17 0.9324725864582235
vn -0.5264313292222776 -5.844561825865986e-17 0.8502176519064196
vn -0.3612407445235253 -4.010577920027517e-17 0.9324725864582235
vn -0.5264313292222776 -5.844561825865986e-17 0.8502176519064196
vn -0.5264313292222776 -5.844561825865986e-17 0.8502176519064196
vn -0.5264313292222776 -5.844561825865986e-17 0.8502176519064196
vn -0.5264313292222776 -5.844561825865986e-17 0.8502176519064196
vn -0.6736949226247723 -7.479516146710855e-17 0.739009574518221
vn -0.5264313292222776 -5.844561825865986e-17 0.8502176519064196
vn -0.6736949226247723 -7.479516146710855e-17 0.739009574518221
vn -0.6736949226247723 -7.479516146710855e-17 0.739009574518221
vn -0.6736949226247723 -7.479516146710855e-17 0.739009574518221
vn -0.6736949226247723 -7.479516146710855e-17 0.739009574518221
vn -0.7980166142745458 -8.859764192010132e-17 0.6026354481291244
vn -0.6736949226247723 -7.479516146710855e-17 0.739009574518221
vn -0.7980166142745458 -8.859764192010132e-17 0.6026354481291244
vn -0.7980166142745458 -8.859764192010132e-17 0.6026354481291244
vn -0.7980166142745458 -8.859764192010132e-17 0.6026354481291244
vn -0.7980166142745458 -8.859764192010132e-17 0.6026354481291244
vn -0.8951628333802187 -9.938303884074115e-17 0.44573927551282555
vn -0.7980166142745458 -8.859764192010132e-17 0.6026354481291244
vn -0.8951628333802187 -9.938303884074115e-17 0.44573927551282555
vn -0.8951628333802187 -9.938303884074115e-17 0.44573927551282555
vn -0.8951628333802187 -9.938303884074115e-17 0.44573927551282555
vn -0.8951628333802187 -9.938303884074115e-17 0.44573927551282555
vn -0.9618253732512557 -1.0678406750522293e-16 0.27366393874619765
vn -0.8951628333802187 -9.938303884074115e-17 0.44573927551282555
vn -0.9618253732512557 -1.0678406750522293e-16 0.27366393874619765
vn -0.9618253732512557 -1.0678406750522293e-16 0.27366393874619765
vn -0.9618253732512557 -1.0678406750522293e-16 0.27366393874619765
vn -0.9618253732512557 -1.0678406750522293e-16 0.27366393874619765
vn -0.9957340835896129 -1.1054869060052185e-16 0.09226935990865863
vn -0.9618253732512557 -1.0678406750522293e-16 0.27366393874619765
vn -0.9957340835896129 -1.1054869060052185e-16 0.09226935990865863
vn -0.9957340835896129 -1.1054869060052185e-16 0.09226935990865863
vn -0.9957340835896129 -1.1054869060052185e-16 0.09226935990865863
vn -0.9957340835896129 -1.1054869060052185e-16 0.09226935990865863
vn -0.9957342685633789 -1.1054871113673524e-16 -0.09226736372386912
vn -0.9957340835896129 -1.1054869060052185e-16 0.09226935990865863
vn -0.9957342685633789 -1.1054871113673524e-16 -0.09226736372386912
vn -0.9957342685633789 -1.1054871113673524e-16 -0.09226736372386912
vn -0.9957342685633789 -1.1054871113673524e-16 -0.09226736372386912
vn -0.9957342685633789 -1.1054871113673524e-16 -0.09226736372386912
vn -0.9618259154709783 -1.0678412770370497e-16 -0.2736620330415132
vn -0.9957342685633789 -1.1054871113673524e-16 -0.09226736372386912
vn -0.9618259154709783 -1.0678412770370497e-16 -0.2736620330415132
vn -0.9618259154709783 -1.0678412770370497e-16 -0.2736620330415132
vn -0.9618259154709783 -1.0678412770370497e-16 -0.2736620330415132
vn -0.9618259154709783 -1.0678412770370497e-16 -0.2736620330415132
vn -0.8951637244994403 -9.938313777484889e-17 -0.4457374859043049
vn -0.9618259154709783 -1.0678412770370497e-16 -0.2736620330415132
vn -0.8951637244994403 -9.938313777484889e-17 -0.4457374859043049
vn -0.8951637244994403 -9.938313777484889e-17 -0.4457374859043049
vn -0.8951637244994403 -9.938313777484889e-17 -0.4457374859043049
vn -0.8951637244994403 -9.938313777484889e-17 -0.4457374859043049
vn -0.7980178211504101 -8.859777591023855e-17 -0.6026338499672519
vn -0.8951637244994403 -9.938313777484889e-17 -0.4457374859043049
vn -0.7980178211504101 -8.859777591023855e-17 -0.6026338499672519
vn -0.7980178211504101 -8.859777591023855e-17 -0.6026338499672519
vn -0.7980178211504101 -8.859777591023855e-17 -0.6026338499672519
vn -0.7980178211504101 -8.859777591023855e-17 -0.6026338499672519
vn -0.6736963892822996 -7.479532429880415e-17 -0.7390082374831772
vn -0.7980178211504101 -8.859777591023855e-17 -0.6026338499672519
vn -0.6736963892822996 -7.479532429880415e-17 -0.7390082374831772
vn -0.6736963892822996 -7.479532429880415e-17 -0.7390082374831772
vn -0.6736963892822996 -7.479532429880415e-17 -0.7390082374831772
vn -0.6736963892822996 -7.479532429880415e-17 -0.7390082374831772
vn -0.5264329891654513 -5.844580254937296e-17 -0.8502166241131301
vn -0.6736963892822996 -7.479532429880415e-17 -0.7390082374831772
vn -0.5264329891654513 -5.844580254937296e-17 -0.8502166241131301
vn -0.5264329891654513 -5.844580254937296e-17 -0.8502166241131301
vn -0.5264329891654513 -5.844580254937296e-17 -0.8502166241131301
vn -0.5264329891654513 -5.844580254937296e-17 -0.8502166241131301
vn -0.36124261799072777 -4.010598719691758e-17 -0.9324718606731277
vn -0.5264329891654513 -5.844580254937296e-17 -0.8502166241131301
vn -0.36124261799072777 -4.010598719691758e-17 -0.9324718606731277
vn -0.36124261799072777 -4.010598719691758e-17 -0.9324718606731277
vn -0.36124261799072777 -4.010598719691758e-17 -0.9324718606731277
vn -0.36124261799072777 -4.010598719691758e-17 -0.9324718606731277
vn -0.1837505091737298 -2.0400404607127086e-17 -0.9829729143666142
vn -0.36124261799072777 -4.010598719691758e-17 -0.9324718606731277
vn -0.1837505091737298 -2.0400404607127086e-17 -0.9829729143666142
vn -0.1837505091737298 -2.0400404607127086e-17 -0.9829729143666142
vn -0.1837505091737298 -2.0400404607127086e-17 -0.9829729143666142
vn -0.1837505091737298 -2.0400404607127086e-17 -0.9829729143666142
vn -9.999999974747427e-7 -1.1102230218215578e-22 -0.9999999999995
vn -9.999999974747427e-7 -1.1102230218215578e-22 -0.9999999999995
vn -0.1837505091737298 -2.0400404607127086e-17 -0.9829729143666142
vn -9.999999974747427e-7 -1.1102230218215578e-22 -0.9999999999995
vn 9.999999974747427e-7 1.1102230218215578e-22 0.9999999999995
vn 9.999999974747427e-7 1.1102230218215578e-22 0.9999999999995
vn -0.18374854403739826 -2.0400186433166907e-17 0.9829732817142774
vn -0.18374854403739826 -2.0400186433166907e-17 0.9829732817142774
vn 9.999999974747427e-7 1.1102230218215578e-22 0.9999999999995
vn -0.18374854403739826 -2.0400186433166907e-17 0.9829732817142774
vn -0.18374854403739826 -2.0400186433166907e-17 0.9829732817142774
vn -0.18374854403739826 -2.0400186433166907e-17 0.9829732817142774
vn -0.3612407445235253 -4.010577920027517e-17 0.9324725864582235
vn -0.3612407445235253 -4.010577920027517e-17 0.9324725864582235
vn -0.18374854403739826 -2.0400186433166907e-17 0.9829732817142774
vn -0.3612407445235253 -4.010577920027517e-17 0.9324725864582235
vn -0.3612407445235253 -4.010577920027517e-17 0.9324725864582235
vn -0.3612407445235253 -4.010577920027517e-17 0.9324725864582235
vn -0.5264313292222776 -5.844561825865986e-17 0.8502176519064196
vn -0.5264313292222776 -5.844561825865986e-17 0.8502176519064196
vn -0.3612407445235253 -4.010577920027517e-17 0.9324725864582235
vn -0.5264313292222776 -5.844561825865986e-17 0.8502176519064196
vn -0.5264313292222776 -5.844561825865986e-17 0.8502176519064196
vn -0.5264313292222776 -5.844561825865986e-17 0.8502176519064196
vn -0.6736949226247723 -7.479516146710855e-17 0.739009574518221
vn -0.6736949226247723 -7.479516146710855e-17 0.739009574518221
vn -0.5264313292222776 -5.844561825865986e-17 0.8502176519064196
vn -0.6736949226247723 -7.479516146710855e-17 0.739009574518221
vn -0.6736949226247723 -7.479516146710855e-17 0.739009574518221
vn -0.6736949226247723 -7.479516146710855e-17 0.739009574518221
vn -0.7980166142745458 -8.859764192010132e-17 0.6026354481291244
vn -0.7980166142745458 -8.859764192010132e-17 0.6026354481291244
vn -0.6736949226247723 -7.479516146710855e-17 0.739009574518221
vn -0.7980166142745458 -8.859764192010132e-17 0.6026354481291244
vn -0.7980166142745458 -8.859764192010132e-17 0.6026354481291244
vn -0.7980166142745458 -8.859764192010132e-17 0.6026354481291244
vn -0.8951628333802187 -9.938303884074115e-17 0.44573927551282555
vn -0.8951628333802187 -9.938303884074115e-17 0.44573927551282555
vn -0.7980166142745458 -8.859764192010132e-17 0.6026354481291244
vn -0.8951628333802187 -9.938303884074115e-17 0.44573927551282555
vn -0.8951628333802187 -9.938303884074115e-17 0.44573927551282555
vn -0.8951628333802187 -9.938303884074115e-17 0.44573927551282555
vn -0.9618253732512557 -1.0678406750522293e-16 0.27366393874619765
vn -0.9618253732512557 -1.0678406750522293e-16 0.27366393874619765
vn -0.8951628333802187 -9.938303884074115e-17 0.44573927551282555
vn -0.9618253732512557 -1.0678406750522293e-16 0.27366393874619765
vn -0.9618253732512557 -1.0678406750522293e-16 0.27366393874619765
vn -0.9618253732512557 -1.0678406750522293e-16 0.27366393874619765
vn -0.9957340835896129 -1.1054869060052185e-16 0.09226935990865863
vn -0.9957340835896129 -1.1054869060052185e-16 0.09226935990865863
vn -0.9618253732512557 -1.0678406750522293e-16 0.27366393874619765
vn -0.9957340835896129 -1.1054869060052185e-16 0.09226935990865863
vn -0.9957340835896129 -1.1054869060052185e-16 0.09226935990865863
vn -0.9957340835896129 -1.1054869060052185e-16 0.09226935990865863
vn -0.9957342685633789 -1.1054871113673524e-16 -0.09226736372386912
vn -0.9957342685633789 -1.1054871113673524e-16 -0.09226736372386912
vn -0.9957340835896129 -1.1054869060052185e-16 0.09226935990865863
vn -0.9957342685633789 -1.1054871113673524e-16 -0.09226736372386912
vn -0.9957342685633789 -1.1054871113673524e-16 -0.09226736372386912
vn -0.9957342685633789 -1.1054871113673524e-16 -0.09226736372386912
vn -0.9618259154709783 -1.0678412770370497e-16 -0.2736620330415132
vn -0.9618259154709783 -1.0678412770370497e-16 -0.2736620330415132
vn -0.9957342685633789 -1.1054871113673524e-16 -0.09226736372386912
vn -0.9618259154709783 -1.0678412770370497e-16 -0.2736620330415132
vn -0.9618259154709783 -1.0678412770370497e-16 -0.2736620330415132
vn -0.9618259154709783 -1.0678412770370497e-16 -0.2736620330415132
vn -0.8951637244994403 -9.938313777484889e-17 -0.4457374859043049
vn -0.8951637244994403 -9.938313777484889e-17 -0.4457374859043049
vn -0.9618259154709783 -1.0678412770370497e-16 -0.2736620330415132
vn -0.8951637244994403 -9.938313777484889e-17 -0.4457374859043049
vn -0.8951637244994403 -9.938313777484889e-17 -0.4457374859043049
vn -0.8951637244994403 -9.938313777484889e-17 -0.4457374859043049
vn -0.7980178211504101 -8.859777591023855e-17 -0.6026338499672519
vn -0.7980178211504101 -8.859777591023855e-17 -0.6026338499672519
vn -0.8951637244994403 -9.938313777484889e-17 -0.4457374859043049
vn -0.7980178211504101 -8.859777591023855e-17 -0.6026338499672519
vn -0.7980178211504101 -8.859777591023855e-17 -0.6026338499672519
vn -0.7980178211504101 -8.859777591023855e-17 -0.6026338499672519
vn -0.6736963892822996 -7.479532429880415e-17 -0.7390082374831772
vn -0.6736963892822996 -7.479532429880415e-17 -0.7390082374831772
vn -0.7980178211504101 -8.859777591023855e-17 -0.6026338499672519
vn -0.6736963892822996 -7.479532429880415e-17 -0.7390082374831772
vn -0.6736963892822996 -7.479532429880415e-17 -0.7390082374831772
vn -0.6736963892822996 -7.479532429880415e-17 -0.7390082374831772
vn -0.5264329891654513 -5.844580254937296e-17 -0.8502166241131301
vn -0.5264329891654513 -5.844580254937296e-17 -0.8502166241131301
vn -0.6736963892822996 -7.479532429880415e-17 -0.7390082374831772
vn -0.5264329891654513 -5.844580254937296e-17 -0.8502166241131301
vn -0.5264329891654513 -5.844580254937296e-17 -0.8502166241131301
vn -0.5264329891654513 -5.844580254937296e-17 -0.8502166241131301
vn -0.36124261799072777 -4.010598719691758e-17 -0.9324718606731277
vn -0.36124261799072777 -4.010598719691758e-17 -0.9324718606731277
vn -0.5264329891654513 -5.844580254937296e-17 -0.8502166241131301
vn -0.36124261799072777 -4.010598719691758e-17 -0.9324718606731277
vn -0.36124261799072777 -4.010598719691758e-17 -0.9324718606731277
vn -0.36124261799072777 -4.010598719691758e-17 -0.9324718606731277
vn -0.1837505091737298 -2.0400404607127086e-17 -0.9829729143666142
vn -0.1837505091737298 -2.0400404607127086e-17 -0.9829729143666142
vn -0.36124261799072777 -4.010598719691758e-17 -0.9324718606731277
vn -0.1837505091737298 -2.0400404607127086e-17 -0.9829729143666142
vn -0.1837505091737298 -2.0400404607127086e-17 -0.9829729143666142
vn -0.1837505091737298 -2.0400404607127086e-17 -0.9829729143666142
vn -9.999999974747427e-7 -1.1102230218215578e-22 -0.9999999999995
vn -9.999999974747427e-7 -1.1102230218215578e-22 -0.9999999999995
vn -0.1837505091737298 -2.0400404607127086e-17 -0.9829729143666142
vn -9.999999974747427e-7 -1.1102230218215578e-22 -0.9999999999995
vn -9.999999974747427e-7 -1.1102230218215578e-22 -0.9999999999995
vn -9.999999974747427e-7 -1.1102230218215578e-22 -0.9999999999995
vn 0.18374854403739826 2.0400186433166907e-17 -0.9829732817142774
vn 0.18374854403739826 2.0400186433166907e-17 -0.9829732817142774
vn -9.999999974747427e-7 -1.1102230218215578e-22 -0.9999999999995
vn 0.18374854403739826 2.0400186433166907e-17 -0.9829732817142774
vn 0.18374854403739826 2.0400186433166907e-17 -0.9829732817142774
vn 0.18374854403739826 2.0400186433166907e-17 -0.9829732817142774
vn 0.3612407445235253 4.010577920027517e-17 -0.9324725864582235
vn 0.3612407445235253 4.010577920027517e-17 -0.9324725864582235
vn 0.18374854403739826 2.0400186433166907e-17 -0.9829732817142774
vn 0.3612407445235253 4.010577920027517e-17 -0.9324725864582235
vn 0.3612407445235253 4.010577920027517e-17 -0.9324725864582235
vn 0.3612407445235253 4.010577920027517e-17 -0.9324725864582235
vn 0.5264313292222776 5.844561825865986e-17 -0.8502176519064196
vn 0.5264313292222776 5.844561825865986e-17 -0.8502176519064196
vn 0.3612407445235253 4.010577920027517e-17 -0.9324725864582235
vn 0.5264313292222776 5.844561825865986e-17 -0.8502176519064196
vn 0.5264313292222776 5.844561825865986e-17 -0.8502176519064196
vn 0.5264313292222776 5.844561825865986e-17 -0.8502176519064196
vn 0.6736949226247723 7.479516146710855e-17 -0.739009574518221
vn 0.6736949226247723 7.479516146710855e-17 -0.739009574518221
vn 0.5264313292222776 5.844561825865986e-17 -0.8502176519064196
vn 0.6736949226247723 7.479516146710855e-17 -0.739009574518221
vn 0.6736949226247723 7.479516146710855e-17 -0.739009574518221
vn 0.6736949226247723 7.479516146710855e-17 -0.739009574518221
vn 0.7980166142745458 8.859764192010132e-17 -0.6026354481291244
vn 0.7980166142745458 8.859764192010132e-17 -0.6026354481291244
vn 0.6736949226247723 7.479516146710855e-17 -0.739009574518221
vn 0.7980166142745458 8.859764192010132e-17 -0.6026354481291244
vn 0.7980166142745458 8.859764192010132e-17 -0.6026354481291244
vn 0.7980166142745458 8.859764192010132e-17 -0.6026354481291244
vn 0.8951628333802187 9.938303884074115e-17 -0.44573927551282555
vn 0.8951628333802187 9.938303884074115e-17 -0.44573927551282555
vn 0.7980166142745458 8.859764192010132e-17 -0.6026354481291244
vn 0.8951628333802187 9.938303884074115e-17 -0.44573927551282555
vn 0.8951628333802187 9.938303884074115e-17 -0.44573927551282555
vn 0.8951628333802187 9.938303884074115e-17 -0.44573927551282555
vn 0.9618253732512557 1.0678406750522293e-16 -0.27366393874619765
vn 0.9618253732512557 1.0678406750522293e-16 -0.27366393874619765
vn 0.8951628333802187 9.938303884074115e-17 -0.44573927551282555
vn 0.9618253732512557 1.0678406750522293e-16 -0.27366393874619765
vn 0.9618253732512557 1.0678406750522293e-16 -0.27366393874619765
vn 0.9618253732512557 1.0678406750522293e-16 -0.27366393874619765
vn 0.9957340835896129 1.1054869060052185e-16 -0.09226935990865863
vn 0.9957340835896129 1.1054869060052185e-16 -0.09226935990865863
vn 0.9618253732512557 1.0678406750522293e-16 -0.27366393874619765
vn 0.9957340835896129 1.1054869060052185e-16 -0.09226935990865863
vn 0.9957340835896129 1.1054869060052185e-16 -0.09226935990865863
vn 0.9957340835896129 1.1054869060052185e-16 -0.09226935990865863
vn 0.9957342685633789 1.1054871113673524e-16 0.09226736372386912
vn 0.9957342685633789 1.1054871113673524e-16 0.09226736372386912
vn 0.9957340835896129 1.1054869060052185e-16 -0.09226935990865863
vn 0.9957342685633789 1.1054871113673524e-16 0.09226736372386912
vn 0.9957342685633789 1.1054871113673524e-16 0.09226736372386912
vn 0.9957342685633789 1.1054871113673524e-16 0.09226736372386912
vn 0.9618259154709783 1.0678412770370497e-16 0.2736620330415132
vn 0.9618259154709783 1.0678412770370497e-16 0.2736620330415132
vn 0.9957342685633789 1.1054871113673524e-16 0.09226736372386912
vn 0.9618259154709783 1.0678412770370497e-16 0.2736620330415132
vn 0.9618259154709783 1.0678412770370497e-16 0.2736620330415132
vn 0.9618259154709783 1.0678412770370497e-16 0.2736620330415132
vn 0.8951637244994403 9.938313777484889e-17 0.4457374859043049
vn 0.8951637244994403 9.938313777484889e-17 0.4457374859043049
vn 0.9618259154709783 1.0678412770370497e-16 0.2736620330415132
vn 0.8951637244994403 9.938313777484889e-17 0.4457374859043049
vn 0.8951637244994403 9.938313777484889e-17 0.4457374859043049
vn 0.8951637244994403 9.938313777484889e-17 0.4457374859043049
vn 0.7980178211504101 8.859777591023855e-17 0.6026338499672519
vn 0.7980178211504101 8.859777591023855e-17 0.6026338499672519
vn 0.8951637244994403 9.938313777484889e-17 0.4457374859043049
vn 0.7980178211504101 8.859777591023855e-17 0.6026338499672519
vn 0.7980178211504101 8.859777591023855e-17 0.6026338499672519
vn 0.7980178211504101 8.859777591023855e-17 0.6026338499672519
vn 0.6736963892822996 7.479532429880415e-17 0.7390082374831772
vn 0.6736963892822996 7.479532429880415e-17 0.7390082374831772
vn 0.7980178211504101 8.859777591023855e-17 0.6026338499672519
vn 0.6736963892822996 7.479532429880415e-17 0.7390082374831772
vn 0.6736963892822996 7.479532429880415e-17 0.7390082374831772
vn 0.6736963892822996 7.479532429880415e-17 0.7390082374831772
vn 0.5264329891654513 5.844580254937296e-17 0.8502166241131301
vn 0.5264329891654513 5.844580254937296e-17 0.8502166241131301
vn 0.6736963892822996 7.479532429880415e-17 0.7390082374831772
vn 0.5264329891654513 5.844580254937296e-17 0.8502166241131301
vn 0.5264329891654513 5.844580254937296e-17 0.8502166241131301
vn 0.5264329891654513 5.844580254937296e-17 0.8502166241131301
vn 0.36124261799072777 4.010598719691758e-17 0.9324718606731277
vn 0.36124261799072777 4.010598719691758e-17 0.9324718606731277
vn 0.5264329891654513 5.844580254937296e-17 0.8502166241131301
vn 0.36124261799072777 4.010598719691758e-17 0.9324718606731277
vn 0.36124261799072777 4.010598719691758e-17 0.9324718606731277
vn 0.36124261799072777 4.010598719691758e-17 0.9324718606731277
vn 0.1837505091737298 2.0400404607127086e-17 0.9829729143666142
vn 0.1837505091737298 2.0400404607127086e-17 0.9829729143666142
vn 0.36124261799072777 4.010598719691758e-17 0.9324718606731277
vn 0.1837505091737298 2.0400404607127086e-17 0.9829729143666142
vn 0.1837505091737298 2.0400404607127086e-17 0.9829729143666142
vn 0.1837505091737298 2.0400404607127086e-17 0.9829729143666142
vn 9.999999974747427e-7 1.1102230218215578e-22 0.9999999999995
vn 9.999999974747427e-7 1.1102230218215578e-22 0.9999999999995
vn 0.1837505091737298 2.0400404607127086e-17 0.9829729143666142
vn 9.999999974747427e-7 1.1102230218215578e-22 0.9999999999995
vn 2.220446049250313e-16 -1 -2.2204460436442257e-22
vn 2.220446049250313e-16 -1 -2.2204460436442257e-22
vn 2.220446049250313e-16 -1 -2.2204460436442257e-22
vn 2.220446049250313e-16 -1 -2.2204460436442257e-22
vn 2.220446049250313e-16 -1 -2.2204460436442257e-22
vn 2.220446049250313e-16 -1 -2.2204460436442257e-22
vn 2.220446049250313e-16 -1 -2.2204460436442257e-22
vn 2.220446049250313e-16 -1 -2.2204460436442257e-22
vn 2.220446049250313e-16 -1 -2.2204460436442257e-22
vn 2.220446049250313e-16 -1 -2.2204460436442257e-22
vn 2.220446049250313e-16 -1 -2.2204460436442257e-22
vn 2.220446049250313e-16 -1 -2.2204460436442257e-22
vn 2.220446049250313e-16 -1 -2.2204460436442257e-22
vn 2.220446049250313e-16 -1 -2.2204460436442257e-22
vn 2.220446049250313e-16 -1 -2.2204460436442257e-22
vn 2.220446049250313e-16 -1 -2.2204460436442257e-22
vn 2.220446049250313e-16 -1 -2.2204460436442257e-22
vn 2.220446049250313e-16 -1 -2.2204460436442257e-22
vn 2.220446049250313e-16 -1 -2.2204460436442257e-22
vn 2.220446049250313e-16 -1 -2.2204460436442257e-22
vn 2.220446049250313e-16 -1 -2.2204460436442257e-22
vn 2.220446049250313e-16 -1 -2.2204460436442257e-22
vn 2.220446049250313e-16 -1 -2.2204460436442257e-22
vn 2.220446049250313e-16 -1 -2.2204460436442257e-22
vn 2.220446049250313e-16 -1 -2.2204460436442257e-22
vn 2.220446049250313e-16 -1 -2.2204460436442257e-22
vn 2.220446049250313e-16 -1 -2.2204460436442257e-22
vn 2.220446049250313e-16 -1 -2.2204460436442257e-22
vn 2.220446049250313e-16 -1 -2.2204460436442257e-22
vn 2.220446049250313e-16 -1 -2.2204460436442257e-22
vn 2.220446049250313e-16 -1 -2.2204460436442257e-22
vn 2.220446049250313e-16 -1 -2.2204460436442257e-22
vn 2.220446049250313e-16 -1 -2.2204460436442257e-22
vn 2.220446049250313e-16 -1 -2.2204460436442257e-22
vn 2.220446049250313e-16 -1 -2.2204460436442257e-22
vn 2.220446049250313e-16 -1 -2.2204460436442257e-22
vn 2.220446049250313e-16 -1 -2.2204460436442257e-22
vn 2.220446049250313e-16 -1 -2.2204460436442257e-22
vn 2.220446049250313e-16 -1 -2.2204460436442257e-22
vn 2.220446049250313e-16 -1 -2.2204460436442257e-22
vn 2.220446049250313e-16 -1 -2.2204460436442257e-22
vn 2.220446049250313e-16 -1 -2.2204460436442257e-22
vn 2.220446049250313e-16 -1 -2.2204460436442257e-22
vn 2.220446049250313e-16 -1 -2.2204460436442257e-22
vn 2.220446049250313e-16 -1 -2.2204460436442257e-22
vn 2.220446049250313e-16 -1 -2.2204460436442257e-22
vn 2.220446049250313e-16 -1 -2.2204460436442257e-22
vn 2.220446049250313e-16 -1 -2.2204460436442257e-22
vn 2.220446049250313e-16 -1 -2.2204460436442257e-22
vn 2.220446049250313e-16 -1 -2.2204460436442257e-22
vn 2.220446049250313e-16 -1 -2.2204460436442257e-22
vn 2.220446049250313e-16 -1 -2.2204460436442257e-22
vn 2.220446049250313e-16 -1 -2.2204460436442257e-22
vn 2.220446049250313e-16 -1 -2.2204460436442257e-22
vn 2.220446049250313e-16 -1 -2.2204460436442257e-22
vn 2.220446049250313e-16 -1 -2.2204460436442257e-22
vn 2.220446049250313e-16 -1 -2.2204460436442257e-22
vn 2.220446049250313e-16 -1 -2.2204460436442257e-22
vn 2.220446049250313e-16 -1 -2.2204460436442257e-22
vn 2.220446049250313e-16 -1 -2.2204460436442257e-22
vn 2.220446049250313e-16 -1 -2.2204460436442257e-22
vn 2.220446049250313e-16 -1 -2.2204460436442257e-22
vn 2.220446049250313e-16 -1 -2.2204460436442257e-22
vn 2.220446049250313e-16 -1 -2.2204460436442257e-22
vn 2.220446049250313e-16 -1 -2.2204460436442257e-22
vn 2.220446049250313e-16 -1 -2.2204460436442257e-22
vn 2.220446049250313e-16 -1 -2.2204460436442257e-22
vn 2.220446049250313e-16 -1 -2.2204460436442257e-22
vn 2.220446049250313e-16 -1 -2.2204460436442257e-22
vn 2.220446049250313e-16 -1 -2.2204460436442257e-22
vn 2.220446049250313e-16 -1 -2.2204460436442257e-22
vn 2.220446049250313e-16 -1 -2.2204460436442257e-22
vn 2.220446049250313e-16 -1 -2.2204460436442257e-22
vn 2.220446049250313e-16 -1 -2.2204460436442257e-22
vn 2.220446049250313e-16 -1 -2.2204460436442257e-22
vn 2.220446049250313e-16 -1 -2.2204460436442257e-22
vn 2.220446049250313e-16 -1 -2.2204460436442257e-22
vn 2.220446049250313e-16 -1 -2.2204460436442257e-22
vn 2.220446049250313e-16 -1 -2.2204460436442257e-22
vn 2.220446049250313e-16 -1 -2.2204460436442257e-22
vn 2.220446049250313e-16 -1 -2.2204460436442257e-22
vn 2.220446049250313e-16 -1 -2.2204460436442257e-22
vn 2.220446049250313e-16 -1 -2.2204460436442257e-22
vn 2.220446049250313e-16 -1 -2.2204460436442257e-22
vn 2.220446049250313e-16 -1 -2.2204460436442257e-22
vn 2.220446049250313e-16 -1 -2.2204460436442257e-22
vn 2.220446049250313e-16 -1 -2.2204460436442257e-22
vn 2.220446049250313e-16 -1 -2.2204460436442257e-22
vn 2.220446049250313e-16 -1 -2.2204460436442257e-22
vn 2.220446049250313e-16 -1 -2.2204460436442257e-22
vn 2.220446049250313e-16 -1 -2.2204460436442257e-22
vn 2.220446049250313e-16 -1 -2.2204460436442257e-22
vn 2.220446049250313e-16 -1 -2.2204460436442257e-22
vn 2.220446049250313e-16 -1 -2.2204460436442257e-22
vn 2.220446049250313e-16 -1 -2.2204460436442257e-22
vn 2.220446049250313e-16 -1 -2.2204460436442257e-22
vn -9.999999974747427e-7 -1.1102230218215578e-22 -0.9999999999995
vn -9.999999974747427e-7 -1.1102230218215578e-22 -0.9999999999995
vn 0.18374854403739826 2.0400186433166907e-17 -0.9829732817142774
vn 0.18374854403739826 2.0400186433166907e-17 -0.9829732817142774
vn -9.999999974747427e-7 -1.1102230218215578e-22 -0.9999999999995
vn 0.18374854403739826 2.0400186433166907e-17 -0.9829732817142774
vn 0.18374854403739826 2.0400186433166907e-17 -0.9829732817142774
vn 0.18374854403739826 2.0400186433166907e-17 -0.9829732817142774
vn 0.3612407445235253 4.010577920027517e-17 -0.9324725864582235
vn 0.18374854403739826 2.0400186433166907e-17 -0.9829732817142774
vn 0.3612407445235253 4.010577920027517e-17 -0.9324725864582235
vn 0.3612407445235253 4.010577920027517e-17 -0.9324725864582235
vn 0.3612407445235253 4.010577920027517e-17 -0.9324725864582235
vn 0.3612407445235253 4.010577920027517e-17 -0.9324725864582235
vn 0.5264313292222776 5.844561825865986e-17 -0.8502176519064196
vn 0.3612407445235253 4.010577920027517e-17 -0.9324725864582235
vn 0.5264313292222776 5.844561825865986e-17 -0.8502176519064196
vn 0.5264313292222776 5.844561825865986e-17 -0.8502176519064196
vn 0.5264313292222776 5.844561825865986e-17 -0.8502176519064196
vn 0.5264313292222776 5.844561825865986e-17 -0.8502176519064196
vn 0.6736949226247723 7.479516146710855e-17 -0.739009574518221
vn 0.5264313292222776 5.844561825865986e-17 -0.8502176519064196
vn 0.6736949226247723 7.479516146710855e-17 -0.739009574518221
vn 0.6736949226247723 7.479516146710855e-17 -0.739009574518221
vn 0.6736949226247723 7.479516146710855e-17 -0.739009574518221
vn 0.6736949226247723 7.479516146710855e-17 -0.739009574518221
vn 0.7980166142745458 8.859764192010132e-17 -0.6026354481291244
vn 0.6736949226247723 7.479516146710855e-17 -0.739009574518221
vn 0.7980166142745458 8.859764192010132e-17 -0.6026354481291244
vn 0.7980166142745458 8.859764192010132e-17 -0.6026354481291244
vn 0.7980166142745458 8.859764192010132e-17 -0.6026354481291244
vn 0.7980166142745458 8.859764192010132e-17 -0.6026354481291244
vn 0.8951628333802187 9.938303884074115e-17 -0.44573927551282555
vn 0.7980166142745458 8.859764192010132e-17 -0.6026354481291244
vn 0.8951628333802187 9.938303884074115e-17 -0.44573927551282555
vn 0.8951628333802187 9.938303884074115e-17 -0.44573927551282555
vn 0.8951628333802187 9.938303884074115e-17 -0.44573927551282555
vn 0.8951628333802187 9.938303884074115e-17 -0.44573927551282555
vn 0.9618253732512557 1.0678406750522293e-16 -0.27366393874619765
vn 0.8951628333802187 9.938303884074115e-17 -0.44573927551282555
vn 0.9618253732512557 1.0678406750522293e-16 -0.27366393874619765
vn 0.9618253732512557 1.0678406750522293e-16 -0.27366393874619765
vn 0.9618253732512557 1.0678406750522293e-16 -0.27366393874619765
vn 0.9618253732512557 1.0678406750522293e-16 -0.27366393874619765
vn 0.9957340835896129 1.1054869060052185e-16 -0.09226935990865863
vn 0.9618253732512557 1.0678406750522293e-16 -0.27366393874619765
vn 0.9957340835896129 1.1054869060052185e-16 -0.09226935990865863
vn 0.9957340835896129 1.1054869060052185e-16 -0.09226935990865863
vn 0.9957340835896129 1.1054869060052185e-16 -0.09226935990865863
vn 0.9957340835896129 1.1054869060052185e-16 -0.09226935990865863
vn 0.9957342685633789 1.1054871113673524e-16 0.09226736372386912
vn 0.9957340835896129 1.1054869060052185e-16 -0.09226935990865863
vn 0.9957342685633789 1.1054871113673524e-16 0.09226736372386912
vn 0.9957342685633789 1.1054871113673524e-16 0.09226736372386912
vn 0.9957342685633789 1.1054871113673524e-16 0.09226736372386912
vn 0.9957342685633789 1.1054871113673524e-16 0.09226736372386912
vn 0.9618259154709783 1.0678412770370497e-16 0.2736620330415132
vn 0.9957342685633789 1.1054871113673524e-16 0.09226736372386912
vn 0.9618259154709783 1.0678412770370497e-16 0.2736620330415132
vn 0.9618259154709783 1.0678412770370497e-16 0.2736620330415132
vn 0.9618259154709783 1.0678412770370497e-16 0.2736620330415132
vn 0.9618259154709783 1.0678412770370497e-16 0.2736620330415132
vn 0.8951637244994403 9.938313777484889e-17 0.4457374859043049
vn 0.9618259154709783 1.0678412770370497e-16 0.2736620330415132
vn 0.8951637244994403 9.938313777484889e-17 0.4457374859043049
vn 0.8951637244994403 9.938313777484889e-17 0.4457374859043049
vn 0.8951637244994403 9.938313777484889e-17 0.4457374859043049
vn 0.8951637244994403 9.938313777484889e-17 0.4457374859043049
vn 0.7980178211504101 8.859777591023855e-17 0.6026338499672519
vn 0.8951637244994403 9.938313777484889e-17 0.4457374859043049
vn 0.7980178211504101 8.859777591023855e-17 0.6026338499672519
vn 0.7980178211504101 8.859777591023855e-17 0.6026338499672519
vn 0.7980178211504101 8.859777591023855e-17 0.6026338499672519
vn 0.7980178211504101 8.859777591023855e-17 0.6026338499672519
vn 0.6736963892822996 7.479532429880415e-17 0.7390082374831772
vn 0.7980178211504101 8.859777591023855e-17 0.6026338499672519
vn 0.6736963892822996 7.479532429880415e-17 0.7390082374831772
vn 0.6736963892822996 7.479532429880415e-17 0.7390082374831772
vn 0.6736963892822996 7.479532429880415e-17 0.7390082374831772
vn 0.6736963892822996 7.479532429880415e-17 0.7390082374831772
vn 0.5264329891654513 5.844580254937296e-17 0.8502166241131301
vn 0.6736963892822996 7.479532429880415e-17 0.7390082374831772
vn 0.5264329891654513 5.844580254937296e-17 0.8502166241131301
vn 0.5264329891654513 5.844580254937296e-17 0.8502166241131301
vn 0.5264329891654513 5.844580254937296e-17 0.8502166241131301
vn 0.5264329891654513 5.844580254937296e-17 0.8502166241131301
vn 0.36124261799072777 4.010598719691758e-17 0.9324718606731277
vn 0.5264329891654513 5.844580254937296e-17 0.8502166241131301
vn 0.36124261799072777 4.010598719691758e-17 0.9324718606731277
vn 0.36124261799072777 4.010598719691758e-17 0.9324718606731277
vn 0.36124261799072777 4.010598719691758e-17 0.9324718606731277
vn 0.36124261799072777 4.010598719691758e-17 0.9324718606731277
vn 0.1837505091737298 2.0400404607127086e-17 0.9829729143666142
vn 0.36124261799072777 4.010598719691758e-17 0.9324718606731277
vn 0.1837505091737298 2.0400404607127086e-17 0.9829729143666142
vn 0.1837505091737298 2.0400404607127086e-17 0.9829729143666142
vn 0.1837505091737298 2.0400404607127086e-17 0.9829729143666142
vn 0.1837505091737298 2.0400404607127086e-17 0.9829729143666142
vn 9.999999974747427e-7 1.1102230218215578e-22 0.9999999999995
vn 0.1837505091737298 2.0400404607127086e-17 0.9829729143666142
vn 9.999999974747427e-7 1.1102230218215578e-22 0.9999999999995
vn 9.999999974747427e-7 1.1102230218215578e-22 0.9999999999995
vn 2.220446049250313e-16 -1 -2.2204460436442257e-22
vn 2.220446049250313e-16 -1 -2.2204460436442257e-22
vn 2.220446049250313e-16 -1 -2.2204460436442257e-22
vn 2.220446049250313e-16 -1 -2.2204460436442257e-22
vn 2.220446049250313e-16 -1 -2.2204460436442257e-22
vn 2.220446049250313e-16 -1 -2.2204460436442257e-22
vn 2.220446049250313e-16 -1 -2.2204460436442257e-22
vn 2.220446049250313e-16 -1 -2.2204460436442257e-22
vn 2.220446049250313e-16 -1 -2.2204460436442257e-22
vn 2.220446049250313e-16 -1 -2.2204460436442257e-22
vn 2.220446049250313e-16 -1 -2.2204460436442257e-22
vn 2.220446049250313e-16 -1 -2.2204460436442257e-22
vn 2.220446049250313e-16 -1 -2.2204460436442257e-22
vn 2.220446049250313e-16 -1 -2.2204460436442257e-22
vn 2.220446049250313e-16 -1 -2.2204460436442257e-22
vn 2.220446049250313e-16 -1 -2.2204460436442257e-22
vn 2.220446049250313e-16 -1 -2.2204460436442257e-22
vn 2.220446049250313e-16 -1 -2.2204460436442257e-22
vn 2.220446049250313e-16 -1 -2.2204460436442257e-22
vn 2.220446049250313e-16 -1 -2.2204460436442257e-22
vn 2.220446049250313e-16 -1 -2.2204460436442257e-22
vn 2.220446049250313e-16 -1 -2.2204460436442257e-22
vn 2.220446049250313e-16 -1 -2.2204460436442257e-22
vn 2.220446049250313e-16 -1 -2.2204460436442257e-22
vn 2.220446049250313e-16 -1 -2.2204460436442257e-22
vn 2.220446049250313e-16 -1 -2.2204460436442257e-22
vn 2.220446049250313e-16 -1 -2.2204460436442257e-22
vn 2.220446049250313e-16 -1 -2.2204460436442257e-22
vn 2.220446049250313e-16 -1 -2.2204460436442257e-22
vn 2.220446049250313e-16 -1 -2.2204460436442257e-22
vn 2.220446049250313e-16 -1 -2.2204460436442257e-22
vn 2.220446049250313e-16 -1 -2.2204460436442257e-22
vn 2.220446049250313e-16 -1 -2.2204460436442257e-22
vn 2.220446049250313e-16 -1 -2.2204460436442257e-22
vn 2.220446049250313e-16 -1 -2.2204460436442257e-22
vn 2.220446049250313e-16 -1 -2.2204460436442257e-22
vn 2.220446049250313e-16 -1 -2.2204460436442257e-22
vn 2.220446049250313e-16 -1 -2.2204460436442257e-22
vn 2.220446049250313e-16 -1 -2.2204460436442257e-22
vn 2.220446049250313e-16 -1 -2.2204460436442257e-22
vn 2.220446049250313e-16 -1 -2.2204460436442257e-22
vn 2.220446049250313e-16 -1 -2.2204460436442257e-22
vn 2.220446049250313e-16 -1 -2.2204460436442257e-22
vn 2.220446049250313e-16 -1 -2.2204460436442257e-22
vn 2.220446049250313e-16 -1 -2.2204460436442257e-22
vn 2.220446049250313e-16 -1 -2.2204460436442257e-22
vn 2.220446049250313e-16 -1 -2.2204460436442257e-22
vn 2.220446049250313e-16 -1 -2.2204460436442257e-22
vn 2.220446049250313e-16 -1 -2.2204460436442257e-22
vn 2.220446049250313e-16 -1 -2.2204460436442257e-22
vn 2.220446049250313e-16 -1 -2.2204460436442257e-22
vn 2.220446049250313e-16 -1 -2.2204460436442257e-22
vn 2.220446049250313e-16 -1 -2.2204460436442257e-22
vn 2.220446049250313e-16 -1 -2.2204460436442257e-22
vn 2.220446049250313e-16 -1 -2.2204460436442257e-22
vn 2.220446049250313e-16 -1 -2.2204460436442257e-22
vn 2.220446049250313e-16 -1 -2.2204460436442257e-22
vn 2.220446049250313e-16 -1 -2.2204460436442257e-22
vn 2.220446049250313e-16 -1 -2.2204460436442257e-22
vn 2.220446049250313e-16 -1 -2.2204460436442257e-22
vn 2.220446049250313e-16 -1 -2.2204460436442257e-22
vn 2.220446049250313e-16 -1 -2.2204460436442257e-22
vn 2.220446049250313e-16 -1 -2.2204460436442257e-22
vn 2.220446049250313e-16 -1 -2.2204460436442257e-22
vn 2.220446049250313e-16 -1 -2.2204460436442257e-22
vn 2.220446049250313e-16 -1 -2.2204460436442257e-22
vn 2.220446049250313e-16 -1 -2.2204460436442257e-22
vn 2.220446049250313e-16 -1 -2.2204460436442257e-22
vn 2.220446049250313e-16 -1 -2.2204460436442257e-22
vn 2.220446049250313e-16 -1 -2.2204460436442257e-22
vn 2.220446049250313e-16 -1 -2.2204460436442257e-22
vn 2.220446049250313e-16 -1 -2.2204460436442257e-22
vn 2.220446049250313e-16 -1 -2.2204460436442257e-22
vn 2.220446049250313e-16 -1 -2.2204460436442257e-22
vn 2.220446049250313e-16 -1 -2.2204460436442257e-22
vn 2.220446049250313e-16 -1 -2.2204460436442257e-22
vn 2.220446049250313e-16 -1 -2.2204460436442257e-22
vn 2.220446049250313e-16 -1 -2.2204460436442257e-22
vn 2.220446049250313e-16 -1 -2.2204460436442257e-22
vn 2.220446049250313e-16 -1 -2.2204460436442257e-22
vn 2.220446049250313e-16 -1 -2.2204460436442257e-22
vn 2.220446049250313e-16 -1 -2.2204460436442257e-22
vn 2.220446049250313e-16 -1 -2.2204460436442257e-22
vn 2.220446049250313e-16 -1 -2.2204460436442257e-22
vn 2.220446049250313e-16 -1 -2.2204460436442257e-22
vn 2.220446049250313e-16 -1 -2.2204460436442257e-22
vn 2.220446049250313e-16 -1 -2.2204460436442257e-22
vn 2.220446049250313e-16 -1 -2.2204460436442257e-22
vn 2.220446049250313e-16 -1 -2.2204460436442257e-22
vn 2.220446049250313e-16 -1 -2.2204460436442257e-22
vn 2.220446049250313e-16 -1 -2.2204460436442257e-22
vn 2.220446049250313e-16 -1 -2.2204460436442257e-22
vn 2.220446049250313e-16 -1 -2.2204460436442257e-22
vn 2.220446049250313e-16 -1 -2.2204460436442257e-22
vn 2.220446049250313e-16 -1 -2.2204460436442257e-22
vn 2.220446049250313e-16 -1 -2.2204460436442257e-22
vn 2.220446049250313e-16 -1 -2.2204460436442257e-22
vn 2.220446049250313e-16 -1 -2.2204460436442257e-22
vn 2.220446049250313e-16 -1 -2.2204460436442257e-22
vn 2.220446049250313e-16 -1 -2.2204460436442257e-22
vn 2.220446049250313e-16 -1 -2.2204460436442257e-22
vn 2.220446049250313e-16 -1 -2.2204460436442257e-22
vn 2.220446049250313e-16 -1 -2.2204460436442257e-22
vn 2.220446049250313e-16 -1 -2.2204460436442257e-22
vn 2.220446049250313e-16 -1 -2.2204460436442257e-22
vn 2.220446049250313e-16 -1 -2.2204460436442257e-22
vn 2.220446049250313e-16 -1 -2.2204460436442257e-22
vn 2.220446049250313e-16 -1 -2.2204460436442257e-22
vn 2.220446049250313e-16 -1 -2.2204460436442257e-22
vn 2.220446049250313e-16 -1 -2.2204460436442257e-22
vn 2.220446049250313e-16 -1 -2.2204460436442257e-22
vn 2.220446049250313e-16 -1 -2.2204460436442257e-22
vn 2.220446049250313e-16 -1 -2.2204460436442257e-22
vn 2.220446049250313e-16 -1 -2.2204460436442257e-22
vn 2.220446049250313e-16 -1 -2.2204460436442257e-22
vn 2.220446049250313e-16 -1 -2.2204460436442257e-22
vn 2.220446049250313e-16 -1 -2.2204460436442257e-22
vn 2.220446049250313e-16 -1 -2.2204460436442257e-22
vn 2.220446049250313e-16 -1 -2.2204460436442257e-22
vn 2.220446049250313e-16 -1 -2.2204460436442257e-22
vn 2.220446049250313e-16 -1 -2.2204460436442257e-22
vn 2.220446049250313e-16 -1 -2.2204460436442257e-22
vn 2.220446049250313e-16 -1 -2.2204460436442257e-22
vn 2.220446049250313e-16 -1 -2.2204460436442257e-22
vn 2.220446049250313e-16 -1 -2.2204460436442257e-22
vn 2.220446049250313e-16 -1 -2.2204460436442257e-22
vn 2.220446049250313e-16 -1 -2.2204460436442257e-22
vn 2.220446049250313e-16 -1 -2.2204460436442257e-22
vn 2.220446049250313e-16 -1 -2.2204460436442257e-22
vn 2.220446049250313e-16 -1 -2.2204460436442257e-22
vn 2.220446049250313e-16 -1 -2.2204460436442257e-22
vn 2.220446049250313e-16 -1 -2.2204460436442257e-22
vn 2.220446049250313e-16 -1 -2.2204460436442257e-22
vn 2.220446049250313e-16 -1 -2.2204460436442257e-22
vn 2.220446049250313e-16 -1 -2.2204460436442257e-22
vn 2.220446049250313e-16 -1 -2.2204460436442257e-22
vn 2.220446049250313e-16 -1 -2.2204460436442257e-22
vn 2.220446049250313e-16 -1 -2.2204460436442257e-22
vn 2.220446049250313e-16 -1 -2.2204460436442257e-22
vn 2.220446049250313e-16 -1 -2.2204460436442257e-22
vn 2.220446049250313e-16 -1 -2.2204460436442257e-22
vn 2.220446049250313e-16 -1 -2.2204460436442257e-22
vn 2.220446049250313e-16 -1 -2.2204460436442257e-22
vn 2.220446049250313e-16 -1 -2.2204460436442257e-22
vn 2.220446049250313e-16 -1 -2.2204460436442257e-22
vn 2.220446049250313e-16 -1 -2.2204460436442257e-22
vn 2.220446049250313e-16 -1 -2.2204460436442257e-22
vn 2.220446049250313e-16 -1 -2.2204460436442257e-22
vn 2.220446049250313e-16 -1 -2.2204460436442257e-22
vn 2.220446049250313e-16 -1 -2.2204460436442257e-22
vn 2.220446049250313e-16 -1 -2.2204460436442257e-22
vn 2.220446049250313e-16 -1 -2.2204460436442257e-22
vn 2.220446049250313e-16 -1 -2.2204460436442257e-22
vn 2.220446049250313e-16 -1 -2.2204460436442257e-22
vn 2.220446049250313e-16 -1 -2.2204460436442257e-22
vn 2.220446049250313e-16 -1 -2.2204460436442257e-22
vn 2.220446049250313e-16 -1 -2.2204460436442257e-22
vn 2.220446049250313e-16 -1 -2.2204460436442257e-22
vn 2.220446049250313e-16 -1 -2.2204460436442257e-22
vn 2.220446049250313e-16 -1 -2.2204460436442257e-22
vn 2.220446049250313e-16 -1 -2.2204460436442257e-22
vn 2.220446049250313e-16 -1 -2.2204460436442257e-22
vn 2.220446049250313e-16 -1 -2.2204460436442257e-22
vn 2.220446049250313e-16 -1 -2.2204460436442257e-22
vn 2.220446049250313e-16 -1 -2.2204460436442257e-22
vn 2.220446049250313e-16 -1 -2.2204460436442257e-22
vn 2.220446049250313e-16 -1 -2.2204460436442257e-22
vn 2.220446049250313e-16 -1 -2.2204460436442257e-22
vn 2.220446049250313e-16 -1 -2.2204460436442257e-22
vn 2.220446049250313e-16 -1 -2.2204460436442257e-22
vn 2.220446049250313e-16 -1 -2.2204460436442257e-22
vn 2.220446049250313e-16 -1 -2.2204460436442257e-22
vn 2.220446049250313e-16 -1 -2.2204460436442257e-22
vn 2.220446049250313e-16 -1 -2.2204460436442257e-22
vn 2.220446049250313e-16 -1 -2.2204460436442257e-22
vn 2.220446049250313e-16 -1 -2.2204460436442257e-22
vn 2.220446049250313e-16 -1 -2.2204460436442257e-22
vn 2.220446049250313e-16 -1 -2.2204460436442257e-22
vn 2.220446049250313e-16 -1 -2.2204460436442257e-22
vn 2.220446049250313e-16 -1 -2.2204460436442257e-22
vn 2.220446049250313e-16 -1 -2.2204460436442257e-22
vn 2.220446049250313e-16 -1 -2.2204460436442257e-22
vn 2.220446049250313e-16 -1 -2.2204460436442257e-22
vn 2.220446049250313e-16 -1 -2.2204460436442257e-22
vn 2.220446049250313e-16 -1 -2.2204460436442257e-22
vn 2.220446049250313e-16 -1 -2.2204460436442257e-22
vn 2.220446049250313e-16 -1 -2.2204460436442257e-22
vn 2.220446049250313e-16 -1 -2.2204460436442257e-22
vn 2.220446049250313e-16 -1 -2.2204460436442257e-22
vn 2.220446049250313e-16 -1 -2.2204460436442257e-22
vn 2.220446049250313e-16 -1 -2.2204460436442257e-22
vn 2.220446049250313e-16 -1 -2.2204460436442257e-22
vn 2.220446049250313e-16 -1 -2.2204460436442257e-22
vn 2.220446049250313e-16 -1 -2.2204460436442257e-22
vn 2.220446049250313e-16 -1 -2.2204460436442257e-22
vn 2.220446049250313e-16 -1 -2.2204460436442257e-22
vn 2.220446049250313e-16 -1 -2.2204460436442257e-22
vn 2.220446049250313e-16 -1 -2.2204460436442257e-22
vn 2.220446049250313e-16 -1 -2.2204460436442257e-22
vn 2.220446049250313e-16 -1 -2.2204460436442257e-22
vn 2.220446049250313e-16 -1 -2.2204460436442257e-22
vn 2.220446049250313e-16 -1 -2.2204460436442257e-22
vn 2.220446049250313e-16 -1 -2.2204460436442257e-22
vn 2.220446049250313e-16 -1 -2.2204460436442257e-22
vn 9.999999974747427e-7 1.1102230218215578e-22 0.9999999999995
vn 0.17364918138493252 1.927893193808622e-17 0.9848075760291158
vn 9.999999974747427e-7 1.1102230218215578e-22 0.9999999999995
vn 9.999999974747427e-7 1.1102230218215578e-22 0.9999999999995
vn 0.17364918138493252 1.927893193808622e-17 0.9848075760291158
vn 0.1837505091737298 2.0400404607127086e-17 0.9829729143666142
vn 0.1837505091737298 2.0400404607127086e-17 0.9829729143666142
vn 0.17364918138493252 1.927893193808622e-17 0.9848075760291158
vn 0.3420210848789272 3.797196833398599e-17 0.9396922780880141
vn 0.1837505091737298 2.0400404607127086e-17 0.9829729143666142
vn 0.3420210848789272 3.797196833398599e-17 0.9396922780880141
vn 0.36124261799072777 4.010598719691758e-17 0.9324718606731277
vn 0.36124261799072777 4.010598719691758e-17 0.9324718606731277
vn 0.3420210848789272 3.797196833398599e-17 0.9396922780880141
vn 0.5000008837591082 5.551124934822884e-17 0.8660248935452785
vn 0.36124261799072777 4.010598719691758e-17 0.9324718606731277
vn 0.5000008837591082 5.551124934822884e-17 0.8660248935452785
vn 0.5264329891654513 5.844580254937296e-17 0.8502166241131301
vn 0.5264329891654513 5.844580254937296e-17 0.8502166241131301
vn 0.5000008837591082 5.551124934822884e-17 0.8660248935452785
vn 0.6427883698838519 7.13638448206324e-17 0.7660438052370506
vn 0.5264329891654513 5.844580254937296e-17 0.8502166241131301
vn 0.6427883698838519 7.13638448206324e-17 0.7660438052370506
vn 0.6736963892822996 7.479532429880415e-17 0.7390082374831772
vn 0.6736963892822996 7.479532429880415e-17 0.7390082374831772
vn 0.6427883698838519 7.13638448206324e-17 0.7660438052370506
vn 0.7660450807744882 8.504808865766746e-17 0.6427868497575289
vn 0.6736963892822996 7.479532429880415e-17 0.7390082374831772
vn 0.7660450807744882 8.504808865766746e-17 0.6427868497575289
vn 0.7980178211504101 8.859777591023855e-17 0.6026338499672519
vn 0.7980178211504101 8.859777591023855e-17 0.6026338499672519
vn 0.7660450807744882 8.504808865766746e-17 0.6427868497575289
vn 0.866025908247273 9.614819032580357e-17 0.49999912624372245
vn 0.7980178211504101 8.859777591023855e-17 0.6026338499672519
vn 0.866025908247273 9.614819032580357e-17 0.49999912624372245
vn 0.8951637244994403 9.938313777484889e-17 0.4457374859043049
vn 0.8951637244994403 9.938313777484889e-17 0.4457374859043049
vn 0.866025908247273 9.614819032580357e-17 0.49999912624372245
vn 0.9396929651887928 1.0432687660308834e-16 0.3420191970850382
vn 0.8951637244994403 9.938313777484889e-17 0.4457374859043049
vn 0.9396929651887928 1.0432687660308834e-16 0.3420191970850382
vn 0.9618259154709783 1.0678412770370497e-16 0.2736620330415132
vn 0.9618259154709783 1.0678412770370497e-16 0.2736620330415132
vn 0.9396929651887928 1.0432687660308834e-16 0.3420191970850382
vn 0.9848079231817822 1.0933564311496971e-16 0.17364721258455293
vn 0.9618259154709783 1.0678412770370497e-16 0.2736620330415132
vn 0.9848079231817822 1.0933564311496971e-16 0.17364721258455293
vn 0.9957342685633789 1.1054871113673524e-16 0.09226736372386912
vn 0.9957342685633789 1.1054871113673524e-16 0.09226736372386912
vn 0.9848079231817822 1.0933564311496971e-16 0.17364721258455293
vn 0.9999999999995 1.1102230246246014e-16 -9.999999974747427e-7
vn 0.9957342685633789 1.1054871113673524e-16 0.09226736372386912
vn 0.9999999999995 1.1102230246246014e-16 -9.999999974747427e-7
vn 0.9957340835896129 1.1054869060052185e-16 -0.09226935990865863
vn 0.9957340835896129 1.1054869060052185e-16 -0.09226935990865863
vn 0.9999999999995 1.1102230246246014e-16 -9.999999974747427e-7
vn 0.9848075760291158 1.0933560457328138e-16 -0.17364918138493252
vn 0.9957340835896129 1.1054869060052185e-16 -0.09226935990865863
vn 0.9848075760291158 1.0933560457328138e-16 -0.17364918138493252
vn 0.9618253732512557 1.0678406750522293e-16 -0.27366393874619765
vn 0.9618253732512557 1.0678406750522293e-16 -0.27366393874619765
vn 0.9848075760291158 1.0933560457328138e-16 -0.17364918138493252
vn 0.9396922780880141 1.0432680031957788e-16 -0.3420210848789272
vn 0.9618253732512557 1.0678406750522293e-16 -0.27366393874619765
vn 0.9396922780880141 1.0432680031957788e-16 -0.3420210848789272
vn 0.8951628333802187 9.938303884074115e-17 -0.44573927551282555
vn 0.8951628333802187 9.938303884074115e-17 -0.44573927551282555
vn 0.9396922780880141 1.0432680031957788e-16 -0.3420210848789272
vn 0.8660248935452785 9.614807767125182e-17 -0.5000008837591082
vn 0.8951628333802187 9.938303884074115e-17 -0.44573927551282555
vn 0.8660248935452785 9.614807767125182e-17 -0.5000008837591082
vn 0.7980166142745458 8.859764192010132e-17 -0.6026354481291244
vn 0.7980166142745458 8.859764192010132e-17 -0.6026354481291244
vn 0.8660248935452785 9.614807767125182e-17 -0.5000008837591082
vn 0.7660438052370506 8.504794704456427e-17 -0.6427883698838519
vn 0.7980166142745458 8.859764192010132e-17 -0.6026354481291244
vn 0.7660438052370506 8.504794704456427e-17 -0.6427883698838519
vn 0.6736949226247723 7.479516146710855e-17 -0.739009574518221
vn 0.6736949226247723 7.479516146710855e-17 -0.739009574518221
vn 0.7660438052370506 8.504794704456427e-17 -0.6427883698838519
vn 0.6427868497575289 7.136367605270798e-17 -0.7660450807744882
vn 0.6736949226247723 7.479516146710855e-17 -0.739009574518221
vn 0.6427868497575289 7.136367605270798e-17 -0.7660450807744882
vn 0.5264313292222776 5.844561825865986e-17 -0.8502176519064196
vn 0.5264313292222776 5.844561825865986e-17 -0.8502176519064196
vn 0.6427868497575289 7.136367605270798e-17 -0.7660450807744882
vn 0.49999912624372245 5.55110542248241e-17 -0.866025908247273
vn 0.5264313292222776 5.844561825865986e-17 -0.8502176519064196
vn 0.49999912624372245 5.55110542248241e-17 -0.866025908247273
vn 0.3612407445235253 4.010577920027517e-17 -0.9324725864582235
vn 0.3612407445235253 4.010577920027517e-17 -0.9324725864582235
vn 0.49999912624372245 5.55110542248241e-17 -0.866025908247273
vn 0.3420191970850382 3.797175874676186e-17 -0.9396929651887928
vn 0.3612407445235253 4.010577920027517e-17 -0.9324725864582235
vn 0.3420191970850382 3.797175874676186e-17 -0.9396929651887928
vn 0.18374854403739826 2.0400186433166907e-17 -0.9829732817142774
vn 0.18374854403739826 2.0400186433166907e-17 -0.9829732817142774
vn 0.3420191970850382 3.797175874676186e-17 -0.9396929651887928
vn 0.17364721258455293 1.927871335733499e-17 -0.9848079231817822
vn 0.18374854403739826 2.0400186433166907e-17 -0.9829732817142774
vn 0.17364721258455293 1.927871335733499e-17 -0.9848079231817822
vn -9.999999974747427e-7 -1.1102230218215578e-22 -0.9999999999995
vn -9.999999974747427e-7 -1.1102230218215578e-22 -0.9999999999995
vn 0.17364721258455293 1.927871335733499e-17 -0.9848079231817822
vn -9.999999974747427e-7 -1.1102230218215578e-22 -0.9999999999995
vn -2.220446049250313e-16 1 2.2204460436442257e-22
vn -2.220446049250313e-16 1 2.2204460436442257e-22
vn -2.220446049250313e-16 1 2.2204460436442257e-22
vn -2.220446049250313e-16 1 2.2204460436442257e-22
vn -2.220446049250313e-16 1 2.2204460436442257e-22
vn -2.220446049250313e-16 1 2.2204460436442257e-22
vn -2.220446049250313e-16 1 2.2204460436442257e-22
vn -2.220446049250313e-16 1 2.2204460436442257e-22
vn -2.220446049250313e-16 1 2.2204460436442257e-22
vn -2.220446049250313e-16 1 2.2204460436442257e-22
vn -2.220446049250313e-16 1 2.2204460436442257e-22
vn -2.220446049250313e-16 1 2.2204460436442257e-22
vn -2.220446049250313e-16 1 2.2204460436442257e-22
vn -2.220446049250313e-16 1 2.2204460436442257e-22
vn -2.220446049250313e-16 1 2.2204460436442257e-22
vn -2.220446049250313e-16 1 2.2204460436442257e-22
vn -2.220446049250313e-16 1 2.2204460436442257e-22
vn -2.220446049250313e-16 1 2.2204460436442257e-22
vn -2.220446049250313e-16 1 2.2204460436442257e-22
vn -2.220446049250313e-16 1 2.2204460436442257e-22
vn -2.220446049250313e-16 1 2.2204460436442257e-22
vn -2.220446049250313e-16 1 2.2204460436442257e-22
vn -2.220446049250313e-16 1 2.2204460436442257e-22
vn -2.220446049250313e-16 1 2.2204460436442257e-22
vn -2.220446049250313e-16 1 2.2204460436442257e-22
vn -2.220446049250313e-16 1 2.2204460436442257e-22
vn -2.220446049250313e-16 1 2.2204460436442257e-22
vn -2.220446049250313e-16 1 2.2204460436442257e-22
vn -2.220446049250313e-16 1 2.2204460436442257e-22
vn -2.220446049250313e-16 1 2.2204460436442257e-22
vn -2.220446049250313e-16 1 2.2204460436442257e-22
vn -2.220446049250313e-16 1 2.2204460436442257e-22
vn -2.220446049250313e-16 1 2.2204460436442257e-22
vn -2.220446049250313e-16 1 2.2204460436442257e-22
vn -2.220446049250313e-16 1 2.2204460436442257e-22
vn -2.220446049250313e-16 1 2.2204460436442257e-22
vn -2.220446049250313e-16 1 2.2204460436442257e-22
vn -2.220446049250313e-16 1 2.2204460436442257e-22
vn -2.220446049250313e-16 1 2.2204460436442257e-22
vn -2.220446049250313e-16 1 2.2204460436442257e-22
vn -2.220446049250313e-16 1 2.2204460436442257e-22
vn -2.220446049250313e-16 1 2.2204460436442257e-22
vn -2.220446049250313e-16 1 2.2204460436442257e-22
vn -2.220446049250313e-16 1 2.2204460436442257e-22
vn -2.220446049250313e-16 1 2.2204460436442257e-22
vn -2.220446049250313e-16 1 2.2204460436442257e-22
vn -2.220446049250313e-16 1 2.2204460436442257e-22
vn -2.220446049250313e-16 1 2.2204460436442257e-22
vn -2.220446049250313e-16 1 2.2204460436442257e-22
vn -2.220446049250313e-16 1 2.2204460436442257e-22
vn -2.220446049250313e-16 1 2.2204460436442257e-22
vn -2.220446049250313e-16 1 2.2204460436442257e-22
vn -2.220446049250313e-16 1 2.2204460436442257e-22
vn -2.220446049250313e-16 1 2.2204460436442257e-22
vn -2.220446049250313e-16 1 2.2204460436442257e-22
vn -2.220446049250313e-16 1 2.2204460436442257e-22
vn -2.220446049250313e-16 1 2.2204460436442257e-22
vn -2.220446049250313e-16 1 2.2204460436442257e-22
vn -2.220446049250313e-16 1 2.2204460436442257e-22
vn -2.220446049250313e-16 1 2.2204460436442257e-22
vn -2.220446049250313e-16 1 2.2204460436442257e-22
vn -2.220446049250313e-16 1 2.2204460436442257e-22
vn -2.220446049250313e-16 1 2.2204460436442257e-22
vn -2.220446049250313e-16 1 2.2204460436442257e-22
vn -2.220446049250313e-16 1 2.2204460436442257e-22
vn -2.220446049250313e-16 1 2.2204460436442257e-22
vn -2.220446049250313e-16 1 2.2204460436442257e-22
vn -2.220446049250313e-16 1 2.2204460436442257e-22
vn -2.220446049250313e-16 1 2.2204460436442257e-22
vn -2.220446049250313e-16 1 2.2204460436442257e-22
vn -2.220446049250313e-16 1 2.2204460436442257e-22
vn -2.220446049250313e-16 1 2.2204460436442257e-22
vn -2.220446049250313e-16 1 2.2204460436442257e-22
vn -2.220446049250313e-16 1 2.2204460436442257e-22
vn -2.220446049250313e-16 1 2.2204460436442257e-22
vn -2.220446049250313e-16 1 2.2204460436442257e-22
vn -2.220446049250313e-16 1 2.2204460436442257e-22
vn -2.220446049250313e-16 1 2.2204460436442257e-22
vn -2.220446049250313e-16 1 2.2204460436442257e-22
vn -2.220446049250313e-16 1 2.2204460436442257e-22
vn -2.220446049250313e-16 1 2.2204460436442257e-22
vn -2.220446049250313e-16 1 2.2204460436442257e-22
vn -2.220446049250313e-16 1 2.2204460436442257e-22
vn -2.220446049250313e-16 1 2.2204460436442257e-22
vn -2.220446049250313e-16 1 2.2204460436442257e-22
vn -2.220446049250313e-16 1 2.2204460436442257e-22
vn -2.220446049250313e-16 1 2.2204460436442257e-22
vn -2.220446049250313e-16 1 2.2204460436442257e-22
vn -2.220446049250313e-16 1 2.2204460436442257e-22
vn -2.220446049250313e-16 1 2.2204460436442257e-22
vn -9.999999974747427e-7 -1.1102230218215578e-22 -0.9999999999995
vn -9.510564825724556e-7 0.309016994828342 -0.9510565161473611
vn 0.18374854403739826 2.0400186433166907e-17 -0.9829732817142774
vn 0.18374854403739826 2.0400186433166907e-17 -0.9829732817142774
vn -9.510564825724556e-7 0.309016994828342 -0.9510565161473611
vn 0.17266712703313794 0.3420201464826323 -0.9236927425513968
vn 0.18374854403739826 2.0400186433166907e-17 -0.9829732817142774
vn 0.17266712703313794 0.3420201464826323 -0.9236927425513968
vn 0.3612407445235253 4.010577920027517e-17 -0.9324725864582235
vn 0.3612407445235253 4.010577920027517e-17 -0.9324725864582235
vn 0.17266712703313794 0.3420201464826323 -0.9236927425513968
vn 0.33945526716398305 0.34202014436337336 -0.8762376061573061
vn 0.3612407445235253 4.010577920027517e-17 -0.9324725864582235
vn 0.33945526716398305 0.34202014436337336 -0.8762376061573061
vn 0.5264313292222776 5.844561825865986e-17 -0.8502176519064196
vn 0.5264313292222776 5.844561825865986e-17 -0.8502176519064196
vn 0.33945526716398305 0.34202014436337336 -0.8762376061573061
vn 0.4946835910471015 0.34202015229540755 -0.7989432771934252
vn 0.5264313292222776 5.844561825865986e-17 -0.8502176519064196
vn 0.4946835910471015 0.34202015229540755 -0.7989432771934252
vn 0.6736949226247723 7.479516146710855e-17 -0.739009574518221
vn 0.6736949226247723 7.479516146710855e-17 -0.739009574518221
vn 0.4946835910471015 0.34202015229540755 -0.7989432771934252
vn 0.6330661224755805 0.34202015654506573 -0.6944418601226613
vn 0.6736949226247723 7.479516146710855e-17 -0.739009574518221
vn 0.6330661224755805 0.34202015654506573 -0.6944418601226613
vn 0.7980166142745458 8.859764192010132e-17 -0.6026354481291244
vn 0.7980166142745458 8.859764192010132e-17 -0.6026354481291244
vn 0.6330661224755805 0.34202015654506573 -0.6944418601226613
vn 0.7498903379473367 0.3420201587854484 -0.5662920554251186
vn 0.7980166142745458 8.859764192010132e-17 -0.6026354481291244
vn 0.7498903379473367 0.3420201587854484 -0.5662920554251186
vn 0.8951628333802187 9.938303884074115e-17 -0.44573927551282555
vn 0.8951628333802187 9.938303884074115e-17 -0.44573927551282555
vn 0.7498903379473367 0.3420201587854484 -0.5662920554251186
vn 0.8411779275624897 0.34202014879238546 -0.4188578661093875
vn 0.8951628333802187 9.938303884074115e-17 -0.44573927551282555
vn 0.8411779275624897 0.34202014879238546 -0.4188578661093875
vn 0.9618253732512557 1.0678406750522293e-16 -0.27366393874619765
vn 0.9618253732512557 1.0678406750522293e-16 -0.27366393874619765
vn 0.8411779275624897 0.34202014879238546 -0.4188578661093875
vn 0.9038202080323525 0.34202012093378087 -0.2571600055000716
vn 0.9618253732512557 1.0678406750522293e-16 -0.27366393874619765
vn 0.9038202080323525 0.34202012093378087 -0.2571600055000716
vn 0.9957340835896129 1.1054869060052185e-16 -0.09226935990865863
vn 0.9957340835896129 1.1054869060052185e-16 -0.09226935990865863
vn 0.9038202080323525 0.34202012093378087 -0.2571600055000716
vn 0.9356839672972223 0.3420201545893806 -0.08670482799467946
vn 0.9957340835896129 1.1054869060052185e-16 -0.09226935990865863
vn 0.9356839672972223 0.3420201545893806 -0.08670482799467946
vn 0.9957342685633789 1.1054871113673524e-16 0.09226736372386912
vn 0.9957342685633789 1.1054871113673524e-16 0.09226736372386912
vn 0.9356839672972223 0.3420201545893806 -0.08670482799467946
vn 0.9356841412748231 0.342020152821558 0.08670295745079899
vn 0.9957342685633789 1.1054871113673524e-16 0.09226736372386912
vn 0.9356841412748231 0.342020152821558 0.08670295745079899
vn 0.9618259154709783 1.0678412770370497e-16 0.2736620330415132
vn 0.9618259154709783 1.0678412770370497e-16 0.2736620330415132
vn 0.9356841412748231 0.342020152821558 0.08670295745079899
vn 0.9038207178816152 0.34202013342608795 0.2571581969511428
vn 0.9618259154709783 1.0678412770370497e-16 0.2736620330415132
vn 0.9038207178816152 0.34202013342608795 0.2571581969511428
vn 0.8951637244994403 9.938313777484889e-17 0.4457374859043049
vn 0.8951637244994403 9.938313777484889e-17 0.4457374859043049
vn 0.9038207178816152 0.34202013342608795 0.2571581969511428
vn 0.841178759595806 0.3420201478036662 0.41885619596852064
vn 0.8951637244994403 9.938313777484889e-17 0.4457374859043049
vn 0.841178759595806 0.3420201478036662 0.41885619596852064
vn 0.7980178211504101 8.859777591023855e-17 0.6026338499672519
vn 0.7980178211504101 8.859777591023855e-17 0.6026338499672519
vn 0.841178759595806 0.3420201478036662 0.41885619596852064
vn 0.7498914663840682 0.3420201569375721 0.5662905622494075
vn 0.7980178211504101 8.859777591023855e-17 0.6026338499672519
vn 0.7498914663840682 0.3420201569375721 0.5662905622494075
vn 0.6736963892822996 7.479532429880415e-17 0.7390082374831772
vn 0.6736963892822996 7.479532429880415e-17 0.7390082374831772
vn 0.7498914663840682 0.3420201569375721 0.5662905622494075
vn 0.6330675299567083 0.34202014410271825 0.6944405831620645
vn 0.6736963892822996 7.479532429880415e-17 0.7390082374831772
vn 0.6330675299567083 0.34202014410271825 0.6944405831620645
vn 0.5264329891654513 5.844580254937296e-17 0.8502166241131301
vn 0.5264329891654513 5.844580254937296e-17 0.8502166241131301
vn 0.6330675299567083 0.34202014410271825 0.6944405831620645
vn 0.49468520702291835 0.34202015689343523 0.7989422746552357
vn 0.5264329891654513 5.844580254937296e-17 0.8502166241131301
vn 0.49468520702291835 0.34202015689343523 0.7989422746552357
vn 0.36124261799072777 4.010598719691758e-17 0.9324718606731277
vn 0.36124261799072777 4.010598719691758e-17 0.9324718606731277
vn 0.49468520702291835 0.34202015689343523 0.7989422746552357
vn 0.33945700926741423 0.34202015803460895 0.8762369259265463
vn 0.36124261799072777 4.010598719691758e-17 0.9324718606731277
vn 0.33945700926741423 0.34202015803460895 0.8762369259265463
vn 0.1837505091737298 2.0400404607127086e-17 0.9829729143666142
vn 0.1837505091737298 2.0400404607127086e-17 0.9829729143666142
vn 0.33945700926741423 0.34202015803460895 0.8762369259265463
vn 0.1726689767268375 0.3420201503446724 0.9236923953537317
vn 0.1837505091737298 2.0400404607127086e-17 0.9829729143666142
vn 0.1726689767268375 0.3420201503446724 0.9236923953537317
vn 9.510564825724556e-7 0.309016994828342 0.9510565161473611
vn 9.510564825724556e-7 0.309016994828342 0.9510565161473611
vn 0.1726689767268375 0.3420201503446724 0.9236923953537317
vn 8.090170226161325e-7 0.5877852429540098 0.8090170011593335
vn 8.090170226161325e-7 0.5877852429540098 0.8090170011593335
vn 0.1726689767268375 0.3420201503446724 0.9236923953537317
vn 0.140761047973498 0.6427876370242079 0.75300091703944
vn 8.090170226161325e-7 0.5877852429540098 0.8090170011593335
vn 0.140761047973498 0.6427876370242079 0.75300091703944
vn 5.877852221266721e-7 0.8090170011594585 0.5877852429541006
vn 5.877852221266721e-7 0.8090170011594585 0.5877852429541006
vn 0.140761047973498 0.6427876370242079 0.75300091703944
vn 0.09187525621437473 0.866025398670748 0.4914864658896671
vn 5.877852221266721e-7 0.8090170011594585 0.5877852429541006
vn 0.09187525621437473 0.866025398670748 0.4914864658896671
vn 3.0901698912593536e-7 0.9510565161477459 0.309016994828467
vn 3.0901698912593536e-7 0.9510565161477459 0.309016994828467
vn 0.09187525621437473 0.866025398670748 0.4914864658896671
vn 0.0319079428490913 0.9848077514193615 0.17069146413186648
vn 3.0901698912593536e-7 0.9510565161477459 0.309016994828467
vn 0.0319079428490913 0.9848077514193615 0.17069146413186648
vn -2.220446049250313e-16 1 2.2204460436442257e-22
vn -2.220446049250313e-16 1 2.2204460436442257e-22
vn 0.0319079428490913 0.9848077514193615 0.17069146413186648
vn -2.220446049250313e-16 1 2.2204460436442257e-22
vn -2.220446049250313e-16 1 2.2204460436442257e-22
vn 0.0319079428490913 0.9848077514193615 0.17069146413186648
vn 0.06272912156765864 0.9848077503365733 0.16192205589223257
vn -2.220446049250313e-16 1 2.2204460436442257e-22
vn 0.06272912156765864 0.9848077503365733 0.16192205589223257
vn -2.220446049250313e-16 1 2.2204460436442257e-22
vn -2.220446049250313e-16 1 2.2204460436442257e-22
vn 0.06272912156765864 0.9848077503365733 0.16192205589223257
vn 0.0914141334130556 0.9848077533021697 0.14763856287661786
vn -2.220446049250313e-16 1 2.2204460436442257e-22
vn 0.0914141334130556 0.9848077533021697 0.14763856287661786
vn -2.220446049250313e-16 1 2.2204460436442257e-22
vn -2.220446049250313e-16 1 2.2204460436442257e-22
vn 0.0914141334130556 0.9848077533021697 0.14763856287661786
vn 0.11698615083980772 0.9848077531272456 0.12832743234457689
vn -2.220446049250313e-16 1 2.2204460436442257e-22
vn 0.11698615083980772 0.9848077531272456 0.12832743234457689
vn -2.220446049250313e-16 1 2.2204460436442257e-22
vn -2.220446049250313e-16 1 2.2204460436442257e-22
vn 0.11698615083980772 0.9848077531272456 0.12832743234457689
vn 0.13857435001641033 0.984807751868592 0.10464626786015356
vn -2.220446049250313e-16 1 2.2204460436442257e-22
vn 0.13857435001641033 0.984807751868592 0.10464626786015356
vn -2.220446049250313e-16 1 2.2204460436442257e-22
vn -2.220446049250313e-16 1 2.2204460436442257e-22
vn 0.13857435001641033 0.984807751868592 0.10464626786015356
vn 0.15544356733868545 0.9848077505098641 0.0774014981038811
vn -2.220446049250313e-16 1 2.2204460436442257e-22
vn 0.15544356733868545 0.9848077505098641 0.0774014981038811
vn -2.220446049250313e-16 1 2.2204460436442257e-22
vn -2.220446049250313e-16 1 2.2204460436442257e-22
vn 0.15544356733868545 0.9848077505098641 0.0774014981038811
vn 0.16701932620554488 0.9848077514846353 0.047520914233868256
vn -2.220446049250313e-16 1 2.2204460436442257e-22
vn 0.16701932620554488 0.9848077514846353 0.047520914233868256
vn -2.220446049250313e-16 1 2.2204460436442257e-22
vn -2.220446049250313e-16 1 2.2204460436442257e-22
vn 0.16701932620554488 0.9848077514846353 0.047520914233868256
vn 0.17290744580401912 0.9848077522159929 0.01602205856979138
vn -2.220446049250313e-16 1 2.2204460436442257e-22
vn 0.17290744580401912 0.9848077522159929 0.01602205856979138
vn -2.220446049250313e-16 1 2.2204460436442257e-22
vn -2.220446049250313e-16 1 2.2204460436442257e-22
vn 0.17290744580401912 0.9848077522159929 0.01602205856979138
vn 0.17290741593805797 0.9848077518535372 -0.016022403153254858
vn -2.220446049250313e-16 1 2.2204460436442257e-22
vn 0.17290741593805797 0.9848077518535372 -0.016022403153254858
vn -2.220446049250313e-16 1 2.2204460436442257e-22
vn -2.220446049250313e-16 1 2.2204460436442257e-22
vn 0.17290741593805797 0.9848077518535372 -0.016022403153254858
vn 0.16701923663155702 0.9848077504998306 -0.04752124946248142
vn -2.220446049250313e-16 1 2.2204460436442257e-22
vn 0.16701923663155702 0.9848077504998306 -0.04752124946248142
vn -2.220446049250313e-16 1 2.2204460436442257e-22
vn -2.220446049250313e-16 1 2.2204460436442257e-22
vn 0.16701923663155702 0.9848077504998306 -0.04752124946248142
vn 0.15544340362150444 0.984807751749055 -0.07740181112566805
vn -2.220446049250313e-16 1 2.2204460436442257e-22
vn 0.15544340362150444 0.984807751749055 -0.07740181112566805
vn -2.220446049250313e-16 1 2.2204460436442257e-22
vn -2.220446049250313e-16 1 2.2204460436442257e-22
vn 0.15544340362150444 0.984807751749055 -0.07740181112566805
vn 0.13857414130053256 0.9848077511606463 -0.10464655090699566
vn -2.220446049250313e-16 1 2.2204460436442257e-22
vn 0.13857414130053256 0.9848077511606463 -0.10464655090699566
vn -2.220446049250313e-16 1 2.2204460436442257e-22
vn -2.220446049250313e-16 1 2.2204460436442257e-22
vn 0.13857414130053256 0.9848077511606463 -0.10464655090699566
vn 0.11698589005904661 0.9848077530394101 -0.12832767075171606
vn -2.220446049250313e-16 1 2.2204460436442257e-22
vn 0.11698589005904661 0.9848077530394101 -0.12832767075171606
vn -2.220446049250313e-16 1 2.2204460436442257e-22
vn -2.220446049250313e-16 1 2.2204460436442257e-22
vn 0.11698589005904661 0.9848077530394101 -0.12832767075171606
vn 0.09141384265415577 0.9848077512956899 -0.14763875629091394
vn -2.220446049250313e-16 1 2.2204460436442257e-22
vn 0.09141384265415577 0.9848077512956899 -0.14763875629091394
vn -2.220446049250313e-16 1 2.2204460436442257e-22
vn -2.220446049250313e-16 1 2.2204460436442257e-22
vn 0.09141384265415577 0.9848077512956899 -0.14763875629091394
vn 0.06272880124250352 0.9848077511186768 -0.16192217523011815
vn -2.220446049250313e-16 1 2.2204460436442257e-22
vn 0.06272880124250352 0.9848077511186768 -0.16192217523011815
vn -2.220446049250313e-16 1 2.2204460436442257e-22
vn -2.220446049250313e-16 1 2.2204460436442257e-22
vn 0.06272880124250352 0.9848077511186768 -0.16192217523011815
vn 0.031907600146678386 0.9848077521694302 -0.17069152386651798
vn -2.220446049250313e-16 1 2.2204460436442257e-22
vn 0.031907600146678386 0.9848077521694302 -0.17069152386651798
vn -2.220446049250313e-16 1 2.2204460436442257e-22
vn -2.220446049250313e-16 1 2.2204460436442257e-22
vn 0.031907600146678386 0.9848077521694302 -0.17069152386651798
vn -3.0901698912593536e-7 0.9510565161477459 -0.309016994828467
vn -3.0901698912593536e-7 0.9510565161477459 -0.309016994828467
vn 0.031907600146678386 0.9848077521694302 -0.17069152386651798
vn 0.09187427296484095 0.8660254008115974 -0.49148664591857816
vn -3.0901698912593536e-7 0.9510565161477459 -0.309016994828467
vn 0.09187427296484095 0.8660254008115974 -0.49148664591857816
vn -5.877852221266721e-7 0.8090170011594585 -0.5877852429541006
vn -5.877852221266721e-7 0.8090170011594585 -0.5877852429541006
vn 0.09187427296484095 0.8660254008115974 -0.49148664591857816
vn 0.14075954118755177 0.6427876289474991 -0.7530012056011082
vn -5.877852221266721e-7 0.8090170011594585 -0.5877852429541006
vn 0.14075954118755177 0.6427876289474991 -0.7530012056011082
vn -8.090170226161325e-7 0.5877852429540098 -0.8090170011593335
vn -8.090170226161325e-7 0.5877852429540098 -0.8090170011593335
vn 0.14075954118755177 0.6427876289474991 -0.7530012056011082
vn 0.17266712703313794 0.3420201464826323 -0.9236927425513968
vn -8.090170226161325e-7 0.5877852429540098 -0.8090170011593335
vn 0.17266712703313794 0.3420201464826323 -0.9236927425513968
vn -9.510564825724556e-7 0.309016994828342 -0.9510565161473611
vn 9.510564825724556e-7 0.309016994828342 0.9510565161473611
vn 9.999999974747427e-7 1.1102230218215578e-22 0.9999999999995
vn 0.1837505091737298 2.0400404607127086e-17 0.9829729143666142
vn 0.09187427296484095 0.8660254008115974 -0.49148664591857816
vn 0.031907600146678386 0.9848077521694302 -0.17069152386651798
vn 0.1806203747183376 0.8660253998582363 -0.4662362995702813
vn 0.1806203747183376 0.8660253998582363 -0.4662362995702813
vn 0.031907600146678386 0.9848077521694302 -0.17069152386651798
vn 0.06272880124250352 0.9848077511186768 -0.16192217523011815
vn 0.1806203747183376 0.8660253998582363 -0.4662362995702813
vn 0.06272880124250352 0.9848077511186768 -0.16192217523011815
vn 0.2632156621479034 0.8660253918567624 -0.4251088517772617
vn 0.2632156621479034 0.8660253918567624 -0.4251088517772617
vn 0.06272880124250352 0.9848077511186768 -0.16192217523011815
vn 0.09141384265415577 0.9848077512956899 -0.14763875629091394
vn 0.2632156621479034 0.8660253918567624 -0.4251088517772617
vn 0.09141384265415577 0.9848077512956899 -0.14763875629091394
vn 0.3368474833059236 0.8660253861689651 -0.3695048084955871
vn 0.3368474833059236 0.8660253861689651 -0.3695048084955871
vn 0.09141384265415577 0.9848077512956899 -0.14763875629091394
vn 0.11698589005904661 0.9848077530394101 -0.12832767075171606
vn 0.3368474833059236 0.8660253861689651 -0.3695048084955871
vn 0.11698589005904661 0.9848077530394101 -0.12832767075171606
vn 0.39900831006595705 0.86602540166559 -0.3013177262762065
vn 0.39900831006595705 0.86602540166559 -0.3013177262762065
vn 0.11698589005904661 0.9848077530394101 -0.12832767075171606
vn 0.13857414130053256 0.9848077511606463 -0.10464655090699566
vn 0.39900831006595705 0.86602540166559 -0.3013177262762065
vn 0.13857414130053256 0.9848077511606463 -0.10464655090699566
vn 0.44758141800351353 0.8660254029373367 -0.22286963841041202
vn 0.44758141800351353 0.8660254029373367 -0.22286963841041202
vn 0.13857414130053256 0.9848077511606463 -0.10464655090699566
vn 0.15544340362150444 0.984807751749055 -0.07740181112566805
vn 0.44758141800351353 0.8660254029373367 -0.22286963841041202
vn 0.15544340362150444 0.984807751749055 -0.07740181112566805
vn 0.4809126921757715 0.8660254004528807 -0.13683197095225674
vn 0.4809126921757715 0.8660254004528807 -0.13683197095225674
vn 0.15544340362150444 0.984807751749055 -0.07740181112566805
vn 0.16701923663155702 0.9848077504998306 -0.04752124946248142
vn 0.4809126921757715 0.8660254004528807 -0.13683197095225674
vn 0.16701923663155702 0.9848077504998306 -0.04752124946248142
vn 0.4978670529906108 0.8660253972928451 -0.046134680991784714
vn 0.4978670529906108 0.8660253972928451 -0.046134680991784714
vn 0.16701923663155702 0.9848077504998306 -0.04752124946248142
vn 0.17290741593805797 0.9848077518535372 -0.016022403153254858
vn 0.4978670529906108 0.8660253972928451 -0.046134680991784714
vn 0.17290741593805797 0.9848077518535372 -0.016022403153254858
vn 0.4978671431675583 0.8660253986322018 0.04613368268532261
vn 0.4978671431675583 0.8660253986322018 0.04613368268532261
vn 0.17290741593805797 0.9848077518535372 -0.016022403153254858
vn 0.17290744580401912 0.9848077522159929 0.01602205856979138
vn 0.4978671431675583 0.8660253986322018 0.04613368268532261
vn 0.17290744580401912 0.9848077522159929 0.01602205856979138
vn 0.4809129611189167 0.8660254017534862 0.13683101748342108
vn 0.4809129611189167 0.8660254017534862 0.13683101748342108
vn 0.17290744580401912 0.9848077522159929 0.01602205856979138
vn 0.16701932620554488 0.9848077514846353 0.047520914233868256
vn 0.4809129611189167 0.8660254017534862 0.13683101748342108
vn 0.16701932620554488 0.9848077514846353 0.047520914233868256
vn 0.44758186466954913 0.8660254022237309 0.2228687441570812
vn 0.44758186466954913 0.8660254022237309 0.2228687441570812
vn 0.16701932620554488 0.9848077514846353 0.047520914233868256
vn 0.15544356733868545 0.9848077505098641 0.0774014981038811
vn 0.44758186466954913 0.8660254022237309 0.2228687441570812
vn 0.15544356733868545 0.9848077505098641 0.0774014981038811
vn 0.39900890796028393 0.8660254056762829 0.30131692300893326
vn 0.39900890796028393 0.8660254056762829 0.30131692300893326
vn 0.15544356733868545 0.9848077505098641 0.0774014981038811
vn 0.13857435001641033 0.984807751868592 0.10464626786015356
vn 0.39900890796028393 0.8660254056762829 0.30131692300893326
vn 0.13857435001641033 0.984807751868592 0.10464626786015356
vn 0.3368482027203019 0.8660253968606955 0.36950412760397827
vn 0.3368482027203019 0.8660253968606955 0.36950412760397827
vn 0.13857435001641033 0.984807751868592 0.10464626786015356
vn 0.11698615083980772 0.9848077531272456 0.12832743234457689
vn 0.3368482027203019 0.8660253968606955 0.36950412760397827
vn 0.11698615083980772 0.9848077531272456 0.12832743234457689
vn 0.2632164988243214 0.8660253991325902 0.4251083189069625
vn 0.2632164988243214 0.8660253991325902 0.4251083189069625
vn 0.11698615083980772 0.9848077531272456 0.12832743234457689
vn 0.0914141334130556 0.9848077533021697 0.14763856287661786
vn 0.2632164988243214 0.8660253991325902 0.4251083189069625
vn 0.0914141334130556 0.9848077533021697 0.14763856287661786
vn 0.18062131298161696 0.8660253974134732 0.466235940626238
vn 0.18062131298161696 0.8660253974134732 0.466235940626238
vn 0.0914141334130556 0.9848077533021697 0.14763856287661786
vn 0.06272912156765864 0.9848077503365733 0.16192205589223257
vn 0.18062131298161696 0.8660253974134732 0.466235940626238
vn 0.06272912156765864 0.9848077503365733 0.16192205589223257
vn 0.09187525621437473 0.866025398670748 0.4914864658896671
vn 0.09187525621437473 0.866025398670748 0.4914864658896671
vn 0.06272912156765864 0.9848077503365733 0.16192205589223257
vn 0.0319079428490913 0.9848077514193615 0.17069146413186648
vn 0.33945526716398305 0.34202014436337336 -0.8762376061573061
vn 0.17266712703313794 0.3420201464826323 -0.9236927425513968
vn 0.14075954118755177 0.6427876289474991 -0.7530012056011082
vn 0.14075954118755177 0.6427876289474991 -0.7530012056011082
vn 0.09187427296484095 0.8660254008115974 -0.49148664591857816
vn 0.27672645642833743 0.6427876398139796 -0.7143154194156731
vn 0.27672645642833743 0.6427876398139796 -0.7143154194156731
vn 0.09187427296484095 0.8660254008115974 -0.49148664591857816
vn 0.1806203747183376 0.8660253998582363 -0.4662362995702813
vn 0.27672645642833743 0.6427876398139796 -0.7143154194156731
vn 0.1806203747183376 0.8660253998582363 -0.4662362995702813
vn 0.40326977182750745 0.6427876418077852 -0.6513044899809737
vn 0.40326977182750745 0.6427876418077852 -0.6513044899809737
vn 0.1806203747183376 0.8660253998582363 -0.4662362995702813
vn 0.2632156621479034 0.8660253918567624 -0.4251088517772617
vn 0.40326977182750745 0.6427876418077852 -0.6513044899809737
vn 0.2632156621479034 0.8660253918567624 -0.4251088517772617
vn 0.5160802468145999 0.6427876185589699 -0.5661141724732477
vn 0.5160802468145999 0.6427876185589699 -0.5661141724732477
vn 0.2632156621479034 0.8660253918567624 -0.4251088517772617
vn 0.3368474833059236 0.8660253861689651 -0.3695048084955871
vn 0.5160802468145999 0.6427876185589699 -0.5661141724732477
vn 0.3368474833059236 0.8660253861689651 -0.3695048084955871
vn 0.611316196162135 0.6427876270103134 -0.46164550780042063
vn 0.611316196162135 0.6427876270103134 -0.46164550780042063
vn 0.3368474833059236 0.8660253861689651 -0.3695048084955871
vn 0.39900831006595705 0.86602540166559 -0.3013177262762065
vn 0.611316196162135 0.6427876270103134 -0.46164550780042063
vn 0.39900831006595705 0.86602540166559 -0.3013177262762065
vn 0.6857345101317297 0.6427876350545261 -0.34145605549675956
vn 0.6857345101317297 0.6427876350545261 -0.34145605549675956
vn 0.39900831006595705 0.86602540166559 -0.3013177262762065
vn 0.44758141800351353 0.8660254029373367 -0.22286963841041202
vn 0.6857345101317297 0.6427876350545261 -0.34145605549675956
vn 0.44758141800351353 0.8660254029373367 -0.22286963841041202
vn 0.736800993739475 0.6427875976124953 -0.20963873683095577
vn 0.736800993739475 0.6427875976124953 -0.20963873683095577
vn 0.44758141800351353 0.8660254029373367 -0.22286963841041202
vn 0.4809126921757715 0.8660254004528807 -0.13683197095225674
vn 0.736800993739475 0.6427875976124953 -0.20963873683095577
vn 0.4809126921757715 0.8660254004528807 -0.13683197095225674
vn 0.762776546162481 0.6427876290328496 -0.07068242063458544
vn 0.762776546162481 0.6427876290328496 -0.07068242063458544
vn 0.4809126921757715 0.8660254004528807 -0.13683197095225674
vn 0.4978670529906108 0.8660253972928451 -0.046134680991784714
vn 0.762776546162481 0.6427876290328496 -0.07068242063458544
vn 0.4978670529906108 0.8660253972928451 -0.046134680991784714
vn 0.7627766783595037 0.6427876399775406 0.07068089446905566
vn 0.7627766783595037 0.6427876399775406 0.07068089446905566
vn 0.4978670529906108 0.8660253972928451 -0.046134680991784714
vn 0.4978671431675583 0.8660253986322018 0.04613368268532261
vn 0.7627766783595037 0.6427876399775406 0.07068089446905566
vn 0.4978671431675583 0.8660253986322018 0.04613368268532261
vn 0.7368014123304397 0.6427875987975995 0.2096372620024545
vn 0.7368014123304397 0.6427875987975995 0.2096372620024545
vn 0.4978671431675583 0.8660253986322018 0.04613368268532261
vn 0.4809129611189167 0.8660254017534862 0.13683101748342108
vn 0.7368014123304397 0.6427875987975995 0.2096372620024545
vn 0.4809129611189167 0.8660254017534862 0.13683101748342108
vn 0.6857352100459932 0.6427876206738891 0.34145467695080406
vn 0.6857352100459932 0.6427876206738891 0.34145467695080406
vn 0.4809129611189167 0.8660254017534862 0.13683101748342108
vn 0.44758186466954913 0.8660254022237309 0.2228687441570812
vn 0.6857352100459932 0.6427876206738891 0.34145467695080406
vn 0.44758186466954913 0.8660254022237309 0.2228687441570812
vn 0.6113171382731809 0.6427876148517814 0.4616442771730702
vn 0.6113171382731809 0.6427876148517814 0.4616442771730702
vn 0.44758186466954913 0.8660254022237309 0.2228687441570812
vn 0.39900890796028393 0.8660254056762829 0.30131692300893326
vn 0.6113171382731809 0.6427876148517814 0.4616442771730702
vn 0.39900890796028393 0.8660254056762829 0.30131692300893326
vn 0.5160813911306745 0.6427876332907507 0.5661131125641793
vn 0.5160813911306745 0.6427876332907507 0.5661131125641793
vn 0.39900890796028393 0.8660254056762829 0.30131692300893326
vn 0.3368482027203019 0.8660253968606955 0.36950412760397827
vn 0.5160813911306745 0.6427876332907507 0.5661131125641793
vn 0.3368482027203019 0.8660253968606955 0.36950412760397827
vn 0.40327107339488444 0.642787626291119 0.6513036993983424
vn 0.40327107339488444 0.642787626291119 0.6513036993983424
vn 0.3368482027203019 0.8660253968606955 0.36950412760397827
vn 0.2632164988243214 0.8660253991325902 0.4251083189069625
vn 0.40327107339488444 0.642787626291119 0.6513036993983424
vn 0.2632164988243214 0.8660253991325902 0.4251083189069625
vn 0.2767278834328809 0.6427876316680047 0.7143148739214349
vn 0.2767278834328809 0.6427876316680047 0.7143148739214349
vn 0.2632164988243214 0.8660253991325902 0.4251083189069625
vn 0.18062131298161696 0.8660253974134732 0.466235940626238
vn 0.2767278834328809 0.6427876316680047 0.7143148739214349
vn 0.18062131298161696 0.8660253974134732 0.466235940626238
vn 0.140761047973498 0.6427876370242079 0.75300091703944
vn 0.140761047973498 0.6427876370242079 0.75300091703944
vn 0.18062131298161696 0.8660253974134732 0.466235940626238
vn 0.09187525621437473 0.866025398670748 0.4914864658896671
vn 0.4946835910471015 0.34202015229540755 -0.7989432771934252
vn 0.33945526716398305 0.34202014436337336 -0.8762376061573061
vn 0.27672645642833743 0.6427876398139796 -0.7143154194156731
vn 0.27672645642833743 0.6427876398139796 -0.7143154194156731
vn 0.33945526716398305 0.34202014436337336 -0.8762376061573061
vn 0.14075954118755177 0.6427876289474991 -0.7530012056011082
vn 0.4946835910471015 0.34202015229540755 -0.7989432771934252
vn 0.27672645642833743 0.6427876398139796 -0.7143154194156731
vn 0.40326977182750745 0.6427876418077852 -0.6513044899809737
vn 0.6330661224755805 0.34202015654506573 -0.6944418601226613
vn 0.4946835910471015 0.34202015229540755 -0.7989432771934252
vn 0.40326977182750745 0.6427876418077852 -0.6513044899809737
vn 0.6330661224755805 0.34202015654506573 -0.6944418601226613
vn 0.40326977182750745 0.6427876418077852 -0.6513044899809737
vn 0.5160802468145999 0.6427876185589699 -0.5661141724732477
vn 0.7498903379473367 0.3420201587854484 -0.5662920554251186
vn 0.6330661224755805 0.34202015654506573 -0.6944418601226613
vn 0.5160802468145999 0.6427876185589699 -0.5661141724732477
vn 0.7498903379473367 0.3420201587854484 -0.5662920554251186
vn 0.5160802468145999 0.6427876185589699 -0.5661141724732477
vn 0.611316196162135 0.6427876270103134 -0.46164550780042063
vn 0.8411779275624897 0.34202014879238546 -0.4188578661093875
vn 0.7498903379473367 0.3420201587854484 -0.5662920554251186
vn 0.611316196162135 0.6427876270103134 -0.46164550780042063
vn 0.8411779275624897 0.34202014879238546 -0.4188578661093875
vn 0.611316196162135 0.6427876270103134 -0.46164550780042063
vn 0.6857345101317297 0.6427876350545261 -0.34145605549675956
vn 0.9038202080323525 0.34202012093378087 -0.2571600055000716
vn 0.8411779275624897 0.34202014879238546 -0.4188578661093875
vn 0.6857345101317297 0.6427876350545261 -0.34145605549675956
vn 0.9038202080323525 0.34202012093378087 -0.2571600055000716
vn 0.6857345101317297 0.6427876350545261 -0.34145605549675956
vn 0.736800993739475 0.6427875976124953 -0.20963873683095577
vn 0.9356839672972223 0.3420201545893806 -0.08670482799467946
vn 0.9038202080323525 0.34202012093378087 -0.2571600055000716
vn 0.736800993739475 0.6427875976124953 -0.20963873683095577
vn 0.9356839672972223 0.3420201545893806 -0.08670482799467946
vn 0.736800993739475 0.6427875976124953 -0.20963873683095577
vn 0.762776546162481 0.6427876290328496 -0.07068242063458544
vn 0.9356841412748231 0.342020152821558 0.08670295745079899
vn 0.9356839672972223 0.3420201545893806 -0.08670482799467946
vn 0.762776546162481 0.6427876290328496 -0.07068242063458544
vn 0.9356841412748231 0.342020152821558 0.08670295745079899
vn 0.762776546162481 0.6427876290328496 -0.07068242063458544
vn 0.7627766783595037 0.6427876399775406 0.07068089446905566
vn 0.9038207178816152 0.34202013342608795 0.2571581969511428
vn 0.9356841412748231 0.342020152821558 0.08670295745079899
vn 0.7627766783595037 0.6427876399775406 0.07068089446905566
vn 0.9038207178816152 0.34202013342608795 0.2571581969511428
vn 0.7627766783595037 0.6427876399775406 0.07068089446905566
vn 0.7368014123304397 0.6427875987975995 0.2096372620024545
vn 0.841178759595806 0.3420201478036662 0.41885619596852064
vn 0.9038207178816152 0.34202013342608795 0.2571581969511428
vn 0.7368014123304397 0.6427875987975995 0.2096372620024545
vn 0.841178759595806 0.3420201478036662 0.41885619596852064
vn 0.7368014123304397 0.6427875987975995 0.2096372620024545
vn 0.6857352100459932 0.6427876206738891 0.34145467695080406
vn 0.7498914663840682 0.3420201569375721 0.5662905622494075
vn 0.841178759595806 0.3420201478036662 0.41885619596852064
vn 0.6857352100459932 0.6427876206738891 0.34145467695080406
vn 0.7498914663840682 0.3420201569375721 0.5662905622494075
vn 0.6857352100459932 0.6427876206738891 0.34145467695080406
vn 0.6113171382731809 0.6427876148517814 0.4616442771730702
vn 0.6330675299567083 0.34202014410271825 0.6944405831620645
vn 0.7498914663840682 0.3420201569375721 0.5662905622494075
vn 0.6113171382731809 0.6427876148517814 0.4616442771730702
vn 0.6330675299567083 0.34202014410271825 0.6944405831620645
vn 0.6113171382731809 0.6427876148517814 0.4616442771730702
vn 0.5160813911306745 0.6427876332907507 0.5661131125641793
vn 0.49468520702291835 0.34202015689343523 0.7989422746552357
vn 0.6330675299567083 0.34202014410271825 0.6944405831620645
vn 0.5160813911306745 0.6427876332907507 0.5661131125641793
vn 0.49468520702291835 0.34202015689343523 0.7989422746552357
vn 0.5160813911306745 0.6427876332907507 0.5661131125641793
vn 0.40327107339488444 0.642787626291119 0.6513036993983424
vn 0.33945700926741423 0.34202015803460895 0.8762369259265463
vn 0.49468520702291835 0.34202015689343523 0.7989422746552357
vn 0.40327107339488444 0.642787626291119 0.6513036993983424
vn 0.33945700926741423 0.34202015803460895 0.8762369259265463
vn 0.40327107339488444 0.642787626291119 0.6513036993983424
vn 0.2767278834328809 0.6427876316680047 0.7143148739214349
vn 0.1726689767268375 0.3420201503446724 0.9236923953537317
vn 0.33945700926741423 0.34202015803460895 0.8762369259265463
vn 0.2767278834328809 0.6427876316680047 0.7143148739214349
vn 0.1726689767268375 0.3420201503446724 0.9236923953537317
vn 0.2767278834328809 0.6427876316680047 0.7143148739214349
vn 0.140761047973498 0.6427876370242079 0.75300091703944
f 1/1/1 2/2/2 3/3/3
f 4/4/4 5/5/5 6/6/6
f 7/7/7 8/8/8 9/9/9
f 10/10/10 11/11/11 12/12/12
f 13/13/13 14/14/14 15/15/15
f 16/16/16 17/17/17 18/18/18
f 19/19/19 20/20/20 21/21/21
f 22/22/22 23/23/23 24/24/24
f 25/25/25 26/26/26 27/27/27
f 28/28/28 29/29/29 30/30/30
f 31/31/31 32/32/32 33/33/33
f 34/34/34 35/35/35 36/36/36
f 37/37/37 38/38/38 39/39/39
f 40/40/40 41/41/41 42/42/42
f 43/43/43 44/44/44 45/45/45
f 46/46/46 47/47/47 48/48/48
f 49/49/49 50/50/50 51/51/51
f 52/52/52 53/53/53 54/54/54
f 55/55/55 56/56/56 57/57/57
f 58/58/58 59/59/59 60/60/60
f 61/61/61 62/62/62 63/63/63
f 64/64/64 65/65/65 66/66/66
f 67/67/67 68/68/68 69/69/69
f 70/70/70 71/71/71 72/72/72
f 73/73/73 74/74/74 75/75/75
f 76/76/76 77/77/77 78/78/78
f 79/79/79 80/80/80 81/81/81
f 82/82/82 83/83/83 84/84/84
f 85/85/85 86/86/86 87/87/87
f 88/88/88 89/89/89 90/90/90
f 91/91/91 92/92/92 93/93/93
f 94/94/94 95/95/95 96/96/96
f 97/97/97 98/98/98 99/99/99
f 100/100/100 101/101/101 102/102/102
f 103/103/103 104/104/104 105/105/105
f 106/106/106 107/107/107 108/108/108
f 109/109/109 110/110/110 111/111/111
f 112/112/112 113/113/113 114/114/114
f 115/115/115 116/116/116 117/117/117
f 118/118/118 119/119/119 120/120/120
f 121/121/121 122/122/122 123/123/123
f 124/124/124 125/125/125 126/126/126
f 127/127/127 128/128/128 129/129/129
f 130/130/130 131/131/131 132/132/132
f 133/133/133 134/134/134 135/135/135
f 136/136/136 137/137/137 138/138/138
f 139/139/139 140/140/140 141/141/141
f 142/142/142 143/143/143 144/144/144
f 145/145/145 146/146/146 147/147/147
f 148/148/148 149/149/149 150/150/150
f 151/151/151 152/152/152 153/153/153
f 154/154/154 155/155/155 156/156/156
f 157/157/157 158/158/158 159/159/159
f 160/160/160 161/161/161 162/162/162
f 163/163/163 164/164/164 165/165/165
f 166/166/166 167/167/167 168/168/168
f 169/169/169 170/170/170 171/171/171
f 172/172/172 173/173/173 174/174/174
f 175/175/175 176/176/176 177/177/177
f 178/178/178 179/179/179 180/180/180
f 181/181/181 182/182/182 183/183/183
f 184/184/184 185/185/185 186/186/186
f 187/187/187 188/188/188 189/189/189
f 190/190/190 191/191/191 192/192/192
f 193/193/193 194/194/194 195/195/195
f 196/196/196 197/197/197 198/198/198
f 199/199/199 200/200/200 201/201/201
f 202/202/202 203/203/203 204/204/204
f 205/205/205 206/206/206 207/207/207
f 208/208/208 209/209/209 210/210/210
f 211/211/211 212/212/212 213/213/213
f 214/214/214 215/215/215 216/216/216
f 217/217/217 218/218/218 219/219/219
f 220/220/220 221/221/221 222/222/222
f 223/223/223 224/224/224 225/225/225
f 226/226/226 227/227/227 228/228/228
f 229/229/229 230/230/230 231/231/231
f 232/232/232 233/233/233 234/234/234
f 235/235/235 236/236/236 237/237/237
f 238/238/238 239/239/239 240/240/240
f 241/241/241 242/242/242 243/243/243
f 244/244/244 245/245/245 246/246/246
f 247/247/247 248/248/248 249/249/249
f 250/250/250 251/251/251 252/252/252
f 253/253/253 254/254/254 255/255/255
f 256/256/256 257/257/257 258/258/258
f 259/259/259 260/260/260 261/261/261
f 262/262/262 263/263/263 264/264/264
f 265/265/265 266/266/266 267/267/267
f 268/268/268 269/269/269 270/270/270
f 271/271/271 272/272/272 273/273/273
f 274/274/274 275/275/275 276/276/276
f 277/277/277 278/278/278 279/279/279
f 280/280/280 281/281/281 282/282/282
f 283/283/283 284/284/284 285/285/285
f 286/286/286 287/287/287 288/288/288
f 289/289/289 290/290/290 291/291/291
f 292/292/292 293/293/293 294/294/294
f 295/295/295 296/296/296 297/297/297
f 298/298/298 299/299/299 300/300/300
f 301/301/301 302/302/302 303/303/303
f 304/304/304 305/305/305 306/306/306
f 307/307/307 308/308/308 309/309/309
f 310/310/310 311/311/311 312/312/312
f 313/313/313 314/314/314 315/315/315
f 316/316/316 317/317/317 318/318/318
f 319/319/319 320/320/320 321/321/321
f 322/322/322 323/323/323 324/324/324
f 325/325/325 326/326/326 327/327/327
f 328/328/328 329/329/329 330/330/330
f 331/331/331 332/332/332 333/333/333
f 334/334/334 335/335/335 336/336/336
f 337/337/337 338/338/338 339/339/339
f 340/340/340 341/341/341 342/342/342
f 343/343/343 344/344/344 345/345/345
f 346/346/346 347/347/347 348/348/348
f 349/349/349 350/350/350 351/351/351
f 352/352/352 353/353/353 354/354/354
f 355/355/355 356/356/356 357/357/357
f 358/358/358 359/359/359 360/360/360
f 361/361/361 362/362/362 363/363/363
f 364/364/364 365/365/365 366/366/366
f 367/367/367 368/368/368 369/369/369
f 370/370/370 371/371/371 372/372/372
f 373/373/373 374/374/374 375/375/375
f 376/376/376 377/377/377 378/378/378
f 379/379/379 380/380/380 381/381/381
f 382/382/382 383/383/383 384/384/384
f 385/385/385 386/386/386 387/387/387
f 388/388/388 389/389/389 390/390/390
f 391/391/391 392/392/392 393/393/393
f 394/394/394 395/395/395 396/396/396
f 397/397/397 398/398/398 399/399/399
f 400/400/400 401/401/401 402/402/402
f 403/403/403 404/404/404 405/405/405
f 406/406/406 407/407/407 408/408/408
f 409/409/409 410/410/410 411/411/411
f 412/412/412 413/413/413 414/414/414
f 415/415/415 416/416/416 417/417/417
f 418/418/418 419/419/419 420/420/420
f 421/421/421 422/422/422 423/423/423
f 424/424/424 425/425/425 426/426/426
f 427/427/427 428/428/428 429/429/429
f 430/430/430 431/431/431 432/432/432
f 433/433/433 434/434/434 435/435/435
f 436/436/436 437/437/437 438/438/438
f 439/439/439 440/440/440 441/441/441
f 442/442/442 443/443/443 444/444/444
f 445/445/445 446/446/446 447/447/447
f 448/448/448 449/449/449 450/450/450
f 451/451/451 452/452/452 453/453/453
f 454/454/454 455/455/455 456/456/456
f 457/457/457 458/458/458 459/459/459
f 460/460/460 461/461/461 462/462/462
f 463/463/463 464/464/464 465/465/465
f 466/466/466 467/467/467 468/468/468
f 469/469/469 470/470/470 471/471/471
f 472/472/472 473/473/473 474/474/474
f 475/475/475 476/476/476 477/477/477
f 478/478/478 479/479/479 480/480/480
f 481/481/481 482/482/482 483/483/483
f 484/484/484 485/485/485 486/486/486
f 487/487/487 488/488/488 489/489/489
f 490/490/490 491/491/491 492/492/492
f 493/493/493 494/494/494 495/495/495
f 496/496/496 497/497/497 498/498/498
f 499/499/499 500/500/500 501/501/501
f 502/502/502 503/503/503 504/504/504
f 505/505/505 506/506/506 507/507/507
f 508/508/508 509/509/509 510/510/510
f 511/511/511 512/512/512 513/513/513
f 514/514/514 515/515/515 516/516/516
f 517/517/517 518/518/518 519/519/519
f 520/520/520 521/521/521 522/522/522
f 523/523/523 524/524/524 525/525/525
f 526/526/526 527/527/527 528/528/528
f 529/529/529 530/530/530 531/531/531
f 532/532/532 533/533/533 534/534/534
f 535/535/535 536/536/536 537/537/537
f 538/538/538 539/539/539 540/540/540
f 541/541/541 542/542/542 543/543/543
f 544/544/544 545/545/545 546/546/546
f 547/547/547 548/548/548 549/549/549
f 550/550/550 551/551/551 552/552/552
f 553/553/553 554/554/554 555/555/555
f 556/556/556 557/557/557 558/558/558
f 559/559/559 560/560/560 561/561/561
f 562/562/562 563/563/563 564/564/564
f 565/565/565 566/566/566 567/567/567
f 568/568/568 569/569/569 570/570/570
f 571/571/571 572/572/572 573/573/573
f 574/574/574 575/575/575 576/576/576
f 577/577/577 578/578/578 579/579/579
f 580/580/580 581/581/581 582/582/582
f 583/583/583 584/584/584 585/585/585
f 586/586/586 587/587/587 588/588/588
f 589/589/589 590/590/590 591/591/591
f 592/592/592 593/593/593 594/594/594
f 595/595/595 596/596/596 597/597/597
f 598/598/598 599/599/599 600/600/600
f 601/601/601 602/602/602 603/603/603
f 604/604/604 605/605/605 606/606/606
f 607/607/607 608/608/608 609/609/609
f 610/610/610 611/611/611 612/612/612
f 613/613/613 614/614/614 615/615/615
f 616/616/616 617/617/617 618/618/618
f 619/619/619 620/620/620 621/621/621
f 622/622/622 623/623/623 624/624/624
f 625/625/625 626/626/626 627/627/627
f 628/628/628 629/629/629 630/630/630
f 631/631/631 632/632/632 633/633/633
f 634/634/634 635/635/635 636/636/636
f 637/637/637 638/638/638 639/639/639
f 640/640/640 641/641/641 642/642/642
f 643/643/643 644/644/644 645/645/645
f 646/646/646 647/647/647 648/648/648
f 649/649/649 650/650/650 651/651/651
f 652/652/652 653/653/653 654/654/654
f 655/655/655 656/656/656 657/657/657
f 658/658/658 659/659/659 660/660/660
f 661/661/661 662/662/662 663/663/663
f 664/664/664 665/665/665 666/666/666
f 667/667/667 668/668/668 669/669/669
f 670/670/670 671/671/671 672/672/672
f 673/673/673 674/674/674 675/675/675
f 676/676/676 677/677/677 678/678/678
f 679/679/679 680/680/680 681/681/681
f 682/682/682 683/683/683 684/684/684
f 685/685/685 686/686/686 687/687/687
f 688/688/688 689/689/689 690/690/690
f 691/691/691 692/692/692 693/693/693
f 694/694/694 695/695/695 696/696/696
f 697/697/697 698/698/698 699/699/699
f 700/700/700 701/701/701 702/702/702
f 703/703/703 704/704/704 705/705/705
f 706/706/706 707/707/707 708/708/708
f 709/709/709 710/710/710 711/711/711
f 712/712/712 713/713/713 714/714/714
f 715/715/715 716/716/716 717/717/717
f 718/718/718 719/719/719 720/720/720
f 721/721/721 722/722/722 723/723/723
f 724/724/724 725/725/725 726/726/726
f 727/727/727 728/728/728 729/729/729
f 730/730/730 731/731/731 732/732/732
f 733/733/733 734/734/734 735/735/735
f 736/736/736 737/737/737 738/738/738
f 739/739/739 740/740/740 741/741/741
f 742/742/742 743/743/743 744/744/744
f 745/745/745 746/746/746 747/747/747
f 748/748/748 749/749/749 750/750/750
f 751/751/751 752/752/752 753/753/753
f 754/754/754 755/755/755 756/756/756
f 757/757/757 758/758/758 759/759/759
f 760/760/760 761/761/761 762/762/762
f 763/763/763 764/764/764 765/765/765
f 766/766/766 767/767/767 768/768/768
f 769/769/769 770/770/770 771/771/771
f 772/772/772 773/773/773 774/774/774
f 775/775/775 776/776/776 777/777/777
f 778/778/778 779/779/779 780/780/780
f 781/781/781 782/782/782 783/783/783
f 784/784/784 785/785/785 786/786/786
f 787/787/787 788/788/788 789/789/789
f 790/790/790 791/791/791 792/792/792
f 793/793/793 794/794/794 795/795/795
f 796/796/796 797/797/797 798/798/798
f 799/799/799 800/800/800 801/801/801
f 802/802/802 803/803/803 804/804/804
f 805/805/805 806/806/806 807/807/807
f 808/808/808 809/809/809 810/810/810
f 811/811/811 812/812/812 813/813/813
f 814/814/814 815/815/815 816/816/816
f 817/817/817 818/818/818 819/819/819
f 820/820/820 821/821/821 822/822/822
f 823/823/823 824/824/824 825/825/825
f 826/826/826 827/827/827 828/828/828
f 829/829/829 830/830/830 831/831/831
f 832/832/832 833/833/833 834/834/834
f 835/835/835 836/836/836 837/837/837
f 838/838/838 839/839/839 840/840/840
f 841/841/841 842/842/842 843/843/843
f 844/844/844 845/845/845 846/846/846
f 847/847/847 848/848/848 849/849/849
f 850/850/850 851/851/851 852/852/852
f 853/853/853 854/854/854 855/855/855
f 856/856/856 857/857/857 858/858/858
f 859/859/859 860/860/860 861/861/861
f 862/862/862 863/863/863 864/864/864
f 865/865/865 866/866/866 867/867/867
f 868/868/868 869/869/869 870/870/870
f 871/871/871 872/872/872 873/873/873
f 874/874/874 875/875/875 876/876/876
f 877/877/877 878/878/878 879/879/879
f 880/880/880 881/881/881 882/882/882
f 883/883/883 884/884/884 885/885/885
f 886/886/886 887/887/887 888/888/888
f 889/889/889 890/890/890 891/891/891
f 892/892/892 893/893/893 894/894/894
f 895/895/895 896/896/896 897/897/897
f 898/898/898 899/899/899 900/900/900
f 901/901/901 902/902/902 903/903/903
f 904/904/904 905/905/905 906/906/906
f 907/907/907 908/908/908 909/909/909
f 910/910/910 911/911/911 912/912/912
f 913/913/913 914/914/914 915/915/915
f 916/916/916 917/917/917 918/918/918
f 919/919/919 920/920/920 921/921/921
f 922/922/922 923/923/923 924/924/924
f 925/925/925 926/926/926 927/927/927
f 928/928/928 929/929/929 930/930/930
f 931/931/931 932/932/932 933/933/933
f 934/934/934 935/935/935 936/936/936
f 937/937/937 938/938/938 939/939/939
f 940/940/940 941/941/941 942/942/942
f 943/943/943 944/944/944 945/945/945
f 946/946/946 947/947/947 948/948/948
f 949/949/949 950/950/950 951/951/951
f 952/952/952 953/953/953 954/954/954
f 955/955/955 956/956/956 957/957/957
f 958/958/958 959/959/959 960/960/960
f 961/961/961 962/962/962 963/963/963
f 964/964/964 965/965/965 966/966/966
f 967/967/967 968/968/968 969/969/969
f 970/970/970 971/971/971 972/972/972
f 973/973/973 974/974/974 975/975/975
f 976/976/976 977/977/977 978/978/978
f 979/979/979 980/980/980 981/981/981
f 982/982/982 983/983/983 984/984/984
f 985/985/985 986/986/986 987/987/987
f 988/988/988 989/989/989 990/990/990
f 991/991/991 992/992/992 993/993/993
f 994/994/994 995/995/995 996/996/996
f 997/997/997 998/998/998 999/999/999
f 1000/1000/1000 1001/1001/1001 1002/1002/1002
f 1003/1003/1003 1004/1004/1004 1005/1005/1005
f 1006/1006/1006 1007/1007/1007 1008/1008/1008
f 1009/1009/1009 1010/1010/1010 1011/1011/1011
f 1012/1012/1012 1013/1013/1013 1014/1014/1014
f 1015/1015/1015 1016/1016/1016 1017/1017/1017
f 1018/1018/1018 1019/1019/1019 1020/1020/1020
f 1021/1021/1021 1022/1022/1022 1023/1023/1023
f 1024/1024/1024 1025/1025/1025 1026/1026/1026
f 1027/1027/1027 1028/1028/1028 1029/1029/1029
f 1030/1030/1030 1031/1031/1031 1032/1032/1032
f 1033/1033/1033 1034/1034/1034 1035/1035/1035
f 1036/1036/1036 1037/1037/1037 1038/1038/1038
f 1039/1039/1039 1040/1040/1040 1041/1041/1041
f 1042/1042/1042 1043/1043/1043 1044/1044/1044
f 1045/1045/1045 1046/1046/1046 1047/1047/1047
f 1048/1048/1048 1049/1049/1049 1050/1050/1050
f 1051/1051/1051 1052/1052/1052 1053/1053/1053
f 1054/1054/1054 1055/1055/1055 1056/1056/1056
f 1057/1057/1057 1058/1058/1058 1059/1059/1059
f 1060/1060/1060 1061/1061/1061 1062/1062/1062
f 1063/1063/1063 1064/1064/1064 1065/1065/1065
f 1066/1066/1066 1067/1067/1067 1068/1068/1068
f 1069/1069/1069 1070/1070/1070 1071/1071/1071
f 1072/1072/1072 1073/1073/1073 1074/1074/1074
f 1075/1075/1075 1076/1076/1076 1077/1077/1077
f 1078/1078/1078 1079/1079/1079 1080/1080/1080
f 1081/1081/1081 1082/1082/1082 1083/1083/1083
f 1084/1084/1084 1085/1085/1085 1086/1086/1086
f 1087/1087/1087 1088/1088/1088 1089/1089/1089
f 1090/1090/1090 1091/1091/1091 1092/1092/1092
f 1093/1093/1093 1094/1094/1094 1095/1095/1095
f 1096/1096/1096 1097/1097/1097 1098/1098/1098
f 1099/1099/1099 1100/1100/1100 1101/1101/1101
f 1102/1102/1102 1103/1103/1103 1104/1104/1104
f 1105/1105/1105 1106/1106/1106 1107/1107/1107
f 1108/1108/1108 1109/1109/1109 1110/1110/1110
f 1111/1111/1111 1112/1112/1112 1113/1113/1113
f 1114/1114/1114 1115/1115/1115 1116/1116/1116
f 1117/1117/1117 1118/1118/1118 1119/1119/1119
f 1120/1120/1120 1121/1121/1121 1122/1122/1122
f 1123/1123/1123 1124/1124/1124 1125/1125/1125
f 1126/1126/1126 1127/1127/1127 1128/1128/1128
f 1129/1129/1129 1130/1130/1130 1131/1131/1131
f 1132/1132/1132 1133/1133/1133 1134/1134/1134
f 1135/1135/1135 1136/1136/1136 1137/1137/1137
f 1138/1138/1138 1139/1139/1139 1140/1140/1140
f 1141/1141/1141 1142/1142/1142 1143/1143/1143
f 1144/1144/1144 1145/1145/1145 1146/1146/1146
f 1147/1147/1147 1148/1148/1148 1149/1149/1149
f 1150/1150/1150 1151/1151/1151 1152/1152/1152
f 1153/1153/1153 1154/1154/1154 1155/1155/1155
f 1156/1156/1156 1157/1157/1157 1158/1158/1158
f 1159/1159/1159 1160/1160/1160 1161/1161/1161
f 1162/1162/1162 1163/1163/1163 1164/1164/1164
f 1165/1165/1165 1166/1166/1166 1167/1167/1167
f 1168/1168/1168 1169/1169/1169 1170/1170/1170
f 1171/1171/1171 1172/1172/1172 1173/1173/1173
f 1174/1174/1174 1175/1175/1175 1176/1176/1176
f 1177/1177/1177 1178/1178/1178 1179/1179/1179
f 1180/1180/1180 1181/1181/1181 1182/1182/1182
f 1183/1183/1183 1184/1184/1184 1185/1185/1185
f 1186/1186/1186 1187/1187/1187 1188/1188/1188
f 1189/1189/1189 1190/1190/1190 1191/1191/1191
f 1192/1192/1192 1193/1193/1193 1194/1194/1194
f 1195/1195/1195 1196/1196/1196 1197/1197/1197
f 1198/1198/1198 1199/1199/1199 1200/1200/1200
f 1201/1201/1201 1202/1202/1202 1203/1203/1203
f 1204/1204/1204 1205/1205/1205 1206/1206/1206
f 1207/1207/1207 1208/1208/1208 1209/1209/1209
f 1210/1210/1210 1211/1211/1211 1212/1212/1212
f 1213/1213/1213 1214/1214/1214 1215/1215/1215
f 1216/1216/1216 1217/1217/1217 1218/1218/1218
f 1219/1219/1219 1220/1220/1220 1221/1221/1221
f 1222/1222/1222 1223/1223/1223 1224/1224/1224
f 1225/1225/1225 1226/1226/1226 1227/1227/1227
f 1228/1228/1228 1229/1229/1229 1230/1230/1230
f 1231/1231/1231 1232/1232/1232 1233/1233/1233
f 1234/1234/1234 1235/1235/1235 1236/1236/1236
f 1237/1237/1237 1238/1238/1238 1239/1239/1239
f 1240/1240/1240 1241/1241/1241 1242/1242/1242
f 1243/1243/1243 1244/1244/1244 1245/1245/1245
f 1246/1246/1246 1247/1247/1247 1248/1248/1248
f 1249/1249/1249 1250/1250/1250 1251/1251/1251
f 1252/1252/1252 1253/1253/1253 1254/1254/1254
f 1255/1255/1255 1256/1256/1256 1257/1257/1257
f 1258/1258/1258 1259/1259/1259 1260/1260/1260
f 1261/1261/1261 1262/1262/1262 1263/1263/1263
f 1264/1264/1264 1265/1265/1265 1266/1266/1266
f 1267/1267/1267 1268/1268/1268 1269/1269/1269
f 1270/1270/1270 1271/1271/1271 1272/1272/1272
f 1273/1273/1273 1274/1274/1274 1275/1275/1275
f 1276/1276/1276 1277/1277/1277 1278/1278/1278
f 1279/1279/1279 1280/1280/1280 1281/1281/1281
f 1282/1282/1282 1283/1283/1283 1284/1284/1284
f 1285/1285/1285 1286/1286/1286 1287/1287/1287
f 1288/1288/1288 1289/1289/1289 1290/1290/1290
f 1291/1291/1291 1292/1292/1292 1293/1293/1293
f 1294/1294/1294 1295/1295/1295 1296/1296/1296
f 1297/1297/1297 1298/1298/1298 1299/1299/1299
f 1300/1300/1300 1301/1301/1301 1302/1302/1302
f 1303/1303/1303 1304/1304/1304 1305/1305/1305
f 1306/1306/1306 1307/1307/1307 1308/1308/1308
f 1309/1309/1309 1310/1310/1310 1311/1311/1311
f 1312/1312/1312 1313/1313/1313 1314/1314/1314
f 1315/1315/1315 1316/1316/1316 1317/1317/1317
f 1318/1318/1318 1319/1319/1319 1320/1320/1320
f 1321/1321/1321 1322/1322/1322 1323/1323/1323
f 1324/1324/1324 1325/1325/1325 1326/1326/1326
f 1327/1327/1327 1328/1328/1328 1329/1329/1329
f 1330/1330/1330 1331/1331/1331 1332/1332/1332
f 1333/1333/1333 1334/1334/1334 1335/1335/1335
f 1336/1336/1336 1337/1337/1337 1338/1338/1338
f 1339/1339/1339 1340/1340/1340 1341/1341/1341
f 1342/1342/1342 1343/1343/1343 1344/1344/1344
f 1345/1345/1345 1346/1346/1346 1347/1347/1347
f 1348/1348/1348 1349/1349/1349 1350/1350/1350
f 1351/1351/1351 1352/1352/1352 1353/1353/1353
f 1354/1354/1354 1355/1355/1355 1356/1356/1356
f 1357/1357/1357 1358/1358/1358 1359/1359/1359
f 1360/1360/1360 1361/1361/1361 1362/1362/1362
f 1363/1363/1363 1364/1364/1364 1365/1365/1365
f 1366/1366/1366 1367/1367/1367 1368/1368/1368
f 1369/1369/1369 1370/1370/1370 1371/1371/1371
f 1372/1372/1372 1373/1373/1373 1374/1374/1374
f 1375/1375/1375 1376/1376/1376 1377/1377/1377
f 1378/1378/1378 1379/1379/1379 1380/1380/1380
f 1381/1381/1381 1382/1382/1382 1383/1383/1383
f 1384/1384/1384 1385/1385/1385 1386/1386/1386
f 1387/1387/1387 1388/1388/1388 1389/1389/1389
f 1390/1390/1390 1391/1391/1391 1392/1392/1392
f 1393/1393/1393 1394/1394/1394 1395/1395/1395
f 1396/1396/1396 1397/1397/1397 1398/1398/1398
f 1399/1399/1399 1400/1400/1400 1401/1401/1401
f 1402/1402/1402 1403/1403/1403 1404/1404/1404
f 1405/1405/1405 1406/1406/1406 1407/1407/1407
f 1408/1408/1408 1409/1409/1409 1410/1410/1410
f 1411/1411/1411 1412/1412/1412 1413/1413/1413
f 1414/1414/1414 1415/1415/1415 1416/1416/1416
f 1417/1417/1417 1418/1418/1418 1419/1419/1419
f 1420/1420/1420 1421/1421/1421 1422/1422/1422
f 1423/1423/1423 1424/1424/1424 1425/1425/1425
f 1426/1426/1426 1427/1427/1427 1428/1428/1428
f 1429/1429/1429 1430/1430/1430 1431/1431/1431
f 1432/1432/1432 1433/1433/1433 1434/1434/1434
f 1435/1435/1435 1436/1436/1436 1437/1437/1437
f 1438/1438/1438 1439/1439/1439 1440/1440/1440
f 1441/1441/1441 1442/1442/1442 1443/1443/1443
f 1444/1444/1444 1445/1445/1445 1446/1446/1446
f 1447/1447/1447 1448/1448/1448 1449/1449/1449
f 1450/1450/1450 1451/1451/1451 1452/1452/1452
f 1453/1453/1453 1454/1454/1454 1455/1455/1455
f 1456/1456/1456 1457/1457/1457 1458/1458/1458
f 1459/1459/1459 1460/1460/1460 1461/1461/1461
f 1462/1462/1462 1463/1463/1463 1464/1464/1464
f 1465/1465/1465 1466/1466/1466 1467/1467/1467
f 1468/1468/1468 1469/1469/1469 1470/1470/1470
f 1471/1471/1471 1472/1472/1472 1473/1473/1473
f 1474/1474/1474 1475/1475/1475 1476/1476/1476
f 1477/1477/1477 1478/1478/1478 1479/1479/1479
f 1480/1480/1480 1481/1481/1481 1482/1482/1482
f 1483/1483/1483 1484/1484/1484 1485/1485/1485
f 1486/1486/1486 1487/1487/1487 1488/1488/1488
f 1489/1489/1489 1490/1490/1490 1491/1491/1491
f 1492/1492/1492 1493/1493/1493 1494/1494/1494
f 1495/1495/1495 1496/1496/1496 1497/1497/1497
f 1498/1498/1498 1499/1499/1499 1500/1500/1500
f 1501/1501/1501 1502/1502/1502 1503/1503/1503
f 1504/1504/1504 1505/1505/1505 1506/1506/1506
f 1507/1507/1507 1508/1508/1508 1509/1509/1509
f 1510/1510/1510 1511/1511/1511 1512/1512/1512
f 1513/1513/1513 1514/1514/1514 1515/1515/1515
f 1516/1516/1516 1517/1517/1517 1518/1518/1518
f 1519/1519/1519 1520/1520/1520 1521/1521/1521
f 1522/1522/1522 1523/1523/1523 1524/1524/1524
f 1525/1525/1525 1526/1526/1526 1527/1527/1527
f 1528/1528/1528 1529/1529/1529 1530/1530/1530
f 1531/1531/1531 1532/1532/1532 1533/1533/1533
f 1534/1534/1534 1535/1535/1535 1536/1536/1536
f 1537/1537/1537 1538/1538/1538 1539/1539/1539
f 1540/1540/1540 1541/1541/1541 1542/1542/1542
f 1543/1543/1543 1544/1544/1544 1545/1545/1545
f 1546/1546/1546 1547/1547/1547 1548/1548/1548
f 1549/1549/1549 1550/1550/1550 1551/1551/1551
f 1552/1552/1552 1553/1553/1553 1554/1554/1554
f 1555/1555/1555 1556/1556/1556 1557/1557/1557
f 1558/1558/1558 1559/1559/1559 1560/1560/1560
f 1561/1561/1561 1562/1562/1562 1563/1563/1563
f 1564/1564/1564 1565/1565/1565 1566/1566/1566
f 1567/1567/1567 1568/1568/1568 1569/1569/1569
f 1570/1570/1570 1571/1571/1571 1572/1572/1572
f 1573/1573/1573 1574/1574/1574 1575/1575/1575
f 1576/1576/1576 1577/1577/1577 1578/1578/1578
f 1579/1579/1579 1580/1580/1580 1581/1581/1581
f 1582/1582/1582 1583/1583/1583 1584/1584/1584
f 1585/1585/1585 1586/1586/1586 1587/1587/1587
f 1588/1588/1588 1589/1589/1589 1590/1590/1590
f 1591/1591/1591 1592/1592/1592 1593/1593/1593
f 1594/1594/1594 1595/1595/1595 1596/1596/1596
f 1597/1597/1597 1598/1598/1598 1599/1599/1599
f 1600/1600/1600 1601/1601/1601 1602/1602/1602
f 1603/1603/1603 1604/1604/1604 1605/1605/1605
f 1606/1606/1606 1607/1607/1607 1608/1608/1608
f 1609/1609/1609 1610/1610/1610 1611/1611/1611
f 1612/1612/1612 1613/1613/1613 1614/1614/1614
f 1615/1615/1615 1616/1616/1616 1617/1617/1617
f 1618/1618/1618 1619/1619/1619 1620/1620/1620
f 1621/1621/1621 1622/1622/1622 1623/1623/1623
f 1624/1624/1624 1625/1625/1625 1626/1626/1626
f 1627/1627/1627 1628/1628/1628 1629/1629/1629
f 1630/1630/1630 1631/1631/1631 1632/1632/1632
f 1633/1633/1633 1634/1634/1634 1635/1635/1635
f 1636/1636/1636 1637/1637/1637 1638/1638/1638
f 1639/1639/1639 1640/1640/1640 1641/1641/1641
f 1642/1642/1642 1643/1643/1643 1644/1644/1644
f 1645/1645/1645 1646/1646/1646 1647/1647/1647
f 1648/1648/1648 1649/1649/1649 1650/1650/1650
f 1651/1651/1651 1652/1652/1652 1653/1653/1653
f 1654/1654/1654 1655/1655/1655 1656/1656/1656
f 1657/1657/1657 1658/1658/1658 1659/1659/1659
f 1660/1660/1660 1661/1661/1661 1662/1662/1662
f 1663/1663/1663 1664/1664/1664 1665/1665/1665
f 1666/1666/1666 1667/1667/1667 1668/1668/1668
f 1669/1669/1669 1670/1670/1670 1671/1671/1671
f 1672/1672/1672 1673/1673/1673 1674/1674/1674
f 1675/1675/1675 1676/1676/1676 1677/1677/1677
f 1678/1678/1678 1679/1679/1679 1680/1680/1680
f 1681/1681/1681 1682/1682/1682 1683/1683/1683
f 1684/1684/1684 1685/1685/1685 1686/1686/1686
f 1687/1687/1687 1688/1688/1688 1689/1689/1689
f 1690/1690/1690 1691/1691/1691 1692/1692/1692
f 1693/1693/1693 1694/1694/1694 1695/1695/1695
f 1696/1696/1696 1697/1697/1697 1698/1698/1698
f 1699/1699/1699 1700/1700/1700 1701/1701/1701
f 1702/1702/1702 1703/1703/1703 1704/1704/1704
f 1705/1705/1705 1706/1706/1706 1707/1707/1707
f 1708/1708/1708 1709/1709/1709 1710/1710/1710
f 1711/1711/1711 1712/1712/1712 1713/1713/1713
f 1714/1714/1714 1715/1715/1715 1716/1716/1716
f 1717/1717/1717 1718/1718/1718 1719/1719/1719
f 1720/1720/1720 1721/1721/1721 1722/1722/1722
f 1723/1723/1723 1724/1724/1724 1725/1725/1725
f 1726/1726/1726 1727/1727/1727 1728/1728/1728
f 1729/1729/1729 1730/1730/1730 1731/1731/1731
f 1732/1732/1732 1733/1733/1733 1734/1734/1734
f 1735/1735/1735 1736/1736/1736 1737/1737/1737
f 1738/1738/1738 1739/1739/1739 1740/1740/1740
f 1741/1741/1741 1742/1742/1742 1743/1743/1743
f 1744/1744/1744 1745/1745/1745 1746/1746/1746
f 1747/1747/1747 1748/1748/1748 1749/1749/1749
f 1750/1750/1750 1751/1751/1751 1752/1752/1752
f 1753/1753/1753 1754/1754/1754 1755/1755/1755
f 1756/1756/1756 1757/1757/1757 1758/1758/1758
f 1759/1759/1759 1760/1760/1760 1761/1761/1761
f 1762/1762/1762 1763/1763/1763 1764/1764/1764
f 1765/1765/1765 1766/1766/1766 1767/1767/1767
f 1768/1768/1768 1769/1769/1769 1770/1770/1770
f 1771/1771/1771 1772/1772/1772 1773/1773/1773
f 1774/1774/1774 1775/1775/1775 1776/1776/1776
f 1777/1777/1777 1778/1778/1778 1779/1779/1779
f 1780/1780/1780 1781/1781/1781 1782/1782/1782
f 1783/1783/1783 1784/1784/1784 1785/1785/1785
f 1786/1786/1786 1787/1787/1787 1788/1788/1788
f 1789/1789/1789 1790/1790/1790 1791/1791/1791
f 1792/1792/1792 1793/1793/1793 1794/1794/1794
f 1795/1795/1795 1796/1796/1796 1797/1797/1797
f 1798/1798/1798 1799/1799/1799 1800/1800/1800
f 1801/1801/1801 1802/1802/1802 1803/1803/1803
f 1804/1804/1804 1805/1805/1805 1806/1806/1806
f 1807/1807/1807 1808/1808/1808 1809/1809/1809
f 1810/1810/1810 1811/1811/1811 1812/1812/1812
f 1813/1813/1813 1814/1814/1814 1815/1815/1815
f 1816/1816/1816 1817/1817/1817 1818/1818/1818
f 1819/1819/1819 1820/1820/1820 1821/1821/1821
f 1822/1822/1822 1823/1823/1823 1824/1824/1824
f 1825/1825/1825 1826/1826/1826 1827/1827/1827
f 1828/1828/1828 1829/1829/1829 1830/1830/1830
f 1831/1831/1831 1832/1832/1832 1833/1833/1833
f 1834/1834/1834 1835/1835/1835 1836/1836/1836
f 1837/1837/1837 1838/1838/1838 1839/1839/1839
f 1840/1840/1840 1841/1841/1841 1842/1842/1842
f 1843/1843/1843 1844/1844/1844 1845/1845/1845
f 1846/1846/1846 1847/1847/1847 1848/1848/1848
f 1849/1849/1849 1850/1850/1850 1851/1851/1851
f 1852/1852/1852 1853/1853/1853 1854/1854/1854
f 1855/1855/1855 1856/1856/1856 1857/1857/1857
f 1858/1858/1858 1859/1859/1859 1860/1860/1860
f 1861/1861/1861 1862/1862/1862 1863/1863/1863
f 1864/1864/1864 1865/1865/1865 1866/1866/1866
f 1867/1867/1867 1868/1868/1868 1869/1869/1869
f 1870/1870/1870 1871/1871/1871 1872/1872/1872
f 1873/1873/1873 1874/1874/1874 1875/1875/1875
f 1876/1876/1876 1877/1877/1877 1878/1878/1878
f 1879/1879/1879 1880/1880/1880 1881/1881/1881
f 1882/1882/1882 1883/1883/1883 1884/1884/1884
f 1885/1885/1885 1886/1886/1886 1887/1887/1887
f 1888/1888/1888 1889/1889/1889 1890/1890/1890
f 1891/1891/1891 1892/1892/1892 1893/1893/1893
f 1894/1894/1894 1895/1895/1895 1896/1896/1896
f 1897/1897/1897 1898/1898/1898 1899/1899/1899
f 1900/1900/1900 1901/1901/1901 1902/1902/1902
f 1903/1903/1903 1904/1904/1904 1905/1905/1905
f 1906/1906/1906 1907/1907/1907 1908/1908/1908
f 1909/1909/1909 1910/1910/1910 1911/1911/1911
f 1912/1912/1912 1913/1913/1913 1914/1914/1914
f 1915/1915/1915 1916/1916/1916 1917/1917/1917
f 1918/1918/1918 1919/1919/1919 1920/1920/1920
f 1921/1921/1921 1922/1922/1922 1923/1923/1923
f 1924/1924/1924 1925/1925/1925 1926/1926/1926
f 1927/1927/1927 1928/1928/1928 1929/1929/1929
f 1930/1930/1930 1931/1931/1931 1932/1932/1932
f 1933/1933/1933 1934/1934/1934 1935/1935/1935
f 1936/1936/1936 1937/1937/1937 1938/1938/1938
f 1939/1939/1939 1940/1940/1940 1941/1941/1941
f 1942/1942/1942 1943/1943/1943 1944/1944/1944
f 1945/1945/1945 1946/1946/1946 1947/1947/1947
f 1948/1948/1948 1949/1949/1949 1950/1950/1950
f 1951/1951/1951 1952/1952/1952 1953/1953/1953
f 1954/1954/1954 1955/1955/1955 1956/1956/1956
f 1957/1957/1957 1958/1958/1958 1959/1959/1959
f 1960/1960/1960 1961/1961/1961 1962/1962/1962
f 1963/1963/1963 1964/1964/1964 1965/1965/1965
f 1966/1966/1966 1967/1967/1967 1968/1968/1968
f 1969/1969/1969 1970/1970/1970 1971/1971/1971
f 1972/1972/1972 1973/1973/1973 1974/1974/1974
f 1975/1975/1975 1976/1976/1976 1977/1977/1977
f 1978/1978/1978 1979/1979/1979 1980/1980/1980
f 1981/1981/1981 1982/1982/1982 1983/1983/1983
f 1984/1984/1984 1985/1985/1985 1986/1986/1986
f 1987/1987/1987 1988/1988/1988 1989/1989/1989
f 1990/1990/1990 1991/1991/1991 1992/1992/1992
f 1993/1993/1993 1994/1994/1994 1995/1995/1995
f 1996/1996/1996 1997/1997/1997 1998/1998/1998
f 1999/1999/1999 2000/2000/2000 2001/2001/2001
f 2002/2002/2002 2003/2003/2003 2004/2004/2004
f 2005/2005/2005 2006/2006/2006 2007/2007/2007
f 2008/2008/2008 2009/2009/2009 2010/2010/2010
f 2011/2011/2011 2012/2012/2012 2013/2013/2013
f 2014/2014/2014 2015/2015/2015 2016/2016/2016
f 2017/2017/2017 2018/2018/2018 2019/2019/2019
f 2020/2020/2020 2021/2021/2021 2022/2022/2022
